ISO-10303-21;
HEADER;
/* Generated by software containing ST-Developer
 * from STEP Tools, Inc. (www.steptools.com) 
 */
/* OPTION: using custom renumber hook */

FILE_DESCRIPTION(
/* description */ ('STEP AP242',
'CAx-IF Rec.Pracs.---Representation and Presentation of Product Manufa
cturing Information (PMI)---4.0---2014-10-13',
'CAx-IF Rec.Pracs.---3D Tessellated Geometry---0.4---2014-09-14','2;1'),

/* implementation_level */ '2;1');

FILE_NAME(
/* name */ '66602b965da6fb4d0e9cfc76',
/* time_stamp */ '2024-06-05T09:10:47Z',
/* author */ (''),
/* organization */ (''),
/* preprocessor_version */ 'ST-DEVELOPER v20',
/* originating_system */ '  ',
/* authorisation */ '  ');

FILE_SCHEMA (('AP242_MANAGED_MODEL_BASED_3D_ENGINEERING_MIM_LF { 1 0 10303 442 1 1 4 }'));
ENDSEC;

DATA;
#10=SHAPE_REPRESENTATION_RELATIONSHIP('','',#3013,#11);
#11=ADVANCED_BREP_SHAPE_REPRESENTATION('',(#3011),#5375);
#12=PLANE('',#3018);
#13=PLANE('',#3123);
#14=PLANE('',#3126);
#15=PLANE('',#3129);
#16=PLANE('',#3132);
#17=PLANE('',#3135);
#18=PLANE('',#3138);
#19=PLANE('',#3141);
#20=PLANE('',#3144);
#21=PLANE('',#3147);
#22=PLANE('',#3150);
#23=PLANE('',#3153);
#24=PLANE('',#3156);
#25=PLANE('',#3159);
#26=PLANE('',#3162);
#27=PLANE('',#3165);
#28=PLANE('',#3168);
#29=PLANE('',#3171);
#30=PLANE('',#3174);
#31=PLANE('',#3177);
#32=PLANE('',#3180);
#33=PLANE('',#3183);
#34=PLANE('',#3186);
#35=PLANE('',#3189);
#36=PLANE('',#3192);
#37=PLANE('',#3195);
#38=PLANE('',#3198);
#39=PLANE('',#3201);
#40=PLANE('',#3204);
#41=PLANE('',#3207);
#42=PLANE('',#3208);
#43=PLANE('',#3211);
#44=PLANE('',#3214);
#45=PLANE('',#3215);
#46=PLANE('',#3218);
#47=PLANE('',#3221);
#48=PLANE('',#3224);
#49=PLANE('',#3227);
#50=PLANE('',#3230);
#51=PLANE('',#3233);
#52=PLANE('',#3236);
#53=PLANE('',#3239);
#54=PLANE('',#3242);
#55=PLANE('',#3245);
#56=PLANE('',#3248);
#57=PLANE('',#3251);
#58=PLANE('',#3254);
#59=PLANE('',#3257);
#60=PLANE('',#3260);
#61=PLANE('',#3263);
#62=PLANE('',#3266);
#63=PLANE('',#3269);
#64=PLANE('',#3272);
#65=PLANE('',#3275);
#66=PLANE('',#3278);
#67=PLANE('',#3281);
#68=PLANE('',#3284);
#69=PLANE('',#3287);
#70=PLANE('',#3290);
#71=PLANE('',#3293);
#72=PLANE('',#3296);
#73=PLANE('',#3299);
#74=PLANE('',#3302);
#75=PLANE('',#3305);
#76=PLANE('',#3308);
#77=PLANE('',#3311);
#78=PLANE('',#3314);
#79=PLANE('',#3317);
#80=PLANE('',#3320);
#81=PLANE('',#3323);
#82=PLANE('',#3326);
#83=PLANE('',#3329);
#84=PLANE('',#3332);
#85=PLANE('',#3335);
#86=PLANE('',#3338);
#87=PLANE('',#3341);
#88=PLANE('',#3344);
#89=PLANE('',#3347);
#90=PLANE('',#3350);
#91=PLANE('',#3353);
#92=PLANE('',#3356);
#93=PLANE('',#3359);
#94=PLANE('',#3362);
#95=PLANE('',#3365);
#96=PLANE('',#3368);
#97=PLANE('',#3371);
#98=PLANE('',#3374);
#99=PLANE('',#3377);
#100=PLANE('',#3380);
#101=PLANE('',#3383);
#102=PLANE('',#3386);
#103=PLANE('',#3389);
#104=PLANE('',#3390);
#105=PLANE('',#3393);
#106=PLANE('',#3394);
#107=PLANE('',#3395);
#108=PLANE('',#3398);
#109=PLANE('',#3407);
#110=PLANE('',#3416);
#111=PLANE('',#3423);
#112=PLANE('',#3436);
#113=PLANE('',#3440);
#114=PLANE('',#3441);
#115=PLANE('',#3442);
#116=PLANE('',#3452);
#117=PLANE('',#3457);
#118=PLANE('',#3465);
#119=PLANE('',#3466);
#120=PLANE('',#3472);
#121=PLANE('',#3473);
#122=PLANE('',#3476);
#123=PLANE('',#3479);
#124=PLANE('',#3482);
#125=PLANE('',#3485);
#126=PLANE('',#3488);
#127=LINE('',#4534,#217);
#128=LINE('',#4538,#218);
#129=LINE('',#4546,#219);
#130=LINE('',#4550,#220);
#131=LINE('',#4554,#221);
#132=LINE('',#4560,#222);
#133=LINE('',#4570,#223);
#134=LINE('',#4574,#224);
#135=LINE('',#4576,#225);
#136=LINE('',#4578,#226);
#137=LINE('',#4586,#227);
#138=LINE('',#4714,#228);
#139=LINE('',#4718,#229);
#140=LINE('',#4760,#230);
#141=LINE('',#4764,#231);
#142=LINE('',#4881,#232);
#143=LINE('',#4882,#233);
#144=LINE('',#4884,#234);
#145=LINE('',#4886,#235);
#146=LINE('',#4890,#236);
#147=LINE('',#4892,#237);
#148=LINE('',#4898,#238);
#149=LINE('',#4899,#239);
#150=LINE('',#4901,#240);
#151=LINE('',#4903,#241);
#152=LINE('',#4907,#242);
#153=LINE('',#4909,#243);
#154=LINE('',#5144,#244);
#155=LINE('',#5146,#245);
#156=LINE('',#5148,#246);
#157=LINE('',#5150,#247);
#158=LINE('',#5154,#248);
#159=LINE('',#5156,#249);
#160=LINE('',#5158,#250);
#161=LINE('',#5160,#251);
#162=LINE('',#5162,#252);
#163=LINE('',#5164,#253);
#164=LINE('',#5166,#254);
#165=LINE('',#5168,#255);
#166=LINE('',#5172,#256);
#167=LINE('',#5174,#257);
#168=LINE('',#5176,#258);
#169=LINE('',#5182,#259);
#170=LINE('',#5184,#260);
#171=LINE('',#5188,#261);
#172=LINE('',#5192,#262);
#173=LINE('',#5194,#263);
#174=LINE('',#5196,#264);
#175=LINE('',#5200,#265);
#176=LINE('',#5207,#266);
#177=LINE('',#5208,#267);
#178=LINE('',#5212,#268);
#179=LINE('',#5216,#269);
#180=LINE('',#5218,#270);
#181=LINE('',#5220,#271);
#182=LINE('',#5222,#272);
#183=LINE('',#5226,#273);
#184=LINE('',#5232,#274);
#185=LINE('',#5236,#275);
#186=LINE('',#5238,#276);
#187=LINE('',#5240,#277);
#188=LINE('',#5244,#278);
#189=LINE('',#5250,#279);
#190=LINE('',#5256,#280);
#191=LINE('',#5262,#281);
#192=LINE('',#5266,#282);
#193=LINE('',#5268,#283);
#194=LINE('',#5270,#284);
#195=LINE('',#5274,#285);
#196=LINE('',#5278,#286);
#197=LINE('',#5280,#287);
#198=LINE('',#5282,#288);
#199=LINE('',#5284,#289);
#200=LINE('',#5286,#290);
#201=LINE('',#5288,#291);
#202=LINE('',#5290,#292);
#203=LINE('',#5292,#293);
#204=LINE('',#5294,#294);
#205=LINE('',#5298,#295);
#206=LINE('',#5304,#296);
#207=LINE('',#5310,#297);
#208=LINE('',#5314,#298);
#209=LINE('',#5316,#299);
#210=LINE('',#5318,#300);
#211=LINE('',#5320,#301);
#212=LINE('',#5326,#302);
#213=LINE('',#5328,#303);
#214=LINE('',#5330,#304);
#215=LINE('',#5339,#305);
#216=LINE('',#5340,#306);
#217=VECTOR('',#3495,1.);
#218=VECTOR('',#3498,1.);
#219=VECTOR('',#3507,1.);
#220=VECTOR('',#3510,1.);
#221=VECTOR('',#3513,1.);
#222=VECTOR('',#3518,1.);
#223=VECTOR('',#3527,1.);
#224=VECTOR('',#3530,1.);
#225=VECTOR('',#3531,1.);
#226=VECTOR('',#3532,1.);
#227=VECTOR('',#3539,1.);
#228=VECTOR('',#3666,1.);
#229=VECTOR('',#3669,1.);
#230=VECTOR('',#3710,1.);
#231=VECTOR('',#3713,1.);
#232=VECTOR('',#3884,1.);
#233=VECTOR('',#3885,1.);
#234=VECTOR('',#3888,1.);
#235=VECTOR('',#3889,1.);
#236=VECTOR('',#3894,1.);
#237=VECTOR('',#3897,1.);
#238=VECTOR('',#3904,1.);
#239=VECTOR('',#3905,1.);
#240=VECTOR('',#3908,1.);
#241=VECTOR('',#3909,1.);
#242=VECTOR('',#3914,1.);
#243=VECTOR('',#3917,1.);
#244=VECTOR('',#4270,1.);
#245=VECTOR('',#4271,1.);
#246=VECTOR('',#4272,1.);
#247=VECTOR('',#4275,1.);
#248=VECTOR('',#4278,1.);
#249=VECTOR('',#4281,1.);
#250=VECTOR('',#4282,1.);
#251=VECTOR('',#4285,1.);
#252=VECTOR('',#4286,1.);
#253=VECTOR('',#4289,1.);
#254=VECTOR('',#4290,1.);
#255=VECTOR('',#4293,1.);
#256=VECTOR('',#4298,1.);
#257=VECTOR('',#4299,1.);
#258=VECTOR('',#4302,1.);
#259=VECTOR('',#4309,1.);
#260=VECTOR('',#4312,1.);
#261=VECTOR('',#4317,1.);
#262=VECTOR('',#4322,1.);
#263=VECTOR('',#4323,1.);
#264=VECTOR('',#4326,1.);
#265=VECTOR('',#4331,1.);
#266=VECTOR('',#4338,1.);
#267=VECTOR('',#4339,1.);
#268=VECTOR('',#4342,1.);
#269=VECTOR('',#4345,1.);
#270=VECTOR('',#4348,1.);
#271=VECTOR('',#4349,1.);
#272=VECTOR('',#4350,1.);
#273=VECTOR('',#4355,1.);
#274=VECTOR('',#4362,1.);
#275=VECTOR('',#4367,1.);
#276=VECTOR('',#4368,1.);
#277=VECTOR('',#4369,1.);
#278=VECTOR('',#4374,1.);
#279=VECTOR('',#4381,1.);
#280=VECTOR('',#4388,1.);
#281=VECTOR('',#4395,1.);
#282=VECTOR('',#4400,1.);
#283=VECTOR('',#4401,1.);
#284=VECTOR('',#4402,1.);
#285=VECTOR('',#4407,1.);
#286=VECTOR('',#4412,1.);
#287=VECTOR('',#4413,1.);
#288=VECTOR('',#4414,1.);
#289=VECTOR('',#4417,1.);
#290=VECTOR('',#4418,1.);
#291=VECTOR('',#4419,1.);
#292=VECTOR('',#4422,1.);
#293=VECTOR('',#4423,1.);
#294=VECTOR('',#4424,1.);
#295=VECTOR('',#4429,1.);
#296=VECTOR('',#4436,1.);
#297=VECTOR('',#4443,1.);
#298=VECTOR('',#4448,1.);
#299=VECTOR('',#4449,1.);
#300=VECTOR('',#4450,1.);
#301=VECTOR('',#4453,1.);
#302=VECTOR('',#4462,1.);
#303=VECTOR('',#4463,1.);
#304=VECTOR('',#4466,1.);
#305=VECTOR('',#4481,1.);
#306=VECTOR('',#4482,1.);
#307=ORIENTED_EDGE('',*,*,#967,.T.);
#308=ORIENTED_EDGE('',*,*,#968,.T.);
#309=ORIENTED_EDGE('',*,*,#969,.F.);
#310=ORIENTED_EDGE('',*,*,#970,.F.);
#311=ORIENTED_EDGE('',*,*,#971,.F.);
#312=ORIENTED_EDGE('',*,*,#972,.F.);
#313=ORIENTED_EDGE('',*,*,#973,.F.);
#314=ORIENTED_EDGE('',*,*,#969,.T.);
#315=ORIENTED_EDGE('',*,*,#974,.T.);
#316=ORIENTED_EDGE('',*,*,#975,.T.);
#317=ORIENTED_EDGE('',*,*,#976,.F.);
#318=ORIENTED_EDGE('',*,*,#977,.T.);
#319=ORIENTED_EDGE('',*,*,#978,.T.);
#320=ORIENTED_EDGE('',*,*,#979,.T.);
#321=ORIENTED_EDGE('',*,*,#980,.T.);
#322=ORIENTED_EDGE('',*,*,#981,.T.);
#323=ORIENTED_EDGE('',*,*,#982,.T.);
#324=ORIENTED_EDGE('',*,*,#983,.F.);
#325=ORIENTED_EDGE('',*,*,#984,.F.);
#326=ORIENTED_EDGE('',*,*,#985,.T.);
#327=ORIENTED_EDGE('',*,*,#986,.T.);
#328=ORIENTED_EDGE('',*,*,#987,.T.);
#329=ORIENTED_EDGE('',*,*,#988,.T.);
#330=ORIENTED_EDGE('',*,*,#989,.T.);
#331=ORIENTED_EDGE('',*,*,#990,.T.);
#332=ORIENTED_EDGE('',*,*,#991,.T.);
#333=ORIENTED_EDGE('',*,*,#992,.F.);
#334=ORIENTED_EDGE('',*,*,#993,.F.);
#335=ORIENTED_EDGE('',*,*,#994,.T.);
#336=ORIENTED_EDGE('',*,*,#995,.T.);
#337=ORIENTED_EDGE('',*,*,#996,.F.);
#338=ORIENTED_EDGE('',*,*,#997,.F.);
#339=ORIENTED_EDGE('',*,*,#998,.F.);
#340=ORIENTED_EDGE('',*,*,#999,.F.);
#341=ORIENTED_EDGE('',*,*,#1000,.F.);
#342=ORIENTED_EDGE('',*,*,#1001,.F.);
#343=ORIENTED_EDGE('',*,*,#1002,.F.);
#344=ORIENTED_EDGE('',*,*,#1003,.F.);
#345=ORIENTED_EDGE('',*,*,#1004,.F.);
#346=ORIENTED_EDGE('',*,*,#1005,.F.);
#347=ORIENTED_EDGE('',*,*,#1006,.F.);
#348=ORIENTED_EDGE('',*,*,#1007,.F.);
#349=ORIENTED_EDGE('',*,*,#1008,.F.);
#350=ORIENTED_EDGE('',*,*,#1009,.F.);
#351=ORIENTED_EDGE('',*,*,#1010,.F.);
#352=ORIENTED_EDGE('',*,*,#1011,.F.);
#353=ORIENTED_EDGE('',*,*,#1012,.F.);
#354=ORIENTED_EDGE('',*,*,#1013,.F.);
#355=ORIENTED_EDGE('',*,*,#1014,.F.);
#356=ORIENTED_EDGE('',*,*,#1015,.F.);
#357=ORIENTED_EDGE('',*,*,#1016,.F.);
#358=ORIENTED_EDGE('',*,*,#1017,.F.);
#359=ORIENTED_EDGE('',*,*,#1018,.F.);
#360=ORIENTED_EDGE('',*,*,#1019,.F.);
#361=ORIENTED_EDGE('',*,*,#1020,.F.);
#362=ORIENTED_EDGE('',*,*,#1021,.F.);
#363=ORIENTED_EDGE('',*,*,#1022,.F.);
#364=ORIENTED_EDGE('',*,*,#1023,.F.);
#365=ORIENTED_EDGE('',*,*,#1024,.F.);
#366=ORIENTED_EDGE('',*,*,#1025,.F.);
#367=ORIENTED_EDGE('',*,*,#1026,.F.);
#368=ORIENTED_EDGE('',*,*,#1027,.F.);
#369=ORIENTED_EDGE('',*,*,#1028,.F.);
#370=ORIENTED_EDGE('',*,*,#1029,.F.);
#371=ORIENTED_EDGE('',*,*,#1030,.F.);
#372=ORIENTED_EDGE('',*,*,#1031,.F.);
#373=ORIENTED_EDGE('',*,*,#1032,.F.);
#374=ORIENTED_EDGE('',*,*,#1033,.F.);
#375=ORIENTED_EDGE('',*,*,#1034,.F.);
#376=ORIENTED_EDGE('',*,*,#1035,.F.);
#377=ORIENTED_EDGE('',*,*,#1036,.F.);
#378=ORIENTED_EDGE('',*,*,#1037,.F.);
#379=ORIENTED_EDGE('',*,*,#1038,.F.);
#380=ORIENTED_EDGE('',*,*,#1039,.F.);
#381=ORIENTED_EDGE('',*,*,#1040,.F.);
#382=ORIENTED_EDGE('',*,*,#1041,.F.);
#383=ORIENTED_EDGE('',*,*,#1042,.F.);
#384=ORIENTED_EDGE('',*,*,#1043,.F.);
#385=ORIENTED_EDGE('',*,*,#1044,.F.);
#386=ORIENTED_EDGE('',*,*,#1045,.F.);
#387=ORIENTED_EDGE('',*,*,#1046,.F.);
#388=ORIENTED_EDGE('',*,*,#1047,.F.);
#389=ORIENTED_EDGE('',*,*,#1048,.F.);
#390=ORIENTED_EDGE('',*,*,#1049,.F.);
#391=ORIENTED_EDGE('',*,*,#1050,.F.);
#392=ORIENTED_EDGE('',*,*,#1051,.F.);
#393=ORIENTED_EDGE('',*,*,#1052,.F.);
#394=ORIENTED_EDGE('',*,*,#1053,.F.);
#395=ORIENTED_EDGE('',*,*,#1054,.F.);
#396=ORIENTED_EDGE('',*,*,#1055,.F.);
#397=ORIENTED_EDGE('',*,*,#1056,.F.);
#398=ORIENTED_EDGE('',*,*,#1057,.T.);
#399=ORIENTED_EDGE('',*,*,#1058,.F.);
#400=ORIENTED_EDGE('',*,*,#1059,.F.);
#401=ORIENTED_EDGE('',*,*,#1060,.F.);
#402=ORIENTED_EDGE('',*,*,#1061,.F.);
#403=ORIENTED_EDGE('',*,*,#1062,.F.);
#404=ORIENTED_EDGE('',*,*,#1063,.F.);
#405=ORIENTED_EDGE('',*,*,#1064,.F.);
#406=ORIENTED_EDGE('',*,*,#1065,.F.);
#407=ORIENTED_EDGE('',*,*,#1066,.F.);
#408=ORIENTED_EDGE('',*,*,#1067,.F.);
#409=ORIENTED_EDGE('',*,*,#1068,.F.);
#410=ORIENTED_EDGE('',*,*,#1069,.F.);
#411=ORIENTED_EDGE('',*,*,#1070,.F.);
#412=ORIENTED_EDGE('',*,*,#1071,.F.);
#413=ORIENTED_EDGE('',*,*,#1072,.F.);
#414=ORIENTED_EDGE('',*,*,#1073,.F.);
#415=ORIENTED_EDGE('',*,*,#1074,.F.);
#416=ORIENTED_EDGE('',*,*,#1075,.F.);
#417=ORIENTED_EDGE('',*,*,#1076,.F.);
#418=ORIENTED_EDGE('',*,*,#1077,.F.);
#419=ORIENTED_EDGE('',*,*,#1078,.F.);
#420=ORIENTED_EDGE('',*,*,#1079,.F.);
#421=ORIENTED_EDGE('',*,*,#1080,.T.);
#422=ORIENTED_EDGE('',*,*,#1081,.F.);
#423=ORIENTED_EDGE('',*,*,#1082,.F.);
#424=ORIENTED_EDGE('',*,*,#1083,.F.);
#425=ORIENTED_EDGE('',*,*,#1084,.F.);
#426=ORIENTED_EDGE('',*,*,#1085,.F.);
#427=ORIENTED_EDGE('',*,*,#1079,.T.);
#428=ORIENTED_EDGE('',*,*,#1086,.F.);
#429=ORIENTED_EDGE('',*,*,#1086,.T.);
#430=ORIENTED_EDGE('',*,*,#1078,.T.);
#431=ORIENTED_EDGE('',*,*,#1087,.F.);
#432=ORIENTED_EDGE('',*,*,#1087,.T.);
#433=ORIENTED_EDGE('',*,*,#1077,.T.);
#434=ORIENTED_EDGE('',*,*,#1088,.F.);
#435=ORIENTED_EDGE('',*,*,#1088,.T.);
#436=ORIENTED_EDGE('',*,*,#1076,.T.);
#437=ORIENTED_EDGE('',*,*,#1089,.F.);
#438=ORIENTED_EDGE('',*,*,#1089,.T.);
#439=ORIENTED_EDGE('',*,*,#1075,.T.);
#440=ORIENTED_EDGE('',*,*,#1090,.F.);
#441=ORIENTED_EDGE('',*,*,#1090,.T.);
#442=ORIENTED_EDGE('',*,*,#1084,.T.);
#443=ORIENTED_EDGE('',*,*,#1091,.F.);
#444=ORIENTED_EDGE('',*,*,#1091,.T.);
#445=ORIENTED_EDGE('',*,*,#996,.T.);
#446=ORIENTED_EDGE('',*,*,#1092,.F.);
#447=ORIENTED_EDGE('',*,*,#1092,.T.);
#448=ORIENTED_EDGE('',*,*,#1074,.T.);
#449=ORIENTED_EDGE('',*,*,#1093,.F.);
#450=ORIENTED_EDGE('',*,*,#1093,.T.);
#451=ORIENTED_EDGE('',*,*,#1073,.T.);
#452=ORIENTED_EDGE('',*,*,#1094,.F.);
#453=ORIENTED_EDGE('',*,*,#1094,.T.);
#454=ORIENTED_EDGE('',*,*,#1072,.T.);
#455=ORIENTED_EDGE('',*,*,#1095,.F.);
#456=ORIENTED_EDGE('',*,*,#1095,.T.);
#457=ORIENTED_EDGE('',*,*,#1071,.T.);
#458=ORIENTED_EDGE('',*,*,#1096,.F.);
#459=ORIENTED_EDGE('',*,*,#1096,.T.);
#460=ORIENTED_EDGE('',*,*,#1070,.T.);
#461=ORIENTED_EDGE('',*,*,#1097,.F.);
#462=ORIENTED_EDGE('',*,*,#1097,.T.);
#463=ORIENTED_EDGE('',*,*,#1069,.T.);
#464=ORIENTED_EDGE('',*,*,#1098,.F.);
#465=ORIENTED_EDGE('',*,*,#1098,.T.);
#466=ORIENTED_EDGE('',*,*,#1068,.T.);
#467=ORIENTED_EDGE('',*,*,#1099,.F.);
#468=ORIENTED_EDGE('',*,*,#1099,.T.);
#469=ORIENTED_EDGE('',*,*,#973,.T.);
#470=ORIENTED_EDGE('',*,*,#1100,.F.);
#471=ORIENTED_EDGE('',*,*,#1100,.T.);
#472=ORIENTED_EDGE('',*,*,#1067,.T.);
#473=ORIENTED_EDGE('',*,*,#1101,.F.);
#474=ORIENTED_EDGE('',*,*,#1101,.T.);
#475=ORIENTED_EDGE('',*,*,#1066,.T.);
#476=ORIENTED_EDGE('',*,*,#1102,.F.);
#477=ORIENTED_EDGE('',*,*,#1102,.T.);
#478=ORIENTED_EDGE('',*,*,#1065,.T.);
#479=ORIENTED_EDGE('',*,*,#1103,.F.);
#480=ORIENTED_EDGE('',*,*,#1103,.T.);
#481=ORIENTED_EDGE('',*,*,#1064,.T.);
#482=ORIENTED_EDGE('',*,*,#1104,.F.);
#483=ORIENTED_EDGE('',*,*,#1104,.T.);
#484=ORIENTED_EDGE('',*,*,#1063,.T.);
#485=ORIENTED_EDGE('',*,*,#1105,.F.);
#486=ORIENTED_EDGE('',*,*,#1105,.T.);
#487=ORIENTED_EDGE('',*,*,#971,.T.);
#488=ORIENTED_EDGE('',*,*,#1106,.F.);
#489=ORIENTED_EDGE('',*,*,#1106,.T.);
#490=ORIENTED_EDGE('',*,*,#1062,.T.);
#491=ORIENTED_EDGE('',*,*,#1107,.F.);
#492=ORIENTED_EDGE('',*,*,#1107,.T.);
#493=ORIENTED_EDGE('',*,*,#997,.T.);
#494=ORIENTED_EDGE('',*,*,#1108,.F.);
#495=ORIENTED_EDGE('',*,*,#1108,.T.);
#496=ORIENTED_EDGE('',*,*,#972,.T.);
#497=ORIENTED_EDGE('',*,*,#1109,.F.);
#498=ORIENTED_EDGE('',*,*,#1109,.T.);
#499=ORIENTED_EDGE('',*,*,#1085,.T.);
#500=ORIENTED_EDGE('',*,*,#1110,.F.);
#501=ORIENTED_EDGE('',*,*,#1110,.T.);
#502=ORIENTED_EDGE('',*,*,#998,.T.);
#503=ORIENTED_EDGE('',*,*,#1111,.F.);
#504=ORIENTED_EDGE('',*,*,#1111,.T.);
#505=ORIENTED_EDGE('',*,*,#1061,.T.);
#506=ORIENTED_EDGE('',*,*,#1112,.F.);
#507=ORIENTED_EDGE('',*,*,#1112,.T.);
#508=ORIENTED_EDGE('',*,*,#1113,.T.);
#509=ORIENTED_EDGE('',*,*,#1114,.F.);
#510=ORIENTED_EDGE('',*,*,#1057,.F.);
#511=ORIENTED_EDGE('',*,*,#1115,.T.);
#512=ORIENTED_EDGE('',*,*,#1116,.F.);
#513=ORIENTED_EDGE('',*,*,#1115,.F.);
#514=ORIENTED_EDGE('',*,*,#1060,.T.);
#515=ORIENTED_EDGE('',*,*,#1117,.T.);
#516=ORIENTED_EDGE('',*,*,#1118,.F.);
#517=ORIENTED_EDGE('',*,*,#1117,.F.);
#518=ORIENTED_EDGE('',*,*,#1059,.T.);
#519=ORIENTED_EDGE('',*,*,#1119,.T.);
#520=ORIENTED_EDGE('',*,*,#1120,.F.);
#521=ORIENTED_EDGE('',*,*,#1119,.F.);
#522=ORIENTED_EDGE('',*,*,#1058,.T.);
#523=ORIENTED_EDGE('',*,*,#1114,.T.);
#524=ORIENTED_EDGE('',*,*,#1113,.F.);
#525=ORIENTED_EDGE('',*,*,#1116,.T.);
#526=ORIENTED_EDGE('',*,*,#1118,.T.);
#527=ORIENTED_EDGE('',*,*,#1120,.T.);
#528=ORIENTED_EDGE('',*,*,#1121,.T.);
#529=ORIENTED_EDGE('',*,*,#1122,.F.);
#530=ORIENTED_EDGE('',*,*,#1080,.F.);
#531=ORIENTED_EDGE('',*,*,#1123,.T.);
#532=ORIENTED_EDGE('',*,*,#1124,.F.);
#533=ORIENTED_EDGE('',*,*,#1123,.F.);
#534=ORIENTED_EDGE('',*,*,#1083,.T.);
#535=ORIENTED_EDGE('',*,*,#1125,.T.);
#536=ORIENTED_EDGE('',*,*,#1126,.F.);
#537=ORIENTED_EDGE('',*,*,#1125,.F.);
#538=ORIENTED_EDGE('',*,*,#1082,.T.);
#539=ORIENTED_EDGE('',*,*,#1127,.T.);
#540=ORIENTED_EDGE('',*,*,#1128,.F.);
#541=ORIENTED_EDGE('',*,*,#1127,.F.);
#542=ORIENTED_EDGE('',*,*,#1081,.T.);
#543=ORIENTED_EDGE('',*,*,#1122,.T.);
#544=ORIENTED_EDGE('',*,*,#1121,.F.);
#545=ORIENTED_EDGE('',*,*,#1124,.T.);
#546=ORIENTED_EDGE('',*,*,#1126,.T.);
#547=ORIENTED_EDGE('',*,*,#1128,.T.);
#548=ORIENTED_EDGE('',*,*,#1056,.T.);
#549=ORIENTED_EDGE('',*,*,#1129,.F.);
#550=ORIENTED_EDGE('',*,*,#1129,.T.);
#551=ORIENTED_EDGE('',*,*,#1055,.T.);
#552=ORIENTED_EDGE('',*,*,#1130,.F.);
#553=ORIENTED_EDGE('',*,*,#1130,.T.);
#554=ORIENTED_EDGE('',*,*,#1054,.T.);
#555=ORIENTED_EDGE('',*,*,#1131,.F.);
#556=ORIENTED_EDGE('',*,*,#1131,.T.);
#557=ORIENTED_EDGE('',*,*,#1053,.T.);
#558=ORIENTED_EDGE('',*,*,#1132,.F.);
#559=ORIENTED_EDGE('',*,*,#1132,.T.);
#560=ORIENTED_EDGE('',*,*,#1052,.T.);
#561=ORIENTED_EDGE('',*,*,#1133,.F.);
#562=ORIENTED_EDGE('',*,*,#1133,.T.);
#563=ORIENTED_EDGE('',*,*,#1051,.T.);
#564=ORIENTED_EDGE('',*,*,#1134,.F.);
#565=ORIENTED_EDGE('',*,*,#1134,.T.);
#566=ORIENTED_EDGE('',*,*,#1050,.T.);
#567=ORIENTED_EDGE('',*,*,#1135,.F.);
#568=ORIENTED_EDGE('',*,*,#1135,.T.);
#569=ORIENTED_EDGE('',*,*,#1049,.T.);
#570=ORIENTED_EDGE('',*,*,#1136,.F.);
#571=ORIENTED_EDGE('',*,*,#1136,.T.);
#572=ORIENTED_EDGE('',*,*,#1048,.T.);
#573=ORIENTED_EDGE('',*,*,#1137,.F.);
#574=ORIENTED_EDGE('',*,*,#1137,.T.);
#575=ORIENTED_EDGE('',*,*,#1047,.T.);
#576=ORIENTED_EDGE('',*,*,#1138,.F.);
#577=ORIENTED_EDGE('',*,*,#1138,.T.);
#578=ORIENTED_EDGE('',*,*,#1046,.T.);
#579=ORIENTED_EDGE('',*,*,#1139,.F.);
#580=ORIENTED_EDGE('',*,*,#1139,.T.);
#581=ORIENTED_EDGE('',*,*,#1045,.T.);
#582=ORIENTED_EDGE('',*,*,#1140,.F.);
#583=ORIENTED_EDGE('',*,*,#1140,.T.);
#584=ORIENTED_EDGE('',*,*,#1044,.T.);
#585=ORIENTED_EDGE('',*,*,#1141,.F.);
#586=ORIENTED_EDGE('',*,*,#1141,.T.);
#587=ORIENTED_EDGE('',*,*,#1043,.T.);
#588=ORIENTED_EDGE('',*,*,#1142,.F.);
#589=ORIENTED_EDGE('',*,*,#1142,.T.);
#590=ORIENTED_EDGE('',*,*,#1042,.T.);
#591=ORIENTED_EDGE('',*,*,#1143,.F.);
#592=ORIENTED_EDGE('',*,*,#1143,.T.);
#593=ORIENTED_EDGE('',*,*,#1041,.T.);
#594=ORIENTED_EDGE('',*,*,#1144,.F.);
#595=ORIENTED_EDGE('',*,*,#1144,.T.);
#596=ORIENTED_EDGE('',*,*,#1040,.T.);
#597=ORIENTED_EDGE('',*,*,#1145,.F.);
#598=ORIENTED_EDGE('',*,*,#1145,.T.);
#599=ORIENTED_EDGE('',*,*,#1039,.T.);
#600=ORIENTED_EDGE('',*,*,#1146,.F.);
#601=ORIENTED_EDGE('',*,*,#1146,.T.);
#602=ORIENTED_EDGE('',*,*,#1038,.T.);
#603=ORIENTED_EDGE('',*,*,#1147,.F.);
#604=ORIENTED_EDGE('',*,*,#1147,.T.);
#605=ORIENTED_EDGE('',*,*,#1037,.T.);
#606=ORIENTED_EDGE('',*,*,#1148,.F.);
#607=ORIENTED_EDGE('',*,*,#1148,.T.);
#608=ORIENTED_EDGE('',*,*,#1036,.T.);
#609=ORIENTED_EDGE('',*,*,#1149,.F.);
#610=ORIENTED_EDGE('',*,*,#1149,.T.);
#611=ORIENTED_EDGE('',*,*,#1035,.T.);
#612=ORIENTED_EDGE('',*,*,#1150,.F.);
#613=ORIENTED_EDGE('',*,*,#1150,.T.);
#614=ORIENTED_EDGE('',*,*,#1034,.T.);
#615=ORIENTED_EDGE('',*,*,#1151,.F.);
#616=ORIENTED_EDGE('',*,*,#1151,.T.);
#617=ORIENTED_EDGE('',*,*,#1033,.T.);
#618=ORIENTED_EDGE('',*,*,#1152,.F.);
#619=ORIENTED_EDGE('',*,*,#1152,.T.);
#620=ORIENTED_EDGE('',*,*,#1032,.T.);
#621=ORIENTED_EDGE('',*,*,#1153,.F.);
#622=ORIENTED_EDGE('',*,*,#1153,.T.);
#623=ORIENTED_EDGE('',*,*,#1031,.T.);
#624=ORIENTED_EDGE('',*,*,#1154,.F.);
#625=ORIENTED_EDGE('',*,*,#1154,.T.);
#626=ORIENTED_EDGE('',*,*,#1030,.T.);
#627=ORIENTED_EDGE('',*,*,#1155,.F.);
#628=ORIENTED_EDGE('',*,*,#1155,.T.);
#629=ORIENTED_EDGE('',*,*,#1029,.T.);
#630=ORIENTED_EDGE('',*,*,#1156,.F.);
#631=ORIENTED_EDGE('',*,*,#1156,.T.);
#632=ORIENTED_EDGE('',*,*,#1028,.T.);
#633=ORIENTED_EDGE('',*,*,#1157,.F.);
#634=ORIENTED_EDGE('',*,*,#1157,.T.);
#635=ORIENTED_EDGE('',*,*,#1027,.T.);
#636=ORIENTED_EDGE('',*,*,#1158,.F.);
#637=ORIENTED_EDGE('',*,*,#1158,.T.);
#638=ORIENTED_EDGE('',*,*,#1026,.T.);
#639=ORIENTED_EDGE('',*,*,#1159,.F.);
#640=ORIENTED_EDGE('',*,*,#1159,.T.);
#641=ORIENTED_EDGE('',*,*,#1025,.T.);
#642=ORIENTED_EDGE('',*,*,#1160,.F.);
#643=ORIENTED_EDGE('',*,*,#1160,.T.);
#644=ORIENTED_EDGE('',*,*,#1024,.T.);
#645=ORIENTED_EDGE('',*,*,#1161,.F.);
#646=ORIENTED_EDGE('',*,*,#1161,.T.);
#647=ORIENTED_EDGE('',*,*,#1023,.T.);
#648=ORIENTED_EDGE('',*,*,#1162,.F.);
#649=ORIENTED_EDGE('',*,*,#1162,.T.);
#650=ORIENTED_EDGE('',*,*,#1022,.T.);
#651=ORIENTED_EDGE('',*,*,#1163,.F.);
#652=ORIENTED_EDGE('',*,*,#1163,.T.);
#653=ORIENTED_EDGE('',*,*,#1021,.T.);
#654=ORIENTED_EDGE('',*,*,#1164,.F.);
#655=ORIENTED_EDGE('',*,*,#1164,.T.);
#656=ORIENTED_EDGE('',*,*,#1020,.T.);
#657=ORIENTED_EDGE('',*,*,#1165,.F.);
#658=ORIENTED_EDGE('',*,*,#1165,.T.);
#659=ORIENTED_EDGE('',*,*,#1019,.T.);
#660=ORIENTED_EDGE('',*,*,#1166,.F.);
#661=ORIENTED_EDGE('',*,*,#1166,.T.);
#662=ORIENTED_EDGE('',*,*,#1018,.T.);
#663=ORIENTED_EDGE('',*,*,#1167,.F.);
#664=ORIENTED_EDGE('',*,*,#1167,.T.);
#665=ORIENTED_EDGE('',*,*,#1017,.T.);
#666=ORIENTED_EDGE('',*,*,#1168,.F.);
#667=ORIENTED_EDGE('',*,*,#1168,.T.);
#668=ORIENTED_EDGE('',*,*,#1016,.T.);
#669=ORIENTED_EDGE('',*,*,#1169,.F.);
#670=ORIENTED_EDGE('',*,*,#1169,.T.);
#671=ORIENTED_EDGE('',*,*,#1015,.T.);
#672=ORIENTED_EDGE('',*,*,#1170,.F.);
#673=ORIENTED_EDGE('',*,*,#1170,.T.);
#674=ORIENTED_EDGE('',*,*,#1014,.T.);
#675=ORIENTED_EDGE('',*,*,#1171,.F.);
#676=ORIENTED_EDGE('',*,*,#1171,.T.);
#677=ORIENTED_EDGE('',*,*,#1013,.T.);
#678=ORIENTED_EDGE('',*,*,#1172,.F.);
#679=ORIENTED_EDGE('',*,*,#1172,.T.);
#680=ORIENTED_EDGE('',*,*,#1012,.T.);
#681=ORIENTED_EDGE('',*,*,#1173,.F.);
#682=ORIENTED_EDGE('',*,*,#1173,.T.);
#683=ORIENTED_EDGE('',*,*,#1011,.T.);
#684=ORIENTED_EDGE('',*,*,#1174,.F.);
#685=ORIENTED_EDGE('',*,*,#1174,.T.);
#686=ORIENTED_EDGE('',*,*,#1010,.T.);
#687=ORIENTED_EDGE('',*,*,#1175,.F.);
#688=ORIENTED_EDGE('',*,*,#1175,.T.);
#689=ORIENTED_EDGE('',*,*,#1009,.T.);
#690=ORIENTED_EDGE('',*,*,#1176,.F.);
#691=ORIENTED_EDGE('',*,*,#1176,.T.);
#692=ORIENTED_EDGE('',*,*,#1008,.T.);
#693=ORIENTED_EDGE('',*,*,#1177,.F.);
#694=ORIENTED_EDGE('',*,*,#1177,.T.);
#695=ORIENTED_EDGE('',*,*,#1007,.T.);
#696=ORIENTED_EDGE('',*,*,#1178,.F.);
#697=ORIENTED_EDGE('',*,*,#1178,.T.);
#698=ORIENTED_EDGE('',*,*,#1006,.T.);
#699=ORIENTED_EDGE('',*,*,#1179,.F.);
#700=ORIENTED_EDGE('',*,*,#1179,.T.);
#701=ORIENTED_EDGE('',*,*,#1005,.T.);
#702=ORIENTED_EDGE('',*,*,#1180,.F.);
#703=ORIENTED_EDGE('',*,*,#1180,.T.);
#704=ORIENTED_EDGE('',*,*,#1004,.T.);
#705=ORIENTED_EDGE('',*,*,#1181,.F.);
#706=ORIENTED_EDGE('',*,*,#1181,.T.);
#707=ORIENTED_EDGE('',*,*,#1003,.T.);
#708=ORIENTED_EDGE('',*,*,#1182,.F.);
#709=ORIENTED_EDGE('',*,*,#1182,.T.);
#710=ORIENTED_EDGE('',*,*,#1002,.T.);
#711=ORIENTED_EDGE('',*,*,#1183,.F.);
#712=ORIENTED_EDGE('',*,*,#1183,.T.);
#713=ORIENTED_EDGE('',*,*,#1001,.T.);
#714=ORIENTED_EDGE('',*,*,#1184,.F.);
#715=ORIENTED_EDGE('',*,*,#1184,.T.);
#716=ORIENTED_EDGE('',*,*,#1000,.T.);
#717=ORIENTED_EDGE('',*,*,#1185,.F.);
#718=ORIENTED_EDGE('',*,*,#1185,.T.);
#719=ORIENTED_EDGE('',*,*,#999,.T.);
#720=ORIENTED_EDGE('',*,*,#1186,.F.);
#721=ORIENTED_EDGE('',*,*,#1186,.T.);
#722=ORIENTED_EDGE('',*,*,#981,.F.);
#723=ORIENTED_EDGE('',*,*,#1187,.F.);
#724=ORIENTED_EDGE('',*,*,#1188,.T.);
#725=ORIENTED_EDGE('',*,*,#1189,.T.);
#726=ORIENTED_EDGE('',*,*,#991,.F.);
#727=ORIENTED_EDGE('',*,*,#1190,.F.);
#728=ORIENTED_EDGE('',*,*,#1191,.T.);
#729=ORIENTED_EDGE('',*,*,#1192,.T.);
#730=ORIENTED_EDGE('',*,*,#990,.F.);
#731=ORIENTED_EDGE('',*,*,#1193,.F.);
#732=ORIENTED_EDGE('',*,*,#1194,.T.);
#733=ORIENTED_EDGE('',*,*,#1190,.T.);
#734=ORIENTED_EDGE('',*,*,#989,.F.);
#735=ORIENTED_EDGE('',*,*,#1195,.F.);
#736=ORIENTED_EDGE('',*,*,#1196,.T.);
#737=ORIENTED_EDGE('',*,*,#1193,.T.);
#738=ORIENTED_EDGE('',*,*,#988,.F.);
#739=ORIENTED_EDGE('',*,*,#1197,.F.);
#740=ORIENTED_EDGE('',*,*,#1198,.T.);
#741=ORIENTED_EDGE('',*,*,#1195,.T.);
#742=ORIENTED_EDGE('',*,*,#987,.F.);
#743=ORIENTED_EDGE('',*,*,#1199,.F.);
#744=ORIENTED_EDGE('',*,*,#1200,.T.);
#745=ORIENTED_EDGE('',*,*,#1197,.T.);
#746=ORIENTED_EDGE('',*,*,#986,.F.);
#747=ORIENTED_EDGE('',*,*,#1201,.F.);
#748=ORIENTED_EDGE('',*,*,#1202,.T.);
#749=ORIENTED_EDGE('',*,*,#1199,.T.);
#750=ORIENTED_EDGE('',*,*,#985,.F.);
#751=ORIENTED_EDGE('',*,*,#1203,.F.);
#752=ORIENTED_EDGE('',*,*,#1204,.T.);
#753=ORIENTED_EDGE('',*,*,#1201,.T.);
#754=ORIENTED_EDGE('',*,*,#982,.F.);
#755=ORIENTED_EDGE('',*,*,#1189,.F.);
#756=ORIENTED_EDGE('',*,*,#1205,.T.);
#757=ORIENTED_EDGE('',*,*,#1206,.T.);
#758=ORIENTED_EDGE('',*,*,#980,.F.);
#759=ORIENTED_EDGE('',*,*,#1207,.F.);
#760=ORIENTED_EDGE('',*,*,#1208,.T.);
#761=ORIENTED_EDGE('',*,*,#1187,.T.);
#762=ORIENTED_EDGE('',*,*,#979,.F.);
#763=ORIENTED_EDGE('',*,*,#1209,.F.);
#764=ORIENTED_EDGE('',*,*,#1210,.T.);
#765=ORIENTED_EDGE('',*,*,#1207,.T.);
#766=ORIENTED_EDGE('',*,*,#978,.F.);
#767=ORIENTED_EDGE('',*,*,#1211,.F.);
#768=ORIENTED_EDGE('',*,*,#1212,.T.);
#769=ORIENTED_EDGE('',*,*,#1209,.T.);
#770=ORIENTED_EDGE('',*,*,#1213,.F.);
#771=ORIENTED_EDGE('',*,*,#1214,.T.);
#772=ORIENTED_EDGE('',*,*,#1211,.T.);
#773=ORIENTED_EDGE('',*,*,#977,.F.);
#774=ORIENTED_EDGE('',*,*,#995,.F.);
#775=ORIENTED_EDGE('',*,*,#1215,.F.);
#776=ORIENTED_EDGE('',*,*,#1216,.T.);
#777=ORIENTED_EDGE('',*,*,#970,.T.);
#778=ORIENTED_EDGE('',*,*,#1217,.F.);
#779=ORIENTED_EDGE('',*,*,#1218,.T.);
#780=ORIENTED_EDGE('',*,*,#975,.F.);
#781=ORIENTED_EDGE('',*,*,#1219,.F.);
#782=ORIENTED_EDGE('',*,*,#1220,.F.);
#783=ORIENTED_EDGE('',*,*,#1221,.T.);
#784=ORIENTED_EDGE('',*,*,#1222,.T.);
#785=ORIENTED_EDGE('',*,*,#1223,.F.);
#786=ORIENTED_EDGE('',*,*,#1224,.T.);
#787=ORIENTED_EDGE('',*,*,#1225,.F.);
#788=ORIENTED_EDGE('',*,*,#1226,.F.);
#789=ORIENTED_EDGE('',*,*,#1223,.T.);
#790=ORIENTED_EDGE('',*,*,#1227,.T.);
#791=ORIENTED_EDGE('',*,*,#1228,.F.);
#792=ORIENTED_EDGE('',*,*,#1229,.F.);
#793=ORIENTED_EDGE('',*,*,#1225,.T.);
#794=ORIENTED_EDGE('',*,*,#1230,.T.);
#795=ORIENTED_EDGE('',*,*,#1231,.F.);
#796=ORIENTED_EDGE('',*,*,#1232,.F.);
#797=ORIENTED_EDGE('',*,*,#1228,.T.);
#798=ORIENTED_EDGE('',*,*,#1233,.T.);
#799=ORIENTED_EDGE('',*,*,#1234,.F.);
#800=ORIENTED_EDGE('',*,*,#1235,.F.);
#801=ORIENTED_EDGE('',*,*,#1231,.T.);
#802=ORIENTED_EDGE('',*,*,#1236,.T.);
#803=ORIENTED_EDGE('',*,*,#1237,.F.);
#804=ORIENTED_EDGE('',*,*,#1238,.F.);
#805=ORIENTED_EDGE('',*,*,#1234,.T.);
#806=ORIENTED_EDGE('',*,*,#1239,.F.);
#807=ORIENTED_EDGE('',*,*,#1240,.F.);
#808=ORIENTED_EDGE('',*,*,#1241,.T.);
#809=ORIENTED_EDGE('',*,*,#1237,.T.);
#810=ORIENTED_EDGE('',*,*,#1242,.F.);
#811=ORIENTED_EDGE('',*,*,#1243,.F.);
#812=ORIENTED_EDGE('',*,*,#1244,.T.);
#813=ORIENTED_EDGE('',*,*,#1240,.T.);
#814=ORIENTED_EDGE('',*,*,#1245,.T.);
#815=ORIENTED_EDGE('',*,*,#1246,.F.);
#816=ORIENTED_EDGE('',*,*,#1247,.F.);
#817=ORIENTED_EDGE('',*,*,#1243,.T.);
#818=ORIENTED_EDGE('',*,*,#1248,.T.);
#819=ORIENTED_EDGE('',*,*,#1249,.F.);
#820=ORIENTED_EDGE('',*,*,#1250,.F.);
#821=ORIENTED_EDGE('',*,*,#1246,.T.);
#822=ORIENTED_EDGE('',*,*,#1251,.T.);
#823=ORIENTED_EDGE('',*,*,#1252,.F.);
#824=ORIENTED_EDGE('',*,*,#1253,.F.);
#825=ORIENTED_EDGE('',*,*,#1249,.T.);
#826=ORIENTED_EDGE('',*,*,#1254,.T.);
#827=ORIENTED_EDGE('',*,*,#1255,.F.);
#828=ORIENTED_EDGE('',*,*,#1256,.F.);
#829=ORIENTED_EDGE('',*,*,#1252,.T.);
#830=ORIENTED_EDGE('',*,*,#1257,.T.);
#831=ORIENTED_EDGE('',*,*,#1258,.F.);
#832=ORIENTED_EDGE('',*,*,#1259,.F.);
#833=ORIENTED_EDGE('',*,*,#1255,.T.);
#834=ORIENTED_EDGE('',*,*,#1260,.T.);
#835=ORIENTED_EDGE('',*,*,#1261,.F.);
#836=ORIENTED_EDGE('',*,*,#1262,.F.);
#837=ORIENTED_EDGE('',*,*,#1258,.T.);
#838=ORIENTED_EDGE('',*,*,#1263,.T.);
#839=ORIENTED_EDGE('',*,*,#1264,.F.);
#840=ORIENTED_EDGE('',*,*,#1265,.F.);
#841=ORIENTED_EDGE('',*,*,#1261,.T.);
#842=ORIENTED_EDGE('',*,*,#1266,.F.);
#843=ORIENTED_EDGE('',*,*,#1267,.F.);
#844=ORIENTED_EDGE('',*,*,#1268,.T.);
#845=ORIENTED_EDGE('',*,*,#1264,.T.);
#846=ORIENTED_EDGE('',*,*,#1269,.F.);
#847=ORIENTED_EDGE('',*,*,#1270,.F.);
#848=ORIENTED_EDGE('',*,*,#1271,.T.);
#849=ORIENTED_EDGE('',*,*,#1267,.T.);
#850=ORIENTED_EDGE('',*,*,#1272,.T.);
#851=ORIENTED_EDGE('',*,*,#1273,.F.);
#852=ORIENTED_EDGE('',*,*,#1274,.F.);
#853=ORIENTED_EDGE('',*,*,#1270,.T.);
#854=ORIENTED_EDGE('',*,*,#984,.T.);
#855=ORIENTED_EDGE('',*,*,#1275,.F.);
#856=ORIENTED_EDGE('',*,*,#1276,.F.);
#857=ORIENTED_EDGE('',*,*,#1203,.T.);
#858=ORIENTED_EDGE('',*,*,#983,.T.);
#859=ORIENTED_EDGE('',*,*,#1206,.F.);
#860=ORIENTED_EDGE('',*,*,#1277,.F.);
#861=ORIENTED_EDGE('',*,*,#1275,.T.);
#862=ORIENTED_EDGE('',*,*,#1215,.T.);
#863=ORIENTED_EDGE('',*,*,#994,.F.);
#864=ORIENTED_EDGE('',*,*,#1278,.F.);
#865=ORIENTED_EDGE('',*,*,#1279,.T.);
#866=ORIENTED_EDGE('',*,*,#993,.T.);
#867=ORIENTED_EDGE('',*,*,#1280,.F.);
#868=ORIENTED_EDGE('',*,*,#1281,.F.);
#869=ORIENTED_EDGE('',*,*,#1278,.T.);
#870=ORIENTED_EDGE('',*,*,#992,.T.);
#871=ORIENTED_EDGE('',*,*,#1192,.F.);
#872=ORIENTED_EDGE('',*,*,#1282,.F.);
#873=ORIENTED_EDGE('',*,*,#1280,.T.);
#874=ORIENTED_EDGE('',*,*,#1283,.T.);
#875=ORIENTED_EDGE('',*,*,#1221,.F.);
#876=ORIENTED_EDGE('',*,*,#1284,.F.);
#877=ORIENTED_EDGE('',*,*,#1273,.T.);
#878=ORIENTED_EDGE('',*,*,#1285,.F.);
#879=ORIENTED_EDGE('',*,*,#1217,.T.);
#880=ORIENTED_EDGE('',*,*,#1226,.T.);
#881=ORIENTED_EDGE('',*,*,#1229,.T.);
#882=ORIENTED_EDGE('',*,*,#1232,.T.);
#883=ORIENTED_EDGE('',*,*,#1235,.T.);
#884=ORIENTED_EDGE('',*,*,#1238,.T.);
#885=ORIENTED_EDGE('',*,*,#1241,.F.);
#886=ORIENTED_EDGE('',*,*,#1244,.F.);
#887=ORIENTED_EDGE('',*,*,#1247,.T.);
#888=ORIENTED_EDGE('',*,*,#1250,.T.);
#889=ORIENTED_EDGE('',*,*,#1253,.T.);
#890=ORIENTED_EDGE('',*,*,#1256,.T.);
#891=ORIENTED_EDGE('',*,*,#1259,.T.);
#892=ORIENTED_EDGE('',*,*,#1262,.T.);
#893=ORIENTED_EDGE('',*,*,#1265,.T.);
#894=ORIENTED_EDGE('',*,*,#1268,.F.);
#895=ORIENTED_EDGE('',*,*,#1271,.F.);
#896=ORIENTED_EDGE('',*,*,#1274,.T.);
#897=ORIENTED_EDGE('',*,*,#1284,.T.);
#898=ORIENTED_EDGE('',*,*,#1220,.T.);
#899=ORIENTED_EDGE('',*,*,#1286,.T.);
#900=ORIENTED_EDGE('',*,*,#967,.F.);
#901=ORIENTED_EDGE('',*,*,#1216,.F.);
#902=ORIENTED_EDGE('',*,*,#1279,.F.);
#903=ORIENTED_EDGE('',*,*,#1281,.T.);
#904=ORIENTED_EDGE('',*,*,#1282,.T.);
#905=ORIENTED_EDGE('',*,*,#1191,.F.);
#906=ORIENTED_EDGE('',*,*,#1194,.F.);
#907=ORIENTED_EDGE('',*,*,#1196,.F.);
#908=ORIENTED_EDGE('',*,*,#1198,.F.);
#909=ORIENTED_EDGE('',*,*,#1200,.F.);
#910=ORIENTED_EDGE('',*,*,#1202,.F.);
#911=ORIENTED_EDGE('',*,*,#1204,.F.);
#912=ORIENTED_EDGE('',*,*,#1276,.T.);
#913=ORIENTED_EDGE('',*,*,#1277,.T.);
#914=ORIENTED_EDGE('',*,*,#1205,.F.);
#915=ORIENTED_EDGE('',*,*,#1188,.F.);
#916=ORIENTED_EDGE('',*,*,#1208,.F.);
#917=ORIENTED_EDGE('',*,*,#1210,.F.);
#918=ORIENTED_EDGE('',*,*,#1212,.F.);
#919=ORIENTED_EDGE('',*,*,#1214,.F.);
#920=ORIENTED_EDGE('',*,*,#1287,.T.);
#921=ORIENTED_EDGE('',*,*,#1288,.T.);
#922=ORIENTED_EDGE('',*,*,#1289,.T.);
#923=ORIENTED_EDGE('',*,*,#1290,.T.);
#924=ORIENTED_EDGE('',*,*,#1291,.T.);
#925=ORIENTED_EDGE('',*,*,#1222,.F.);
#926=ORIENTED_EDGE('',*,*,#1283,.F.);
#927=ORIENTED_EDGE('',*,*,#1272,.F.);
#928=ORIENTED_EDGE('',*,*,#1269,.T.);
#929=ORIENTED_EDGE('',*,*,#1266,.T.);
#930=ORIENTED_EDGE('',*,*,#1263,.F.);
#931=ORIENTED_EDGE('',*,*,#1260,.F.);
#932=ORIENTED_EDGE('',*,*,#1257,.F.);
#933=ORIENTED_EDGE('',*,*,#1254,.F.);
#934=ORIENTED_EDGE('',*,*,#1251,.F.);
#935=ORIENTED_EDGE('',*,*,#1248,.F.);
#936=ORIENTED_EDGE('',*,*,#1245,.F.);
#937=ORIENTED_EDGE('',*,*,#1242,.T.);
#938=ORIENTED_EDGE('',*,*,#1239,.T.);
#939=ORIENTED_EDGE('',*,*,#1236,.F.);
#940=ORIENTED_EDGE('',*,*,#1233,.F.);
#941=ORIENTED_EDGE('',*,*,#1230,.F.);
#942=ORIENTED_EDGE('',*,*,#1227,.F.);
#943=ORIENTED_EDGE('',*,*,#1224,.F.);
#944=ORIENTED_EDGE('',*,*,#1213,.T.);
#945=ORIENTED_EDGE('',*,*,#976,.T.);
#946=ORIENTED_EDGE('',*,*,#1218,.F.);
#947=ORIENTED_EDGE('',*,*,#1285,.T.);
#948=ORIENTED_EDGE('',*,*,#1286,.F.);
#949=ORIENTED_EDGE('',*,*,#1219,.T.);
#950=ORIENTED_EDGE('',*,*,#974,.F.);
#951=ORIENTED_EDGE('',*,*,#968,.F.);
#952=ORIENTED_EDGE('',*,*,#1292,.T.);
#953=ORIENTED_EDGE('',*,*,#1291,.F.);
#954=ORIENTED_EDGE('',*,*,#1292,.F.);
#955=ORIENTED_EDGE('',*,*,#1293,.T.);
#956=ORIENTED_EDGE('',*,*,#1290,.F.);
#957=ORIENTED_EDGE('',*,*,#1293,.F.);
#958=ORIENTED_EDGE('',*,*,#1294,.T.);
#959=ORIENTED_EDGE('',*,*,#1289,.F.);
#960=ORIENTED_EDGE('',*,*,#1294,.F.);
#961=ORIENTED_EDGE('',*,*,#1295,.T.);
#962=ORIENTED_EDGE('',*,*,#1288,.F.);
#963=ORIENTED_EDGE('',*,*,#1295,.F.);
#964=ORIENTED_EDGE('',*,*,#1296,.T.);
#965=ORIENTED_EDGE('',*,*,#1287,.F.);
#966=ORIENTED_EDGE('',*,*,#1296,.F.);
#967=EDGE_CURVE('',#1297,#1298,#1577,.T.);
#968=EDGE_CURVE('',#1298,#1299,#127,.T.);
#969=EDGE_CURVE('',#1300,#1299,#1578,.T.);
#970=EDGE_CURVE('',#1297,#1300,#128,.T.);
#971=EDGE_CURVE('',#1301,#1301,#1579,.T.);
#972=EDGE_CURVE('',#1302,#1302,#1580,.T.);
#973=EDGE_CURVE('',#1303,#1303,#1581,.T.);
#974=EDGE_CURVE('',#1299,#1304,#129,.T.);
#975=EDGE_CURVE('',#1304,#1305,#1582,.T.);
#976=EDGE_CURVE('',#1306,#1305,#130,.T.);
#977=EDGE_CURVE('',#1306,#1307,#1583,.T.);
#978=EDGE_CURVE('',#1307,#1308,#131,.T.);
#979=EDGE_CURVE('',#1308,#1309,#1584,.T.);
#980=EDGE_CURVE('',#1309,#1310,#1585,.T.);
#981=EDGE_CURVE('',#1310,#1311,#132,.T.);
#982=EDGE_CURVE('',#1311,#1312,#1586,.T.);
#983=EDGE_CURVE('',#1313,#1312,#1587,.T.);
#984=EDGE_CURVE('',#1314,#1313,#1588,.T.);
#985=EDGE_CURVE('',#1314,#1315,#1589,.T.);
#986=EDGE_CURVE('',#1315,#1316,#133,.T.);
#987=EDGE_CURVE('',#1316,#1317,#1590,.T.);
#988=EDGE_CURVE('',#1317,#1318,#134,.T.);
#989=EDGE_CURVE('',#1318,#1319,#135,.T.);
#990=EDGE_CURVE('',#1319,#1320,#136,.T.);
#991=EDGE_CURVE('',#1320,#1321,#1591,.T.);
#992=EDGE_CURVE('',#1322,#1321,#1592,.T.);
#993=EDGE_CURVE('',#1323,#1322,#1593,.T.);
#994=EDGE_CURVE('',#1323,#1324,#137,.T.);
#995=EDGE_CURVE('',#1324,#1300,#1594,.T.);
#996=EDGE_CURVE('',#1325,#1325,#1595,.T.);
#997=EDGE_CURVE('',#1326,#1326,#1596,.T.);
#998=EDGE_CURVE('',#1327,#1327,#1597,.T.);
#999=EDGE_CURVE('',#1328,#1328,#1598,.T.);
#1000=EDGE_CURVE('',#1329,#1329,#1599,.T.);
#1001=EDGE_CURVE('',#1330,#1330,#1600,.T.);
#1002=EDGE_CURVE('',#1331,#1331,#1601,.T.);
#1003=EDGE_CURVE('',#1332,#1332,#1602,.T.);
#1004=EDGE_CURVE('',#1333,#1333,#1603,.T.);
#1005=EDGE_CURVE('',#1334,#1334,#1604,.T.);
#1006=EDGE_CURVE('',#1335,#1335,#1605,.T.);
#1007=EDGE_CURVE('',#1336,#1336,#1606,.T.);
#1008=EDGE_CURVE('',#1337,#1337,#1607,.T.);
#1009=EDGE_CURVE('',#1338,#1338,#1608,.T.);
#1010=EDGE_CURVE('',#1339,#1339,#1609,.T.);
#1011=EDGE_CURVE('',#1340,#1340,#1610,.T.);
#1012=EDGE_CURVE('',#1341,#1341,#1611,.T.);
#1013=EDGE_CURVE('',#1342,#1342,#1612,.T.);
#1014=EDGE_CURVE('',#1343,#1343,#1613,.T.);
#1015=EDGE_CURVE('',#1344,#1344,#1614,.T.);
#1016=EDGE_CURVE('',#1345,#1345,#1615,.T.);
#1017=EDGE_CURVE('',#1346,#1346,#1616,.T.);
#1018=EDGE_CURVE('',#1347,#1347,#1617,.T.);
#1019=EDGE_CURVE('',#1348,#1348,#1618,.T.);
#1020=EDGE_CURVE('',#1349,#1349,#1619,.T.);
#1021=EDGE_CURVE('',#1350,#1350,#1620,.T.);
#1022=EDGE_CURVE('',#1351,#1351,#1621,.T.);
#1023=EDGE_CURVE('',#1352,#1352,#1622,.T.);
#1024=EDGE_CURVE('',#1353,#1353,#1623,.T.);
#1025=EDGE_CURVE('',#1354,#1354,#1624,.T.);
#1026=EDGE_CURVE('',#1355,#1355,#1625,.T.);
#1027=EDGE_CURVE('',#1356,#1356,#1626,.T.);
#1028=EDGE_CURVE('',#1357,#1357,#1627,.T.);
#1029=EDGE_CURVE('',#1358,#1358,#1628,.T.);
#1030=EDGE_CURVE('',#1359,#1359,#1629,.T.);
#1031=EDGE_CURVE('',#1360,#1360,#1630,.T.);
#1032=EDGE_CURVE('',#1361,#1361,#1631,.T.);
#1033=EDGE_CURVE('',#1362,#1362,#1632,.T.);
#1034=EDGE_CURVE('',#1363,#1363,#1633,.T.);
#1035=EDGE_CURVE('',#1364,#1364,#1634,.T.);
#1036=EDGE_CURVE('',#1365,#1365,#1635,.T.);
#1037=EDGE_CURVE('',#1366,#1366,#1636,.T.);
#1038=EDGE_CURVE('',#1367,#1367,#1637,.T.);
#1039=EDGE_CURVE('',#1368,#1368,#1638,.T.);
#1040=EDGE_CURVE('',#1369,#1369,#1639,.T.);
#1041=EDGE_CURVE('',#1370,#1370,#1640,.T.);
#1042=EDGE_CURVE('',#1371,#1371,#1641,.T.);
#1043=EDGE_CURVE('',#1372,#1372,#1642,.T.);
#1044=EDGE_CURVE('',#1373,#1373,#1643,.T.);
#1045=EDGE_CURVE('',#1374,#1374,#1644,.T.);
#1046=EDGE_CURVE('',#1375,#1375,#1645,.T.);
#1047=EDGE_CURVE('',#1376,#1376,#1646,.T.);
#1048=EDGE_CURVE('',#1377,#1377,#1647,.T.);
#1049=EDGE_CURVE('',#1378,#1378,#1648,.T.);
#1050=EDGE_CURVE('',#1379,#1379,#1649,.T.);
#1051=EDGE_CURVE('',#1380,#1380,#1650,.T.);
#1052=EDGE_CURVE('',#1381,#1381,#1651,.T.);
#1053=EDGE_CURVE('',#1382,#1382,#1652,.T.);
#1054=EDGE_CURVE('',#1383,#1383,#1653,.T.);
#1055=EDGE_CURVE('',#1384,#1384,#1654,.T.);
#1056=EDGE_CURVE('',#1385,#1385,#1655,.T.);
#1057=EDGE_CURVE('',#1386,#1387,#1656,.T.);
#1058=EDGE_CURVE('',#1388,#1387,#138,.T.);
#1059=EDGE_CURVE('',#1389,#1388,#1657,.T.);
#1060=EDGE_CURVE('',#1386,#1389,#139,.T.);
#1061=EDGE_CURVE('',#1390,#1390,#1658,.T.);
#1062=EDGE_CURVE('',#1391,#1391,#1659,.T.);
#1063=EDGE_CURVE('',#1392,#1392,#1660,.T.);
#1064=EDGE_CURVE('',#1393,#1393,#1661,.T.);
#1065=EDGE_CURVE('',#1394,#1394,#1662,.T.);
#1066=EDGE_CURVE('',#1395,#1395,#1663,.T.);
#1067=EDGE_CURVE('',#1396,#1396,#1664,.T.);
#1068=EDGE_CURVE('',#1397,#1397,#1665,.T.);
#1069=EDGE_CURVE('',#1398,#1398,#1666,.T.);
#1070=EDGE_CURVE('',#1399,#1399,#1667,.T.);
#1071=EDGE_CURVE('',#1400,#1400,#1668,.T.);
#1072=EDGE_CURVE('',#1401,#1401,#1669,.T.);
#1073=EDGE_CURVE('',#1402,#1402,#1670,.T.);
#1074=EDGE_CURVE('',#1403,#1403,#1671,.T.);
#1075=EDGE_CURVE('',#1404,#1404,#1672,.T.);
#1076=EDGE_CURVE('',#1405,#1405,#1673,.T.);
#1077=EDGE_CURVE('',#1406,#1406,#1674,.T.);
#1078=EDGE_CURVE('',#1407,#1407,#1675,.T.);
#1079=EDGE_CURVE('',#1408,#1408,#1676,.T.);
#1080=EDGE_CURVE('',#1409,#1410,#1677,.T.);
#1081=EDGE_CURVE('',#1411,#1410,#140,.T.);
#1082=EDGE_CURVE('',#1412,#1411,#1678,.T.);
#1083=EDGE_CURVE('',#1409,#1412,#141,.T.);
#1084=EDGE_CURVE('',#1413,#1413,#1679,.T.);
#1085=EDGE_CURVE('',#1414,#1414,#1680,.T.);
#1086=EDGE_CURVE('',#1415,#1415,#1681,.T.);
#1087=EDGE_CURVE('',#1416,#1416,#1682,.T.);
#1088=EDGE_CURVE('',#1417,#1417,#1683,.T.);
#1089=EDGE_CURVE('',#1418,#1418,#1684,.T.);
#1090=EDGE_CURVE('',#1419,#1419,#1685,.T.);
#1091=EDGE_CURVE('',#1420,#1420,#1686,.T.);
#1092=EDGE_CURVE('',#1421,#1421,#1687,.T.);
#1093=EDGE_CURVE('',#1422,#1422,#1688,.T.);
#1094=EDGE_CURVE('',#1423,#1423,#1689,.T.);
#1095=EDGE_CURVE('',#1424,#1424,#1690,.T.);
#1096=EDGE_CURVE('',#1425,#1425,#1691,.T.);
#1097=EDGE_CURVE('',#1426,#1426,#1692,.T.);
#1098=EDGE_CURVE('',#1427,#1427,#1693,.T.);
#1099=EDGE_CURVE('',#1428,#1428,#1694,.T.);
#1100=EDGE_CURVE('',#1429,#1429,#1695,.T.);
#1101=EDGE_CURVE('',#1430,#1430,#1696,.T.);
#1102=EDGE_CURVE('',#1431,#1431,#1697,.T.);
#1103=EDGE_CURVE('',#1432,#1432,#1698,.T.);
#1104=EDGE_CURVE('',#1433,#1433,#1699,.T.);
#1105=EDGE_CURVE('',#1434,#1434,#1700,.T.);
#1106=EDGE_CURVE('',#1435,#1435,#1701,.T.);
#1107=EDGE_CURVE('',#1436,#1436,#1702,.T.);
#1108=EDGE_CURVE('',#1437,#1437,#1703,.T.);
#1109=EDGE_CURVE('',#1438,#1438,#1704,.T.);
#1110=EDGE_CURVE('',#1439,#1439,#1705,.T.);
#1111=EDGE_CURVE('',#1440,#1440,#1706,.T.);
#1112=EDGE_CURVE('',#1441,#1441,#1707,.T.);
#1113=EDGE_CURVE('',#1442,#1443,#1708,.T.);
#1114=EDGE_CURVE('',#1387,#1443,#142,.T.);
#1115=EDGE_CURVE('',#1386,#1442,#143,.T.);
#1116=EDGE_CURVE('',#1442,#1444,#144,.T.);
#1117=EDGE_CURVE('',#1389,#1444,#145,.T.);
#1118=EDGE_CURVE('',#1444,#1445,#1709,.T.);
#1119=EDGE_CURVE('',#1388,#1445,#146,.T.);
#1120=EDGE_CURVE('',#1445,#1443,#147,.T.);
#1121=EDGE_CURVE('',#1446,#1447,#1710,.T.);
#1122=EDGE_CURVE('',#1410,#1447,#148,.T.);
#1123=EDGE_CURVE('',#1409,#1446,#149,.T.);
#1124=EDGE_CURVE('',#1446,#1448,#150,.T.);
#1125=EDGE_CURVE('',#1412,#1448,#151,.T.);
#1126=EDGE_CURVE('',#1448,#1449,#1711,.T.);
#1127=EDGE_CURVE('',#1411,#1449,#152,.T.);
#1128=EDGE_CURVE('',#1449,#1447,#153,.T.);
#1129=EDGE_CURVE('',#1450,#1450,#1712,.T.);
#1130=EDGE_CURVE('',#1451,#1451,#1713,.T.);
#1131=EDGE_CURVE('',#1452,#1452,#1714,.T.);
#1132=EDGE_CURVE('',#1453,#1453,#1715,.T.);
#1133=EDGE_CURVE('',#1454,#1454,#1716,.T.);
#1134=EDGE_CURVE('',#1455,#1455,#1717,.T.);
#1135=EDGE_CURVE('',#1456,#1456,#1718,.T.);
#1136=EDGE_CURVE('',#1457,#1457,#1719,.T.);
#1137=EDGE_CURVE('',#1458,#1458,#1720,.T.);
#1138=EDGE_CURVE('',#1459,#1459,#1721,.T.);
#1139=EDGE_CURVE('',#1460,#1460,#1722,.T.);
#1140=EDGE_CURVE('',#1461,#1461,#1723,.T.);
#1141=EDGE_CURVE('',#1462,#1462,#1724,.T.);
#1142=EDGE_CURVE('',#1463,#1463,#1725,.T.);
#1143=EDGE_CURVE('',#1464,#1464,#1726,.T.);
#1144=EDGE_CURVE('',#1465,#1465,#1727,.T.);
#1145=EDGE_CURVE('',#1466,#1466,#1728,.T.);
#1146=EDGE_CURVE('',#1467,#1467,#1729,.T.);
#1147=EDGE_CURVE('',#1468,#1468,#1730,.T.);
#1148=EDGE_CURVE('',#1469,#1469,#1731,.T.);
#1149=EDGE_CURVE('',#1470,#1470,#1732,.T.);
#1150=EDGE_CURVE('',#1471,#1471,#1733,.T.);
#1151=EDGE_CURVE('',#1472,#1472,#1734,.T.);
#1152=EDGE_CURVE('',#1473,#1473,#1735,.T.);
#1153=EDGE_CURVE('',#1474,#1474,#1736,.T.);
#1154=EDGE_CURVE('',#1475,#1475,#1737,.T.);
#1155=EDGE_CURVE('',#1476,#1476,#1738,.T.);
#1156=EDGE_CURVE('',#1477,#1477,#1739,.T.);
#1157=EDGE_CURVE('',#1478,#1478,#1740,.T.);
#1158=EDGE_CURVE('',#1479,#1479,#1741,.T.);
#1159=EDGE_CURVE('',#1480,#1480,#1742,.T.);
#1160=EDGE_CURVE('',#1481,#1481,#1743,.T.);
#1161=EDGE_CURVE('',#1482,#1482,#1744,.T.);
#1162=EDGE_CURVE('',#1483,#1483,#1745,.T.);
#1163=EDGE_CURVE('',#1484,#1484,#1746,.T.);
#1164=EDGE_CURVE('',#1485,#1485,#1747,.T.);
#1165=EDGE_CURVE('',#1486,#1486,#1748,.T.);
#1166=EDGE_CURVE('',#1487,#1487,#1749,.T.);
#1167=EDGE_CURVE('',#1488,#1488,#1750,.T.);
#1168=EDGE_CURVE('',#1489,#1489,#1751,.T.);
#1169=EDGE_CURVE('',#1490,#1490,#1752,.T.);
#1170=EDGE_CURVE('',#1491,#1491,#1753,.T.);
#1171=EDGE_CURVE('',#1492,#1492,#1754,.T.);
#1172=EDGE_CURVE('',#1493,#1493,#1755,.T.);
#1173=EDGE_CURVE('',#1494,#1494,#1756,.T.);
#1174=EDGE_CURVE('',#1495,#1495,#1757,.T.);
#1175=EDGE_CURVE('',#1496,#1496,#1758,.T.);
#1176=EDGE_CURVE('',#1497,#1497,#1759,.T.);
#1177=EDGE_CURVE('',#1498,#1498,#1760,.T.);
#1178=EDGE_CURVE('',#1499,#1499,#1761,.T.);
#1179=EDGE_CURVE('',#1500,#1500,#1762,.T.);
#1180=EDGE_CURVE('',#1501,#1501,#1763,.T.);
#1181=EDGE_CURVE('',#1502,#1502,#1764,.T.);
#1182=EDGE_CURVE('',#1503,#1503,#1765,.T.);
#1183=EDGE_CURVE('',#1504,#1504,#1766,.T.);
#1184=EDGE_CURVE('',#1505,#1505,#1767,.T.);
#1185=EDGE_CURVE('',#1506,#1506,#1768,.T.);
#1186=EDGE_CURVE('',#1507,#1507,#1769,.T.);
#1187=EDGE_CURVE('',#1508,#1310,#154,.T.);
#1188=EDGE_CURVE('',#1508,#1509,#155,.T.);
#1189=EDGE_CURVE('',#1509,#1311,#156,.T.);
#1190=EDGE_CURVE('',#1510,#1320,#157,.T.);
#1191=EDGE_CURVE('',#1510,#1511,#1770,.T.);
#1192=EDGE_CURVE('',#1511,#1321,#158,.T.);
#1193=EDGE_CURVE('',#1512,#1319,#159,.T.);
#1194=EDGE_CURVE('',#1512,#1510,#160,.T.);
#1195=EDGE_CURVE('',#1513,#1318,#161,.T.);
#1196=EDGE_CURVE('',#1513,#1512,#162,.T.);
#1197=EDGE_CURVE('',#1514,#1317,#163,.T.);
#1198=EDGE_CURVE('',#1514,#1513,#164,.T.);
#1199=EDGE_CURVE('',#1515,#1316,#165,.T.);
#1200=EDGE_CURVE('',#1515,#1514,#1771,.T.);
#1201=EDGE_CURVE('',#1516,#1315,#166,.T.);
#1202=EDGE_CURVE('',#1516,#1515,#167,.T.);
#1203=EDGE_CURVE('',#1517,#1314,#168,.T.);
#1204=EDGE_CURVE('',#1517,#1516,#1772,.T.);
#1205=EDGE_CURVE('',#1509,#1518,#1773,.T.);
#1206=EDGE_CURVE('',#1518,#1312,#169,.T.);
#1207=EDGE_CURVE('',#1519,#1309,#170,.T.);
#1208=EDGE_CURVE('',#1519,#1508,#1774,.T.);
#1209=EDGE_CURVE('',#1520,#1308,#171,.T.);
#1210=EDGE_CURVE('',#1520,#1519,#1775,.T.);
#1211=EDGE_CURVE('',#1521,#1307,#172,.T.);
#1212=EDGE_CURVE('',#1521,#1520,#173,.T.);
#1213=EDGE_CURVE('',#1522,#1306,#174,.T.);
#1214=EDGE_CURVE('',#1522,#1521,#1776,.T.);
#1215=EDGE_CURVE('',#1523,#1324,#175,.T.);
#1216=EDGE_CURVE('',#1523,#1297,#1777,.T.);
#1217=EDGE_CURVE('',#1524,#1525,#1778,.T.);
#1218=EDGE_CURVE('',#1524,#1305,#176,.T.);
#1219=EDGE_CURVE('',#1526,#1304,#177,.T.);
#1220=EDGE_CURVE('',#1527,#1526,#1779,.T.);
#1221=EDGE_CURVE('',#1527,#1528,#178,.T.);
#1222=EDGE_CURVE('',#1528,#1529,#1780,.T.);
#1223=EDGE_CURVE('',#1525,#1529,#179,.T.);
#1224=EDGE_CURVE('',#1529,#1530,#180,.T.);
#1225=EDGE_CURVE('',#1531,#1530,#181,.T.);
#1226=EDGE_CURVE('',#1525,#1531,#182,.T.);
#1227=EDGE_CURVE('',#1530,#1532,#1781,.T.);
#1228=EDGE_CURVE('',#1533,#1532,#183,.T.);
#1229=EDGE_CURVE('',#1531,#1533,#1782,.T.);
#1230=EDGE_CURVE('',#1532,#1534,#1783,.T.);
#1231=EDGE_CURVE('',#1535,#1534,#184,.T.);
#1232=EDGE_CURVE('',#1533,#1535,#1784,.T.);
#1233=EDGE_CURVE('',#1534,#1536,#185,.T.);
#1234=EDGE_CURVE('',#1537,#1536,#186,.T.);
#1235=EDGE_CURVE('',#1535,#1537,#187,.T.);
#1236=EDGE_CURVE('',#1536,#1538,#1785,.T.);
#1237=EDGE_CURVE('',#1539,#1538,#188,.T.);
#1238=EDGE_CURVE('',#1537,#1539,#1786,.T.);
#1239=EDGE_CURVE('',#1540,#1538,#1787,.T.);
#1240=EDGE_CURVE('',#1541,#1540,#189,.T.);
#1241=EDGE_CURVE('',#1541,#1539,#1788,.T.);
#1242=EDGE_CURVE('',#1542,#1540,#1789,.T.);
#1243=EDGE_CURVE('',#1543,#1542,#190,.T.);
#1244=EDGE_CURVE('',#1543,#1541,#1790,.T.);
#1245=EDGE_CURVE('',#1542,#1544,#1791,.T.);
#1246=EDGE_CURVE('',#1545,#1544,#191,.T.);
#1247=EDGE_CURVE('',#1543,#1545,#1792,.T.);
#1248=EDGE_CURVE('',#1544,#1546,#192,.T.);
#1249=EDGE_CURVE('',#1547,#1546,#193,.T.);
#1250=EDGE_CURVE('',#1545,#1547,#194,.T.);
#1251=EDGE_CURVE('',#1546,#1548,#1793,.T.);
#1252=EDGE_CURVE('',#1549,#1548,#195,.T.);
#1253=EDGE_CURVE('',#1547,#1549,#1794,.T.);
#1254=EDGE_CURVE('',#1548,#1550,#196,.T.);
#1255=EDGE_CURVE('',#1551,#1550,#197,.T.);
#1256=EDGE_CURVE('',#1549,#1551,#198,.T.);
#1257=EDGE_CURVE('',#1550,#1552,#199,.T.);
#1258=EDGE_CURVE('',#1553,#1552,#200,.T.);
#1259=EDGE_CURVE('',#1551,#1553,#201,.T.);
#1260=EDGE_CURVE('',#1552,#1554,#202,.T.);
#1261=EDGE_CURVE('',#1555,#1554,#203,.T.);
#1262=EDGE_CURVE('',#1553,#1555,#204,.T.);
#1263=EDGE_CURVE('',#1554,#1556,#1795,.T.);
#1264=EDGE_CURVE('',#1557,#1556,#205,.T.);
#1265=EDGE_CURVE('',#1555,#1557,#1796,.T.);
#1266=EDGE_CURVE('',#1558,#1556,#1797,.T.);
#1267=EDGE_CURVE('',#1559,#1558,#206,.T.);
#1268=EDGE_CURVE('',#1559,#1557,#1798,.T.);
#1269=EDGE_CURVE('',#1560,#1558,#1799,.T.);
#1270=EDGE_CURVE('',#1561,#1560,#207,.T.);
#1271=EDGE_CURVE('',#1561,#1559,#1800,.T.);
#1272=EDGE_CURVE('',#1560,#1562,#208,.T.);
#1273=EDGE_CURVE('',#1563,#1562,#209,.T.);
#1274=EDGE_CURVE('',#1561,#1563,#210,.T.);
#1275=EDGE_CURVE('',#1564,#1313,#211,.T.);
#1276=EDGE_CURVE('',#1517,#1564,#1801,.T.);
#1277=EDGE_CURVE('',#1564,#1518,#1802,.T.);
#1278=EDGE_CURVE('',#1565,#1323,#212,.T.);
#1279=EDGE_CURVE('',#1565,#1523,#213,.T.);
#1280=EDGE_CURVE('',#1566,#1322,#214,.T.);
#1281=EDGE_CURVE('',#1565,#1566,#1803,.T.);
#1282=EDGE_CURVE('',#1566,#1511,#1804,.T.);
#1283=EDGE_CURVE('',#1562,#1528,#1805,.T.);
#1284=EDGE_CURVE('',#1563,#1527,#1806,.T.);
#1285=EDGE_CURVE('',#1524,#1522,#215,.T.);
#1286=EDGE_CURVE('',#1526,#1298,#216,.T.);
#1287=EDGE_CURVE('',#1567,#1567,#1807,.T.);
#1288=EDGE_CURVE('',#1568,#1568,#1808,.T.);
#1289=EDGE_CURVE('',#1569,#1569,#1809,.T.);
#1290=EDGE_CURVE('',#1570,#1570,#1810,.T.);
#1291=EDGE_CURVE('',#1571,#1571,#1811,.T.);
#1292=EDGE_CURVE('',#1572,#1572,#1812,.T.);
#1293=EDGE_CURVE('',#1573,#1573,#1813,.T.);
#1294=EDGE_CURVE('',#1574,#1574,#1814,.T.);
#1295=EDGE_CURVE('',#1575,#1575,#1815,.T.);
#1296=EDGE_CURVE('',#1576,#1576,#1816,.T.);
#1297=VERTEX_POINT('',#4532);
#1298=VERTEX_POINT('',#4533);
#1299=VERTEX_POINT('',#4535);
#1300=VERTEX_POINT('',#4537);
#1301=VERTEX_POINT('',#4541);
#1302=VERTEX_POINT('',#4543);
#1303=VERTEX_POINT('',#4545);
#1304=VERTEX_POINT('',#4547);
#1305=VERTEX_POINT('',#4549);
#1306=VERTEX_POINT('',#4551);
#1307=VERTEX_POINT('',#4553);
#1308=VERTEX_POINT('',#4555);
#1309=VERTEX_POINT('',#4557);
#1310=VERTEX_POINT('',#4559);
#1311=VERTEX_POINT('',#4561);
#1312=VERTEX_POINT('',#4563);
#1313=VERTEX_POINT('',#4565);
#1314=VERTEX_POINT('',#4567);
#1315=VERTEX_POINT('',#4569);
#1316=VERTEX_POINT('',#4571);
#1317=VERTEX_POINT('',#4573);
#1318=VERTEX_POINT('',#4575);
#1319=VERTEX_POINT('',#4577);
#1320=VERTEX_POINT('',#4579);
#1321=VERTEX_POINT('',#4581);
#1322=VERTEX_POINT('',#4583);
#1323=VERTEX_POINT('',#4585);
#1324=VERTEX_POINT('',#4587);
#1325=VERTEX_POINT('',#4590);
#1326=VERTEX_POINT('',#4592);
#1327=VERTEX_POINT('',#4594);
#1328=VERTEX_POINT('',#4596);
#1329=VERTEX_POINT('',#4598);
#1330=VERTEX_POINT('',#4600);
#1331=VERTEX_POINT('',#4602);
#1332=VERTEX_POINT('',#4604);
#1333=VERTEX_POINT('',#4606);
#1334=VERTEX_POINT('',#4608);
#1335=VERTEX_POINT('',#4610);
#1336=VERTEX_POINT('',#4612);
#1337=VERTEX_POINT('',#4614);
#1338=VERTEX_POINT('',#4616);
#1339=VERTEX_POINT('',#4618);
#1340=VERTEX_POINT('',#4620);
#1341=VERTEX_POINT('',#4622);
#1342=VERTEX_POINT('',#4624);
#1343=VERTEX_POINT('',#4626);
#1344=VERTEX_POINT('',#4628);
#1345=VERTEX_POINT('',#4630);
#1346=VERTEX_POINT('',#4632);
#1347=VERTEX_POINT('',#4634);
#1348=VERTEX_POINT('',#4636);
#1349=VERTEX_POINT('',#4638);
#1350=VERTEX_POINT('',#4640);
#1351=VERTEX_POINT('',#4642);
#1352=VERTEX_POINT('',#4644);
#1353=VERTEX_POINT('',#4646);
#1354=VERTEX_POINT('',#4648);
#1355=VERTEX_POINT('',#4650);
#1356=VERTEX_POINT('',#4652);
#1357=VERTEX_POINT('',#4654);
#1358=VERTEX_POINT('',#4656);
#1359=VERTEX_POINT('',#4658);
#1360=VERTEX_POINT('',#4660);
#1361=VERTEX_POINT('',#4662);
#1362=VERTEX_POINT('',#4664);
#1363=VERTEX_POINT('',#4666);
#1364=VERTEX_POINT('',#4668);
#1365=VERTEX_POINT('',#4670);
#1366=VERTEX_POINT('',#4672);
#1367=VERTEX_POINT('',#4674);
#1368=VERTEX_POINT('',#4676);
#1369=VERTEX_POINT('',#4678);
#1370=VERTEX_POINT('',#4680);
#1371=VERTEX_POINT('',#4682);
#1372=VERTEX_POINT('',#4684);
#1373=VERTEX_POINT('',#4686);
#1374=VERTEX_POINT('',#4688);
#1375=VERTEX_POINT('',#4690);
#1376=VERTEX_POINT('',#4692);
#1377=VERTEX_POINT('',#4694);
#1378=VERTEX_POINT('',#4696);
#1379=VERTEX_POINT('',#4698);
#1380=VERTEX_POINT('',#4700);
#1381=VERTEX_POINT('',#4702);
#1382=VERTEX_POINT('',#4704);
#1383=VERTEX_POINT('',#4706);
#1384=VERTEX_POINT('',#4708);
#1385=VERTEX_POINT('',#4710);
#1386=VERTEX_POINT('',#4712);
#1387=VERTEX_POINT('',#4713);
#1388=VERTEX_POINT('',#4715);
#1389=VERTEX_POINT('',#4717);
#1390=VERTEX_POINT('',#4720);
#1391=VERTEX_POINT('',#4722);
#1392=VERTEX_POINT('',#4724);
#1393=VERTEX_POINT('',#4726);
#1394=VERTEX_POINT('',#4728);
#1395=VERTEX_POINT('',#4730);
#1396=VERTEX_POINT('',#4732);
#1397=VERTEX_POINT('',#4734);
#1398=VERTEX_POINT('',#4736);
#1399=VERTEX_POINT('',#4738);
#1400=VERTEX_POINT('',#4740);
#1401=VERTEX_POINT('',#4742);
#1402=VERTEX_POINT('',#4744);
#1403=VERTEX_POINT('',#4746);
#1404=VERTEX_POINT('',#4748);
#1405=VERTEX_POINT('',#4750);
#1406=VERTEX_POINT('',#4752);
#1407=VERTEX_POINT('',#4754);
#1408=VERTEX_POINT('',#4756);
#1409=VERTEX_POINT('',#4758);
#1410=VERTEX_POINT('',#4759);
#1411=VERTEX_POINT('',#4761);
#1412=VERTEX_POINT('',#4763);
#1413=VERTEX_POINT('',#4766);
#1414=VERTEX_POINT('',#4768);
#1415=VERTEX_POINT('',#4771);
#1416=VERTEX_POINT('',#4775);
#1417=VERTEX_POINT('',#4779);
#1418=VERTEX_POINT('',#4783);
#1419=VERTEX_POINT('',#4787);
#1420=VERTEX_POINT('',#4791);
#1421=VERTEX_POINT('',#4795);
#1422=VERTEX_POINT('',#4799);
#1423=VERTEX_POINT('',#4803);
#1424=VERTEX_POINT('',#4807);
#1425=VERTEX_POINT('',#4811);
#1426=VERTEX_POINT('',#4815);
#1427=VERTEX_POINT('',#4819);
#1428=VERTEX_POINT('',#4823);
#1429=VERTEX_POINT('',#4827);
#1430=VERTEX_POINT('',#4831);
#1431=VERTEX_POINT('',#4835);
#1432=VERTEX_POINT('',#4839);
#1433=VERTEX_POINT('',#4843);
#1434=VERTEX_POINT('',#4847);
#1435=VERTEX_POINT('',#4851);
#1436=VERTEX_POINT('',#4855);
#1437=VERTEX_POINT('',#4859);
#1438=VERTEX_POINT('',#4863);
#1439=VERTEX_POINT('',#4867);
#1440=VERTEX_POINT('',#4871);
#1441=VERTEX_POINT('',#4875);
#1442=VERTEX_POINT('',#4879);
#1443=VERTEX_POINT('',#4880);
#1444=VERTEX_POINT('',#4885);
#1445=VERTEX_POINT('',#4889);
#1446=VERTEX_POINT('',#4896);
#1447=VERTEX_POINT('',#4897);
#1448=VERTEX_POINT('',#4902);
#1449=VERTEX_POINT('',#4906);
#1450=VERTEX_POINT('',#4913);
#1451=VERTEX_POINT('',#4917);
#1452=VERTEX_POINT('',#4921);
#1453=VERTEX_POINT('',#4925);
#1454=VERTEX_POINT('',#4929);
#1455=VERTEX_POINT('',#4933);
#1456=VERTEX_POINT('',#4937);
#1457=VERTEX_POINT('',#4941);
#1458=VERTEX_POINT('',#4945);
#1459=VERTEX_POINT('',#4949);
#1460=VERTEX_POINT('',#4953);
#1461=VERTEX_POINT('',#4957);
#1462=VERTEX_POINT('',#4961);
#1463=VERTEX_POINT('',#4965);
#1464=VERTEX_POINT('',#4969);
#1465=VERTEX_POINT('',#4973);
#1466=VERTEX_POINT('',#4977);
#1467=VERTEX_POINT('',#4981);
#1468=VERTEX_POINT('',#4985);
#1469=VERTEX_POINT('',#4989);
#1470=VERTEX_POINT('',#4993);
#1471=VERTEX_POINT('',#4997);
#1472=VERTEX_POINT('',#5001);
#1473=VERTEX_POINT('',#5005);
#1474=VERTEX_POINT('',#5009);
#1475=VERTEX_POINT('',#5013);
#1476=VERTEX_POINT('',#5017);
#1477=VERTEX_POINT('',#5021);
#1478=VERTEX_POINT('',#5025);
#1479=VERTEX_POINT('',#5029);
#1480=VERTEX_POINT('',#5033);
#1481=VERTEX_POINT('',#5037);
#1482=VERTEX_POINT('',#5041);
#1483=VERTEX_POINT('',#5045);
#1484=VERTEX_POINT('',#5049);
#1485=VERTEX_POINT('',#5053);
#1486=VERTEX_POINT('',#5057);
#1487=VERTEX_POINT('',#5061);
#1488=VERTEX_POINT('',#5065);
#1489=VERTEX_POINT('',#5069);
#1490=VERTEX_POINT('',#5073);
#1491=VERTEX_POINT('',#5077);
#1492=VERTEX_POINT('',#5081);
#1493=VERTEX_POINT('',#5085);
#1494=VERTEX_POINT('',#5089);
#1495=VERTEX_POINT('',#5093);
#1496=VERTEX_POINT('',#5097);
#1497=VERTEX_POINT('',#5101);
#1498=VERTEX_POINT('',#5105);
#1499=VERTEX_POINT('',#5109);
#1500=VERTEX_POINT('',#5113);
#1501=VERTEX_POINT('',#5117);
#1502=VERTEX_POINT('',#5121);
#1503=VERTEX_POINT('',#5125);
#1504=VERTEX_POINT('',#5129);
#1505=VERTEX_POINT('',#5133);
#1506=VERTEX_POINT('',#5137);
#1507=VERTEX_POINT('',#5141);
#1508=VERTEX_POINT('',#5145);
#1509=VERTEX_POINT('',#5147);
#1510=VERTEX_POINT('',#5151);
#1511=VERTEX_POINT('',#5153);
#1512=VERTEX_POINT('',#5157);
#1513=VERTEX_POINT('',#5161);
#1514=VERTEX_POINT('',#5165);
#1515=VERTEX_POINT('',#5169);
#1516=VERTEX_POINT('',#5173);
#1517=VERTEX_POINT('',#5177);
#1518=VERTEX_POINT('',#5181);
#1519=VERTEX_POINT('',#5185);
#1520=VERTEX_POINT('',#5189);
#1521=VERTEX_POINT('',#5193);
#1522=VERTEX_POINT('',#5197);
#1523=VERTEX_POINT('',#5201);
#1524=VERTEX_POINT('',#5205);
#1525=VERTEX_POINT('',#5206);
#1526=VERTEX_POINT('',#5209);
#1527=VERTEX_POINT('',#5211);
#1528=VERTEX_POINT('',#5213);
#1529=VERTEX_POINT('',#5215);
#1530=VERTEX_POINT('',#5219);
#1531=VERTEX_POINT('',#5221);
#1532=VERTEX_POINT('',#5225);
#1533=VERTEX_POINT('',#5227);
#1534=VERTEX_POINT('',#5231);
#1535=VERTEX_POINT('',#5233);
#1536=VERTEX_POINT('',#5237);
#1537=VERTEX_POINT('',#5239);
#1538=VERTEX_POINT('',#5243);
#1539=VERTEX_POINT('',#5245);
#1540=VERTEX_POINT('',#5249);
#1541=VERTEX_POINT('',#5251);
#1542=VERTEX_POINT('',#5255);
#1543=VERTEX_POINT('',#5257);
#1544=VERTEX_POINT('',#5261);
#1545=VERTEX_POINT('',#5263);
#1546=VERTEX_POINT('',#5267);
#1547=VERTEX_POINT('',#5269);
#1548=VERTEX_POINT('',#5273);
#1549=VERTEX_POINT('',#5275);
#1550=VERTEX_POINT('',#5279);
#1551=VERTEX_POINT('',#5281);
#1552=VERTEX_POINT('',#5285);
#1553=VERTEX_POINT('',#5287);
#1554=VERTEX_POINT('',#5291);
#1555=VERTEX_POINT('',#5293);
#1556=VERTEX_POINT('',#5297);
#1557=VERTEX_POINT('',#5299);
#1558=VERTEX_POINT('',#5303);
#1559=VERTEX_POINT('',#5305);
#1560=VERTEX_POINT('',#5309);
#1561=VERTEX_POINT('',#5311);
#1562=VERTEX_POINT('',#5315);
#1563=VERTEX_POINT('',#5317);
#1564=VERTEX_POINT('',#5321);
#1565=VERTEX_POINT('',#5327);
#1566=VERTEX_POINT('',#5331);
#1567=VERTEX_POINT('',#5343);
#1568=VERTEX_POINT('',#5345);
#1569=VERTEX_POINT('',#5347);
#1570=VERTEX_POINT('',#5349);
#1571=VERTEX_POINT('',#5351);
#1572=VERTEX_POINT('',#5356);
#1573=VERTEX_POINT('',#5360);
#1574=VERTEX_POINT('',#5364);
#1575=VERTEX_POINT('',#5368);
#1576=VERTEX_POINT('',#5372);
#1577=CIRCLE('',#3016,0.14402596949608);
#1578=CIRCLE('',#3017,0.14402596949608);
#1579=CIRCLE('',#3019,0.0025);
#1580=CIRCLE('',#3020,0.00135);
#1581=CIRCLE('',#3021,0.0025);
#1582=CIRCLE('',#3022,0.14502596949608);
#1583=CIRCLE('',#3023,0.14402596949608);
#1584=CIRCLE('',#3024,0.06873000506039);
#1585=CIRCLE('',#3025,0.004063010915012);
#1586=CIRCLE('',#3026,0.00198341077775399);
#1587=CIRCLE('',#3027,0.323956752758099);
#1588=CIRCLE('',#3028,0.0862892359079186);
#1589=CIRCLE('',#3029,0.00196657094613501);
#1590=CIRCLE('',#3030,0.016774354257064);
#1591=CIRCLE('',#3031,0.00075000029324699);
#1592=CIRCLE('',#3032,0.508345999993623);
#1593=CIRCLE('',#3033,0.00200122521714401);
#1594=CIRCLE('',#3034,0.00074999953939396);
#1595=CIRCLE('',#3035,0.00135);
#1596=CIRCLE('',#3036,0.0016);
#1597=CIRCLE('',#3037,0.0016);
#1598=CIRCLE('',#3038,0.0016);
#1599=CIRCLE('',#3039,0.0016);
#1600=CIRCLE('',#3040,0.0025);
#1601=CIRCLE('',#3041,0.00135);
#1602=CIRCLE('',#3042,0.00135);
#1603=CIRCLE('',#3043,0.0025);
#1604=CIRCLE('',#3044,0.0025);
#1605=CIRCLE('',#3045,0.00135);
#1606=CIRCLE('',#3046,0.00135);
#1607=CIRCLE('',#3047,0.0016);
#1608=CIRCLE('',#3048,0.0016);
#1609=CIRCLE('',#3049,0.00135);
#1610=CIRCLE('',#3050,0.00135);
#1611=CIRCLE('',#3051,0.0025);
#1612=CIRCLE('',#3052,0.00135);
#1613=CIRCLE('',#3053,0.00135);
#1614=CIRCLE('',#3054,0.0016);
#1615=CIRCLE('',#3055,0.0016);
#1616=CIRCLE('',#3056,0.00135);
#1617=CIRCLE('',#3057,0.00135);
#1618=CIRCLE('',#3058,0.0016);
#1619=CIRCLE('',#3059,0.0016);
#1620=CIRCLE('',#3060,0.00135);
#1621=CIRCLE('',#3061,0.00135);
#1622=CIRCLE('',#3062,0.0016);
#1623=CIRCLE('',#3063,0.0016);
#1624=CIRCLE('',#3064,0.0025);
#1625=CIRCLE('',#3065,0.00135);
#1626=CIRCLE('',#3066,0.00135);
#1627=CIRCLE('',#3067,0.0025);
#1628=CIRCLE('',#3068,0.0016);
#1629=CIRCLE('',#3069,0.0016);
#1630=CIRCLE('',#3070,0.00135);
#1631=CIRCLE('',#3071,0.00135);
#1632=CIRCLE('',#3072,0.0016);
#1633=CIRCLE('',#3073,0.0016);
#1634=CIRCLE('',#3074,0.00135);
#1635=CIRCLE('',#3075,0.00135);
#1636=CIRCLE('',#3076,0.0016);
#1637=CIRCLE('',#3077,0.0016);
#1638=CIRCLE('',#3078,0.0025);
#1639=CIRCLE('',#3079,0.0016);
#1640=CIRCLE('',#3080,0.0016);
#1641=CIRCLE('',#3081,0.00135);
#1642=CIRCLE('',#3082,0.00135);
#1643=CIRCLE('',#3083,0.0016);
#1644=CIRCLE('',#3084,0.0016);
#1645=CIRCLE('',#3085,0.0025);
#1646=CIRCLE('',#3086,0.0016);
#1647=CIRCLE('',#3087,0.0016);
#1648=CIRCLE('',#3088,0.0025);
#1649=CIRCLE('',#3089,0.00135);
#1650=CIRCLE('',#3090,0.00135);
#1651=CIRCLE('',#3091,0.0025);
#1652=CIRCLE('',#3092,0.00135);
#1653=CIRCLE('',#3093,0.00135);
#1654=CIRCLE('',#3094,0.0016);
#1655=CIRCLE('',#3095,0.0016);
#1656=CIRCLE('',#3096,0.001);
#1657=CIRCLE('',#3097,0.001);
#1658=CIRCLE('',#3098,0.0016);
#1659=CIRCLE('',#3099,0.0016);
#1660=CIRCLE('',#3100,0.0016);
#1661=CIRCLE('',#3101,0.0016);
#1662=CIRCLE('',#3102,0.0025);
#1663=CIRCLE('',#3103,0.00135);
#1664=CIRCLE('',#3104,0.00135);
#1665=CIRCLE('',#3105,0.0016);
#1666=CIRCLE('',#3106,0.0016);
#1667=CIRCLE('',#3107,0.0025);
#1668=CIRCLE('',#3108,0.0025);
#1669=CIRCLE('',#3109,0.00135);
#1670=CIRCLE('',#3110,0.00135);
#1671=CIRCLE('',#3111,0.0025);
#1672=CIRCLE('',#3112,0.0016);
#1673=CIRCLE('',#3113,0.0016);
#1674=CIRCLE('',#3114,0.00135);
#1675=CIRCLE('',#3115,0.00135);
#1676=CIRCLE('',#3116,0.0025);
#1677=CIRCLE('',#3117,0.001);
#1678=CIRCLE('',#3118,0.001);
#1679=CIRCLE('',#3119,0.00135);
#1680=CIRCLE('',#3120,0.00135);
#1681=CIRCLE('',#3122,0.0025);
#1682=CIRCLE('',#3125,0.00135);
#1683=CIRCLE('',#3128,0.00135);
#1684=CIRCLE('',#3131,0.0016);
#1685=CIRCLE('',#3134,0.0016);
#1686=CIRCLE('',#3137,0.00135);
#1687=CIRCLE('',#3140,0.00135);
#1688=CIRCLE('',#3143,0.0025);
#1689=CIRCLE('',#3146,0.00135);
#1690=CIRCLE('',#3149,0.00135);
#1691=CIRCLE('',#3152,0.0025);
#1692=CIRCLE('',#3155,0.0025);
#1693=CIRCLE('',#3158,0.0016);
#1694=CIRCLE('',#3161,0.0016);
#1695=CIRCLE('',#3164,0.0025);
#1696=CIRCLE('',#3167,0.00135);
#1697=CIRCLE('',#3170,0.00135);
#1698=CIRCLE('',#3173,0.0025);
#1699=CIRCLE('',#3176,0.0016);
#1700=CIRCLE('',#3179,0.0016);
#1701=CIRCLE('',#3182,0.0025);
#1702=CIRCLE('',#3185,0.0016);
#1703=CIRCLE('',#3188,0.0016);
#1704=CIRCLE('',#3191,0.00135);
#1705=CIRCLE('',#3194,0.00135);
#1706=CIRCLE('',#3197,0.0016);
#1707=CIRCLE('',#3200,0.0016);
#1708=CIRCLE('',#3203,0.001);
#1709=CIRCLE('',#3206,0.001);
#1710=CIRCLE('',#3210,0.001);
#1711=CIRCLE('',#3213,0.001);
#1712=CIRCLE('',#3217,0.0016);
#1713=CIRCLE('',#3220,0.0016);
#1714=CIRCLE('',#3223,0.00135);
#1715=CIRCLE('',#3226,0.00135);
#1716=CIRCLE('',#3229,0.0025);
#1717=CIRCLE('',#3232,0.00135);
#1718=CIRCLE('',#3235,0.00135);
#1719=CIRCLE('',#3238,0.0025);
#1720=CIRCLE('',#3241,0.0016);
#1721=CIRCLE('',#3244,0.0016);
#1722=CIRCLE('',#3247,0.0025);
#1723=CIRCLE('',#3250,0.0016);
#1724=CIRCLE('',#3253,0.0016);
#1725=CIRCLE('',#3256,0.00135);
#1726=CIRCLE('',#3259,0.00135);
#1727=CIRCLE('',#3262,0.0016);
#1728=CIRCLE('',#3265,0.0016);
#1729=CIRCLE('',#3268,0.0025);
#1730=CIRCLE('',#3271,0.0016);
#1731=CIRCLE('',#3274,0.0016);
#1732=CIRCLE('',#3277,0.00135);
#1733=CIRCLE('',#3280,0.00135);
#1734=CIRCLE('',#3283,0.0016);
#1735=CIRCLE('',#3286,0.0016);
#1736=CIRCLE('',#3289,0.00135);
#1737=CIRCLE('',#3292,0.00135);
#1738=CIRCLE('',#3295,0.0016);
#1739=CIRCLE('',#3298,0.0016);
#1740=CIRCLE('',#3301,0.0025);
#1741=CIRCLE('',#3304,0.00135);
#1742=CIRCLE('',#3307,0.00135);
#1743=CIRCLE('',#3310,0.0025);
#1744=CIRCLE('',#3313,0.0016);
#1745=CIRCLE('',#3316,0.0016);
#1746=CIRCLE('',#3319,0.00135);
#1747=CIRCLE('',#3322,0.00135);
#1748=CIRCLE('',#3325,0.0016);
#1749=CIRCLE('',#3328,0.0016);
#1750=CIRCLE('',#3331,0.00135);
#1751=CIRCLE('',#3334,0.00135);
#1752=CIRCLE('',#3337,0.0016);
#1753=CIRCLE('',#3340,0.0016);
#1754=CIRCLE('',#3343,0.00135);
#1755=CIRCLE('',#3346,0.00135);
#1756=CIRCLE('',#3349,0.0025);
#1757=CIRCLE('',#3352,0.00135);
#1758=CIRCLE('',#3355,0.00135);
#1759=CIRCLE('',#3358,0.0016);
#1760=CIRCLE('',#3361,0.0016);
#1761=CIRCLE('',#3364,0.00135);
#1762=CIRCLE('',#3367,0.00135);
#1763=CIRCLE('',#3370,0.0025);
#1764=CIRCLE('',#3373,0.0025);
#1765=CIRCLE('',#3376,0.00135);
#1766=CIRCLE('',#3379,0.00135);
#1767=CIRCLE('',#3382,0.0025);
#1768=CIRCLE('',#3385,0.0016);
#1769=CIRCLE('',#3388,0.0016);
#1770=CIRCLE('',#3392,0.00075000029324699);
#1771=CIRCLE('',#3397,0.0167743542570638);
#1772=CIRCLE('',#3400,0.00196657094613498);
#1773=CIRCLE('',#3402,0.00198341077775644);
#1774=CIRCLE('',#3404,0.00406301091501203);
#1775=CIRCLE('',#3406,0.06873000506039);
#1776=CIRCLE('',#3409,0.14402596949608);
#1777=CIRCLE('',#3411,0.000749999539394009);
#1778=CIRCLE('',#3413,0.14502596949608);
#1779=CIRCLE('',#3414,0.14502596949608);
#1780=CIRCLE('',#3415,0.14502596949608);
#1781=CIRCLE('',#3418,0.06973000506039);
#1782=CIRCLE('',#3419,0.06973000506039);
#1783=CIRCLE('',#3421,0.00506301091501287);
#1784=CIRCLE('',#3422,0.00506301091501287);
#1785=CIRCLE('',#3425,0.00298341077775645);
#1786=CIRCLE('',#3426,0.00298341077775645);
#1787=CIRCLE('',#3428,0.3229567527581);
#1788=CIRCLE('',#3429,0.3229567527581);
#1789=CIRCLE('',#3431,0.0852892359079173);
#1790=CIRCLE('',#3432,0.0852892359079173);
#1791=CIRCLE('',#3434,0.00296657094613504);
#1792=CIRCLE('',#3435,0.00296657094613504);
#1793=CIRCLE('',#3438,0.0177743542570638);
#1794=CIRCLE('',#3439,0.0177743542570638);
#1795=CIRCLE('',#3444,0.00175000029324683);
#1796=CIRCLE('',#3445,0.00175000029324683);
#1797=CIRCLE('',#3447,0.509345999993608);
#1798=CIRCLE('',#3448,0.509345999993608);
#1799=CIRCLE('',#3450,0.00100122521714411);
#1800=CIRCLE('',#3451,0.00100122521714411);
#1801=CIRCLE('',#3454,0.0862892359079185);
#1802=CIRCLE('',#3456,0.323956752758101);
#1803=CIRCLE('',#3459,0.00200122521714401);
#1804=CIRCLE('',#3461,0.508345999993623);
#1805=CIRCLE('',#3463,0.00174999953939402);
#1806=CIRCLE('',#3464,0.00174999953939402);
#1807=CIRCLE('',#3467,0.00425);
#1808=CIRCLE('',#3468,0.00425);
#1809=CIRCLE('',#3469,0.0045);
#1810=CIRCLE('',#3470,0.0045);
#1811=CIRCLE('',#3471,0.0045);
#1812=CIRCLE('',#3475,0.0045);
#1813=CIRCLE('',#3478,0.0045);
#1814=CIRCLE('',#3481,0.0045);
#1815=CIRCLE('',#3484,0.00425);
#1816=CIRCLE('',#3487,0.00425);
#1817=EDGE_LOOP('',(#307,#308,#309,#310));
#1818=EDGE_LOOP('',(#311));
#1819=EDGE_LOOP('',(#312));
#1820=EDGE_LOOP('',(#313));
#1821=EDGE_LOOP('',(#314,#315,#316,#317,#318,#319,#320,#321,#322,#323,#324,
#325,#326,#327,#328,#329,#330,#331,#332,#333,#334,#335,#336));
#1822=EDGE_LOOP('',(#337));
#1823=EDGE_LOOP('',(#338));
#1824=EDGE_LOOP('',(#339));
#1825=EDGE_LOOP('',(#340));
#1826=EDGE_LOOP('',(#341));
#1827=EDGE_LOOP('',(#342));
#1828=EDGE_LOOP('',(#343));
#1829=EDGE_LOOP('',(#344));
#1830=EDGE_LOOP('',(#345));
#1831=EDGE_LOOP('',(#346));
#1832=EDGE_LOOP('',(#347));
#1833=EDGE_LOOP('',(#348));
#1834=EDGE_LOOP('',(#349));
#1835=EDGE_LOOP('',(#350));
#1836=EDGE_LOOP('',(#351));
#1837=EDGE_LOOP('',(#352));
#1838=EDGE_LOOP('',(#353));
#1839=EDGE_LOOP('',(#354));
#1840=EDGE_LOOP('',(#355));
#1841=EDGE_LOOP('',(#356));
#1842=EDGE_LOOP('',(#357));
#1843=EDGE_LOOP('',(#358));
#1844=EDGE_LOOP('',(#359));
#1845=EDGE_LOOP('',(#360));
#1846=EDGE_LOOP('',(#361));
#1847=EDGE_LOOP('',(#362));
#1848=EDGE_LOOP('',(#363));
#1849=EDGE_LOOP('',(#364));
#1850=EDGE_LOOP('',(#365));
#1851=EDGE_LOOP('',(#366));
#1852=EDGE_LOOP('',(#367));
#1853=EDGE_LOOP('',(#368));
#1854=EDGE_LOOP('',(#369));
#1855=EDGE_LOOP('',(#370));
#1856=EDGE_LOOP('',(#371));
#1857=EDGE_LOOP('',(#372));
#1858=EDGE_LOOP('',(#373));
#1859=EDGE_LOOP('',(#374));
#1860=EDGE_LOOP('',(#375));
#1861=EDGE_LOOP('',(#376));
#1862=EDGE_LOOP('',(#377));
#1863=EDGE_LOOP('',(#378));
#1864=EDGE_LOOP('',(#379));
#1865=EDGE_LOOP('',(#380));
#1866=EDGE_LOOP('',(#381));
#1867=EDGE_LOOP('',(#382));
#1868=EDGE_LOOP('',(#383));
#1869=EDGE_LOOP('',(#384));
#1870=EDGE_LOOP('',(#385));
#1871=EDGE_LOOP('',(#386));
#1872=EDGE_LOOP('',(#387));
#1873=EDGE_LOOP('',(#388));
#1874=EDGE_LOOP('',(#389));
#1875=EDGE_LOOP('',(#390));
#1876=EDGE_LOOP('',(#391));
#1877=EDGE_LOOP('',(#392));
#1878=EDGE_LOOP('',(#393));
#1879=EDGE_LOOP('',(#394));
#1880=EDGE_LOOP('',(#395));
#1881=EDGE_LOOP('',(#396));
#1882=EDGE_LOOP('',(#397));
#1883=EDGE_LOOP('',(#398,#399,#400,#401));
#1884=EDGE_LOOP('',(#402));
#1885=EDGE_LOOP('',(#403));
#1886=EDGE_LOOP('',(#404));
#1887=EDGE_LOOP('',(#405));
#1888=EDGE_LOOP('',(#406));
#1889=EDGE_LOOP('',(#407));
#1890=EDGE_LOOP('',(#408));
#1891=EDGE_LOOP('',(#409));
#1892=EDGE_LOOP('',(#410));
#1893=EDGE_LOOP('',(#411));
#1894=EDGE_LOOP('',(#412));
#1895=EDGE_LOOP('',(#413));
#1896=EDGE_LOOP('',(#414));
#1897=EDGE_LOOP('',(#415));
#1898=EDGE_LOOP('',(#416));
#1899=EDGE_LOOP('',(#417));
#1900=EDGE_LOOP('',(#418));
#1901=EDGE_LOOP('',(#419));
#1902=EDGE_LOOP('',(#420));
#1903=EDGE_LOOP('',(#421,#422,#423,#424));
#1904=EDGE_LOOP('',(#425));
#1905=EDGE_LOOP('',(#426));
#1906=EDGE_LOOP('',(#427));
#1907=EDGE_LOOP('',(#428));
#1908=EDGE_LOOP('',(#429));
#1909=EDGE_LOOP('',(#430));
#1910=EDGE_LOOP('',(#431));
#1911=EDGE_LOOP('',(#432));
#1912=EDGE_LOOP('',(#433));
#1913=EDGE_LOOP('',(#434));
#1914=EDGE_LOOP('',(#435));
#1915=EDGE_LOOP('',(#436));
#1916=EDGE_LOOP('',(#437));
#1917=EDGE_LOOP('',(#438));
#1918=EDGE_LOOP('',(#439));
#1919=EDGE_LOOP('',(#440));
#1920=EDGE_LOOP('',(#441));
#1921=EDGE_LOOP('',(#442));
#1922=EDGE_LOOP('',(#443));
#1923=EDGE_LOOP('',(#444));
#1924=EDGE_LOOP('',(#445));
#1925=EDGE_LOOP('',(#446));
#1926=EDGE_LOOP('',(#447));
#1927=EDGE_LOOP('',(#448));
#1928=EDGE_LOOP('',(#449));
#1929=EDGE_LOOP('',(#450));
#1930=EDGE_LOOP('',(#451));
#1931=EDGE_LOOP('',(#452));
#1932=EDGE_LOOP('',(#453));
#1933=EDGE_LOOP('',(#454));
#1934=EDGE_LOOP('',(#455));
#1935=EDGE_LOOP('',(#456));
#1936=EDGE_LOOP('',(#457));
#1937=EDGE_LOOP('',(#458));
#1938=EDGE_LOOP('',(#459));
#1939=EDGE_LOOP('',(#460));
#1940=EDGE_LOOP('',(#461));
#1941=EDGE_LOOP('',(#462));
#1942=EDGE_LOOP('',(#463));
#1943=EDGE_LOOP('',(#464));
#1944=EDGE_LOOP('',(#465));
#1945=EDGE_LOOP('',(#466));
#1946=EDGE_LOOP('',(#467));
#1947=EDGE_LOOP('',(#468));
#1948=EDGE_LOOP('',(#469));
#1949=EDGE_LOOP('',(#470));
#1950=EDGE_LOOP('',(#471));
#1951=EDGE_LOOP('',(#472));
#1952=EDGE_LOOP('',(#473));
#1953=EDGE_LOOP('',(#474));
#1954=EDGE_LOOP('',(#475));
#1955=EDGE_LOOP('',(#476));
#1956=EDGE_LOOP('',(#477));
#1957=EDGE_LOOP('',(#478));
#1958=EDGE_LOOP('',(#479));
#1959=EDGE_LOOP('',(#480));
#1960=EDGE_LOOP('',(#481));
#1961=EDGE_LOOP('',(#482));
#1962=EDGE_LOOP('',(#483));
#1963=EDGE_LOOP('',(#484));
#1964=EDGE_LOOP('',(#485));
#1965=EDGE_LOOP('',(#486));
#1966=EDGE_LOOP('',(#487));
#1967=EDGE_LOOP('',(#488));
#1968=EDGE_LOOP('',(#489));
#1969=EDGE_LOOP('',(#490));
#1970=EDGE_LOOP('',(#491));
#1971=EDGE_LOOP('',(#492));
#1972=EDGE_LOOP('',(#493));
#1973=EDGE_LOOP('',(#494));
#1974=EDGE_LOOP('',(#495));
#1975=EDGE_LOOP('',(#496));
#1976=EDGE_LOOP('',(#497));
#1977=EDGE_LOOP('',(#498));
#1978=EDGE_LOOP('',(#499));
#1979=EDGE_LOOP('',(#500));
#1980=EDGE_LOOP('',(#501));
#1981=EDGE_LOOP('',(#502));
#1982=EDGE_LOOP('',(#503));
#1983=EDGE_LOOP('',(#504));
#1984=EDGE_LOOP('',(#505));
#1985=EDGE_LOOP('',(#506));
#1986=EDGE_LOOP('',(#507));
#1987=EDGE_LOOP('',(#508,#509,#510,#511));
#1988=EDGE_LOOP('',(#512,#513,#514,#515));
#1989=EDGE_LOOP('',(#516,#517,#518,#519));
#1990=EDGE_LOOP('',(#520,#521,#522,#523));
#1991=EDGE_LOOP('',(#524,#525,#526,#527));
#1992=EDGE_LOOP('',(#528,#529,#530,#531));
#1993=EDGE_LOOP('',(#532,#533,#534,#535));
#1994=EDGE_LOOP('',(#536,#537,#538,#539));
#1995=EDGE_LOOP('',(#540,#541,#542,#543));
#1996=EDGE_LOOP('',(#544,#545,#546,#547));
#1997=EDGE_LOOP('',(#548));
#1998=EDGE_LOOP('',(#549));
#1999=EDGE_LOOP('',(#550));
#2000=EDGE_LOOP('',(#551));
#2001=EDGE_LOOP('',(#552));
#2002=EDGE_LOOP('',(#553));
#2003=EDGE_LOOP('',(#554));
#2004=EDGE_LOOP('',(#555));
#2005=EDGE_LOOP('',(#556));
#2006=EDGE_LOOP('',(#557));
#2007=EDGE_LOOP('',(#558));
#2008=EDGE_LOOP('',(#559));
#2009=EDGE_LOOP('',(#560));
#2010=EDGE_LOOP('',(#561));
#2011=EDGE_LOOP('',(#562));
#2012=EDGE_LOOP('',(#563));
#2013=EDGE_LOOP('',(#564));
#2014=EDGE_LOOP('',(#565));
#2015=EDGE_LOOP('',(#566));
#2016=EDGE_LOOP('',(#567));
#2017=EDGE_LOOP('',(#568));
#2018=EDGE_LOOP('',(#569));
#2019=EDGE_LOOP('',(#570));
#2020=EDGE_LOOP('',(#571));
#2021=EDGE_LOOP('',(#572));
#2022=EDGE_LOOP('',(#573));
#2023=EDGE_LOOP('',(#574));
#2024=EDGE_LOOP('',(#575));
#2025=EDGE_LOOP('',(#576));
#2026=EDGE_LOOP('',(#577));
#2027=EDGE_LOOP('',(#578));
#2028=EDGE_LOOP('',(#579));
#2029=EDGE_LOOP('',(#580));
#2030=EDGE_LOOP('',(#581));
#2031=EDGE_LOOP('',(#582));
#2032=EDGE_LOOP('',(#583));
#2033=EDGE_LOOP('',(#584));
#2034=EDGE_LOOP('',(#585));
#2035=EDGE_LOOP('',(#586));
#2036=EDGE_LOOP('',(#587));
#2037=EDGE_LOOP('',(#588));
#2038=EDGE_LOOP('',(#589));
#2039=EDGE_LOOP('',(#590));
#2040=EDGE_LOOP('',(#591));
#2041=EDGE_LOOP('',(#592));
#2042=EDGE_LOOP('',(#593));
#2043=EDGE_LOOP('',(#594));
#2044=EDGE_LOOP('',(#595));
#2045=EDGE_LOOP('',(#596));
#2046=EDGE_LOOP('',(#597));
#2047=EDGE_LOOP('',(#598));
#2048=EDGE_LOOP('',(#599));
#2049=EDGE_LOOP('',(#600));
#2050=EDGE_LOOP('',(#601));
#2051=EDGE_LOOP('',(#602));
#2052=EDGE_LOOP('',(#603));
#2053=EDGE_LOOP('',(#604));
#2054=EDGE_LOOP('',(#605));
#2055=EDGE_LOOP('',(#606));
#2056=EDGE_LOOP('',(#607));
#2057=EDGE_LOOP('',(#608));
#2058=EDGE_LOOP('',(#609));
#2059=EDGE_LOOP('',(#610));
#2060=EDGE_LOOP('',(#611));
#2061=EDGE_LOOP('',(#612));
#2062=EDGE_LOOP('',(#613));
#2063=EDGE_LOOP('',(#614));
#2064=EDGE_LOOP('',(#615));
#2065=EDGE_LOOP('',(#616));
#2066=EDGE_LOOP('',(#617));
#2067=EDGE_LOOP('',(#618));
#2068=EDGE_LOOP('',(#619));
#2069=EDGE_LOOP('',(#620));
#2070=EDGE_LOOP('',(#621));
#2071=EDGE_LOOP('',(#622));
#2072=EDGE_LOOP('',(#623));
#2073=EDGE_LOOP('',(#624));
#2074=EDGE_LOOP('',(#625));
#2075=EDGE_LOOP('',(#626));
#2076=EDGE_LOOP('',(#627));
#2077=EDGE_LOOP('',(#628));
#2078=EDGE_LOOP('',(#629));
#2079=EDGE_LOOP('',(#630));
#2080=EDGE_LOOP('',(#631));
#2081=EDGE_LOOP('',(#632));
#2082=EDGE_LOOP('',(#633));
#2083=EDGE_LOOP('',(#634));
#2084=EDGE_LOOP('',(#635));
#2085=EDGE_LOOP('',(#636));
#2086=EDGE_LOOP('',(#637));
#2087=EDGE_LOOP('',(#638));
#2088=EDGE_LOOP('',(#639));
#2089=EDGE_LOOP('',(#640));
#2090=EDGE_LOOP('',(#641));
#2091=EDGE_LOOP('',(#642));
#2092=EDGE_LOOP('',(#643));
#2093=EDGE_LOOP('',(#644));
#2094=EDGE_LOOP('',(#645));
#2095=EDGE_LOOP('',(#646));
#2096=EDGE_LOOP('',(#647));
#2097=EDGE_LOOP('',(#648));
#2098=EDGE_LOOP('',(#649));
#2099=EDGE_LOOP('',(#650));
#2100=EDGE_LOOP('',(#651));
#2101=EDGE_LOOP('',(#652));
#2102=EDGE_LOOP('',(#653));
#2103=EDGE_LOOP('',(#654));
#2104=EDGE_LOOP('',(#655));
#2105=EDGE_LOOP('',(#656));
#2106=EDGE_LOOP('',(#657));
#2107=EDGE_LOOP('',(#658));
#2108=EDGE_LOOP('',(#659));
#2109=EDGE_LOOP('',(#660));
#2110=EDGE_LOOP('',(#661));
#2111=EDGE_LOOP('',(#662));
#2112=EDGE_LOOP('',(#663));
#2113=EDGE_LOOP('',(#664));
#2114=EDGE_LOOP('',(#665));
#2115=EDGE_LOOP('',(#666));
#2116=EDGE_LOOP('',(#667));
#2117=EDGE_LOOP('',(#668));
#2118=EDGE_LOOP('',(#669));
#2119=EDGE_LOOP('',(#670));
#2120=EDGE_LOOP('',(#671));
#2121=EDGE_LOOP('',(#672));
#2122=EDGE_LOOP('',(#673));
#2123=EDGE_LOOP('',(#674));
#2124=EDGE_LOOP('',(#675));
#2125=EDGE_LOOP('',(#676));
#2126=EDGE_LOOP('',(#677));
#2127=EDGE_LOOP('',(#678));
#2128=EDGE_LOOP('',(#679));
#2129=EDGE_LOOP('',(#680));
#2130=EDGE_LOOP('',(#681));
#2131=EDGE_LOOP('',(#682));
#2132=EDGE_LOOP('',(#683));
#2133=EDGE_LOOP('',(#684));
#2134=EDGE_LOOP('',(#685));
#2135=EDGE_LOOP('',(#686));
#2136=EDGE_LOOP('',(#687));
#2137=EDGE_LOOP('',(#688));
#2138=EDGE_LOOP('',(#689));
#2139=EDGE_LOOP('',(#690));
#2140=EDGE_LOOP('',(#691));
#2141=EDGE_LOOP('',(#692));
#2142=EDGE_LOOP('',(#693));
#2143=EDGE_LOOP('',(#694));
#2144=EDGE_LOOP('',(#695));
#2145=EDGE_LOOP('',(#696));
#2146=EDGE_LOOP('',(#697));
#2147=EDGE_LOOP('',(#698));
#2148=EDGE_LOOP('',(#699));
#2149=EDGE_LOOP('',(#700));
#2150=EDGE_LOOP('',(#701));
#2151=EDGE_LOOP('',(#702));
#2152=EDGE_LOOP('',(#703));
#2153=EDGE_LOOP('',(#704));
#2154=EDGE_LOOP('',(#705));
#2155=EDGE_LOOP('',(#706));
#2156=EDGE_LOOP('',(#707));
#2157=EDGE_LOOP('',(#708));
#2158=EDGE_LOOP('',(#709));
#2159=EDGE_LOOP('',(#710));
#2160=EDGE_LOOP('',(#711));
#2161=EDGE_LOOP('',(#712));
#2162=EDGE_LOOP('',(#713));
#2163=EDGE_LOOP('',(#714));
#2164=EDGE_LOOP('',(#715));
#2165=EDGE_LOOP('',(#716));
#2166=EDGE_LOOP('',(#717));
#2167=EDGE_LOOP('',(#718));
#2168=EDGE_LOOP('',(#719));
#2169=EDGE_LOOP('',(#720));
#2170=EDGE_LOOP('',(#721));
#2171=EDGE_LOOP('',(#722,#723,#724,#725));
#2172=EDGE_LOOP('',(#726,#727,#728,#729));
#2173=EDGE_LOOP('',(#730,#731,#732,#733));
#2174=EDGE_LOOP('',(#734,#735,#736,#737));
#2175=EDGE_LOOP('',(#738,#739,#740,#741));
#2176=EDGE_LOOP('',(#742,#743,#744,#745));
#2177=EDGE_LOOP('',(#746,#747,#748,#749));
#2178=EDGE_LOOP('',(#750,#751,#752,#753));
#2179=EDGE_LOOP('',(#754,#755,#756,#757));
#2180=EDGE_LOOP('',(#758,#759,#760,#761));
#2181=EDGE_LOOP('',(#762,#763,#764,#765));
#2182=EDGE_LOOP('',(#766,#767,#768,#769));
#2183=EDGE_LOOP('',(#770,#771,#772,#773));
#2184=EDGE_LOOP('',(#774,#775,#776,#777));
#2185=EDGE_LOOP('',(#778,#779,#780,#781,#782,#783,#784,#785));
#2186=EDGE_LOOP('',(#786,#787,#788,#789));
#2187=EDGE_LOOP('',(#790,#791,#792,#793));
#2188=EDGE_LOOP('',(#794,#795,#796,#797));
#2189=EDGE_LOOP('',(#798,#799,#800,#801));
#2190=EDGE_LOOP('',(#802,#803,#804,#805));
#2191=EDGE_LOOP('',(#806,#807,#808,#809));
#2192=EDGE_LOOP('',(#810,#811,#812,#813));
#2193=EDGE_LOOP('',(#814,#815,#816,#817));
#2194=EDGE_LOOP('',(#818,#819,#820,#821));
#2195=EDGE_LOOP('',(#822,#823,#824,#825));
#2196=EDGE_LOOP('',(#826,#827,#828,#829));
#2197=EDGE_LOOP('',(#830,#831,#832,#833));
#2198=EDGE_LOOP('',(#834,#835,#836,#837));
#2199=EDGE_LOOP('',(#838,#839,#840,#841));
#2200=EDGE_LOOP('',(#842,#843,#844,#845));
#2201=EDGE_LOOP('',(#846,#847,#848,#849));
#2202=EDGE_LOOP('',(#850,#851,#852,#853));
#2203=EDGE_LOOP('',(#854,#855,#856,#857));
#2204=EDGE_LOOP('',(#858,#859,#860,#861));
#2205=EDGE_LOOP('',(#862,#863,#864,#865));
#2206=EDGE_LOOP('',(#866,#867,#868,#869));
#2207=EDGE_LOOP('',(#870,#871,#872,#873));
#2208=EDGE_LOOP('',(#874,#875,#876,#877));
#2209=EDGE_LOOP('',(#878,#879,#880,#881,#882,#883,#884,#885,#886,#887,#888,
#889,#890,#891,#892,#893,#894,#895,#896,#897,#898,#899,#900,#901,#902,#903,
#904,#905,#906,#907,#908,#909,#910,#911,#912,#913,#914,#915,#916,#917,#918,
#919));
#2210=EDGE_LOOP('',(#920));
#2211=EDGE_LOOP('',(#921));
#2212=EDGE_LOOP('',(#922));
#2213=EDGE_LOOP('',(#923));
#2214=EDGE_LOOP('',(#924));
#2215=EDGE_LOOP('',(#925,#926,#927,#928,#929,#930,#931,#932,#933,#934,#935,
#936,#937,#938,#939,#940,#941,#942,#943));
#2216=EDGE_LOOP('',(#944,#945,#946,#947));
#2217=EDGE_LOOP('',(#948,#949,#950,#951));
#2218=EDGE_LOOP('',(#952));
#2219=EDGE_LOOP('',(#953));
#2220=EDGE_LOOP('',(#954));
#2221=EDGE_LOOP('',(#955));
#2222=EDGE_LOOP('',(#956));
#2223=EDGE_LOOP('',(#957));
#2224=EDGE_LOOP('',(#958));
#2225=EDGE_LOOP('',(#959));
#2226=EDGE_LOOP('',(#960));
#2227=EDGE_LOOP('',(#961));
#2228=EDGE_LOOP('',(#962));
#2229=EDGE_LOOP('',(#963));
#2230=EDGE_LOOP('',(#964));
#2231=EDGE_LOOP('',(#965));
#2232=EDGE_LOOP('',(#966));
#2233=FACE_BOUND('',#1817,.T.);
#2234=FACE_BOUND('',#1818,.T.);
#2235=FACE_BOUND('',#1819,.T.);
#2236=FACE_BOUND('',#1820,.T.);
#2237=FACE_BOUND('',#1821,.T.);
#2238=FACE_BOUND('',#1822,.T.);
#2239=FACE_BOUND('',#1823,.T.);
#2240=FACE_BOUND('',#1824,.T.);
#2241=FACE_BOUND('',#1825,.T.);
#2242=FACE_BOUND('',#1826,.T.);
#2243=FACE_BOUND('',#1827,.T.);
#2244=FACE_BOUND('',#1828,.T.);
#2245=FACE_BOUND('',#1829,.T.);
#2246=FACE_BOUND('',#1830,.T.);
#2247=FACE_BOUND('',#1831,.T.);
#2248=FACE_BOUND('',#1832,.T.);
#2249=FACE_BOUND('',#1833,.T.);
#2250=FACE_BOUND('',#1834,.T.);
#2251=FACE_BOUND('',#1835,.T.);
#2252=FACE_BOUND('',#1836,.T.);
#2253=FACE_BOUND('',#1837,.T.);
#2254=FACE_BOUND('',#1838,.T.);
#2255=FACE_BOUND('',#1839,.T.);
#2256=FACE_BOUND('',#1840,.T.);
#2257=FACE_BOUND('',#1841,.T.);
#2258=FACE_BOUND('',#1842,.T.);
#2259=FACE_BOUND('',#1843,.T.);
#2260=FACE_BOUND('',#1844,.T.);
#2261=FACE_BOUND('',#1845,.T.);
#2262=FACE_BOUND('',#1846,.T.);
#2263=FACE_BOUND('',#1847,.T.);
#2264=FACE_BOUND('',#1848,.T.);
#2265=FACE_BOUND('',#1849,.T.);
#2266=FACE_BOUND('',#1850,.T.);
#2267=FACE_BOUND('',#1851,.T.);
#2268=FACE_BOUND('',#1852,.T.);
#2269=FACE_BOUND('',#1853,.T.);
#2270=FACE_BOUND('',#1854,.T.);
#2271=FACE_BOUND('',#1855,.T.);
#2272=FACE_BOUND('',#1856,.T.);
#2273=FACE_BOUND('',#1857,.T.);
#2274=FACE_BOUND('',#1858,.T.);
#2275=FACE_BOUND('',#1859,.T.);
#2276=FACE_BOUND('',#1860,.T.);
#2277=FACE_BOUND('',#1861,.T.);
#2278=FACE_BOUND('',#1862,.T.);
#2279=FACE_BOUND('',#1863,.T.);
#2280=FACE_BOUND('',#1864,.T.);
#2281=FACE_BOUND('',#1865,.T.);
#2282=FACE_BOUND('',#1866,.T.);
#2283=FACE_BOUND('',#1867,.T.);
#2284=FACE_BOUND('',#1868,.T.);
#2285=FACE_BOUND('',#1869,.T.);
#2286=FACE_BOUND('',#1870,.T.);
#2287=FACE_BOUND('',#1871,.T.);
#2288=FACE_BOUND('',#1872,.T.);
#2289=FACE_BOUND('',#1873,.T.);
#2290=FACE_BOUND('',#1874,.T.);
#2291=FACE_BOUND('',#1875,.T.);
#2292=FACE_BOUND('',#1876,.T.);
#2293=FACE_BOUND('',#1877,.T.);
#2294=FACE_BOUND('',#1878,.T.);
#2295=FACE_BOUND('',#1879,.T.);
#2296=FACE_BOUND('',#1880,.T.);
#2297=FACE_BOUND('',#1881,.T.);
#2298=FACE_BOUND('',#1882,.T.);
#2299=FACE_BOUND('',#1883,.T.);
#2300=FACE_BOUND('',#1884,.T.);
#2301=FACE_BOUND('',#1885,.T.);
#2302=FACE_BOUND('',#1886,.T.);
#2303=FACE_BOUND('',#1887,.T.);
#2304=FACE_BOUND('',#1888,.T.);
#2305=FACE_BOUND('',#1889,.T.);
#2306=FACE_BOUND('',#1890,.T.);
#2307=FACE_BOUND('',#1891,.T.);
#2308=FACE_BOUND('',#1892,.T.);
#2309=FACE_BOUND('',#1893,.T.);
#2310=FACE_BOUND('',#1894,.T.);
#2311=FACE_BOUND('',#1895,.T.);
#2312=FACE_BOUND('',#1896,.T.);
#2313=FACE_BOUND('',#1897,.T.);
#2314=FACE_BOUND('',#1898,.T.);
#2315=FACE_BOUND('',#1899,.T.);
#2316=FACE_BOUND('',#1900,.T.);
#2317=FACE_BOUND('',#1901,.T.);
#2318=FACE_BOUND('',#1902,.T.);
#2319=FACE_BOUND('',#1903,.T.);
#2320=FACE_BOUND('',#1904,.T.);
#2321=FACE_BOUND('',#1905,.T.);
#2322=FACE_BOUND('',#1906,.T.);
#2323=FACE_BOUND('',#1907,.T.);
#2324=FACE_BOUND('',#1908,.T.);
#2325=FACE_BOUND('',#1909,.T.);
#2326=FACE_BOUND('',#1910,.T.);
#2327=FACE_BOUND('',#1911,.T.);
#2328=FACE_BOUND('',#1912,.T.);
#2329=FACE_BOUND('',#1913,.T.);
#2330=FACE_BOUND('',#1914,.T.);
#2331=FACE_BOUND('',#1915,.T.);
#2332=FACE_BOUND('',#1916,.T.);
#2333=FACE_BOUND('',#1917,.T.);
#2334=FACE_BOUND('',#1918,.T.);
#2335=FACE_BOUND('',#1919,.T.);
#2336=FACE_BOUND('',#1920,.T.);
#2337=FACE_BOUND('',#1921,.T.);
#2338=FACE_BOUND('',#1922,.T.);
#2339=FACE_BOUND('',#1923,.T.);
#2340=FACE_BOUND('',#1924,.T.);
#2341=FACE_BOUND('',#1925,.T.);
#2342=FACE_BOUND('',#1926,.T.);
#2343=FACE_BOUND('',#1927,.T.);
#2344=FACE_BOUND('',#1928,.T.);
#2345=FACE_BOUND('',#1929,.T.);
#2346=FACE_BOUND('',#1930,.T.);
#2347=FACE_BOUND('',#1931,.T.);
#2348=FACE_BOUND('',#1932,.T.);
#2349=FACE_BOUND('',#1933,.T.);
#2350=FACE_BOUND('',#1934,.T.);
#2351=FACE_BOUND('',#1935,.T.);
#2352=FACE_BOUND('',#1936,.T.);
#2353=FACE_BOUND('',#1937,.T.);
#2354=FACE_BOUND('',#1938,.T.);
#2355=FACE_BOUND('',#1939,.T.);
#2356=FACE_BOUND('',#1940,.T.);
#2357=FACE_BOUND('',#1941,.T.);
#2358=FACE_BOUND('',#1942,.T.);
#2359=FACE_BOUND('',#1943,.T.);
#2360=FACE_BOUND('',#1944,.T.);
#2361=FACE_BOUND('',#1945,.T.);
#2362=FACE_BOUND('',#1946,.T.);
#2363=FACE_BOUND('',#1947,.T.);
#2364=FACE_BOUND('',#1948,.T.);
#2365=FACE_BOUND('',#1949,.T.);
#2366=FACE_BOUND('',#1950,.T.);
#2367=FACE_BOUND('',#1951,.T.);
#2368=FACE_BOUND('',#1952,.T.);
#2369=FACE_BOUND('',#1953,.T.);
#2370=FACE_BOUND('',#1954,.T.);
#2371=FACE_BOUND('',#1955,.T.);
#2372=FACE_BOUND('',#1956,.T.);
#2373=FACE_BOUND('',#1957,.T.);
#2374=FACE_BOUND('',#1958,.T.);
#2375=FACE_BOUND('',#1959,.T.);
#2376=FACE_BOUND('',#1960,.T.);
#2377=FACE_BOUND('',#1961,.T.);
#2378=FACE_BOUND('',#1962,.T.);
#2379=FACE_BOUND('',#1963,.T.);
#2380=FACE_BOUND('',#1964,.T.);
#2381=FACE_BOUND('',#1965,.T.);
#2382=FACE_BOUND('',#1966,.T.);
#2383=FACE_BOUND('',#1967,.T.);
#2384=FACE_BOUND('',#1968,.T.);
#2385=FACE_BOUND('',#1969,.T.);
#2386=FACE_BOUND('',#1970,.T.);
#2387=FACE_BOUND('',#1971,.T.);
#2388=FACE_BOUND('',#1972,.T.);
#2389=FACE_BOUND('',#1973,.T.);
#2390=FACE_BOUND('',#1974,.T.);
#2391=FACE_BOUND('',#1975,.T.);
#2392=FACE_BOUND('',#1976,.T.);
#2393=FACE_BOUND('',#1977,.T.);
#2394=FACE_BOUND('',#1978,.T.);
#2395=FACE_BOUND('',#1979,.T.);
#2396=FACE_BOUND('',#1980,.T.);
#2397=FACE_BOUND('',#1981,.T.);
#2398=FACE_BOUND('',#1982,.T.);
#2399=FACE_BOUND('',#1983,.T.);
#2400=FACE_BOUND('',#1984,.T.);
#2401=FACE_BOUND('',#1985,.T.);
#2402=FACE_BOUND('',#1986,.T.);
#2403=FACE_BOUND('',#1987,.T.);
#2404=FACE_BOUND('',#1988,.T.);
#2405=FACE_BOUND('',#1989,.T.);
#2406=FACE_BOUND('',#1990,.T.);
#2407=FACE_BOUND('',#1991,.T.);
#2408=FACE_BOUND('',#1992,.T.);
#2409=FACE_BOUND('',#1993,.T.);
#2410=FACE_BOUND('',#1994,.T.);
#2411=FACE_BOUND('',#1995,.T.);
#2412=FACE_BOUND('',#1996,.T.);
#2413=FACE_BOUND('',#1997,.T.);
#2414=FACE_BOUND('',#1998,.T.);
#2415=FACE_BOUND('',#1999,.T.);
#2416=FACE_BOUND('',#2000,.T.);
#2417=FACE_BOUND('',#2001,.T.);
#2418=FACE_BOUND('',#2002,.T.);
#2419=FACE_BOUND('',#2003,.T.);
#2420=FACE_BOUND('',#2004,.T.);
#2421=FACE_BOUND('',#2005,.T.);
#2422=FACE_BOUND('',#2006,.T.);
#2423=FACE_BOUND('',#2007,.T.);
#2424=FACE_BOUND('',#2008,.T.);
#2425=FACE_BOUND('',#2009,.T.);
#2426=FACE_BOUND('',#2010,.T.);
#2427=FACE_BOUND('',#2011,.T.);
#2428=FACE_BOUND('',#2012,.T.);
#2429=FACE_BOUND('',#2013,.T.);
#2430=FACE_BOUND('',#2014,.T.);
#2431=FACE_BOUND('',#2015,.T.);
#2432=FACE_BOUND('',#2016,.T.);
#2433=FACE_BOUND('',#2017,.T.);
#2434=FACE_BOUND('',#2018,.T.);
#2435=FACE_BOUND('',#2019,.T.);
#2436=FACE_BOUND('',#2020,.T.);
#2437=FACE_BOUND('',#2021,.T.);
#2438=FACE_BOUND('',#2022,.T.);
#2439=FACE_BOUND('',#2023,.T.);
#2440=FACE_BOUND('',#2024,.T.);
#2441=FACE_BOUND('',#2025,.T.);
#2442=FACE_BOUND('',#2026,.T.);
#2443=FACE_BOUND('',#2027,.T.);
#2444=FACE_BOUND('',#2028,.T.);
#2445=FACE_BOUND('',#2029,.T.);
#2446=FACE_BOUND('',#2030,.T.);
#2447=FACE_BOUND('',#2031,.T.);
#2448=FACE_BOUND('',#2032,.T.);
#2449=FACE_BOUND('',#2033,.T.);
#2450=FACE_BOUND('',#2034,.T.);
#2451=FACE_BOUND('',#2035,.T.);
#2452=FACE_BOUND('',#2036,.T.);
#2453=FACE_BOUND('',#2037,.T.);
#2454=FACE_BOUND('',#2038,.T.);
#2455=FACE_BOUND('',#2039,.T.);
#2456=FACE_BOUND('',#2040,.T.);
#2457=FACE_BOUND('',#2041,.T.);
#2458=FACE_BOUND('',#2042,.T.);
#2459=FACE_BOUND('',#2043,.T.);
#2460=FACE_BOUND('',#2044,.T.);
#2461=FACE_BOUND('',#2045,.T.);
#2462=FACE_BOUND('',#2046,.T.);
#2463=FACE_BOUND('',#2047,.T.);
#2464=FACE_BOUND('',#2048,.T.);
#2465=FACE_BOUND('',#2049,.T.);
#2466=FACE_BOUND('',#2050,.T.);
#2467=FACE_BOUND('',#2051,.T.);
#2468=FACE_BOUND('',#2052,.T.);
#2469=FACE_BOUND('',#2053,.T.);
#2470=FACE_BOUND('',#2054,.T.);
#2471=FACE_BOUND('',#2055,.T.);
#2472=FACE_BOUND('',#2056,.T.);
#2473=FACE_BOUND('',#2057,.T.);
#2474=FACE_BOUND('',#2058,.T.);
#2475=FACE_BOUND('',#2059,.T.);
#2476=FACE_BOUND('',#2060,.T.);
#2477=FACE_BOUND('',#2061,.T.);
#2478=FACE_BOUND('',#2062,.T.);
#2479=FACE_BOUND('',#2063,.T.);
#2480=FACE_BOUND('',#2064,.T.);
#2481=FACE_BOUND('',#2065,.T.);
#2482=FACE_BOUND('',#2066,.T.);
#2483=FACE_BOUND('',#2067,.T.);
#2484=FACE_BOUND('',#2068,.T.);
#2485=FACE_BOUND('',#2069,.T.);
#2486=FACE_BOUND('',#2070,.T.);
#2487=FACE_BOUND('',#2071,.T.);
#2488=FACE_BOUND('',#2072,.T.);
#2489=FACE_BOUND('',#2073,.T.);
#2490=FACE_BOUND('',#2074,.T.);
#2491=FACE_BOUND('',#2075,.T.);
#2492=FACE_BOUND('',#2076,.T.);
#2493=FACE_BOUND('',#2077,.T.);
#2494=FACE_BOUND('',#2078,.T.);
#2495=FACE_BOUND('',#2079,.T.);
#2496=FACE_BOUND('',#2080,.T.);
#2497=FACE_BOUND('',#2081,.T.);
#2498=FACE_BOUND('',#2082,.T.);
#2499=FACE_BOUND('',#2083,.T.);
#2500=FACE_BOUND('',#2084,.T.);
#2501=FACE_BOUND('',#2085,.T.);
#2502=FACE_BOUND('',#2086,.T.);
#2503=FACE_BOUND('',#2087,.T.);
#2504=FACE_BOUND('',#2088,.T.);
#2505=FACE_BOUND('',#2089,.T.);
#2506=FACE_BOUND('',#2090,.T.);
#2507=FACE_BOUND('',#2091,.T.);
#2508=FACE_BOUND('',#2092,.T.);
#2509=FACE_BOUND('',#2093,.T.);
#2510=FACE_BOUND('',#2094,.T.);
#2511=FACE_BOUND('',#2095,.T.);
#2512=FACE_BOUND('',#2096,.T.);
#2513=FACE_BOUND('',#2097,.T.);
#2514=FACE_BOUND('',#2098,.T.);
#2515=FACE_BOUND('',#2099,.T.);
#2516=FACE_BOUND('',#2100,.T.);
#2517=FACE_BOUND('',#2101,.T.);
#2518=FACE_BOUND('',#2102,.T.);
#2519=FACE_BOUND('',#2103,.T.);
#2520=FACE_BOUND('',#2104,.T.);
#2521=FACE_BOUND('',#2105,.T.);
#2522=FACE_BOUND('',#2106,.T.);
#2523=FACE_BOUND('',#2107,.T.);
#2524=FACE_BOUND('',#2108,.T.);
#2525=FACE_BOUND('',#2109,.T.);
#2526=FACE_BOUND('',#2110,.T.);
#2527=FACE_BOUND('',#2111,.T.);
#2528=FACE_BOUND('',#2112,.T.);
#2529=FACE_BOUND('',#2113,.T.);
#2530=FACE_BOUND('',#2114,.T.);
#2531=FACE_BOUND('',#2115,.T.);
#2532=FACE_BOUND('',#2116,.T.);
#2533=FACE_BOUND('',#2117,.T.);
#2534=FACE_BOUND('',#2118,.T.);
#2535=FACE_BOUND('',#2119,.T.);
#2536=FACE_BOUND('',#2120,.T.);
#2537=FACE_BOUND('',#2121,.T.);
#2538=FACE_BOUND('',#2122,.T.);
#2539=FACE_BOUND('',#2123,.T.);
#2540=FACE_BOUND('',#2124,.T.);
#2541=FACE_BOUND('',#2125,.T.);
#2542=FACE_BOUND('',#2126,.T.);
#2543=FACE_BOUND('',#2127,.T.);
#2544=FACE_BOUND('',#2128,.T.);
#2545=FACE_BOUND('',#2129,.T.);
#2546=FACE_BOUND('',#2130,.T.);
#2547=FACE_BOUND('',#2131,.T.);
#2548=FACE_BOUND('',#2132,.T.);
#2549=FACE_BOUND('',#2133,.T.);
#2550=FACE_BOUND('',#2134,.T.);
#2551=FACE_BOUND('',#2135,.T.);
#2552=FACE_BOUND('',#2136,.T.);
#2553=FACE_BOUND('',#2137,.T.);
#2554=FACE_BOUND('',#2138,.T.);
#2555=FACE_BOUND('',#2139,.T.);
#2556=FACE_BOUND('',#2140,.T.);
#2557=FACE_BOUND('',#2141,.T.);
#2558=FACE_BOUND('',#2142,.T.);
#2559=FACE_BOUND('',#2143,.T.);
#2560=FACE_BOUND('',#2144,.T.);
#2561=FACE_BOUND('',#2145,.T.);
#2562=FACE_BOUND('',#2146,.T.);
#2563=FACE_BOUND('',#2147,.T.);
#2564=FACE_BOUND('',#2148,.T.);
#2565=FACE_BOUND('',#2149,.T.);
#2566=FACE_BOUND('',#2150,.T.);
#2567=FACE_BOUND('',#2151,.T.);
#2568=FACE_BOUND('',#2152,.T.);
#2569=FACE_BOUND('',#2153,.T.);
#2570=FACE_BOUND('',#2154,.T.);
#2571=FACE_BOUND('',#2155,.T.);
#2572=FACE_BOUND('',#2156,.T.);
#2573=FACE_BOUND('',#2157,.T.);
#2574=FACE_BOUND('',#2158,.T.);
#2575=FACE_BOUND('',#2159,.T.);
#2576=FACE_BOUND('',#2160,.T.);
#2577=FACE_BOUND('',#2161,.T.);
#2578=FACE_BOUND('',#2162,.T.);
#2579=FACE_BOUND('',#2163,.T.);
#2580=FACE_BOUND('',#2164,.T.);
#2581=FACE_BOUND('',#2165,.T.);
#2582=FACE_BOUND('',#2166,.T.);
#2583=FACE_BOUND('',#2167,.T.);
#2584=FACE_BOUND('',#2168,.T.);
#2585=FACE_BOUND('',#2169,.T.);
#2586=FACE_BOUND('',#2170,.T.);
#2587=FACE_BOUND('',#2171,.T.);
#2588=FACE_BOUND('',#2172,.T.);
#2589=FACE_BOUND('',#2173,.T.);
#2590=FACE_BOUND('',#2174,.T.);
#2591=FACE_BOUND('',#2175,.T.);
#2592=FACE_BOUND('',#2176,.T.);
#2593=FACE_BOUND('',#2177,.T.);
#2594=FACE_BOUND('',#2178,.T.);
#2595=FACE_BOUND('',#2179,.T.);
#2596=FACE_BOUND('',#2180,.T.);
#2597=FACE_BOUND('',#2181,.T.);
#2598=FACE_BOUND('',#2182,.T.);
#2599=FACE_BOUND('',#2183,.T.);
#2600=FACE_BOUND('',#2184,.T.);
#2601=FACE_BOUND('',#2185,.T.);
#2602=FACE_BOUND('',#2186,.T.);
#2603=FACE_BOUND('',#2187,.T.);
#2604=FACE_BOUND('',#2188,.T.);
#2605=FACE_BOUND('',#2189,.T.);
#2606=FACE_BOUND('',#2190,.T.);
#2607=FACE_BOUND('',#2191,.T.);
#2608=FACE_BOUND('',#2192,.T.);
#2609=FACE_BOUND('',#2193,.T.);
#2610=FACE_BOUND('',#2194,.T.);
#2611=FACE_BOUND('',#2195,.T.);
#2612=FACE_BOUND('',#2196,.T.);
#2613=FACE_BOUND('',#2197,.T.);
#2614=FACE_BOUND('',#2198,.T.);
#2615=FACE_BOUND('',#2199,.T.);
#2616=FACE_BOUND('',#2200,.T.);
#2617=FACE_BOUND('',#2201,.T.);
#2618=FACE_BOUND('',#2202,.T.);
#2619=FACE_BOUND('',#2203,.T.);
#2620=FACE_BOUND('',#2204,.T.);
#2621=FACE_BOUND('',#2205,.T.);
#2622=FACE_BOUND('',#2206,.T.);
#2623=FACE_BOUND('',#2207,.T.);
#2624=FACE_BOUND('',#2208,.T.);
#2625=FACE_BOUND('',#2209,.T.);
#2626=FACE_BOUND('',#2210,.T.);
#2627=FACE_BOUND('',#2211,.T.);
#2628=FACE_BOUND('',#2212,.T.);
#2629=FACE_BOUND('',#2213,.T.);
#2630=FACE_BOUND('',#2214,.T.);
#2631=FACE_BOUND('',#2215,.T.);
#2632=FACE_BOUND('',#2216,.T.);
#2633=FACE_BOUND('',#2217,.T.);
#2634=FACE_BOUND('',#2218,.T.);
#2635=FACE_BOUND('',#2219,.T.);
#2636=FACE_BOUND('',#2220,.T.);
#2637=FACE_BOUND('',#2221,.T.);
#2638=FACE_BOUND('',#2222,.T.);
#2639=FACE_BOUND('',#2223,.T.);
#2640=FACE_BOUND('',#2224,.T.);
#2641=FACE_BOUND('',#2225,.T.);
#2642=FACE_BOUND('',#2226,.T.);
#2643=FACE_BOUND('',#2227,.T.);
#2644=FACE_BOUND('',#2228,.T.);
#2645=FACE_BOUND('',#2229,.T.);
#2646=FACE_BOUND('',#2230,.T.);
#2647=FACE_BOUND('',#2231,.T.);
#2648=FACE_BOUND('',#2232,.T.);
#2649=CYLINDRICAL_SURFACE('',#3015,0.14402596949608);
#2650=CYLINDRICAL_SURFACE('',#3121,0.0025);
#2651=CYLINDRICAL_SURFACE('',#3124,0.00135);
#2652=CYLINDRICAL_SURFACE('',#3127,0.00135);
#2653=CYLINDRICAL_SURFACE('',#3130,0.0016);
#2654=CYLINDRICAL_SURFACE('',#3133,0.0016);
#2655=CYLINDRICAL_SURFACE('',#3136,0.00135);
#2656=CYLINDRICAL_SURFACE('',#3139,0.00135);
#2657=CYLINDRICAL_SURFACE('',#3142,0.0025);
#2658=CYLINDRICAL_SURFACE('',#3145,0.00135);
#2659=CYLINDRICAL_SURFACE('',#3148,0.00135);
#2660=CYLINDRICAL_SURFACE('',#3151,0.0025);
#2661=CYLINDRICAL_SURFACE('',#3154,0.0025);
#2662=CYLINDRICAL_SURFACE('',#3157,0.0016);
#2663=CYLINDRICAL_SURFACE('',#3160,0.0016);
#2664=CYLINDRICAL_SURFACE('',#3163,0.0025);
#2665=CYLINDRICAL_SURFACE('',#3166,0.00135);
#2666=CYLINDRICAL_SURFACE('',#3169,0.00135);
#2667=CYLINDRICAL_SURFACE('',#3172,0.0025);
#2668=CYLINDRICAL_SURFACE('',#3175,0.0016);
#2669=CYLINDRICAL_SURFACE('',#3178,0.0016);
#2670=CYLINDRICAL_SURFACE('',#3181,0.0025);
#2671=CYLINDRICAL_SURFACE('',#3184,0.0016);
#2672=CYLINDRICAL_SURFACE('',#3187,0.0016);
#2673=CYLINDRICAL_SURFACE('',#3190,0.00135);
#2674=CYLINDRICAL_SURFACE('',#3193,0.00135);
#2675=CYLINDRICAL_SURFACE('',#3196,0.0016);
#2676=CYLINDRICAL_SURFACE('',#3199,0.0016);
#2677=CYLINDRICAL_SURFACE('',#3202,0.001);
#2678=CYLINDRICAL_SURFACE('',#3205,0.001);
#2679=CYLINDRICAL_SURFACE('',#3209,0.001);
#2680=CYLINDRICAL_SURFACE('',#3212,0.001);
#2681=CYLINDRICAL_SURFACE('',#3216,0.0016);
#2682=CYLINDRICAL_SURFACE('',#3219,0.0016);
#2683=CYLINDRICAL_SURFACE('',#3222,0.00135);
#2684=CYLINDRICAL_SURFACE('',#3225,0.00135);
#2685=CYLINDRICAL_SURFACE('',#3228,0.0025);
#2686=CYLINDRICAL_SURFACE('',#3231,0.00135);
#2687=CYLINDRICAL_SURFACE('',#3234,0.00135);
#2688=CYLINDRICAL_SURFACE('',#3237,0.0025);
#2689=CYLINDRICAL_SURFACE('',#3240,0.0016);
#2690=CYLINDRICAL_SURFACE('',#3243,0.0016);
#2691=CYLINDRICAL_SURFACE('',#3246,0.0025);
#2692=CYLINDRICAL_SURFACE('',#3249,0.0016);
#2693=CYLINDRICAL_SURFACE('',#3252,0.0016);
#2694=CYLINDRICAL_SURFACE('',#3255,0.00135);
#2695=CYLINDRICAL_SURFACE('',#3258,0.00135);
#2696=CYLINDRICAL_SURFACE('',#3261,0.0016);
#2697=CYLINDRICAL_SURFACE('',#3264,0.0016);
#2698=CYLINDRICAL_SURFACE('',#3267,0.0025);
#2699=CYLINDRICAL_SURFACE('',#3270,0.0016);
#2700=CYLINDRICAL_SURFACE('',#3273,0.0016);
#2701=CYLINDRICAL_SURFACE('',#3276,0.00135);
#2702=CYLINDRICAL_SURFACE('',#3279,0.00135);
#2703=CYLINDRICAL_SURFACE('',#3282,0.0016);
#2704=CYLINDRICAL_SURFACE('',#3285,0.0016);
#2705=CYLINDRICAL_SURFACE('',#3288,0.00135);
#2706=CYLINDRICAL_SURFACE('',#3291,0.00135);
#2707=CYLINDRICAL_SURFACE('',#3294,0.0016);
#2708=CYLINDRICAL_SURFACE('',#3297,0.0016);
#2709=CYLINDRICAL_SURFACE('',#3300,0.0025);
#2710=CYLINDRICAL_SURFACE('',#3303,0.00135);
#2711=CYLINDRICAL_SURFACE('',#3306,0.00135);
#2712=CYLINDRICAL_SURFACE('',#3309,0.0025);
#2713=CYLINDRICAL_SURFACE('',#3312,0.0016);
#2714=CYLINDRICAL_SURFACE('',#3315,0.0016);
#2715=CYLINDRICAL_SURFACE('',#3318,0.00135);
#2716=CYLINDRICAL_SURFACE('',#3321,0.00135);
#2717=CYLINDRICAL_SURFACE('',#3324,0.0016);
#2718=CYLINDRICAL_SURFACE('',#3327,0.0016);
#2719=CYLINDRICAL_SURFACE('',#3330,0.00135);
#2720=CYLINDRICAL_SURFACE('',#3333,0.00135);
#2721=CYLINDRICAL_SURFACE('',#3336,0.0016);
#2722=CYLINDRICAL_SURFACE('',#3339,0.0016);
#2723=CYLINDRICAL_SURFACE('',#3342,0.00135);
#2724=CYLINDRICAL_SURFACE('',#3345,0.00135);
#2725=CYLINDRICAL_SURFACE('',#3348,0.0025);
#2726=CYLINDRICAL_SURFACE('',#3351,0.00135);
#2727=CYLINDRICAL_SURFACE('',#3354,0.00135);
#2728=CYLINDRICAL_SURFACE('',#3357,0.0016);
#2729=CYLINDRICAL_SURFACE('',#3360,0.0016);
#2730=CYLINDRICAL_SURFACE('',#3363,0.00135);
#2731=CYLINDRICAL_SURFACE('',#3366,0.00135);
#2732=CYLINDRICAL_SURFACE('',#3369,0.0025);
#2733=CYLINDRICAL_SURFACE('',#3372,0.0025);
#2734=CYLINDRICAL_SURFACE('',#3375,0.00135);
#2735=CYLINDRICAL_SURFACE('',#3378,0.00135);
#2736=CYLINDRICAL_SURFACE('',#3381,0.0025);
#2737=CYLINDRICAL_SURFACE('',#3384,0.0016);
#2738=CYLINDRICAL_SURFACE('',#3387,0.0016);
#2739=CYLINDRICAL_SURFACE('',#3391,0.00075000029324699);
#2740=CYLINDRICAL_SURFACE('',#3396,0.0167743542570638);
#2741=CYLINDRICAL_SURFACE('',#3399,0.00196657094613498);
#2742=CYLINDRICAL_SURFACE('',#3401,0.00198341077775644);
#2743=CYLINDRICAL_SURFACE('',#3403,0.00406301091501203);
#2744=CYLINDRICAL_SURFACE('',#3405,0.06873000506039);
#2745=CYLINDRICAL_SURFACE('',#3408,0.14402596949608);
#2746=CYLINDRICAL_SURFACE('',#3410,0.000749999539394009);
#2747=CYLINDRICAL_SURFACE('',#3412,0.14502596949608);
#2748=CYLINDRICAL_SURFACE('',#3417,0.06973000506039);
#2749=CYLINDRICAL_SURFACE('',#3420,0.00506301091501287);
#2750=CYLINDRICAL_SURFACE('',#3424,0.00298341077775645);
#2751=CYLINDRICAL_SURFACE('',#3427,0.3229567527581);
#2752=CYLINDRICAL_SURFACE('',#3430,0.0852892359079173);
#2753=CYLINDRICAL_SURFACE('',#3433,0.00296657094613504);
#2754=CYLINDRICAL_SURFACE('',#3437,0.0177743542570638);
#2755=CYLINDRICAL_SURFACE('',#3443,0.00175000029324683);
#2756=CYLINDRICAL_SURFACE('',#3446,0.509345999993608);
#2757=CYLINDRICAL_SURFACE('',#3449,0.00100122521714411);
#2758=CYLINDRICAL_SURFACE('',#3453,0.0862892359079185);
#2759=CYLINDRICAL_SURFACE('',#3455,0.323956752758101);
#2760=CYLINDRICAL_SURFACE('',#3458,0.00200122521714401);
#2761=CYLINDRICAL_SURFACE('',#3460,0.508345999993623);
#2762=CYLINDRICAL_SURFACE('',#3462,0.00174999953939402);
#2763=CYLINDRICAL_SURFACE('',#3474,0.0045);
#2764=CYLINDRICAL_SURFACE('',#3477,0.0045);
#2765=CYLINDRICAL_SURFACE('',#3480,0.0045);
#2766=CYLINDRICAL_SURFACE('',#3483,0.00425);
#2767=CYLINDRICAL_SURFACE('',#3486,0.00425);
#2768=ADVANCED_FACE('',(#2233),#2649,.F.);
#2769=ADVANCED_FACE('',(#2234,#2235,#2236,#2237,#2238,#2239,#2240,#2241,
#2242,#2243,#2244,#2245,#2246,#2247,#2248,#2249,#2250,#2251,#2252,#2253,
#2254,#2255,#2256,#2257,#2258,#2259,#2260,#2261,#2262,#2263,#2264,#2265,
#2266,#2267,#2268,#2269,#2270,#2271,#2272,#2273,#2274,#2275,#2276,#2277,
#2278,#2279,#2280,#2281,#2282,#2283,#2284,#2285,#2286,#2287,#2288,#2289,
#2290,#2291,#2292,#2293,#2294,#2295,#2296,#2297,#2298,#2299,#2300,#2301,
#2302,#2303,#2304,#2305,#2306,#2307,#2308,#2309,#2310,#2311,#2312,#2313,
#2314,#2315,#2316,#2317,#2318,#2319,#2320,#2321),#12,.T.);
#2770=ADVANCED_FACE('',(#2322,#2323),#2650,.F.);
#2771=ADVANCED_FACE('',(#2324),#13,.T.);
#2772=ADVANCED_FACE('',(#2325,#2326),#2651,.F.);
#2773=ADVANCED_FACE('',(#2327),#14,.T.);
#2774=ADVANCED_FACE('',(#2328,#2329),#2652,.F.);
#2775=ADVANCED_FACE('',(#2330),#15,.T.);
#2776=ADVANCED_FACE('',(#2331,#2332),#2653,.F.);
#2777=ADVANCED_FACE('',(#2333),#16,.T.);
#2778=ADVANCED_FACE('',(#2334,#2335),#2654,.F.);
#2779=ADVANCED_FACE('',(#2336),#17,.T.);
#2780=ADVANCED_FACE('',(#2337,#2338),#2655,.F.);
#2781=ADVANCED_FACE('',(#2339),#18,.T.);
#2782=ADVANCED_FACE('',(#2340,#2341),#2656,.F.);
#2783=ADVANCED_FACE('',(#2342),#19,.T.);
#2784=ADVANCED_FACE('',(#2343,#2344),#2657,.F.);
#2785=ADVANCED_FACE('',(#2345),#20,.T.);
#2786=ADVANCED_FACE('',(#2346,#2347),#2658,.F.);
#2787=ADVANCED_FACE('',(#2348),#21,.T.);
#2788=ADVANCED_FACE('',(#2349,#2350),#2659,.F.);
#2789=ADVANCED_FACE('',(#2351),#22,.T.);
#2790=ADVANCED_FACE('',(#2352,#2353),#2660,.F.);
#2791=ADVANCED_FACE('',(#2354),#23,.T.);
#2792=ADVANCED_FACE('',(#2355,#2356),#2661,.F.);
#2793=ADVANCED_FACE('',(#2357),#24,.T.);
#2794=ADVANCED_FACE('',(#2358,#2359),#2662,.F.);
#2795=ADVANCED_FACE('',(#2360),#25,.T.);
#2796=ADVANCED_FACE('',(#2361,#2362),#2663,.F.);
#2797=ADVANCED_FACE('',(#2363),#26,.T.);
#2798=ADVANCED_FACE('',(#2364,#2365),#2664,.F.);
#2799=ADVANCED_FACE('',(#2366),#27,.T.);
#2800=ADVANCED_FACE('',(#2367,#2368),#2665,.F.);
#2801=ADVANCED_FACE('',(#2369),#28,.T.);
#2802=ADVANCED_FACE('',(#2370,#2371),#2666,.F.);
#2803=ADVANCED_FACE('',(#2372),#29,.T.);
#2804=ADVANCED_FACE('',(#2373,#2374),#2667,.F.);
#2805=ADVANCED_FACE('',(#2375),#30,.T.);
#2806=ADVANCED_FACE('',(#2376,#2377),#2668,.F.);
#2807=ADVANCED_FACE('',(#2378),#31,.T.);
#2808=ADVANCED_FACE('',(#2379,#2380),#2669,.F.);
#2809=ADVANCED_FACE('',(#2381),#32,.T.);
#2810=ADVANCED_FACE('',(#2382,#2383),#2670,.F.);
#2811=ADVANCED_FACE('',(#2384),#33,.T.);
#2812=ADVANCED_FACE('',(#2385,#2386),#2671,.F.);
#2813=ADVANCED_FACE('',(#2387),#34,.T.);
#2814=ADVANCED_FACE('',(#2388,#2389),#2672,.F.);
#2815=ADVANCED_FACE('',(#2390),#35,.T.);
#2816=ADVANCED_FACE('',(#2391,#2392),#2673,.F.);
#2817=ADVANCED_FACE('',(#2393),#36,.T.);
#2818=ADVANCED_FACE('',(#2394,#2395),#2674,.F.);
#2819=ADVANCED_FACE('',(#2396),#37,.T.);
#2820=ADVANCED_FACE('',(#2397,#2398),#2675,.F.);
#2821=ADVANCED_FACE('',(#2399),#38,.T.);
#2822=ADVANCED_FACE('',(#2400,#2401),#2676,.F.);
#2823=ADVANCED_FACE('',(#2402),#39,.T.);
#2824=ADVANCED_FACE('',(#2403),#2677,.F.);
#2825=ADVANCED_FACE('',(#2404),#40,.T.);
#2826=ADVANCED_FACE('',(#2405),#2678,.F.);
#2827=ADVANCED_FACE('',(#2406),#41,.T.);
#2828=ADVANCED_FACE('',(#2407),#42,.T.);
#2829=ADVANCED_FACE('',(#2408),#2679,.F.);
#2830=ADVANCED_FACE('',(#2409),#43,.T.);
#2831=ADVANCED_FACE('',(#2410),#2680,.F.);
#2832=ADVANCED_FACE('',(#2411),#44,.T.);
#2833=ADVANCED_FACE('',(#2412),#45,.T.);
#2834=ADVANCED_FACE('',(#2413,#2414),#2681,.F.);
#2835=ADVANCED_FACE('',(#2415),#46,.T.);
#2836=ADVANCED_FACE('',(#2416,#2417),#2682,.F.);
#2837=ADVANCED_FACE('',(#2418),#47,.T.);
#2838=ADVANCED_FACE('',(#2419,#2420),#2683,.F.);
#2839=ADVANCED_FACE('',(#2421),#48,.T.);
#2840=ADVANCED_FACE('',(#2422,#2423),#2684,.F.);
#2841=ADVANCED_FACE('',(#2424),#49,.T.);
#2842=ADVANCED_FACE('',(#2425,#2426),#2685,.F.);
#2843=ADVANCED_FACE('',(#2427),#50,.T.);
#2844=ADVANCED_FACE('',(#2428,#2429),#2686,.F.);
#2845=ADVANCED_FACE('',(#2430),#51,.T.);
#2846=ADVANCED_FACE('',(#2431,#2432),#2687,.F.);
#2847=ADVANCED_FACE('',(#2433),#52,.T.);
#2848=ADVANCED_FACE('',(#2434,#2435),#2688,.F.);
#2849=ADVANCED_FACE('',(#2436),#53,.T.);
#2850=ADVANCED_FACE('',(#2437,#2438),#2689,.F.);
#2851=ADVANCED_FACE('',(#2439),#54,.T.);
#2852=ADVANCED_FACE('',(#2440,#2441),#2690,.F.);
#2853=ADVANCED_FACE('',(#2442),#55,.T.);
#2854=ADVANCED_FACE('',(#2443,#2444),#2691,.F.);
#2855=ADVANCED_FACE('',(#2445),#56,.T.);
#2856=ADVANCED_FACE('',(#2446,#2447),#2692,.F.);
#2857=ADVANCED_FACE('',(#2448),#57,.T.);
#2858=ADVANCED_FACE('',(#2449,#2450),#2693,.F.);
#2859=ADVANCED_FACE('',(#2451),#58,.T.);
#2860=ADVANCED_FACE('',(#2452,#2453),#2694,.F.);
#2861=ADVANCED_FACE('',(#2454),#59,.T.);
#2862=ADVANCED_FACE('',(#2455,#2456),#2695,.F.);
#2863=ADVANCED_FACE('',(#2457),#60,.T.);
#2864=ADVANCED_FACE('',(#2458,#2459),#2696,.F.);
#2865=ADVANCED_FACE('',(#2460),#61,.T.);
#2866=ADVANCED_FACE('',(#2461,#2462),#2697,.F.);
#2867=ADVANCED_FACE('',(#2463),#62,.T.);
#2868=ADVANCED_FACE('',(#2464,#2465),#2698,.F.);
#2869=ADVANCED_FACE('',(#2466),#63,.T.);
#2870=ADVANCED_FACE('',(#2467,#2468),#2699,.F.);
#2871=ADVANCED_FACE('',(#2469),#64,.T.);
#2872=ADVANCED_FACE('',(#2470,#2471),#2700,.F.);
#2873=ADVANCED_FACE('',(#2472),#65,.T.);
#2874=ADVANCED_FACE('',(#2473,#2474),#2701,.F.);
#2875=ADVANCED_FACE('',(#2475),#66,.T.);
#2876=ADVANCED_FACE('',(#2476,#2477),#2702,.F.);
#2877=ADVANCED_FACE('',(#2478),#67,.T.);
#2878=ADVANCED_FACE('',(#2479,#2480),#2703,.F.);
#2879=ADVANCED_FACE('',(#2481),#68,.T.);
#2880=ADVANCED_FACE('',(#2482,#2483),#2704,.F.);
#2881=ADVANCED_FACE('',(#2484),#69,.T.);
#2882=ADVANCED_FACE('',(#2485,#2486),#2705,.F.);
#2883=ADVANCED_FACE('',(#2487),#70,.T.);
#2884=ADVANCED_FACE('',(#2488,#2489),#2706,.F.);
#2885=ADVANCED_FACE('',(#2490),#71,.T.);
#2886=ADVANCED_FACE('',(#2491,#2492),#2707,.F.);
#2887=ADVANCED_FACE('',(#2493),#72,.T.);
#2888=ADVANCED_FACE('',(#2494,#2495),#2708,.F.);
#2889=ADVANCED_FACE('',(#2496),#73,.T.);
#2890=ADVANCED_FACE('',(#2497,#2498),#2709,.F.);
#2891=ADVANCED_FACE('',(#2499),#74,.T.);
#2892=ADVANCED_FACE('',(#2500,#2501),#2710,.F.);
#2893=ADVANCED_FACE('',(#2502),#75,.T.);
#2894=ADVANCED_FACE('',(#2503,#2504),#2711,.F.);
#2895=ADVANCED_FACE('',(#2505),#76,.T.);
#2896=ADVANCED_FACE('',(#2506,#2507),#2712,.F.);
#2897=ADVANCED_FACE('',(#2508),#77,.T.);
#2898=ADVANCED_FACE('',(#2509,#2510),#2713,.F.);
#2899=ADVANCED_FACE('',(#2511),#78,.T.);
#2900=ADVANCED_FACE('',(#2512,#2513),#2714,.F.);
#2901=ADVANCED_FACE('',(#2514),#79,.T.);
#2902=ADVANCED_FACE('',(#2515,#2516),#2715,.F.);
#2903=ADVANCED_FACE('',(#2517),#80,.T.);
#2904=ADVANCED_FACE('',(#2518,#2519),#2716,.F.);
#2905=ADVANCED_FACE('',(#2520),#81,.T.);
#2906=ADVANCED_FACE('',(#2521,#2522),#2717,.F.);
#2907=ADVANCED_FACE('',(#2523),#82,.T.);
#2908=ADVANCED_FACE('',(#2524,#2525),#2718,.F.);
#2909=ADVANCED_FACE('',(#2526),#83,.T.);
#2910=ADVANCED_FACE('',(#2527,#2528),#2719,.F.);
#2911=ADVANCED_FACE('',(#2529),#84,.T.);
#2912=ADVANCED_FACE('',(#2530,#2531),#2720,.F.);
#2913=ADVANCED_FACE('',(#2532),#85,.T.);
#2914=ADVANCED_FACE('',(#2533,#2534),#2721,.F.);
#2915=ADVANCED_FACE('',(#2535),#86,.T.);
#2916=ADVANCED_FACE('',(#2536,#2537),#2722,.F.);
#2917=ADVANCED_FACE('',(#2538),#87,.T.);
#2918=ADVANCED_FACE('',(#2539,#2540),#2723,.F.);
#2919=ADVANCED_FACE('',(#2541),#88,.T.);
#2920=ADVANCED_FACE('',(#2542,#2543),#2724,.F.);
#2921=ADVANCED_FACE('',(#2544),#89,.T.);
#2922=ADVANCED_FACE('',(#2545,#2546),#2725,.F.);
#2923=ADVANCED_FACE('',(#2547),#90,.T.);
#2924=ADVANCED_FACE('',(#2548,#2549),#2726,.F.);
#2925=ADVANCED_FACE('',(#2550),#91,.T.);
#2926=ADVANCED_FACE('',(#2551,#2552),#2727,.F.);
#2927=ADVANCED_FACE('',(#2553),#92,.T.);
#2928=ADVANCED_FACE('',(#2554,#2555),#2728,.F.);
#2929=ADVANCED_FACE('',(#2556),#93,.T.);
#2930=ADVANCED_FACE('',(#2557,#2558),#2729,.F.);
#2931=ADVANCED_FACE('',(#2559),#94,.T.);
#2932=ADVANCED_FACE('',(#2560,#2561),#2730,.F.);
#2933=ADVANCED_FACE('',(#2562),#95,.T.);
#2934=ADVANCED_FACE('',(#2563,#2564),#2731,.F.);
#2935=ADVANCED_FACE('',(#2565),#96,.T.);
#2936=ADVANCED_FACE('',(#2566,#2567),#2732,.F.);
#2937=ADVANCED_FACE('',(#2568),#97,.T.);
#2938=ADVANCED_FACE('',(#2569,#2570),#2733,.F.);
#2939=ADVANCED_FACE('',(#2571),#98,.T.);
#2940=ADVANCED_FACE('',(#2572,#2573),#2734,.F.);
#2941=ADVANCED_FACE('',(#2574),#99,.T.);
#2942=ADVANCED_FACE('',(#2575,#2576),#2735,.F.);
#2943=ADVANCED_FACE('',(#2577),#100,.T.);
#2944=ADVANCED_FACE('',(#2578,#2579),#2736,.F.);
#2945=ADVANCED_FACE('',(#2580),#101,.T.);
#2946=ADVANCED_FACE('',(#2581,#2582),#2737,.F.);
#2947=ADVANCED_FACE('',(#2583),#102,.T.);
#2948=ADVANCED_FACE('',(#2584,#2585),#2738,.F.);
#2949=ADVANCED_FACE('',(#2586),#103,.T.);
#2950=ADVANCED_FACE('',(#2587),#104,.T.);
#2951=ADVANCED_FACE('',(#2588),#2739,.F.);
#2952=ADVANCED_FACE('',(#2589),#105,.T.);
#2953=ADVANCED_FACE('',(#2590),#106,.T.);
#2954=ADVANCED_FACE('',(#2591),#107,.T.);
#2955=ADVANCED_FACE('',(#2592),#2740,.F.);
#2956=ADVANCED_FACE('',(#2593),#108,.T.);
#2957=ADVANCED_FACE('',(#2594),#2741,.F.);
#2958=ADVANCED_FACE('',(#2595),#2742,.F.);
#2959=ADVANCED_FACE('',(#2596),#2743,.F.);
#2960=ADVANCED_FACE('',(#2597),#2744,.F.);
#2961=ADVANCED_FACE('',(#2598),#109,.T.);
#2962=ADVANCED_FACE('',(#2599),#2745,.F.);
#2963=ADVANCED_FACE('',(#2600),#2746,.F.);
#2964=ADVANCED_FACE('',(#2601),#2747,.T.);
#2965=ADVANCED_FACE('',(#2602),#110,.F.);
#2966=ADVANCED_FACE('',(#2603),#2748,.T.);
#2967=ADVANCED_FACE('',(#2604),#2749,.T.);
#2968=ADVANCED_FACE('',(#2605),#111,.F.);
#2969=ADVANCED_FACE('',(#2606),#2750,.T.);
#2970=ADVANCED_FACE('',(#2607),#2751,.F.);
#2971=ADVANCED_FACE('',(#2608),#2752,.F.);
#2972=ADVANCED_FACE('',(#2609),#2753,.T.);
#2973=ADVANCED_FACE('',(#2610),#112,.F.);
#2974=ADVANCED_FACE('',(#2611),#2754,.T.);
#2975=ADVANCED_FACE('',(#2612),#113,.F.);
#2976=ADVANCED_FACE('',(#2613),#114,.F.);
#2977=ADVANCED_FACE('',(#2614),#115,.F.);
#2978=ADVANCED_FACE('',(#2615),#2755,.T.);
#2979=ADVANCED_FACE('',(#2616),#2756,.T.);
#2980=ADVANCED_FACE('',(#2617),#2757,.F.);
#2981=ADVANCED_FACE('',(#2618),#116,.F.);
#2982=ADVANCED_FACE('',(#2619),#2758,.T.);
#2983=ADVANCED_FACE('',(#2620),#2759,.T.);
#2984=ADVANCED_FACE('',(#2621),#117,.T.);
#2985=ADVANCED_FACE('',(#2622),#2760,.T.);
#2986=ADVANCED_FACE('',(#2623),#2761,.F.);
#2987=ADVANCED_FACE('',(#2624),#2762,.T.);
#2988=ADVANCED_FACE('',(#2625),#118,.T.);
#2989=ADVANCED_FACE('',(#2626,#2627,#2628,#2629,#2630,#2631),#119,.F.);
#2990=ADVANCED_FACE('',(#2632),#120,.F.);
#2991=ADVANCED_FACE('',(#2633),#121,.T.);
#2992=ADVANCED_FACE('',(#2634,#2635),#2763,.F.);
#2993=ADVANCED_FACE('',(#2636),#122,.F.);
#2994=ADVANCED_FACE('',(#2637,#2638),#2764,.F.);
#2995=ADVANCED_FACE('',(#2639),#123,.F.);
#2996=ADVANCED_FACE('',(#2640,#2641),#2765,.F.);
#2997=ADVANCED_FACE('',(#2642),#124,.F.);
#2998=ADVANCED_FACE('',(#2643,#2644),#2766,.F.);
#2999=ADVANCED_FACE('',(#2645),#125,.F.);
#3000=ADVANCED_FACE('',(#2646,#2647),#2767,.F.);
#3001=ADVANCED_FACE('',(#2648),#126,.F.);
#3002=CLOSED_SHELL('',(#2768,#2769,#2770,#2771,#2772,#2773,#2774,#2775,
#2776,#2777,#2778,#2779,#2780,#2781,#2782,#2783,#2784,#2785,#2786,#2787,
#2788,#2789,#2790,#2791,#2792,#2793,#2794,#2795,#2796,#2797,#2798,#2799,
#2800,#2801,#2802,#2803,#2804,#2805,#2806,#2807,#2808,#2809,#2810,#2811,
#2812,#2813,#2814,#2815,#2816,#2817,#2818,#2819,#2820,#2821,#2822,#2823,
#2824,#2825,#2826,#2827,#2828,#2829,#2830,#2831,#2832,#2833,#2834,#2835,
#2836,#2837,#2838,#2839,#2840,#2841,#2842,#2843,#2844,#2845,#2846,#2847,
#2848,#2849,#2850,#2851,#2852,#2853,#2854,#2855,#2856,#2857,#2858,#2859,
#2860,#2861,#2862,#2863,#2864,#2865,#2866,#2867,#2868,#2869,#2870,#2871,
#2872,#2873,#2874,#2875,#2876,#2877,#2878,#2879,#2880,#2881,#2882,#2883,
#2884,#2885,#2886,#2887,#2888,#2889,#2890,#2891,#2892,#2893,#2894,#2895,
#2896,#2897,#2898,#2899,#2900,#2901,#2902,#2903,#2904,#2905,#2906,#2907,
#2908,#2909,#2910,#2911,#2912,#2913,#2914,#2915,#2916,#2917,#2918,#2919,
#2920,#2921,#2922,#2923,#2924,#2925,#2926,#2927,#2928,#2929,#2930,#2931,
#2932,#2933,#2934,#2935,#2936,#2937,#2938,#2939,#2940,#2941,#2942,#2943,
#2944,#2945,#2946,#2947,#2948,#2949,#2950,#2951,#2952,#2953,#2954,#2955,
#2956,#2957,#2958,#2959,#2960,#2961,#2962,#2963,#2964,#2965,#2966,#2967,
#2968,#2969,#2970,#2971,#2972,#2973,#2974,#2975,#2976,#2977,#2978,#2979,
#2980,#2981,#2982,#2983,#2984,#2985,#2986,#2987,#2988,#2989,#2990,#2991,
#2992,#2993,#2994,#2995,#2996,#2997,#2998,#2999,#3000,#3001));
#3003=STYLED_ITEM('',(#3004),#3011);
#3004=PRESENTATION_STYLE_ASSIGNMENT((#3005));
#3005=SURFACE_STYLE_USAGE(.BOTH.,#3006);
#3006=SURFACE_SIDE_STYLE('',(#3007));
#3007=SURFACE_STYLE_FILL_AREA(#3008);
#3008=FILL_AREA_STYLE('',(#3009));
#3009=FILL_AREA_STYLE_COLOUR('',#3010);
#3010=COLOUR_RGB('',0.647058823529412,0.647058823529412,0.647058823529412);
#3011=MANIFOLD_SOLID_BREP('LeftKeyboard',#3002);
#3012=SHAPE_DEFINITION_REPRESENTATION(#5380,#3013);
#3013=SHAPE_REPRESENTATION('LeftKeyboard',(#3014),#5375);
#3014=AXIS2_PLACEMENT_3D('',#4529,#3489,#3490);
#3015=AXIS2_PLACEMENT_3D('',#4530,#3491,#3492);
#3016=AXIS2_PLACEMENT_3D('',#4531,#3493,#3494);
#3017=AXIS2_PLACEMENT_3D('',#4536,#3496,#3497);
#3018=AXIS2_PLACEMENT_3D('',#4539,#3499,#3500);
#3019=AXIS2_PLACEMENT_3D('',#4540,#3501,#3502);
#3020=AXIS2_PLACEMENT_3D('',#4542,#3503,#3504);
#3021=AXIS2_PLACEMENT_3D('',#4544,#3505,#3506);
#3022=AXIS2_PLACEMENT_3D('',#4548,#3508,#3509);
#3023=AXIS2_PLACEMENT_3D('',#4552,#3511,#3512);
#3024=AXIS2_PLACEMENT_3D('',#4556,#3514,#3515);
#3025=AXIS2_PLACEMENT_3D('',#4558,#3516,#3517);
#3026=AXIS2_PLACEMENT_3D('',#4562,#3519,#3520);
#3027=AXIS2_PLACEMENT_3D('',#4564,#3521,#3522);
#3028=AXIS2_PLACEMENT_3D('',#4566,#3523,#3524);
#3029=AXIS2_PLACEMENT_3D('',#4568,#3525,#3526);
#3030=AXIS2_PLACEMENT_3D('',#4572,#3528,#3529);
#3031=AXIS2_PLACEMENT_3D('',#4580,#3533,#3534);
#3032=AXIS2_PLACEMENT_3D('',#4582,#3535,#3536);
#3033=AXIS2_PLACEMENT_3D('',#4584,#3537,#3538);
#3034=AXIS2_PLACEMENT_3D('',#4588,#3540,#3541);
#3035=AXIS2_PLACEMENT_3D('',#4589,#3542,#3543);
#3036=AXIS2_PLACEMENT_3D('',#4591,#3544,#3545);
#3037=AXIS2_PLACEMENT_3D('',#4593,#3546,#3547);
#3038=AXIS2_PLACEMENT_3D('',#4595,#3548,#3549);
#3039=AXIS2_PLACEMENT_3D('',#4597,#3550,#3551);
#3040=AXIS2_PLACEMENT_3D('',#4599,#3552,#3553);
#3041=AXIS2_PLACEMENT_3D('',#4601,#3554,#3555);
#3042=AXIS2_PLACEMENT_3D('',#4603,#3556,#3557);
#3043=AXIS2_PLACEMENT_3D('',#4605,#3558,#3559);
#3044=AXIS2_PLACEMENT_3D('',#4607,#3560,#3561);
#3045=AXIS2_PLACEMENT_3D('',#4609,#3562,#3563);
#3046=AXIS2_PLACEMENT_3D('',#4611,#3564,#3565);
#3047=AXIS2_PLACEMENT_3D('',#4613,#3566,#3567);
#3048=AXIS2_PLACEMENT_3D('',#4615,#3568,#3569);
#3049=AXIS2_PLACEMENT_3D('',#4617,#3570,#3571);
#3050=AXIS2_PLACEMENT_3D('',#4619,#3572,#3573);
#3051=AXIS2_PLACEMENT_3D('',#4621,#3574,#3575);
#3052=AXIS2_PLACEMENT_3D('',#4623,#3576,#3577);
#3053=AXIS2_PLACEMENT_3D('',#4625,#3578,#3579);
#3054=AXIS2_PLACEMENT_3D('',#4627,#3580,#3581);
#3055=AXIS2_PLACEMENT_3D('',#4629,#3582,#3583);
#3056=AXIS2_PLACEMENT_3D('',#4631,#3584,#3585);
#3057=AXIS2_PLACEMENT_3D('',#4633,#3586,#3587);
#3058=AXIS2_PLACEMENT_3D('',#4635,#3588,#3589);
#3059=AXIS2_PLACEMENT_3D('',#4637,#3590,#3591);
#3060=AXIS2_PLACEMENT_3D('',#4639,#3592,#3593);
#3061=AXIS2_PLACEMENT_3D('',#4641,#3594,#3595);
#3062=AXIS2_PLACEMENT_3D('',#4643,#3596,#3597);
#3063=AXIS2_PLACEMENT_3D('',#4645,#3598,#3599);
#3064=AXIS2_PLACEMENT_3D('',#4647,#3600,#3601);
#3065=AXIS2_PLACEMENT_3D('',#4649,#3602,#3603);
#3066=AXIS2_PLACEMENT_3D('',#4651,#3604,#3605);
#3067=AXIS2_PLACEMENT_3D('',#4653,#3606,#3607);
#3068=AXIS2_PLACEMENT_3D('',#4655,#3608,#3609);
#3069=AXIS2_PLACEMENT_3D('',#4657,#3610,#3611);
#3070=AXIS2_PLACEMENT_3D('',#4659,#3612,#3613);
#3071=AXIS2_PLACEMENT_3D('',#4661,#3614,#3615);
#3072=AXIS2_PLACEMENT_3D('',#4663,#3616,#3617);
#3073=AXIS2_PLACEMENT_3D('',#4665,#3618,#3619);
#3074=AXIS2_PLACEMENT_3D('',#4667,#3620,#3621);
#3075=AXIS2_PLACEMENT_3D('',#4669,#3622,#3623);
#3076=AXIS2_PLACEMENT_3D('',#4671,#3624,#3625);
#3077=AXIS2_PLACEMENT_3D('',#4673,#3626,#3627);
#3078=AXIS2_PLACEMENT_3D('',#4675,#3628,#3629);
#3079=AXIS2_PLACEMENT_3D('',#4677,#3630,#3631);
#3080=AXIS2_PLACEMENT_3D('',#4679,#3632,#3633);
#3081=AXIS2_PLACEMENT_3D('',#4681,#3634,#3635);
#3082=AXIS2_PLACEMENT_3D('',#4683,#3636,#3637);
#3083=AXIS2_PLACEMENT_3D('',#4685,#3638,#3639);
#3084=AXIS2_PLACEMENT_3D('',#4687,#3640,#3641);
#3085=AXIS2_PLACEMENT_3D('',#4689,#3642,#3643);
#3086=AXIS2_PLACEMENT_3D('',#4691,#3644,#3645);
#3087=AXIS2_PLACEMENT_3D('',#4693,#3646,#3647);
#3088=AXIS2_PLACEMENT_3D('',#4695,#3648,#3649);
#3089=AXIS2_PLACEMENT_3D('',#4697,#3650,#3651);
#3090=AXIS2_PLACEMENT_3D('',#4699,#3652,#3653);
#3091=AXIS2_PLACEMENT_3D('',#4701,#3654,#3655);
#3092=AXIS2_PLACEMENT_3D('',#4703,#3656,#3657);
#3093=AXIS2_PLACEMENT_3D('',#4705,#3658,#3659);
#3094=AXIS2_PLACEMENT_3D('',#4707,#3660,#3661);
#3095=AXIS2_PLACEMENT_3D('',#4709,#3662,#3663);
#3096=AXIS2_PLACEMENT_3D('',#4711,#3664,#3665);
#3097=AXIS2_PLACEMENT_3D('',#4716,#3667,#3668);
#3098=AXIS2_PLACEMENT_3D('',#4719,#3670,#3671);
#3099=AXIS2_PLACEMENT_3D('',#4721,#3672,#3673);
#3100=AXIS2_PLACEMENT_3D('',#4723,#3674,#3675);
#3101=AXIS2_PLACEMENT_3D('',#4725,#3676,#3677);
#3102=AXIS2_PLACEMENT_3D('',#4727,#3678,#3679);
#3103=AXIS2_PLACEMENT_3D('',#4729,#3680,#3681);
#3104=AXIS2_PLACEMENT_3D('',#4731,#3682,#3683);
#3105=AXIS2_PLACEMENT_3D('',#4733,#3684,#3685);
#3106=AXIS2_PLACEMENT_3D('',#4735,#3686,#3687);
#3107=AXIS2_PLACEMENT_3D('',#4737,#3688,#3689);
#3108=AXIS2_PLACEMENT_3D('',#4739,#3690,#3691);
#3109=AXIS2_PLACEMENT_3D('',#4741,#3692,#3693);
#3110=AXIS2_PLACEMENT_3D('',#4743,#3694,#3695);
#3111=AXIS2_PLACEMENT_3D('',#4745,#3696,#3697);
#3112=AXIS2_PLACEMENT_3D('',#4747,#3698,#3699);
#3113=AXIS2_PLACEMENT_3D('',#4749,#3700,#3701);
#3114=AXIS2_PLACEMENT_3D('',#4751,#3702,#3703);
#3115=AXIS2_PLACEMENT_3D('',#4753,#3704,#3705);
#3116=AXIS2_PLACEMENT_3D('',#4755,#3706,#3707);
#3117=AXIS2_PLACEMENT_3D('',#4757,#3708,#3709);
#3118=AXIS2_PLACEMENT_3D('',#4762,#3711,#3712);
#3119=AXIS2_PLACEMENT_3D('',#4765,#3714,#3715);
#3120=AXIS2_PLACEMENT_3D('',#4767,#3716,#3717);
#3121=AXIS2_PLACEMENT_3D('',#4769,#3718,#3719);
#3122=AXIS2_PLACEMENT_3D('',#4770,#3720,#3721);
#3123=AXIS2_PLACEMENT_3D('',#4772,#3722,#3723);
#3124=AXIS2_PLACEMENT_3D('',#4773,#3724,#3725);
#3125=AXIS2_PLACEMENT_3D('',#4774,#3726,#3727);
#3126=AXIS2_PLACEMENT_3D('',#4776,#3728,#3729);
#3127=AXIS2_PLACEMENT_3D('',#4777,#3730,#3731);
#3128=AXIS2_PLACEMENT_3D('',#4778,#3732,#3733);
#3129=AXIS2_PLACEMENT_3D('',#4780,#3734,#3735);
#3130=AXIS2_PLACEMENT_3D('',#4781,#3736,#3737);
#3131=AXIS2_PLACEMENT_3D('',#4782,#3738,#3739);
#3132=AXIS2_PLACEMENT_3D('',#4784,#3740,#3741);
#3133=AXIS2_PLACEMENT_3D('',#4785,#3742,#3743);
#3134=AXIS2_PLACEMENT_3D('',#4786,#3744,#3745);
#3135=AXIS2_PLACEMENT_3D('',#4788,#3746,#3747);
#3136=AXIS2_PLACEMENT_3D('',#4789,#3748,#3749);
#3137=AXIS2_PLACEMENT_3D('',#4790,#3750,#3751);
#3138=AXIS2_PLACEMENT_3D('',#4792,#3752,#3753);
#3139=AXIS2_PLACEMENT_3D('',#4793,#3754,#3755);
#3140=AXIS2_PLACEMENT_3D('',#4794,#3756,#3757);
#3141=AXIS2_PLACEMENT_3D('',#4796,#3758,#3759);
#3142=AXIS2_PLACEMENT_3D('',#4797,#3760,#3761);
#3143=AXIS2_PLACEMENT_3D('',#4798,#3762,#3763);
#3144=AXIS2_PLACEMENT_3D('',#4800,#3764,#3765);
#3145=AXIS2_PLACEMENT_3D('',#4801,#3766,#3767);
#3146=AXIS2_PLACEMENT_3D('',#4802,#3768,#3769);
#3147=AXIS2_PLACEMENT_3D('',#4804,#3770,#3771);
#3148=AXIS2_PLACEMENT_3D('',#4805,#3772,#3773);
#3149=AXIS2_PLACEMENT_3D('',#4806,#3774,#3775);
#3150=AXIS2_PLACEMENT_3D('',#4808,#3776,#3777);
#3151=AXIS2_PLACEMENT_3D('',#4809,#3778,#3779);
#3152=AXIS2_PLACEMENT_3D('',#4810,#3780,#3781);
#3153=AXIS2_PLACEMENT_3D('',#4812,#3782,#3783);
#3154=AXIS2_PLACEMENT_3D('',#4813,#3784,#3785);
#3155=AXIS2_PLACEMENT_3D('',#4814,#3786,#3787);
#3156=AXIS2_PLACEMENT_3D('',#4816,#3788,#3789);
#3157=AXIS2_PLACEMENT_3D('',#4817,#3790,#3791);
#3158=AXIS2_PLACEMENT_3D('',#4818,#3792,#3793);
#3159=AXIS2_PLACEMENT_3D('',#4820,#3794,#3795);
#3160=AXIS2_PLACEMENT_3D('',#4821,#3796,#3797);
#3161=AXIS2_PLACEMENT_3D('',#4822,#3798,#3799);
#3162=AXIS2_PLACEMENT_3D('',#4824,#3800,#3801);
#3163=AXIS2_PLACEMENT_3D('',#4825,#3802,#3803);
#3164=AXIS2_PLACEMENT_3D('',#4826,#3804,#3805);
#3165=AXIS2_PLACEMENT_3D('',#4828,#3806,#3807);
#3166=AXIS2_PLACEMENT_3D('',#4829,#3808,#3809);
#3167=AXIS2_PLACEMENT_3D('',#4830,#3810,#3811);
#3168=AXIS2_PLACEMENT_3D('',#4832,#3812,#3813);
#3169=AXIS2_PLACEMENT_3D('',#4833,#3814,#3815);
#3170=AXIS2_PLACEMENT_3D('',#4834,#3816,#3817);
#3171=AXIS2_PLACEMENT_3D('',#4836,#3818,#3819);
#3172=AXIS2_PLACEMENT_3D('',#4837,#3820,#3821);
#3173=AXIS2_PLACEMENT_3D('',#4838,#3822,#3823);
#3174=AXIS2_PLACEMENT_3D('',#4840,#3824,#3825);
#3175=AXIS2_PLACEMENT_3D('',#4841,#3826,#3827);
#3176=AXIS2_PLACEMENT_3D('',#4842,#3828,#3829);
#3177=AXIS2_PLACEMENT_3D('',#4844,#3830,#3831);
#3178=AXIS2_PLACEMENT_3D('',#4845,#3832,#3833);
#3179=AXIS2_PLACEMENT_3D('',#4846,#3834,#3835);
#3180=AXIS2_PLACEMENT_3D('',#4848,#3836,#3837);
#3181=AXIS2_PLACEMENT_3D('',#4849,#3838,#3839);
#3182=AXIS2_PLACEMENT_3D('',#4850,#3840,#3841);
#3183=AXIS2_PLACEMENT_3D('',#4852,#3842,#3843);
#3184=AXIS2_PLACEMENT_3D('',#4853,#3844,#3845);
#3185=AXIS2_PLACEMENT_3D('',#4854,#3846,#3847);
#3186=AXIS2_PLACEMENT_3D('',#4856,#3848,#3849);
#3187=AXIS2_PLACEMENT_3D('',#4857,#3850,#3851);
#3188=AXIS2_PLACEMENT_3D('',#4858,#3852,#3853);
#3189=AXIS2_PLACEMENT_3D('',#4860,#3854,#3855);
#3190=AXIS2_PLACEMENT_3D('',#4861,#3856,#3857);
#3191=AXIS2_PLACEMENT_3D('',#4862,#3858,#3859);
#3192=AXIS2_PLACEMENT_3D('',#4864,#3860,#3861);
#3193=AXIS2_PLACEMENT_3D('',#4865,#3862,#3863);
#3194=AXIS2_PLACEMENT_3D('',#4866,#3864,#3865);
#3195=AXIS2_PLACEMENT_3D('',#4868,#3866,#3867);
#3196=AXIS2_PLACEMENT_3D('',#4869,#3868,#3869);
#3197=AXIS2_PLACEMENT_3D('',#4870,#3870,#3871);
#3198=AXIS2_PLACEMENT_3D('',#4872,#3872,#3873);
#3199=AXIS2_PLACEMENT_3D('',#4873,#3874,#3875);
#3200=AXIS2_PLACEMENT_3D('',#4874,#3876,#3877);
#3201=AXIS2_PLACEMENT_3D('',#4876,#3878,#3879);
#3202=AXIS2_PLACEMENT_3D('',#4877,#3880,#3881);
#3203=AXIS2_PLACEMENT_3D('',#4878,#3882,#3883);
#3204=AXIS2_PLACEMENT_3D('',#4883,#3886,#3887);
#3205=AXIS2_PLACEMENT_3D('',#4887,#3890,#3891);
#3206=AXIS2_PLACEMENT_3D('',#4888,#3892,#3893);
#3207=AXIS2_PLACEMENT_3D('',#4891,#3895,#3896);
#3208=AXIS2_PLACEMENT_3D('',#4893,#3898,#3899);
#3209=AXIS2_PLACEMENT_3D('',#4894,#3900,#3901);
#3210=AXIS2_PLACEMENT_3D('',#4895,#3902,#3903);
#3211=AXIS2_PLACEMENT_3D('',#4900,#3906,#3907);
#3212=AXIS2_PLACEMENT_3D('',#4904,#3910,#3911);
#3213=AXIS2_PLACEMENT_3D('',#4905,#3912,#3913);
#3214=AXIS2_PLACEMENT_3D('',#4908,#3915,#3916);
#3215=AXIS2_PLACEMENT_3D('',#4910,#3918,#3919);
#3216=AXIS2_PLACEMENT_3D('',#4911,#3920,#3921);
#3217=AXIS2_PLACEMENT_3D('',#4912,#3922,#3923);
#3218=AXIS2_PLACEMENT_3D('',#4914,#3924,#3925);
#3219=AXIS2_PLACEMENT_3D('',#4915,#3926,#3927);
#3220=AXIS2_PLACEMENT_3D('',#4916,#3928,#3929);
#3221=AXIS2_PLACEMENT_3D('',#4918,#3930,#3931);
#3222=AXIS2_PLACEMENT_3D('',#4919,#3932,#3933);
#3223=AXIS2_PLACEMENT_3D('',#4920,#3934,#3935);
#3224=AXIS2_PLACEMENT_3D('',#4922,#3936,#3937);
#3225=AXIS2_PLACEMENT_3D('',#4923,#3938,#3939);
#3226=AXIS2_PLACEMENT_3D('',#4924,#3940,#3941);
#3227=AXIS2_PLACEMENT_3D('',#4926,#3942,#3943);
#3228=AXIS2_PLACEMENT_3D('',#4927,#3944,#3945);
#3229=AXIS2_PLACEMENT_3D('',#4928,#3946,#3947);
#3230=AXIS2_PLACEMENT_3D('',#4930,#3948,#3949);
#3231=AXIS2_PLACEMENT_3D('',#4931,#3950,#3951);
#3232=AXIS2_PLACEMENT_3D('',#4932,#3952,#3953);
#3233=AXIS2_PLACEMENT_3D('',#4934,#3954,#3955);
#3234=AXIS2_PLACEMENT_3D('',#4935,#3956,#3957);
#3235=AXIS2_PLACEMENT_3D('',#4936,#3958,#3959);
#3236=AXIS2_PLACEMENT_3D('',#4938,#3960,#3961);
#3237=AXIS2_PLACEMENT_3D('',#4939,#3962,#3963);
#3238=AXIS2_PLACEMENT_3D('',#4940,#3964,#3965);
#3239=AXIS2_PLACEMENT_3D('',#4942,#3966,#3967);
#3240=AXIS2_PLACEMENT_3D('',#4943,#3968,#3969);
#3241=AXIS2_PLACEMENT_3D('',#4944,#3970,#3971);
#3242=AXIS2_PLACEMENT_3D('',#4946,#3972,#3973);
#3243=AXIS2_PLACEMENT_3D('',#4947,#3974,#3975);
#3244=AXIS2_PLACEMENT_3D('',#4948,#3976,#3977);
#3245=AXIS2_PLACEMENT_3D('',#4950,#3978,#3979);
#3246=AXIS2_PLACEMENT_3D('',#4951,#3980,#3981);
#3247=AXIS2_PLACEMENT_3D('',#4952,#3982,#3983);
#3248=AXIS2_PLACEMENT_3D('',#4954,#3984,#3985);
#3249=AXIS2_PLACEMENT_3D('',#4955,#3986,#3987);
#3250=AXIS2_PLACEMENT_3D('',#4956,#3988,#3989);
#3251=AXIS2_PLACEMENT_3D('',#4958,#3990,#3991);
#3252=AXIS2_PLACEMENT_3D('',#4959,#3992,#3993);
#3253=AXIS2_PLACEMENT_3D('',#4960,#3994,#3995);
#3254=AXIS2_PLACEMENT_3D('',#4962,#3996,#3997);
#3255=AXIS2_PLACEMENT_3D('',#4963,#3998,#3999);
#3256=AXIS2_PLACEMENT_3D('',#4964,#4000,#4001);
#3257=AXIS2_PLACEMENT_3D('',#4966,#4002,#4003);
#3258=AXIS2_PLACEMENT_3D('',#4967,#4004,#4005);
#3259=AXIS2_PLACEMENT_3D('',#4968,#4006,#4007);
#3260=AXIS2_PLACEMENT_3D('',#4970,#4008,#4009);
#3261=AXIS2_PLACEMENT_3D('',#4971,#4010,#4011);
#3262=AXIS2_PLACEMENT_3D('',#4972,#4012,#4013);
#3263=AXIS2_PLACEMENT_3D('',#4974,#4014,#4015);
#3264=AXIS2_PLACEMENT_3D('',#4975,#4016,#4017);
#3265=AXIS2_PLACEMENT_3D('',#4976,#4018,#4019);
#3266=AXIS2_PLACEMENT_3D('',#4978,#4020,#4021);
#3267=AXIS2_PLACEMENT_3D('',#4979,#4022,#4023);
#3268=AXIS2_PLACEMENT_3D('',#4980,#4024,#4025);
#3269=AXIS2_PLACEMENT_3D('',#4982,#4026,#4027);
#3270=AXIS2_PLACEMENT_3D('',#4983,#4028,#4029);
#3271=AXIS2_PLACEMENT_3D('',#4984,#4030,#4031);
#3272=AXIS2_PLACEMENT_3D('',#4986,#4032,#4033);
#3273=AXIS2_PLACEMENT_3D('',#4987,#4034,#4035);
#3274=AXIS2_PLACEMENT_3D('',#4988,#4036,#4037);
#3275=AXIS2_PLACEMENT_3D('',#4990,#4038,#4039);
#3276=AXIS2_PLACEMENT_3D('',#4991,#4040,#4041);
#3277=AXIS2_PLACEMENT_3D('',#4992,#4042,#4043);
#3278=AXIS2_PLACEMENT_3D('',#4994,#4044,#4045);
#3279=AXIS2_PLACEMENT_3D('',#4995,#4046,#4047);
#3280=AXIS2_PLACEMENT_3D('',#4996,#4048,#4049);
#3281=AXIS2_PLACEMENT_3D('',#4998,#4050,#4051);
#3282=AXIS2_PLACEMENT_3D('',#4999,#4052,#4053);
#3283=AXIS2_PLACEMENT_3D('',#5000,#4054,#4055);
#3284=AXIS2_PLACEMENT_3D('',#5002,#4056,#4057);
#3285=AXIS2_PLACEMENT_3D('',#5003,#4058,#4059);
#3286=AXIS2_PLACEMENT_3D('',#5004,#4060,#4061);
#3287=AXIS2_PLACEMENT_3D('',#5006,#4062,#4063);
#3288=AXIS2_PLACEMENT_3D('',#5007,#4064,#4065);
#3289=AXIS2_PLACEMENT_3D('',#5008,#4066,#4067);
#3290=AXIS2_PLACEMENT_3D('',#5010,#4068,#4069);
#3291=AXIS2_PLACEMENT_3D('',#5011,#4070,#4071);
#3292=AXIS2_PLACEMENT_3D('',#5012,#4072,#4073);
#3293=AXIS2_PLACEMENT_3D('',#5014,#4074,#4075);
#3294=AXIS2_PLACEMENT_3D('',#5015,#4076,#4077);
#3295=AXIS2_PLACEMENT_3D('',#5016,#4078,#4079);
#3296=AXIS2_PLACEMENT_3D('',#5018,#4080,#4081);
#3297=AXIS2_PLACEMENT_3D('',#5019,#4082,#4083);
#3298=AXIS2_PLACEMENT_3D('',#5020,#4084,#4085);
#3299=AXIS2_PLACEMENT_3D('',#5022,#4086,#4087);
#3300=AXIS2_PLACEMENT_3D('',#5023,#4088,#4089);
#3301=AXIS2_PLACEMENT_3D('',#5024,#4090,#4091);
#3302=AXIS2_PLACEMENT_3D('',#5026,#4092,#4093);
#3303=AXIS2_PLACEMENT_3D('',#5027,#4094,#4095);
#3304=AXIS2_PLACEMENT_3D('',#5028,#4096,#4097);
#3305=AXIS2_PLACEMENT_3D('',#5030,#4098,#4099);
#3306=AXIS2_PLACEMENT_3D('',#5031,#4100,#4101);
#3307=AXIS2_PLACEMENT_3D('',#5032,#4102,#4103);
#3308=AXIS2_PLACEMENT_3D('',#5034,#4104,#4105);
#3309=AXIS2_PLACEMENT_3D('',#5035,#4106,#4107);
#3310=AXIS2_PLACEMENT_3D('',#5036,#4108,#4109);
#3311=AXIS2_PLACEMENT_3D('',#5038,#4110,#4111);
#3312=AXIS2_PLACEMENT_3D('',#5039,#4112,#4113);
#3313=AXIS2_PLACEMENT_3D('',#5040,#4114,#4115);
#3314=AXIS2_PLACEMENT_3D('',#5042,#4116,#4117);
#3315=AXIS2_PLACEMENT_3D('',#5043,#4118,#4119);
#3316=AXIS2_PLACEMENT_3D('',#5044,#4120,#4121);
#3317=AXIS2_PLACEMENT_3D('',#5046,#4122,#4123);
#3318=AXIS2_PLACEMENT_3D('',#5047,#4124,#4125);
#3319=AXIS2_PLACEMENT_3D('',#5048,#4126,#4127);
#3320=AXIS2_PLACEMENT_3D('',#5050,#4128,#4129);
#3321=AXIS2_PLACEMENT_3D('',#5051,#4130,#4131);
#3322=AXIS2_PLACEMENT_3D('',#5052,#4132,#4133);
#3323=AXIS2_PLACEMENT_3D('',#5054,#4134,#4135);
#3324=AXIS2_PLACEMENT_3D('',#5055,#4136,#4137);
#3325=AXIS2_PLACEMENT_3D('',#5056,#4138,#4139);
#3326=AXIS2_PLACEMENT_3D('',#5058,#4140,#4141);
#3327=AXIS2_PLACEMENT_3D('',#5059,#4142,#4143);
#3328=AXIS2_PLACEMENT_3D('',#5060,#4144,#4145);
#3329=AXIS2_PLACEMENT_3D('',#5062,#4146,#4147);
#3330=AXIS2_PLACEMENT_3D('',#5063,#4148,#4149);
#3331=AXIS2_PLACEMENT_3D('',#5064,#4150,#4151);
#3332=AXIS2_PLACEMENT_3D('',#5066,#4152,#4153);
#3333=AXIS2_PLACEMENT_3D('',#5067,#4154,#4155);
#3334=AXIS2_PLACEMENT_3D('',#5068,#4156,#4157);
#3335=AXIS2_PLACEMENT_3D('',#5070,#4158,#4159);
#3336=AXIS2_PLACEMENT_3D('',#5071,#4160,#4161);
#3337=AXIS2_PLACEMENT_3D('',#5072,#4162,#4163);
#3338=AXIS2_PLACEMENT_3D('',#5074,#4164,#4165);
#3339=AXIS2_PLACEMENT_3D('',#5075,#4166,#4167);
#3340=AXIS2_PLACEMENT_3D('',#5076,#4168,#4169);
#3341=AXIS2_PLACEMENT_3D('',#5078,#4170,#4171);
#3342=AXIS2_PLACEMENT_3D('',#5079,#4172,#4173);
#3343=AXIS2_PLACEMENT_3D('',#5080,#4174,#4175);
#3344=AXIS2_PLACEMENT_3D('',#5082,#4176,#4177);
#3345=AXIS2_PLACEMENT_3D('',#5083,#4178,#4179);
#3346=AXIS2_PLACEMENT_3D('',#5084,#4180,#4181);
#3347=AXIS2_PLACEMENT_3D('',#5086,#4182,#4183);
#3348=AXIS2_PLACEMENT_3D('',#5087,#4184,#4185);
#3349=AXIS2_PLACEMENT_3D('',#5088,#4186,#4187);
#3350=AXIS2_PLACEMENT_3D('',#5090,#4188,#4189);
#3351=AXIS2_PLACEMENT_3D('',#5091,#4190,#4191);
#3352=AXIS2_PLACEMENT_3D('',#5092,#4192,#4193);
#3353=AXIS2_PLACEMENT_3D('',#5094,#4194,#4195);
#3354=AXIS2_PLACEMENT_3D('',#5095,#4196,#4197);
#3355=AXIS2_PLACEMENT_3D('',#5096,#4198,#4199);
#3356=AXIS2_PLACEMENT_3D('',#5098,#4200,#4201);
#3357=AXIS2_PLACEMENT_3D('',#5099,#4202,#4203);
#3358=AXIS2_PLACEMENT_3D('',#5100,#4204,#4205);
#3359=AXIS2_PLACEMENT_3D('',#5102,#4206,#4207);
#3360=AXIS2_PLACEMENT_3D('',#5103,#4208,#4209);
#3361=AXIS2_PLACEMENT_3D('',#5104,#4210,#4211);
#3362=AXIS2_PLACEMENT_3D('',#5106,#4212,#4213);
#3363=AXIS2_PLACEMENT_3D('',#5107,#4214,#4215);
#3364=AXIS2_PLACEMENT_3D('',#5108,#4216,#4217);
#3365=AXIS2_PLACEMENT_3D('',#5110,#4218,#4219);
#3366=AXIS2_PLACEMENT_3D('',#5111,#4220,#4221);
#3367=AXIS2_PLACEMENT_3D('',#5112,#4222,#4223);
#3368=AXIS2_PLACEMENT_3D('',#5114,#4224,#4225);
#3369=AXIS2_PLACEMENT_3D('',#5115,#4226,#4227);
#3370=AXIS2_PLACEMENT_3D('',#5116,#4228,#4229);
#3371=AXIS2_PLACEMENT_3D('',#5118,#4230,#4231);
#3372=AXIS2_PLACEMENT_3D('',#5119,#4232,#4233);
#3373=AXIS2_PLACEMENT_3D('',#5120,#4234,#4235);
#3374=AXIS2_PLACEMENT_3D('',#5122,#4236,#4237);
#3375=AXIS2_PLACEMENT_3D('',#5123,#4238,#4239);
#3376=AXIS2_PLACEMENT_3D('',#5124,#4240,#4241);
#3377=AXIS2_PLACEMENT_3D('',#5126,#4242,#4243);
#3378=AXIS2_PLACEMENT_3D('',#5127,#4244,#4245);
#3379=AXIS2_PLACEMENT_3D('',#5128,#4246,#4247);
#3380=AXIS2_PLACEMENT_3D('',#5130,#4248,#4249);
#3381=AXIS2_PLACEMENT_3D('',#5131,#4250,#4251);
#3382=AXIS2_PLACEMENT_3D('',#5132,#4252,#4253);
#3383=AXIS2_PLACEMENT_3D('',#5134,#4254,#4255);
#3384=AXIS2_PLACEMENT_3D('',#5135,#4256,#4257);
#3385=AXIS2_PLACEMENT_3D('',#5136,#4258,#4259);
#3386=AXIS2_PLACEMENT_3D('',#5138,#4260,#4261);
#3387=AXIS2_PLACEMENT_3D('',#5139,#4262,#4263);
#3388=AXIS2_PLACEMENT_3D('',#5140,#4264,#4265);
#3389=AXIS2_PLACEMENT_3D('',#5142,#4266,#4267);
#3390=AXIS2_PLACEMENT_3D('',#5143,#4268,#4269);
#3391=AXIS2_PLACEMENT_3D('',#5149,#4273,#4274);
#3392=AXIS2_PLACEMENT_3D('',#5152,#4276,#4277);
#3393=AXIS2_PLACEMENT_3D('',#5155,#4279,#4280);
#3394=AXIS2_PLACEMENT_3D('',#5159,#4283,#4284);
#3395=AXIS2_PLACEMENT_3D('',#5163,#4287,#4288);
#3396=AXIS2_PLACEMENT_3D('',#5167,#4291,#4292);
#3397=AXIS2_PLACEMENT_3D('',#5170,#4294,#4295);
#3398=AXIS2_PLACEMENT_3D('',#5171,#4296,#4297);
#3399=AXIS2_PLACEMENT_3D('',#5175,#4300,#4301);
#3400=AXIS2_PLACEMENT_3D('',#5178,#4303,#4304);
#3401=AXIS2_PLACEMENT_3D('',#5179,#4305,#4306);
#3402=AXIS2_PLACEMENT_3D('',#5180,#4307,#4308);
#3403=AXIS2_PLACEMENT_3D('',#5183,#4310,#4311);
#3404=AXIS2_PLACEMENT_3D('',#5186,#4313,#4314);
#3405=AXIS2_PLACEMENT_3D('',#5187,#4315,#4316);
#3406=AXIS2_PLACEMENT_3D('',#5190,#4318,#4319);
#3407=AXIS2_PLACEMENT_3D('',#5191,#4320,#4321);
#3408=AXIS2_PLACEMENT_3D('',#5195,#4324,#4325);
#3409=AXIS2_PLACEMENT_3D('',#5198,#4327,#4328);
#3410=AXIS2_PLACEMENT_3D('',#5199,#4329,#4330);
#3411=AXIS2_PLACEMENT_3D('',#5202,#4332,#4333);
#3412=AXIS2_PLACEMENT_3D('',#5203,#4334,#4335);
#3413=AXIS2_PLACEMENT_3D('',#5204,#4336,#4337);
#3414=AXIS2_PLACEMENT_3D('',#5210,#4340,#4341);
#3415=AXIS2_PLACEMENT_3D('',#5214,#4343,#4344);
#3416=AXIS2_PLACEMENT_3D('',#5217,#4346,#4347);
#3417=AXIS2_PLACEMENT_3D('',#5223,#4351,#4352);
#3418=AXIS2_PLACEMENT_3D('',#5224,#4353,#4354);
#3419=AXIS2_PLACEMENT_3D('',#5228,#4356,#4357);
#3420=AXIS2_PLACEMENT_3D('',#5229,#4358,#4359);
#3421=AXIS2_PLACEMENT_3D('',#5230,#4360,#4361);
#3422=AXIS2_PLACEMENT_3D('',#5234,#4363,#4364);
#3423=AXIS2_PLACEMENT_3D('',#5235,#4365,#4366);
#3424=AXIS2_PLACEMENT_3D('',#5241,#4370,#4371);
#3425=AXIS2_PLACEMENT_3D('',#5242,#4372,#4373);
#3426=AXIS2_PLACEMENT_3D('',#5246,#4375,#4376);
#3427=AXIS2_PLACEMENT_3D('',#5247,#4377,#4378);
#3428=AXIS2_PLACEMENT_3D('',#5248,#4379,#4380);
#3429=AXIS2_PLACEMENT_3D('',#5252,#4382,#4383);
#3430=AXIS2_PLACEMENT_3D('',#5253,#4384,#4385);
#3431=AXIS2_PLACEMENT_3D('',#5254,#4386,#4387);
#3432=AXIS2_PLACEMENT_3D('',#5258,#4389,#4390);
#3433=AXIS2_PLACEMENT_3D('',#5259,#4391,#4392);
#3434=AXIS2_PLACEMENT_3D('',#5260,#4393,#4394);
#3435=AXIS2_PLACEMENT_3D('',#5264,#4396,#4397);
#3436=AXIS2_PLACEMENT_3D('',#5265,#4398,#4399);
#3437=AXIS2_PLACEMENT_3D('',#5271,#4403,#4404);
#3438=AXIS2_PLACEMENT_3D('',#5272,#4405,#4406);
#3439=AXIS2_PLACEMENT_3D('',#5276,#4408,#4409);
#3440=AXIS2_PLACEMENT_3D('',#5277,#4410,#4411);
#3441=AXIS2_PLACEMENT_3D('',#5283,#4415,#4416);
#3442=AXIS2_PLACEMENT_3D('',#5289,#4420,#4421);
#3443=AXIS2_PLACEMENT_3D('',#5295,#4425,#4426);
#3444=AXIS2_PLACEMENT_3D('',#5296,#4427,#4428);
#3445=AXIS2_PLACEMENT_3D('',#5300,#4430,#4431);
#3446=AXIS2_PLACEMENT_3D('',#5301,#4432,#4433);
#3447=AXIS2_PLACEMENT_3D('',#5302,#4434,#4435);
#3448=AXIS2_PLACEMENT_3D('',#5306,#4437,#4438);
#3449=AXIS2_PLACEMENT_3D('',#5307,#4439,#4440);
#3450=AXIS2_PLACEMENT_3D('',#5308,#4441,#4442);
#3451=AXIS2_PLACEMENT_3D('',#5312,#4444,#4445);
#3452=AXIS2_PLACEMENT_3D('',#5313,#4446,#4447);
#3453=AXIS2_PLACEMENT_3D('',#5319,#4451,#4452);
#3454=AXIS2_PLACEMENT_3D('',#5322,#4454,#4455);
#3455=AXIS2_PLACEMENT_3D('',#5323,#4456,#4457);
#3456=AXIS2_PLACEMENT_3D('',#5324,#4458,#4459);
#3457=AXIS2_PLACEMENT_3D('',#5325,#4460,#4461);
#3458=AXIS2_PLACEMENT_3D('',#5329,#4464,#4465);
#3459=AXIS2_PLACEMENT_3D('',#5332,#4467,#4468);
#3460=AXIS2_PLACEMENT_3D('',#5333,#4469,#4470);
#3461=AXIS2_PLACEMENT_3D('',#5334,#4471,#4472);
#3462=AXIS2_PLACEMENT_3D('',#5335,#4473,#4474);
#3463=AXIS2_PLACEMENT_3D('',#5336,#4475,#4476);
#3464=AXIS2_PLACEMENT_3D('',#5337,#4477,#4478);
#3465=AXIS2_PLACEMENT_3D('',#5338,#4479,#4480);
#3466=AXIS2_PLACEMENT_3D('',#5341,#4483,#4484);
#3467=AXIS2_PLACEMENT_3D('',#5342,#4485,#4486);
#3468=AXIS2_PLACEMENT_3D('',#5344,#4487,#4488);
#3469=AXIS2_PLACEMENT_3D('',#5346,#4489,#4490);
#3470=AXIS2_PLACEMENT_3D('',#5348,#4491,#4492);
#3471=AXIS2_PLACEMENT_3D('',#5350,#4493,#4494);
#3472=AXIS2_PLACEMENT_3D('',#5352,#4495,#4496);
#3473=AXIS2_PLACEMENT_3D('',#5353,#4497,#4498);
#3474=AXIS2_PLACEMENT_3D('',#5354,#4499,#4500);
#3475=AXIS2_PLACEMENT_3D('',#5355,#4501,#4502);
#3476=AXIS2_PLACEMENT_3D('',#5357,#4503,#4504);
#3477=AXIS2_PLACEMENT_3D('',#5358,#4505,#4506);
#3478=AXIS2_PLACEMENT_3D('',#5359,#4507,#4508);
#3479=AXIS2_PLACEMENT_3D('',#5361,#4509,#4510);
#3480=AXIS2_PLACEMENT_3D('',#5362,#4511,#4512);
#3481=AXIS2_PLACEMENT_3D('',#5363,#4513,#4514);
#3482=AXIS2_PLACEMENT_3D('',#5365,#4515,#4516);
#3483=AXIS2_PLACEMENT_3D('',#5366,#4517,#4518);
#3484=AXIS2_PLACEMENT_3D('',#5367,#4519,#4520);
#3485=AXIS2_PLACEMENT_3D('',#5369,#4521,#4522);
#3486=AXIS2_PLACEMENT_3D('',#5370,#4523,#4524);
#3487=AXIS2_PLACEMENT_3D('',#5371,#4525,#4526);
#3488=AXIS2_PLACEMENT_3D('',#5373,#4527,#4528);
#3489=DIRECTION('',(0.,0.,1.));
#3490=DIRECTION('',(1.,0.,0.));
#3491=DIRECTION('',(0.,0.,-1.));
#3492=DIRECTION('',(-1.,0.,0.));
#3493=DIRECTION('',(0.,0.,1.));
#3494=DIRECTION('',(1.,0.,0.));
#3495=DIRECTION('',(0.,0.,-1.));
#3496=DIRECTION('',(0.,0.,1.));
#3497=DIRECTION('',(1.,0.,0.));
#3498=DIRECTION('',(0.,0.,-1.));
#3499=DIRECTION('',(0.,0.,1.));
#3500=DIRECTION('',(1.,0.,0.));
#3501=DIRECTION('',(0.,0.,1.));
#3502=DIRECTION('',(1.,0.,0.));
#3503=DIRECTION('',(0.,0.,1.));
#3504=DIRECTION('',(1.,0.,0.));
#3505=DIRECTION('',(0.,0.,1.));
#3506=DIRECTION('',(1.,0.,0.));
#3507=DIRECTION('',(0.,1.,0.));
#3508=DIRECTION('',(0.,0.,1.));
#3509=DIRECTION('',(1.,0.,0.));
#3510=DIRECTION('',(0.,1.,0.));
#3511=DIRECTION('',(0.,0.,1.));
#3512=DIRECTION('',(1.,0.,0.));
#3513=DIRECTION('',(-0.999999137947097,-0.00131305181244058,0.));
#3514=DIRECTION('',(0.,0.,1.));
#3515=DIRECTION('',(1.,0.,0.));
#3516=DIRECTION('',(0.,0.,1.));
#3517=DIRECTION('',(1.,0.,0.));
#3518=DIRECTION('',(0.000815919539927595,-0.999999667137597,0.));
#3519=DIRECTION('',(0.,0.,1.));
#3520=DIRECTION('',(1.,0.,0.));
#3521=DIRECTION('',(0.,0.,1.));
#3522=DIRECTION('',(1.,0.,0.));
#3523=DIRECTION('',(0.,0.,1.));
#3524=DIRECTION('',(1.,0.,0.));
#3525=DIRECTION('',(0.,0.,1.));
#3526=DIRECTION('',(1.,0.,0.));
#3527=DIRECTION('',(0.505822883819916,0.862637357296856,0.));
#3528=DIRECTION('',(0.,0.,1.));
#3529=DIRECTION('',(1.,0.,0.));
#3530=DIRECTION('',(0.00200091484978373,0.999997998167878,0.));
#3531=DIRECTION('',(-0.00162910454467984,0.999998673008311,0.));
#3532=DIRECTION('',(2.83020445615623E-6,0.999999999995995,0.));
#3533=DIRECTION('',(0.,0.,1.));
#3534=DIRECTION('',(1.,0.,0.));
#3535=DIRECTION('',(0.,0.,-1.));
#3536=DIRECTION('',(1.,0.,0.));
#3537=DIRECTION('',(0.,0.,1.));
#3538=DIRECTION('',(1.,0.,0.));
#3539=DIRECTION('',(2.83020445591668E-6,0.999999999995995,0.));
#3540=DIRECTION('',(0.,0.,1.));
#3541=DIRECTION('',(1.,0.,0.));
#3542=DIRECTION('',(0.,0.,1.));
#3543=DIRECTION('',(1.,0.,0.));
#3544=DIRECTION('',(0.,0.,1.));
#3545=DIRECTION('',(1.,0.,0.));
#3546=DIRECTION('',(0.,0.,1.));
#3547=DIRECTION('',(1.,0.,0.));
#3548=DIRECTION('',(0.,0.,1.));
#3549=DIRECTION('',(1.,0.,0.));
#3550=DIRECTION('',(0.,0.,1.));
#3551=DIRECTION('',(1.,0.,0.));
#3552=DIRECTION('',(0.,0.,1.));
#3553=DIRECTION('',(1.,0.,0.));
#3554=DIRECTION('',(0.,0.,1.));
#3555=DIRECTION('',(1.,0.,0.));
#3556=DIRECTION('',(0.,0.,1.));
#3557=DIRECTION('',(1.,0.,0.));
#3558=DIRECTION('',(0.,0.,1.));
#3559=DIRECTION('',(1.,0.,0.));
#3560=DIRECTION('',(0.,0.,1.));
#3561=DIRECTION('',(1.,0.,0.));
#3562=DIRECTION('',(0.,0.,1.));
#3563=DIRECTION('',(1.,0.,0.));
#3564=DIRECTION('',(0.,0.,1.));
#3565=DIRECTION('',(1.,0.,0.));
#3566=DIRECTION('',(0.,0.,1.));
#3567=DIRECTION('',(1.,0.,0.));
#3568=DIRECTION('',(0.,0.,1.));
#3569=DIRECTION('',(1.,0.,0.));
#3570=DIRECTION('',(0.,0.,1.));
#3571=DIRECTION('',(1.,0.,0.));
#3572=DIRECTION('',(0.,0.,1.));
#3573=DIRECTION('',(1.,0.,0.));
#3574=DIRECTION('',(0.,0.,1.));
#3575=DIRECTION('',(1.,0.,0.));
#3576=DIRECTION('',(0.,0.,1.));
#3577=DIRECTION('',(1.,0.,0.));
#3578=DIRECTION('',(0.,0.,1.));
#3579=DIRECTION('',(1.,0.,0.));
#3580=DIRECTION('',(0.,0.,1.));
#3581=DIRECTION('',(1.,0.,0.));
#3582=DIRECTION('',(0.,0.,1.));
#3583=DIRECTION('',(1.,0.,0.));
#3584=DIRECTION('',(0.,0.,1.));
#3585=DIRECTION('',(1.,0.,0.));
#3586=DIRECTION('',(0.,0.,1.));
#3587=DIRECTION('',(1.,0.,0.));
#3588=DIRECTION('',(0.,0.,1.));
#3589=DIRECTION('',(1.,0.,0.));
#3590=DIRECTION('',(0.,0.,1.));
#3591=DIRECTION('',(1.,0.,0.));
#3592=DIRECTION('',(0.,0.,1.));
#3593=DIRECTION('',(1.,0.,0.));
#3594=DIRECTION('',(0.,0.,1.));
#3595=DIRECTION('',(1.,0.,0.));
#3596=DIRECTION('',(0.,0.,1.));
#3597=DIRECTION('',(1.,0.,0.));
#3598=DIRECTION('',(0.,0.,1.));
#3599=DIRECTION('',(1.,0.,0.));
#3600=DIRECTION('',(0.,0.,1.));
#3601=DIRECTION('',(1.,0.,0.));
#3602=DIRECTION('',(0.,0.,1.));
#3603=DIRECTION('',(1.,0.,0.));
#3604=DIRECTION('',(0.,0.,1.));
#3605=DIRECTION('',(1.,0.,0.));
#3606=DIRECTION('',(0.,0.,1.));
#3607=DIRECTION('',(1.,0.,0.));
#3608=DIRECTION('',(0.,0.,1.));
#3609=DIRECTION('',(1.,0.,0.));
#3610=DIRECTION('',(0.,0.,1.));
#3611=DIRECTION('',(1.,0.,0.));
#3612=DIRECTION('',(0.,0.,1.));
#3613=DIRECTION('',(1.,0.,0.));
#3614=DIRECTION('',(0.,0.,1.));
#3615=DIRECTION('',(1.,0.,0.));
#3616=DIRECTION('',(0.,0.,1.));
#3617=DIRECTION('',(1.,0.,0.));
#3618=DIRECTION('',(0.,0.,1.));
#3619=DIRECTION('',(1.,0.,0.));
#3620=DIRECTION('',(0.,0.,1.));
#3621=DIRECTION('',(1.,0.,0.));
#3622=DIRECTION('',(0.,0.,1.));
#3623=DIRECTION('',(1.,0.,0.));
#3624=DIRECTION('',(0.,0.,1.));
#3625=DIRECTION('',(1.,0.,0.));
#3626=DIRECTION('',(0.,0.,1.));
#3627=DIRECTION('',(1.,0.,0.));
#3628=DIRECTION('',(0.,0.,1.));
#3629=DIRECTION('',(1.,0.,0.));
#3630=DIRECTION('',(0.,0.,1.));
#3631=DIRECTION('',(1.,0.,0.));
#3632=DIRECTION('',(0.,0.,1.));
#3633=DIRECTION('',(1.,0.,0.));
#3634=DIRECTION('',(0.,0.,1.));
#3635=DIRECTION('',(1.,0.,0.));
#3636=DIRECTION('',(0.,0.,1.));
#3637=DIRECTION('',(1.,0.,0.));
#3638=DIRECTION('',(0.,0.,1.));
#3639=DIRECTION('',(1.,0.,0.));
#3640=DIRECTION('',(0.,0.,1.));
#3641=DIRECTION('',(1.,0.,0.));
#3642=DIRECTION('',(0.,0.,1.));
#3643=DIRECTION('',(1.,0.,0.));
#3644=DIRECTION('',(0.,0.,1.));
#3645=DIRECTION('',(1.,0.,0.));
#3646=DIRECTION('',(0.,0.,1.));
#3647=DIRECTION('',(1.,0.,0.));
#3648=DIRECTION('',(0.,0.,1.));
#3649=DIRECTION('',(1.,0.,0.));
#3650=DIRECTION('',(0.,0.,1.));
#3651=DIRECTION('',(1.,0.,0.));
#3652=DIRECTION('',(0.,0.,1.));
#3653=DIRECTION('',(1.,0.,0.));
#3654=DIRECTION('',(0.,0.,1.));
#3655=DIRECTION('',(1.,0.,0.));
#3656=DIRECTION('',(0.,0.,1.));
#3657=DIRECTION('',(1.,0.,0.));
#3658=DIRECTION('',(0.,0.,1.));
#3659=DIRECTION('',(1.,0.,0.));
#3660=DIRECTION('',(0.,0.,1.));
#3661=DIRECTION('',(1.,0.,0.));
#3662=DIRECTION('',(0.,0.,1.));
#3663=DIRECTION('',(1.,0.,0.));
#3664=DIRECTION('',(0.,0.,-1.));
#3665=DIRECTION('',(1.,0.,0.));
#3666=DIRECTION('',(0.,1.,0.));
#3667=DIRECTION('',(0.,0.,1.));
#3668=DIRECTION('',(1.,0.,0.));
#3669=DIRECTION('',(0.,-1.,0.));
#3670=DIRECTION('',(0.,0.,1.));
#3671=DIRECTION('',(1.,0.,0.));
#3672=DIRECTION('',(0.,0.,1.));
#3673=DIRECTION('',(1.,0.,0.));
#3674=DIRECTION('',(0.,0.,1.));
#3675=DIRECTION('',(1.,0.,0.));
#3676=DIRECTION('',(0.,0.,1.));
#3677=DIRECTION('',(1.,0.,0.));
#3678=DIRECTION('',(0.,0.,1.));
#3679=DIRECTION('',(1.,0.,0.));
#3680=DIRECTION('',(0.,0.,1.));
#3681=DIRECTION('',(1.,0.,0.));
#3682=DIRECTION('',(0.,0.,1.));
#3683=DIRECTION('',(1.,0.,0.));
#3684=DIRECTION('',(0.,0.,1.));
#3685=DIRECTION('',(1.,0.,0.));
#3686=DIRECTION('',(0.,0.,1.));
#3687=DIRECTION('',(1.,0.,0.));
#3688=DIRECTION('',(0.,0.,1.));
#3689=DIRECTION('',(1.,0.,0.));
#3690=DIRECTION('',(0.,0.,1.));
#3691=DIRECTION('',(1.,0.,0.));
#3692=DIRECTION('',(0.,0.,1.));
#3693=DIRECTION('',(1.,0.,0.));
#3694=DIRECTION('',(0.,0.,1.));
#3695=DIRECTION('',(1.,0.,0.));
#3696=DIRECTION('',(0.,0.,1.));
#3697=DIRECTION('',(1.,0.,0.));
#3698=DIRECTION('',(0.,0.,1.));
#3699=DIRECTION('',(1.,0.,0.));
#3700=DIRECTION('',(0.,0.,1.));
#3701=DIRECTION('',(1.,0.,0.));
#3702=DIRECTION('',(0.,0.,1.));
#3703=DIRECTION('',(1.,0.,0.));
#3704=DIRECTION('',(0.,0.,1.));
#3705=DIRECTION('',(1.,0.,0.));
#3706=DIRECTION('',(0.,0.,1.));
#3707=DIRECTION('',(1.,0.,0.));
#3708=DIRECTION('',(0.,0.,-1.));
#3709=DIRECTION('',(1.,0.,0.));
#3710=DIRECTION('',(0.,1.,0.));
#3711=DIRECTION('',(0.,0.,1.));
#3712=DIRECTION('',(1.,0.,0.));
#3713=DIRECTION('',(0.,-1.,0.));
#3714=DIRECTION('',(0.,0.,1.));
#3715=DIRECTION('',(1.,0.,0.));
#3716=DIRECTION('',(0.,0.,1.));
#3717=DIRECTION('',(1.,0.,0.));
#3718=DIRECTION('',(0.,0.,-1.));
#3719=DIRECTION('',(-1.,0.,0.));
#3720=DIRECTION('',(0.,0.,1.));
#3721=DIRECTION('',(1.,0.,0.));
#3722=DIRECTION('',(0.,0.,1.));
#3723=DIRECTION('',(1.,0.,0.));
#3724=DIRECTION('',(0.,0.,-1.));
#3725=DIRECTION('',(-1.,0.,0.));
#3726=DIRECTION('',(0.,0.,1.));
#3727=DIRECTION('',(1.,0.,0.));
#3728=DIRECTION('',(0.,0.,1.));
#3729=DIRECTION('',(1.,0.,0.));
#3730=DIRECTION('',(0.,0.,-1.));
#3731=DIRECTION('',(-1.,0.,0.));
#3732=DIRECTION('',(0.,0.,1.));
#3733=DIRECTION('',(1.,0.,0.));
#3734=DIRECTION('',(0.,0.,1.));
#3735=DIRECTION('',(1.,0.,0.));
#3736=DIRECTION('',(0.,0.,-1.));
#3737=DIRECTION('',(-1.,0.,0.));
#3738=DIRECTION('',(0.,0.,1.));
#3739=DIRECTION('',(1.,0.,0.));
#3740=DIRECTION('',(0.,0.,1.));
#3741=DIRECTION('',(1.,0.,0.));
#3742=DIRECTION('',(0.,0.,-1.));
#3743=DIRECTION('',(-1.,0.,0.));
#3744=DIRECTION('',(0.,0.,1.));
#3745=DIRECTION('',(1.,0.,0.));
#3746=DIRECTION('',(0.,0.,1.));
#3747=DIRECTION('',(1.,0.,0.));
#3748=DIRECTION('',(0.,0.,-1.));
#3749=DIRECTION('',(-1.,0.,0.));
#3750=DIRECTION('',(0.,0.,1.));
#3751=DIRECTION('',(1.,0.,0.));
#3752=DIRECTION('',(0.,0.,1.));
#3753=DIRECTION('',(1.,0.,0.));
#3754=DIRECTION('',(0.,0.,-1.));
#3755=DIRECTION('',(-1.,0.,0.));
#3756=DIRECTION('',(0.,0.,1.));
#3757=DIRECTION('',(1.,0.,0.));
#3758=DIRECTION('',(0.,0.,1.));
#3759=DIRECTION('',(1.,0.,0.));
#3760=DIRECTION('',(0.,0.,-1.));
#3761=DIRECTION('',(-1.,0.,0.));
#3762=DIRECTION('',(0.,0.,1.));
#3763=DIRECTION('',(1.,0.,0.));
#3764=DIRECTION('',(0.,0.,1.));
#3765=DIRECTION('',(1.,0.,0.));
#3766=DIRECTION('',(0.,0.,-1.));
#3767=DIRECTION('',(-1.,0.,0.));
#3768=DIRECTION('',(0.,0.,1.));
#3769=DIRECTION('',(1.,0.,0.));
#3770=DIRECTION('',(0.,0.,1.));
#3771=DIRECTION('',(1.,0.,0.));
#3772=DIRECTION('',(0.,0.,-1.));
#3773=DIRECTION('',(-1.,0.,0.));
#3774=DIRECTION('',(0.,0.,1.));
#3775=DIRECTION('',(1.,0.,0.));
#3776=DIRECTION('',(0.,0.,1.));
#3777=DIRECTION('',(1.,0.,0.));
#3778=DIRECTION('',(0.,0.,-1.));
#3779=DIRECTION('',(-1.,0.,0.));
#3780=DIRECTION('',(0.,0.,1.));
#3781=DIRECTION('',(1.,0.,0.));
#3782=DIRECTION('',(0.,0.,1.));
#3783=DIRECTION('',(1.,0.,0.));
#3784=DIRECTION('',(0.,0.,-1.));
#3785=DIRECTION('',(-1.,0.,0.));
#3786=DIRECTION('',(0.,0.,1.));
#3787=DIRECTION('',(1.,0.,0.));
#3788=DIRECTION('',(0.,0.,1.));
#3789=DIRECTION('',(1.,0.,0.));
#3790=DIRECTION('',(0.,0.,-1.));
#3791=DIRECTION('',(-1.,0.,0.));
#3792=DIRECTION('',(0.,0.,1.));
#3793=DIRECTION('',(1.,0.,0.));
#3794=DIRECTION('',(0.,0.,1.));
#3795=DIRECTION('',(1.,0.,0.));
#3796=DIRECTION('',(0.,0.,-1.));
#3797=DIRECTION('',(-1.,0.,0.));
#3798=DIRECTION('',(0.,0.,1.));
#3799=DIRECTION('',(1.,0.,0.));
#3800=DIRECTION('',(0.,0.,1.));
#3801=DIRECTION('',(1.,0.,0.));
#3802=DIRECTION('',(0.,0.,-1.));
#3803=DIRECTION('',(-1.,0.,0.));
#3804=DIRECTION('',(0.,0.,1.));
#3805=DIRECTION('',(1.,0.,0.));
#3806=DIRECTION('',(0.,0.,1.));
#3807=DIRECTION('',(1.,0.,0.));
#3808=DIRECTION('',(0.,0.,-1.));
#3809=DIRECTION('',(-1.,0.,0.));
#3810=DIRECTION('',(0.,0.,1.));
#3811=DIRECTION('',(1.,0.,0.));
#3812=DIRECTION('',(0.,0.,1.));
#3813=DIRECTION('',(1.,0.,0.));
#3814=DIRECTION('',(0.,0.,-1.));
#3815=DIRECTION('',(-1.,0.,0.));
#3816=DIRECTION('',(0.,0.,1.));
#3817=DIRECTION('',(1.,0.,0.));
#3818=DIRECTION('',(0.,0.,1.));
#3819=DIRECTION('',(1.,0.,0.));
#3820=DIRECTION('',(0.,0.,-1.));
#3821=DIRECTION('',(-1.,0.,0.));
#3822=DIRECTION('',(0.,0.,1.));
#3823=DIRECTION('',(1.,0.,0.));
#3824=DIRECTION('',(0.,0.,1.));
#3825=DIRECTION('',(1.,0.,0.));
#3826=DIRECTION('',(0.,0.,-1.));
#3827=DIRECTION('',(-1.,0.,0.));
#3828=DIRECTION('',(0.,0.,1.));
#3829=DIRECTION('',(1.,0.,0.));
#3830=DIRECTION('',(0.,0.,1.));
#3831=DIRECTION('',(1.,0.,0.));
#3832=DIRECTION('',(0.,0.,-1.));
#3833=DIRECTION('',(-1.,0.,0.));
#3834=DIRECTION('',(0.,0.,1.));
#3835=DIRECTION('',(1.,0.,0.));
#3836=DIRECTION('',(0.,0.,1.));
#3837=DIRECTION('',(1.,0.,0.));
#3838=DIRECTION('',(0.,0.,-1.));
#3839=DIRECTION('',(-1.,0.,0.));
#3840=DIRECTION('',(0.,0.,1.));
#3841=DIRECTION('',(1.,0.,0.));
#3842=DIRECTION('',(0.,0.,1.));
#3843=DIRECTION('',(1.,0.,0.));
#3844=DIRECTION('',(0.,0.,-1.));
#3845=DIRECTION('',(-1.,0.,0.));
#3846=DIRECTION('',(0.,0.,1.));
#3847=DIRECTION('',(1.,0.,0.));
#3848=DIRECTION('',(0.,0.,1.));
#3849=DIRECTION('',(1.,0.,0.));
#3850=DIRECTION('',(0.,0.,-1.));
#3851=DIRECTION('',(-1.,0.,0.));
#3852=DIRECTION('',(0.,0.,1.));
#3853=DIRECTION('',(1.,0.,0.));
#3854=DIRECTION('',(0.,0.,1.));
#3855=DIRECTION('',(1.,0.,0.));
#3856=DIRECTION('',(0.,0.,-1.));
#3857=DIRECTION('',(-1.,0.,0.));
#3858=DIRECTION('',(0.,0.,1.));
#3859=DIRECTION('',(1.,0.,0.));
#3860=DIRECTION('',(0.,0.,1.));
#3861=DIRECTION('',(1.,0.,0.));
#3862=DIRECTION('',(0.,0.,-1.));
#3863=DIRECTION('',(-1.,0.,0.));
#3864=DIRECTION('',(0.,0.,1.));
#3865=DIRECTION('',(1.,0.,0.));
#3866=DIRECTION('',(0.,0.,1.));
#3867=DIRECTION('',(1.,0.,0.));
#3868=DIRECTION('',(0.,0.,-1.));
#3869=DIRECTION('',(-1.,0.,0.));
#3870=DIRECTION('',(0.,0.,1.));
#3871=DIRECTION('',(1.,0.,0.));
#3872=DIRECTION('',(0.,0.,1.));
#3873=DIRECTION('',(1.,0.,0.));
#3874=DIRECTION('',(0.,0.,-1.));
#3875=DIRECTION('',(-1.,0.,0.));
#3876=DIRECTION('',(0.,0.,1.));
#3877=DIRECTION('',(1.,0.,0.));
#3878=DIRECTION('',(0.,0.,1.));
#3879=DIRECTION('',(1.,0.,0.));
#3880=DIRECTION('',(0.,0.,-1.));
#3881=DIRECTION('',(-1.,0.,0.));
#3882=DIRECTION('',(0.,0.,-1.));
#3883=DIRECTION('',(1.,0.,0.));
#3884=DIRECTION('',(0.,0.,-1.));
#3885=DIRECTION('',(0.,0.,-1.));
#3886=DIRECTION('',(1.,0.,0.));
#3887=DIRECTION('',(0.,0.,-1.));
#3888=DIRECTION('',(0.,-1.,0.));
#3889=DIRECTION('',(0.,0.,-1.));
#3890=DIRECTION('',(0.,0.,-1.));
#3891=DIRECTION('',(-1.,0.,0.));
#3892=DIRECTION('',(0.,0.,1.));
#3893=DIRECTION('',(1.,0.,0.));
#3894=DIRECTION('',(0.,0.,-1.));
#3895=DIRECTION('',(-1.,0.,0.));
#3896=DIRECTION('',(0.,0.,1.));
#3897=DIRECTION('',(0.,1.,0.));
#3898=DIRECTION('',(0.,0.,1.));
#3899=DIRECTION('',(1.,0.,0.));
#3900=DIRECTION('',(0.,0.,-1.));
#3901=DIRECTION('',(-1.,0.,0.));
#3902=DIRECTION('',(0.,0.,-1.));
#3903=DIRECTION('',(1.,0.,0.));
#3904=DIRECTION('',(0.,0.,-1.));
#3905=DIRECTION('',(0.,0.,-1.));
#3906=DIRECTION('',(1.,0.,0.));
#3907=DIRECTION('',(0.,0.,-1.));
#3908=DIRECTION('',(0.,-1.,0.));
#3909=DIRECTION('',(0.,0.,-1.));
#3910=DIRECTION('',(0.,0.,-1.));
#3911=DIRECTION('',(-1.,0.,0.));
#3912=DIRECTION('',(0.,0.,1.));
#3913=DIRECTION('',(1.,0.,0.));
#3914=DIRECTION('',(0.,0.,-1.));
#3915=DIRECTION('',(-1.,0.,0.));
#3916=DIRECTION('',(0.,0.,1.));
#3917=DIRECTION('',(0.,1.,0.));
#3918=DIRECTION('',(0.,0.,1.));
#3919=DIRECTION('',(1.,0.,0.));
#3920=DIRECTION('',(0.,0.,-1.));
#3921=DIRECTION('',(-1.,0.,0.));
#3922=DIRECTION('',(0.,0.,1.));
#3923=DIRECTION('',(1.,0.,0.));
#3924=DIRECTION('',(0.,0.,1.));
#3925=DIRECTION('',(1.,0.,0.));
#3926=DIRECTION('',(0.,0.,-1.));
#3927=DIRECTION('',(-1.,0.,0.));
#3928=DIRECTION('',(0.,0.,1.));
#3929=DIRECTION('',(1.,0.,0.));
#3930=DIRECTION('',(0.,0.,1.));
#3931=DIRECTION('',(1.,0.,0.));
#3932=DIRECTION('',(0.,0.,-1.));
#3933=DIRECTION('',(-1.,0.,0.));
#3934=DIRECTION('',(0.,0.,1.));
#3935=DIRECTION('',(1.,0.,0.));
#3936=DIRECTION('',(0.,0.,1.));
#3937=DIRECTION('',(1.,0.,0.));
#3938=DIRECTION('',(0.,0.,-1.));
#3939=DIRECTION('',(-1.,0.,0.));
#3940=DIRECTION('',(0.,0.,1.));
#3941=DIRECTION('',(1.,0.,0.));
#3942=DIRECTION('',(0.,0.,1.));
#3943=DIRECTION('',(1.,0.,0.));
#3944=DIRECTION('',(0.,0.,-1.));
#3945=DIRECTION('',(-1.,0.,0.));
#3946=DIRECTION('',(0.,0.,1.));
#3947=DIRECTION('',(1.,0.,0.));
#3948=DIRECTION('',(0.,0.,1.));
#3949=DIRECTION('',(1.,0.,0.));
#3950=DIRECTION('',(0.,0.,-1.));
#3951=DIRECTION('',(-1.,0.,0.));
#3952=DIRECTION('',(0.,0.,1.));
#3953=DIRECTION('',(1.,0.,0.));
#3954=DIRECTION('',(0.,0.,1.));
#3955=DIRECTION('',(1.,0.,0.));
#3956=DIRECTION('',(0.,0.,-1.));
#3957=DIRECTION('',(-1.,0.,0.));
#3958=DIRECTION('',(0.,0.,1.));
#3959=DIRECTION('',(1.,0.,0.));
#3960=DIRECTION('',(0.,0.,1.));
#3961=DIRECTION('',(1.,0.,0.));
#3962=DIRECTION('',(0.,0.,-1.));
#3963=DIRECTION('',(-1.,0.,0.));
#3964=DIRECTION('',(0.,0.,1.));
#3965=DIRECTION('',(1.,0.,0.));
#3966=DIRECTION('',(0.,0.,1.));
#3967=DIRECTION('',(1.,0.,0.));
#3968=DIRECTION('',(0.,0.,-1.));
#3969=DIRECTION('',(-1.,0.,0.));
#3970=DIRECTION('',(0.,0.,1.));
#3971=DIRECTION('',(1.,0.,0.));
#3972=DIRECTION('',(0.,0.,1.));
#3973=DIRECTION('',(1.,0.,0.));
#3974=DIRECTION('',(0.,0.,-1.));
#3975=DIRECTION('',(-1.,0.,0.));
#3976=DIRECTION('',(0.,0.,1.));
#3977=DIRECTION('',(1.,0.,0.));
#3978=DIRECTION('',(0.,0.,1.));
#3979=DIRECTION('',(1.,0.,0.));
#3980=DIRECTION('',(0.,0.,-1.));
#3981=DIRECTION('',(-1.,0.,0.));
#3982=DIRECTION('',(0.,0.,1.));
#3983=DIRECTION('',(1.,0.,0.));
#3984=DIRECTION('',(0.,0.,1.));
#3985=DIRECTION('',(1.,0.,0.));
#3986=DIRECTION('',(0.,0.,-1.));
#3987=DIRECTION('',(-1.,0.,0.));
#3988=DIRECTION('',(0.,0.,1.));
#3989=DIRECTION('',(1.,0.,0.));
#3990=DIRECTION('',(0.,0.,1.));
#3991=DIRECTION('',(1.,0.,0.));
#3992=DIRECTION('',(0.,0.,-1.));
#3993=DIRECTION('',(-1.,0.,0.));
#3994=DIRECTION('',(0.,0.,1.));
#3995=DIRECTION('',(1.,0.,0.));
#3996=DIRECTION('',(0.,0.,1.));
#3997=DIRECTION('',(1.,0.,0.));
#3998=DIRECTION('',(0.,0.,-1.));
#3999=DIRECTION('',(-1.,0.,0.));
#4000=DIRECTION('',(0.,0.,1.));
#4001=DIRECTION('',(1.,0.,0.));
#4002=DIRECTION('',(0.,0.,1.));
#4003=DIRECTION('',(1.,0.,0.));
#4004=DIRECTION('',(0.,0.,-1.));
#4005=DIRECTION('',(-1.,0.,0.));
#4006=DIRECTION('',(0.,0.,1.));
#4007=DIRECTION('',(1.,0.,0.));
#4008=DIRECTION('',(0.,0.,1.));
#4009=DIRECTION('',(1.,0.,0.));
#4010=DIRECTION('',(0.,0.,-1.));
#4011=DIRECTION('',(-1.,0.,0.));
#4012=DIRECTION('',(0.,0.,1.));
#4013=DIRECTION('',(1.,0.,0.));
#4014=DIRECTION('',(0.,0.,1.));
#4015=DIRECTION('',(1.,0.,0.));
#4016=DIRECTION('',(0.,0.,-1.));
#4017=DIRECTION('',(-1.,0.,0.));
#4018=DIRECTION('',(0.,0.,1.));
#4019=DIRECTION('',(1.,0.,0.));
#4020=DIRECTION('',(0.,0.,1.));
#4021=DIRECTION('',(1.,0.,0.));
#4022=DIRECTION('',(0.,0.,-1.));
#4023=DIRECTION('',(-1.,0.,0.));
#4024=DIRECTION('',(0.,0.,1.));
#4025=DIRECTION('',(1.,0.,0.));
#4026=DIRECTION('',(0.,0.,1.));
#4027=DIRECTION('',(1.,0.,0.));
#4028=DIRECTION('',(0.,0.,-1.));
#4029=DIRECTION('',(-1.,0.,0.));
#4030=DIRECTION('',(0.,0.,1.));
#4031=DIRECTION('',(1.,0.,0.));
#4032=DIRECTION('',(0.,0.,1.));
#4033=DIRECTION('',(1.,0.,0.));
#4034=DIRECTION('',(0.,0.,-1.));
#4035=DIRECTION('',(-1.,0.,0.));
#4036=DIRECTION('',(0.,0.,1.));
#4037=DIRECTION('',(1.,0.,0.));
#4038=DIRECTION('',(0.,0.,1.));
#4039=DIRECTION('',(1.,0.,0.));
#4040=DIRECTION('',(0.,0.,-1.));
#4041=DIRECTION('',(-1.,0.,0.));
#4042=DIRECTION('',(0.,0.,1.));
#4043=DIRECTION('',(1.,0.,0.));
#4044=DIRECTION('',(0.,0.,1.));
#4045=DIRECTION('',(1.,0.,0.));
#4046=DIRECTION('',(0.,0.,-1.));
#4047=DIRECTION('',(-1.,0.,0.));
#4048=DIRECTION('',(0.,0.,1.));
#4049=DIRECTION('',(1.,0.,0.));
#4050=DIRECTION('',(0.,0.,1.));
#4051=DIRECTION('',(1.,0.,0.));
#4052=DIRECTION('',(0.,0.,-1.));
#4053=DIRECTION('',(-1.,0.,0.));
#4054=DIRECTION('',(0.,0.,1.));
#4055=DIRECTION('',(1.,0.,0.));
#4056=DIRECTION('',(0.,0.,1.));
#4057=DIRECTION('',(1.,0.,0.));
#4058=DIRECTION('',(0.,0.,-1.));
#4059=DIRECTION('',(-1.,0.,0.));
#4060=DIRECTION('',(0.,0.,1.));
#4061=DIRECTION('',(1.,0.,0.));
#4062=DIRECTION('',(0.,0.,1.));
#4063=DIRECTION('',(1.,0.,0.));
#4064=DIRECTION('',(0.,0.,-1.));
#4065=DIRECTION('',(-1.,0.,0.));
#4066=DIRECTION('',(0.,0.,1.));
#4067=DIRECTION('',(1.,0.,0.));
#4068=DIRECTION('',(0.,0.,1.));
#4069=DIRECTION('',(1.,0.,0.));
#4070=DIRECTION('',(0.,0.,-1.));
#4071=DIRECTION('',(-1.,0.,0.));
#4072=DIRECTION('',(0.,0.,1.));
#4073=DIRECTION('',(1.,0.,0.));
#4074=DIRECTION('',(0.,0.,1.));
#4075=DIRECTION('',(1.,0.,0.));
#4076=DIRECTION('',(0.,0.,-1.));
#4077=DIRECTION('',(-1.,0.,0.));
#4078=DIRECTION('',(0.,0.,1.));
#4079=DIRECTION('',(1.,0.,0.));
#4080=DIRECTION('',(0.,0.,1.));
#4081=DIRECTION('',(1.,0.,0.));
#4082=DIRECTION('',(0.,0.,-1.));
#4083=DIRECTION('',(-1.,0.,0.));
#4084=DIRECTION('',(0.,0.,1.));
#4085=DIRECTION('',(1.,0.,0.));
#4086=DIRECTION('',(0.,0.,1.));
#4087=DIRECTION('',(1.,0.,0.));
#4088=DIRECTION('',(0.,0.,-1.));
#4089=DIRECTION('',(-1.,0.,0.));
#4090=DIRECTION('',(0.,0.,1.));
#4091=DIRECTION('',(1.,0.,0.));
#4092=DIRECTION('',(0.,0.,1.));
#4093=DIRECTION('',(1.,0.,0.));
#4094=DIRECTION('',(0.,0.,-1.));
#4095=DIRECTION('',(-1.,0.,0.));
#4096=DIRECTION('',(0.,0.,1.));
#4097=DIRECTION('',(1.,0.,0.));
#4098=DIRECTION('',(0.,0.,1.));
#4099=DIRECTION('',(1.,0.,0.));
#4100=DIRECTION('',(0.,0.,-1.));
#4101=DIRECTION('',(-1.,0.,0.));
#4102=DIRECTION('',(0.,0.,1.));
#4103=DIRECTION('',(1.,0.,0.));
#4104=DIRECTION('',(0.,0.,1.));
#4105=DIRECTION('',(1.,0.,0.));
#4106=DIRECTION('',(0.,0.,-1.));
#4107=DIRECTION('',(-1.,0.,0.));
#4108=DIRECTION('',(0.,0.,1.));
#4109=DIRECTION('',(1.,0.,0.));
#4110=DIRECTION('',(0.,0.,1.));
#4111=DIRECTION('',(1.,0.,0.));
#4112=DIRECTION('',(0.,0.,-1.));
#4113=DIRECTION('',(-1.,0.,0.));
#4114=DIRECTION('',(0.,0.,1.));
#4115=DIRECTION('',(1.,0.,0.));
#4116=DIRECTION('',(0.,0.,1.));
#4117=DIRECTION('',(1.,0.,0.));
#4118=DIRECTION('',(0.,0.,-1.));
#4119=DIRECTION('',(-1.,0.,0.));
#4120=DIRECTION('',(0.,0.,1.));
#4121=DIRECTION('',(1.,0.,0.));
#4122=DIRECTION('',(0.,0.,1.));
#4123=DIRECTION('',(1.,0.,0.));
#4124=DIRECTION('',(0.,0.,-1.));
#4125=DIRECTION('',(-1.,0.,0.));
#4126=DIRECTION('',(0.,0.,1.));
#4127=DIRECTION('',(1.,0.,0.));
#4128=DIRECTION('',(0.,0.,1.));
#4129=DIRECTION('',(1.,0.,0.));
#4130=DIRECTION('',(0.,0.,-1.));
#4131=DIRECTION('',(-1.,0.,0.));
#4132=DIRECTION('',(0.,0.,1.));
#4133=DIRECTION('',(1.,0.,0.));
#4134=DIRECTION('',(0.,0.,1.));
#4135=DIRECTION('',(1.,0.,0.));
#4136=DIRECTION('',(0.,0.,-1.));
#4137=DIRECTION('',(-1.,0.,0.));
#4138=DIRECTION('',(0.,0.,1.));
#4139=DIRECTION('',(1.,0.,0.));
#4140=DIRECTION('',(0.,0.,1.));
#4141=DIRECTION('',(1.,0.,0.));
#4142=DIRECTION('',(0.,0.,-1.));
#4143=DIRECTION('',(-1.,0.,0.));
#4144=DIRECTION('',(0.,0.,1.));
#4145=DIRECTION('',(1.,0.,0.));
#4146=DIRECTION('',(0.,0.,1.));
#4147=DIRECTION('',(1.,0.,0.));
#4148=DIRECTION('',(0.,0.,-1.));
#4149=DIRECTION('',(-1.,0.,0.));
#4150=DIRECTION('',(0.,0.,1.));
#4151=DIRECTION('',(1.,0.,0.));
#4152=DIRECTION('',(0.,0.,1.));
#4153=DIRECTION('',(1.,0.,0.));
#4154=DIRECTION('',(0.,0.,-1.));
#4155=DIRECTION('',(-1.,0.,0.));
#4156=DIRECTION('',(0.,0.,1.));
#4157=DIRECTION('',(1.,0.,0.));
#4158=DIRECTION('',(0.,0.,1.));
#4159=DIRECTION('',(1.,0.,0.));
#4160=DIRECTION('',(0.,0.,-1.));
#4161=DIRECTION('',(-1.,0.,0.));
#4162=DIRECTION('',(0.,0.,1.));
#4163=DIRECTION('',(1.,0.,0.));
#4164=DIRECTION('',(0.,0.,1.));
#4165=DIRECTION('',(1.,0.,0.));
#4166=DIRECTION('',(0.,0.,-1.));
#4167=DIRECTION('',(-1.,0.,0.));
#4168=DIRECTION('',(0.,0.,1.));
#4169=DIRECTION('',(1.,0.,0.));
#4170=DIRECTION('',(0.,0.,1.));
#4171=DIRECTION('',(1.,0.,0.));
#4172=DIRECTION('',(0.,0.,-1.));
#4173=DIRECTION('',(-1.,0.,0.));
#4174=DIRECTION('',(0.,0.,1.));
#4175=DIRECTION('',(1.,0.,0.));
#4176=DIRECTION('',(0.,0.,1.));
#4177=DIRECTION('',(1.,0.,0.));
#4178=DIRECTION('',(0.,0.,-1.));
#4179=DIRECTION('',(-1.,0.,0.));
#4180=DIRECTION('',(0.,0.,1.));
#4181=DIRECTION('',(1.,0.,0.));
#4182=DIRECTION('',(0.,0.,1.));
#4183=DIRECTION('',(1.,0.,0.));
#4184=DIRECTION('',(0.,0.,-1.));
#4185=DIRECTION('',(-1.,0.,0.));
#4186=DIRECTION('',(0.,0.,1.));
#4187=DIRECTION('',(1.,0.,0.));
#4188=DIRECTION('',(0.,0.,1.));
#4189=DIRECTION('',(1.,0.,0.));
#4190=DIRECTION('',(0.,0.,-1.));
#4191=DIRECTION('',(-1.,0.,0.));
#4192=DIRECTION('',(0.,0.,1.));
#4193=DIRECTION('',(1.,0.,0.));
#4194=DIRECTION('',(0.,0.,1.));
#4195=DIRECTION('',(1.,0.,0.));
#4196=DIRECTION('',(0.,0.,-1.));
#4197=DIRECTION('',(-1.,0.,0.));
#4198=DIRECTION('',(0.,0.,1.));
#4199=DIRECTION('',(1.,0.,0.));
#4200=DIRECTION('',(0.,0.,1.));
#4201=DIRECTION('',(1.,0.,0.));
#4202=DIRECTION('',(0.,0.,-1.));
#4203=DIRECTION('',(-1.,0.,0.));
#4204=DIRECTION('',(0.,0.,1.));
#4205=DIRECTION('',(1.,0.,0.));
#4206=DIRECTION('',(0.,0.,1.));
#4207=DIRECTION('',(1.,0.,0.));
#4208=DIRECTION('',(0.,0.,-1.));
#4209=DIRECTION('',(-1.,0.,0.));
#4210=DIRECTION('',(0.,0.,1.));
#4211=DIRECTION('',(1.,0.,0.));
#4212=DIRECTION('',(0.,0.,1.));
#4213=DIRECTION('',(1.,0.,0.));
#4214=DIRECTION('',(0.,0.,-1.));
#4215=DIRECTION('',(-1.,0.,0.));
#4216=DIRECTION('',(0.,0.,1.));
#4217=DIRECTION('',(1.,0.,0.));
#4218=DIRECTION('',(0.,0.,1.));
#4219=DIRECTION('',(1.,0.,0.));
#4220=DIRECTION('',(0.,0.,-1.));
#4221=DIRECTION('',(-1.,0.,0.));
#4222=DIRECTION('',(0.,0.,1.));
#4223=DIRECTION('',(1.,0.,0.));
#4224=DIRECTION('',(0.,0.,1.));
#4225=DIRECTION('',(1.,0.,0.));
#4226=DIRECTION('',(0.,0.,-1.));
#4227=DIRECTION('',(-1.,0.,0.));
#4228=DIRECTION('',(0.,0.,1.));
#4229=DIRECTION('',(1.,0.,0.));
#4230=DIRECTION('',(0.,0.,1.));
#4231=DIRECTION('',(1.,0.,0.));
#4232=DIRECTION('',(0.,0.,-1.));
#4233=DIRECTION('',(-1.,0.,0.));
#4234=DIRECTION('',(0.,0.,1.));
#4235=DIRECTION('',(1.,0.,0.));
#4236=DIRECTION('',(0.,0.,1.));
#4237=DIRECTION('',(1.,0.,0.));
#4238=DIRECTION('',(0.,0.,-1.));
#4239=DIRECTION('',(-1.,0.,0.));
#4240=DIRECTION('',(0.,0.,1.));
#4241=DIRECTION('',(1.,0.,0.));
#4242=DIRECTION('',(0.,0.,1.));
#4243=DIRECTION('',(1.,0.,0.));
#4244=DIRECTION('',(0.,0.,-1.));
#4245=DIRECTION('',(-1.,0.,0.));
#4246=DIRECTION('',(0.,0.,1.));
#4247=DIRECTION('',(1.,0.,0.));
#4248=DIRECTION('',(0.,0.,1.));
#4249=DIRECTION('',(1.,0.,0.));
#4250=DIRECTION('',(0.,0.,-1.));
#4251=DIRECTION('',(-1.,0.,0.));
#4252=DIRECTION('',(0.,0.,1.));
#4253=DIRECTION('',(1.,0.,0.));
#4254=DIRECTION('',(0.,0.,1.));
#4255=DIRECTION('',(1.,0.,0.));
#4256=DIRECTION('',(0.,0.,-1.));
#4257=DIRECTION('',(-1.,0.,0.));
#4258=DIRECTION('',(0.,0.,1.));
#4259=DIRECTION('',(1.,0.,0.));
#4260=DIRECTION('',(0.,0.,1.));
#4261=DIRECTION('',(1.,0.,0.));
#4262=DIRECTION('',(0.,0.,-1.));
#4263=DIRECTION('',(-1.,0.,0.));
#4264=DIRECTION('',(0.,0.,1.));
#4265=DIRECTION('',(1.,0.,0.));
#4266=DIRECTION('',(0.,0.,1.));
#4267=DIRECTION('',(1.,0.,0.));
#4268=DIRECTION('',(0.999999667137597,0.000815919539927575,0.));
#4269=DIRECTION('',(-0.000815919539927575,0.999999667137597,0.));
#4270=DIRECTION('',(0.,0.,-1.));
#4271=DIRECTION('',(0.000815919539927575,-0.999999667137597,0.));
#4272=DIRECTION('',(0.,0.,-1.));
#4273=DIRECTION('',(0.,0.,-1.));
#4274=DIRECTION('',(-1.,0.,0.));
#4275=DIRECTION('',(0.,0.,-1.));
#4276=DIRECTION('',(0.,0.,1.));
#4277=DIRECTION('',(1.,0.,0.));
#4278=DIRECTION('',(0.,0.,-1.));
#4279=DIRECTION('',(-0.999999999995995,2.83020445615623E-6,0.));
#4280=DIRECTION('',(-2.83020445615623E-6,-0.999999999995995,0.));
#4281=DIRECTION('',(0.,0.,-1.));
#4282=DIRECTION('',(2.83020445615623E-6,0.999999999995995,0.));
#4283=DIRECTION('',(-0.999998673008311,-0.00162910454467984,0.));
#4284=DIRECTION('',(0.00162910454467984,-0.999998673008311,0.));
#4285=DIRECTION('',(0.,0.,-1.));
#4286=DIRECTION('',(-0.00162910454467984,0.999998673008311,0.));
#4287=DIRECTION('',(-0.999997998167878,0.00200091484978373,0.));
#4288=DIRECTION('',(-0.00200091484978373,-0.999997998167878,0.));
#4289=DIRECTION('',(0.,0.,-1.));
#4290=DIRECTION('',(0.00200091484978373,0.999997998167878,0.));
#4291=DIRECTION('',(0.,0.,-1.));
#4292=DIRECTION('',(-1.,0.,0.));
#4293=DIRECTION('',(0.,0.,-1.));
#4294=DIRECTION('',(0.,0.,1.));
#4295=DIRECTION('',(1.,0.,0.));
#4296=DIRECTION('',(-0.862637357296856,0.505822883819916,0.));
#4297=DIRECTION('',(-0.505822883819916,-0.862637357296856,0.));
#4298=DIRECTION('',(0.,0.,-1.));
#4299=DIRECTION('',(0.505822883819916,0.862637357296856,0.));
#4300=DIRECTION('',(0.,0.,-1.));
#4301=DIRECTION('',(-1.,0.,0.));
#4302=DIRECTION('',(0.,0.,-1.));
#4303=DIRECTION('',(0.,0.,1.));
#4304=DIRECTION('',(1.,0.,0.));
#4305=DIRECTION('',(0.,0.,-1.));
#4306=DIRECTION('',(-1.,0.,0.));
#4307=DIRECTION('',(0.,0.,1.));
#4308=DIRECTION('',(1.,0.,0.));
#4309=DIRECTION('',(0.,0.,-1.));
#4310=DIRECTION('',(0.,0.,-1.));
#4311=DIRECTION('',(-1.,0.,0.));
#4312=DIRECTION('',(0.,0.,-1.));
#4313=DIRECTION('',(0.,0.,1.));
#4314=DIRECTION('',(1.,0.,0.));
#4315=DIRECTION('',(0.,0.,-1.));
#4316=DIRECTION('',(-1.,0.,0.));
#4317=DIRECTION('',(0.,0.,-1.));
#4318=DIRECTION('',(0.,0.,1.));
#4319=DIRECTION('',(1.,0.,0.));
#4320=DIRECTION('',(0.00131305181244058,-0.999999137947097,0.));
#4321=DIRECTION('',(0.999999137947097,0.00131305181244058,0.));
#4322=DIRECTION('',(0.,0.,-1.));
#4323=DIRECTION('',(-0.999999137947097,-0.00131305181244058,0.));
#4324=DIRECTION('',(0.,0.,-1.));
#4325=DIRECTION('',(-1.,0.,0.));
#4326=DIRECTION('',(0.,0.,-1.));
#4327=DIRECTION('',(0.,0.,1.));
#4328=DIRECTION('',(1.,0.,0.));
#4329=DIRECTION('',(0.,0.,-1.));
#4330=DIRECTION('',(-1.,0.,0.));
#4331=DIRECTION('',(0.,0.,-1.));
#4332=DIRECTION('',(0.,0.,1.));
#4333=DIRECTION('',(1.,0.,0.));
#4334=DIRECTION('',(0.,0.,-1.));
#4335=DIRECTION('',(-1.,0.,0.));
#4336=DIRECTION('',(0.,0.,1.));
#4337=DIRECTION('',(1.,0.,0.));
#4338=DIRECTION('',(0.,0.,-1.));
#4339=DIRECTION('',(0.,0.,-1.));
#4340=DIRECTION('',(0.,0.,1.));
#4341=DIRECTION('',(1.,0.,0.));
#4342=DIRECTION('',(0.,0.,-1.));
#4343=DIRECTION('',(0.,0.,1.));
#4344=DIRECTION('',(1.,0.,0.));
#4345=DIRECTION('',(0.,0.,-1.));
#4346=DIRECTION('',(0.00131305181244115,-0.999999137947097,0.));
#4347=DIRECTION('',(0.999999137947097,0.00131305181244115,0.));
#4348=DIRECTION('',(-0.999999137947097,-0.00131305181244115,0.));
#4349=DIRECTION('',(0.,0.,-1.));
#4350=DIRECTION('',(-0.999999137947097,-0.00131305181244115,0.));
#4351=DIRECTION('',(0.,0.,-1.));
#4352=DIRECTION('',(-1.,0.,0.));
#4353=DIRECTION('',(0.,0.,1.));
#4354=DIRECTION('',(1.,0.,0.));
#4355=DIRECTION('',(0.,0.,-1.));
#4356=DIRECTION('',(0.,0.,1.));
#4357=DIRECTION('',(1.,0.,0.));
#4358=DIRECTION('',(0.,0.,-1.));
#4359=DIRECTION('',(-1.,0.,0.));
#4360=DIRECTION('',(0.,0.,1.));
#4361=DIRECTION('',(1.,0.,0.));
#4362=DIRECTION('',(0.,0.,-1.));
#4363=DIRECTION('',(0.,0.,1.));
#4364=DIRECTION('',(1.,0.,0.));
#4365=DIRECTION('',(0.999999667137597,0.000815919539927584,0.));
#4366=DIRECTION('',(-0.000815919539927584,0.999999667137597,0.));
#4367=DIRECTION('',(0.000815919539927584,-0.999999667137597,0.));
#4368=DIRECTION('',(0.,0.,-1.));
#4369=DIRECTION('',(0.000815919539927584,-0.999999667137597,0.));
#4370=DIRECTION('',(0.,0.,-1.));
#4371=DIRECTION('',(-1.,0.,0.));
#4372=DIRECTION('',(0.,0.,1.));
#4373=DIRECTION('',(1.,0.,0.));
#4374=DIRECTION('',(0.,0.,-1.));
#4375=DIRECTION('',(0.,0.,1.));
#4376=DIRECTION('',(1.,0.,0.));
#4377=DIRECTION('',(0.,0.,-1.));
#4378=DIRECTION('',(-1.,0.,0.));
#4379=DIRECTION('',(0.,0.,1.));
#4380=DIRECTION('',(1.,0.,0.));
#4381=DIRECTION('',(0.,0.,-1.));
#4382=DIRECTION('',(0.,0.,1.));
#4383=DIRECTION('',(1.,0.,0.));
#4384=DIRECTION('',(0.,0.,-1.));
#4385=DIRECTION('',(-1.,0.,0.));
#4386=DIRECTION('',(0.,0.,1.));
#4387=DIRECTION('',(1.,0.,0.));
#4388=DIRECTION('',(0.,0.,-1.));
#4389=DIRECTION('',(0.,0.,1.));
#4390=DIRECTION('',(1.,0.,0.));
#4391=DIRECTION('',(0.,0.,-1.));
#4392=DIRECTION('',(-1.,0.,0.));
#4393=DIRECTION('',(0.,0.,1.));
#4394=DIRECTION('',(1.,0.,0.));
#4395=DIRECTION('',(0.,0.,-1.));
#4396=DIRECTION('',(0.,0.,1.));
#4397=DIRECTION('',(1.,0.,0.));
#4398=DIRECTION('',(-0.862637357296856,0.505822883819916,0.));
#4399=DIRECTION('',(-0.505822883819916,-0.862637357296856,0.));
#4400=DIRECTION('',(0.505822883819916,0.862637357296856,0.));
#4401=DIRECTION('',(0.,0.,-1.));
#4402=DIRECTION('',(0.505822883819916,0.862637357296856,0.));
#4403=DIRECTION('',(0.,0.,-1.));
#4404=DIRECTION('',(-1.,0.,0.));
#4405=DIRECTION('',(0.,0.,1.));
#4406=DIRECTION('',(1.,0.,0.));
#4407=DIRECTION('',(0.,0.,-1.));
#4408=DIRECTION('',(0.,0.,1.));
#4409=DIRECTION('',(1.,0.,0.));
#4410=DIRECTION('',(-0.999997998167878,0.0020009148497875,0.));
#4411=DIRECTION('',(-0.0020009148497875,-0.999997998167878,0.));
#4412=DIRECTION('',(0.0020009148497875,0.999997998167878,0.));
#4413=DIRECTION('',(0.,0.,-1.));
#4414=DIRECTION('',(0.0020009148497875,0.999997998167878,0.));
#4415=DIRECTION('',(-0.999998673008311,-0.0016291045446794,0.));
#4416=DIRECTION('',(0.0016291045446794,-0.999998673008311,0.));
#4417=DIRECTION('',(-0.0016291045446794,0.999998673008311,0.));
#4418=DIRECTION('',(0.,0.,-1.));
#4419=DIRECTION('',(-0.0016291045446794,0.999998673008311,0.));
#4420=DIRECTION('',(-0.999999999995995,2.83020445541622E-6,0.));
#4421=DIRECTION('',(-2.83020445541622E-6,-0.999999999995995,0.));
#4422=DIRECTION('',(2.83020445541622E-6,0.999999999995995,0.));
#4423=DIRECTION('',(0.,0.,-1.));
#4424=DIRECTION('',(2.83020445541622E-6,0.999999999995995,0.));
#4425=DIRECTION('',(0.,0.,-1.));
#4426=DIRECTION('',(-1.,0.,0.));
#4427=DIRECTION('',(0.,0.,1.));
#4428=DIRECTION('',(1.,0.,0.));
#4429=DIRECTION('',(0.,0.,-1.));
#4430=DIRECTION('',(0.,0.,1.));
#4431=DIRECTION('',(1.,0.,0.));
#4432=DIRECTION('',(0.,0.,-1.));
#4433=DIRECTION('',(-1.,0.,0.));
#4434=DIRECTION('',(0.,0.,-1.));
#4435=DIRECTION('',(1.,0.,0.));
#4436=DIRECTION('',(0.,0.,-1.));
#4437=DIRECTION('',(0.,0.,-1.));
#4438=DIRECTION('',(1.,0.,0.));
#4439=DIRECTION('',(0.,0.,-1.));
#4440=DIRECTION('',(-1.,0.,0.));
#4441=DIRECTION('',(0.,0.,1.));
#4442=DIRECTION('',(1.,0.,0.));
#4443=DIRECTION('',(0.,0.,-1.));
#4444=DIRECTION('',(0.,0.,1.));
#4445=DIRECTION('',(1.,0.,0.));
#4446=DIRECTION('',(-0.999999999995995,2.83020445579471E-6,0.));
#4447=DIRECTION('',(-2.83020445579471E-6,-0.999999999995995,0.));
#4448=DIRECTION('',(2.83020445579471E-6,0.999999999995995,0.));
#4449=DIRECTION('',(0.,0.,-1.));
#4450=DIRECTION('',(2.83020445579471E-6,0.999999999995995,0.));
#4451=DIRECTION('',(0.,0.,-1.));
#4452=DIRECTION('',(-1.,0.,0.));
#4453=DIRECTION('',(0.,0.,-1.));
#4454=DIRECTION('',(0.,0.,1.));
#4455=DIRECTION('',(1.,0.,0.));
#4456=DIRECTION('',(0.,0.,-1.));
#4457=DIRECTION('',(-1.,0.,0.));
#4458=DIRECTION('',(0.,0.,1.));
#4459=DIRECTION('',(1.,0.,0.));
#4460=DIRECTION('',(-0.999999999995995,2.83020445620016E-6,0.));
#4461=DIRECTION('',(-2.83020445620016E-6,-0.999999999995995,0.));
#4462=DIRECTION('',(0.,0.,-1.));
#4463=DIRECTION('',(2.83020445620016E-6,0.999999999995995,0.));
#4464=DIRECTION('',(0.,0.,-1.));
#4465=DIRECTION('',(-1.,0.,0.));
#4466=DIRECTION('',(0.,0.,-1.));
#4467=DIRECTION('',(0.,0.,1.));
#4468=DIRECTION('',(1.,0.,0.));
#4469=DIRECTION('',(0.,0.,-1.));
#4470=DIRECTION('',(-1.,0.,0.));
#4471=DIRECTION('',(0.,0.,-1.));
#4472=DIRECTION('',(1.,0.,0.));
#4473=DIRECTION('',(0.,0.,-1.));
#4474=DIRECTION('',(-1.,0.,0.));
#4475=DIRECTION('',(0.,0.,1.));
#4476=DIRECTION('',(1.,0.,0.));
#4477=DIRECTION('',(0.,0.,1.));
#4478=DIRECTION('',(1.,0.,0.));
#4479=DIRECTION('',(0.,0.,1.));
#4480=DIRECTION('',(1.,0.,0.));
#4481=DIRECTION('',(0.,-1.,0.));
#4482=DIRECTION('',(0.,-1.,0.));
#4483=DIRECTION('',(0.,0.,1.));
#4484=DIRECTION('',(1.,0.,0.));
#4485=DIRECTION('',(0.,0.,1.));
#4486=DIRECTION('',(1.,0.,0.));
#4487=DIRECTION('',(0.,0.,1.));
#4488=DIRECTION('',(1.,0.,0.));
#4489=DIRECTION('',(0.,0.,1.));
#4490=DIRECTION('',(1.,0.,0.));
#4491=DIRECTION('',(0.,0.,1.));
#4492=DIRECTION('',(1.,0.,0.));
#4493=DIRECTION('',(0.,0.,1.));
#4494=DIRECTION('',(1.,0.,0.));
#4495=DIRECTION('',(-1.,0.,0.));
#4496=DIRECTION('',(0.,0.,1.));
#4497=DIRECTION('',(-1.,0.,0.));
#4498=DIRECTION('',(0.,0.,1.));
#4499=DIRECTION('',(0.,0.,-1.));
#4500=DIRECTION('',(-1.,0.,0.));
#4501=DIRECTION('',(0.,0.,1.));
#4502=DIRECTION('',(1.,0.,0.));
#4503=DIRECTION('',(0.,0.,1.));
#4504=DIRECTION('',(1.,0.,0.));
#4505=DIRECTION('',(0.,0.,-1.));
#4506=DIRECTION('',(-1.,0.,0.));
#4507=DIRECTION('',(0.,0.,1.));
#4508=DIRECTION('',(1.,0.,0.));
#4509=DIRECTION('',(0.,0.,1.));
#4510=DIRECTION('',(1.,0.,0.));
#4511=DIRECTION('',(0.,0.,-1.));
#4512=DIRECTION('',(-1.,0.,0.));
#4513=DIRECTION('',(0.,0.,1.));
#4514=DIRECTION('',(1.,0.,0.));
#4515=DIRECTION('',(0.,0.,1.));
#4516=DIRECTION('',(1.,0.,0.));
#4517=DIRECTION('',(0.,0.,-1.));
#4518=DIRECTION('',(-1.,0.,0.));
#4519=DIRECTION('',(0.,0.,1.));
#4520=DIRECTION('',(1.,0.,0.));
#4521=DIRECTION('',(0.,0.,1.));
#4522=DIRECTION('',(1.,0.,0.));
#4523=DIRECTION('',(0.,0.,-1.));
#4524=DIRECTION('',(-1.,0.,0.));
#4525=DIRECTION('',(0.,0.,1.));
#4526=DIRECTION('',(1.,0.,0.));
#4527=DIRECTION('',(0.,0.,1.));
#4528=DIRECTION('',(1.,0.,0.));
#4529=CARTESIAN_POINT('',(0.,0.,0.));
#4530=CARTESIAN_POINT('',(0.05734445062067,-0.1617302622979,0.0045));
#4531=CARTESIAN_POINT('',(0.05734445062067,-0.1617302622979,0.0045));
#4532=CARTESIAN_POINT('',(0.106787290000105,-0.0264568890000292,0.0045));
#4533=CARTESIAN_POINT('',(0.0985473925230226,-0.0237237498867926,0.0045));
#4534=CARTESIAN_POINT('',(0.0985473925230226,-0.0237237498867926,0.0045));
#4535=CARTESIAN_POINT('',(0.0985473925230226,-0.0237237498867926,0.0025));
#4536=CARTESIAN_POINT('',(0.0573444506206699,-0.1617302622979,0.0025));
#4537=CARTESIAN_POINT('',(0.106787290000003,-0.0264568889999916,0.0025));
#4538=CARTESIAN_POINT('',(0.106787290000105,-0.0264568890000292,0.0045));
#4539=CARTESIAN_POINT('',(0.0731685275,-0.0616325963192821,0.0025));
#4540=CARTESIAN_POINT('',(0.09906,-0.05207,0.0025));
#4541=CARTESIAN_POINT('',(0.10156,-0.05207,0.0025));
#4542=CARTESIAN_POINT('',(0.09908,-0.04098,0.0025));
#4543=CARTESIAN_POINT('',(0.10043,-0.04098,0.0025));
#4544=CARTESIAN_POINT('',(0.09908,-0.03508,0.0025));
#4545=CARTESIAN_POINT('',(0.10158,-0.03508,0.0025));
#4546=CARTESIAN_POINT('',(0.0985473925230226,-0.0583,0.0025));
#4547=CARTESIAN_POINT('',(0.0985473925230226,-0.0226804532118416,0.0025));
#4548=CARTESIAN_POINT('',(0.05734445062067,-0.1617302622979,0.0025));
#4549=CARTESIAN_POINT('',(0.0920844582130512,-0.020926627043837,0.0025));
#4550=CARTESIAN_POINT('',(0.0920844582130512,-0.0583,0.0025));
#4551=CARTESIAN_POINT('',(0.0920844582130512,-0.0219568321984456,0.0025));
#4552=CARTESIAN_POINT('',(0.0573444506206699,-0.1617302622979,0.0025));
#4553=CARTESIAN_POINT('',(0.0692910972000729,-0.0182006224154303,0.0025));
#4554=CARTESIAN_POINT('',(0.06719074980402,-0.0182033802827629,0.0025));
#4555=CARTESIAN_POINT('',(0.0650903923328613,-0.0182061242807619,0.0025));
#4556=CARTESIAN_POINT('',(0.065090390933742,-0.08693614406039,0.0025));
#4557=CARTESIAN_POINT('',(0.0201170000000002,-0.034963,0.0025));
#4558=CARTESIAN_POINT('',(0.022562000327365,-0.03820800093909,0.0025));
#4559=CARTESIAN_POINT('',(0.018690055,-0.036976702,0.0025));
#4560=CARTESIAN_POINT('',(0.0187101545,-0.061610863,0.0025));
#4561=CARTESIAN_POINT('',(0.0187302540000008,-0.086245024,0.0025));
#4562=CARTESIAN_POINT('',(0.020708253180841,-0.08609860831127,0.0025));
#4563=CARTESIAN_POINT('',(0.020768,-0.0880811189999417,0.0025));
#4564=CARTESIAN_POINT('',(0.0201899713731412,-0.412037356075999,0.0025));
#4565=CARTESIAN_POINT('',(0.0894091340000044,-0.0955619459999728,0.0025));
#4566=CARTESIAN_POINT('',(0.0666219920643549,-0.1787880140074,0.0025));
#4567=CARTESIAN_POINT('',(0.110938000000014,-0.104747999999978,0.0025));
#4568=CARTESIAN_POINT('',(0.11200800034848,-0.1030979998362,0.0025));
#4569=CARTESIAN_POINT('',(0.113669999999992,-0.104149264999994,0.0025));
#4570=CARTESIAN_POINT('',(0.11977823659104,-0.0937321936511189,0.0025));
#4571=CARTESIAN_POINT('',(0.125886398637149,-0.0833152494322218,0.0025));
#4572=CARTESIAN_POINT('',(0.110860867744233,-0.0758579015084515,0.0025));
#4573=CARTESIAN_POINT('',(0.127634707215695,-0.0759878478201379,0.0025));
#4574=CARTESIAN_POINT('',(0.127640836434541,-0.072918923910035,0.0025));
#4575=CARTESIAN_POINT('',(0.127646988551129,-0.069849999999978,0.0025));
#4576=CARTESIAN_POINT('',(0.127640977102258,-0.0661669999999559,0.0025));
#4577=CARTESIAN_POINT('',(0.127634976769356,-0.0624840000043491,0.0025));
#4578=CARTESIAN_POINT('',(0.127634999999996,-0.05392300121107,0.0025));
#4579=CARTESIAN_POINT('',(0.127635024229373,-0.0453620024222086,0.0025));
#4580=CARTESIAN_POINT('',(0.126885023936129,-0.0453620002995545,0.0025));
#4581=CARTESIAN_POINT('',(0.126884899829533,-0.0446120000165755,0.0025));
#4582=CARTESIAN_POINT('',(0.118146397528375,-0.552882886736491,0.0025));
#4583=CARTESIAN_POINT('',(0.109256996748789,-0.044614616761573,0.0025));
#4584=CARTESIAN_POINT('',(0.109222001503413,-0.0426136975471782,0.0025));
#4585=CARTESIAN_POINT('',(0.107222001000846,-0.0426837001147376,0.0025));
#4586=CARTESIAN_POINT('',(0.107222023000423,-0.0349105595573688,0.0025));
#4587=CARTESIAN_POINT('',(0.107222044999994,-0.027137419,0.0025));
#4588=CARTESIAN_POINT('',(0.1064720454606,-0.02713741834505,0.0025));
#4589=CARTESIAN_POINT('',(0.09906,-0.05797,0.0025));
#4590=CARTESIAN_POINT('',(0.10041,-0.05797,0.0025));
#4591=CARTESIAN_POINT('',(0.09356,-0.05207,0.0025));
#4592=CARTESIAN_POINT('',(0.09516,-0.05207,0.0025));
#4593=CARTESIAN_POINT('',(0.09358,-0.03508,0.0025));
#4594=CARTESIAN_POINT('',(0.09518,-0.03508,0.0025));
#4595=CARTESIAN_POINT('',(0.02158,-0.08008,0.0025));
#4596=CARTESIAN_POINT('',(0.02318,-0.08008,0.0025));
#4597=CARTESIAN_POINT('',(0.03258,-0.08008,0.0025));
#4598=CARTESIAN_POINT('',(0.03418,-0.08008,0.0025));
#4599=CARTESIAN_POINT('',(0.02708,-0.08008,0.0025));
#4600=CARTESIAN_POINT('',(0.02958,-0.08008,0.0025));
#4601=CARTESIAN_POINT('',(0.02208,-0.08388,0.0025));
#4602=CARTESIAN_POINT('',(0.02343,-0.08388,0.0025));
#4603=CARTESIAN_POINT('',(0.02708,-0.08598,0.0025));
#4604=CARTESIAN_POINT('',(0.02843,-0.08598,0.0025));
#4605=CARTESIAN_POINT('',(0.08108,-0.066548,0.0025));
#4606=CARTESIAN_POINT('',(0.08358,-0.066548,0.0025));
#4607=CARTESIAN_POINT('',(0.04508,-0.068072,0.0025));
#4608=CARTESIAN_POINT('',(0.04758,-0.068072,0.0025));
#4609=CARTESIAN_POINT('',(0.06308,-0.067114,0.0025));
#4610=CARTESIAN_POINT('',(0.06443,-0.067114,0.0025));
#4611=CARTESIAN_POINT('',(0.05808,-0.065014,0.0025));
#4612=CARTESIAN_POINT('',(0.05943,-0.065014,0.0025));
#4613=CARTESIAN_POINT('',(0.05058,-0.068072,0.0025));
#4614=CARTESIAN_POINT('',(0.05218,-0.068072,0.0025));
#4615=CARTESIAN_POINT('',(0.03958,-0.068072,0.0025));
#4616=CARTESIAN_POINT('',(0.04118,-0.068072,0.0025));
#4617=CARTESIAN_POINT('',(0.04008,-0.071872,0.0025));
#4618=CARTESIAN_POINT('',(0.04143,-0.071872,0.0025));
#4619=CARTESIAN_POINT('',(0.04508,-0.073972,0.0025));
#4620=CARTESIAN_POINT('',(0.04643,-0.073972,0.0025));
#4621=CARTESIAN_POINT('',(0.08108,-0.03258,0.0025));
#4622=CARTESIAN_POINT('',(0.08358,-0.03258,0.0025));
#4623=CARTESIAN_POINT('',(0.08108,-0.05543,0.0025));
#4624=CARTESIAN_POINT('',(0.08243,-0.05543,0.0025));
#4625=CARTESIAN_POINT('',(0.07608,-0.05333,0.0025));
#4626=CARTESIAN_POINT('',(0.07743,-0.05333,0.0025));
#4627=CARTESIAN_POINT('',(0.08658,-0.03258,0.0025));
#4628=CARTESIAN_POINT('',(0.08818,-0.03258,0.0025));
#4629=CARTESIAN_POINT('',(0.07558,-0.03258,0.0025));
#4630=CARTESIAN_POINT('',(0.07718,-0.03258,0.0025));
#4631=CARTESIAN_POINT('',(0.07608,-0.03638,0.0025));
#4632=CARTESIAN_POINT('',(0.07743,-0.03638,0.0025));
#4633=CARTESIAN_POINT('',(0.08108,-0.03848,0.0025));
#4634=CARTESIAN_POINT('',(0.08243,-0.03848,0.0025));
#4635=CARTESIAN_POINT('',(0.08658,-0.066548,0.0025));
#4636=CARTESIAN_POINT('',(0.08818,-0.066548,0.0025));
#4637=CARTESIAN_POINT('',(0.07558,-0.066548,0.0025));
#4638=CARTESIAN_POINT('',(0.07718,-0.066548,0.0025));
#4639=CARTESIAN_POINT('',(0.07608,-0.070348,0.0025));
#4640=CARTESIAN_POINT('',(0.07743,-0.070348,0.0025));
#4641=CARTESIAN_POINT('',(0.08108,-0.072448,0.0025));
#4642=CARTESIAN_POINT('',(0.08243,-0.072448,0.0025));
#4643=CARTESIAN_POINT('',(0.07558,-0.04953,0.0025));
#4644=CARTESIAN_POINT('',(0.07718,-0.04953,0.0025));
#4645=CARTESIAN_POINT('',(0.08658,-0.04953,0.0025));
#4646=CARTESIAN_POINT('',(0.08818,-0.04953,0.0025));
#4647=CARTESIAN_POINT('',(0.08108,-0.04953,0.0025));
#4648=CARTESIAN_POINT('',(0.08358,-0.04953,0.0025));
#4649=CARTESIAN_POINT('',(0.02208,-0.06688,0.0025));
#4650=CARTESIAN_POINT('',(0.02343,-0.06688,0.0025));
#4651=CARTESIAN_POINT('',(0.02708,-0.06898,0.0025));
#4652=CARTESIAN_POINT('',(0.02843,-0.06898,0.0025));
#4653=CARTESIAN_POINT('',(0.04508,-0.051054,0.0025));
#4654=CARTESIAN_POINT('',(0.04758,-0.051054,0.0025));
#4655=CARTESIAN_POINT('',(0.05058,-0.051054,0.0025));
#4656=CARTESIAN_POINT('',(0.05218,-0.051054,0.0025));
#4657=CARTESIAN_POINT('',(0.03958,-0.051054,0.0025));
#4658=CARTESIAN_POINT('',(0.04118,-0.051054,0.0025));
#4659=CARTESIAN_POINT('',(0.04008,-0.054854,0.0025));
#4660=CARTESIAN_POINT('',(0.04143,-0.054854,0.0025));
#4661=CARTESIAN_POINT('',(0.04508,-0.056954,0.0025));
#4662=CARTESIAN_POINT('',(0.04643,-0.056954,0.0025));
#4663=CARTESIAN_POINT('',(0.03258,-0.04608,0.0025));
#4664=CARTESIAN_POINT('',(0.03418,-0.04608,0.0025));
#4665=CARTESIAN_POINT('',(0.02158,-0.04608,0.0025));
#4666=CARTESIAN_POINT('',(0.02318,-0.04608,0.0025));
#4667=CARTESIAN_POINT('',(0.02208,-0.04988,0.0025));
#4668=CARTESIAN_POINT('',(0.02343,-0.04988,0.0025));
#4669=CARTESIAN_POINT('',(0.02708,-0.05198,0.0025));
#4670=CARTESIAN_POINT('',(0.02843,-0.05198,0.0025));
#4671=CARTESIAN_POINT('',(0.02158,-0.06308,0.0025));
#4672=CARTESIAN_POINT('',(0.02318,-0.06308,0.0025));
#4673=CARTESIAN_POINT('',(0.03258,-0.06308,0.0025));
#4674=CARTESIAN_POINT('',(0.03418,-0.06308,0.0025));
#4675=CARTESIAN_POINT('',(0.02708,-0.06308,0.0025));
#4676=CARTESIAN_POINT('',(0.02958,-0.06308,0.0025));
#4677=CARTESIAN_POINT('',(0.06858,-0.044196,0.0025));
#4678=CARTESIAN_POINT('',(0.07018,-0.044196,0.0025));
#4679=CARTESIAN_POINT('',(0.05758,-0.044196,0.0025));
#4680=CARTESIAN_POINT('',(0.05918,-0.044196,0.0025));
#4681=CARTESIAN_POINT('',(0.05808,-0.047996,0.0025));
#4682=CARTESIAN_POINT('',(0.05943,-0.047996,0.0025));
#4683=CARTESIAN_POINT('',(0.06308,-0.050096,0.0025));
#4684=CARTESIAN_POINT('',(0.06443,-0.050096,0.0025));
#4685=CARTESIAN_POINT('',(0.05758,-0.061214,0.0025));
#4686=CARTESIAN_POINT('',(0.05918,-0.061214,0.0025));
#4687=CARTESIAN_POINT('',(0.06858,-0.061214,0.0025));
#4688=CARTESIAN_POINT('',(0.07018,-0.061214,0.0025));
#4689=CARTESIAN_POINT('',(0.06308,-0.061214,0.0025));
#4690=CARTESIAN_POINT('',(0.06558,-0.061214,0.0025));
#4691=CARTESIAN_POINT('',(0.03958,-0.03408,0.0025));
#4692=CARTESIAN_POINT('',(0.04118,-0.03408,0.0025));
#4693=CARTESIAN_POINT('',(0.05058,-0.03408,0.0025));
#4694=CARTESIAN_POINT('',(0.05218,-0.03408,0.0025));
#4695=CARTESIAN_POINT('',(0.04508,-0.03408,0.0025));
#4696=CARTESIAN_POINT('',(0.04758,-0.03408,0.0025));
#4697=CARTESIAN_POINT('',(0.04008,-0.03788,0.0025));
#4698=CARTESIAN_POINT('',(0.04143,-0.03788,0.0025));
#4699=CARTESIAN_POINT('',(0.04508,-0.03998,0.0025));
#4700=CARTESIAN_POINT('',(0.04643,-0.03998,0.0025));
#4701=CARTESIAN_POINT('',(0.06308,-0.044196,0.0025));
#4702=CARTESIAN_POINT('',(0.06558,-0.044196,0.0025));
#4703=CARTESIAN_POINT('',(0.112305999981078,-0.0896704496520527,0.0025));
#4704=CARTESIAN_POINT('',(0.113655999981078,-0.0896704496520527,0.0025));
#4705=CARTESIAN_POINT('',(0.115586127,-0.093989103,0.0025));
#4706=CARTESIAN_POINT('',(0.116936127,-0.093989103,0.0025));
#4707=CARTESIAN_POINT('',(0.114119139701892,-0.0975299995343809,0.0025));
#4708=CARTESIAN_POINT('',(0.115719139701892,-0.0975299995343809,0.0025));
#4709=CARTESIAN_POINT('',(0.104592860260263,-0.0920299995343809,0.0025));
#4710=CARTESIAN_POINT('',(0.106192860260263,-0.0920299995343809,0.0025));
#4711=CARTESIAN_POINT('',(0.126492,-0.049022,0.0025));
#4712=CARTESIAN_POINT('',(0.125492,-0.049022,0.0025));
#4713=CARTESIAN_POINT('',(0.127492,-0.049022,0.0025));
#4714=CARTESIAN_POINT('',(0.127492,-0.062992,0.0025));
#4715=CARTESIAN_POINT('',(0.127492,-0.076962,0.0025));
#4716=CARTESIAN_POINT('',(0.126492,-0.076962,0.0025));
#4717=CARTESIAN_POINT('',(0.125492,-0.076962,0.0025));
#4718=CARTESIAN_POINT('',(0.125492,-0.062992,0.0025));
#4719=CARTESIAN_POINT('',(0.10458,-0.03508,0.0025));
#4720=CARTESIAN_POINT('',(0.10618,-0.03508,0.0025));
#4721=CARTESIAN_POINT('',(0.10456,-0.05207,0.0025));
#4722=CARTESIAN_POINT('',(0.10616,-0.05207,0.0025));
#4723=CARTESIAN_POINT('',(0.05758,-0.02708,0.0025));
#4724=CARTESIAN_POINT('',(0.05918,-0.02708,0.0025));
#4725=CARTESIAN_POINT('',(0.06858,-0.02708,0.0025));
#4726=CARTESIAN_POINT('',(0.07018,-0.02708,0.0025));
#4727=CARTESIAN_POINT('',(0.06308,-0.02708,0.0025));
#4728=CARTESIAN_POINT('',(0.06558,-0.02708,0.0025));
#4729=CARTESIAN_POINT('',(0.05808,-0.03088,0.0025));
#4730=CARTESIAN_POINT('',(0.05943,-0.03088,0.0025));
#4731=CARTESIAN_POINT('',(0.06308,-0.03298,0.0025));
#4732=CARTESIAN_POINT('',(0.06443,-0.03298,0.0025));
#4733=CARTESIAN_POINT('',(0.0961134721210977,-0.08845414424334,0.0025));
#4734=CARTESIAN_POINT('',(0.0977134721210977,-0.08845414424334,0.0025));
#4735=CARTESIAN_POINT('',(0.0854846411859276,-0.0856207799971529,0.0025));
#4736=CARTESIAN_POINT('',(0.0870846411859276,-0.0856207799971529,0.0025));
#4737=CARTESIAN_POINT('',(0.0907990566535126,-0.0870374621202464,0.0025));
#4738=CARTESIAN_POINT('',(0.0932990566535126,-0.0870374621202464,0.0025));
#4739=CARTESIAN_POINT('',(0.109355999981078,-0.0947799995343809,0.0025));
#4740=CARTESIAN_POINT('',(0.111855999981078,-0.0947799995343809,0.0025));
#4741=CARTESIAN_POINT('',(0.0923187702037402,-0.0813365437095643,0.0025));
#4742=CARTESIAN_POINT('',(0.0936687702037402,-0.0813365437095643,0.0025));
#4743=CARTESIAN_POINT('',(0.096609142,-0.084653577,0.0025));
#4744=CARTESIAN_POINT('',(0.097959142,-0.084653577,0.0025));
#4745=CARTESIAN_POINT('',(0.09906,-0.069088,0.0025));
#4746=CARTESIAN_POINT('',(0.10156,-0.069088,0.0025));
#4747=CARTESIAN_POINT('',(0.10456,-0.069088,0.0025));
#4748=CARTESIAN_POINT('',(0.10616,-0.069088,0.0025));
#4749=CARTESIAN_POINT('',(0.09356,-0.069088,0.0025));
#4750=CARTESIAN_POINT('',(0.09516,-0.069088,0.0025));
#4751=CARTESIAN_POINT('',(0.09406,-0.072888,0.0025));
#4752=CARTESIAN_POINT('',(0.09541,-0.072888,0.0025));
#4753=CARTESIAN_POINT('',(0.09906,-0.074988,0.0025));
#4754=CARTESIAN_POINT('',(0.10041,-0.074988,0.0025));
#4755=CARTESIAN_POINT('',(0.02708,-0.04608,0.0025));
#4756=CARTESIAN_POINT('',(0.02958,-0.04608,0.0025));
#4757=CARTESIAN_POINT('',(0.111252,-0.049022,0.0025));
#4758=CARTESIAN_POINT('',(0.110252,-0.049022,0.0025));
#4759=CARTESIAN_POINT('',(0.112252,-0.049022,0.0025));
#4760=CARTESIAN_POINT('',(0.112252,-0.062992,0.0025));
#4761=CARTESIAN_POINT('',(0.112252,-0.076962,0.0025));
#4762=CARTESIAN_POINT('',(0.111252,-0.076962,0.0025));
#4763=CARTESIAN_POINT('',(0.110252,-0.076962,0.0025));
#4764=CARTESIAN_POINT('',(0.110252,-0.062992,0.0025));
#4765=CARTESIAN_POINT('',(0.09406,-0.05587,0.0025));
#4766=CARTESIAN_POINT('',(0.09541,-0.05587,0.0025));
#4767=CARTESIAN_POINT('',(0.09408,-0.03888,0.0025));
#4768=CARTESIAN_POINT('',(0.09543,-0.03888,0.0025));
#4769=CARTESIAN_POINT('',(0.02708,-0.04608,0.0025));
#4770=CARTESIAN_POINT('',(0.02708,-0.04608,0.0005));
#4771=CARTESIAN_POINT('',(0.02958,-0.04608,0.0005));
#4772=CARTESIAN_POINT('',(0.073736,-0.0618549997671905,0.0005));
#4773=CARTESIAN_POINT('',(0.09906,-0.074988,0.0025));
#4774=CARTESIAN_POINT('',(0.09906,-0.074988,0.0005));
#4775=CARTESIAN_POINT('',(0.10041,-0.074988,0.0005));
#4776=CARTESIAN_POINT('',(0.073736,-0.0618549997671905,0.0005));
#4777=CARTESIAN_POINT('',(0.09406,-0.072888,0.0025));
#4778=CARTESIAN_POINT('',(0.09406,-0.072888,0.0005));
#4779=CARTESIAN_POINT('',(0.09541,-0.072888,0.0005));
#4780=CARTESIAN_POINT('',(0.073736,-0.0618549997671905,0.0005));
#4781=CARTESIAN_POINT('',(0.09356,-0.069088,0.0025));
#4782=CARTESIAN_POINT('',(0.09356,-0.069088,0.0005));
#4783=CARTESIAN_POINT('',(0.09516,-0.069088,0.0005));
#4784=CARTESIAN_POINT('',(0.073736,-0.0618549997671905,0.0005));
#4785=CARTESIAN_POINT('',(0.10456,-0.069088,0.0025));
#4786=CARTESIAN_POINT('',(0.10456,-0.069088,0.0005));
#4787=CARTESIAN_POINT('',(0.10616,-0.069088,0.0005));
#4788=CARTESIAN_POINT('',(0.073736,-0.0618549997671905,0.0005));
#4789=CARTESIAN_POINT('',(0.09406,-0.05587,0.0025));
#4790=CARTESIAN_POINT('',(0.09406,-0.05587,0.0005));
#4791=CARTESIAN_POINT('',(0.09541,-0.05587,0.0005));
#4792=CARTESIAN_POINT('',(0.073736,-0.0618549997671905,0.0005));
#4793=CARTESIAN_POINT('',(0.09906,-0.05797,0.0025));
#4794=CARTESIAN_POINT('',(0.09906,-0.05797,0.0005));
#4795=CARTESIAN_POINT('',(0.10041,-0.05797,0.0005));
#4796=CARTESIAN_POINT('',(0.073736,-0.0618549997671905,0.0005));
#4797=CARTESIAN_POINT('',(0.09906,-0.069088,0.0025));
#4798=CARTESIAN_POINT('',(0.09906,-0.069088,0.0005));
#4799=CARTESIAN_POINT('',(0.10156,-0.069088,0.0005));
#4800=CARTESIAN_POINT('',(0.073736,-0.0618549997671905,0.0005));
#4801=CARTESIAN_POINT('',(0.096609142,-0.084653577,0.0025));
#4802=CARTESIAN_POINT('',(0.096609142,-0.084653577,0.0005));
#4803=CARTESIAN_POINT('',(0.097959142,-0.084653577,0.0005));
#4804=CARTESIAN_POINT('',(0.073736,-0.0618549997671905,0.0005));
#4805=CARTESIAN_POINT('',(0.0923187702037402,-0.0813365437095643,0.0025));
#4806=CARTESIAN_POINT('',(0.0923187702037402,-0.0813365437095643,0.0005));
#4807=CARTESIAN_POINT('',(0.0936687702037402,-0.0813365437095643,0.0005));
#4808=CARTESIAN_POINT('',(0.073736,-0.0618549997671905,0.0005));
#4809=CARTESIAN_POINT('',(0.109355999981078,-0.0947799995343809,0.0025));
#4810=CARTESIAN_POINT('',(0.109355999981078,-0.0947799995343809,0.0005));
#4811=CARTESIAN_POINT('',(0.111855999981078,-0.0947799995343809,0.0005));
#4812=CARTESIAN_POINT('',(0.073736,-0.0618549997671905,0.0005));
#4813=CARTESIAN_POINT('',(0.0907990566535126,-0.0870374621202464,0.0025));
#4814=CARTESIAN_POINT('',(0.0907990566535126,-0.0870374621202464,0.0005));
#4815=CARTESIAN_POINT('',(0.0932990566535126,-0.0870374621202464,0.0005));
#4816=CARTESIAN_POINT('',(0.073736,-0.0618549997671905,0.0005));
#4817=CARTESIAN_POINT('',(0.0854846411859276,-0.0856207799971529,0.0025));
#4818=CARTESIAN_POINT('',(0.0854846411859276,-0.0856207799971529,0.0005));
#4819=CARTESIAN_POINT('',(0.0870846411859276,-0.0856207799971529,0.0005));
#4820=CARTESIAN_POINT('',(0.073736,-0.0618549997671905,0.0005));
#4821=CARTESIAN_POINT('',(0.0961134721210977,-0.08845414424334,0.0025));
#4822=CARTESIAN_POINT('',(0.0961134721210977,-0.08845414424334,0.0005));
#4823=CARTESIAN_POINT('',(0.0977134721210977,-0.08845414424334,0.0005));
#4824=CARTESIAN_POINT('',(0.073736,-0.0618549997671905,0.0005));
#4825=CARTESIAN_POINT('',(0.09908,-0.03508,0.0025));
#4826=CARTESIAN_POINT('',(0.09908,-0.03508,0.0005));
#4827=CARTESIAN_POINT('',(0.10158,-0.03508,0.0005));
#4828=CARTESIAN_POINT('',(0.073736,-0.0618549997671905,0.0005));
#4829=CARTESIAN_POINT('',(0.06308,-0.03298,0.0025));
#4830=CARTESIAN_POINT('',(0.06308,-0.03298,0.0005));
#4831=CARTESIAN_POINT('',(0.06443,-0.03298,0.0005));
#4832=CARTESIAN_POINT('',(0.073736,-0.0618549997671905,0.0005));
#4833=CARTESIAN_POINT('',(0.05808,-0.03088,0.0025));
#4834=CARTESIAN_POINT('',(0.05808,-0.03088,0.0005));
#4835=CARTESIAN_POINT('',(0.05943,-0.03088,0.0005));
#4836=CARTESIAN_POINT('',(0.073736,-0.0618549997671905,0.0005));
#4837=CARTESIAN_POINT('',(0.06308,-0.02708,0.0025));
#4838=CARTESIAN_POINT('',(0.06308,-0.02708,0.0005));
#4839=CARTESIAN_POINT('',(0.06558,-0.02708,0.0005));
#4840=CARTESIAN_POINT('',(0.073736,-0.0618549997671905,0.0005));
#4841=CARTESIAN_POINT('',(0.06858,-0.02708,0.0025));
#4842=CARTESIAN_POINT('',(0.06858,-0.02708,0.0005));
#4843=CARTESIAN_POINT('',(0.07018,-0.02708,0.0005));
#4844=CARTESIAN_POINT('',(0.073736,-0.0618549997671905,0.0005));
#4845=CARTESIAN_POINT('',(0.05758,-0.02708,0.0025));
#4846=CARTESIAN_POINT('',(0.05758,-0.02708,0.0005));
#4847=CARTESIAN_POINT('',(0.05918,-0.02708,0.0005));
#4848=CARTESIAN_POINT('',(0.073736,-0.0618549997671905,0.0005));
#4849=CARTESIAN_POINT('',(0.09906,-0.05207,0.0025));
#4850=CARTESIAN_POINT('',(0.09906,-0.05207,0.0005));
#4851=CARTESIAN_POINT('',(0.10156,-0.05207,0.0005));
#4852=CARTESIAN_POINT('',(0.073736,-0.0618549997671905,0.0005));
#4853=CARTESIAN_POINT('',(0.10456,-0.05207,0.0025));
#4854=CARTESIAN_POINT('',(0.10456,-0.05207,0.0005));
#4855=CARTESIAN_POINT('',(0.10616,-0.05207,0.0005));
#4856=CARTESIAN_POINT('',(0.073736,-0.0618549997671905,0.0005));
#4857=CARTESIAN_POINT('',(0.09356,-0.05207,0.0025));
#4858=CARTESIAN_POINT('',(0.09356,-0.05207,0.0005));
#4859=CARTESIAN_POINT('',(0.09516,-0.05207,0.0005));
#4860=CARTESIAN_POINT('',(0.073736,-0.0618549997671905,0.0005));
#4861=CARTESIAN_POINT('',(0.09908,-0.04098,0.0025));
#4862=CARTESIAN_POINT('',(0.09908,-0.04098,0.0005));
#4863=CARTESIAN_POINT('',(0.10043,-0.04098,0.0005));
#4864=CARTESIAN_POINT('',(0.073736,-0.0618549997671905,0.0005));
#4865=CARTESIAN_POINT('',(0.09408,-0.03888,0.0025));
#4866=CARTESIAN_POINT('',(0.09408,-0.03888,0.0005));
#4867=CARTESIAN_POINT('',(0.09543,-0.03888,0.0005));
#4868=CARTESIAN_POINT('',(0.073736,-0.0618549997671905,0.0005));
#4869=CARTESIAN_POINT('',(0.09358,-0.03508,0.0025));
#4870=CARTESIAN_POINT('',(0.09358,-0.03508,0.0005));
#4871=CARTESIAN_POINT('',(0.09518,-0.03508,0.0005));
#4872=CARTESIAN_POINT('',(0.073736,-0.0618549997671905,0.0005));
#4873=CARTESIAN_POINT('',(0.10458,-0.03508,0.0025));
#4874=CARTESIAN_POINT('',(0.10458,-0.03508,0.0005));
#4875=CARTESIAN_POINT('',(0.10618,-0.03508,0.0005));
#4876=CARTESIAN_POINT('',(0.073736,-0.0618549997671905,0.0005));
#4877=CARTESIAN_POINT('',(0.126492,-0.049022,0.0025));
#4878=CARTESIAN_POINT('',(0.126492,-0.049022,0.0005));
#4879=CARTESIAN_POINT('',(0.125492,-0.049022,0.0005));
#4880=CARTESIAN_POINT('',(0.127492,-0.049022,0.0005));
#4881=CARTESIAN_POINT('',(0.127492,-0.049022,0.0025));
#4882=CARTESIAN_POINT('',(0.125492,-0.049022,0.0025));
#4883=CARTESIAN_POINT('',(0.125492,-0.062992,0.0025));
#4884=CARTESIAN_POINT('',(0.125492,-0.062992,0.0005));
#4885=CARTESIAN_POINT('',(0.125492,-0.076962,0.0005));
#4886=CARTESIAN_POINT('',(0.125492,-0.076962,0.0025));
#4887=CARTESIAN_POINT('',(0.126492,-0.076962,0.0025));
#4888=CARTESIAN_POINT('',(0.126492,-0.076962,0.0005));
#4889=CARTESIAN_POINT('',(0.127492,-0.076962,0.0005));
#4890=CARTESIAN_POINT('',(0.127492,-0.076962,0.0025));
#4891=CARTESIAN_POINT('',(0.127492,-0.062992,0.0025));
#4892=CARTESIAN_POINT('',(0.127492,-0.062992,0.0005));
#4893=CARTESIAN_POINT('',(0.073736,-0.0618549997671905,0.0005));
#4894=CARTESIAN_POINT('',(0.111252,-0.049022,0.0025));
#4895=CARTESIAN_POINT('',(0.111252,-0.049022,0.0005));
#4896=CARTESIAN_POINT('',(0.110252,-0.049022,0.0005));
#4897=CARTESIAN_POINT('',(0.112252,-0.049022,0.0005));
#4898=CARTESIAN_POINT('',(0.112252,-0.049022,0.0025));
#4899=CARTESIAN_POINT('',(0.110252,-0.049022,0.0025));
#4900=CARTESIAN_POINT('',(0.110252,-0.062992,0.0025));
#4901=CARTESIAN_POINT('',(0.110252,-0.062992,0.0005));
#4902=CARTESIAN_POINT('',(0.110252,-0.076962,0.0005));
#4903=CARTESIAN_POINT('',(0.110252,-0.076962,0.0025));
#4904=CARTESIAN_POINT('',(0.111252,-0.076962,0.0025));
#4905=CARTESIAN_POINT('',(0.111252,-0.076962,0.0005));
#4906=CARTESIAN_POINT('',(0.112252,-0.076962,0.0005));
#4907=CARTESIAN_POINT('',(0.112252,-0.076962,0.0025));
#4908=CARTESIAN_POINT('',(0.112252,-0.062992,0.0025));
#4909=CARTESIAN_POINT('',(0.112252,-0.062992,0.0005));
#4910=CARTESIAN_POINT('',(0.073736,-0.0618549997671905,0.0005));
#4911=CARTESIAN_POINT('',(0.104592860260263,-0.0920299995343809,0.0025));
#4912=CARTESIAN_POINT('',(0.104592860260263,-0.0920299995343809,0.0005));
#4913=CARTESIAN_POINT('',(0.106192860260263,-0.0920299995343809,0.0005));
#4914=CARTESIAN_POINT('',(0.073736,-0.0618549997671905,0.0005));
#4915=CARTESIAN_POINT('',(0.114119139701892,-0.0975299995343809,0.0025));
#4916=CARTESIAN_POINT('',(0.114119139701892,-0.0975299995343809,0.0005));
#4917=CARTESIAN_POINT('',(0.115719139701892,-0.0975299995343809,0.0005));
#4918=CARTESIAN_POINT('',(0.073736,-0.0618549997671905,0.0005));
#4919=CARTESIAN_POINT('',(0.115586127,-0.093989103,0.0025));
#4920=CARTESIAN_POINT('',(0.115586127,-0.093989103,0.0005));
#4921=CARTESIAN_POINT('',(0.116936127,-0.093989103,0.0005));
#4922=CARTESIAN_POINT('',(0.073736,-0.0618549997671905,0.0005));
#4923=CARTESIAN_POINT('',(0.112305999981078,-0.0896704496520527,0.0025));
#4924=CARTESIAN_POINT('',(0.112305999981078,-0.0896704496520527,0.0005));
#4925=CARTESIAN_POINT('',(0.113655999981078,-0.0896704496520527,0.0005));
#4926=CARTESIAN_POINT('',(0.073736,-0.0618549997671905,0.0005));
#4927=CARTESIAN_POINT('',(0.06308,-0.044196,0.0025));
#4928=CARTESIAN_POINT('',(0.06308,-0.044196,0.0005));
#4929=CARTESIAN_POINT('',(0.06558,-0.044196,0.0005));
#4930=CARTESIAN_POINT('',(0.073736,-0.0618549997671905,0.0005));
#4931=CARTESIAN_POINT('',(0.04508,-0.03998,0.0025));
#4932=CARTESIAN_POINT('',(0.04508,-0.03998,0.0005));
#4933=CARTESIAN_POINT('',(0.04643,-0.03998,0.0005));
#4934=CARTESIAN_POINT('',(0.073736,-0.0618549997671905,0.0005));
#4935=CARTESIAN_POINT('',(0.04008,-0.03788,0.0025));
#4936=CARTESIAN_POINT('',(0.04008,-0.03788,0.0005));
#4937=CARTESIAN_POINT('',(0.04143,-0.03788,0.0005));
#4938=CARTESIAN_POINT('',(0.073736,-0.0618549997671905,0.0005));
#4939=CARTESIAN_POINT('',(0.04508,-0.03408,0.0025));
#4940=CARTESIAN_POINT('',(0.04508,-0.03408,0.0005));
#4941=CARTESIAN_POINT('',(0.04758,-0.03408,0.0005));
#4942=CARTESIAN_POINT('',(0.073736,-0.0618549997671905,0.0005));
#4943=CARTESIAN_POINT('',(0.05058,-0.03408,0.0025));
#4944=CARTESIAN_POINT('',(0.05058,-0.03408,0.0005));
#4945=CARTESIAN_POINT('',(0.05218,-0.03408,0.0005));
#4946=CARTESIAN_POINT('',(0.073736,-0.0618549997671905,0.0005));
#4947=CARTESIAN_POINT('',(0.03958,-0.03408,0.0025));
#4948=CARTESIAN_POINT('',(0.03958,-0.03408,0.0005));
#4949=CARTESIAN_POINT('',(0.04118,-0.03408,0.0005));
#4950=CARTESIAN_POINT('',(0.073736,-0.0618549997671905,0.0005));
#4951=CARTESIAN_POINT('',(0.06308,-0.061214,0.0025));
#4952=CARTESIAN_POINT('',(0.06308,-0.061214,0.0005));
#4953=CARTESIAN_POINT('',(0.06558,-0.061214,0.0005));
#4954=CARTESIAN_POINT('',(0.073736,-0.0618549997671905,0.0005));
#4955=CARTESIAN_POINT('',(0.06858,-0.061214,0.0025));
#4956=CARTESIAN_POINT('',(0.06858,-0.061214,0.0005));
#4957=CARTESIAN_POINT('',(0.07018,-0.061214,0.0005));
#4958=CARTESIAN_POINT('',(0.073736,-0.0618549997671905,0.0005));
#4959=CARTESIAN_POINT('',(0.05758,-0.061214,0.0025));
#4960=CARTESIAN_POINT('',(0.05758,-0.061214,0.0005));
#4961=CARTESIAN_POINT('',(0.05918,-0.061214,0.0005));
#4962=CARTESIAN_POINT('',(0.073736,-0.0618549997671905,0.0005));
#4963=CARTESIAN_POINT('',(0.06308,-0.050096,0.0025));
#4964=CARTESIAN_POINT('',(0.06308,-0.050096,0.0005));
#4965=CARTESIAN_POINT('',(0.06443,-0.050096,0.0005));
#4966=CARTESIAN_POINT('',(0.073736,-0.0618549997671905,0.0005));
#4967=CARTESIAN_POINT('',(0.05808,-0.047996,0.0025));
#4968=CARTESIAN_POINT('',(0.05808,-0.047996,0.0005));
#4969=CARTESIAN_POINT('',(0.05943,-0.047996,0.0005));
#4970=CARTESIAN_POINT('',(0.073736,-0.0618549997671905,0.0005));
#4971=CARTESIAN_POINT('',(0.05758,-0.044196,0.0025));
#4972=CARTESIAN_POINT('',(0.05758,-0.044196,0.0005));
#4973=CARTESIAN_POINT('',(0.05918,-0.044196,0.0005));
#4974=CARTESIAN_POINT('',(0.073736,-0.0618549997671905,0.0005));
#4975=CARTESIAN_POINT('',(0.06858,-0.044196,0.0025));
#4976=CARTESIAN_POINT('',(0.06858,-0.044196,0.0005));
#4977=CARTESIAN_POINT('',(0.07018,-0.044196,0.0005));
#4978=CARTESIAN_POINT('',(0.073736,-0.0618549997671905,0.0005));
#4979=CARTESIAN_POINT('',(0.02708,-0.06308,0.0025));
#4980=CARTESIAN_POINT('',(0.02708,-0.06308,0.0005));
#4981=CARTESIAN_POINT('',(0.02958,-0.06308,0.0005));
#4982=CARTESIAN_POINT('',(0.073736,-0.0618549997671905,0.0005));
#4983=CARTESIAN_POINT('',(0.03258,-0.06308,0.0025));
#4984=CARTESIAN_POINT('',(0.03258,-0.06308,0.0005));
#4985=CARTESIAN_POINT('',(0.03418,-0.06308,0.0005));
#4986=CARTESIAN_POINT('',(0.073736,-0.0618549997671905,0.0005));
#4987=CARTESIAN_POINT('',(0.02158,-0.06308,0.0025));
#4988=CARTESIAN_POINT('',(0.02158,-0.06308,0.0005));
#4989=CARTESIAN_POINT('',(0.02318,-0.06308,0.0005));
#4990=CARTESIAN_POINT('',(0.073736,-0.0618549997671905,0.0005));
#4991=CARTESIAN_POINT('',(0.02708,-0.05198,0.0025));
#4992=CARTESIAN_POINT('',(0.02708,-0.05198,0.0005));
#4993=CARTESIAN_POINT('',(0.02843,-0.05198,0.0005));
#4994=CARTESIAN_POINT('',(0.073736,-0.0618549997671905,0.0005));
#4995=CARTESIAN_POINT('',(0.02208,-0.04988,0.0025));
#4996=CARTESIAN_POINT('',(0.02208,-0.04988,0.0005));
#4997=CARTESIAN_POINT('',(0.02343,-0.04988,0.0005));
#4998=CARTESIAN_POINT('',(0.073736,-0.0618549997671905,0.0005));
#4999=CARTESIAN_POINT('',(0.02158,-0.04608,0.0025));
#5000=CARTESIAN_POINT('',(0.02158,-0.04608,0.0005));
#5001=CARTESIAN_POINT('',(0.02318,-0.04608,0.0005));
#5002=CARTESIAN_POINT('',(0.073736,-0.0618549997671905,0.0005));
#5003=CARTESIAN_POINT('',(0.03258,-0.04608,0.0025));
#5004=CARTESIAN_POINT('',(0.03258,-0.04608,0.0005));
#5005=CARTESIAN_POINT('',(0.03418,-0.04608,0.0005));
#5006=CARTESIAN_POINT('',(0.073736,-0.0618549997671905,0.0005));
#5007=CARTESIAN_POINT('',(0.04508,-0.056954,0.0025));
#5008=CARTESIAN_POINT('',(0.04508,-0.056954,0.0005));
#5009=CARTESIAN_POINT('',(0.04643,-0.056954,0.0005));
#5010=CARTESIAN_POINT('',(0.073736,-0.0618549997671905,0.0005));
#5011=CARTESIAN_POINT('',(0.04008,-0.054854,0.0025));
#5012=CARTESIAN_POINT('',(0.04008,-0.054854,0.0005));
#5013=CARTESIAN_POINT('',(0.04143,-0.054854,0.0005));
#5014=CARTESIAN_POINT('',(0.073736,-0.0618549997671905,0.0005));
#5015=CARTESIAN_POINT('',(0.03958,-0.051054,0.0025));
#5016=CARTESIAN_POINT('',(0.03958,-0.051054,0.0005));
#5017=CARTESIAN_POINT('',(0.04118,-0.051054,0.0005));
#5018=CARTESIAN_POINT('',(0.073736,-0.0618549997671905,0.0005));
#5019=CARTESIAN_POINT('',(0.05058,-0.051054,0.0025));
#5020=CARTESIAN_POINT('',(0.05058,-0.051054,0.0005));
#5021=CARTESIAN_POINT('',(0.05218,-0.051054,0.0005));
#5022=CARTESIAN_POINT('',(0.073736,-0.0618549997671905,0.0005));
#5023=CARTESIAN_POINT('',(0.04508,-0.051054,0.0025));
#5024=CARTESIAN_POINT('',(0.04508,-0.051054,0.0005));
#5025=CARTESIAN_POINT('',(0.04758,-0.051054,0.0005));
#5026=CARTESIAN_POINT('',(0.073736,-0.0618549997671905,0.0005));
#5027=CARTESIAN_POINT('',(0.02708,-0.06898,0.0025));
#5028=CARTESIAN_POINT('',(0.02708,-0.06898,0.0005));
#5029=CARTESIAN_POINT('',(0.02843,-0.06898,0.0005));
#5030=CARTESIAN_POINT('',(0.073736,-0.0618549997671905,0.0005));
#5031=CARTESIAN_POINT('',(0.02208,-0.06688,0.0025));
#5032=CARTESIAN_POINT('',(0.02208,-0.06688,0.0005));
#5033=CARTESIAN_POINT('',(0.02343,-0.06688,0.0005));
#5034=CARTESIAN_POINT('',(0.073736,-0.0618549997671905,0.0005));
#5035=CARTESIAN_POINT('',(0.08108,-0.04953,0.0025));
#5036=CARTESIAN_POINT('',(0.08108,-0.04953,0.0005));
#5037=CARTESIAN_POINT('',(0.08358,-0.04953,0.0005));
#5038=CARTESIAN_POINT('',(0.073736,-0.0618549997671905,0.0005));
#5039=CARTESIAN_POINT('',(0.08658,-0.04953,0.0025));
#5040=CARTESIAN_POINT('',(0.08658,-0.04953,0.0005));
#5041=CARTESIAN_POINT('',(0.08818,-0.04953,0.0005));
#5042=CARTESIAN_POINT('',(0.073736,-0.0618549997671905,0.0005));
#5043=CARTESIAN_POINT('',(0.07558,-0.04953,0.0025));
#5044=CARTESIAN_POINT('',(0.07558,-0.04953,0.0005));
#5045=CARTESIAN_POINT('',(0.07718,-0.04953,0.0005));
#5046=CARTESIAN_POINT('',(0.073736,-0.0618549997671905,0.0005));
#5047=CARTESIAN_POINT('',(0.08108,-0.072448,0.0025));
#5048=CARTESIAN_POINT('',(0.08108,-0.072448,0.0005));
#5049=CARTESIAN_POINT('',(0.08243,-0.072448,0.0005));
#5050=CARTESIAN_POINT('',(0.073736,-0.0618549997671905,0.0005));
#5051=CARTESIAN_POINT('',(0.07608,-0.070348,0.0025));
#5052=CARTESIAN_POINT('',(0.07608,-0.070348,0.0005));
#5053=CARTESIAN_POINT('',(0.07743,-0.070348,0.0005));
#5054=CARTESIAN_POINT('',(0.073736,-0.0618549997671905,0.0005));
#5055=CARTESIAN_POINT('',(0.07558,-0.066548,0.0025));
#5056=CARTESIAN_POINT('',(0.07558,-0.066548,0.0005));
#5057=CARTESIAN_POINT('',(0.07718,-0.066548,0.0005));
#5058=CARTESIAN_POINT('',(0.073736,-0.0618549997671905,0.0005));
#5059=CARTESIAN_POINT('',(0.08658,-0.066548,0.0025));
#5060=CARTESIAN_POINT('',(0.08658,-0.066548,0.0005));
#5061=CARTESIAN_POINT('',(0.08818,-0.066548,0.0005));
#5062=CARTESIAN_POINT('',(0.073736,-0.0618549997671905,0.0005));
#5063=CARTESIAN_POINT('',(0.08108,-0.03848,0.0025));
#5064=CARTESIAN_POINT('',(0.08108,-0.03848,0.0005));
#5065=CARTESIAN_POINT('',(0.08243,-0.03848,0.0005));
#5066=CARTESIAN_POINT('',(0.073736,-0.0618549997671905,0.0005));
#5067=CARTESIAN_POINT('',(0.07608,-0.03638,0.0025));
#5068=CARTESIAN_POINT('',(0.07608,-0.03638,0.0005));
#5069=CARTESIAN_POINT('',(0.07743,-0.03638,0.0005));
#5070=CARTESIAN_POINT('',(0.073736,-0.0618549997671905,0.0005));
#5071=CARTESIAN_POINT('',(0.07558,-0.03258,0.0025));
#5072=CARTESIAN_POINT('',(0.07558,-0.03258,0.0005));
#5073=CARTESIAN_POINT('',(0.07718,-0.03258,0.0005));
#5074=CARTESIAN_POINT('',(0.073736,-0.0618549997671905,0.0005));
#5075=CARTESIAN_POINT('',(0.08658,-0.03258,0.0025));
#5076=CARTESIAN_POINT('',(0.08658,-0.03258,0.0005));
#5077=CARTESIAN_POINT('',(0.08818,-0.03258,0.0005));
#5078=CARTESIAN_POINT('',(0.073736,-0.0618549997671905,0.0005));
#5079=CARTESIAN_POINT('',(0.07608,-0.05333,0.0025));
#5080=CARTESIAN_POINT('',(0.07608,-0.05333,0.0005));
#5081=CARTESIAN_POINT('',(0.07743,-0.05333,0.0005));
#5082=CARTESIAN_POINT('',(0.073736,-0.0618549997671905,0.0005));
#5083=CARTESIAN_POINT('',(0.08108,-0.05543,0.0025));
#5084=CARTESIAN_POINT('',(0.08108,-0.05543,0.0005));
#5085=CARTESIAN_POINT('',(0.08243,-0.05543,0.0005));
#5086=CARTESIAN_POINT('',(0.073736,-0.0618549997671905,0.0005));
#5087=CARTESIAN_POINT('',(0.08108,-0.03258,0.0025));
#5088=CARTESIAN_POINT('',(0.08108,-0.03258,0.0005));
#5089=CARTESIAN_POINT('',(0.08358,-0.03258,0.0005));
#5090=CARTESIAN_POINT('',(0.073736,-0.0618549997671905,0.0005));
#5091=CARTESIAN_POINT('',(0.04508,-0.073972,0.0025));
#5092=CARTESIAN_POINT('',(0.04508,-0.073972,0.0005));
#5093=CARTESIAN_POINT('',(0.04643,-0.073972,0.0005));
#5094=CARTESIAN_POINT('',(0.073736,-0.0618549997671905,0.0005));
#5095=CARTESIAN_POINT('',(0.04008,-0.071872,0.0025));
#5096=CARTESIAN_POINT('',(0.04008,-0.071872,0.0005));
#5097=CARTESIAN_POINT('',(0.04143,-0.071872,0.0005));
#5098=CARTESIAN_POINT('',(0.073736,-0.0618549997671905,0.0005));
#5099=CARTESIAN_POINT('',(0.03958,-0.068072,0.0025));
#5100=CARTESIAN_POINT('',(0.03958,-0.068072,0.0005));
#5101=CARTESIAN_POINT('',(0.04118,-0.068072,0.0005));
#5102=CARTESIAN_POINT('',(0.073736,-0.0618549997671905,0.0005));
#5103=CARTESIAN_POINT('',(0.05058,-0.068072,0.0025));
#5104=CARTESIAN_POINT('',(0.05058,-0.068072,0.0005));
#5105=CARTESIAN_POINT('',(0.05218,-0.068072,0.0005));
#5106=CARTESIAN_POINT('',(0.073736,-0.0618549997671905,0.0005));
#5107=CARTESIAN_POINT('',(0.05808,-0.065014,0.0025));
#5108=CARTESIAN_POINT('',(0.05808,-0.065014,0.0005));
#5109=CARTESIAN_POINT('',(0.05943,-0.065014,0.0005));
#5110=CARTESIAN_POINT('',(0.073736,-0.0618549997671905,0.0005));
#5111=CARTESIAN_POINT('',(0.06308,-0.067114,0.0025));
#5112=CARTESIAN_POINT('',(0.06308,-0.067114,0.0005));
#5113=CARTESIAN_POINT('',(0.06443,-0.067114,0.0005));
#5114=CARTESIAN_POINT('',(0.073736,-0.0618549997671905,0.0005));
#5115=CARTESIAN_POINT('',(0.04508,-0.068072,0.0025));
#5116=CARTESIAN_POINT('',(0.04508,-0.068072,0.0005));
#5117=CARTESIAN_POINT('',(0.04758,-0.068072,0.0005));
#5118=CARTESIAN_POINT('',(0.073736,-0.0618549997671905,0.0005));
#5119=CARTESIAN_POINT('',(0.08108,-0.066548,0.0025));
#5120=CARTESIAN_POINT('',(0.08108,-0.066548,0.0005));
#5121=CARTESIAN_POINT('',(0.08358,-0.066548,0.0005));
#5122=CARTESIAN_POINT('',(0.073736,-0.0618549997671905,0.0005));
#5123=CARTESIAN_POINT('',(0.02708,-0.08598,0.0025));
#5124=CARTESIAN_POINT('',(0.02708,-0.08598,0.0005));
#5125=CARTESIAN_POINT('',(0.02843,-0.08598,0.0005));
#5126=CARTESIAN_POINT('',(0.073736,-0.0618549997671905,0.0005));
#5127=CARTESIAN_POINT('',(0.02208,-0.08388,0.0025));
#5128=CARTESIAN_POINT('',(0.02208,-0.08388,0.0005));
#5129=CARTESIAN_POINT('',(0.02343,-0.08388,0.0005));
#5130=CARTESIAN_POINT('',(0.073736,-0.0618549997671905,0.0005));
#5131=CARTESIAN_POINT('',(0.02708,-0.08008,0.0025));
#5132=CARTESIAN_POINT('',(0.02708,-0.08008,0.0005));
#5133=CARTESIAN_POINT('',(0.02958,-0.08008,0.0005));
#5134=CARTESIAN_POINT('',(0.073736,-0.0618549997671905,0.0005));
#5135=CARTESIAN_POINT('',(0.03258,-0.08008,0.0025));
#5136=CARTESIAN_POINT('',(0.03258,-0.08008,0.0005));
#5137=CARTESIAN_POINT('',(0.03418,-0.08008,0.0005));
#5138=CARTESIAN_POINT('',(0.073736,-0.0618549997671905,0.0005));
#5139=CARTESIAN_POINT('',(0.02158,-0.08008,0.0025));
#5140=CARTESIAN_POINT('',(0.02158,-0.08008,0.0005));
#5141=CARTESIAN_POINT('',(0.02318,-0.08008,0.0005));
#5142=CARTESIAN_POINT('',(0.073736,-0.0618549997671905,0.0005));
#5143=CARTESIAN_POINT('',(0.0187101545,-0.0616108630000112,0.0045));
#5144=CARTESIAN_POINT('',(0.018690055,-0.036976702,0.0045));
#5145=CARTESIAN_POINT('',(0.018690055,-0.036976702,0.0045));
#5146=CARTESIAN_POINT('',(0.0187101545,-0.0616108630000112,0.0045));
#5147=CARTESIAN_POINT('',(0.018730254,-0.0862450240000225,0.0045));
#5148=CARTESIAN_POINT('',(0.018730254,-0.0862450240000225,0.0045));
#5149=CARTESIAN_POINT('',(0.126885023936129,-0.0453620002995545,0.0045));
#5150=CARTESIAN_POINT('',(0.127635024229373,-0.0453620024222086,0.0045));
#5151=CARTESIAN_POINT('',(0.127635024229373,-0.0453620024222086,0.0045));
#5152=CARTESIAN_POINT('',(0.126885023936129,-0.0453620002995545,0.0045));
#5153=CARTESIAN_POINT('',(0.126884899829533,-0.0446120000165755,0.0045));
#5154=CARTESIAN_POINT('',(0.126884899829533,-0.0446120000165755,0.0045));
#5155=CARTESIAN_POINT('',(0.127634999999996,-0.05392300121107,0.0045));
#5156=CARTESIAN_POINT('',(0.127634977102258,-0.0624839999999559,0.0045));
#5157=CARTESIAN_POINT('',(0.127634977102258,-0.0624839999999559,0.0045));
#5158=CARTESIAN_POINT('',(0.127634999999996,-0.05392300121107,0.0045));
#5159=CARTESIAN_POINT('',(0.127640977102258,-0.0661669999999559,0.0045));
#5160=CARTESIAN_POINT('',(0.127646977102258,-0.0698499999999559,0.0045));
#5161=CARTESIAN_POINT('',(0.127646977102258,-0.0698499999999559,0.0045));
#5162=CARTESIAN_POINT('',(0.127640977102258,-0.0661669999999559,0.0045));
#5163=CARTESIAN_POINT('',(0.127640836434541,-0.072918923910035,0.0045));
#5164=CARTESIAN_POINT('',(0.127634695766824,-0.075987847820114,0.0045));
#5165=CARTESIAN_POINT('',(0.127634695766824,-0.075987847820114,0.0045));
#5166=CARTESIAN_POINT('',(0.127640836434541,-0.072918923910035,0.0045));
#5167=CARTESIAN_POINT('',(0.110860844846491,-0.0758579015084075,0.0045));
#5168=CARTESIAN_POINT('',(0.12588632409221,-0.0833153765621999,0.0045));
#5169=CARTESIAN_POINT('',(0.12588632409221,-0.0833153765621999,0.0045));
#5170=CARTESIAN_POINT('',(0.110860844846491,-0.0758579015084075,0.0045));
#5171=CARTESIAN_POINT('',(0.119778162046098,-0.0937323207811074,0.0045));
#5172=CARTESIAN_POINT('',(0.113669999999986,-0.104149265000015,0.0045));
#5173=CARTESIAN_POINT('',(0.113669999999986,-0.104149265000015,0.0045));
#5174=CARTESIAN_POINT('',(0.119778162046098,-0.0937323207811074,0.0045));
#5175=CARTESIAN_POINT('',(0.112008000348486,-0.103097999836227,0.0045));
#5176=CARTESIAN_POINT('',(0.11093800000002,-0.104748000000005,0.0045));
#5177=CARTESIAN_POINT('',(0.11093800000002,-0.104748000000005,0.0045));
#5178=CARTESIAN_POINT('',(0.112008000348486,-0.103097999836227,0.0045));
#5179=CARTESIAN_POINT('',(0.020708253180841,-0.08609860831127,0.0045));
#5180=CARTESIAN_POINT('',(0.020708253180841,-0.08609860831127,0.0045));
#5181=CARTESIAN_POINT('',(0.0207680000000745,-0.0880811189999958,0.0045));
#5182=CARTESIAN_POINT('',(0.0207680000000745,-0.0880811189999958,0.0045));
#5183=CARTESIAN_POINT('',(0.022562000327365,-0.03820800093909,0.0045));
#5184=CARTESIAN_POINT('',(0.0201170000000002,-0.034963,0.0045));
#5185=CARTESIAN_POINT('',(0.0201170000000002,-0.034963,0.0045));
#5186=CARTESIAN_POINT('',(0.022562000327365,-0.03820800093909,0.0045));
#5187=CARTESIAN_POINT('',(0.065090390933742,-0.08693614406039,0.0045));
#5188=CARTESIAN_POINT('',(0.0650903957037264,-0.0182061385794495,0.0045));
#5189=CARTESIAN_POINT('',(0.0650903957037264,-0.0182061385794495,0.0045));
#5190=CARTESIAN_POINT('',(0.065090390933742,-0.08693614406039,0.0045));
#5191=CARTESIAN_POINT('',(0.06719074980402,-0.0182033802827629,0.0045));
#5192=CARTESIAN_POINT('',(0.0692910972000239,-0.0182006224154304,0.0045));
#5193=CARTESIAN_POINT('',(0.0692910972000239,-0.0182006224154304,0.0045));
#5194=CARTESIAN_POINT('',(0.06719074980402,-0.0182033802827629,0.0045));
#5195=CARTESIAN_POINT('',(0.05734445062067,-0.1617302622979,0.0045));
#5196=CARTESIAN_POINT('',(0.0920844582130512,-0.0219568321984456,0.0045));
#5197=CARTESIAN_POINT('',(0.0920844582130512,-0.0219568321984456,0.0045));
#5198=CARTESIAN_POINT('',(0.05734445062067,-0.1617302622979,0.0045));
#5199=CARTESIAN_POINT('',(0.106472045460604,-0.0271374183450389,0.0045));
#5200=CARTESIAN_POINT('',(0.107222044999995,-0.027137420467691,0.0045));
#5201=CARTESIAN_POINT('',(0.107222044999995,-0.027137420467691,0.0045));
#5202=CARTESIAN_POINT('',(0.106472045460604,-0.0271374183450389,0.0045));
#5203=CARTESIAN_POINT('',(0.05734445062067,-0.1617302622979,0.0045));
#5204=CARTESIAN_POINT('',(0.05734445062067,-0.1617302622979,0.0045));
#5205=CARTESIAN_POINT('',(0.0920844582130512,-0.020926627043837,0.0045));
#5206=CARTESIAN_POINT('',(0.069331914174045,-0.0172005679585206,0.0045));
#5207=CARTESIAN_POINT('',(0.0920844582130512,-0.020926627043837,0.0045));
#5208=CARTESIAN_POINT('',(0.0985473925230226,-0.0226804532118416,0.0045));
#5209=CARTESIAN_POINT('',(0.0985473925230226,-0.0226804532118416,0.0045));
#5210=CARTESIAN_POINT('',(0.05734445062067,-0.1617302622979,0.0045));
#5211=CARTESIAN_POINT('',(0.107161639610466,-0.0255290159400458,0.0045));
#5212=CARTESIAN_POINT('',(0.107161639610466,-0.0255290159400458,0.0045));
#5213=CARTESIAN_POINT('',(0.107161639610466,-0.0255290159400458,0.));
#5214=CARTESIAN_POINT('',(0.05734445062067,-0.1617302622979,0.));
#5215=CARTESIAN_POINT('',(0.069331914174045,-0.0172005679585206,0.));
#5216=CARTESIAN_POINT('',(0.069331914174045,-0.0172005679585206,0.0045));
#5217=CARTESIAN_POINT('',(0.0672105017651244,-0.0172033534853386,0.0045));
#5218=CARTESIAN_POINT('',(0.0672105017651244,-0.0172033534853386,0.));
#5219=CARTESIAN_POINT('',(0.0650890893562037,-0.0172061390121476,0.));
#5220=CARTESIAN_POINT('',(0.0650890893562037,-0.0172061390121476,0.0045));
#5221=CARTESIAN_POINT('',(0.0650890893562037,-0.0172061390121476,0.0045));
#5222=CARTESIAN_POINT('',(0.0672105017651244,-0.0172033534853386,0.0045));
#5223=CARTESIAN_POINT('',(0.065090390933742,-0.08693614406039,0.0045));
#5224=CARTESIAN_POINT('',(0.065090390933742,-0.08693614406039,0.));
#5225=CARTESIAN_POINT('',(0.019486912355006,-0.0341858232344389,0.));
#5226=CARTESIAN_POINT('',(0.019486912355006,-0.0341858232344389,0.0045));
#5227=CARTESIAN_POINT('',(0.019486912355006,-0.0341858232344389,0.0045));
#5228=CARTESIAN_POINT('',(0.065090390933742,-0.08693614406039,0.0045));
#5229=CARTESIAN_POINT('',(0.0225620003273649,-0.03820800093909,0.0045));
#5230=CARTESIAN_POINT('',(0.0225620003273649,-0.03820800093909,0.));
#5231=CARTESIAN_POINT('',(0.0176899355097977,-0.0368306614969178,0.));
#5232=CARTESIAN_POINT('',(0.0176899355097977,-0.0368306614969178,0.0045));
#5233=CARTESIAN_POINT('',(0.0176899355097977,-0.0368306614969178,0.0045));
#5234=CARTESIAN_POINT('',(0.0225620003273649,-0.03820800093909,0.0045));
#5235=CARTESIAN_POINT('',(0.0177101083147548,-0.0615546658320685,0.0045));
#5236=CARTESIAN_POINT('',(0.0177101083147548,-0.0615546658320685,0.));
#5237=CARTESIAN_POINT('',(0.0177302811197119,-0.0862786701672191,0.));
#5238=CARTESIAN_POINT('',(0.0177302811197119,-0.0862786701672191,0.0045));
#5239=CARTESIAN_POINT('',(0.0177302811197119,-0.0862786701672191,0.0045));
#5240=CARTESIAN_POINT('',(0.0177101083147548,-0.0615546658320685,0.0045));
#5241=CARTESIAN_POINT('',(0.020708253180841,-0.08609860831127,0.0045));
#5242=CARTESIAN_POINT('',(0.020708253180841,-0.08609860831127,0.));
#5243=CARTESIAN_POINT('',(0.0207805375488732,-0.0890811432798784,0.));
#5244=CARTESIAN_POINT('',(0.0207805375488732,-0.0890811432798784,0.0045));
#5245=CARTESIAN_POINT('',(0.0207805375488732,-0.0890811432798784,0.0045));
#5246=CARTESIAN_POINT('',(0.020708253180841,-0.08609860831127,0.0045));
#5247=CARTESIAN_POINT('',(0.0201899713731409,-0.412037356076054,0.0045));
#5248=CARTESIAN_POINT('',(0.0201899713731409,-0.412037356076054,0.));
#5249=CARTESIAN_POINT('',(0.0891700450765915,-0.0965332933701624,0.));
#5250=CARTESIAN_POINT('',(0.0891700450765915,-0.0965332933701624,0.0045));
#5251=CARTESIAN_POINT('',(0.0891700450765915,-0.0965332933701624,0.0045));
#5252=CARTESIAN_POINT('',(0.0201899713731409,-0.412037356076054,0.0045));
#5253=CARTESIAN_POINT('',(0.066621992064363,-0.178788014007425,0.0045));
#5254=CARTESIAN_POINT('',(0.066621992064363,-0.178788014007425,0.));
#5255=CARTESIAN_POINT('',(0.110410618659603,-0.105597782810502,0.));
#5256=CARTESIAN_POINT('',(0.110410618659603,-0.105597782810502,0.0045));
#5257=CARTESIAN_POINT('',(0.110410618659603,-0.105597782810502,0.0045));
#5258=CARTESIAN_POINT('',(0.066621992064363,-0.178788014007425,0.0045));
#5259=CARTESIAN_POINT('',(0.112008000348486,-0.103097999836227,0.0045));
#5260=CARTESIAN_POINT('',(0.112008000348486,-0.103097999836227,0.));
#5261=CARTESIAN_POINT('',(0.114524995625795,-0.104668120198637,0.));
#5262=CARTESIAN_POINT('',(0.114524995625795,-0.104668120198637,0.0045));
#5263=CARTESIAN_POINT('',(0.114524995625795,-0.104668120198637,0.0045));
#5264=CARTESIAN_POINT('',(0.112008000348486,-0.103097999836227,0.0045));
#5265=CARTESIAN_POINT('',(0.120645660146074,-0.0942298540869878,0.0045));
#5266=CARTESIAN_POINT('',(0.120645660146074,-0.0942298540869878,0.));
#5267=CARTESIAN_POINT('',(0.126766324666353,-0.0837915879753381,0.));
#5268=CARTESIAN_POINT('',(0.126766324666353,-0.0837915879753381,0.0045));
#5269=CARTESIAN_POINT('',(0.126766324666353,-0.0837915879753381,0.0045));
#5270=CARTESIAN_POINT('',(0.120645660146074,-0.0942298540869878,0.0045));
#5271=CARTESIAN_POINT('',(0.110860844846491,-0.0758579015084075,0.0045));
#5272=CARTESIAN_POINT('',(0.110860844846491,-0.0758579015084075,0.));
#5273=CARTESIAN_POINT('',(0.128634688099674,-0.0759926800930994,0.));
#5274=CARTESIAN_POINT('',(0.128634688099674,-0.0759926800930994,0.0045));
#5275=CARTESIAN_POINT('',(0.128634688099674,-0.0759926800930994,0.0045));
#5276=CARTESIAN_POINT('',(0.110860844846491,-0.0758579015084075,0.0045));
#5277=CARTESIAN_POINT('',(0.128640833415893,-0.0729214329994094,0.0045));
#5278=CARTESIAN_POINT('',(0.128640833415893,-0.0729214329994094,0.));
#5279=CARTESIAN_POINT('',(0.128646978732112,-0.0698501859057195,0.));
#5280=CARTESIAN_POINT('',(0.128646978732112,-0.0698501859057195,0.0045));
#5281=CARTESIAN_POINT('',(0.128646978732112,-0.0698501859057195,0.0045));
#5282=CARTESIAN_POINT('',(0.128640833415893,-0.0729214329994094,0.0045));
#5283=CARTESIAN_POINT('',(0.128640977253673,-0.066166278390675,0.0045));
#5284=CARTESIAN_POINT('',(0.128640977253673,-0.066166278390675,0.));
#5285=CARTESIAN_POINT('',(0.128634975775234,-0.0624823708756305,0.));
#5286=CARTESIAN_POINT('',(0.128634975775234,-0.0624823708756305,0.0045));
#5287=CARTESIAN_POINT('',(0.128634975775234,-0.0624823708756305,0.0045));
#5288=CARTESIAN_POINT('',(0.128640977253673,-0.066166278390675,0.0045));
#5289=CARTESIAN_POINT('',(0.128635000002302,-0.0539221880640218,0.0045));
#5290=CARTESIAN_POINT('',(0.128635000002302,-0.0539221880640218,0.));
#5291=CARTESIAN_POINT('',(0.128635024229369,-0.0453620052524131,0.));
#5292=CARTESIAN_POINT('',(0.128635024229369,-0.0453620052524131,0.0045));
#5293=CARTESIAN_POINT('',(0.128635024229369,-0.0453620052524131,0.0045));
#5294=CARTESIAN_POINT('',(0.128635000002302,-0.0539221880640218,0.0045));
#5295=CARTESIAN_POINT('',(0.126885023936129,-0.0453620002995545,0.0045));
#5296=CARTESIAN_POINT('',(0.126885023936129,-0.0453620002995545,0.));
#5297=CARTESIAN_POINT('',(0.126895219799863,-0.0436120297081648,0.));
#5298=CARTESIAN_POINT('',(0.126895219799863,-0.0436120297081648,0.0045));
#5299=CARTESIAN_POINT('',(0.126895219799863,-0.0436120297081648,0.0045));
#5300=CARTESIAN_POINT('',(0.126885023936129,-0.0453620002995545,0.0045));
#5301=CARTESIAN_POINT('',(0.118146397528375,-0.552882886736476,0.0045));
#5302=CARTESIAN_POINT('',(0.118146397528375,-0.552882886736476,0.));
#5303=CARTESIAN_POINT('',(0.109239509838732,-0.0436147696692751,0.));
#5304=CARTESIAN_POINT('',(0.109239509838732,-0.0436147696692751,0.0045));
#5305=CARTESIAN_POINT('',(0.109239509838732,-0.0436147696692751,0.0045));
#5306=CARTESIAN_POINT('',(0.118146397528375,-0.552882886736476,0.0045));
#5307=CARTESIAN_POINT('',(0.109222001503413,-0.0426136975471782,0.0045));
#5308=CARTESIAN_POINT('',(0.109222001503413,-0.0426136975471782,0.));
#5309=CARTESIAN_POINT('',(0.108222001058854,-0.0426632055902247,0.));
#5310=CARTESIAN_POINT('',(0.108222001058854,-0.0426632055902247,0.0045));
#5311=CARTESIAN_POINT('',(0.108222001058854,-0.0426632055902247,0.0045));
#5312=CARTESIAN_POINT('',(0.109222001503413,-0.0426136975471782,0.0045));
#5313=CARTESIAN_POINT('',(0.108222023029425,-0.0349003137102145,0.0045));
#5314=CARTESIAN_POINT('',(0.108222023029425,-0.0349003137102145,0.));
#5315=CARTESIAN_POINT('',(0.108222044999995,-0.0271374218302044,0.));
#5316=CARTESIAN_POINT('',(0.108222044999995,-0.0271374218302044,0.0045));
#5317=CARTESIAN_POINT('',(0.108222044999995,-0.0271374218302044,0.0045));
#5318=CARTESIAN_POINT('',(0.108222023029425,-0.0349003137102145,0.0045));
#5319=CARTESIAN_POINT('',(0.0666219920643623,-0.178788014007426,0.0045));
#5320=CARTESIAN_POINT('',(0.0894091340000121,-0.0955619459999984,0.0045));
#5321=CARTESIAN_POINT('',(0.0894091340000121,-0.0955619459999984,0.0045));
#5322=CARTESIAN_POINT('',(0.0666219920643623,-0.178788014007426,0.0045));
#5323=CARTESIAN_POINT('',(0.0201899713731408,-0.412037356076055,0.0045));
#5324=CARTESIAN_POINT('',(0.0201899713731408,-0.412037356076055,0.0045));
#5325=CARTESIAN_POINT('',(0.107222023000421,-0.0349105602912143,0.0045));
#5326=CARTESIAN_POINT('',(0.107222001000846,-0.0426837001147376,0.0045));
#5327=CARTESIAN_POINT('',(0.107222001000846,-0.0426837001147376,0.0045));
#5328=CARTESIAN_POINT('',(0.107222023000421,-0.0349105602912143,0.0045));
#5329=CARTESIAN_POINT('',(0.109222001503413,-0.0426136975471782,0.0045));
#5330=CARTESIAN_POINT('',(0.109256996748789,-0.044614616761573,0.0045));
#5331=CARTESIAN_POINT('',(0.109256996748789,-0.044614616761573,0.0045));
#5332=CARTESIAN_POINT('',(0.109222001503413,-0.0426136975471782,0.0045));
#5333=CARTESIAN_POINT('',(0.118146397528375,-0.552882886736491,0.0045));
#5334=CARTESIAN_POINT('',(0.118146397528375,-0.552882886736491,0.0045));
#5335=CARTESIAN_POINT('',(0.106472045460604,-0.0271374183450389,0.0045));
#5336=CARTESIAN_POINT('',(0.106472045460604,-0.0271374183450389,0.));
#5337=CARTESIAN_POINT('',(0.106472045460604,-0.0271374183450389,0.0045));
#5338=CARTESIAN_POINT('',(0.0731684571209549,-0.0616325693704414,0.0045));
#5339=CARTESIAN_POINT('',(0.0920844582130512,-0.0616325693704414,0.0045));
#5340=CARTESIAN_POINT('',(0.0985473925230226,-0.0616325693704414,0.0045));
#5341=CARTESIAN_POINT('',(0.0731685275,-0.0616325963192821,0.));
#5342=CARTESIAN_POINT('',(0.0227554454463071,-0.0738114330141522,0.));
#5343=CARTESIAN_POINT('',(0.0270054454463071,-0.0738114330141522,0.));
#5344=CARTESIAN_POINT('',(0.0983979643689865,-0.0942179578585967,0.));
#5345=CARTESIAN_POINT('',(0.102647964368987,-0.0942179578585967,0.));
#5346=CARTESIAN_POINT('',(0.119522001503413,-0.0499136975471782,0.));
#5347=CARTESIAN_POINT('',(0.124022001503413,-0.0499136975471782,0.));
#5348=CARTESIAN_POINT('',(0.0961096897705351,-0.028005497936284,0.));
#5349=CARTESIAN_POINT('',(0.100609689770535,-0.028005497936284,0.));
#5350=CARTESIAN_POINT('',(0.0245083691594435,-0.0385865708340504,0.));
#5351=CARTESIAN_POINT('',(0.0290083691594435,-0.0385865708340504,0.));
#5352=CARTESIAN_POINT('',(0.0920844582130512,-0.0583,0.00673185071668447));
#5353=CARTESIAN_POINT('',(0.0985473925230226,-0.0583,0.00673185071668447));
#5354=CARTESIAN_POINT('',(0.0245083691594435,-0.0385865708340504,0.002));
#5355=CARTESIAN_POINT('',(0.0245083691594435,-0.0385865708340504,0.002));
#5356=CARTESIAN_POINT('',(0.0290083691594435,-0.0385865708340504,0.002));
#5357=CARTESIAN_POINT('',(0.0712637234748601,-0.0609867278974403,0.002));
#5358=CARTESIAN_POINT('',(0.0961096897705351,-0.028005497936284,0.002));
#5359=CARTESIAN_POINT('',(0.0961096897705351,-0.028005497936284,0.002));
#5360=CARTESIAN_POINT('',(0.100609689770535,-0.028005497936284,0.002));
#5361=CARTESIAN_POINT('',(0.0712637234748601,-0.0609867278974403,0.002));
#5362=CARTESIAN_POINT('',(0.119522001503413,-0.0499136975471782,0.002));
#5363=CARTESIAN_POINT('',(0.119522001503413,-0.0499136975471782,0.002));
#5364=CARTESIAN_POINT('',(0.124022001503413,-0.0499136975471782,0.002));
#5365=CARTESIAN_POINT('',(0.0712637234748601,-0.0609867278974403,0.002));
#5366=CARTESIAN_POINT('',(0.0983979643689865,-0.0942179578585967,0.002));
#5367=CARTESIAN_POINT('',(0.0983979643689865,-0.0942179578585967,0.002));
#5368=CARTESIAN_POINT('',(0.102647964368987,-0.0942179578585967,0.002));
#5369=CARTESIAN_POINT('',(0.0712637234748601,-0.0609867278974403,0.002));
#5370=CARTESIAN_POINT('',(0.0227554454463071,-0.0738114330141522,0.002));
#5371=CARTESIAN_POINT('',(0.0227554454463071,-0.0738114330141522,0.002));
#5372=CARTESIAN_POINT('',(0.0270054454463071,-0.0738114330141522,0.002));
#5373=CARTESIAN_POINT('',(0.0712637234748601,-0.0609867278974403,0.002));
#5374=MECHANICAL_DESIGN_GEOMETRIC_PRESENTATION_REPRESENTATION('',(#3003),
#5375);
#5375=(
GEOMETRIC_REPRESENTATION_CONTEXT(3)
GLOBAL_UNCERTAINTY_ASSIGNED_CONTEXT((#5376))
GLOBAL_UNIT_ASSIGNED_CONTEXT((#5379,#5378,#5377))
REPRESENTATION_CONTEXT('LeftKeyboard','TOP_LEVEL_ASSEMBLY_PART')
);
#5376=UNCERTAINTY_MEASURE_WITH_UNIT(LENGTH_MEASURE(5.E-6),#5379,
'DISTANCE_ACCURACY_VALUE','Maximum Tolerance applied to model');
#5377=(
NAMED_UNIT(*)
SI_UNIT($,.STERADIAN.)
SOLID_ANGLE_UNIT()
);
#5378=(
NAMED_UNIT(*)
PLANE_ANGLE_UNIT()
SI_UNIT($,.RADIAN.)
);
#5379=(
LENGTH_UNIT()
NAMED_UNIT(*)
SI_UNIT($,.METRE.)
);
#5380=PRODUCT_DEFINITION_SHAPE('','',#5381);
#5381=PRODUCT_DEFINITION('','',#5383,#5382);
#5382=PRODUCT_DEFINITION_CONTEXT('',#5389,'design');
#5383=PRODUCT_DEFINITION_FORMATION_WITH_SPECIFIED_SOURCE('','',#5385,
 .NOT_KNOWN.);
#5384=PRODUCT_RELATED_PRODUCT_CATEGORY('','',(#5385));
#5385=PRODUCT('LeftKeyboard','LeftKeyboard','LeftKeyboard',(#5387));
#5386=PRODUCT_CATEGORY('','');
#5387=PRODUCT_CONTEXT('',#5389,'mechanical');
#5388=APPLICATION_PROTOCOL_DEFINITION('international standard',
'ap242_managed_model_based_3d_engineering',2011,#5389);
#5389=APPLICATION_CONTEXT('managed model based 3d engineering');
ENDSEC;
END-ISO-10303-21;
