ISO-10303-21;
HEADER;
FILE_DESCRIPTION(('Open CASCADE Model'),'2;1');
FILE_NAME('Open CASCADE Shape Model','2025-11-13T17:45:43',('Author'),(
    'Open CASCADE'),'Open CASCADE STEP processor 7.8','Open CASCADE 7.8'
  ,'Unknown');
FILE_SCHEMA(('AUTOMOTIVE_DESIGN { 1 0 10303 214 1 1 1 1 }'));
ENDSEC;
DATA;
#1 = APPLICATION_PROTOCOL_DEFINITION('international standard',
  'automotive_design',2000,#2);
#2 = APPLICATION_CONTEXT(
  'core data for automotive mechanical design processes');
#3 = SHAPE_DEFINITION_REPRESENTATION(#4,#10);
#4 = PRODUCT_DEFINITION_SHAPE('','',#5);
#5 = PRODUCT_DEFINITION('design','',#6,#9);
#6 = PRODUCT_DEFINITION_FORMATION('','',#7);
#7 = PRODUCT('Open CASCADE STEP translator 7.8 2',
  'Open CASCADE STEP translator 7.8 2','',(#8));
#8 = PRODUCT_CONTEXT('',#2,'mechanical');
#9 = PRODUCT_DEFINITION_CONTEXT('part definition',#2,'design');
#10 = ADVANCED_BREP_SHAPE_REPRESENTATION('',(#11,#15),#14440);
#11 = AXIS2_PLACEMENT_3D('',#12,#13,#14);
#12 = CARTESIAN_POINT('',(0.,0.,0.));
#13 = DIRECTION('',(0.,0.,1.));
#14 = DIRECTION('',(1.,0.,-0.));
#15 = MANIFOLD_SOLID_BREP('',#16);
#16 = CLOSED_SHELL('',(#17,#147,#5364,#5414,#5468,#9728,#9755,#9782,
    #9809,#9836,#9864,#9891,#9919,#9946,#9973,#10000,#10027,#10054,
    #10081,#10108,#10135,#10162,#10189,#10216,#10243,#10270,#10297,
    #10324,#10351,#10378,#10405,#10432,#10459,#10486,#10513,#10540,
    #10567,#10594,#10621,#10648,#10675,#10702,#10709,#10764,#10811,
    #10838,#10865,#10892,#10919,#10946,#10973,#10980,#11027,#11054,
    #11081,#11108,#11135,#11162,#11189,#11196,#11243,#11270,#11297,
    #11324,#11351,#11378,#11405,#11412,#11459,#11486,#11513,#11540,
    #11567,#11594,#11621,#11628,#11675,#11702,#11729,#11756,#11783,
    #11810,#11837,#11844,#11891,#11918,#11945,#11972,#11999,#12026,
    #12053,#12060,#12107,#12134,#12161,#12188,#12215,#12242,#12269,
    #12276,#12323,#12350,#12377,#12404,#12431,#12458,#12485,#12492,
    #12539,#12566,#12593,#12620,#12647,#12674,#12701,#12708,#12755,
    #12782,#12809,#12836,#12863,#12890,#12917,#12924,#12971,#12998,
    #13025,#13052,#13079,#13106,#13133,#13140,#13187,#13214,#13241,
    #13268,#13295,#13322,#13349,#13356,#13403,#13430,#13457,#13484,
    #13511,#13538,#13565,#13572,#13619,#13646,#13673,#13700,#13727,
    #13754,#13781,#13788,#13835,#13862,#13889,#13916,#13943,#13970,
    #13997,#14004,#14051,#14078,#14105,#14132,#14159,#14186,#14213,
    #14220,#14267,#14294,#14321,#14348,#14375,#14402,#14429,#14436));
#17 = ADVANCED_FACE('',(#18),#33,.T.);
#18 = FACE_BOUND('',#19,.T.);
#19 = EDGE_LOOP('',(#20,#60,#88,#121));
#20 = ORIENTED_EDGE('',*,*,#21,.F.);
#21 = EDGE_CURVE('',#22,#24,#26,.T.);
#22 = VERTEX_POINT('',#23);
#23 = CARTESIAN_POINT('',(134.62183941849,-49.21080304816,1.51));
#24 = VERTEX_POINT('',#25);
#25 = CARTESIAN_POINT('',(134.65501591696,-49.0126337383,1.51));
#26 = SURFACE_CURVE('',#27,(#32,#44),.PCURVE_S1.);
#27 = CIRCLE('',#28,1.);
#28 = AXIS2_PLACEMENT_3D('',#29,#30,#31);
#29 = CARTESIAN_POINT('',(135.61971183392,-49.27599999999,1.51));
#30 = DIRECTION('',(-0.,0.,-1.));
#31 = DIRECTION('',(4.800000000203E-02,-0.998847335682,-0.));
#32 = PCURVE('',#33,#38);
#33 = CYLINDRICAL_SURFACE('',#34,1.);
#34 = AXIS2_PLACEMENT_3D('',#35,#36,#37);
#35 = CARTESIAN_POINT('',(135.61971183392,-49.27599999999,1.51));
#36 = DIRECTION('',(-0.,0.,-1.));
#37 = DIRECTION('',(4.800000000203E-02,-0.998847335682,-0.));
#38 = DEFINITIONAL_REPRESENTATION('',(#39),#43);
#39 = LINE('',#40,#41);
#40 = CARTESIAN_POINT('',(0.,0.));
#41 = VECTOR('',#42,1.);
#42 = DIRECTION('',(1.,0.));
#43 = ( GEOMETRIC_REPRESENTATION_CONTEXT(2) 
PARAMETRIC_REPRESENTATION_CONTEXT() REPRESENTATION_CONTEXT('2D SPACE',''
  ) );
#44 = PCURVE('',#45,#50);
#45 = PLANE('',#46);
#46 = AXIS2_PLACEMENT_3D('',#47,#48,#49);
#47 = CARTESIAN_POINT('',(190.57422149073,-72.06580242191,1.51));
#48 = DIRECTION('',(0.,0.,1.));
#49 = DIRECTION('',(1.,0.,-0.));
#50 = DEFINITIONAL_REPRESENTATION('',(#51),#59);
#51 = ( BOUNDED_CURVE() B_SPLINE_CURVE(2,(#52,#53,#54,#55,#56,#57,#58),
.UNSPECIFIED.,.T.,.F.) B_SPLINE_CURVE_WITH_KNOTS((1,2,2,2,2,1),(
    -2.094395102393,0.,2.094395102393,4.188790204786,6.28318530718,
8.377580409573),.UNSPECIFIED.) CURVE() GEOMETRIC_REPRESENTATION_ITEM() 
RATIONAL_B_SPLINE_CURVE((1.,0.5,1.,0.5,1.,0.5,1.)) REPRESENTATION_ITEM(
  '') );
#52 = CARTESIAN_POINT('',(-54.90650965681,21.790955086234));
#53 = CARTESIAN_POINT('',(-56.63656399122,21.707816647467));
#54 = CARTESIAN_POINT('',(-55.84353682402,23.247656870374));
#55 = CARTESIAN_POINT('',(-55.05050965682,24.787497093281));
#56 = CARTESIAN_POINT('',(-54.11348248961,23.330795309141));
#57 = CARTESIAN_POINT('',(-53.1764553224,21.874093525));
#58 = CARTESIAN_POINT('',(-54.90650965681,21.790955086234));
#59 = ( GEOMETRIC_REPRESENTATION_CONTEXT(2) 
PARAMETRIC_REPRESENTATION_CONTEXT() REPRESENTATION_CONTEXT('2D SPACE',''
  ) );
#60 = ORIENTED_EDGE('',*,*,#61,.T.);
#61 = EDGE_CURVE('',#22,#62,#64,.T.);
#62 = VERTEX_POINT('',#63);
#63 = CARTESIAN_POINT('',(134.62183941849,-49.21080304816,3.01));
#64 = SURFACE_CURVE('',#65,(#69,#76),.PCURVE_S1.);
#65 = LINE('',#66,#67);
#66 = CARTESIAN_POINT('',(134.62183941849,-49.21080304816,1.51));
#67 = VECTOR('',#68,1.);
#68 = DIRECTION('',(0.,0.,1.));
#69 = PCURVE('',#33,#70);
#70 = DEFINITIONAL_REPRESENTATION('',(#71),#75);
#71 = LINE('',#72,#73);
#72 = CARTESIAN_POINT('',(1.684058006492,0.));
#73 = VECTOR('',#74,1.);
#74 = DIRECTION('',(0.,-1.));
#75 = ( GEOMETRIC_REPRESENTATION_CONTEXT(2) 
PARAMETRIC_REPRESENTATION_CONTEXT() REPRESENTATION_CONTEXT('2D SPACE',''
  ) );
#76 = PCURVE('',#77,#82);
#77 = CYLINDRICAL_SURFACE('',#78,1.);
#78 = AXIS2_PLACEMENT_3D('',#79,#80,#81);
#79 = CARTESIAN_POINT('',(135.61200039789,-49.35073601374,1.51));
#80 = DIRECTION('',(-0.,-0.,-1.));
#81 = DIRECTION('',(0.,-1.,0.));
#82 = DEFINITIONAL_REPRESENTATION('',(#83),#87);
#83 = LINE('',#84,#85);
#84 = CARTESIAN_POINT('',(1.711190040646,0.));
#85 = VECTOR('',#86,1.);
#86 = DIRECTION('',(0.,-1.));
#87 = ( GEOMETRIC_REPRESENTATION_CONTEXT(2) 
PARAMETRIC_REPRESENTATION_CONTEXT() REPRESENTATION_CONTEXT('2D SPACE',''
  ) );
#88 = ORIENTED_EDGE('',*,*,#89,.T.);
#89 = EDGE_CURVE('',#62,#90,#92,.T.);
#90 = VERTEX_POINT('',#91);
#91 = CARTESIAN_POINT('',(134.65501591696,-49.0126337383,3.01));
#92 = SURFACE_CURVE('',#93,(#98,#105),.PCURVE_S1.);
#93 = CIRCLE('',#94,1.);
#94 = AXIS2_PLACEMENT_3D('',#95,#96,#97);
#95 = CARTESIAN_POINT('',(135.61971183392,-49.27599999999,3.01));
#96 = DIRECTION('',(-0.,0.,-1.));
#97 = DIRECTION('',(4.800000000203E-02,-0.998847335682,-0.));
#98 = PCURVE('',#33,#99);
#99 = DEFINITIONAL_REPRESENTATION('',(#100),#104);
#100 = LINE('',#101,#102);
#101 = CARTESIAN_POINT('',(0.,-1.5));
#102 = VECTOR('',#103,1.);
#103 = DIRECTION('',(1.,0.));
#104 = ( GEOMETRIC_REPRESENTATION_CONTEXT(2) 
PARAMETRIC_REPRESENTATION_CONTEXT() REPRESENTATION_CONTEXT('2D SPACE',''
  ) );
#105 = PCURVE('',#106,#111);
#106 = PLANE('',#107);
#107 = AXIS2_PLACEMENT_3D('',#108,#109,#110);
#108 = CARTESIAN_POINT('',(190.57422149073,-72.06580242191,3.01));
#109 = DIRECTION('',(0.,0.,1.));
#110 = DIRECTION('',(1.,0.,-0.));
#111 = DEFINITIONAL_REPRESENTATION('',(#112),#120);
#112 = ( BOUNDED_CURVE() B_SPLINE_CURVE(2,(#113,#114,#115,#116,#117,#118
,#119),.UNSPECIFIED.,.T.,.F.) B_SPLINE_CURVE_WITH_KNOTS((1,2,2,2,2,1),(
    -2.094395102393,0.,2.094395102393,4.188790204786,6.28318530718,
8.377580409573),.UNSPECIFIED.) CURVE() GEOMETRIC_REPRESENTATION_ITEM() 
RATIONAL_B_SPLINE_CURVE((1.,0.5,1.,0.5,1.,0.5,1.)) REPRESENTATION_ITEM(
  '') );
#113 = CARTESIAN_POINT('',(-54.90650965681,21.790955086234));
#114 = CARTESIAN_POINT('',(-56.63656399122,21.707816647467));
#115 = CARTESIAN_POINT('',(-55.84353682402,23.247656870374));
#116 = CARTESIAN_POINT('',(-55.05050965682,24.787497093281));
#117 = CARTESIAN_POINT('',(-54.11348248961,23.330795309141));
#118 = CARTESIAN_POINT('',(-53.1764553224,21.874093525));
#119 = CARTESIAN_POINT('',(-54.90650965681,21.790955086234));
#120 = ( GEOMETRIC_REPRESENTATION_CONTEXT(2) 
PARAMETRIC_REPRESENTATION_CONTEXT() REPRESENTATION_CONTEXT('2D SPACE',''
  ) );
#121 = ORIENTED_EDGE('',*,*,#122,.F.);
#122 = EDGE_CURVE('',#24,#90,#123,.T.);
#123 = SURFACE_CURVE('',#124,(#128,#135),.PCURVE_S1.);
#124 = LINE('',#125,#126);
#125 = CARTESIAN_POINT('',(134.65501591696,-49.0126337383,1.51));
#126 = VECTOR('',#127,1.);
#127 = DIRECTION('',(0.,-0.,1.));
#128 = PCURVE('',#33,#129);
#129 = DEFINITIONAL_REPRESENTATION('',(#130),#134);
#130 = LINE('',#131,#132);
#131 = CARTESIAN_POINT('',(1.885324781058,0.));
#132 = VECTOR('',#133,1.);
#133 = DIRECTION('',(-0.,-1.));
#134 = ( GEOMETRIC_REPRESENTATION_CONTEXT(2) 
PARAMETRIC_REPRESENTATION_CONTEXT() REPRESENTATION_CONTEXT('2D SPACE',''
  ) );
#135 = PCURVE('',#136,#141);
#136 = CYLINDRICAL_SURFACE('',#137,1.);
#137 = AXIS2_PLACEMENT_3D('',#138,#139,#140);
#138 = CARTESIAN_POINT('',(133.69032,-48.7492674766,1.51));
#139 = DIRECTION('',(0.,-0.,1.));
#140 = DIRECTION('',(0.96469591696,-0.263366261697,-0.));
#141 = DEFINITIONAL_REPRESENTATION('',(#142),#146);
#142 = LINE('',#143,#144);
#143 = CARTESIAN_POINT('',(1.7763568394E-15,0.));
#144 = VECTOR('',#145,1.);
#145 = DIRECTION('',(0.,1.));
#146 = ( GEOMETRIC_REPRESENTATION_CONTEXT(2) 
PARAMETRIC_REPRESENTATION_CONTEXT() REPRESENTATION_CONTEXT('2D SPACE',''
  ) );
#147 = ADVANCED_FACE('',(#148,#1423,#1454,#1684,#1914,#2144,#2374,#2604,
    #2834,#3064,#3294,#3524,#3754,#3984,#4214,#4444,#4674,#4904,#5134),
  #45,.F.);
#148 = FACE_BOUND('',#149,.F.);
#149 = EDGE_LOOP('',(#150,#151,#179,#207,#240,#273,#306,#334,#367,#400,
    #433,#461,#494,#527,#560,#588,#621,#654,#682,#715,#743,#776,#805,
    #833,#866,#899,#932,#960,#993,#1021,#1054,#1082,#1115,#1143,#1176,
    #1204,#1312,#1340,#1373,#1401));
#150 = ORIENTED_EDGE('',*,*,#21,.F.);
#151 = ORIENTED_EDGE('',*,*,#152,.F.);
#152 = EDGE_CURVE('',#153,#22,#155,.T.);
#153 = VERTEX_POINT('',#154);
#154 = CARTESIAN_POINT('',(134.61200039789,-49.35073601374,1.51));
#155 = SURFACE_CURVE('',#156,(#161,#172),.PCURVE_S1.);
#156 = CIRCLE('',#157,1.);
#157 = AXIS2_PLACEMENT_3D('',#158,#159,#160);
#158 = CARTESIAN_POINT('',(135.61200039789,-49.35073601374,1.51));
#159 = DIRECTION('',(-0.,-0.,-1.));
#160 = DIRECTION('',(0.,-1.,0.));
#161 = PCURVE('',#45,#162);
#162 = DEFINITIONAL_REPRESENTATION('',(#163),#171);
#163 = ( BOUNDED_CURVE() B_SPLINE_CURVE(2,(#164,#165,#166,#167,#168,#169
,#170),.UNSPECIFIED.,.T.,.F.) B_SPLINE_CURVE_WITH_KNOTS((1,2,2,2,2,1),(
    -2.094395102393,0.,2.094395102393,4.188790204786,6.28318530718,
8.377580409573),.UNSPECIFIED.) CURVE() GEOMETRIC_REPRESENTATION_ITEM() 
RATIONAL_B_SPLINE_CURVE((1.,0.5,1.,0.5,1.,0.5,1.)) REPRESENTATION_ITEM(
  '') );
#164 = CARTESIAN_POINT('',(-54.96222109284,21.715066408175));
#165 = CARTESIAN_POINT('',(-56.69427190041,21.715066408175));
#166 = CARTESIAN_POINT('',(-55.82824649663,23.215066408175));
#167 = CARTESIAN_POINT('',(-54.96222109284,24.715066408175));
#168 = CARTESIAN_POINT('',(-54.09619568906,23.215066408175));
#169 = CARTESIAN_POINT('',(-53.23017028528,21.715066408175));
#170 = CARTESIAN_POINT('',(-54.96222109284,21.715066408175));
#171 = ( GEOMETRIC_REPRESENTATION_CONTEXT(2) 
PARAMETRIC_REPRESENTATION_CONTEXT() REPRESENTATION_CONTEXT('2D SPACE',''
  ) );
#172 = PCURVE('',#77,#173);
#173 = DEFINITIONAL_REPRESENTATION('',(#174),#178);
#174 = LINE('',#175,#176);
#175 = CARTESIAN_POINT('',(0.,0.));
#176 = VECTOR('',#177,1.);
#177 = DIRECTION('',(1.,0.));
#178 = ( GEOMETRIC_REPRESENTATION_CONTEXT(2) 
PARAMETRIC_REPRESENTATION_CONTEXT() REPRESENTATION_CONTEXT('2D SPACE',''
  ) );
#179 = ORIENTED_EDGE('',*,*,#180,.F.);
#180 = EDGE_CURVE('',#181,#153,#183,.T.);
#181 = VERTEX_POINT('',#182);
#182 = CARTESIAN_POINT('',(134.61200039789,-50.72526398625,1.51));
#183 = SURFACE_CURVE('',#184,(#188,#195),.PCURVE_S1.);
#184 = LINE('',#185,#186);
#185 = CARTESIAN_POINT('',(134.61200039789,-60.04953289001,1.51));
#186 = VECTOR('',#187,1.);
#187 = DIRECTION('',(0.,1.,0.));
#188 = PCURVE('',#45,#189);
#189 = DEFINITIONAL_REPRESENTATION('',(#190),#194);
#190 = LINE('',#191,#192);
#191 = CARTESIAN_POINT('',(-55.96222109284,12.016269531905));
#192 = VECTOR('',#193,1.);
#193 = DIRECTION('',(0.,1.));
#194 = ( GEOMETRIC_REPRESENTATION_CONTEXT(2) 
PARAMETRIC_REPRESENTATION_CONTEXT() REPRESENTATION_CONTEXT('2D SPACE',''
  ) );
#195 = PCURVE('',#196,#201);
#196 = PLANE('',#197);
#197 = AXIS2_PLACEMENT_3D('',#198,#199,#200);
#198 = CARTESIAN_POINT('',(134.61200039789,-50.72526398625,1.51));
#199 = DIRECTION('',(-1.,0.,0.));
#200 = DIRECTION('',(0.,1.,0.));
#201 = DEFINITIONAL_REPRESENTATION('',(#202),#206);
#202 = LINE('',#203,#204);
#203 = CARTESIAN_POINT('',(-9.32426890376,0.));
#204 = VECTOR('',#205,1.);
#205 = DIRECTION('',(1.,0.));
#206 = ( GEOMETRIC_REPRESENTATION_CONTEXT(2) 
PARAMETRIC_REPRESENTATION_CONTEXT() REPRESENTATION_CONTEXT('2D SPACE',''
  ) );
#207 = ORIENTED_EDGE('',*,*,#208,.F.);
#208 = EDGE_CURVE('',#209,#181,#211,.T.);
#209 = VERTEX_POINT('',#210);
#210 = CARTESIAN_POINT('',(134.62183941849,-50.86519695198,1.51));
#211 = SURFACE_CURVE('',#212,(#217,#228),.PCURVE_S1.);
#212 = CIRCLE('',#213,1.);
#213 = AXIS2_PLACEMENT_3D('',#214,#215,#216);
#214 = CARTESIAN_POINT('',(135.61200039789,-50.72526398625,1.51));
#215 = DIRECTION('',(-0.,0.,-1.));
#216 = DIRECTION('',(0.250944055,-0.968001591559,-0.));
#217 = PCURVE('',#45,#218);
#218 = DEFINITIONAL_REPRESENTATION('',(#219),#227);
#219 = ( BOUNDED_CURVE() B_SPLINE_CURVE(2,(#220,#221,#222,#223,#224,#225
,#226),.UNSPECIFIED.,.T.,.F.) B_SPLINE_CURVE_WITH_KNOTS((1,2,2,2,2,1),(
    -2.094395102393,0.,2.094395102393,4.188790204786,6.28318530718,
8.377580409573),.UNSPECIFIED.) CURVE() GEOMETRIC_REPRESENTATION_ITEM() 
RATIONAL_B_SPLINE_CURVE((1.,0.5,1.,0.5,1.,0.5,1.)) REPRESENTATION_ITEM(
  '') );
#220 = CARTESIAN_POINT('',(-54.71127703784,20.372536844107));
#221 = CARTESIAN_POINT('',(-56.38790497623,19.93788899099));
#222 = CARTESIAN_POINT('',(-55.92600708954,21.607215304886));
#223 = CARTESIAN_POINT('',(-55.46410920284,23.276541618783));
#224 = CARTESIAN_POINT('',(-54.24937915115,22.041863158003));
#225 = CARTESIAN_POINT('',(-53.03464909946,20.807184697223));
#226 = CARTESIAN_POINT('',(-54.71127703784,20.372536844107));
#227 = ( GEOMETRIC_REPRESENTATION_CONTEXT(2) 
PARAMETRIC_REPRESENTATION_CONTEXT() REPRESENTATION_CONTEXT('2D SPACE',''
  ) );
#228 = PCURVE('',#229,#234);
#229 = CYLINDRICAL_SURFACE('',#230,1.);
#230 = AXIS2_PLACEMENT_3D('',#231,#232,#233);
#231 = CARTESIAN_POINT('',(135.61200039789,-50.72526398625,1.51));
#232 = DIRECTION('',(-0.,0.,-1.));
#233 = DIRECTION('',(0.250944055,-0.968001591559,-0.));
#234 = DEFINITIONAL_REPRESENTATION('',(#235),#239);
#235 = LINE('',#236,#237);
#236 = CARTESIAN_POINT('',(0.,0.));
#237 = VECTOR('',#238,1.);
#238 = DIRECTION('',(1.,0.));
#239 = ( GEOMETRIC_REPRESENTATION_CONTEXT(2) 
PARAMETRIC_REPRESENTATION_CONTEXT() REPRESENTATION_CONTEXT('2D SPACE',''
  ) );
#240 = ORIENTED_EDGE('',*,*,#241,.F.);
#241 = EDGE_CURVE('',#242,#209,#244,.T.);
#242 = VERTEX_POINT('',#243);
#243 = CARTESIAN_POINT('',(134.65501591695,-51.06336626171,1.51));
#244 = SURFACE_CURVE('',#245,(#250,#261),.PCURVE_S1.);
#245 = CIRCLE('',#246,1.);
#246 = AXIS2_PLACEMENT_3D('',#247,#248,#249);
#247 = CARTESIAN_POINT('',(135.61971183391,-50.8,1.51));
#248 = DIRECTION('',(0.,0.,-1.));
#249 = DIRECTION('',(1.,0.,0.));
#250 = PCURVE('',#45,#251);
#251 = DEFINITIONAL_REPRESENTATION('',(#252),#260);
#252 = ( BOUNDED_CURVE() B_SPLINE_CURVE(2,(#253,#254,#255,#256,#257,#258
,#259),.UNSPECIFIED.,.T.,.F.) B_SPLINE_CURVE_WITH_KNOTS((1,2,2,2,2,1),(
    -2.094395102393,0.,2.094395102393,4.188790204786,6.28318530718,
8.377580409573),.UNSPECIFIED.) CURVE() GEOMETRIC_REPRESENTATION_ITEM() 
RATIONAL_B_SPLINE_CURVE((1.,0.5,1.,0.5,1.,0.5,1.)) REPRESENTATION_ITEM(
  '') );
#253 = CARTESIAN_POINT('',(-53.95450965682,21.265802421915));
#254 = CARTESIAN_POINT('',(-53.95450965682,19.533751614347));
#255 = CARTESIAN_POINT('',(-55.45450965682,20.399777018131));
#256 = CARTESIAN_POINT('',(-56.95450965682,21.265802421915));
#257 = CARTESIAN_POINT('',(-55.45450965682,22.1318278257));
#258 = CARTESIAN_POINT('',(-53.95450965682,22.997853229484));
#259 = CARTESIAN_POINT('',(-53.95450965682,21.265802421915));
#260 = ( GEOMETRIC_REPRESENTATION_CONTEXT(2) 
PARAMETRIC_REPRESENTATION_CONTEXT() REPRESENTATION_CONTEXT('2D SPACE',''
  ) );
#261 = PCURVE('',#262,#267);
#262 = CYLINDRICAL_SURFACE('',#263,1.);
#263 = AXIS2_PLACEMENT_3D('',#264,#265,#266);
#264 = CARTESIAN_POINT('',(135.61971183391,-50.8,1.51));
#265 = DIRECTION('',(0.,0.,-1.));
#266 = DIRECTION('',(1.,0.,0.));
#267 = DEFINITIONAL_REPRESENTATION('',(#268),#272);
#268 = LINE('',#269,#270);
#269 = CARTESIAN_POINT('',(0.,0.));
#270 = VECTOR('',#271,1.);
#271 = DIRECTION('',(1.,0.));
#272 = ( GEOMETRIC_REPRESENTATION_CONTEXT(2) 
PARAMETRIC_REPRESENTATION_CONTEXT() REPRESENTATION_CONTEXT('2D SPACE',''
  ) );
#273 = ORIENTED_EDGE('',*,*,#274,.T.);
#274 = EDGE_CURVE('',#242,#275,#277,.T.);
#275 = VERTEX_POINT('',#276);
#276 = CARTESIAN_POINT('',(134.69032,-51.32673252343,1.51));
#277 = SURFACE_CURVE('',#278,(#283,#294),.PCURVE_S1.);
#278 = CIRCLE('',#279,1.);
#279 = AXIS2_PLACEMENT_3D('',#280,#281,#282);
#280 = CARTESIAN_POINT('',(133.69032,-51.32673252343,1.51));
#281 = DIRECTION('',(0.,0.,-1.));
#282 = DIRECTION('',(0.,-1.,0.));
#283 = PCURVE('',#45,#284);
#284 = DEFINITIONAL_REPRESENTATION('',(#285),#293);
#285 = ( BOUNDED_CURVE() B_SPLINE_CURVE(2,(#286,#287,#288,#289,#290,#291
,#292),.UNSPECIFIED.,.T.,.F.) B_SPLINE_CURVE_WITH_KNOTS((1,2,2,2,2,1),(
    -2.094395102393,0.,2.094395102393,4.188790204786,6.28318530718,
8.377580409573),.UNSPECIFIED.) CURVE() GEOMETRIC_REPRESENTATION_ITEM() 
RATIONAL_B_SPLINE_CURVE((1.,0.5,1.,0.5,1.,0.5,1.)) REPRESENTATION_ITEM(
  '') );
#286 = CARTESIAN_POINT('',(-56.88390149073,19.739069898483));
#287 = CARTESIAN_POINT('',(-58.6159522983,19.739069898483));
#288 = CARTESIAN_POINT('',(-57.74992689452,21.239069898483));
#289 = CARTESIAN_POINT('',(-56.88390149073,22.739069898483));
#290 = CARTESIAN_POINT('',(-56.01787608695,21.239069898483));
#291 = CARTESIAN_POINT('',(-55.15185068317,19.739069898483));
#292 = CARTESIAN_POINT('',(-56.88390149073,19.739069898483));
#293 = ( GEOMETRIC_REPRESENTATION_CONTEXT(2) 
PARAMETRIC_REPRESENTATION_CONTEXT() REPRESENTATION_CONTEXT('2D SPACE',''
  ) );
#294 = PCURVE('',#295,#300);
#295 = CYLINDRICAL_SURFACE('',#296,1.);
#296 = AXIS2_PLACEMENT_3D('',#297,#298,#299);
#297 = CARTESIAN_POINT('',(133.69032,-51.32673252343,1.51));
#298 = DIRECTION('',(-0.,-0.,1.));
#299 = DIRECTION('',(0.964695916955,0.263366261716,0.));
#300 = DEFINITIONAL_REPRESENTATION('',(#301),#305);
#301 = LINE('',#302,#303);
#302 = CARTESIAN_POINT('',(4.44587897724,-0.));
#303 = VECTOR('',#304,1.);
#304 = DIRECTION('',(-1.,0.));
#305 = ( GEOMETRIC_REPRESENTATION_CONTEXT(2) 
PARAMETRIC_REPRESENTATION_CONTEXT() REPRESENTATION_CONTEXT('2D SPACE',''
  ) );
#306 = ORIENTED_EDGE('',*,*,#307,.F.);
#307 = EDGE_CURVE('',#308,#275,#310,.T.);
#308 = VERTEX_POINT('',#309);
#309 = CARTESIAN_POINT('',(134.69032,-80.2452674766,1.51));
#310 = SURFACE_CURVE('',#311,(#315,#322),.PCURVE_S1.);
#311 = LINE('',#312,#313);
#312 = CARTESIAN_POINT('',(134.69032,-80.772,1.51));
#313 = VECTOR('',#314,1.);
#314 = DIRECTION('',(0.,1.,0.));
#315 = PCURVE('',#45,#316);
#316 = DEFINITIONAL_REPRESENTATION('',(#317),#321);
#317 = LINE('',#318,#319);
#318 = CARTESIAN_POINT('',(-55.88390149073,-8.706197578085));
#319 = VECTOR('',#320,1.);
#320 = DIRECTION('',(0.,1.));
#321 = ( GEOMETRIC_REPRESENTATION_CONTEXT(2) 
PARAMETRIC_REPRESENTATION_CONTEXT() REPRESENTATION_CONTEXT('2D SPACE',''
  ) );
#322 = PCURVE('',#323,#328);
#323 = PLANE('',#324);
#324 = AXIS2_PLACEMENT_3D('',#325,#326,#327);
#325 = CARTESIAN_POINT('',(134.69032,-80.40290540635,1.51));
#326 = DIRECTION('',(-1.,0.,0.));
#327 = DIRECTION('',(0.,1.,0.));
#328 = DEFINITIONAL_REPRESENTATION('',(#329),#333);
#329 = LINE('',#330,#331);
#330 = CARTESIAN_POINT('',(-0.36909459365,0.));
#331 = VECTOR('',#332,1.);
#332 = DIRECTION('',(1.,0.));
#333 = ( GEOMETRIC_REPRESENTATION_CONTEXT(2) 
PARAMETRIC_REPRESENTATION_CONTEXT() REPRESENTATION_CONTEXT('2D SPACE',''
  ) );
#334 = ORIENTED_EDGE('',*,*,#335,.T.);
#335 = EDGE_CURVE('',#308,#336,#338,.T.);
#336 = VERTEX_POINT('',#337);
#337 = CARTESIAN_POINT('',(134.65501591696,-80.5086337383,1.51));
#338 = SURFACE_CURVE('',#339,(#344,#355),.PCURVE_S1.);
#339 = CIRCLE('',#340,1.);
#340 = AXIS2_PLACEMENT_3D('',#341,#342,#343);
#341 = CARTESIAN_POINT('',(133.69032,-80.2452674766,1.51));
#342 = DIRECTION('',(-0.,0.,-1.));
#343 = DIRECTION('',(0.,-1.,-0.));
#344 = PCURVE('',#45,#345);
#345 = DEFINITIONAL_REPRESENTATION('',(#346),#354);
#346 = ( BOUNDED_CURVE() B_SPLINE_CURVE(2,(#347,#348,#349,#350,#351,#352
,#353),.UNSPECIFIED.,.T.,.F.) B_SPLINE_CURVE_WITH_KNOTS((1,2,2,2,2,1),(
    -2.094395102393,0.,2.094395102393,4.188790204786,6.28318530718,
8.377580409573),.UNSPECIFIED.) CURVE() GEOMETRIC_REPRESENTATION_ITEM() 
RATIONAL_B_SPLINE_CURVE((1.,0.5,1.,0.5,1.,0.5,1.)) REPRESENTATION_ITEM(
  '') );
#347 = CARTESIAN_POINT('',(-56.88390149073,-9.179465054691));
#348 = CARTESIAN_POINT('',(-58.6159522983,-9.179465054691));
#349 = CARTESIAN_POINT('',(-57.74992689452,-7.679465054691));
#350 = CARTESIAN_POINT('',(-56.88390149073,-6.179465054691));
#351 = CARTESIAN_POINT('',(-56.01787608695,-7.679465054691));
#352 = CARTESIAN_POINT('',(-55.15185068317,-9.179465054691));
#353 = CARTESIAN_POINT('',(-56.88390149073,-9.179465054691));
#354 = ( GEOMETRIC_REPRESENTATION_CONTEXT(2) 
PARAMETRIC_REPRESENTATION_CONTEXT() REPRESENTATION_CONTEXT('2D SPACE',''
  ) );
#355 = PCURVE('',#356,#361);
#356 = CYLINDRICAL_SURFACE('',#357,1.);
#357 = AXIS2_PLACEMENT_3D('',#358,#359,#360);
#358 = CARTESIAN_POINT('',(133.69032,-80.2452674766,1.51));
#359 = DIRECTION('',(0.,-0.,1.));
#360 = DIRECTION('',(1.,-0.,-0.));
#361 = DEFINITIONAL_REPRESENTATION('',(#362),#366);
#362 = LINE('',#363,#364);
#363 = CARTESIAN_POINT('',(4.712388980385,-0.));
#364 = VECTOR('',#365,1.);
#365 = DIRECTION('',(-1.,0.));
#366 = ( GEOMETRIC_REPRESENTATION_CONTEXT(2) 
PARAMETRIC_REPRESENTATION_CONTEXT() REPRESENTATION_CONTEXT('2D SPACE',''
  ) );
#367 = ORIENTED_EDGE('',*,*,#368,.F.);
#368 = EDGE_CURVE('',#369,#336,#371,.T.);
#369 = VERTEX_POINT('',#370);
#370 = CARTESIAN_POINT('',(134.62183941848,-80.70680304816,1.51));
#371 = SURFACE_CURVE('',#372,(#377,#388),.PCURVE_S1.);
#372 = CIRCLE('',#373,1.);
#373 = AXIS2_PLACEMENT_3D('',#374,#375,#376);
#374 = CARTESIAN_POINT('',(135.61971183392,-80.77199999999,1.51));
#375 = DIRECTION('',(-0.,0.,-1.));
#376 = DIRECTION('',(4.800000000206E-02,-0.998847335682,-0.));
#377 = PCURVE('',#45,#378);
#378 = DEFINITIONAL_REPRESENTATION('',(#379),#387);
#379 = ( BOUNDED_CURVE() B_SPLINE_CURVE(2,(#380,#381,#382,#383,#384,#385
,#386),.UNSPECIFIED.,.T.,.F.) B_SPLINE_CURVE_WITH_KNOTS((1,2,2,2,2,1),(
    -2.094395102393,0.,2.094395102393,4.188790204786,6.28318530718,
8.377580409573),.UNSPECIFIED.) CURVE() GEOMETRIC_REPRESENTATION_ITEM() 
RATIONAL_B_SPLINE_CURVE((1.,0.5,1.,0.5,1.,0.5,1.)) REPRESENTATION_ITEM(
  '') );
#380 = CARTESIAN_POINT('',(-54.90650965681,-9.705044913766));
#381 = CARTESIAN_POINT('',(-56.63656399122,-9.788183352533));
#382 = CARTESIAN_POINT('',(-55.84353682402,-8.248343129626));
#383 = CARTESIAN_POINT('',(-55.05050965682,-6.708502906719));
#384 = CARTESIAN_POINT('',(-54.11348248961,-8.165204690859));
#385 = CARTESIAN_POINT('',(-53.1764553224,-9.621906475));
#386 = CARTESIAN_POINT('',(-54.90650965681,-9.705044913766));
#387 = ( GEOMETRIC_REPRESENTATION_CONTEXT(2) 
PARAMETRIC_REPRESENTATION_CONTEXT() REPRESENTATION_CONTEXT('2D SPACE',''
  ) );
#388 = PCURVE('',#389,#394);
#389 = CYLINDRICAL_SURFACE('',#390,1.);
#390 = AXIS2_PLACEMENT_3D('',#391,#392,#393);
#391 = CARTESIAN_POINT('',(135.61971183392,-80.77199999999,1.51));
#392 = DIRECTION('',(-0.,0.,-1.));
#393 = DIRECTION('',(4.800000000206E-02,-0.998847335682,-0.));
#394 = DEFINITIONAL_REPRESENTATION('',(#395),#399);
#395 = LINE('',#396,#397);
#396 = CARTESIAN_POINT('',(0.,0.));
#397 = VECTOR('',#398,1.);
#398 = DIRECTION('',(1.,0.));
#399 = ( GEOMETRIC_REPRESENTATION_CONTEXT(2) 
PARAMETRIC_REPRESENTATION_CONTEXT() REPRESENTATION_CONTEXT('2D SPACE',''
  ) );
#400 = ORIENTED_EDGE('',*,*,#401,.F.);
#401 = EDGE_CURVE('',#402,#369,#404,.T.);
#402 = VERTEX_POINT('',#403);
#403 = CARTESIAN_POINT('',(134.61200039789,-80.84673601374,1.51));
#404 = SURFACE_CURVE('',#405,(#410,#421),.PCURVE_S1.);
#405 = CIRCLE('',#406,1.);
#406 = AXIS2_PLACEMENT_3D('',#407,#408,#409);
#407 = CARTESIAN_POINT('',(135.61200039789,-80.84673601374,1.51));
#408 = DIRECTION('',(-0.,-0.,-1.));
#409 = DIRECTION('',(0.,-1.,0.));
#410 = PCURVE('',#45,#411);
#411 = DEFINITIONAL_REPRESENTATION('',(#412),#420);
#412 = ( BOUNDED_CURVE() B_SPLINE_CURVE(2,(#413,#414,#415,#416,#417,#418
,#419),.UNSPECIFIED.,.T.,.F.) B_SPLINE_CURVE_WITH_KNOTS((1,2,2,2,2,1),(
    -2.094395102393,0.,2.094395102393,4.188790204786,6.28318530718,
8.377580409573),.UNSPECIFIED.) CURVE() GEOMETRIC_REPRESENTATION_ITEM() 
RATIONAL_B_SPLINE_CURVE((1.,0.5,1.,0.5,1.,0.5,1.)) REPRESENTATION_ITEM(
  '') );
#413 = CARTESIAN_POINT('',(-54.96222109284,-9.780933591825));
#414 = CARTESIAN_POINT('',(-56.69427190041,-9.780933591825));
#415 = CARTESIAN_POINT('',(-55.82824649663,-8.280933591825));
#416 = CARTESIAN_POINT('',(-54.96222109284,-6.780933591825));
#417 = CARTESIAN_POINT('',(-54.09619568906,-8.280933591825));
#418 = CARTESIAN_POINT('',(-53.23017028528,-9.780933591825));
#419 = CARTESIAN_POINT('',(-54.96222109284,-9.780933591825));
#420 = ( GEOMETRIC_REPRESENTATION_CONTEXT(2) 
PARAMETRIC_REPRESENTATION_CONTEXT() REPRESENTATION_CONTEXT('2D SPACE',''
  ) );
#421 = PCURVE('',#422,#427);
#422 = CYLINDRICAL_SURFACE('',#423,1.);
#423 = AXIS2_PLACEMENT_3D('',#424,#425,#426);
#424 = CARTESIAN_POINT('',(135.61200039789,-80.84673601374,1.51));
#425 = DIRECTION('',(-0.,-0.,-1.));
#426 = DIRECTION('',(0.,-1.,0.));
#427 = DEFINITIONAL_REPRESENTATION('',(#428),#432);
#428 = LINE('',#429,#430);
#429 = CARTESIAN_POINT('',(0.,0.));
#430 = VECTOR('',#431,1.);
#431 = DIRECTION('',(1.,0.));
#432 = ( GEOMETRIC_REPRESENTATION_CONTEXT(2) 
PARAMETRIC_REPRESENTATION_CONTEXT() REPRESENTATION_CONTEXT('2D SPACE',''
  ) );
#433 = ORIENTED_EDGE('',*,*,#434,.F.);
#434 = EDGE_CURVE('',#435,#402,#437,.T.);
#435 = VERTEX_POINT('',#436);
#436 = CARTESIAN_POINT('',(134.61200039789,-82.22126398625,1.51));
#437 = SURFACE_CURVE('',#438,(#442,#449),.PCURVE_S1.);
#438 = LINE('',#439,#440);
#439 = CARTESIAN_POINT('',(134.61200039789,-60.04953289001,1.51));
#440 = VECTOR('',#441,1.);
#441 = DIRECTION('',(0.,1.,0.));
#442 = PCURVE('',#45,#443);
#443 = DEFINITIONAL_REPRESENTATION('',(#444),#448);
#444 = LINE('',#445,#446);
#445 = CARTESIAN_POINT('',(-55.96222109284,12.016269531905));
#446 = VECTOR('',#447,1.);
#447 = DIRECTION('',(0.,1.));
#448 = ( GEOMETRIC_REPRESENTATION_CONTEXT(2) 
PARAMETRIC_REPRESENTATION_CONTEXT() REPRESENTATION_CONTEXT('2D SPACE',''
  ) );
#449 = PCURVE('',#450,#455);
#450 = PLANE('',#451);
#451 = AXIS2_PLACEMENT_3D('',#452,#453,#454);
#452 = CARTESIAN_POINT('',(134.61200039789,-82.22126398625,1.51));
#453 = DIRECTION('',(-1.,0.,0.));
#454 = DIRECTION('',(0.,1.,0.));
#455 = DEFINITIONAL_REPRESENTATION('',(#456),#460);
#456 = LINE('',#457,#458);
#457 = CARTESIAN_POINT('',(22.17173109624,0.));
#458 = VECTOR('',#459,1.);
#459 = DIRECTION('',(1.,0.));
#460 = ( GEOMETRIC_REPRESENTATION_CONTEXT(2) 
PARAMETRIC_REPRESENTATION_CONTEXT() REPRESENTATION_CONTEXT('2D SPACE',''
  ) );
#461 = ORIENTED_EDGE('',*,*,#462,.F.);
#462 = EDGE_CURVE('',#463,#435,#465,.T.);
#463 = VERTEX_POINT('',#464);
#464 = CARTESIAN_POINT('',(134.6218394185,-82.36119695198,1.51));
#465 = SURFACE_CURVE('',#466,(#471,#482),.PCURVE_S1.);
#466 = CIRCLE('',#467,1.);
#467 = AXIS2_PLACEMENT_3D('',#468,#469,#470);
#468 = CARTESIAN_POINT('',(135.61200039789,-82.22126398625,1.51));
#469 = DIRECTION('',(-0.,0.,-1.));
#470 = DIRECTION('',(0.250944055,-0.968001591559,-0.));
#471 = PCURVE('',#45,#472);
#472 = DEFINITIONAL_REPRESENTATION('',(#473),#481);
#473 = ( BOUNDED_CURVE() B_SPLINE_CURVE(2,(#474,#475,#476,#477,#478,#479
,#480),.UNSPECIFIED.,.T.,.F.) B_SPLINE_CURVE_WITH_KNOTS((1,2,2,2,2,1),(
    -2.094395102393,0.,2.094395102393,4.188790204786,6.28318530718,
8.377580409573),.UNSPECIFIED.) CURVE() GEOMETRIC_REPRESENTATION_ITEM() 
RATIONAL_B_SPLINE_CURVE((1.,0.5,1.,0.5,1.,0.5,1.)) REPRESENTATION_ITEM(
  '') );
#474 = CARTESIAN_POINT('',(-54.71127703784,-11.12346315589));
#475 = CARTESIAN_POINT('',(-56.38790497623,-11.55811100901));
#476 = CARTESIAN_POINT('',(-55.92600708954,-9.888784695114));
#477 = CARTESIAN_POINT('',(-55.46410920284,-8.219458381217));
#478 = CARTESIAN_POINT('',(-54.24937915115,-9.454136841997));
#479 = CARTESIAN_POINT('',(-53.03464909946,-10.68881530277));
#480 = CARTESIAN_POINT('',(-54.71127703784,-11.12346315589));
#481 = ( GEOMETRIC_REPRESENTATION_CONTEXT(2) 
PARAMETRIC_REPRESENTATION_CONTEXT() REPRESENTATION_CONTEXT('2D SPACE',''
  ) );
#482 = PCURVE('',#483,#488);
#483 = CYLINDRICAL_SURFACE('',#484,1.);
#484 = AXIS2_PLACEMENT_3D('',#485,#486,#487);
#485 = CARTESIAN_POINT('',(135.61200039789,-82.22126398625,1.51));
#486 = DIRECTION('',(-0.,0.,-1.));
#487 = DIRECTION('',(0.250944055,-0.968001591559,-0.));
#488 = DEFINITIONAL_REPRESENTATION('',(#489),#493);
#489 = LINE('',#490,#491);
#490 = CARTESIAN_POINT('',(0.,0.));
#491 = VECTOR('',#492,1.);
#492 = DIRECTION('',(1.,0.));
#493 = ( GEOMETRIC_REPRESENTATION_CONTEXT(2) 
PARAMETRIC_REPRESENTATION_CONTEXT() REPRESENTATION_CONTEXT('2D SPACE',''
  ) );
#494 = ORIENTED_EDGE('',*,*,#495,.F.);
#495 = EDGE_CURVE('',#496,#463,#498,.T.);
#496 = VERTEX_POINT('',#497);
#497 = CARTESIAN_POINT('',(134.65501591696,-82.55936626169,1.51));
#498 = SURFACE_CURVE('',#499,(#504,#515),.PCURVE_S1.);
#499 = CIRCLE('',#500,1.);
#500 = AXIS2_PLACEMENT_3D('',#501,#502,#503);
#501 = CARTESIAN_POINT('',(135.61971183392,-82.296,1.51));
#502 = DIRECTION('',(0.,0.,-1.));
#503 = DIRECTION('',(1.,0.,0.));
#504 = PCURVE('',#45,#505);
#505 = DEFINITIONAL_REPRESENTATION('',(#506),#514);
#506 = ( BOUNDED_CURVE() B_SPLINE_CURVE(2,(#507,#508,#509,#510,#511,#512
,#513),.UNSPECIFIED.,.T.,.F.) B_SPLINE_CURVE_WITH_KNOTS((1,2,2,2,2,1),(
    -2.094395102393,0.,2.094395102393,4.188790204786,6.28318530718,
8.377580409573),.UNSPECIFIED.) CURVE() GEOMETRIC_REPRESENTATION_ITEM() 
RATIONAL_B_SPLINE_CURVE((1.,0.5,1.,0.5,1.,0.5,1.)) REPRESENTATION_ITEM(
  '') );
#507 = CARTESIAN_POINT('',(-53.95450965681,-10.23019757808));
#508 = CARTESIAN_POINT('',(-53.95450965681,-11.96224838565));
#509 = CARTESIAN_POINT('',(-55.45450965681,-11.09622298186));
#510 = CARTESIAN_POINT('',(-56.95450965681,-10.23019757808));
#511 = CARTESIAN_POINT('',(-55.45450965681,-9.3641721743));
#512 = CARTESIAN_POINT('',(-53.95450965681,-8.498146770516));
#513 = CARTESIAN_POINT('',(-53.95450965681,-10.23019757808));
#514 = ( GEOMETRIC_REPRESENTATION_CONTEXT(2) 
PARAMETRIC_REPRESENTATION_CONTEXT() REPRESENTATION_CONTEXT('2D SPACE',''
  ) );
#515 = PCURVE('',#516,#521);
#516 = CYLINDRICAL_SURFACE('',#517,1.);
#517 = AXIS2_PLACEMENT_3D('',#518,#519,#520);
#518 = CARTESIAN_POINT('',(135.61971183392,-82.296,1.51));
#519 = DIRECTION('',(0.,0.,-1.));
#520 = DIRECTION('',(1.,0.,0.));
#521 = DEFINITIONAL_REPRESENTATION('',(#522),#526);
#522 = LINE('',#523,#524);
#523 = CARTESIAN_POINT('',(0.,0.));
#524 = VECTOR('',#525,1.);
#525 = DIRECTION('',(1.,0.));
#526 = ( GEOMETRIC_REPRESENTATION_CONTEXT(2) 
PARAMETRIC_REPRESENTATION_CONTEXT() REPRESENTATION_CONTEXT('2D SPACE',''
  ) );
#527 = ORIENTED_EDGE('',*,*,#528,.T.);
#528 = EDGE_CURVE('',#496,#529,#531,.T.);
#529 = VERTEX_POINT('',#530);
#530 = CARTESIAN_POINT('',(134.69032,-82.82273252339,1.51));
#531 = SURFACE_CURVE('',#532,(#537,#548),.PCURVE_S1.);
#532 = CIRCLE('',#533,1.);
#533 = AXIS2_PLACEMENT_3D('',#534,#535,#536);
#534 = CARTESIAN_POINT('',(133.69032,-82.82273252339,1.51));
#535 = DIRECTION('',(0.,0.,-1.));
#536 = DIRECTION('',(0.,-1.,0.));
#537 = PCURVE('',#45,#538);
#538 = DEFINITIONAL_REPRESENTATION('',(#539),#547);
#539 = ( BOUNDED_CURVE() B_SPLINE_CURVE(2,(#540,#541,#542,#543,#544,#545
,#546),.UNSPECIFIED.,.T.,.F.) B_SPLINE_CURVE_WITH_KNOTS((1,2,2,2,2,1),(
    -2.094395102393,0.,2.094395102393,4.188790204786,6.28318530718,
8.377580409573),.UNSPECIFIED.) CURVE() GEOMETRIC_REPRESENTATION_ITEM() 
RATIONAL_B_SPLINE_CURVE((1.,0.5,1.,0.5,1.,0.5,1.)) REPRESENTATION_ITEM(
  '') );
#540 = CARTESIAN_POINT('',(-56.88390149073,-11.75693010148));
#541 = CARTESIAN_POINT('',(-58.6159522983,-11.75693010148));
#542 = CARTESIAN_POINT('',(-57.74992689452,-10.25693010148));
#543 = CARTESIAN_POINT('',(-56.88390149073,-8.75693010148));
#544 = CARTESIAN_POINT('',(-56.01787608695,-10.25693010148));
#545 = CARTESIAN_POINT('',(-55.15185068317,-11.75693010148));
#546 = CARTESIAN_POINT('',(-56.88390149073,-11.75693010148));
#547 = ( GEOMETRIC_REPRESENTATION_CONTEXT(2) 
PARAMETRIC_REPRESENTATION_CONTEXT() REPRESENTATION_CONTEXT('2D SPACE',''
  ) );
#548 = PCURVE('',#549,#554);
#549 = CYLINDRICAL_SURFACE('',#550,1.);
#550 = AXIS2_PLACEMENT_3D('',#551,#552,#553);
#551 = CARTESIAN_POINT('',(133.69032,-82.82273252339,1.51));
#552 = DIRECTION('',(-0.,-0.,1.));
#553 = DIRECTION('',(0.96469591696,0.263366261698,0.));
#554 = DEFINITIONAL_REPRESENTATION('',(#555),#559);
#555 = LINE('',#556,#557);
#556 = CARTESIAN_POINT('',(4.445878977259,-0.));
#557 = VECTOR('',#558,1.);
#558 = DIRECTION('',(-1.,0.));
#559 = ( GEOMETRIC_REPRESENTATION_CONTEXT(2) 
PARAMETRIC_REPRESENTATION_CONTEXT() REPRESENTATION_CONTEXT('2D SPACE',''
  ) );
#560 = ORIENTED_EDGE('',*,*,#561,.T.);
#561 = EDGE_CURVE('',#529,#562,#564,.T.);
#562 = VERTEX_POINT('',#563);
#563 = CARTESIAN_POINT('',(134.69031999999,-108.4580000777,1.51));
#564 = SURFACE_CURVE('',#565,(#569,#576),.PCURVE_S1.);
#565 = LINE('',#566,#567);
#566 = CARTESIAN_POINT('',(134.69032,-82.296,1.51));
#567 = VECTOR('',#568,1.);
#568 = DIRECTION('',(0.,-1.,-0.));
#569 = PCURVE('',#45,#570);
#570 = DEFINITIONAL_REPRESENTATION('',(#571),#575);
#571 = LINE('',#572,#573);
#572 = CARTESIAN_POINT('',(-55.88390149073,-10.23019757808));
#573 = VECTOR('',#574,1.);
#574 = DIRECTION('',(0.,-1.));
#575 = ( GEOMETRIC_REPRESENTATION_CONTEXT(2) 
PARAMETRIC_REPRESENTATION_CONTEXT() REPRESENTATION_CONTEXT('2D SPACE',''
  ) );
#576 = PCURVE('',#577,#582);
#577 = PLANE('',#578);
#578 = AXIS2_PLACEMENT_3D('',#579,#580,#581);
#579 = CARTESIAN_POINT('',(134.69032,-82.66509459362,1.51));
#580 = DIRECTION('',(1.,0.,-0.));
#581 = DIRECTION('',(0.,-1.,0.));
#582 = DEFINITIONAL_REPRESENTATION('',(#583),#587);
#583 = LINE('',#584,#585);
#584 = CARTESIAN_POINT('',(-0.369094593623,0.));
#585 = VECTOR('',#586,1.);
#586 = DIRECTION('',(1.,0.));
#587 = ( GEOMETRIC_REPRESENTATION_CONTEXT(2) 
PARAMETRIC_REPRESENTATION_CONTEXT() REPRESENTATION_CONTEXT('2D SPACE',''
  ) );
#588 = ORIENTED_EDGE('',*,*,#589,.F.);
#589 = EDGE_CURVE('',#590,#562,#592,.T.);
#590 = VERTEX_POINT('',#591);
#591 = CARTESIAN_POINT('',(139.86455471144,-114.0272992477,1.51));
#592 = SURFACE_CURVE('',#593,(#598,#609),.PCURVE_S1.);
#593 = CIRCLE('',#594,5.584381200066);
#594 = AXIS2_PLACEMENT_3D('',#595,#596,#597);
#595 = CARTESIAN_POINT('',(140.27470120006,-108.4580000777,1.51));
#596 = DIRECTION('',(-0.,0.,-1.));
#597 = DIRECTION('',(-7.344528855075E-02,-0.997299247764,0.));
#598 = PCURVE('',#45,#599);
#599 = DEFINITIONAL_REPRESENTATION('',(#600),#608);
#600 = ( BOUNDED_CURVE() B_SPLINE_CURVE(2,(#601,#602,#603,#604,#605,#606
,#607),.UNSPECIFIED.,.T.,.F.) B_SPLINE_CURVE_WITH_KNOTS((1,2,2,2,2,1),(
    -2.094395102393,0.,2.094395102393,4.188790204786,6.28318530718,
8.377580409573),.UNSPECIFIED.) CURVE() GEOMETRIC_REPRESENTATION_ITEM() 
RATIONAL_B_SPLINE_CURVE((1.,0.5,1.,0.5,1.,0.5,1.)) REPRESENTATION_ITEM(
  '') );
#601 = CARTESIAN_POINT('',(-50.70966677929,-41.96149682583));
#602 = CARTESIAN_POINT('',(-60.35597590437,-41.251102269));
#603 = CARTESIAN_POINT('',(-54.91760160891,-33.25235079234));
#604 = CARTESIAN_POINT('',(-49.47922731344,-25.25359931568));
#605 = CARTESIAN_POINT('',(-45.27129248383,-33.96274534917));
#606 = CARTESIAN_POINT('',(-41.06335765421,-42.67189138266));
#607 = CARTESIAN_POINT('',(-50.70966677929,-41.96149682583));
#608 = ( GEOMETRIC_REPRESENTATION_CONTEXT(2) 
PARAMETRIC_REPRESENTATION_CONTEXT() REPRESENTATION_CONTEXT('2D SPACE',''
  ) );
#609 = PCURVE('',#610,#615);
#610 = CYLINDRICAL_SURFACE('',#611,5.584381200066);
#611 = AXIS2_PLACEMENT_3D('',#612,#613,#614);
#612 = CARTESIAN_POINT('',(140.27470120006,-108.4580000777,1.51));
#613 = DIRECTION('',(-0.,0.,-1.));
#614 = DIRECTION('',(-7.344528855075E-02,-0.997299247764,0.));
#615 = DEFINITIONAL_REPRESENTATION('',(#616),#620);
#616 = LINE('',#617,#618);
#617 = CARTESIAN_POINT('',(0.,0.));
#618 = VECTOR('',#619,1.);
#619 = DIRECTION('',(1.,0.));
#620 = ( GEOMETRIC_REPRESENTATION_CONTEXT(2) 
PARAMETRIC_REPRESENTATION_CONTEXT() REPRESENTATION_CONTEXT('2D SPACE',''
  ) );
#621 = ORIENTED_EDGE('',*,*,#622,.F.);
#622 = EDGE_CURVE('',#623,#590,#625,.T.);
#623 = VERTEX_POINT('',#624);
#624 = CARTESIAN_POINT('',(139.87371513264,-114.0279315887,1.51));
#625 = SURFACE_CURVE('',#626,(#631,#642),.PCURVE_S1.);
#626 = CIRCLE('',#627,1.);
#627 = AXIS2_PLACEMENT_3D('',#628,#629,#630);
#628 = CARTESIAN_POINT('',(139.938,-113.03,1.51));
#629 = DIRECTION('',(-0.,0.,-1.));
#630 = DIRECTION('',(0.997931588753,-6.428486734638E-02,-0.));
#631 = PCURVE('',#45,#632);
#632 = DEFINITIONAL_REPRESENTATION('',(#633),#641);
#633 = ( BOUNDED_CURVE() B_SPLINE_CURVE(2,(#634,#635,#636,#637,#638,#639
,#640),.UNSPECIFIED.,.T.,.F.) B_SPLINE_CURVE_WITH_KNOTS((1,2,2,2,2,1),(
    -2.094395102393,0.,2.094395102393,4.188790204786,6.28318530718,
8.377580409573),.UNSPECIFIED.) CURVE() GEOMETRIC_REPRESENTATION_ITEM() 
RATIONAL_B_SPLINE_CURVE((1.,0.5,1.,0.5,1.,0.5,1.)) REPRESENTATION_ITEM(
  '') );
#634 = CARTESIAN_POINT('',(-49.63828990198,-41.02848244543));
#635 = CARTESIAN_POINT('',(-49.74963455838,-42.75695065963));
#636 = CARTESIAN_POINT('',(-51.19085961331,-41.79628925151));
#637 = CARTESIAN_POINT('',(-52.63208466824,-40.83562784339));
#638 = CARTESIAN_POINT('',(-51.07951495691,-40.06782103731));
#639 = CARTESIAN_POINT('',(-49.52694524558,-39.30001423123));
#640 = CARTESIAN_POINT('',(-49.63828990198,-41.02848244543));
#641 = ( GEOMETRIC_REPRESENTATION_CONTEXT(2) 
PARAMETRIC_REPRESENTATION_CONTEXT() REPRESENTATION_CONTEXT('2D SPACE',''
  ) );
#642 = PCURVE('',#643,#648);
#643 = CYLINDRICAL_SURFACE('',#644,1.);
#644 = AXIS2_PLACEMENT_3D('',#645,#646,#647);
#645 = CARTESIAN_POINT('',(139.938,-113.03,1.51));
#646 = DIRECTION('',(-0.,0.,-1.));
#647 = DIRECTION('',(0.997931588753,-6.428486734638E-02,-0.));
#648 = DEFINITIONAL_REPRESENTATION('',(#649),#653);
#649 = LINE('',#650,#651);
#650 = CARTESIAN_POINT('',(0.,0.));
#651 = VECTOR('',#652,1.);
#652 = DIRECTION('',(1.,0.));
#653 = ( GEOMETRIC_REPRESENTATION_CONTEXT(2) 
PARAMETRIC_REPRESENTATION_CONTEXT() REPRESENTATION_CONTEXT('2D SPACE',''
  ) );
#654 = ORIENTED_EDGE('',*,*,#655,.F.);
#655 = EDGE_CURVE('',#656,#623,#658,.T.);
#656 = VERTEX_POINT('',#657);
#657 = CARTESIAN_POINT('',(171.86129176967,-116.0885108348,1.51));
#658 = SURFACE_CURVE('',#659,(#663,#670),.PCURVE_S1.);
#659 = LINE('',#660,#661);
#660 = CARTESIAN_POINT('',(171.87490213265,-116.0893875887,1.51));
#661 = VECTOR('',#662,1.);
#662 = DIRECTION('',(-0.997931588753,6.428486734638E-02,0.));
#663 = PCURVE('',#45,#664);
#664 = DEFINITIONAL_REPRESENTATION('',(#665),#669);
#665 = LINE('',#666,#667);
#666 = CARTESIAN_POINT('',(-18.69931935808,-44.02358516683));
#667 = VECTOR('',#668,1.);
#668 = DIRECTION('',(-0.997931588753,6.428486734638E-02));
#669 = ( GEOMETRIC_REPRESENTATION_CONTEXT(2) 
PARAMETRIC_REPRESENTATION_CONTEXT() REPRESENTATION_CONTEXT('2D SPACE',''
  ) );
#670 = PCURVE('',#671,#676);
#671 = PLANE('',#672);
#672 = AXIS2_PLACEMENT_3D('',#673,#674,#675);
#673 = CARTESIAN_POINT('',(171.86129176967,-116.0885108348,1.51));
#674 = DIRECTION('',(-6.428486734638E-02,-0.997931588753,0.));
#675 = DIRECTION('',(-0.997931588753,6.428486734638E-02,0.));
#676 = DEFINITIONAL_REPRESENTATION('',(#677),#681);
#677 = LINE('',#678,#679);
#678 = CARTESIAN_POINT('',(-1.363857316118E-02,-0.));
#679 = VECTOR('',#680,1.);
#680 = DIRECTION('',(1.,0.));
#681 = ( GEOMETRIC_REPRESENTATION_CONTEXT(2) 
PARAMETRIC_REPRESENTATION_CONTEXT() REPRESENTATION_CONTEXT('2D SPACE',''
  ) );
#682 = ORIENTED_EDGE('',*,*,#683,.F.);
#683 = EDGE_CURVE('',#684,#656,#686,.T.);
#684 = VERTEX_POINT('',#685);
#685 = CARTESIAN_POINT('',(172.63855149474,-116.0442005136,1.51));
#686 = SURFACE_CURVE('',#687,(#692,#703),.PCURVE_S1.);
#687 = CIRCLE('',#688,2.680911916124);
#688 = AXIS2_PLACEMENT_3D('',#689,#690,#691);
#689 = CARTESIAN_POINT('',(172.09895192519,-113.4181538639,1.51));
#690 = DIRECTION('',(-0.,0.,-1.));
#691 = DIRECTION('',(0.208843825448,-0.977949005098,-0.));
#692 = PCURVE('',#45,#693);
#693 = DEFINITIONAL_REPRESENTATION('',(#694),#702);
#694 = ( BOUNDED_CURVE() B_SPLINE_CURVE(2,(#695,#696,#697,#698,#699,#700
,#701),.UNSPECIFIED.,.T.,.F.) B_SPLINE_CURVE_WITH_KNOTS((1,2,2,2,2,1),(
    -2.094395102393,0.,2.094395102393,4.188790204786,6.28318530718,
8.377580409573),.UNSPECIFIED.) CURVE() GEOMETRIC_REPRESENTATION_ITEM() 
RATIONAL_B_SPLINE_CURVE((1.,0.5,1.,0.5,1.,0.5,1.)) REPRESENTATION_ITEM(
  '') );
#695 = CARTESIAN_POINT('',(-17.91537766529,-43.97414658311));
#696 = CARTESIAN_POINT('',(-22.45646005676,-44.94390780109));
#697 = CARTESIAN_POINT('',(-21.02575671141,-40.52633448041));
#698 = CARTESIAN_POINT('',(-19.59505336605,-36.10876115972));
#699 = CARTESIAN_POINT('',(-16.48467431993,-39.55657326242));
#700 = CARTESIAN_POINT('',(-13.37429527382,-43.00438536513));
#701 = CARTESIAN_POINT('',(-17.91537766529,-43.97414658311));
#702 = ( GEOMETRIC_REPRESENTATION_CONTEXT(2) 
PARAMETRIC_REPRESENTATION_CONTEXT() REPRESENTATION_CONTEXT('2D SPACE',''
  ) );
#703 = PCURVE('',#704,#709);
#704 = CYLINDRICAL_SURFACE('',#705,2.680911916124);
#705 = AXIS2_PLACEMENT_3D('',#706,#707,#708);
#706 = CARTESIAN_POINT('',(172.09895192519,-113.4181538639,1.51));
#707 = DIRECTION('',(-0.,0.,-1.));
#708 = DIRECTION('',(0.208843825448,-0.977949005098,-0.));
#709 = DEFINITIONAL_REPRESENTATION('',(#710),#714);
#710 = LINE('',#711,#712);
#711 = CARTESIAN_POINT('',(0.,0.));
#712 = VECTOR('',#713,1.);
#713 = DIRECTION('',(1.,0.));
#714 = ( GEOMETRIC_REPRESENTATION_CONTEXT(2) 
PARAMETRIC_REPRESENTATION_CONTEXT() REPRESENTATION_CONTEXT('2D SPACE',''
  ) );
#715 = ORIENTED_EDGE('',*,*,#716,.F.);
#716 = EDGE_CURVE('',#717,#684,#719,.T.);
#717 = VERTEX_POINT('',#718);
#718 = CARTESIAN_POINT('',(182.78238033175,-114.2690304671,1.51));
#719 = SURFACE_CURVE('',#720,(#724,#731),.PCURVE_S1.);
#720 = LINE('',#721,#722);
#721 = CARTESIAN_POINT('',(182.78238033175,-114.2690304671,1.51));
#722 = VECTOR('',#723,1.);
#723 = DIRECTION('',(-0.985030467156,-0.172380331752,0.));
#724 = PCURVE('',#45,#725);
#725 = DEFINITIONAL_REPRESENTATION('',(#726),#730);
#726 = LINE('',#727,#728);
#727 = CARTESIAN_POINT('',(-7.791841158987,-42.20322804524));
#728 = VECTOR('',#729,1.);
#729 = DIRECTION('',(-0.985030467156,-0.172380331752));
#730 = ( GEOMETRIC_REPRESENTATION_CONTEXT(2) 
PARAMETRIC_REPRESENTATION_CONTEXT() REPRESENTATION_CONTEXT('2D SPACE',''
  ) );
#731 = PCURVE('',#732,#737);
#732 = PLANE('',#733);
#733 = AXIS2_PLACEMENT_3D('',#734,#735,#736);
#734 = CARTESIAN_POINT('',(182.78238033175,-114.2690304671,1.51));
#735 = DIRECTION('',(0.172380331752,-0.985030467156,0.));
#736 = DIRECTION('',(-0.985030467156,-0.172380331752,0.));
#737 = DEFINITIONAL_REPRESENTATION('',(#738),#742);
#738 = LINE('',#739,#740);
#739 = CARTESIAN_POINT('',(0.,0.));
#740 = VECTOR('',#741,1.);
#741 = DIRECTION('',(1.,0.));
#742 = ( GEOMETRIC_REPRESENTATION_CONTEXT(2) 
PARAMETRIC_REPRESENTATION_CONTEXT() REPRESENTATION_CONTEXT('2D SPACE',''
  ) );
#743 = ORIENTED_EDGE('',*,*,#744,.F.);
#744 = EDGE_CURVE('',#745,#717,#747,.T.);
#745 = VERTEX_POINT('',#746);
#746 = CARTESIAN_POINT('',(182.81385339271,-114.2630014271,1.51));
#747 = SURFACE_CURVE('',#748,(#753,#764),.PCURVE_S1.);
#748 = CIRCLE('',#749,1.);
#749 = AXIS2_PLACEMENT_3D('',#750,#751,#752);
#750 = CARTESIAN_POINT('',(182.61,-113.2839999999,1.51));
#751 = DIRECTION('',(0.,0.,-1.));
#752 = DIRECTION('',(0.979001427107,0.203853392717,0.));
#753 = PCURVE('',#45,#754);
#754 = DEFINITIONAL_REPRESENTATION('',(#755),#763);
#755 = ( BOUNDED_CURVE() B_SPLINE_CURVE(2,(#756,#757,#758,#759,#760,#761
,#762),.UNSPECIFIED.,.T.,.F.) B_SPLINE_CURVE_WITH_KNOTS((1,2,2,2,2,1),(
    -2.094395102393,0.,2.094395102393,4.188790204786,6.28318530718,
8.377580409573),.UNSPECIFIED.) CURVE() GEOMETRIC_REPRESENTATION_ITEM() 
RATIONAL_B_SPLINE_CURVE((1.,0.5,1.,0.5,1.,0.5,1.)) REPRESENTATION_ITEM(
  '') );
#756 = CARTESIAN_POINT('',(-6.985220063632,-41.01434418536));
#757 = CARTESIAN_POINT('',(-6.632135630151,-42.71002439779));
#758 = CARTESIAN_POINT('',(-8.277179987552,-42.16796438065));
#759 = CARTESIAN_POINT('',(-9.922224344953,-41.62590436351));
#760 = CARTESIAN_POINT('',(-8.630264421033,-40.47228416822));
#761 = CARTESIAN_POINT('',(-7.338304497113,-39.31866397293));
#762 = CARTESIAN_POINT('',(-6.985220063632,-41.01434418536));
#763 = ( GEOMETRIC_REPRESENTATION_CONTEXT(2) 
PARAMETRIC_REPRESENTATION_CONTEXT() REPRESENTATION_CONTEXT('2D SPACE',''
  ) );
#764 = PCURVE('',#765,#770);
#765 = CYLINDRICAL_SURFACE('',#766,1.);
#766 = AXIS2_PLACEMENT_3D('',#767,#768,#769);
#767 = CARTESIAN_POINT('',(182.61,-113.2839999999,1.51));
#768 = DIRECTION('',(0.,0.,-1.));
#769 = DIRECTION('',(0.979001427107,0.203853392717,0.));
#770 = DEFINITIONAL_REPRESENTATION('',(#771),#775);
#771 = LINE('',#772,#773);
#772 = CARTESIAN_POINT('',(0.,0.));
#773 = VECTOR('',#774,1.);
#774 = DIRECTION('',(1.,0.));
#775 = ( GEOMETRIC_REPRESENTATION_CONTEXT(2) 
PARAMETRIC_REPRESENTATION_CONTEXT() REPRESENTATION_CONTEXT('2D SPACE',''
  ) );
#776 = ORIENTED_EDGE('',*,*,#777,.F.);
#777 = EDGE_CURVE('',#778,#745,#780,.T.);
#778 = VERTEX_POINT('',#779);
#779 = CARTESIAN_POINT('',(210.4112075147,-111.7255019343,1.51));
#780 = SURFACE_CURVE('',#781,(#786,#793),.PCURVE_S1.);
#781 = CIRCLE('',#782,122.23917588978);
#782 = AXIS2_PLACEMENT_3D('',#783,#784,#785);
#783 = CARTESIAN_POINT('',(207.73272412077,-233.9353290716,1.51));
#784 = DIRECTION('',(0.,-0.,1.));
#785 = DIRECTION('',(2.197134036053E-02,0.999758600965,0.));
#786 = PCURVE('',#45,#787);
#787 = DEFINITIONAL_REPRESENTATION('',(#788),#792);
#788 = CIRCLE('',#789,122.23917588978);
#789 = AXIS2_PLACEMENT_2D('',#790,#791);
#790 = CARTESIAN_POINT('',(17.158502630031,-161.8695266496));
#791 = DIRECTION('',(2.197134036053E-02,0.999758600965));
#792 = ( GEOMETRIC_REPRESENTATION_CONTEXT(2) 
PARAMETRIC_REPRESENTATION_CONTEXT() REPRESENTATION_CONTEXT('2D SPACE',''
  ) );
#793 = PCURVE('',#794,#799);
#794 = CYLINDRICAL_SURFACE('',#795,122.23917588978);
#795 = AXIS2_PLACEMENT_3D('',#796,#797,#798);
#796 = CARTESIAN_POINT('',(207.73272412077,-233.9353290716,1.51));
#797 = DIRECTION('',(-0.,0.,-1.));
#798 = DIRECTION('',(2.197134036053E-02,0.999758600965,0.));
#799 = DEFINITIONAL_REPRESENTATION('',(#800),#804);
#800 = LINE('',#801,#802);
#801 = CARTESIAN_POINT('',(-0.,0.));
#802 = VECTOR('',#803,1.);
#803 = DIRECTION('',(-1.,0.));
#804 = ( GEOMETRIC_REPRESENTATION_CONTEXT(2) 
PARAMETRIC_REPRESENTATION_CONTEXT() REPRESENTATION_CONTEXT('2D SPACE',''
  ) );
#805 = ORIENTED_EDGE('',*,*,#806,.F.);
#806 = EDGE_CURVE('',#807,#778,#809,.T.);
#807 = VERTEX_POINT('',#808);
#808 = CARTESIAN_POINT('',(233.63750379517,-112.5749488911,1.51));
#809 = SURFACE_CURVE('',#810,(#814,#821),.PCURVE_S1.);
#810 = LINE('',#811,#812);
#811 = CARTESIAN_POINT('',(233.63750379517,-112.5749488911,1.51));
#812 = VECTOR('',#813,1.);
#813 = DIRECTION('',(-0.999331891177,3.654820482735E-02,0.));
#814 = PCURVE('',#45,#815);
#815 = DEFINITIONAL_REPRESENTATION('',(#816),#820);
#816 = LINE('',#817,#818);
#817 = CARTESIAN_POINT('',(43.063282304434,-40.50914646926));
#818 = VECTOR('',#819,1.);
#819 = DIRECTION('',(-0.999331891177,3.654820482735E-02));
#820 = ( GEOMETRIC_REPRESENTATION_CONTEXT(2) 
PARAMETRIC_REPRESENTATION_CONTEXT() REPRESENTATION_CONTEXT('2D SPACE',''
  ) );
#821 = PCURVE('',#822,#827);
#822 = PLANE('',#823);
#823 = AXIS2_PLACEMENT_3D('',#824,#825,#826);
#824 = CARTESIAN_POINT('',(233.63750379517,-112.5749488911,1.51));
#825 = DIRECTION('',(-3.654820482735E-02,-0.999331891177,0.));
#826 = DIRECTION('',(-0.999331891177,3.654820482735E-02,0.));
#827 = DEFINITIONAL_REPRESENTATION('',(#828),#832);
#828 = LINE('',#829,#830);
#829 = CARTESIAN_POINT('',(0.,0.));
#830 = VECTOR('',#831,1.);
#831 = DIRECTION('',(1.,0.));
#832 = ( GEOMETRIC_REPRESENTATION_CONTEXT(2) 
PARAMETRIC_REPRESENTATION_CONTEXT() REPRESENTATION_CONTEXT('2D SPACE',''
  ) );
#833 = ORIENTED_EDGE('',*,*,#834,.F.);
#834 = EDGE_CURVE('',#835,#807,#837,.T.);
#835 = VERTEX_POINT('',#836);
#836 = CARTESIAN_POINT('',(233.75942767568,-112.5719658314,1.51));
#837 = SURFACE_CURVE('',#838,(#843,#854),.PCURVE_S1.);
#838 = CIRCLE('',#839,1.);
#839 = AXIS2_PLACEMENT_3D('',#840,#841,#842);
#840 = CARTESIAN_POINT('',(233.67405199999,-111.5756169999,1.51));
#841 = DIRECTION('',(0.,0.,-1.));
#842 = DIRECTION('',(0.996348831485,8.53756756859E-02,0.));
#843 = PCURVE('',#45,#844);
#844 = DEFINITIONAL_REPRESENTATION('',(#845),#853);
#845 = ( BOUNDED_CURVE() B_SPLINE_CURVE(2,(#846,#847,#848,#849,#850,#851
,#852),.UNSPECIFIED.,.T.,.F.) B_SPLINE_CURVE_WITH_KNOTS((1,2,2,2,2,1),(
    -2.094395102393,0.,2.094395102393,4.188790204786,6.28318530718,
8.377580409573),.UNSPECIFIED.) CURVE() GEOMETRIC_REPRESENTATION_ITEM() 
RATIONAL_B_SPLINE_CURVE((1.,0.5,1.,0.5,1.,0.5,1.)) REPRESENTATION_ITEM(
  '') );
#846 = CARTESIAN_POINT('',(44.09617934074,-39.42443890232));
#847 = CARTESIAN_POINT('',(44.244054348759,-41.15016570052));
#848 = CARTESIAN_POINT('',(42.675593597522,-40.41536581495));
#849 = CARTESIAN_POINT('',(41.107132846286,-39.68056592938));
#850 = CARTESIAN_POINT('',(42.527718589504,-38.68963901676));
#851 = CARTESIAN_POINT('',(43.948304332722,-37.69871210413));
#852 = CARTESIAN_POINT('',(44.09617934074,-39.42443890232));
#853 = ( GEOMETRIC_REPRESENTATION_CONTEXT(2) 
PARAMETRIC_REPRESENTATION_CONTEXT() REPRESENTATION_CONTEXT('2D SPACE',''
  ) );
#854 = PCURVE('',#855,#860);
#855 = CYLINDRICAL_SURFACE('',#856,1.);
#856 = AXIS2_PLACEMENT_3D('',#857,#858,#859);
#857 = CARTESIAN_POINT('',(233.67405199999,-111.5756169999,1.51));
#858 = DIRECTION('',(0.,0.,-1.));
#859 = DIRECTION('',(0.996348831485,8.53756756859E-02,0.));
#860 = DEFINITIONAL_REPRESENTATION('',(#861),#865);
#861 = LINE('',#862,#863);
#862 = CARTESIAN_POINT('',(0.,0.));
#863 = VECTOR('',#864,1.);
#864 = DIRECTION('',(1.,0.));
#865 = ( GEOMETRIC_REPRESENTATION_CONTEXT(2) 
PARAMETRIC_REPRESENTATION_CONTEXT() REPRESENTATION_CONTEXT('2D SPACE',''
  ) );
#866 = ORIENTED_EDGE('',*,*,#867,.F.);
#867 = EDGE_CURVE('',#868,#835,#870,.T.);
#868 = VERTEX_POINT('',#869);
#869 = CARTESIAN_POINT('',(241.07354426885,-108.4348556086,1.51));
#870 = SURFACE_CURVE('',#871,(#876,#887),.PCURVE_S1.);
#871 = CIRCLE('',#872,10.094471180767);
#872 = AXIS2_PLACEMENT_3D('',#873,#874,#875);
#873 = CARTESIAN_POINT('',(232.89760537793,-102.514351266,1.51));
#874 = DIRECTION('',(-0.,0.,-1.));
#875 = DIRECTION('',(0.809942268841,-0.58650960874,-0.));
#876 = PCURVE('',#45,#877);
#877 = DEFINITIONAL_REPRESENTATION('',(#878),#886);
#878 = ( BOUNDED_CURVE() B_SPLINE_CURVE(2,(#879,#880,#881,#882,#883,#884
,#885),.UNSPECIFIED.,.T.,.F.) B_SPLINE_CURVE_WITH_KNOTS((1,2,2,2,2,1),(
    -2.094395102393,0.,2.094395102393,4.188790204786,6.28318530718,
8.377580409573),.UNSPECIFIED.) CURVE() GEOMETRIC_REPRESENTATION_ITEM() 
RATIONAL_B_SPLINE_CURVE((1.,0.5,1.,0.5,1.,0.5,1.)) REPRESENTATION_ITEM(
  '') );
#879 = CARTESIAN_POINT('',(50.499322778093,-36.36905318675));
#880 = CARTESIAN_POINT('',(40.244708450157,-50.53019474537));
#881 = CARTESIAN_POINT('',(33.108107277772,-34.56886745206));
#882 = CARTESIAN_POINT('',(25.971506105388,-18.60754015874));
#883 = CARTESIAN_POINT('',(43.362721605709,-20.40772589343));
#884 = CARTESIAN_POINT('',(60.75393710603,-22.20791162813));
#885 = CARTESIAN_POINT('',(50.499322778093,-36.36905318675));
#886 = ( GEOMETRIC_REPRESENTATION_CONTEXT(2) 
PARAMETRIC_REPRESENTATION_CONTEXT() REPRESENTATION_CONTEXT('2D SPACE',''
  ) );
#887 = PCURVE('',#888,#893);
#888 = CYLINDRICAL_SURFACE('',#889,10.094471180767);
#889 = AXIS2_PLACEMENT_3D('',#890,#891,#892);
#890 = CARTESIAN_POINT('',(232.89760537793,-102.514351266,1.51));
#891 = DIRECTION('',(-0.,0.,-1.));
#892 = DIRECTION('',(0.809942268841,-0.58650960874,-0.));
#893 = DEFINITIONAL_REPRESENTATION('',(#894),#898);
#894 = LINE('',#895,#896);
#895 = CARTESIAN_POINT('',(0.,0.));
#896 = VECTOR('',#897,1.);
#897 = DIRECTION('',(1.,0.));
#898 = ( GEOMETRIC_REPRESENTATION_CONTEXT(2) 
PARAMETRIC_REPRESENTATION_CONTEXT() REPRESENTATION_CONTEXT('2D SPACE',''
  ) );
#899 = ORIENTED_EDGE('',*,*,#900,.F.);
#900 = EDGE_CURVE('',#901,#868,#903,.T.);
#901 = VERTEX_POINT('',#902);
#902 = CARTESIAN_POINT('',(241.22922858079,-108.108279273,1.51));
#903 = SURFACE_CURVE('',#904,(#909,#920),.PCURVE_S1.);
#904 = CIRCLE('',#905,1.);
#905 = AXIS2_PLACEMENT_3D('',#906,#907,#908);
#906 = CARTESIAN_POINT('',(240.26360199997,-107.8483459999,1.51));
#907 = DIRECTION('',(0.,0.,-1.));
#908 = DIRECTION('',(0.259933273088,0.965626580797,0.));
#909 = PCURVE('',#45,#910);
#910 = DEFINITIONAL_REPRESENTATION('',(#911),#919);
#911 = ( BOUNDED_CURVE() B_SPLINE_CURVE(2,(#912,#913,#914,#915,#916,#917
,#918),.UNSPECIFIED.,.T.,.F.) B_SPLINE_CURVE_WITH_KNOTS((1,2,2,2,2,1),(
    -2.094395102393,0.,2.094395102393,4.188790204786,6.28318530718,
8.377580409573),.UNSPECIFIED.) CURVE() GEOMETRIC_REPRESENTATION_ITEM() 
RATIONAL_B_SPLINE_CURVE((1.,0.5,1.,0.5,1.,0.5,1.)) REPRESENTATION_ITEM(
  '') );
#912 = CARTESIAN_POINT('',(49.949313782329,-34.81691699728));
#913 = CARTESIAN_POINT('',(51.621828081408,-35.26713463284));
#914 = CARTESIAN_POINT('',(50.395671022237,-36.49046568626));
#915 = CARTESIAN_POINT('',(49.169513963065,-37.71379673967));
#916 = CARTESIAN_POINT('',(48.723156723157,-36.04024805069));
#917 = CARTESIAN_POINT('',(48.27679948325,-34.36669936171));
#918 = CARTESIAN_POINT('',(49.949313782329,-34.81691699728));
#919 = ( GEOMETRIC_REPRESENTATION_CONTEXT(2) 
PARAMETRIC_REPRESENTATION_CONTEXT() REPRESENTATION_CONTEXT('2D SPACE',''
  ) );
#920 = PCURVE('',#921,#926);
#921 = CYLINDRICAL_SURFACE('',#922,1.);
#922 = AXIS2_PLACEMENT_3D('',#923,#924,#925);
#923 = CARTESIAN_POINT('',(240.26360199997,-107.8483459999,1.51));
#924 = DIRECTION('',(0.,0.,-1.));
#925 = DIRECTION('',(0.259933273088,0.965626580797,0.));
#926 = DEFINITIONAL_REPRESENTATION('',(#927),#931);
#927 = LINE('',#928,#929);
#928 = CARTESIAN_POINT('',(0.,0.));
#929 = VECTOR('',#930,1.);
#930 = DIRECTION('',(1.,0.));
#931 = ( GEOMETRIC_REPRESENTATION_CONTEXT(2) 
PARAMETRIC_REPRESENTATION_CONTEXT() REPRESENTATION_CONTEXT('2D SPACE',''
  ) );
#932 = ORIENTED_EDGE('',*,*,#933,.F.);
#933 = EDGE_CURVE('',#934,#901,#936,.T.);
#934 = VERTEX_POINT('',#935);
#935 = CARTESIAN_POINT('',(254.68862482545,-58.10794410651,1.51));
#936 = SURFACE_CURVE('',#937,(#941,#948),.PCURVE_S1.);
#937 = LINE('',#938,#939);
#938 = CARTESIAN_POINT('',(254.69562658079,-58.08193327308,1.51));
#939 = VECTOR('',#940,1.);
#940 = DIRECTION('',(-0.259933273088,-0.965626580797,0.));
#941 = PCURVE('',#45,#942);
#942 = DEFINITIONAL_REPRESENTATION('',(#943),#947);
#943 = LINE('',#944,#945);
#944 = CARTESIAN_POINT('',(64.121405090058,13.983869148827));
#945 = VECTOR('',#946,1.);
#946 = DIRECTION('',(-0.259933273088,-0.965626580797));
#947 = ( GEOMETRIC_REPRESENTATION_CONTEXT(2) 
PARAMETRIC_REPRESENTATION_CONTEXT() REPRESENTATION_CONTEXT('2D SPACE',''
  ) );
#948 = PCURVE('',#949,#954);
#949 = PLANE('',#950);
#950 = AXIS2_PLACEMENT_3D('',#951,#952,#953);
#951 = CARTESIAN_POINT('',(254.68862482545,-58.10794410651,1.51));
#952 = DIRECTION('',(0.965626580797,-0.259933273088,0.));
#953 = DIRECTION('',(-0.259933273088,-0.965626580797,0.));
#954 = DEFINITIONAL_REPRESENTATION('',(#955),#959);
#955 = LINE('',#956,#957);
#956 = CARTESIAN_POINT('',(-2.693674133003E-02,0.));
#957 = VECTOR('',#958,1.);
#958 = DIRECTION('',(1.,0.));
#959 = ( GEOMETRIC_REPRESENTATION_CONTEXT(2) 
PARAMETRIC_REPRESENTATION_CONTEXT() REPRESENTATION_CONTEXT('2D SPACE',''
  ) );
#960 = ORIENTED_EDGE('',*,*,#961,.F.);
#961 = EDGE_CURVE('',#962,#934,#964,.T.);
#962 = VERTEX_POINT('',#963);
#963 = CARTESIAN_POINT('',(253.09231778826,-51.43127160736,1.51));
#964 = SURFACE_CURVE('',#965,(#970,#981),.PCURVE_S1.);
#965 = CIRCLE('',#966,6.57372241739);
#966 = AXIS2_PLACEMENT_3D('',#967,#968,#969);
#967 = CARTESIAN_POINT('',(248.43770248267,-56.07329517234,1.51));
#968 = DIRECTION('',(0.,0.,-1.));
#969 = DIRECTION('',(0.706970714047,0.707242822148,0.));
#970 = PCURVE('',#45,#971);
#971 = DEFINITIONAL_REPRESENTATION('',(#972),#980);
#972 = ( BOUNDED_CURVE() B_SPLINE_CURVE(2,(#973,#974,#975,#976,#977,#978
,#979),.UNSPECIFIED.,.T.,.F.) B_SPLINE_CURVE_WITH_KNOTS((1,2,2,2,2,1),(
    -2.094395102393,0.,2.094395102393,4.188790204786,6.28318530718,
8.377580409573),.UNSPECIFIED.) CURVE() GEOMETRIC_REPRESENTATION_ITEM() 
RATIONAL_B_SPLINE_CURVE((1.,0.5,1.,0.5,1.,0.5,1.)) REPRESENTATION_ITEM(
  '') );
#973 = CARTESIAN_POINT('',(62.5109102233,20.641725244068));
#974 = CARTESIAN_POINT('',(70.563592005225,12.592141690756));
#975 = CARTESIAN_POINT('',(59.566107267209,9.643106475673));
#976 = CARTESIAN_POINT('',(48.568622529193,6.69407126059));
#977 = CARTESIAN_POINT('',(51.513425485285,17.692690028985));
#978 = CARTESIAN_POINT('',(54.458228441376,28.69130879738));
#979 = CARTESIAN_POINT('',(62.5109102233,20.641725244068));
#980 = ( GEOMETRIC_REPRESENTATION_CONTEXT(2) 
PARAMETRIC_REPRESENTATION_CONTEXT() REPRESENTATION_CONTEXT('2D SPACE',''
  ) );
#981 = PCURVE('',#982,#987);
#982 = CYLINDRICAL_SURFACE('',#983,6.57372241739);
#983 = AXIS2_PLACEMENT_3D('',#984,#985,#986);
#984 = CARTESIAN_POINT('',(248.43770248267,-56.07329517234,1.51));
#985 = DIRECTION('',(0.,0.,-1.));
#986 = DIRECTION('',(0.706970714047,0.707242822148,0.));
#987 = DEFINITIONAL_REPRESENTATION('',(#988),#992);
#988 = LINE('',#989,#990);
#989 = CARTESIAN_POINT('',(0.,0.));
#990 = VECTOR('',#991,1.);
#991 = DIRECTION('',(1.,0.));
#992 = ( GEOMETRIC_REPRESENTATION_CONTEXT(2) 
PARAMETRIC_REPRESENTATION_CONTEXT() REPRESENTATION_CONTEXT('2D SPACE',''
  ) );
#993 = ORIENTED_EDGE('',*,*,#994,.F.);
#994 = EDGE_CURVE('',#995,#962,#997,.T.);
#995 = VERTEX_POINT('',#996);
#996 = CARTESIAN_POINT('',(232.94574947725,-30.49001348752,1.51));
#997 = SURFACE_CURVE('',#998,(#1002,#1009),.PCURVE_S1.);
#998 = LINE('',#999,#1000);
#999 = CARTESIAN_POINT('',(232.9361633294,-30.48004921006,1.51));
#1000 = VECTOR('',#1001,1.);
#1001 = DIRECTION('',(0.693300789932,-0.720648329409,-0.));
#1002 = PCURVE('',#45,#1003);
#1003 = DEFINITIONAL_REPRESENTATION('',(#1004),#1008);
#1004 = LINE('',#1005,#1006);
#1005 = CARTESIAN_POINT('',(42.36194183867,41.585753211847));
#1006 = VECTOR('',#1007,1.);
#1007 = DIRECTION('',(0.693300789932,-0.720648329409));
#1008 = ( GEOMETRIC_REPRESENTATION_CONTEXT(2) 
PARAMETRIC_REPRESENTATION_CONTEXT() REPRESENTATION_CONTEXT('2D SPACE',''
  ) );
#1009 = PCURVE('',#1010,#1015);
#1010 = PLANE('',#1011);
#1011 = AXIS2_PLACEMENT_3D('',#1012,#1013,#1014);
#1012 = CARTESIAN_POINT('',(232.94574947725,-30.49001348752,1.51));
#1013 = DIRECTION('',(0.720648329409,0.693300789932,-0.));
#1014 = DIRECTION('',(0.693300789932,-0.720648329409,0.));
#1015 = DEFINITIONAL_REPRESENTATION('',(#1016),#1020);
#1016 = LINE('',#1017,#1018);
#1017 = CARTESIAN_POINT('',(-1.382682377254E-02,-0.));
#1018 = VECTOR('',#1019,1.);
#1019 = DIRECTION('',(1.,0.));
#1020 = ( GEOMETRIC_REPRESENTATION_CONTEXT(2) 
PARAMETRIC_REPRESENTATION_CONTEXT() REPRESENTATION_CONTEXT('2D SPACE',''
  ) );
#1021 = ORIENTED_EDGE('',*,*,#1022,.F.);
#1022 = EDGE_CURVE('',#1023,#995,#1025,.T.);
#1023 = VERTEX_POINT('',#1024);
#1024 = CARTESIAN_POINT('',(223.75841625756,-26.43200000705,1.51));
#1025 = SURFACE_CURVE('',#1026,(#1031,#1042),.PCURVE_S1.);
#1026 = CIRCLE('',#1027,12.430005655952);
#1027 = AXIS2_PLACEMENT_3D('',#1028,#1029,#1030);
#1028 = CARTESIAN_POINT('',(223.7579974269,-38.86200565595,1.51));
#1029 = DIRECTION('',(0.,0.,-1.));
#1030 = DIRECTION('',(2.251179943102E-07,1.,0.));
#1031 = PCURVE('',#45,#1032);
#1032 = DEFINITIONAL_REPRESENTATION('',(#1033),#1041);
#1033 = ( BOUNDED_CURVE() B_SPLINE_CURVE(2,(#1034,#1035,#1036,#1037,
#1038,#1039,#1040),.UNSPECIFIED.,.T.,.F.) B_SPLINE_CURVE_WITH_KNOTS((1,2
    ,2,2,2,1),(-2.094395102393,0.,2.094395102393,4.188790204786,
6.28318530718,8.377580409573),.UNSPECIFIED.) CURVE() 
GEOMETRIC_REPRESENTATION_ITEM() RATIONAL_B_SPLINE_CURVE((1.,0.5,1.,0.5,
1.,0.5,1.)) REPRESENTATION_ITEM('') );
#1034 = CARTESIAN_POINT('',(33.183778734379,45.633802421917));
#1035 = CARTESIAN_POINT('',(54.713180068856,45.633797575261));
#1036 = CARTESIAN_POINT('',(43.948475204291,26.988791514662));
#1037 = CARTESIAN_POINT('',(33.183770339726,8.343785454062));
#1038 = CARTESIAN_POINT('',(22.419073869814,26.988796361317));
#1039 = CARTESIAN_POINT('',(11.654377399903,45.633807268573));
#1040 = CARTESIAN_POINT('',(33.183778734379,45.633802421917));
#1041 = ( GEOMETRIC_REPRESENTATION_CONTEXT(2) 
PARAMETRIC_REPRESENTATION_CONTEXT() REPRESENTATION_CONTEXT('2D SPACE',''
  ) );
#1042 = PCURVE('',#1043,#1048);
#1043 = CYLINDRICAL_SURFACE('',#1044,12.430005655952);
#1044 = AXIS2_PLACEMENT_3D('',#1045,#1046,#1047);
#1045 = CARTESIAN_POINT('',(223.7579974269,-38.86200565595,1.51));
#1046 = DIRECTION('',(0.,0.,-1.));
#1047 = DIRECTION('',(2.251179943102E-07,1.,0.));
#1048 = DEFINITIONAL_REPRESENTATION('',(#1049),#1053);
#1049 = LINE('',#1050,#1051);
#1050 = CARTESIAN_POINT('',(0.,0.));
#1051 = VECTOR('',#1052,1.);
#1052 = DIRECTION('',(1.,0.));
#1053 = ( GEOMETRIC_REPRESENTATION_CONTEXT(2) 
PARAMETRIC_REPRESENTATION_CONTEXT() REPRESENTATION_CONTEXT('2D SPACE',''
  ) );
#1054 = ORIENTED_EDGE('',*,*,#1055,.F.);
#1055 = EDGE_CURVE('',#1056,#1023,#1058,.T.);
#1056 = VERTEX_POINT('',#1057);
#1057 = CARTESIAN_POINT('',(193.79767045631,-26.40757575114,1.51));
#1058 = SURFACE_CURVE('',#1059,(#1063,#1070),.PCURVE_S1.);
#1059 = LINE('',#1060,#1061);
#1060 = CARTESIAN_POINT('',(193.78734320827,-26.40756733228,1.51));
#1061 = VECTOR('',#1062,1.);
#1062 = DIRECTION('',(0.999999667718,-8.152082714298E-04,-0.));
#1063 = PCURVE('',#45,#1064);
#1064 = DEFINITIONAL_REPRESENTATION('',(#1065),#1069);
#1065 = LINE('',#1066,#1067);
#1066 = CARTESIAN_POINT('',(3.213121717533,45.658235089633));
#1067 = VECTOR('',#1068,1.);
#1068 = DIRECTION('',(0.999999667718,-8.152082714298E-04));
#1069 = ( GEOMETRIC_REPRESENTATION_CONTEXT(2) 
PARAMETRIC_REPRESENTATION_CONTEXT() REPRESENTATION_CONTEXT('2D SPACE',''
  ) );
#1070 = PCURVE('',#1071,#1076);
#1071 = PLANE('',#1072);
#1072 = AXIS2_PLACEMENT_3D('',#1073,#1074,#1075);
#1073 = CARTESIAN_POINT('',(193.79767045631,-26.40757575114,1.51));
#1074 = DIRECTION('',(8.152082714298E-04,0.999999667718,-0.));
#1075 = DIRECTION('',(0.999999667718,-8.152082714298E-04,0.));
#1076 = DEFINITIONAL_REPRESENTATION('',(#1077),#1081);
#1077 = LINE('',#1078,#1079);
#1078 = CARTESIAN_POINT('',(-1.032725147838E-02,-0.));
#1079 = VECTOR('',#1080,1.);
#1080 = DIRECTION('',(1.,0.));
#1081 = ( GEOMETRIC_REPRESENTATION_CONTEXT(2) 
PARAMETRIC_REPRESENTATION_CONTEXT() REPRESENTATION_CONTEXT('2D SPACE',''
  ) );
#1082 = ORIENTED_EDGE('',*,*,#1083,.F.);
#1083 = EDGE_CURVE('',#1084,#1056,#1086,.T.);
#1084 = VERTEX_POINT('',#1085);
#1085 = CARTESIAN_POINT('',(184.6502273413,-27.3431790694,1.51));
#1086 = SURFACE_CURVE('',#1087,(#1092,#1103),.PCURVE_S1.);
#1087 = CIRCLE('',#1088,37.395751903927);
#1088 = AXIS2_PLACEMENT_3D('',#1089,#1090,#1091);
#1089 = CARTESIAN_POINT('',(193.0000810431,-63.79482105737,1.51));
#1090 = DIRECTION('',(0.,0.,-1.));
#1091 = DIRECTION('',(-0.223698855421,0.974658310426,0.));
#1092 = PCURVE('',#45,#1093);
#1093 = DEFINITIONAL_REPRESENTATION('',(#1094),#1102);
#1094 = ( BOUNDED_CURVE() B_SPLINE_CURVE(2,(#1095,#1096,#1097,#1098,
#1099,#1100,#1101),.UNSPECIFIED.,.T.,.F.) B_SPLINE_CURVE_WITH_KNOTS((1,2
    ,2,2,2,1),(-2.094395102393,0.,2.094395102393,4.188790204786,
6.28318530718,8.377580409573),.UNSPECIFIED.) CURVE() 
GEOMETRIC_REPRESENTATION_ITEM() RATIONAL_B_SPLINE_CURVE((1.,0.5,1.,0.5,
1.,0.5,1.)) REPRESENTATION_ITEM('') );
#1095 = CARTESIAN_POINT('',(-5.939527346158,44.719061732353));
#1096 = CARTESIAN_POINT('',(57.190399689238,59.20833686556));
#1097 = CARTESIAN_POINT('',(38.173516519319,-2.708421252755));
#1098 = CARTESIAN_POINT('',(19.156633349401,-64.62517937106));
#1099 = CARTESIAN_POINT('',(-24.95641051607,-17.19769638596));
#1100 = CARTESIAN_POINT('',(-69.06945438155,30.229786599145));
#1101 = CARTESIAN_POINT('',(-5.939527346158,44.719061732353));
#1102 = ( GEOMETRIC_REPRESENTATION_CONTEXT(2) 
PARAMETRIC_REPRESENTATION_CONTEXT() REPRESENTATION_CONTEXT('2D SPACE',''
  ) );
#1103 = PCURVE('',#1104,#1109);
#1104 = CYLINDRICAL_SURFACE('',#1105,37.395751903927);
#1105 = AXIS2_PLACEMENT_3D('',#1106,#1107,#1108);
#1106 = CARTESIAN_POINT('',(193.0000810431,-63.79482105737,1.51));
#1107 = DIRECTION('',(0.,0.,-1.));
#1108 = DIRECTION('',(-0.223698855421,0.974658310426,0.));
#1109 = DEFINITIONAL_REPRESENTATION('',(#1110),#1114);
#1110 = LINE('',#1111,#1112);
#1111 = CARTESIAN_POINT('',(0.,0.));
#1112 = VECTOR('',#1113,1.);
#1113 = DIRECTION('',(1.,0.));
#1114 = ( GEOMETRIC_REPRESENTATION_CONTEXT(2) 
PARAMETRIC_REPRESENTATION_CONTEXT() REPRESENTATION_CONTEXT('2D SPACE',''
  ) );
#1115 = ORIENTED_EDGE('',*,*,#1116,.F.);
#1116 = EDGE_CURVE('',#1117,#1084,#1119,.T.);
#1117 = VERTEX_POINT('',#1118);
#1118 = CARTESIAN_POINT('',(158.30247584303,-32.51844521272,1.51));
#1119 = SURFACE_CURVE('',#1120,(#1124,#1131),.PCURVE_S1.);
#1120 = LINE('',#1121,#1122);
#1121 = CARTESIAN_POINT('',(158.2834623314,-32.52217987611,1.51));
#1122 = VECTOR('',#1123,1.);
#1123 = DIRECTION('',(0.981250123887,0.192738668596,0.));
#1124 = PCURVE('',#45,#1125);
#1125 = DEFINITIONAL_REPRESENTATION('',(#1126),#1130);
#1126 = LINE('',#1127,#1128);
#1127 = CARTESIAN_POINT('',(-32.29075915933,39.543622545802));
#1128 = VECTOR('',#1129,1.);
#1129 = DIRECTION('',(0.981250123887,0.192738668596));
#1130 = ( GEOMETRIC_REPRESENTATION_CONTEXT(2) 
PARAMETRIC_REPRESENTATION_CONTEXT() REPRESENTATION_CONTEXT('2D SPACE',''
  ) );
#1131 = PCURVE('',#1132,#1137);
#1132 = PLANE('',#1133);
#1133 = AXIS2_PLACEMENT_3D('',#1134,#1135,#1136);
#1134 = CARTESIAN_POINT('',(158.30247584303,-32.51844521272,1.51));
#1135 = DIRECTION('',(-0.192738668596,0.981250123887,0.));
#1136 = DIRECTION('',(0.981250123887,0.192738668596,0.));
#1137 = DEFINITIONAL_REPRESENTATION('',(#1138),#1142);
#1138 = LINE('',#1139,#1140);
#1139 = CARTESIAN_POINT('',(-1.93768246912E-02,-0.));
#1140 = VECTOR('',#1141,1.);
#1141 = DIRECTION('',(1.,0.));
#1142 = ( GEOMETRIC_REPRESENTATION_CONTEXT(2) 
PARAMETRIC_REPRESENTATION_CONTEXT() REPRESENTATION_CONTEXT('2D SPACE',''
  ) );
#1143 = ORIENTED_EDGE('',*,*,#1144,.F.);
#1144 = EDGE_CURVE('',#1145,#1117,#1147,.T.);
#1145 = VERTEX_POINT('',#1146);
#1146 = CARTESIAN_POINT('',(153.15886940476,-38.86970839326,1.51));
#1147 = SURFACE_CURVE('',#1148,(#1153,#1164),.PCURVE_S1.);
#1148 = CIRCLE('',#1149,6.105867468502);
#1149 = AXIS2_PLACEMENT_3D('',#1150,#1151,#1152);
#1150 = CARTESIAN_POINT('',(159.25632679512,-38.54934779062,1.51));
#1151 = DIRECTION('',(-0.,0.,-1.));
#1152 = DIRECTION('',(-0.998362340301,-5.720697044766E-02,0.));
#1153 = PCURVE('',#45,#1154);
#1154 = DEFINITIONAL_REPRESENTATION('',(#1155),#1163);
#1155 = ( BOUNDED_CURVE() B_SPLINE_CURVE(2,(#1156,#1157,#1158,#1159,
#1160,#1161,#1162),.UNSPECIFIED.,.T.,.F.) B_SPLINE_CURVE_WITH_KNOTS((1,2
    ,2,2,2,1),(-2.094395102393,0.,2.094395102393,4.188790204786,
6.28318530718,8.377580409573),.UNSPECIFIED.) CURVE() 
GEOMETRIC_REPRESENTATION_ITEM() RATIONAL_B_SPLINE_CURVE((1.,0.5,1.,0.5,
1.,0.5,1.)) REPRESENTATION_ITEM('') );
#1156 = CARTESIAN_POINT('',(-37.41376283104,33.167156451468));
#1157 = CARTESIAN_POINT('',(-38.01876502549,43.725509778262));
#1158 = CARTESIAN_POINT('',(-28.57246172513,38.970280384607));
#1159 = CARTESIAN_POINT('',(-19.12615842477,34.215050990951));
#1160 = CARTESIAN_POINT('',(-27.96745953068,28.411927057812));
#1161 = CARTESIAN_POINT('',(-36.80876063658,22.608803124673));
#1162 = CARTESIAN_POINT('',(-37.41376283104,33.167156451468));
#1163 = ( GEOMETRIC_REPRESENTATION_CONTEXT(2) 
PARAMETRIC_REPRESENTATION_CONTEXT() REPRESENTATION_CONTEXT('2D SPACE',''
  ) );
#1164 = PCURVE('',#1165,#1170);
#1165 = CYLINDRICAL_SURFACE('',#1166,6.105867468502);
#1166 = AXIS2_PLACEMENT_3D('',#1167,#1168,#1169);
#1167 = CARTESIAN_POINT('',(159.25632679512,-38.54934779062,1.51));
#1168 = DIRECTION('',(-0.,0.,-1.));
#1169 = DIRECTION('',(-0.998362340301,-5.720697044766E-02,0.));
#1170 = DEFINITIONAL_REPRESENTATION('',(#1171),#1175);
#1171 = LINE('',#1172,#1173);
#1172 = CARTESIAN_POINT('',(0.,0.));
#1173 = VECTOR('',#1174,1.);
#1174 = DIRECTION('',(1.,0.));
#1175 = ( GEOMETRIC_REPRESENTATION_CONTEXT(2) 
PARAMETRIC_REPRESENTATION_CONTEXT() REPRESENTATION_CONTEXT('2D SPACE',''
  ) );
#1176 = ORIENTED_EDGE('',*,*,#1177,.F.);
#1177 = EDGE_CURVE('',#1178,#1145,#1180,.T.);
#1178 = VERTEX_POINT('',#1179);
#1179 = CARTESIAN_POINT('',(153.16020405832,-39.62480617229,1.51));
#1180 = SURFACE_CURVE('',#1181,(#1185,#1192),.PCURVE_S1.);
#1181 = LINE('',#1182,#1183);
#1182 = CARTESIAN_POINT('',(153.16200156206,-40.64176752138,1.51));
#1183 = VECTOR('',#1184,1.);
#1184 = DIRECTION('',(-1.76752138749E-03,0.999998437933,0.));
#1185 = PCURVE('',#45,#1186);
#1186 = DEFINITIONAL_REPRESENTATION('',(#1187),#1191);
#1187 = LINE('',#1188,#1189);
#1188 = CARTESIAN_POINT('',(-37.41221992867,31.424034900528));
#1189 = VECTOR('',#1190,1.);
#1190 = DIRECTION('',(-1.76752138749E-03,0.999998437933));
#1191 = ( GEOMETRIC_REPRESENTATION_CONTEXT(2) 
PARAMETRIC_REPRESENTATION_CONTEXT() REPRESENTATION_CONTEXT('2D SPACE',''
  ) );
#1192 = PCURVE('',#1193,#1198);
#1193 = PLANE('',#1194);
#1194 = AXIS2_PLACEMENT_3D('',#1195,#1196,#1197);
#1195 = CARTESIAN_POINT('',(153.1619519732,-40.61371196948,1.51));
#1196 = DIRECTION('',(-0.999998437933,-1.76752138749E-03,0.));
#1197 = DIRECTION('',(-1.76752138749E-03,0.999998437933,0.));
#1198 = DEFINITIONAL_REPRESENTATION('',(#1199),#1203);
#1199 = LINE('',#1200,#1201);
#1200 = CARTESIAN_POINT('',(-2.80555957237E-02,-0.));
#1201 = VECTOR('',#1202,1.);
#1202 = DIRECTION('',(1.,0.));
#1203 = ( GEOMETRIC_REPRESENTATION_CONTEXT(2) 
PARAMETRIC_REPRESENTATION_CONTEXT() REPRESENTATION_CONTEXT('2D SPACE',''
  ) );
#1204 = ORIENTED_EDGE('',*,*,#1205,.F.);
#1205 = EDGE_CURVE('',#1206,#1178,#1208,.T.);
#1206 = VERTEX_POINT('',#1207);
#1207 = CARTESIAN_POINT('',(152.16165384299,-40.626572645,1.51));
#1208 = SURFACE_CURVE('',#1209,(#1236,#1266),.PCURVE_S1.);
#1209 = B_SPLINE_CURVE_WITH_KNOTS('',5,(#1210,#1211,#1212,#1213,#1214,
    #1215,#1216,#1217,#1218,#1219,#1220,#1221,#1222,#1223,#1224,#1225,
    #1226,#1227,#1228,#1229,#1230,#1231,#1232,#1233,#1234,#1235),
  .UNSPECIFIED.,.F.,.F.,(6,4,4,4,4,4,6),(0.,0.150097401569,
    0.253834658869,0.5,0.746165341131,0.849902598431,1.),.UNSPECIFIED.);
#1210 = CARTESIAN_POINT('',(152.16165384299,-40.626572645,1.51));
#1211 = CARTESIAN_POINT('',(152.20640172818,-40.62650784003,1.51));
#1212 = CARTESIAN_POINT('',(152.25169554764,-40.62393926654,1.51));
#1213 = CARTESIAN_POINT('',(152.29729083359,-40.61874433746,1.51));
#1214 = CARTESIAN_POINT('',(152.34291811201,-40.61084410819,1.51));
#1215 = CARTESIAN_POINT('',(152.41965716852,-40.59286683315,1.51));
#1216 = CARTESIAN_POINT('',(152.45090000262,-40.58421574999,1.51));
#1217 = CARTESIAN_POINT('',(152.48193066723,-40.57425214441,1.51));
#1218 = CARTESIAN_POINT('',(152.51265578589,-40.56297981911,1.51));
#1219 = CARTESIAN_POINT('',(152.61494470258,-40.52059832368,1.51));
#1220 = CARTESIAN_POINT('',(152.68467024181,-40.48349853858,1.51));
#1221 = CARTESIAN_POINT('',(152.75089319484,-40.43933868468,1.51));
#1222 = CARTESIAN_POINT('',(152.81245845677,-40.38871293121,1.51));
#1223 = CARTESIAN_POINT('',(152.92443839273,-40.27637231605,1.51));
#1224 = CARTESIAN_POINT('',(152.97486590658,-40.21464457318,1.51));
#1225 = CARTESIAN_POINT('',(153.01881257635,-40.14827995596,1.51));
#1226 = CARTESIAN_POINT('',(153.05568795043,-40.07843547398,1.51));
#1227 = CARTESIAN_POINT('',(153.09774029218,-39.97601079832,1.51));
#1228 = CARTESIAN_POINT('',(153.1089137552,-39.94524958966,1.51));
#1229 = CARTESIAN_POINT('',(153.11877752272,-39.91418704512,1.51));
#1230 = CARTESIAN_POINT('',(153.12732809233,-39.88291655293,1.51));
#1231 = CARTESIAN_POINT('',(153.14505850157,-39.80612008296,1.51));
#1232 = CARTESIAN_POINT('',(153.15281196454,-39.76046763537,1.51));
#1233 = CARTESIAN_POINT('',(153.15786024418,-39.71485587964,1.51));
#1234 = CARTESIAN_POINT('',(153.16028315125,-39.6695540345,1.51));
#1235 = CARTESIAN_POINT('',(153.16020405832,-39.62480617229,1.51));
#1236 = PCURVE('',#45,#1237);
#1237 = DEFINITIONAL_REPRESENTATION('',(#1238),#1265);
#1238 = B_SPLINE_CURVE_WITH_KNOTS('',5,(#1239,#1240,#1241,#1242,#1243,
    #1244,#1245,#1246,#1247,#1248,#1249,#1250,#1251,#1252,#1253,#1254,
    #1255,#1256,#1257,#1258,#1259,#1260,#1261,#1262,#1263,#1264),
  .UNSPECIFIED.,.F.,.F.,(6,4,4,4,4,4,6),(0.,0.150097401569,
    0.253834658869,0.5,0.746165341131,0.849902598431,1.),.UNSPECIFIED.);
#1239 = CARTESIAN_POINT('',(-38.41256764774,31.439229776912));
#1240 = CARTESIAN_POINT('',(-38.36781976255,31.439294581879));
#1241 = CARTESIAN_POINT('',(-38.32252594309,31.441863155372));
#1242 = CARTESIAN_POINT('',(-38.27693065714,31.447058084447));
#1243 = CARTESIAN_POINT('',(-38.23130337872,31.454958313722));
#1244 = CARTESIAN_POINT('',(-38.15456432221,31.472935588763));
#1245 = CARTESIAN_POINT('',(-38.12332148811,31.481586671924));
#1246 = CARTESIAN_POINT('',(-38.0922908235,31.491550277506));
#1247 = CARTESIAN_POINT('',(-38.06156570484,31.502822602801));
#1248 = CARTESIAN_POINT('',(-37.95927678815,31.545204098233));
#1249 = CARTESIAN_POINT('',(-37.88955124892,31.582303883333));
#1250 = CARTESIAN_POINT('',(-37.82332829589,31.626463737227));
#1251 = CARTESIAN_POINT('',(-37.76176303396,31.677089490699));
#1252 = CARTESIAN_POINT('',(-37.649783098,31.789430105863));
#1253 = CARTESIAN_POINT('',(-37.59935558415,31.851157848731));
#1254 = CARTESIAN_POINT('',(-37.55540891438,31.917522465955));
#1255 = CARTESIAN_POINT('',(-37.5185335403,31.98736694793));
#1256 = CARTESIAN_POINT('',(-37.47648119855,32.089791623595));
#1257 = CARTESIAN_POINT('',(-37.46530773553,32.120552832255));
#1258 = CARTESIAN_POINT('',(-37.45544396801,32.151615376789));
#1259 = CARTESIAN_POINT('',(-37.4468933984,32.182885868977));
#1260 = CARTESIAN_POINT('',(-37.42916298916,32.259682338949));
#1261 = CARTESIAN_POINT('',(-37.42140952619,32.305334786537));
#1262 = CARTESIAN_POINT('',(-37.41636124655,32.350946542276));
#1263 = CARTESIAN_POINT('',(-37.41393833948,32.39624838741));
#1264 = CARTESIAN_POINT('',(-37.41401743241,32.440996249625));
#1265 = ( GEOMETRIC_REPRESENTATION_CONTEXT(2) 
PARAMETRIC_REPRESENTATION_CONTEXT() REPRESENTATION_CONTEXT('2D SPACE',''
  ) );
#1266 = PCURVE('',#1267,#1283);
#1267 = ( BOUNDED_SURFACE() B_SPLINE_SURFACE(2,2,(
    (#1268,#1269,#1270,#1271,#1272)
    ,(#1273,#1274,#1275,#1276,#1277)
    ,(#1278,#1279,#1280,#1281,#1282
)),.UNSPECIFIED.,.F.,.F.,.F.) B_SPLINE_SURFACE_WITH_KNOTS((3,3),(3,1,1,3
    ),(0.,1.5),(-9.180000000001E-02,-9.395976357726E-15,1.5,1.5918),
.UNSPECIFIED.) GEOMETRIC_REPRESENTATION_ITEM() RATIONAL_B_SPLINE_SURFACE
((
    (1.,1.,1.,1.,1.)
    ,(0.706993882861,0.706993882861,0.706993882861,0.706993882861
      ,0.706993882861)
,(1.,1.,1.,1.,1.))) REPRESENTATION_ITEM('') SURFACE() );
#1268 = CARTESIAN_POINT('',(152.16165384299,-40.626572645,1.4182));
#1269 = CARTESIAN_POINT('',(152.16165384299,-40.626572645,1.4641));
#1270 = CARTESIAN_POINT('',(152.16165384299,-40.626572645,2.26));
#1271 = CARTESIAN_POINT('',(152.16165384299,-40.626572645,3.0559));
#1272 = CARTESIAN_POINT('',(152.16165384299,-40.626572645,3.1018));
#1273 = CARTESIAN_POINT('',(153.16197214417,-40.62512395991,1.4182));
#1274 = CARTESIAN_POINT('',(153.16197214417,-40.62512395991,1.4641));
#1275 = CARTESIAN_POINT('',(153.16197214417,-40.62512395991,2.26));
#1276 = CARTESIAN_POINT('',(153.16197214417,-40.62512395991,3.0559));
#1277 = CARTESIAN_POINT('',(153.16197214417,-40.62512395991,3.1018));
#1278 = CARTESIAN_POINT('',(153.16020405832,-39.62480617229,1.4182));
#1279 = CARTESIAN_POINT('',(153.16020405832,-39.62480617229,1.4641));
#1280 = CARTESIAN_POINT('',(153.16020405832,-39.62480617229,2.26));
#1281 = CARTESIAN_POINT('',(153.16020405832,-39.62480617229,3.0559));
#1282 = CARTESIAN_POINT('',(153.16020405832,-39.62480617229,3.1018));
#1283 = DEFINITIONAL_REPRESENTATION('',(#1284),#1311);
#1284 = B_SPLINE_CURVE_WITH_KNOTS('',5,(#1285,#1286,#1287,#1288,#1289,
    #1290,#1291,#1292,#1293,#1294,#1295,#1296,#1297,#1298,#1299,#1300,
    #1301,#1302,#1303,#1304,#1305,#1306,#1307,#1308,#1309,#1310),
  .UNSPECIFIED.,.F.,.F.,(6,4,4,4,4,4,6),(0.,0.150097401569,
    0.253834658869,0.5,0.746165341131,0.849902598431,1.),.UNSPECIFIED.);
#1285 = CARTESIAN_POINT('',(0.,-8.627755627988E-15));
#1286 = CARTESIAN_POINT('',(4.74547738322E-02,-8.500265708588E-15));
#1287 = CARTESIAN_POINT('',(9.439262589708E-02,-8.586544729823E-15));
#1288 = CARTESIAN_POINT('',(0.140848363899,-8.534232394623E-15));
#1289 = CARTESIAN_POINT('',(0.186868460503,-8.200195501786E-15));
#1290 = CARTESIAN_POINT('',(0.264037459705,-8.015657719987E-15));
#1291 = CARTESIAN_POINT('',(0.29538961122,-7.991245571283E-15));
#1292 = CARTESIAN_POINT('',(0.326572591502,-7.918329607766E-15));
#1293 = CARTESIAN_POINT('',(0.357603420268,-7.79812791164E-15));
#1294 = CARTESIAN_POINT('',(0.461816639435,-7.577054662993E-15));
#1295 = CARTESIAN_POINT('',(0.534386191142,-7.738274788722E-15));
#1296 = CARTESIAN_POINT('',(0.606421778829,-6.948300197813E-15));
#1297 = CARTESIAN_POINT('',(0.678215027614,-7.400878381401E-15));
#1298 = CARTESIAN_POINT('',(0.821784972386,-7.212869007689E-15));
#1299 = CARTESIAN_POINT('',(0.893578221171,-6.774823782073E-15));
#1300 = CARTESIAN_POINT('',(0.965613808858,-6.80948848913E-15));
#1301 = CARTESIAN_POINT('',(1.038183360565,-6.839288480265E-15));
#1302 = CARTESIAN_POINT('',(1.142396579732,-6.825519109037E-15));
#1303 = CARTESIAN_POINT('',(1.173427408498,-6.788282887064E-15));
#1304 = CARTESIAN_POINT('',(1.20461038878,-6.792374403068E-15));
#1305 = CARTESIAN_POINT('',(1.235962540295,-6.837807479612E-15));
#1306 = CARTESIAN_POINT('',(1.313131539497,-6.867954732014E-15));
#1307 = CARTESIAN_POINT('',(1.359151636101,-6.754322940993E-15));
#1308 = CARTESIAN_POINT('',(1.405607374103,-7.1756560339E-15));
#1309 = CARTESIAN_POINT('',(1.452545226168,-6.962013114596E-15));
#1310 = CARTESIAN_POINT('',(1.5,-7.004054454474E-15));
#1311 = ( GEOMETRIC_REPRESENTATION_CONTEXT(2) 
PARAMETRIC_REPRESENTATION_CONTEXT() REPRESENTATION_CONTEXT('2D SPACE',''
  ) );
#1312 = ORIENTED_EDGE('',*,*,#1313,.F.);
#1313 = EDGE_CURVE('',#1314,#1206,#1316,.T.);
#1314 = VERTEX_POINT('',#1315);
#1315 = CARTESIAN_POINT('',(137.06626093194,-40.64843415711,1.51));
#1316 = SURFACE_CURVE('',#1317,(#1321,#1328),.PCURVE_S1.);
#1317 = LINE('',#1318,#1319);
#1318 = CARTESIAN_POINT('',(137.03871577739,-40.64847404867,1.51));
#1319 = VECTOR('',#1320,1.);
#1320 = DIRECTION('',(0.999998951325,1.448222601282E-03,0.));
#1321 = PCURVE('',#45,#1322);
#1322 = DEFINITIONAL_REPRESENTATION('',(#1323),#1327);
#1323 = LINE('',#1324,#1325);
#1324 = CARTESIAN_POINT('',(-53.53550571334,31.417328373241));
#1325 = VECTOR('',#1326,1.);
#1326 = DIRECTION('',(0.999998951325,1.448222601282E-03));
#1327 = ( GEOMETRIC_REPRESENTATION_CONTEXT(2) 
PARAMETRIC_REPRESENTATION_CONTEXT() REPRESENTATION_CONTEXT('2D SPACE',''
  ) );
#1328 = PCURVE('',#1329,#1334);
#1329 = PLANE('',#1330);
#1330 = AXIS2_PLACEMENT_3D('',#1331,#1332,#1333);
#1331 = CARTESIAN_POINT('',(137.06626093194,-40.64843415711,1.51));
#1332 = DIRECTION('',(-1.448222601282E-03,0.999998951325,0.));
#1333 = DIRECTION('',(0.999998951325,1.448222601282E-03,0.));
#1334 = DEFINITIONAL_REPRESENTATION('',(#1335),#1339);
#1335 = LINE('',#1336,#1337);
#1336 = CARTESIAN_POINT('',(-2.754518342896E-02,-0.));
#1337 = VECTOR('',#1338,1.);
#1338 = DIRECTION('',(1.,0.));
#1339 = ( GEOMETRIC_REPRESENTATION_CONTEXT(2) 
PARAMETRIC_REPRESENTATION_CONTEXT() REPRESENTATION_CONTEXT('2D SPACE',''
  ) );
#1340 = ORIENTED_EDGE('',*,*,#1341,.F.);
#1341 = EDGE_CURVE('',#1342,#1314,#1344,.T.);
#1342 = VERTEX_POINT('',#1343);
#1343 = CARTESIAN_POINT('',(134.69032,-42.92936940337,1.51));
#1344 = SURFACE_CURVE('',#1345,(#1350,#1361),.PCURVE_S1.);
#1345 = CIRCLE('',#1346,2.270039073645);
#1346 = AXIS2_PLACEMENT_3D('',#1347,#1348,#1349);
#1347 = CARTESIAN_POINT('',(136.96031970243,-42.91599977949,1.51));
#1348 = DIRECTION('',(-0.,0.,-1.));
#1349 = DIRECTION('',(-0.999968999998,-7.873947120988E-03,0.));
#1350 = PCURVE('',#45,#1351);
#1351 = DEFINITIONAL_REPRESENTATION('',(#1352),#1360);
#1352 = ( BOUNDED_CURVE() B_SPLINE_CURVE(2,(#1353,#1354,#1355,#1356,
#1357,#1358,#1359),.UNSPECIFIED.,.T.,.F.) B_SPLINE_CURVE_WITH_KNOTS((1,2
    ,2,2,2,1),(-2.094395102393,0.,2.094395102393,4.188790204786,
6.28318530718,8.377580409573),.UNSPECIFIED.) CURVE() 
GEOMETRIC_REPRESENTATION_ITEM() RATIONAL_B_SPLINE_CURVE((1.,0.5,1.,0.5,
1.,0.5,1.)) REPRESENTATION_ITEM('') );
#1353 = CARTESIAN_POINT('',(-55.88387049073,29.131928474797));
#1354 = CARTESIAN_POINT('',(-55.91482945721,33.063629598995));
#1355 = CARTESIAN_POINT('',(-52.49439692033,31.124590288339));
#1356 = CARTESIAN_POINT('',(-49.07396438345,29.185550977682));
#1357 = CARTESIAN_POINT('',(-52.46343795385,27.192889164141));
#1358 = CARTESIAN_POINT('',(-55.85291152426,25.200227350599));
#1359 = CARTESIAN_POINT('',(-55.88387049073,29.131928474797));
#1360 = ( GEOMETRIC_REPRESENTATION_CONTEXT(2) 
PARAMETRIC_REPRESENTATION_CONTEXT() REPRESENTATION_CONTEXT('2D SPACE',''
  ) );
#1361 = PCURVE('',#1362,#1367);
#1362 = CYLINDRICAL_SURFACE('',#1363,2.270039073645);
#1363 = AXIS2_PLACEMENT_3D('',#1364,#1365,#1366);
#1364 = CARTESIAN_POINT('',(136.96031970243,-42.91599977949,1.51));
#1365 = DIRECTION('',(-0.,0.,-1.));
#1366 = DIRECTION('',(-0.999968999998,-7.873947120988E-03,0.));
#1367 = DEFINITIONAL_REPRESENTATION('',(#1368),#1372);
#1368 = LINE('',#1369,#1370);
#1369 = CARTESIAN_POINT('',(0.,0.));
#1370 = VECTOR('',#1371,1.);
#1371 = DIRECTION('',(1.,0.));
#1372 = ( GEOMETRIC_REPRESENTATION_CONTEXT(2) 
PARAMETRIC_REPRESENTATION_CONTEXT() REPRESENTATION_CONTEXT('2D SPACE',''
  ) );
#1373 = ORIENTED_EDGE('',*,*,#1374,.F.);
#1374 = EDGE_CURVE('',#1375,#1342,#1377,.T.);
#1375 = VERTEX_POINT('',#1376);
#1376 = CARTESIAN_POINT('',(134.69032,-48.7492674766,1.51));
#1377 = SURFACE_CURVE('',#1378,(#1382,#1389),.PCURVE_S1.);
#1378 = LINE('',#1379,#1380);
#1379 = CARTESIAN_POINT('',(134.69032,-49.276,1.51));
#1380 = VECTOR('',#1381,1.);
#1381 = DIRECTION('',(0.,1.,0.));
#1382 = PCURVE('',#45,#1383);
#1383 = DEFINITIONAL_REPRESENTATION('',(#1384),#1388);
#1384 = LINE('',#1385,#1386);
#1385 = CARTESIAN_POINT('',(-55.88390149073,22.789802421915));
#1386 = VECTOR('',#1387,1.);
#1387 = DIRECTION('',(0.,1.));
#1388 = ( GEOMETRIC_REPRESENTATION_CONTEXT(2) 
PARAMETRIC_REPRESENTATION_CONTEXT() REPRESENTATION_CONTEXT('2D SPACE',''
  ) );
#1389 = PCURVE('',#1390,#1395);
#1390 = PLANE('',#1391);
#1391 = AXIS2_PLACEMENT_3D('',#1392,#1393,#1394);
#1392 = CARTESIAN_POINT('',(134.69032,-48.90690540635,1.51));
#1393 = DIRECTION('',(-1.,0.,0.));
#1394 = DIRECTION('',(0.,1.,0.));
#1395 = DEFINITIONAL_REPRESENTATION('',(#1396),#1400);
#1396 = LINE('',#1397,#1398);
#1397 = CARTESIAN_POINT('',(-0.36909459365,0.));
#1398 = VECTOR('',#1399,1.);
#1399 = DIRECTION('',(1.,0.));
#1400 = ( GEOMETRIC_REPRESENTATION_CONTEXT(2) 
PARAMETRIC_REPRESENTATION_CONTEXT() REPRESENTATION_CONTEXT('2D SPACE',''
  ) );
#1401 = ORIENTED_EDGE('',*,*,#1402,.F.);
#1402 = EDGE_CURVE('',#24,#1375,#1403,.T.);
#1403 = SURFACE_CURVE('',#1404,(#1409,#1416),.PCURVE_S1.);
#1404 = CIRCLE('',#1405,1.);
#1405 = AXIS2_PLACEMENT_3D('',#1406,#1407,#1408);
#1406 = CARTESIAN_POINT('',(133.69032,-48.7492674766,1.51));
#1407 = DIRECTION('',(0.,-0.,1.));
#1408 = DIRECTION('',(0.,-1.,-0.));
#1409 = PCURVE('',#45,#1410);
#1410 = DEFINITIONAL_REPRESENTATION('',(#1411),#1415);
#1411 = CIRCLE('',#1412,1.);
#1412 = AXIS2_PLACEMENT_2D('',#1413,#1414);
#1413 = CARTESIAN_POINT('',(-56.88390149073,23.316534945309));
#1414 = DIRECTION('',(0.,-1.));
#1415 = ( GEOMETRIC_REPRESENTATION_CONTEXT(2) 
PARAMETRIC_REPRESENTATION_CONTEXT() REPRESENTATION_CONTEXT('2D SPACE',''
  ) );
#1416 = PCURVE('',#136,#1417);
#1417 = DEFINITIONAL_REPRESENTATION('',(#1418),#1422);
#1418 = LINE('',#1419,#1420);
#1419 = CARTESIAN_POINT('',(-1.30428632367,0.));
#1420 = VECTOR('',#1421,1.);
#1421 = DIRECTION('',(1.,0.));
#1422 = ( GEOMETRIC_REPRESENTATION_CONTEXT(2) 
PARAMETRIC_REPRESENTATION_CONTEXT() REPRESENTATION_CONTEXT('2D SPACE',''
  ) );
#1423 = FACE_BOUND('',#1424,.F.);
#1424 = EDGE_LOOP('',(#1425));
#1425 = ORIENTED_EDGE('',*,*,#1426,.F.);
#1426 = EDGE_CURVE('',#1427,#1427,#1429,.T.);
#1427 = VERTEX_POINT('',#1428);
#1428 = CARTESIAN_POINT('',(141.86200039789,-110.09906578,1.51));
#1429 = SURFACE_CURVE('',#1430,(#1435,#1442),.PCURVE_S1.);
#1430 = CIRCLE('',#1431,1.25);
#1431 = AXIS2_PLACEMENT_3D('',#1432,#1433,#1434);
#1432 = CARTESIAN_POINT('',(140.61200039789,-110.09906578,1.51));
#1433 = DIRECTION('',(0.,0.,1.));
#1434 = DIRECTION('',(1.,0.,-0.));
#1435 = PCURVE('',#45,#1436);
#1436 = DEFINITIONAL_REPRESENTATION('',(#1437),#1441);
#1437 = CIRCLE('',#1438,1.25);
#1438 = AXIS2_PLACEMENT_2D('',#1439,#1440);
#1439 = CARTESIAN_POINT('',(-49.96222109284,-38.0332633581));
#1440 = DIRECTION('',(1.,0.));
#1441 = ( GEOMETRIC_REPRESENTATION_CONTEXT(2) 
PARAMETRIC_REPRESENTATION_CONTEXT() REPRESENTATION_CONTEXT('2D SPACE',''
  ) );
#1442 = PCURVE('',#1443,#1448);
#1443 = CYLINDRICAL_SURFACE('',#1444,1.25);
#1444 = AXIS2_PLACEMENT_3D('',#1445,#1446,#1447);
#1445 = CARTESIAN_POINT('',(140.61200039789,-110.09906578,-0.5));
#1446 = DIRECTION('',(0.,0.,1.));
#1447 = DIRECTION('',(1.,0.,0.));
#1448 = DEFINITIONAL_REPRESENTATION('',(#1449),#1453);
#1449 = LINE('',#1450,#1451);
#1450 = CARTESIAN_POINT('',(0.,2.01));
#1451 = VECTOR('',#1452,1.);
#1452 = DIRECTION('',(1.,0.));
#1453 = ( GEOMETRIC_REPRESENTATION_CONTEXT(2) 
PARAMETRIC_REPRESENTATION_CONTEXT() REPRESENTATION_CONTEXT('2D SPACE',''
  ) );
#1454 = FACE_BOUND('',#1455,.F.);
#1455 = EDGE_LOOP('',(#1456,#1484,#1517,#1543,#1576,#1602,#1631,#1657));
#1456 = ORIENTED_EDGE('',*,*,#1457,.T.);
#1457 = EDGE_CURVE('',#1458,#1460,#1462,.T.);
#1458 = VERTEX_POINT('',#1459);
#1459 = CARTESIAN_POINT('',(171.084,-98.694,1.51));
#1460 = VERTEX_POINT('',#1461);
#1461 = CARTESIAN_POINT('',(171.084,-110.694,1.51));
#1462 = SURFACE_CURVE('',#1463,(#1467,#1473),.PCURVE_S1.);
#1463 = LINE('',#1464,#1465);
#1464 = CARTESIAN_POINT('',(171.084,-91.87990121095,1.51));
#1465 = VECTOR('',#1466,1.);
#1466 = DIRECTION('',(0.,-1.,0.));
#1467 = PCURVE('',#45,#1468);
#1468 = DEFINITIONAL_REPRESENTATION('',(#1469),#1472);
#1469 = B_SPLINE_CURVE_WITH_KNOTS('',1,(#1470,#1471),.UNSPECIFIED.,.F.,
  .F.,(2,2),(5.814098789042,19.814098789042),.PIECEWISE_BEZIER_KNOTS.);
#1470 = CARTESIAN_POINT('',(-19.49022149073,-25.62819757808));
#1471 = CARTESIAN_POINT('',(-19.49022149073,-39.62819757808));
#1472 = ( GEOMETRIC_REPRESENTATION_CONTEXT(2) 
PARAMETRIC_REPRESENTATION_CONTEXT() REPRESENTATION_CONTEXT('2D SPACE',''
  ) );
#1473 = PCURVE('',#1474,#1479);
#1474 = PLANE('',#1475);
#1475 = AXIS2_PLACEMENT_3D('',#1476,#1477,#1478);
#1476 = CARTESIAN_POINT('',(171.084,-111.694,0.51));
#1477 = DIRECTION('',(-1.,0.,0.));
#1478 = DIRECTION('',(0.,1.,0.));
#1479 = DEFINITIONAL_REPRESENTATION('',(#1480),#1483);
#1480 = B_SPLINE_CURVE_WITH_KNOTS('',1,(#1481,#1482),.UNSPECIFIED.,.F.,
  .F.,(2,2),(5.814098789042,19.814098789042),.PIECEWISE_BEZIER_KNOTS.);
#1481 = CARTESIAN_POINT('',(14.,-1.));
#1482 = CARTESIAN_POINT('',(0.,-1.));
#1483 = ( GEOMETRIC_REPRESENTATION_CONTEXT(2) 
PARAMETRIC_REPRESENTATION_CONTEXT() REPRESENTATION_CONTEXT('2D SPACE',''
  ) );
#1484 = ORIENTED_EDGE('',*,*,#1485,.T.);
#1485 = EDGE_CURVE('',#1460,#1486,#1488,.T.);
#1486 = VERTEX_POINT('',#1487);
#1487 = CARTESIAN_POINT('',(170.084,-111.694,1.51));
#1488 = SURFACE_CURVE('',#1489,(#1494,#1505),.PCURVE_S1.);
#1489 = CIRCLE('',#1490,1.);
#1490 = AXIS2_PLACEMENT_3D('',#1491,#1492,#1493);
#1491 = CARTESIAN_POINT('',(170.084,-110.694,1.51));
#1492 = DIRECTION('',(-0.,-0.,-1.));
#1493 = DIRECTION('',(0.,-1.,0.));
#1494 = PCURVE('',#45,#1495);
#1495 = DEFINITIONAL_REPRESENTATION('',(#1496),#1504);
#1496 = ( BOUNDED_CURVE() B_SPLINE_CURVE(2,(#1497,#1498,#1499,#1500,
#1501,#1502,#1503),.UNSPECIFIED.,.T.,.F.) B_SPLINE_CURVE_WITH_KNOTS((1,2
    ,2,2,2,1),(-2.094395102393,0.,2.094395102393,4.188790204786,
6.28318530718,8.377580409573),.UNSPECIFIED.) CURVE() 
GEOMETRIC_REPRESENTATION_ITEM() RATIONAL_B_SPLINE_CURVE((1.,0.5,1.,0.5,
1.,0.5,1.)) REPRESENTATION_ITEM('') );
#1497 = CARTESIAN_POINT('',(-20.49022149073,-39.62819757808));
#1498 = CARTESIAN_POINT('',(-22.2222722983,-39.62819757808));
#1499 = CARTESIAN_POINT('',(-21.35624689452,-38.12819757808));
#1500 = CARTESIAN_POINT('',(-20.49022149073,-36.62819757808));
#1501 = CARTESIAN_POINT('',(-19.62419608695,-38.12819757808));
#1502 = CARTESIAN_POINT('',(-18.75817068317,-39.62819757808));
#1503 = CARTESIAN_POINT('',(-20.49022149073,-39.62819757808));
#1504 = ( GEOMETRIC_REPRESENTATION_CONTEXT(2) 
PARAMETRIC_REPRESENTATION_CONTEXT() REPRESENTATION_CONTEXT('2D SPACE',''
  ) );
#1505 = PCURVE('',#1506,#1511);
#1506 = CYLINDRICAL_SURFACE('',#1507,1.);
#1507 = AXIS2_PLACEMENT_3D('',#1508,#1509,#1510);
#1508 = CARTESIAN_POINT('',(170.084,-110.694,1.51));
#1509 = DIRECTION('',(0.,0.,1.));
#1510 = DIRECTION('',(1.,0.,-0.));
#1511 = DEFINITIONAL_REPRESENTATION('',(#1512),#1516);
#1512 = LINE('',#1513,#1514);
#1513 = CARTESIAN_POINT('',(4.712388980385,-0.));
#1514 = VECTOR('',#1515,1.);
#1515 = DIRECTION('',(-1.,0.));
#1516 = ( GEOMETRIC_REPRESENTATION_CONTEXT(2) 
PARAMETRIC_REPRESENTATION_CONTEXT() REPRESENTATION_CONTEXT('2D SPACE',''
  ) );
#1517 = ORIENTED_EDGE('',*,*,#1518,.T.);
#1518 = EDGE_CURVE('',#1486,#1519,#1521,.T.);
#1519 = VERTEX_POINT('',#1520);
#1520 = CARTESIAN_POINT('',(158.084,-111.694,1.51));
#1521 = SURFACE_CURVE('',#1522,(#1526,#1532),.PCURVE_S1.);
#1522 = LINE('',#1523,#1524);
#1523 = CARTESIAN_POINT('',(173.82911074536,-111.694,1.51));
#1524 = VECTOR('',#1525,1.);
#1525 = DIRECTION('',(-1.,0.,0.));
#1526 = PCURVE('',#45,#1527);
#1527 = DEFINITIONAL_REPRESENTATION('',(#1528),#1531);
#1528 = B_SPLINE_CURVE_WITH_KNOTS('',1,(#1529,#1530),.UNSPECIFIED.,.F.,
  .F.,(2,2),(2.745110745369,16.745110745369),.PIECEWISE_BEZIER_KNOTS.);
#1529 = CARTESIAN_POINT('',(-19.49022149073,-39.62819757808));
#1530 = CARTESIAN_POINT('',(-33.49022149073,-39.62819757808));
#1531 = ( GEOMETRIC_REPRESENTATION_CONTEXT(2) 
PARAMETRIC_REPRESENTATION_CONTEXT() REPRESENTATION_CONTEXT('2D SPACE',''
  ) );
#1532 = PCURVE('',#1533,#1538);
#1533 = PLANE('',#1534);
#1534 = AXIS2_PLACEMENT_3D('',#1535,#1536,#1537);
#1535 = CARTESIAN_POINT('',(157.084,-111.694,0.51));
#1536 = DIRECTION('',(0.,1.,0.));
#1537 = DIRECTION('',(1.,0.,0.));
#1538 = DEFINITIONAL_REPRESENTATION('',(#1539),#1542);
#1539 = B_SPLINE_CURVE_WITH_KNOTS('',1,(#1540,#1541),.UNSPECIFIED.,.F.,
  .F.,(2,2),(2.745110745369,16.745110745369),.PIECEWISE_BEZIER_KNOTS.);
#1540 = CARTESIAN_POINT('',(14.,-1.));
#1541 = CARTESIAN_POINT('',(0.,-1.));
#1542 = ( GEOMETRIC_REPRESENTATION_CONTEXT(2) 
PARAMETRIC_REPRESENTATION_CONTEXT() REPRESENTATION_CONTEXT('2D SPACE',''
  ) );
#1543 = ORIENTED_EDGE('',*,*,#1544,.T.);
#1544 = EDGE_CURVE('',#1519,#1545,#1547,.T.);
#1545 = VERTEX_POINT('',#1546);
#1546 = CARTESIAN_POINT('',(157.084,-110.694,1.51));
#1547 = SURFACE_CURVE('',#1548,(#1553,#1564),.PCURVE_S1.);
#1548 = CIRCLE('',#1549,1.);
#1549 = AXIS2_PLACEMENT_3D('',#1550,#1551,#1552);
#1550 = CARTESIAN_POINT('',(158.084,-110.694,1.51));
#1551 = DIRECTION('',(-0.,-0.,-1.));
#1552 = DIRECTION('',(0.,-1.,0.));
#1553 = PCURVE('',#45,#1554);
#1554 = DEFINITIONAL_REPRESENTATION('',(#1555),#1563);
#1555 = ( BOUNDED_CURVE() B_SPLINE_CURVE(2,(#1556,#1557,#1558,#1559,
#1560,#1561,#1562),.UNSPECIFIED.,.T.,.F.) B_SPLINE_CURVE_WITH_KNOTS((1,2
    ,2,2,2,1),(-2.094395102393,0.,2.094395102393,4.188790204786,
6.28318530718,8.377580409573),.UNSPECIFIED.) CURVE() 
GEOMETRIC_REPRESENTATION_ITEM() RATIONAL_B_SPLINE_CURVE((1.,0.5,1.,0.5,
1.,0.5,1.)) REPRESENTATION_ITEM('') );
#1556 = CARTESIAN_POINT('',(-32.49022149073,-39.62819757808));
#1557 = CARTESIAN_POINT('',(-34.2222722983,-39.62819757808));
#1558 = CARTESIAN_POINT('',(-33.35624689452,-38.12819757808));
#1559 = CARTESIAN_POINT('',(-32.49022149073,-36.62819757808));
#1560 = CARTESIAN_POINT('',(-31.62419608695,-38.12819757808));
#1561 = CARTESIAN_POINT('',(-30.75817068317,-39.62819757808));
#1562 = CARTESIAN_POINT('',(-32.49022149073,-39.62819757808));
#1563 = ( GEOMETRIC_REPRESENTATION_CONTEXT(2) 
PARAMETRIC_REPRESENTATION_CONTEXT() REPRESENTATION_CONTEXT('2D SPACE',''
  ) );
#1564 = PCURVE('',#1565,#1570);
#1565 = CYLINDRICAL_SURFACE('',#1566,1.);
#1566 = AXIS2_PLACEMENT_3D('',#1567,#1568,#1569);
#1567 = CARTESIAN_POINT('',(158.084,-110.694,1.51));
#1568 = DIRECTION('',(0.,0.,1.));
#1569 = DIRECTION('',(0.,-1.,0.));
#1570 = DEFINITIONAL_REPRESENTATION('',(#1571),#1575);
#1571 = LINE('',#1572,#1573);
#1572 = CARTESIAN_POINT('',(-0.,0.));
#1573 = VECTOR('',#1574,1.);
#1574 = DIRECTION('',(-1.,0.));
#1575 = ( GEOMETRIC_REPRESENTATION_CONTEXT(2) 
PARAMETRIC_REPRESENTATION_CONTEXT() REPRESENTATION_CONTEXT('2D SPACE',''
  ) );
#1576 = ORIENTED_EDGE('',*,*,#1577,.T.);
#1577 = EDGE_CURVE('',#1545,#1578,#1580,.T.);
#1578 = VERTEX_POINT('',#1579);
#1579 = CARTESIAN_POINT('',(157.084,-98.694,1.51));
#1580 = SURFACE_CURVE('',#1581,(#1585,#1591),.PCURVE_S1.);
#1581 = LINE('',#1582,#1583);
#1582 = CARTESIAN_POINT('',(157.084,-84.87990121095,1.51));
#1583 = VECTOR('',#1584,1.);
#1584 = DIRECTION('',(-0.,1.,0.));
#1585 = PCURVE('',#45,#1586);
#1586 = DEFINITIONAL_REPRESENTATION('',(#1587),#1590);
#1587 = B_SPLINE_CURVE_WITH_KNOTS('',1,(#1588,#1589),.UNSPECIFIED.,.F.,
  .F.,(2,2),(-26.81409878904,-12.81409878904),.PIECEWISE_BEZIER_KNOTS.);
#1588 = CARTESIAN_POINT('',(-33.49022149073,-39.62819757808));
#1589 = CARTESIAN_POINT('',(-33.49022149073,-25.62819757808));
#1590 = ( GEOMETRIC_REPRESENTATION_CONTEXT(2) 
PARAMETRIC_REPRESENTATION_CONTEXT() REPRESENTATION_CONTEXT('2D SPACE',''
  ) );
#1591 = PCURVE('',#1592,#1597);
#1592 = PLANE('',#1593);
#1593 = AXIS2_PLACEMENT_3D('',#1594,#1595,#1596);
#1594 = CARTESIAN_POINT('',(157.084,-97.694,0.51));
#1595 = DIRECTION('',(1.,0.,-0.));
#1596 = DIRECTION('',(0.,-1.,0.));
#1597 = DEFINITIONAL_REPRESENTATION('',(#1598),#1601);
#1598 = B_SPLINE_CURVE_WITH_KNOTS('',1,(#1599,#1600),.UNSPECIFIED.,.F.,
  .F.,(2,2),(-26.81409878904,-12.81409878904),.PIECEWISE_BEZIER_KNOTS.);
#1599 = CARTESIAN_POINT('',(14.,-1.));
#1600 = CARTESIAN_POINT('',(0.,-1.));
#1601 = ( GEOMETRIC_REPRESENTATION_CONTEXT(2) 
PARAMETRIC_REPRESENTATION_CONTEXT() REPRESENTATION_CONTEXT('2D SPACE',''
  ) );
#1602 = ORIENTED_EDGE('',*,*,#1603,.F.);
#1603 = EDGE_CURVE('',#1604,#1578,#1606,.T.);
#1604 = VERTEX_POINT('',#1605);
#1605 = CARTESIAN_POINT('',(158.084,-97.694,1.51));
#1606 = SURFACE_CURVE('',#1607,(#1612,#1619),.PCURVE_S1.);
#1607 = CIRCLE('',#1608,1.);
#1608 = AXIS2_PLACEMENT_3D('',#1609,#1610,#1611);
#1609 = CARTESIAN_POINT('',(158.084,-98.694,1.51));
#1610 = DIRECTION('',(0.,0.,1.));
#1611 = DIRECTION('',(0.,-1.,0.));
#1612 = PCURVE('',#45,#1613);
#1613 = DEFINITIONAL_REPRESENTATION('',(#1614),#1618);
#1614 = CIRCLE('',#1615,1.);
#1615 = AXIS2_PLACEMENT_2D('',#1616,#1617);
#1616 = CARTESIAN_POINT('',(-32.49022149073,-26.62819757808));
#1617 = DIRECTION('',(0.,-1.));
#1618 = ( GEOMETRIC_REPRESENTATION_CONTEXT(2) 
PARAMETRIC_REPRESENTATION_CONTEXT() REPRESENTATION_CONTEXT('2D SPACE',''
  ) );
#1619 = PCURVE('',#1620,#1625);
#1620 = CYLINDRICAL_SURFACE('',#1621,1.);
#1621 = AXIS2_PLACEMENT_3D('',#1622,#1623,#1624);
#1622 = CARTESIAN_POINT('',(158.084,-98.694,1.51));
#1623 = DIRECTION('',(0.,0.,1.));
#1624 = DIRECTION('',(-0.,1.,0.));
#1625 = DEFINITIONAL_REPRESENTATION('',(#1626),#1630);
#1626 = LINE('',#1627,#1628);
#1627 = CARTESIAN_POINT('',(-3.14159265359,0.));
#1628 = VECTOR('',#1629,1.);
#1629 = DIRECTION('',(1.,0.));
#1630 = ( GEOMETRIC_REPRESENTATION_CONTEXT(2) 
PARAMETRIC_REPRESENTATION_CONTEXT() REPRESENTATION_CONTEXT('2D SPACE',''
  ) );
#1631 = ORIENTED_EDGE('',*,*,#1632,.T.);
#1632 = EDGE_CURVE('',#1604,#1633,#1635,.T.);
#1633 = VERTEX_POINT('',#1634);
#1634 = CARTESIAN_POINT('',(170.084,-97.694,1.51));
#1635 = SURFACE_CURVE('',#1636,(#1640,#1646),.PCURVE_S1.);
#1636 = LINE('',#1637,#1638);
#1637 = CARTESIAN_POINT('',(180.82911074536,-97.694,1.51));
#1638 = VECTOR('',#1639,1.);
#1639 = DIRECTION('',(1.,0.,-0.));
#1640 = PCURVE('',#45,#1641);
#1641 = DEFINITIONAL_REPRESENTATION('',(#1642),#1645);
#1642 = B_SPLINE_CURVE_WITH_KNOTS('',1,(#1643,#1644),.UNSPECIFIED.,.F.,
  .F.,(2,2),(-23.74511074536,-9.745110745369),.PIECEWISE_BEZIER_KNOTS.);
#1643 = CARTESIAN_POINT('',(-33.49022149073,-25.62819757808));
#1644 = CARTESIAN_POINT('',(-19.49022149073,-25.62819757808));
#1645 = ( GEOMETRIC_REPRESENTATION_CONTEXT(2) 
PARAMETRIC_REPRESENTATION_CONTEXT() REPRESENTATION_CONTEXT('2D SPACE',''
  ) );
#1646 = PCURVE('',#1647,#1652);
#1647 = PLANE('',#1648);
#1648 = AXIS2_PLACEMENT_3D('',#1649,#1650,#1651);
#1649 = CARTESIAN_POINT('',(171.084,-97.694,0.51));
#1650 = DIRECTION('',(0.,-1.,0.));
#1651 = DIRECTION('',(-1.,0.,0.));
#1652 = DEFINITIONAL_REPRESENTATION('',(#1653),#1656);
#1653 = B_SPLINE_CURVE_WITH_KNOTS('',1,(#1654,#1655),.UNSPECIFIED.,.F.,
  .F.,(2,2),(-23.74511074536,-9.745110745369),.PIECEWISE_BEZIER_KNOTS.);
#1654 = CARTESIAN_POINT('',(14.,-1.));
#1655 = CARTESIAN_POINT('',(0.,-1.));
#1656 = ( GEOMETRIC_REPRESENTATION_CONTEXT(2) 
PARAMETRIC_REPRESENTATION_CONTEXT() REPRESENTATION_CONTEXT('2D SPACE',''
  ) );
#1657 = ORIENTED_EDGE('',*,*,#1658,.F.);
#1658 = EDGE_CURVE('',#1458,#1633,#1659,.T.);
#1659 = SURFACE_CURVE('',#1660,(#1665,#1672),.PCURVE_S1.);
#1660 = CIRCLE('',#1661,1.);
#1661 = AXIS2_PLACEMENT_3D('',#1662,#1663,#1664);
#1662 = CARTESIAN_POINT('',(170.084,-98.694,1.51));
#1663 = DIRECTION('',(0.,0.,1.));
#1664 = DIRECTION('',(0.,-1.,0.));
#1665 = PCURVE('',#45,#1666);
#1666 = DEFINITIONAL_REPRESENTATION('',(#1667),#1671);
#1667 = CIRCLE('',#1668,1.);
#1668 = AXIS2_PLACEMENT_2D('',#1669,#1670);
#1669 = CARTESIAN_POINT('',(-20.49022149073,-26.62819757808));
#1670 = DIRECTION('',(0.,-1.));
#1671 = ( GEOMETRIC_REPRESENTATION_CONTEXT(2) 
PARAMETRIC_REPRESENTATION_CONTEXT() REPRESENTATION_CONTEXT('2D SPACE',''
  ) );
#1672 = PCURVE('',#1673,#1678);
#1673 = CYLINDRICAL_SURFACE('',#1674,1.);
#1674 = AXIS2_PLACEMENT_3D('',#1675,#1676,#1677);
#1675 = CARTESIAN_POINT('',(170.084,-98.694,1.51));
#1676 = DIRECTION('',(0.,0.,1.));
#1677 = DIRECTION('',(1.,0.,-0.));
#1678 = DEFINITIONAL_REPRESENTATION('',(#1679),#1683);
#1679 = LINE('',#1680,#1681);
#1680 = CARTESIAN_POINT('',(-1.570796326795,0.));
#1681 = VECTOR('',#1682,1.);
#1682 = DIRECTION('',(1.,0.));
#1683 = ( GEOMETRIC_REPRESENTATION_CONTEXT(2) 
PARAMETRIC_REPRESENTATION_CONTEXT() REPRESENTATION_CONTEXT('2D SPACE',''
  ) );
#1684 = FACE_BOUND('',#1685,.F.);
#1685 = EDGE_LOOP('',(#1686,#1714,#1747,#1773,#1806,#1832,#1861,#1887));
#1686 = ORIENTED_EDGE('',*,*,#1687,.T.);
#1687 = EDGE_CURVE('',#1688,#1690,#1692,.T.);
#1688 = VERTEX_POINT('',#1689);
#1689 = CARTESIAN_POINT('',(152.018,-91.836,1.51));
#1690 = VERTEX_POINT('',#1691);
#1691 = CARTESIAN_POINT('',(152.018,-103.836,1.51));
#1692 = SURFACE_CURVE('',#1693,(#1697,#1703),.PCURVE_S1.);
#1693 = LINE('',#1694,#1695);
#1694 = CARTESIAN_POINT('',(152.018,-88.45090121095,1.51));
#1695 = VECTOR('',#1696,1.);
#1696 = DIRECTION('',(0.,-1.,0.));
#1697 = PCURVE('',#45,#1698);
#1698 = DEFINITIONAL_REPRESENTATION('',(#1699),#1702);
#1699 = B_SPLINE_CURVE_WITH_KNOTS('',1,(#1700,#1701),.UNSPECIFIED.,.F.,
  .F.,(2,2),(2.385098789042,16.385098789042),.PIECEWISE_BEZIER_KNOTS.);
#1700 = CARTESIAN_POINT('',(-38.55622149073,-18.77019757808));
#1701 = CARTESIAN_POINT('',(-38.55622149073,-32.77019757808));
#1702 = ( GEOMETRIC_REPRESENTATION_CONTEXT(2) 
PARAMETRIC_REPRESENTATION_CONTEXT() REPRESENTATION_CONTEXT('2D SPACE',''
  ) );
#1703 = PCURVE('',#1704,#1709);
#1704 = PLANE('',#1705);
#1705 = AXIS2_PLACEMENT_3D('',#1706,#1707,#1708);
#1706 = CARTESIAN_POINT('',(152.018,-104.836,0.51));
#1707 = DIRECTION('',(-1.,0.,0.));
#1708 = DIRECTION('',(0.,1.,0.));
#1709 = DEFINITIONAL_REPRESENTATION('',(#1710),#1713);
#1710 = B_SPLINE_CURVE_WITH_KNOTS('',1,(#1711,#1712),.UNSPECIFIED.,.F.,
  .F.,(2,2),(2.385098789042,16.385098789042),.PIECEWISE_BEZIER_KNOTS.);
#1711 = CARTESIAN_POINT('',(14.,-1.));
#1712 = CARTESIAN_POINT('',(0.,-1.));
#1713 = ( GEOMETRIC_REPRESENTATION_CONTEXT(2) 
PARAMETRIC_REPRESENTATION_CONTEXT() REPRESENTATION_CONTEXT('2D SPACE',''
  ) );
#1714 = ORIENTED_EDGE('',*,*,#1715,.T.);
#1715 = EDGE_CURVE('',#1690,#1716,#1718,.T.);
#1716 = VERTEX_POINT('',#1717);
#1717 = CARTESIAN_POINT('',(151.018,-104.836,1.51));
#1718 = SURFACE_CURVE('',#1719,(#1724,#1735),.PCURVE_S1.);
#1719 = CIRCLE('',#1720,1.);
#1720 = AXIS2_PLACEMENT_3D('',#1721,#1722,#1723);
#1721 = CARTESIAN_POINT('',(151.018,-103.836,1.51));
#1722 = DIRECTION('',(-0.,-0.,-1.));
#1723 = DIRECTION('',(0.,-1.,0.));
#1724 = PCURVE('',#45,#1725);
#1725 = DEFINITIONAL_REPRESENTATION('',(#1726),#1734);
#1726 = ( BOUNDED_CURVE() B_SPLINE_CURVE(2,(#1727,#1728,#1729,#1730,
#1731,#1732,#1733),.UNSPECIFIED.,.T.,.F.) B_SPLINE_CURVE_WITH_KNOTS((1,2
    ,2,2,2,1),(-2.094395102393,0.,2.094395102393,4.188790204786,
6.28318530718,8.377580409573),.UNSPECIFIED.) CURVE() 
GEOMETRIC_REPRESENTATION_ITEM() RATIONAL_B_SPLINE_CURVE((1.,0.5,1.,0.5,
1.,0.5,1.)) REPRESENTATION_ITEM('') );
#1727 = CARTESIAN_POINT('',(-39.55622149073,-32.77019757808));
#1728 = CARTESIAN_POINT('',(-41.2882722983,-32.77019757808));
#1729 = CARTESIAN_POINT('',(-40.42224689452,-31.27019757808));
#1730 = CARTESIAN_POINT('',(-39.55622149073,-29.77019757808));
#1731 = CARTESIAN_POINT('',(-38.69019608695,-31.27019757808));
#1732 = CARTESIAN_POINT('',(-37.82417068317,-32.77019757808));
#1733 = CARTESIAN_POINT('',(-39.55622149073,-32.77019757808));
#1734 = ( GEOMETRIC_REPRESENTATION_CONTEXT(2) 
PARAMETRIC_REPRESENTATION_CONTEXT() REPRESENTATION_CONTEXT('2D SPACE',''
  ) );
#1735 = PCURVE('',#1736,#1741);
#1736 = CYLINDRICAL_SURFACE('',#1737,1.);
#1737 = AXIS2_PLACEMENT_3D('',#1738,#1739,#1740);
#1738 = CARTESIAN_POINT('',(151.018,-103.836,1.51));
#1739 = DIRECTION('',(0.,0.,1.));
#1740 = DIRECTION('',(1.,0.,-0.));
#1741 = DEFINITIONAL_REPRESENTATION('',(#1742),#1746);
#1742 = LINE('',#1743,#1744);
#1743 = CARTESIAN_POINT('',(4.712388980385,-0.));
#1744 = VECTOR('',#1745,1.);
#1745 = DIRECTION('',(-1.,0.));
#1746 = ( GEOMETRIC_REPRESENTATION_CONTEXT(2) 
PARAMETRIC_REPRESENTATION_CONTEXT() REPRESENTATION_CONTEXT('2D SPACE',''
  ) );
#1747 = ORIENTED_EDGE('',*,*,#1748,.T.);
#1748 = EDGE_CURVE('',#1716,#1749,#1751,.T.);
#1749 = VERTEX_POINT('',#1750);
#1750 = CARTESIAN_POINT('',(139.018,-104.836,1.51));
#1751 = SURFACE_CURVE('',#1752,(#1756,#1762),.PCURVE_S1.);
#1752 = LINE('',#1753,#1754);
#1753 = CARTESIAN_POINT('',(164.29611074536,-104.836,1.51));
#1754 = VECTOR('',#1755,1.);
#1755 = DIRECTION('',(-1.,0.,0.));
#1756 = PCURVE('',#45,#1757);
#1757 = DEFINITIONAL_REPRESENTATION('',(#1758),#1761);
#1758 = B_SPLINE_CURVE_WITH_KNOTS('',1,(#1759,#1760),.UNSPECIFIED.,.F.,
  .F.,(2,2),(12.278110745369,26.278110745369),.PIECEWISE_BEZIER_KNOTS.);
#1759 = CARTESIAN_POINT('',(-38.55622149073,-32.77019757808));
#1760 = CARTESIAN_POINT('',(-52.55622149073,-32.77019757808));
#1761 = ( GEOMETRIC_REPRESENTATION_CONTEXT(2) 
PARAMETRIC_REPRESENTATION_CONTEXT() REPRESENTATION_CONTEXT('2D SPACE',''
  ) );
#1762 = PCURVE('',#1763,#1768);
#1763 = PLANE('',#1764);
#1764 = AXIS2_PLACEMENT_3D('',#1765,#1766,#1767);
#1765 = CARTESIAN_POINT('',(138.018,-104.836,0.51));
#1766 = DIRECTION('',(0.,1.,0.));
#1767 = DIRECTION('',(1.,0.,0.));
#1768 = DEFINITIONAL_REPRESENTATION('',(#1769),#1772);
#1769 = B_SPLINE_CURVE_WITH_KNOTS('',1,(#1770,#1771),.UNSPECIFIED.,.F.,
  .F.,(2,2),(12.278110745369,26.278110745369),.PIECEWISE_BEZIER_KNOTS.);
#1770 = CARTESIAN_POINT('',(14.,-1.));
#1771 = CARTESIAN_POINT('',(0.,-1.));
#1772 = ( GEOMETRIC_REPRESENTATION_CONTEXT(2) 
PARAMETRIC_REPRESENTATION_CONTEXT() REPRESENTATION_CONTEXT('2D SPACE',''
  ) );
#1773 = ORIENTED_EDGE('',*,*,#1774,.T.);
#1774 = EDGE_CURVE('',#1749,#1775,#1777,.T.);
#1775 = VERTEX_POINT('',#1776);
#1776 = CARTESIAN_POINT('',(138.018,-103.836,1.51));
#1777 = SURFACE_CURVE('',#1778,(#1783,#1794),.PCURVE_S1.);
#1778 = CIRCLE('',#1779,1.);
#1779 = AXIS2_PLACEMENT_3D('',#1780,#1781,#1782);
#1780 = CARTESIAN_POINT('',(139.018,-103.836,1.51));
#1781 = DIRECTION('',(-0.,-0.,-1.));
#1782 = DIRECTION('',(0.,-1.,0.));
#1783 = PCURVE('',#45,#1784);
#1784 = DEFINITIONAL_REPRESENTATION('',(#1785),#1793);
#1785 = ( BOUNDED_CURVE() B_SPLINE_CURVE(2,(#1786,#1787,#1788,#1789,
#1790,#1791,#1792),.UNSPECIFIED.,.T.,.F.) B_SPLINE_CURVE_WITH_KNOTS((1,2
    ,2,2,2,1),(-2.094395102393,0.,2.094395102393,4.188790204786,
6.28318530718,8.377580409573),.UNSPECIFIED.) CURVE() 
GEOMETRIC_REPRESENTATION_ITEM() RATIONAL_B_SPLINE_CURVE((1.,0.5,1.,0.5,
1.,0.5,1.)) REPRESENTATION_ITEM('') );
#1786 = CARTESIAN_POINT('',(-51.55622149073,-32.77019757808));
#1787 = CARTESIAN_POINT('',(-53.2882722983,-32.77019757808));
#1788 = CARTESIAN_POINT('',(-52.42224689452,-31.27019757808));
#1789 = CARTESIAN_POINT('',(-51.55622149073,-29.77019757808));
#1790 = CARTESIAN_POINT('',(-50.69019608695,-31.27019757808));
#1791 = CARTESIAN_POINT('',(-49.82417068317,-32.77019757808));
#1792 = CARTESIAN_POINT('',(-51.55622149073,-32.77019757808));
#1793 = ( GEOMETRIC_REPRESENTATION_CONTEXT(2) 
PARAMETRIC_REPRESENTATION_CONTEXT() REPRESENTATION_CONTEXT('2D SPACE',''
  ) );
#1794 = PCURVE('',#1795,#1800);
#1795 = CYLINDRICAL_SURFACE('',#1796,1.);
#1796 = AXIS2_PLACEMENT_3D('',#1797,#1798,#1799);
#1797 = CARTESIAN_POINT('',(139.018,-103.836,1.51));
#1798 = DIRECTION('',(0.,0.,1.));
#1799 = DIRECTION('',(0.,-1.,0.));
#1800 = DEFINITIONAL_REPRESENTATION('',(#1801),#1805);
#1801 = LINE('',#1802,#1803);
#1802 = CARTESIAN_POINT('',(-0.,0.));
#1803 = VECTOR('',#1804,1.);
#1804 = DIRECTION('',(-1.,0.));
#1805 = ( GEOMETRIC_REPRESENTATION_CONTEXT(2) 
PARAMETRIC_REPRESENTATION_CONTEXT() REPRESENTATION_CONTEXT('2D SPACE',''
  ) );
#1806 = ORIENTED_EDGE('',*,*,#1807,.T.);
#1807 = EDGE_CURVE('',#1775,#1808,#1810,.T.);
#1808 = VERTEX_POINT('',#1809);
#1809 = CARTESIAN_POINT('',(138.018,-91.836,1.51));
#1810 = SURFACE_CURVE('',#1811,(#1815,#1821),.PCURVE_S1.);
#1811 = LINE('',#1812,#1813);
#1812 = CARTESIAN_POINT('',(138.018,-81.45090121095,1.51));
#1813 = VECTOR('',#1814,1.);
#1814 = DIRECTION('',(-0.,1.,0.));
#1815 = PCURVE('',#45,#1816);
#1816 = DEFINITIONAL_REPRESENTATION('',(#1817),#1820);
#1817 = B_SPLINE_CURVE_WITH_KNOTS('',1,(#1818,#1819),.UNSPECIFIED.,.F.,
  .F.,(2,2),(-23.38509878904,-9.385098789042),.PIECEWISE_BEZIER_KNOTS.);
#1818 = CARTESIAN_POINT('',(-52.55622149073,-32.77019757808));
#1819 = CARTESIAN_POINT('',(-52.55622149073,-18.77019757808));
#1820 = ( GEOMETRIC_REPRESENTATION_CONTEXT(2) 
PARAMETRIC_REPRESENTATION_CONTEXT() REPRESENTATION_CONTEXT('2D SPACE',''
  ) );
#1821 = PCURVE('',#1822,#1827);
#1822 = PLANE('',#1823);
#1823 = AXIS2_PLACEMENT_3D('',#1824,#1825,#1826);
#1824 = CARTESIAN_POINT('',(138.018,-90.836,0.51));
#1825 = DIRECTION('',(1.,0.,-0.));
#1826 = DIRECTION('',(0.,-1.,0.));
#1827 = DEFINITIONAL_REPRESENTATION('',(#1828),#1831);
#1828 = B_SPLINE_CURVE_WITH_KNOTS('',1,(#1829,#1830),.UNSPECIFIED.,.F.,
  .F.,(2,2),(-23.38509878904,-9.385098789042),.PIECEWISE_BEZIER_KNOTS.);
#1829 = CARTESIAN_POINT('',(14.,-1.));
#1830 = CARTESIAN_POINT('',(0.,-1.));
#1831 = ( GEOMETRIC_REPRESENTATION_CONTEXT(2) 
PARAMETRIC_REPRESENTATION_CONTEXT() REPRESENTATION_CONTEXT('2D SPACE',''
  ) );
#1832 = ORIENTED_EDGE('',*,*,#1833,.F.);
#1833 = EDGE_CURVE('',#1834,#1808,#1836,.T.);
#1834 = VERTEX_POINT('',#1835);
#1835 = CARTESIAN_POINT('',(139.018,-90.836,1.51));
#1836 = SURFACE_CURVE('',#1837,(#1842,#1849),.PCURVE_S1.);
#1837 = CIRCLE('',#1838,1.);
#1838 = AXIS2_PLACEMENT_3D('',#1839,#1840,#1841);
#1839 = CARTESIAN_POINT('',(139.018,-91.836,1.51));
#1840 = DIRECTION('',(0.,0.,1.));
#1841 = DIRECTION('',(0.,-1.,0.));
#1842 = PCURVE('',#45,#1843);
#1843 = DEFINITIONAL_REPRESENTATION('',(#1844),#1848);
#1844 = CIRCLE('',#1845,1.);
#1845 = AXIS2_PLACEMENT_2D('',#1846,#1847);
#1846 = CARTESIAN_POINT('',(-51.55622149073,-19.77019757808));
#1847 = DIRECTION('',(0.,-1.));
#1848 = ( GEOMETRIC_REPRESENTATION_CONTEXT(2) 
PARAMETRIC_REPRESENTATION_CONTEXT() REPRESENTATION_CONTEXT('2D SPACE',''
  ) );
#1849 = PCURVE('',#1850,#1855);
#1850 = CYLINDRICAL_SURFACE('',#1851,1.);
#1851 = AXIS2_PLACEMENT_3D('',#1852,#1853,#1854);
#1852 = CARTESIAN_POINT('',(139.018,-91.836,1.51));
#1853 = DIRECTION('',(0.,0.,1.));
#1854 = DIRECTION('',(-0.,1.,0.));
#1855 = DEFINITIONAL_REPRESENTATION('',(#1856),#1860);
#1856 = LINE('',#1857,#1858);
#1857 = CARTESIAN_POINT('',(-3.14159265359,0.));
#1858 = VECTOR('',#1859,1.);
#1859 = DIRECTION('',(1.,0.));
#1860 = ( GEOMETRIC_REPRESENTATION_CONTEXT(2) 
PARAMETRIC_REPRESENTATION_CONTEXT() REPRESENTATION_CONTEXT('2D SPACE',''
  ) );
#1861 = ORIENTED_EDGE('',*,*,#1862,.T.);
#1862 = EDGE_CURVE('',#1834,#1863,#1865,.T.);
#1863 = VERTEX_POINT('',#1864);
#1864 = CARTESIAN_POINT('',(151.018,-90.836,1.51));
#1865 = SURFACE_CURVE('',#1866,(#1870,#1876),.PCURVE_S1.);
#1866 = LINE('',#1867,#1868);
#1867 = CARTESIAN_POINT('',(171.29611074536,-90.836,1.51));
#1868 = VECTOR('',#1869,1.);
#1869 = DIRECTION('',(1.,0.,-0.));
#1870 = PCURVE('',#45,#1871);
#1871 = DEFINITIONAL_REPRESENTATION('',(#1872),#1875);
#1872 = B_SPLINE_CURVE_WITH_KNOTS('',1,(#1873,#1874),.UNSPECIFIED.,.F.,
  .F.,(2,2),(-33.27811074536,-19.27811074536),.PIECEWISE_BEZIER_KNOTS.);
#1873 = CARTESIAN_POINT('',(-52.55622149073,-18.77019757808));
#1874 = CARTESIAN_POINT('',(-38.55622149073,-18.77019757808));
#1875 = ( GEOMETRIC_REPRESENTATION_CONTEXT(2) 
PARAMETRIC_REPRESENTATION_CONTEXT() REPRESENTATION_CONTEXT('2D SPACE',''
  ) );
#1876 = PCURVE('',#1877,#1882);
#1877 = PLANE('',#1878);
#1878 = AXIS2_PLACEMENT_3D('',#1879,#1880,#1881);
#1879 = CARTESIAN_POINT('',(152.018,-90.836,0.51));
#1880 = DIRECTION('',(0.,-1.,0.));
#1881 = DIRECTION('',(-1.,0.,0.));
#1882 = DEFINITIONAL_REPRESENTATION('',(#1883),#1886);
#1883 = B_SPLINE_CURVE_WITH_KNOTS('',1,(#1884,#1885),.UNSPECIFIED.,.F.,
  .F.,(2,2),(-33.27811074536,-19.27811074536),.PIECEWISE_BEZIER_KNOTS.);
#1884 = CARTESIAN_POINT('',(14.,-1.));
#1885 = CARTESIAN_POINT('',(0.,-1.));
#1886 = ( GEOMETRIC_REPRESENTATION_CONTEXT(2) 
PARAMETRIC_REPRESENTATION_CONTEXT() REPRESENTATION_CONTEXT('2D SPACE',''
  ) );
#1887 = ORIENTED_EDGE('',*,*,#1888,.F.);
#1888 = EDGE_CURVE('',#1688,#1863,#1889,.T.);
#1889 = SURFACE_CURVE('',#1890,(#1895,#1902),.PCURVE_S1.);
#1890 = CIRCLE('',#1891,1.);
#1891 = AXIS2_PLACEMENT_3D('',#1892,#1893,#1894);
#1892 = CARTESIAN_POINT('',(151.018,-91.836,1.51));
#1893 = DIRECTION('',(0.,0.,1.));
#1894 = DIRECTION('',(0.,-1.,0.));
#1895 = PCURVE('',#45,#1896);
#1896 = DEFINITIONAL_REPRESENTATION('',(#1897),#1901);
#1897 = CIRCLE('',#1898,1.);
#1898 = AXIS2_PLACEMENT_2D('',#1899,#1900);
#1899 = CARTESIAN_POINT('',(-39.55622149073,-19.77019757808));
#1900 = DIRECTION('',(0.,-1.));
#1901 = ( GEOMETRIC_REPRESENTATION_CONTEXT(2) 
PARAMETRIC_REPRESENTATION_CONTEXT() REPRESENTATION_CONTEXT('2D SPACE',''
  ) );
#1902 = PCURVE('',#1903,#1908);
#1903 = CYLINDRICAL_SURFACE('',#1904,1.);
#1904 = AXIS2_PLACEMENT_3D('',#1905,#1906,#1907);
#1905 = CARTESIAN_POINT('',(151.018,-91.836,1.51));
#1906 = DIRECTION('',(0.,0.,1.));
#1907 = DIRECTION('',(1.,0.,-0.));
#1908 = DEFINITIONAL_REPRESENTATION('',(#1909),#1913);
#1909 = LINE('',#1910,#1911);
#1910 = CARTESIAN_POINT('',(-1.570796326795,0.));
#1911 = VECTOR('',#1912,1.);
#1912 = DIRECTION('',(1.,0.));
#1913 = ( GEOMETRIC_REPRESENTATION_CONTEXT(2) 
PARAMETRIC_REPRESENTATION_CONTEXT() REPRESENTATION_CONTEXT('2D SPACE',''
  ) );
#1914 = FACE_BOUND('',#1915,.F.);
#1915 = EDGE_LOOP('',(#1916,#1944,#1977,#2003,#2036,#2062,#2091,#2117));
#1916 = ORIENTED_EDGE('',*,*,#1917,.T.);
#1917 = EDGE_CURVE('',#1918,#1920,#1922,.T.);
#1918 = VERTEX_POINT('',#1919);
#1919 = CARTESIAN_POINT('',(170.478,-72.232,1.51));
#1920 = VERTEX_POINT('',#1921);
#1921 = CARTESIAN_POINT('',(170.478,-84.232,1.51));
#1922 = SURFACE_CURVE('',#1923,(#1927,#1933),.PCURVE_S1.);
#1923 = LINE('',#1924,#1925);
#1924 = CARTESIAN_POINT('',(170.478,-78.64890121095,1.51));
#1925 = VECTOR('',#1926,1.);
#1926 = DIRECTION('',(0.,-1.,0.));
#1927 = PCURVE('',#45,#1928);
#1928 = DEFINITIONAL_REPRESENTATION('',(#1929),#1932);
#1929 = B_SPLINE_CURVE_WITH_KNOTS('',1,(#1930,#1931),.UNSPECIFIED.,.F.,
  .F.,(2,2),(-7.416901210958,6.583098789042),.PIECEWISE_BEZIER_KNOTS.);
#1930 = CARTESIAN_POINT('',(-20.09622149073,0.833802421915));
#1931 = CARTESIAN_POINT('',(-20.09622149073,-13.16619757808));
#1932 = ( GEOMETRIC_REPRESENTATION_CONTEXT(2) 
PARAMETRIC_REPRESENTATION_CONTEXT() REPRESENTATION_CONTEXT('2D SPACE',''
  ) );
#1933 = PCURVE('',#1934,#1939);
#1934 = PLANE('',#1935);
#1935 = AXIS2_PLACEMENT_3D('',#1936,#1937,#1938);
#1936 = CARTESIAN_POINT('',(170.478,-85.232,0.51));
#1937 = DIRECTION('',(-1.,0.,0.));
#1938 = DIRECTION('',(0.,1.,0.));
#1939 = DEFINITIONAL_REPRESENTATION('',(#1940),#1943);
#1940 = B_SPLINE_CURVE_WITH_KNOTS('',1,(#1941,#1942),.UNSPECIFIED.,.F.,
  .F.,(2,2),(-7.416901210958,6.583098789042),.PIECEWISE_BEZIER_KNOTS.);
#1941 = CARTESIAN_POINT('',(14.,-1.));
#1942 = CARTESIAN_POINT('',(0.,-1.));
#1943 = ( GEOMETRIC_REPRESENTATION_CONTEXT(2) 
PARAMETRIC_REPRESENTATION_CONTEXT() REPRESENTATION_CONTEXT('2D SPACE',''
  ) );
#1944 = ORIENTED_EDGE('',*,*,#1945,.T.);
#1945 = EDGE_CURVE('',#1920,#1946,#1948,.T.);
#1946 = VERTEX_POINT('',#1947);
#1947 = CARTESIAN_POINT('',(169.478,-85.232,1.51));
#1948 = SURFACE_CURVE('',#1949,(#1954,#1965),.PCURVE_S1.);
#1949 = CIRCLE('',#1950,1.);
#1950 = AXIS2_PLACEMENT_3D('',#1951,#1952,#1953);
#1951 = CARTESIAN_POINT('',(169.478,-84.232,1.51));
#1952 = DIRECTION('',(-0.,-0.,-1.));
#1953 = DIRECTION('',(0.,-1.,0.));
#1954 = PCURVE('',#45,#1955);
#1955 = DEFINITIONAL_REPRESENTATION('',(#1956),#1964);
#1956 = ( BOUNDED_CURVE() B_SPLINE_CURVE(2,(#1957,#1958,#1959,#1960,
#1961,#1962,#1963),.UNSPECIFIED.,.T.,.F.) B_SPLINE_CURVE_WITH_KNOTS((1,2
    ,2,2,2,1),(-2.094395102393,0.,2.094395102393,4.188790204786,
6.28318530718,8.377580409573),.UNSPECIFIED.) CURVE() 
GEOMETRIC_REPRESENTATION_ITEM() RATIONAL_B_SPLINE_CURVE((1.,0.5,1.,0.5,
1.,0.5,1.)) REPRESENTATION_ITEM('') );
#1957 = CARTESIAN_POINT('',(-21.09622149073,-13.16619757808));
#1958 = CARTESIAN_POINT('',(-22.8282722983,-13.16619757808));
#1959 = CARTESIAN_POINT('',(-21.96224689452,-11.66619757808));
#1960 = CARTESIAN_POINT('',(-21.09622149073,-10.16619757808));
#1961 = CARTESIAN_POINT('',(-20.23019608695,-11.66619757808));
#1962 = CARTESIAN_POINT('',(-19.36417068317,-13.16619757808));
#1963 = CARTESIAN_POINT('',(-21.09622149073,-13.16619757808));
#1964 = ( GEOMETRIC_REPRESENTATION_CONTEXT(2) 
PARAMETRIC_REPRESENTATION_CONTEXT() REPRESENTATION_CONTEXT('2D SPACE',''
  ) );
#1965 = PCURVE('',#1966,#1971);
#1966 = CYLINDRICAL_SURFACE('',#1967,1.);
#1967 = AXIS2_PLACEMENT_3D('',#1968,#1969,#1970);
#1968 = CARTESIAN_POINT('',(169.478,-84.232,1.51));
#1969 = DIRECTION('',(0.,0.,1.));
#1970 = DIRECTION('',(1.,0.,-0.));
#1971 = DEFINITIONAL_REPRESENTATION('',(#1972),#1976);
#1972 = LINE('',#1973,#1974);
#1973 = CARTESIAN_POINT('',(4.712388980385,-0.));
#1974 = VECTOR('',#1975,1.);
#1975 = DIRECTION('',(-1.,0.));
#1976 = ( GEOMETRIC_REPRESENTATION_CONTEXT(2) 
PARAMETRIC_REPRESENTATION_CONTEXT() REPRESENTATION_CONTEXT('2D SPACE',''
  ) );
#1977 = ORIENTED_EDGE('',*,*,#1978,.T.);
#1978 = EDGE_CURVE('',#1946,#1979,#1981,.T.);
#1979 = VERTEX_POINT('',#1980);
#1980 = CARTESIAN_POINT('',(157.478,-85.232,1.51));
#1981 = SURFACE_CURVE('',#1982,(#1986,#1992),.PCURVE_S1.);
#1982 = LINE('',#1983,#1984);
#1983 = CARTESIAN_POINT('',(173.52611074536,-85.232,1.51));
#1984 = VECTOR('',#1985,1.);
#1985 = DIRECTION('',(-1.,0.,0.));
#1986 = PCURVE('',#45,#1987);
#1987 = DEFINITIONAL_REPRESENTATION('',(#1988),#1991);
#1988 = B_SPLINE_CURVE_WITH_KNOTS('',1,(#1989,#1990),.UNSPECIFIED.,.F.,
  .F.,(2,2),(3.048110745369,17.048110745369),.PIECEWISE_BEZIER_KNOTS.);
#1989 = CARTESIAN_POINT('',(-20.09622149073,-13.16619757808));
#1990 = CARTESIAN_POINT('',(-34.09622149073,-13.16619757808));
#1991 = ( GEOMETRIC_REPRESENTATION_CONTEXT(2) 
PARAMETRIC_REPRESENTATION_CONTEXT() REPRESENTATION_CONTEXT('2D SPACE',''
  ) );
#1992 = PCURVE('',#1993,#1998);
#1993 = PLANE('',#1994);
#1994 = AXIS2_PLACEMENT_3D('',#1995,#1996,#1997);
#1995 = CARTESIAN_POINT('',(156.478,-85.232,0.51));
#1996 = DIRECTION('',(0.,1.,0.));
#1997 = DIRECTION('',(1.,0.,0.));
#1998 = DEFINITIONAL_REPRESENTATION('',(#1999),#2002);
#1999 = B_SPLINE_CURVE_WITH_KNOTS('',1,(#2000,#2001),.UNSPECIFIED.,.F.,
  .F.,(2,2),(3.048110745369,17.048110745369),.PIECEWISE_BEZIER_KNOTS.);
#2000 = CARTESIAN_POINT('',(14.,-1.));
#2001 = CARTESIAN_POINT('',(0.,-1.));
#2002 = ( GEOMETRIC_REPRESENTATION_CONTEXT(2) 
PARAMETRIC_REPRESENTATION_CONTEXT() REPRESENTATION_CONTEXT('2D SPACE',''
  ) );
#2003 = ORIENTED_EDGE('',*,*,#2004,.T.);
#2004 = EDGE_CURVE('',#1979,#2005,#2007,.T.);
#2005 = VERTEX_POINT('',#2006);
#2006 = CARTESIAN_POINT('',(156.478,-84.232,1.51));
#2007 = SURFACE_CURVE('',#2008,(#2013,#2024),.PCURVE_S1.);
#2008 = CIRCLE('',#2009,1.);
#2009 = AXIS2_PLACEMENT_3D('',#2010,#2011,#2012);
#2010 = CARTESIAN_POINT('',(157.478,-84.232,1.51));
#2011 = DIRECTION('',(-0.,-0.,-1.));
#2012 = DIRECTION('',(0.,-1.,0.));
#2013 = PCURVE('',#45,#2014);
#2014 = DEFINITIONAL_REPRESENTATION('',(#2015),#2023);
#2015 = ( BOUNDED_CURVE() B_SPLINE_CURVE(2,(#2016,#2017,#2018,#2019,
#2020,#2021,#2022),.UNSPECIFIED.,.T.,.F.) B_SPLINE_CURVE_WITH_KNOTS((1,2
    ,2,2,2,1),(-2.094395102393,0.,2.094395102393,4.188790204786,
6.28318530718,8.377580409573),.UNSPECIFIED.) CURVE() 
GEOMETRIC_REPRESENTATION_ITEM() RATIONAL_B_SPLINE_CURVE((1.,0.5,1.,0.5,
1.,0.5,1.)) REPRESENTATION_ITEM('') );
#2016 = CARTESIAN_POINT('',(-33.09622149073,-13.16619757808));
#2017 = CARTESIAN_POINT('',(-34.8282722983,-13.16619757808));
#2018 = CARTESIAN_POINT('',(-33.96224689452,-11.66619757808));
#2019 = CARTESIAN_POINT('',(-33.09622149073,-10.16619757808));
#2020 = CARTESIAN_POINT('',(-32.23019608695,-11.66619757808));
#2021 = CARTESIAN_POINT('',(-31.36417068317,-13.16619757808));
#2022 = CARTESIAN_POINT('',(-33.09622149073,-13.16619757808));
#2023 = ( GEOMETRIC_REPRESENTATION_CONTEXT(2) 
PARAMETRIC_REPRESENTATION_CONTEXT() REPRESENTATION_CONTEXT('2D SPACE',''
  ) );
#2024 = PCURVE('',#2025,#2030);
#2025 = CYLINDRICAL_SURFACE('',#2026,1.);
#2026 = AXIS2_PLACEMENT_3D('',#2027,#2028,#2029);
#2027 = CARTESIAN_POINT('',(157.478,-84.232,1.51));
#2028 = DIRECTION('',(0.,0.,1.));
#2029 = DIRECTION('',(0.,-1.,0.));
#2030 = DEFINITIONAL_REPRESENTATION('',(#2031),#2035);
#2031 = LINE('',#2032,#2033);
#2032 = CARTESIAN_POINT('',(-0.,0.));
#2033 = VECTOR('',#2034,1.);
#2034 = DIRECTION('',(-1.,0.));
#2035 = ( GEOMETRIC_REPRESENTATION_CONTEXT(2) 
PARAMETRIC_REPRESENTATION_CONTEXT() REPRESENTATION_CONTEXT('2D SPACE',''
  ) );
#2036 = ORIENTED_EDGE('',*,*,#2037,.T.);
#2037 = EDGE_CURVE('',#2005,#2038,#2040,.T.);
#2038 = VERTEX_POINT('',#2039);
#2039 = CARTESIAN_POINT('',(156.478,-72.232,1.51));
#2040 = SURFACE_CURVE('',#2041,(#2045,#2051),.PCURVE_S1.);
#2041 = LINE('',#2042,#2043);
#2042 = CARTESIAN_POINT('',(156.478,-71.64890121095,1.51));
#2043 = VECTOR('',#2044,1.);
#2044 = DIRECTION('',(-0.,1.,0.));
#2045 = PCURVE('',#45,#2046);
#2046 = DEFINITIONAL_REPRESENTATION('',(#2047),#2050);
#2047 = B_SPLINE_CURVE_WITH_KNOTS('',1,(#2048,#2049),.UNSPECIFIED.,.F.,
  .F.,(2,2),(-13.58309878904,0.416901210958),.PIECEWISE_BEZIER_KNOTS.);
#2048 = CARTESIAN_POINT('',(-34.09622149073,-13.16619757808));
#2049 = CARTESIAN_POINT('',(-34.09622149073,0.833802421915));
#2050 = ( GEOMETRIC_REPRESENTATION_CONTEXT(2) 
PARAMETRIC_REPRESENTATION_CONTEXT() REPRESENTATION_CONTEXT('2D SPACE',''
  ) );
#2051 = PCURVE('',#2052,#2057);
#2052 = PLANE('',#2053);
#2053 = AXIS2_PLACEMENT_3D('',#2054,#2055,#2056);
#2054 = CARTESIAN_POINT('',(156.478,-71.232,0.51));
#2055 = DIRECTION('',(1.,0.,-0.));
#2056 = DIRECTION('',(0.,-1.,0.));
#2057 = DEFINITIONAL_REPRESENTATION('',(#2058),#2061);
#2058 = B_SPLINE_CURVE_WITH_KNOTS('',1,(#2059,#2060),.UNSPECIFIED.,.F.,
  .F.,(2,2),(-13.58309878904,0.416901210958),.PIECEWISE_BEZIER_KNOTS.);
#2059 = CARTESIAN_POINT('',(14.,-1.));
#2060 = CARTESIAN_POINT('',(0.,-1.));
#2061 = ( GEOMETRIC_REPRESENTATION_CONTEXT(2) 
PARAMETRIC_REPRESENTATION_CONTEXT() REPRESENTATION_CONTEXT('2D SPACE',''
  ) );
#2062 = ORIENTED_EDGE('',*,*,#2063,.F.);
#2063 = EDGE_CURVE('',#2064,#2038,#2066,.T.);
#2064 = VERTEX_POINT('',#2065);
#2065 = CARTESIAN_POINT('',(157.478,-71.232,1.51));
#2066 = SURFACE_CURVE('',#2067,(#2072,#2079),.PCURVE_S1.);
#2067 = CIRCLE('',#2068,1.);
#2068 = AXIS2_PLACEMENT_3D('',#2069,#2070,#2071);
#2069 = CARTESIAN_POINT('',(157.478,-72.232,1.51));
#2070 = DIRECTION('',(0.,0.,1.));
#2071 = DIRECTION('',(0.,-1.,0.));
#2072 = PCURVE('',#45,#2073);
#2073 = DEFINITIONAL_REPRESENTATION('',(#2074),#2078);
#2074 = CIRCLE('',#2075,1.);
#2075 = AXIS2_PLACEMENT_2D('',#2076,#2077);
#2076 = CARTESIAN_POINT('',(-33.09622149073,-0.166197578085));
#2077 = DIRECTION('',(0.,-1.));
#2078 = ( GEOMETRIC_REPRESENTATION_CONTEXT(2) 
PARAMETRIC_REPRESENTATION_CONTEXT() REPRESENTATION_CONTEXT('2D SPACE',''
  ) );
#2079 = PCURVE('',#2080,#2085);
#2080 = CYLINDRICAL_SURFACE('',#2081,1.);
#2081 = AXIS2_PLACEMENT_3D('',#2082,#2083,#2084);
#2082 = CARTESIAN_POINT('',(157.478,-72.232,1.51));
#2083 = DIRECTION('',(0.,0.,1.));
#2084 = DIRECTION('',(-0.,1.,0.));
#2085 = DEFINITIONAL_REPRESENTATION('',(#2086),#2090);
#2086 = LINE('',#2087,#2088);
#2087 = CARTESIAN_POINT('',(-3.14159265359,0.));
#2088 = VECTOR('',#2089,1.);
#2089 = DIRECTION('',(1.,0.));
#2090 = ( GEOMETRIC_REPRESENTATION_CONTEXT(2) 
PARAMETRIC_REPRESENTATION_CONTEXT() REPRESENTATION_CONTEXT('2D SPACE',''
  ) );
#2091 = ORIENTED_EDGE('',*,*,#2092,.T.);
#2092 = EDGE_CURVE('',#2064,#2093,#2095,.T.);
#2093 = VERTEX_POINT('',#2094);
#2094 = CARTESIAN_POINT('',(169.478,-71.232,1.51));
#2095 = SURFACE_CURVE('',#2096,(#2100,#2106),.PCURVE_S1.);
#2096 = LINE('',#2097,#2098);
#2097 = CARTESIAN_POINT('',(180.52611074536,-71.232,1.51));
#2098 = VECTOR('',#2099,1.);
#2099 = DIRECTION('',(1.,0.,-0.));
#2100 = PCURVE('',#45,#2101);
#2101 = DEFINITIONAL_REPRESENTATION('',(#2102),#2105);
#2102 = B_SPLINE_CURVE_WITH_KNOTS('',1,(#2103,#2104),.UNSPECIFIED.,.F.,
  .F.,(2,2),(-24.04811074536,-10.04811074536),.PIECEWISE_BEZIER_KNOTS.);
#2103 = CARTESIAN_POINT('',(-34.09622149073,0.833802421915));
#2104 = CARTESIAN_POINT('',(-20.09622149073,0.833802421915));
#2105 = ( GEOMETRIC_REPRESENTATION_CONTEXT(2) 
PARAMETRIC_REPRESENTATION_CONTEXT() REPRESENTATION_CONTEXT('2D SPACE',''
  ) );
#2106 = PCURVE('',#2107,#2112);
#2107 = PLANE('',#2108);
#2108 = AXIS2_PLACEMENT_3D('',#2109,#2110,#2111);
#2109 = CARTESIAN_POINT('',(170.478,-71.232,0.51));
#2110 = DIRECTION('',(0.,-1.,0.));
#2111 = DIRECTION('',(-1.,0.,0.));
#2112 = DEFINITIONAL_REPRESENTATION('',(#2113),#2116);
#2113 = B_SPLINE_CURVE_WITH_KNOTS('',1,(#2114,#2115),.UNSPECIFIED.,.F.,
  .F.,(2,2),(-24.04811074536,-10.04811074536),.PIECEWISE_BEZIER_KNOTS.);
#2114 = CARTESIAN_POINT('',(14.,-1.));
#2115 = CARTESIAN_POINT('',(0.,-1.));
#2116 = ( GEOMETRIC_REPRESENTATION_CONTEXT(2) 
PARAMETRIC_REPRESENTATION_CONTEXT() REPRESENTATION_CONTEXT('2D SPACE',''
  ) );
#2117 = ORIENTED_EDGE('',*,*,#2118,.F.);
#2118 = EDGE_CURVE('',#1918,#2093,#2119,.T.);
#2119 = SURFACE_CURVE('',#2120,(#2125,#2132),.PCURVE_S1.);
#2120 = CIRCLE('',#2121,1.);
#2121 = AXIS2_PLACEMENT_3D('',#2122,#2123,#2124);
#2122 = CARTESIAN_POINT('',(169.478,-72.232,1.51));
#2123 = DIRECTION('',(0.,0.,1.));
#2124 = DIRECTION('',(0.,-1.,0.));
#2125 = PCURVE('',#45,#2126);
#2126 = DEFINITIONAL_REPRESENTATION('',(#2127),#2131);
#2127 = CIRCLE('',#2128,1.);
#2128 = AXIS2_PLACEMENT_2D('',#2129,#2130);
#2129 = CARTESIAN_POINT('',(-21.09622149073,-0.166197578085));
#2130 = DIRECTION('',(0.,-1.));
#2131 = ( GEOMETRIC_REPRESENTATION_CONTEXT(2) 
PARAMETRIC_REPRESENTATION_CONTEXT() REPRESENTATION_CONTEXT('2D SPACE',''
  ) );
#2132 = PCURVE('',#2133,#2138);
#2133 = CYLINDRICAL_SURFACE('',#2134,1.);
#2134 = AXIS2_PLACEMENT_3D('',#2135,#2136,#2137);
#2135 = CARTESIAN_POINT('',(169.478,-72.232,1.51));
#2136 = DIRECTION('',(0.,0.,1.));
#2137 = DIRECTION('',(1.,0.,-0.));
#2138 = DEFINITIONAL_REPRESENTATION('',(#2139),#2143);
#2139 = LINE('',#2140,#2141);
#2140 = CARTESIAN_POINT('',(-1.570796326795,0.));
#2141 = VECTOR('',#2142,1.);
#2142 = DIRECTION('',(1.,0.));
#2143 = ( GEOMETRIC_REPRESENTATION_CONTEXT(2) 
PARAMETRIC_REPRESENTATION_CONTEXT() REPRESENTATION_CONTEXT('2D SPACE',''
  ) );
#2144 = FACE_BOUND('',#2145,.F.);
#2145 = EDGE_LOOP('',(#2146,#2174,#2207,#2233,#2266,#2292,#2321,#2347));
#2146 = ORIENTED_EDGE('',*,*,#2147,.T.);
#2147 = EDGE_CURVE('',#2148,#2150,#2152,.T.);
#2148 = VERTEX_POINT('',#2149);
#2149 = CARTESIAN_POINT('',(188.492,-69.692,1.51));
#2150 = VERTEX_POINT('',#2151);
#2151 = CARTESIAN_POINT('',(188.492,-81.692,1.51));
#2152 = SURFACE_CURVE('',#2153,(#2157,#2163),.PCURVE_S1.);
#2153 = LINE('',#2154,#2155);
#2154 = CARTESIAN_POINT('',(188.492,-77.37890121095,1.51));
#2155 = VECTOR('',#2156,1.);
#2156 = DIRECTION('',(0.,-1.,0.));
#2157 = PCURVE('',#45,#2158);
#2158 = DEFINITIONAL_REPRESENTATION('',(#2159),#2162);
#2159 = B_SPLINE_CURVE_WITH_KNOTS('',1,(#2160,#2161),.UNSPECIFIED.,.F.,
  .F.,(2,2),(-8.686901210958,5.313098789042),.PIECEWISE_BEZIER_KNOTS.);
#2160 = CARTESIAN_POINT('',(-2.082221490739,3.373802421915));
#2161 = CARTESIAN_POINT('',(-2.082221490739,-10.62619757808));
#2162 = ( GEOMETRIC_REPRESENTATION_CONTEXT(2) 
PARAMETRIC_REPRESENTATION_CONTEXT() REPRESENTATION_CONTEXT('2D SPACE',''
  ) );
#2163 = PCURVE('',#2164,#2169);
#2164 = PLANE('',#2165);
#2165 = AXIS2_PLACEMENT_3D('',#2166,#2167,#2168);
#2166 = CARTESIAN_POINT('',(188.492,-82.692,0.51));
#2167 = DIRECTION('',(-1.,0.,0.));
#2168 = DIRECTION('',(0.,1.,0.));
#2169 = DEFINITIONAL_REPRESENTATION('',(#2170),#2173);
#2170 = B_SPLINE_CURVE_WITH_KNOTS('',1,(#2171,#2172),.UNSPECIFIED.,.F.,
  .F.,(2,2),(-8.686901210958,5.313098789042),.PIECEWISE_BEZIER_KNOTS.);
#2171 = CARTESIAN_POINT('',(14.,-1.));
#2172 = CARTESIAN_POINT('',(0.,-1.));
#2173 = ( GEOMETRIC_REPRESENTATION_CONTEXT(2) 
PARAMETRIC_REPRESENTATION_CONTEXT() REPRESENTATION_CONTEXT('2D SPACE',''
  ) );
#2174 = ORIENTED_EDGE('',*,*,#2175,.T.);
#2175 = EDGE_CURVE('',#2150,#2176,#2178,.T.);
#2176 = VERTEX_POINT('',#2177);
#2177 = CARTESIAN_POINT('',(187.492,-82.692,1.51));
#2178 = SURFACE_CURVE('',#2179,(#2184,#2195),.PCURVE_S1.);
#2179 = CIRCLE('',#2180,1.);
#2180 = AXIS2_PLACEMENT_3D('',#2181,#2182,#2183);
#2181 = CARTESIAN_POINT('',(187.492,-81.692,1.51));
#2182 = DIRECTION('',(-0.,-0.,-1.));
#2183 = DIRECTION('',(0.,-1.,0.));
#2184 = PCURVE('',#45,#2185);
#2185 = DEFINITIONAL_REPRESENTATION('',(#2186),#2194);
#2186 = ( BOUNDED_CURVE() B_SPLINE_CURVE(2,(#2187,#2188,#2189,#2190,
#2191,#2192,#2193),.UNSPECIFIED.,.T.,.F.) B_SPLINE_CURVE_WITH_KNOTS((1,2
    ,2,2,2,1),(-2.094395102393,0.,2.094395102393,4.188790204786,
6.28318530718,8.377580409573),.UNSPECIFIED.) CURVE() 
GEOMETRIC_REPRESENTATION_ITEM() RATIONAL_B_SPLINE_CURVE((1.,0.5,1.,0.5,
1.,0.5,1.)) REPRESENTATION_ITEM('') );
#2187 = CARTESIAN_POINT('',(-3.082221490739,-10.62619757808));
#2188 = CARTESIAN_POINT('',(-4.814272298307,-10.62619757808));
#2189 = CARTESIAN_POINT('',(-3.948246894523,-9.126197578085));
#2190 = CARTESIAN_POINT('',(-3.082221490739,-7.626197578085));
#2191 = CARTESIAN_POINT('',(-2.216196086954,-9.126197578085));
#2192 = CARTESIAN_POINT('',(-1.35017068317,-10.62619757808));
#2193 = CARTESIAN_POINT('',(-3.082221490739,-10.62619757808));
#2194 = ( GEOMETRIC_REPRESENTATION_CONTEXT(2) 
PARAMETRIC_REPRESENTATION_CONTEXT() REPRESENTATION_CONTEXT('2D SPACE',''
  ) );
#2195 = PCURVE('',#2196,#2201);
#2196 = CYLINDRICAL_SURFACE('',#2197,1.);
#2197 = AXIS2_PLACEMENT_3D('',#2198,#2199,#2200);
#2198 = CARTESIAN_POINT('',(187.492,-81.692,1.51));
#2199 = DIRECTION('',(0.,0.,1.));
#2200 = DIRECTION('',(1.,0.,-0.));
#2201 = DEFINITIONAL_REPRESENTATION('',(#2202),#2206);
#2202 = LINE('',#2203,#2204);
#2203 = CARTESIAN_POINT('',(4.712388980385,-0.));
#2204 = VECTOR('',#2205,1.);
#2205 = DIRECTION('',(-1.,0.));
#2206 = ( GEOMETRIC_REPRESENTATION_CONTEXT(2) 
PARAMETRIC_REPRESENTATION_CONTEXT() REPRESENTATION_CONTEXT('2D SPACE',''
  ) );
#2207 = ORIENTED_EDGE('',*,*,#2208,.T.);
#2208 = EDGE_CURVE('',#2176,#2209,#2211,.T.);
#2209 = VERTEX_POINT('',#2210);
#2210 = CARTESIAN_POINT('',(175.492,-82.692,1.51));
#2211 = SURFACE_CURVE('',#2212,(#2216,#2222),.PCURVE_S1.);
#2212 = LINE('',#2213,#2214);
#2213 = CARTESIAN_POINT('',(182.53311074536,-82.692,1.51));
#2214 = VECTOR('',#2215,1.);
#2215 = DIRECTION('',(-1.,0.,0.));
#2216 = PCURVE('',#45,#2217);
#2217 = DEFINITIONAL_REPRESENTATION('',(#2218),#2221);
#2218 = B_SPLINE_CURVE_WITH_KNOTS('',1,(#2219,#2220),.UNSPECIFIED.,.F.,
  .F.,(2,2),(-5.958889254631,8.041110745369),.PIECEWISE_BEZIER_KNOTS.);
#2219 = CARTESIAN_POINT('',(-2.082221490739,-10.62619757808));
#2220 = CARTESIAN_POINT('',(-16.08222149073,-10.62619757808));
#2221 = ( GEOMETRIC_REPRESENTATION_CONTEXT(2) 
PARAMETRIC_REPRESENTATION_CONTEXT() REPRESENTATION_CONTEXT('2D SPACE',''
  ) );
#2222 = PCURVE('',#2223,#2228);
#2223 = PLANE('',#2224);
#2224 = AXIS2_PLACEMENT_3D('',#2225,#2226,#2227);
#2225 = CARTESIAN_POINT('',(174.492,-82.692,0.51));
#2226 = DIRECTION('',(0.,1.,0.));
#2227 = DIRECTION('',(1.,0.,0.));
#2228 = DEFINITIONAL_REPRESENTATION('',(#2229),#2232);
#2229 = B_SPLINE_CURVE_WITH_KNOTS('',1,(#2230,#2231),.UNSPECIFIED.,.F.,
  .F.,(2,2),(-5.958889254631,8.041110745369),.PIECEWISE_BEZIER_KNOTS.);
#2230 = CARTESIAN_POINT('',(14.,-1.));
#2231 = CARTESIAN_POINT('',(0.,-1.));
#2232 = ( GEOMETRIC_REPRESENTATION_CONTEXT(2) 
PARAMETRIC_REPRESENTATION_CONTEXT() REPRESENTATION_CONTEXT('2D SPACE',''
  ) );
#2233 = ORIENTED_EDGE('',*,*,#2234,.T.);
#2234 = EDGE_CURVE('',#2209,#2235,#2237,.T.);
#2235 = VERTEX_POINT('',#2236);
#2236 = CARTESIAN_POINT('',(174.492,-81.692,1.51));
#2237 = SURFACE_CURVE('',#2238,(#2243,#2254),.PCURVE_S1.);
#2238 = CIRCLE('',#2239,1.);
#2239 = AXIS2_PLACEMENT_3D('',#2240,#2241,#2242);
#2240 = CARTESIAN_POINT('',(175.492,-81.692,1.51));
#2241 = DIRECTION('',(-0.,-0.,-1.));
#2242 = DIRECTION('',(0.,-1.,0.));
#2243 = PCURVE('',#45,#2244);
#2244 = DEFINITIONAL_REPRESENTATION('',(#2245),#2253);
#2245 = ( BOUNDED_CURVE() B_SPLINE_CURVE(2,(#2246,#2247,#2248,#2249,
#2250,#2251,#2252),.UNSPECIFIED.,.T.,.F.) B_SPLINE_CURVE_WITH_KNOTS((1,2
    ,2,2,2,1),(-2.094395102393,0.,2.094395102393,4.188790204786,
6.28318530718,8.377580409573),.UNSPECIFIED.) CURVE() 
GEOMETRIC_REPRESENTATION_ITEM() RATIONAL_B_SPLINE_CURVE((1.,0.5,1.,0.5,
1.,0.5,1.)) REPRESENTATION_ITEM('') );
#2246 = CARTESIAN_POINT('',(-15.08222149073,-10.62619757808));
#2247 = CARTESIAN_POINT('',(-16.8142722983,-10.62619757808));
#2248 = CARTESIAN_POINT('',(-15.94824689452,-9.126197578085));
#2249 = CARTESIAN_POINT('',(-15.08222149073,-7.626197578085));
#2250 = CARTESIAN_POINT('',(-14.21619608695,-9.126197578085));
#2251 = CARTESIAN_POINT('',(-13.35017068317,-10.62619757808));
#2252 = CARTESIAN_POINT('',(-15.08222149073,-10.62619757808));
#2253 = ( GEOMETRIC_REPRESENTATION_CONTEXT(2) 
PARAMETRIC_REPRESENTATION_CONTEXT() REPRESENTATION_CONTEXT('2D SPACE',''
  ) );
#2254 = PCURVE('',#2255,#2260);
#2255 = CYLINDRICAL_SURFACE('',#2256,1.);
#2256 = AXIS2_PLACEMENT_3D('',#2257,#2258,#2259);
#2257 = CARTESIAN_POINT('',(175.492,-81.692,1.51));
#2258 = DIRECTION('',(0.,0.,1.));
#2259 = DIRECTION('',(0.,-1.,0.));
#2260 = DEFINITIONAL_REPRESENTATION('',(#2261),#2265);
#2261 = LINE('',#2262,#2263);
#2262 = CARTESIAN_POINT('',(-0.,0.));
#2263 = VECTOR('',#2264,1.);
#2264 = DIRECTION('',(-1.,0.));
#2265 = ( GEOMETRIC_REPRESENTATION_CONTEXT(2) 
PARAMETRIC_REPRESENTATION_CONTEXT() REPRESENTATION_CONTEXT('2D SPACE',''
  ) );
#2266 = ORIENTED_EDGE('',*,*,#2267,.T.);
#2267 = EDGE_CURVE('',#2235,#2268,#2270,.T.);
#2268 = VERTEX_POINT('',#2269);
#2269 = CARTESIAN_POINT('',(174.492,-69.692,1.51));
#2270 = SURFACE_CURVE('',#2271,(#2275,#2281),.PCURVE_S1.);
#2271 = LINE('',#2272,#2273);
#2272 = CARTESIAN_POINT('',(174.492,-70.37890121095,1.51));
#2273 = VECTOR('',#2274,1.);
#2274 = DIRECTION('',(-0.,1.,0.));
#2275 = PCURVE('',#45,#2276);
#2276 = DEFINITIONAL_REPRESENTATION('',(#2277),#2280);
#2277 = B_SPLINE_CURVE_WITH_KNOTS('',1,(#2278,#2279),.UNSPECIFIED.,.F.,
  .F.,(2,2),(-12.31309878904,1.686901210958),.PIECEWISE_BEZIER_KNOTS.);
#2278 = CARTESIAN_POINT('',(-16.08222149073,-10.62619757808));
#2279 = CARTESIAN_POINT('',(-16.08222149073,3.373802421915));
#2280 = ( GEOMETRIC_REPRESENTATION_CONTEXT(2) 
PARAMETRIC_REPRESENTATION_CONTEXT() REPRESENTATION_CONTEXT('2D SPACE',''
  ) );
#2281 = PCURVE('',#2282,#2287);
#2282 = PLANE('',#2283);
#2283 = AXIS2_PLACEMENT_3D('',#2284,#2285,#2286);
#2284 = CARTESIAN_POINT('',(174.492,-68.692,0.51));
#2285 = DIRECTION('',(1.,0.,-0.));
#2286 = DIRECTION('',(0.,-1.,0.));
#2287 = DEFINITIONAL_REPRESENTATION('',(#2288),#2291);
#2288 = B_SPLINE_CURVE_WITH_KNOTS('',1,(#2289,#2290),.UNSPECIFIED.,.F.,
  .F.,(2,2),(-12.31309878904,1.686901210958),.PIECEWISE_BEZIER_KNOTS.);
#2289 = CARTESIAN_POINT('',(14.,-1.));
#2290 = CARTESIAN_POINT('',(0.,-1.));
#2291 = ( GEOMETRIC_REPRESENTATION_CONTEXT(2) 
PARAMETRIC_REPRESENTATION_CONTEXT() REPRESENTATION_CONTEXT('2D SPACE',''
  ) );
#2292 = ORIENTED_EDGE('',*,*,#2293,.F.);
#2293 = EDGE_CURVE('',#2294,#2268,#2296,.T.);
#2294 = VERTEX_POINT('',#2295);
#2295 = CARTESIAN_POINT('',(175.492,-68.692,1.51));
#2296 = SURFACE_CURVE('',#2297,(#2302,#2309),.PCURVE_S1.);
#2297 = CIRCLE('',#2298,1.);
#2298 = AXIS2_PLACEMENT_3D('',#2299,#2300,#2301);
#2299 = CARTESIAN_POINT('',(175.492,-69.692,1.51));
#2300 = DIRECTION('',(0.,0.,1.));
#2301 = DIRECTION('',(0.,-1.,0.));
#2302 = PCURVE('',#45,#2303);
#2303 = DEFINITIONAL_REPRESENTATION('',(#2304),#2308);
#2304 = CIRCLE('',#2305,1.);
#2305 = AXIS2_PLACEMENT_2D('',#2306,#2307);
#2306 = CARTESIAN_POINT('',(-15.08222149073,2.373802421915));
#2307 = DIRECTION('',(0.,-1.));
#2308 = ( GEOMETRIC_REPRESENTATION_CONTEXT(2) 
PARAMETRIC_REPRESENTATION_CONTEXT() REPRESENTATION_CONTEXT('2D SPACE',''
  ) );
#2309 = PCURVE('',#2310,#2315);
#2310 = CYLINDRICAL_SURFACE('',#2311,1.);
#2311 = AXIS2_PLACEMENT_3D('',#2312,#2313,#2314);
#2312 = CARTESIAN_POINT('',(175.492,-69.692,1.51));
#2313 = DIRECTION('',(0.,0.,1.));
#2314 = DIRECTION('',(-0.,1.,0.));
#2315 = DEFINITIONAL_REPRESENTATION('',(#2316),#2320);
#2316 = LINE('',#2317,#2318);
#2317 = CARTESIAN_POINT('',(-3.14159265359,0.));
#2318 = VECTOR('',#2319,1.);
#2319 = DIRECTION('',(1.,0.));
#2320 = ( GEOMETRIC_REPRESENTATION_CONTEXT(2) 
PARAMETRIC_REPRESENTATION_CONTEXT() REPRESENTATION_CONTEXT('2D SPACE',''
  ) );
#2321 = ORIENTED_EDGE('',*,*,#2322,.T.);
#2322 = EDGE_CURVE('',#2294,#2323,#2325,.T.);
#2323 = VERTEX_POINT('',#2324);
#2324 = CARTESIAN_POINT('',(187.492,-68.692,1.51));
#2325 = SURFACE_CURVE('',#2326,(#2330,#2336),.PCURVE_S1.);
#2326 = LINE('',#2327,#2328);
#2327 = CARTESIAN_POINT('',(189.53311074536,-68.692,1.51));
#2328 = VECTOR('',#2329,1.);
#2329 = DIRECTION('',(1.,0.,-0.));
#2330 = PCURVE('',#45,#2331);
#2331 = DEFINITIONAL_REPRESENTATION('',(#2332),#2335);
#2332 = B_SPLINE_CURVE_WITH_KNOTS('',1,(#2333,#2334),.UNSPECIFIED.,.F.,
  .F.,(2,2),(-15.04111074536,-1.041110745369),.PIECEWISE_BEZIER_KNOTS.);
#2333 = CARTESIAN_POINT('',(-16.08222149073,3.373802421915));
#2334 = CARTESIAN_POINT('',(-2.082221490739,3.373802421915));
#2335 = ( GEOMETRIC_REPRESENTATION_CONTEXT(2) 
PARAMETRIC_REPRESENTATION_CONTEXT() REPRESENTATION_CONTEXT('2D SPACE',''
  ) );
#2336 = PCURVE('',#2337,#2342);
#2337 = PLANE('',#2338);
#2338 = AXIS2_PLACEMENT_3D('',#2339,#2340,#2341);
#2339 = CARTESIAN_POINT('',(188.492,-68.692,0.51));
#2340 = DIRECTION('',(0.,-1.,0.));
#2341 = DIRECTION('',(-1.,0.,0.));
#2342 = DEFINITIONAL_REPRESENTATION('',(#2343),#2346);
#2343 = B_SPLINE_CURVE_WITH_KNOTS('',1,(#2344,#2345),.UNSPECIFIED.,.F.,
  .F.,(2,2),(-15.04111074536,-1.041110745369),.PIECEWISE_BEZIER_KNOTS.);
#2344 = CARTESIAN_POINT('',(14.,-1.));
#2345 = CARTESIAN_POINT('',(0.,-1.));
#2346 = ( GEOMETRIC_REPRESENTATION_CONTEXT(2) 
PARAMETRIC_REPRESENTATION_CONTEXT() REPRESENTATION_CONTEXT('2D SPACE',''
  ) );
#2347 = ORIENTED_EDGE('',*,*,#2348,.F.);
#2348 = EDGE_CURVE('',#2148,#2323,#2349,.T.);
#2349 = SURFACE_CURVE('',#2350,(#2355,#2362),.PCURVE_S1.);
#2350 = CIRCLE('',#2351,1.);
#2351 = AXIS2_PLACEMENT_3D('',#2352,#2353,#2354);
#2352 = CARTESIAN_POINT('',(187.492,-69.692,1.51));
#2353 = DIRECTION('',(0.,0.,1.));
#2354 = DIRECTION('',(0.,-1.,0.));
#2355 = PCURVE('',#45,#2356);
#2356 = DEFINITIONAL_REPRESENTATION('',(#2357),#2361);
#2357 = CIRCLE('',#2358,1.);
#2358 = AXIS2_PLACEMENT_2D('',#2359,#2360);
#2359 = CARTESIAN_POINT('',(-3.082221490739,2.373802421915));
#2360 = DIRECTION('',(0.,-1.));
#2361 = ( GEOMETRIC_REPRESENTATION_CONTEXT(2) 
PARAMETRIC_REPRESENTATION_CONTEXT() REPRESENTATION_CONTEXT('2D SPACE',''
  ) );
#2362 = PCURVE('',#2363,#2368);
#2363 = CYLINDRICAL_SURFACE('',#2364,1.);
#2364 = AXIS2_PLACEMENT_3D('',#2365,#2366,#2367);
#2365 = CARTESIAN_POINT('',(187.492,-69.692,1.51));
#2366 = DIRECTION('',(0.,0.,1.));
#2367 = DIRECTION('',(1.,0.,-0.));
#2368 = DEFINITIONAL_REPRESENTATION('',(#2369),#2373);
#2369 = LINE('',#2370,#2371);
#2370 = CARTESIAN_POINT('',(-1.570796326795,0.));
#2371 = VECTOR('',#2372,1.);
#2372 = DIRECTION('',(1.,0.));
#2373 = ( GEOMETRIC_REPRESENTATION_CONTEXT(2) 
PARAMETRIC_REPRESENTATION_CONTEXT() REPRESENTATION_CONTEXT('2D SPACE',''
  ) );
#2374 = FACE_BOUND('',#2375,.F.);
#2375 = EDGE_LOOP('',(#2376,#2404,#2437,#2463,#2496,#2522,#2551,#2577));
#2376 = ORIENTED_EDGE('',*,*,#2377,.T.);
#2377 = EDGE_CURVE('',#2378,#2380,#2382,.T.);
#2378 = VERTEX_POINT('',#2379);
#2379 = CARTESIAN_POINT('',(240.025469,-89.234653,1.51));
#2380 = VERTEX_POINT('',#2381);
#2381 = CARTESIAN_POINT('',(240.025469,-101.234653,1.51));
#2382 = SURFACE_CURVE('',#2383,(#2387,#2393),.PCURVE_S1.);
#2383 = LINE('',#2384,#2385);
#2384 = CARTESIAN_POINT('',(240.025469,-87.15022771095,1.51));
#2385 = VECTOR('',#2386,1.);
#2386 = DIRECTION('',(0.,-1.,0.));
#2387 = PCURVE('',#45,#2388);
#2388 = DEFINITIONAL_REPRESENTATION('',(#2389),#2392);
#2389 = B_SPLINE_CURVE_WITH_KNOTS('',1,(#2390,#2391),.UNSPECIFIED.,.F.,
  .F.,(2,2),(1.084425289042,15.084425289042),.PIECEWISE_BEZIER_KNOTS.);
#2390 = CARTESIAN_POINT('',(49.451247509261,-16.16885057808));
#2391 = CARTESIAN_POINT('',(49.451247509261,-30.16885057808));
#2392 = ( GEOMETRIC_REPRESENTATION_CONTEXT(2) 
PARAMETRIC_REPRESENTATION_CONTEXT() REPRESENTATION_CONTEXT('2D SPACE',''
  ) );
#2393 = PCURVE('',#2394,#2399);
#2394 = PLANE('',#2395);
#2395 = AXIS2_PLACEMENT_3D('',#2396,#2397,#2398);
#2396 = CARTESIAN_POINT('',(240.025469,-102.234653,0.51));
#2397 = DIRECTION('',(-1.,0.,0.));
#2398 = DIRECTION('',(0.,1.,0.));
#2399 = DEFINITIONAL_REPRESENTATION('',(#2400),#2403);
#2400 = B_SPLINE_CURVE_WITH_KNOTS('',1,(#2401,#2402),.UNSPECIFIED.,.F.,
  .F.,(2,2),(1.084425289042,15.084425289042),.PIECEWISE_BEZIER_KNOTS.);
#2401 = CARTESIAN_POINT('',(14.,-1.));
#2402 = CARTESIAN_POINT('',(0.,-1.));
#2403 = ( GEOMETRIC_REPRESENTATION_CONTEXT(2) 
PARAMETRIC_REPRESENTATION_CONTEXT() REPRESENTATION_CONTEXT('2D SPACE',''
  ) );
#2404 = ORIENTED_EDGE('',*,*,#2405,.T.);
#2405 = EDGE_CURVE('',#2380,#2406,#2408,.T.);
#2406 = VERTEX_POINT('',#2407);
#2407 = CARTESIAN_POINT('',(239.025469,-102.234653,1.51));
#2408 = SURFACE_CURVE('',#2409,(#2414,#2425),.PCURVE_S1.);
#2409 = CIRCLE('',#2410,1.);
#2410 = AXIS2_PLACEMENT_3D('',#2411,#2412,#2413);
#2411 = CARTESIAN_POINT('',(239.025469,-101.234653,1.51));
#2412 = DIRECTION('',(-0.,-0.,-1.));
#2413 = DIRECTION('',(0.,-1.,0.));
#2414 = PCURVE('',#45,#2415);
#2415 = DEFINITIONAL_REPRESENTATION('',(#2416),#2424);
#2416 = ( BOUNDED_CURVE() B_SPLINE_CURVE(2,(#2417,#2418,#2419,#2420,
#2421,#2422,#2423),.UNSPECIFIED.,.T.,.F.) B_SPLINE_CURVE_WITH_KNOTS((1,2
    ,2,2,2,1),(-2.094395102393,0.,2.094395102393,4.188790204786,
6.28318530718,8.377580409573),.UNSPECIFIED.) CURVE() 
GEOMETRIC_REPRESENTATION_ITEM() RATIONAL_B_SPLINE_CURVE((1.,0.5,1.,0.5,
1.,0.5,1.)) REPRESENTATION_ITEM('') );
#2417 = CARTESIAN_POINT('',(48.451247509261,-30.16885057808));
#2418 = CARTESIAN_POINT('',(46.719196701693,-30.16885057808));
#2419 = CARTESIAN_POINT('',(47.585222105477,-28.66885057808));
#2420 = CARTESIAN_POINT('',(48.451247509261,-27.16885057808));
#2421 = CARTESIAN_POINT('',(49.317272913046,-28.66885057808));
#2422 = CARTESIAN_POINT('',(50.18329831683,-30.16885057808));
#2423 = CARTESIAN_POINT('',(48.451247509261,-30.16885057808));
#2424 = ( GEOMETRIC_REPRESENTATION_CONTEXT(2) 
PARAMETRIC_REPRESENTATION_CONTEXT() REPRESENTATION_CONTEXT('2D SPACE',''
  ) );
#2425 = PCURVE('',#2426,#2431);
#2426 = CYLINDRICAL_SURFACE('',#2427,1.);
#2427 = AXIS2_PLACEMENT_3D('',#2428,#2429,#2430);
#2428 = CARTESIAN_POINT('',(239.025469,-101.234653,1.51));
#2429 = DIRECTION('',(0.,0.,1.));
#2430 = DIRECTION('',(1.,0.,-0.));
#2431 = DEFINITIONAL_REPRESENTATION('',(#2432),#2436);
#2432 = LINE('',#2433,#2434);
#2433 = CARTESIAN_POINT('',(4.712388980385,-0.));
#2434 = VECTOR('',#2435,1.);
#2435 = DIRECTION('',(-1.,0.));
#2436 = ( GEOMETRIC_REPRESENTATION_CONTEXT(2) 
PARAMETRIC_REPRESENTATION_CONTEXT() REPRESENTATION_CONTEXT('2D SPACE',''
  ) );
#2437 = ORIENTED_EDGE('',*,*,#2438,.T.);
#2438 = EDGE_CURVE('',#2406,#2439,#2441,.T.);
#2439 = VERTEX_POINT('',#2440);
#2440 = CARTESIAN_POINT('',(227.025469,-102.234653,1.51));
#2441 = SURFACE_CURVE('',#2442,(#2446,#2452),.PCURVE_S1.);
#2442 = LINE('',#2443,#2444);
#2443 = CARTESIAN_POINT('',(208.29984524536,-102.234653,1.51));
#2444 = VECTOR('',#2445,1.);
#2445 = DIRECTION('',(-1.,0.,0.));
#2446 = PCURVE('',#45,#2447);
#2447 = DEFINITIONAL_REPRESENTATION('',(#2448),#2451);
#2448 = B_SPLINE_CURVE_WITH_KNOTS('',1,(#2449,#2450),.UNSPECIFIED.,.F.,
  .F.,(2,2),(-31.72562375463,-17.72562375463),.PIECEWISE_BEZIER_KNOTS.);
#2449 = CARTESIAN_POINT('',(49.451247509261,-30.16885057808));
#2450 = CARTESIAN_POINT('',(35.451247509261,-30.16885057808));
#2451 = ( GEOMETRIC_REPRESENTATION_CONTEXT(2) 
PARAMETRIC_REPRESENTATION_CONTEXT() REPRESENTATION_CONTEXT('2D SPACE',''
  ) );
#2452 = PCURVE('',#2453,#2458);
#2453 = PLANE('',#2454);
#2454 = AXIS2_PLACEMENT_3D('',#2455,#2456,#2457);
#2455 = CARTESIAN_POINT('',(226.025469,-102.234653,0.51));
#2456 = DIRECTION('',(0.,1.,0.));
#2457 = DIRECTION('',(1.,0.,0.));
#2458 = DEFINITIONAL_REPRESENTATION('',(#2459),#2462);
#2459 = B_SPLINE_CURVE_WITH_KNOTS('',1,(#2460,#2461),.UNSPECIFIED.,.F.,
  .F.,(2,2),(-31.72562375463,-17.72562375463),.PIECEWISE_BEZIER_KNOTS.);
#2460 = CARTESIAN_POINT('',(14.,-1.));
#2461 = CARTESIAN_POINT('',(0.,-1.));
#2462 = ( GEOMETRIC_REPRESENTATION_CONTEXT(2) 
PARAMETRIC_REPRESENTATION_CONTEXT() REPRESENTATION_CONTEXT('2D SPACE',''
  ) );
#2463 = ORIENTED_EDGE('',*,*,#2464,.T.);
#2464 = EDGE_CURVE('',#2439,#2465,#2467,.T.);
#2465 = VERTEX_POINT('',#2466);
#2466 = CARTESIAN_POINT('',(226.025469,-101.234653,1.51));
#2467 = SURFACE_CURVE('',#2468,(#2473,#2484),.PCURVE_S1.);
#2468 = CIRCLE('',#2469,1.);
#2469 = AXIS2_PLACEMENT_3D('',#2470,#2471,#2472);
#2470 = CARTESIAN_POINT('',(227.025469,-101.234653,1.51));
#2471 = DIRECTION('',(-0.,-0.,-1.));
#2472 = DIRECTION('',(0.,-1.,0.));
#2473 = PCURVE('',#45,#2474);
#2474 = DEFINITIONAL_REPRESENTATION('',(#2475),#2483);
#2475 = ( BOUNDED_CURVE() B_SPLINE_CURVE(2,(#2476,#2477,#2478,#2479,
#2480,#2481,#2482),.UNSPECIFIED.,.T.,.F.) B_SPLINE_CURVE_WITH_KNOTS((1,2
    ,2,2,2,1),(-2.094395102393,0.,2.094395102393,4.188790204786,
6.28318530718,8.377580409573),.UNSPECIFIED.) CURVE() 
GEOMETRIC_REPRESENTATION_ITEM() RATIONAL_B_SPLINE_CURVE((1.,0.5,1.,0.5,
1.,0.5,1.)) REPRESENTATION_ITEM('') );
#2476 = CARTESIAN_POINT('',(36.451247509261,-30.16885057808));
#2477 = CARTESIAN_POINT('',(34.719196701693,-30.16885057808));
#2478 = CARTESIAN_POINT('',(35.585222105477,-28.66885057808));
#2479 = CARTESIAN_POINT('',(36.451247509261,-27.16885057808));
#2480 = CARTESIAN_POINT('',(37.317272913046,-28.66885057808));
#2481 = CARTESIAN_POINT('',(38.18329831683,-30.16885057808));
#2482 = CARTESIAN_POINT('',(36.451247509261,-30.16885057808));
#2483 = ( GEOMETRIC_REPRESENTATION_CONTEXT(2) 
PARAMETRIC_REPRESENTATION_CONTEXT() REPRESENTATION_CONTEXT('2D SPACE',''
  ) );
#2484 = PCURVE('',#2485,#2490);
#2485 = CYLINDRICAL_SURFACE('',#2486,1.);
#2486 = AXIS2_PLACEMENT_3D('',#2487,#2488,#2489);
#2487 = CARTESIAN_POINT('',(227.025469,-101.234653,1.51));
#2488 = DIRECTION('',(0.,0.,1.));
#2489 = DIRECTION('',(0.,-1.,0.));
#2490 = DEFINITIONAL_REPRESENTATION('',(#2491),#2495);
#2491 = LINE('',#2492,#2493);
#2492 = CARTESIAN_POINT('',(-0.,0.));
#2493 = VECTOR('',#2494,1.);
#2494 = DIRECTION('',(-1.,0.));
#2495 = ( GEOMETRIC_REPRESENTATION_CONTEXT(2) 
PARAMETRIC_REPRESENTATION_CONTEXT() REPRESENTATION_CONTEXT('2D SPACE',''
  ) );
#2496 = ORIENTED_EDGE('',*,*,#2497,.T.);
#2497 = EDGE_CURVE('',#2465,#2498,#2500,.T.);
#2498 = VERTEX_POINT('',#2499);
#2499 = CARTESIAN_POINT('',(226.025469,-89.234653,1.51));
#2500 = SURFACE_CURVE('',#2501,(#2505,#2511),.PCURVE_S1.);
#2501 = LINE('',#2502,#2503);
#2502 = CARTESIAN_POINT('',(226.025469,-80.15022771095,1.51));
#2503 = VECTOR('',#2504,1.);
#2504 = DIRECTION('',(-0.,1.,0.));
#2505 = PCURVE('',#45,#2506);
#2506 = DEFINITIONAL_REPRESENTATION('',(#2507),#2510);
#2507 = B_SPLINE_CURVE_WITH_KNOTS('',1,(#2508,#2509),.UNSPECIFIED.,.F.,
  .F.,(2,2),(-22.08442528904,-8.084425289042),.PIECEWISE_BEZIER_KNOTS.);
#2508 = CARTESIAN_POINT('',(35.451247509261,-30.16885057808));
#2509 = CARTESIAN_POINT('',(35.451247509261,-16.16885057808));
#2510 = ( GEOMETRIC_REPRESENTATION_CONTEXT(2) 
PARAMETRIC_REPRESENTATION_CONTEXT() REPRESENTATION_CONTEXT('2D SPACE',''
  ) );
#2511 = PCURVE('',#2512,#2517);
#2512 = PLANE('',#2513);
#2513 = AXIS2_PLACEMENT_3D('',#2514,#2515,#2516);
#2514 = CARTESIAN_POINT('',(226.025469,-88.234653,0.51));
#2515 = DIRECTION('',(1.,0.,-0.));
#2516 = DIRECTION('',(0.,-1.,0.));
#2517 = DEFINITIONAL_REPRESENTATION('',(#2518),#2521);
#2518 = B_SPLINE_CURVE_WITH_KNOTS('',1,(#2519,#2520),.UNSPECIFIED.,.F.,
  .F.,(2,2),(-22.08442528904,-8.084425289042),.PIECEWISE_BEZIER_KNOTS.);
#2519 = CARTESIAN_POINT('',(14.,-1.));
#2520 = CARTESIAN_POINT('',(0.,-1.));
#2521 = ( GEOMETRIC_REPRESENTATION_CONTEXT(2) 
PARAMETRIC_REPRESENTATION_CONTEXT() REPRESENTATION_CONTEXT('2D SPACE',''
  ) );
#2522 = ORIENTED_EDGE('',*,*,#2523,.F.);
#2523 = EDGE_CURVE('',#2524,#2498,#2526,.T.);
#2524 = VERTEX_POINT('',#2525);
#2525 = CARTESIAN_POINT('',(227.025469,-88.234653,1.51));
#2526 = SURFACE_CURVE('',#2527,(#2532,#2539),.PCURVE_S1.);
#2527 = CIRCLE('',#2528,1.);
#2528 = AXIS2_PLACEMENT_3D('',#2529,#2530,#2531);
#2529 = CARTESIAN_POINT('',(227.025469,-89.234653,1.51));
#2530 = DIRECTION('',(0.,0.,1.));
#2531 = DIRECTION('',(0.,-1.,0.));
#2532 = PCURVE('',#45,#2533);
#2533 = DEFINITIONAL_REPRESENTATION('',(#2534),#2538);
#2534 = CIRCLE('',#2535,1.);
#2535 = AXIS2_PLACEMENT_2D('',#2536,#2537);
#2536 = CARTESIAN_POINT('',(36.451247509261,-17.16885057808));
#2537 = DIRECTION('',(0.,-1.));
#2538 = ( GEOMETRIC_REPRESENTATION_CONTEXT(2) 
PARAMETRIC_REPRESENTATION_CONTEXT() REPRESENTATION_CONTEXT('2D SPACE',''
  ) );
#2539 = PCURVE('',#2540,#2545);
#2540 = CYLINDRICAL_SURFACE('',#2541,1.);
#2541 = AXIS2_PLACEMENT_3D('',#2542,#2543,#2544);
#2542 = CARTESIAN_POINT('',(227.025469,-89.234653,1.51));
#2543 = DIRECTION('',(0.,0.,1.));
#2544 = DIRECTION('',(-0.,1.,0.));
#2545 = DEFINITIONAL_REPRESENTATION('',(#2546),#2550);
#2546 = LINE('',#2547,#2548);
#2547 = CARTESIAN_POINT('',(-3.14159265359,0.));
#2548 = VECTOR('',#2549,1.);
#2549 = DIRECTION('',(1.,0.));
#2550 = ( GEOMETRIC_REPRESENTATION_CONTEXT(2) 
PARAMETRIC_REPRESENTATION_CONTEXT() REPRESENTATION_CONTEXT('2D SPACE',''
  ) );
#2551 = ORIENTED_EDGE('',*,*,#2552,.T.);
#2552 = EDGE_CURVE('',#2524,#2553,#2555,.T.);
#2553 = VERTEX_POINT('',#2554);
#2554 = CARTESIAN_POINT('',(239.025469,-88.234653,1.51));
#2555 = SURFACE_CURVE('',#2556,(#2560,#2566),.PCURVE_S1.);
#2556 = LINE('',#2557,#2558);
#2557 = CARTESIAN_POINT('',(215.29984524536,-88.234653,1.51));
#2558 = VECTOR('',#2559,1.);
#2559 = DIRECTION('',(1.,0.,-0.));
#2560 = PCURVE('',#45,#2561);
#2561 = DEFINITIONAL_REPRESENTATION('',(#2562),#2565);
#2562 = B_SPLINE_CURVE_WITH_KNOTS('',1,(#2563,#2564),.UNSPECIFIED.,.F.,
  .F.,(2,2),(10.725623754631,24.725623754631),.PIECEWISE_BEZIER_KNOTS.);
#2563 = CARTESIAN_POINT('',(35.451247509261,-16.16885057808));
#2564 = CARTESIAN_POINT('',(49.451247509261,-16.16885057808));
#2565 = ( GEOMETRIC_REPRESENTATION_CONTEXT(2) 
PARAMETRIC_REPRESENTATION_CONTEXT() REPRESENTATION_CONTEXT('2D SPACE',''
  ) );
#2566 = PCURVE('',#2567,#2572);
#2567 = PLANE('',#2568);
#2568 = AXIS2_PLACEMENT_3D('',#2569,#2570,#2571);
#2569 = CARTESIAN_POINT('',(240.025469,-88.234653,0.51));
#2570 = DIRECTION('',(0.,-1.,0.));
#2571 = DIRECTION('',(-1.,0.,0.));
#2572 = DEFINITIONAL_REPRESENTATION('',(#2573),#2576);
#2573 = B_SPLINE_CURVE_WITH_KNOTS('',1,(#2574,#2575),.UNSPECIFIED.,.F.,
  .F.,(2,2),(10.725623754631,24.725623754631),.PIECEWISE_BEZIER_KNOTS.);
#2574 = CARTESIAN_POINT('',(14.,-1.));
#2575 = CARTESIAN_POINT('',(0.,-1.));
#2576 = ( GEOMETRIC_REPRESENTATION_CONTEXT(2) 
PARAMETRIC_REPRESENTATION_CONTEXT() REPRESENTATION_CONTEXT('2D SPACE',''
  ) );
#2577 = ORIENTED_EDGE('',*,*,#2578,.F.);
#2578 = EDGE_CURVE('',#2378,#2553,#2579,.T.);
#2579 = SURFACE_CURVE('',#2580,(#2585,#2592),.PCURVE_S1.);
#2580 = CIRCLE('',#2581,1.);
#2581 = AXIS2_PLACEMENT_3D('',#2582,#2583,#2584);
#2582 = CARTESIAN_POINT('',(239.025469,-89.234653,1.51));
#2583 = DIRECTION('',(0.,0.,1.));
#2584 = DIRECTION('',(0.,-1.,0.));
#2585 = PCURVE('',#45,#2586);
#2586 = DEFINITIONAL_REPRESENTATION('',(#2587),#2591);
#2587 = CIRCLE('',#2588,1.);
#2588 = AXIS2_PLACEMENT_2D('',#2589,#2590);
#2589 = CARTESIAN_POINT('',(48.451247509261,-17.16885057808));
#2590 = DIRECTION('',(0.,-1.));
#2591 = ( GEOMETRIC_REPRESENTATION_CONTEXT(2) 
PARAMETRIC_REPRESENTATION_CONTEXT() REPRESENTATION_CONTEXT('2D SPACE',''
  ) );
#2592 = PCURVE('',#2593,#2598);
#2593 = CYLINDRICAL_SURFACE('',#2594,1.);
#2594 = AXIS2_PLACEMENT_3D('',#2595,#2596,#2597);
#2595 = CARTESIAN_POINT('',(239.025469,-89.234653,1.51));
#2596 = DIRECTION('',(0.,0.,1.));
#2597 = DIRECTION('',(1.,0.,-0.));
#2598 = DEFINITIONAL_REPRESENTATION('',(#2599),#2603);
#2599 = LINE('',#2600,#2601);
#2600 = CARTESIAN_POINT('',(-1.570796326795,0.));
#2601 = VECTOR('',#2602,1.);
#2602 = DIRECTION('',(1.,0.));
#2603 = ( GEOMETRIC_REPRESENTATION_CONTEXT(2) 
PARAMETRIC_REPRESENTATION_CONTEXT() REPRESENTATION_CONTEXT('2D SPACE',''
  ) );
#2604 = FACE_BOUND('',#2605,.F.);
#2605 = EDGE_LOOP('',(#2606,#2634,#2667,#2693,#2726,#2752,#2781,#2807));
#2606 = ORIENTED_EDGE('',*,*,#2607,.T.);
#2607 = EDGE_CURVE('',#2608,#2610,#2612,.T.);
#2608 = VERTEX_POINT('',#2609);
#2609 = CARTESIAN_POINT('',(224.86487,-70.41334,1.51));
#2610 = VERTEX_POINT('',#2611);
#2611 = CARTESIAN_POINT('',(224.86487,-82.41334,1.51));
#2612 = SURFACE_CURVE('',#2613,(#2617,#2623),.PCURVE_S1.);
#2613 = LINE('',#2614,#2615);
#2614 = CARTESIAN_POINT('',(224.86487,-77.73957121095,1.51));
#2615 = VECTOR('',#2616,1.);
#2616 = DIRECTION('',(0.,-1.,0.));
#2617 = PCURVE('',#45,#2618);
#2618 = DEFINITIONAL_REPRESENTATION('',(#2619),#2622);
#2619 = B_SPLINE_CURVE_WITH_KNOTS('',1,(#2620,#2621),.UNSPECIFIED.,.F.,
  .F.,(2,2),(-8.326231210958,5.673768789042),.PIECEWISE_BEZIER_KNOTS.);
#2620 = CARTESIAN_POINT('',(34.290648509261,2.652462421915));
#2621 = CARTESIAN_POINT('',(34.290648509261,-11.34753757808));
#2622 = ( GEOMETRIC_REPRESENTATION_CONTEXT(2) 
PARAMETRIC_REPRESENTATION_CONTEXT() REPRESENTATION_CONTEXT('2D SPACE',''
  ) );
#2623 = PCURVE('',#2624,#2629);
#2624 = PLANE('',#2625);
#2625 = AXIS2_PLACEMENT_3D('',#2626,#2627,#2628);
#2626 = CARTESIAN_POINT('',(224.86487,-83.41334,0.51));
#2627 = DIRECTION('',(-1.,0.,0.));
#2628 = DIRECTION('',(0.,1.,0.));
#2629 = DEFINITIONAL_REPRESENTATION('',(#2630),#2633);
#2630 = B_SPLINE_CURVE_WITH_KNOTS('',1,(#2631,#2632),.UNSPECIFIED.,.F.,
  .F.,(2,2),(-8.326231210958,5.673768789042),.PIECEWISE_BEZIER_KNOTS.);
#2631 = CARTESIAN_POINT('',(14.,-1.));
#2632 = CARTESIAN_POINT('',(0.,-1.));
#2633 = ( GEOMETRIC_REPRESENTATION_CONTEXT(2) 
PARAMETRIC_REPRESENTATION_CONTEXT() REPRESENTATION_CONTEXT('2D SPACE',''
  ) );
#2634 = ORIENTED_EDGE('',*,*,#2635,.T.);
#2635 = EDGE_CURVE('',#2610,#2636,#2638,.T.);
#2636 = VERTEX_POINT('',#2637);
#2637 = CARTESIAN_POINT('',(223.86487,-83.41334,1.51));
#2638 = SURFACE_CURVE('',#2639,(#2644,#2655),.PCURVE_S1.);
#2639 = CIRCLE('',#2640,1.);
#2640 = AXIS2_PLACEMENT_3D('',#2641,#2642,#2643);
#2641 = CARTESIAN_POINT('',(223.86487,-82.41334,1.51));
#2642 = DIRECTION('',(-0.,-0.,-1.));
#2643 = DIRECTION('',(0.,-1.,0.));
#2644 = PCURVE('',#45,#2645);
#2645 = DEFINITIONAL_REPRESENTATION('',(#2646),#2654);
#2646 = ( BOUNDED_CURVE() B_SPLINE_CURVE(2,(#2647,#2648,#2649,#2650,
#2651,#2652,#2653),.UNSPECIFIED.,.T.,.F.) B_SPLINE_CURVE_WITH_KNOTS((1,2
    ,2,2,2,1),(-2.094395102393,0.,2.094395102393,4.188790204786,
6.28318530718,8.377580409573),.UNSPECIFIED.) CURVE() 
GEOMETRIC_REPRESENTATION_ITEM() RATIONAL_B_SPLINE_CURVE((1.,0.5,1.,0.5,
1.,0.5,1.)) REPRESENTATION_ITEM('') );
#2647 = CARTESIAN_POINT('',(33.290648509261,-11.34753757808));
#2648 = CARTESIAN_POINT('',(31.558597701693,-11.34753757808));
#2649 = CARTESIAN_POINT('',(32.424623105477,-9.847537578085));
#2650 = CARTESIAN_POINT('',(33.290648509261,-8.347537578085));
#2651 = CARTESIAN_POINT('',(34.156673913046,-9.847537578085));
#2652 = CARTESIAN_POINT('',(35.02269931683,-11.34753757808));
#2653 = CARTESIAN_POINT('',(33.290648509261,-11.34753757808));
#2654 = ( GEOMETRIC_REPRESENTATION_CONTEXT(2) 
PARAMETRIC_REPRESENTATION_CONTEXT() REPRESENTATION_CONTEXT('2D SPACE',''
  ) );
#2655 = PCURVE('',#2656,#2661);
#2656 = CYLINDRICAL_SURFACE('',#2657,1.);
#2657 = AXIS2_PLACEMENT_3D('',#2658,#2659,#2660);
#2658 = CARTESIAN_POINT('',(223.86487,-82.41334,1.51));
#2659 = DIRECTION('',(0.,0.,1.));
#2660 = DIRECTION('',(1.,0.,-0.));
#2661 = DEFINITIONAL_REPRESENTATION('',(#2662),#2666);
#2662 = LINE('',#2663,#2664);
#2663 = CARTESIAN_POINT('',(4.712388980385,-0.));
#2664 = VECTOR('',#2665,1.);
#2665 = DIRECTION('',(-1.,0.));
#2666 = ( GEOMETRIC_REPRESENTATION_CONTEXT(2) 
PARAMETRIC_REPRESENTATION_CONTEXT() REPRESENTATION_CONTEXT('2D SPACE',''
  ) );
#2667 = ORIENTED_EDGE('',*,*,#2668,.T.);
#2668 = EDGE_CURVE('',#2636,#2669,#2671,.T.);
#2669 = VERTEX_POINT('',#2670);
#2670 = CARTESIAN_POINT('',(211.86487,-83.41334,1.51));
#2671 = SURFACE_CURVE('',#2672,(#2676,#2682),.PCURVE_S1.);
#2672 = LINE('',#2673,#2674);
#2673 = CARTESIAN_POINT('',(200.71954574536,-83.41334,1.51));
#2674 = VECTOR('',#2675,1.);
#2675 = DIRECTION('',(-1.,0.,0.));
#2676 = PCURVE('',#45,#2677);
#2677 = DEFINITIONAL_REPRESENTATION('',(#2678),#2681);
#2678 = B_SPLINE_CURVE_WITH_KNOTS('',1,(#2679,#2680),.UNSPECIFIED.,.F.,
  .F.,(2,2),(-24.14532425463,-10.14532425463),.PIECEWISE_BEZIER_KNOTS.);
#2679 = CARTESIAN_POINT('',(34.290648509261,-11.34753757808));
#2680 = CARTESIAN_POINT('',(20.290648509261,-11.34753757808));
#2681 = ( GEOMETRIC_REPRESENTATION_CONTEXT(2) 
PARAMETRIC_REPRESENTATION_CONTEXT() REPRESENTATION_CONTEXT('2D SPACE',''
  ) );
#2682 = PCURVE('',#2683,#2688);
#2683 = PLANE('',#2684);
#2684 = AXIS2_PLACEMENT_3D('',#2685,#2686,#2687);
#2685 = CARTESIAN_POINT('',(210.86487,-83.41334,0.51));
#2686 = DIRECTION('',(0.,1.,0.));
#2687 = DIRECTION('',(1.,0.,0.));
#2688 = DEFINITIONAL_REPRESENTATION('',(#2689),#2692);
#2689 = B_SPLINE_CURVE_WITH_KNOTS('',1,(#2690,#2691),.UNSPECIFIED.,.F.,
  .F.,(2,2),(-24.14532425463,-10.14532425463),.PIECEWISE_BEZIER_KNOTS.);
#2690 = CARTESIAN_POINT('',(14.,-1.));
#2691 = CARTESIAN_POINT('',(0.,-1.));
#2692 = ( GEOMETRIC_REPRESENTATION_CONTEXT(2) 
PARAMETRIC_REPRESENTATION_CONTEXT() REPRESENTATION_CONTEXT('2D SPACE',''
  ) );
#2693 = ORIENTED_EDGE('',*,*,#2694,.T.);
#2694 = EDGE_CURVE('',#2669,#2695,#2697,.T.);
#2695 = VERTEX_POINT('',#2696);
#2696 = CARTESIAN_POINT('',(210.86487,-82.41334,1.51));
#2697 = SURFACE_CURVE('',#2698,(#2703,#2714),.PCURVE_S1.);
#2698 = CIRCLE('',#2699,1.);
#2699 = AXIS2_PLACEMENT_3D('',#2700,#2701,#2702);
#2700 = CARTESIAN_POINT('',(211.86487,-82.41334,1.51));
#2701 = DIRECTION('',(-0.,-0.,-1.));
#2702 = DIRECTION('',(0.,-1.,0.));
#2703 = PCURVE('',#45,#2704);
#2704 = DEFINITIONAL_REPRESENTATION('',(#2705),#2713);
#2705 = ( BOUNDED_CURVE() B_SPLINE_CURVE(2,(#2706,#2707,#2708,#2709,
#2710,#2711,#2712),.UNSPECIFIED.,.T.,.F.) B_SPLINE_CURVE_WITH_KNOTS((1,2
    ,2,2,2,1),(-2.094395102393,0.,2.094395102393,4.188790204786,
6.28318530718,8.377580409573),.UNSPECIFIED.) CURVE() 
GEOMETRIC_REPRESENTATION_ITEM() RATIONAL_B_SPLINE_CURVE((1.,0.5,1.,0.5,
1.,0.5,1.)) REPRESENTATION_ITEM('') );
#2706 = CARTESIAN_POINT('',(21.290648509261,-11.34753757808));
#2707 = CARTESIAN_POINT('',(19.558597701693,-11.34753757808));
#2708 = CARTESIAN_POINT('',(20.424623105477,-9.847537578085));
#2709 = CARTESIAN_POINT('',(21.290648509261,-8.347537578085));
#2710 = CARTESIAN_POINT('',(22.156673913046,-9.847537578085));
#2711 = CARTESIAN_POINT('',(23.02269931683,-11.34753757808));
#2712 = CARTESIAN_POINT('',(21.290648509261,-11.34753757808));
#2713 = ( GEOMETRIC_REPRESENTATION_CONTEXT(2) 
PARAMETRIC_REPRESENTATION_CONTEXT() REPRESENTATION_CONTEXT('2D SPACE',''
  ) );
#2714 = PCURVE('',#2715,#2720);
#2715 = CYLINDRICAL_SURFACE('',#2716,1.);
#2716 = AXIS2_PLACEMENT_3D('',#2717,#2718,#2719);
#2717 = CARTESIAN_POINT('',(211.86487,-82.41334,1.51));
#2718 = DIRECTION('',(0.,0.,1.));
#2719 = DIRECTION('',(0.,-1.,0.));
#2720 = DEFINITIONAL_REPRESENTATION('',(#2721),#2725);
#2721 = LINE('',#2722,#2723);
#2722 = CARTESIAN_POINT('',(-0.,0.));
#2723 = VECTOR('',#2724,1.);
#2724 = DIRECTION('',(-1.,0.));
#2725 = ( GEOMETRIC_REPRESENTATION_CONTEXT(2) 
PARAMETRIC_REPRESENTATION_CONTEXT() REPRESENTATION_CONTEXT('2D SPACE',''
  ) );
#2726 = ORIENTED_EDGE('',*,*,#2727,.T.);
#2727 = EDGE_CURVE('',#2695,#2728,#2730,.T.);
#2728 = VERTEX_POINT('',#2729);
#2729 = CARTESIAN_POINT('',(210.86487,-70.41334,1.51));
#2730 = SURFACE_CURVE('',#2731,(#2735,#2741),.PCURVE_S1.);
#2731 = LINE('',#2732,#2733);
#2732 = CARTESIAN_POINT('',(210.86487,-70.73957121095,1.51));
#2733 = VECTOR('',#2734,1.);
#2734 = DIRECTION('',(-0.,1.,0.));
#2735 = PCURVE('',#45,#2736);
#2736 = DEFINITIONAL_REPRESENTATION('',(#2737),#2740);
#2737 = B_SPLINE_CURVE_WITH_KNOTS('',1,(#2738,#2739),.UNSPECIFIED.,.F.,
  .F.,(2,2),(-12.67376878904,1.326231210958),.PIECEWISE_BEZIER_KNOTS.);
#2738 = CARTESIAN_POINT('',(20.290648509261,-11.34753757808));
#2739 = CARTESIAN_POINT('',(20.290648509261,2.652462421915));
#2740 = ( GEOMETRIC_REPRESENTATION_CONTEXT(2) 
PARAMETRIC_REPRESENTATION_CONTEXT() REPRESENTATION_CONTEXT('2D SPACE',''
  ) );
#2741 = PCURVE('',#2742,#2747);
#2742 = PLANE('',#2743);
#2743 = AXIS2_PLACEMENT_3D('',#2744,#2745,#2746);
#2744 = CARTESIAN_POINT('',(210.86487,-69.41334,0.51));
#2745 = DIRECTION('',(1.,0.,-0.));
#2746 = DIRECTION('',(0.,-1.,0.));
#2747 = DEFINITIONAL_REPRESENTATION('',(#2748),#2751);
#2748 = B_SPLINE_CURVE_WITH_KNOTS('',1,(#2749,#2750),.UNSPECIFIED.,.F.,
  .F.,(2,2),(-12.67376878904,1.326231210958),.PIECEWISE_BEZIER_KNOTS.);
#2749 = CARTESIAN_POINT('',(14.,-1.));
#2750 = CARTESIAN_POINT('',(0.,-1.));
#2751 = ( GEOMETRIC_REPRESENTATION_CONTEXT(2) 
PARAMETRIC_REPRESENTATION_CONTEXT() REPRESENTATION_CONTEXT('2D SPACE',''
  ) );
#2752 = ORIENTED_EDGE('',*,*,#2753,.F.);
#2753 = EDGE_CURVE('',#2754,#2728,#2756,.T.);
#2754 = VERTEX_POINT('',#2755);
#2755 = CARTESIAN_POINT('',(211.86487,-69.41334,1.51));
#2756 = SURFACE_CURVE('',#2757,(#2762,#2769),.PCURVE_S1.);
#2757 = CIRCLE('',#2758,1.);
#2758 = AXIS2_PLACEMENT_3D('',#2759,#2760,#2761);
#2759 = CARTESIAN_POINT('',(211.86487,-70.41334,1.51));
#2760 = DIRECTION('',(0.,0.,1.));
#2761 = DIRECTION('',(0.,-1.,0.));
#2762 = PCURVE('',#45,#2763);
#2763 = DEFINITIONAL_REPRESENTATION('',(#2764),#2768);
#2764 = CIRCLE('',#2765,1.);
#2765 = AXIS2_PLACEMENT_2D('',#2766,#2767);
#2766 = CARTESIAN_POINT('',(21.290648509261,1.652462421915));
#2767 = DIRECTION('',(0.,-1.));
#2768 = ( GEOMETRIC_REPRESENTATION_CONTEXT(2) 
PARAMETRIC_REPRESENTATION_CONTEXT() REPRESENTATION_CONTEXT('2D SPACE',''
  ) );
#2769 = PCURVE('',#2770,#2775);
#2770 = CYLINDRICAL_SURFACE('',#2771,1.);
#2771 = AXIS2_PLACEMENT_3D('',#2772,#2773,#2774);
#2772 = CARTESIAN_POINT('',(211.86487,-70.41334,1.51));
#2773 = DIRECTION('',(0.,0.,1.));
#2774 = DIRECTION('',(-0.,1.,0.));
#2775 = DEFINITIONAL_REPRESENTATION('',(#2776),#2780);
#2776 = LINE('',#2777,#2778);
#2777 = CARTESIAN_POINT('',(-3.14159265359,0.));
#2778 = VECTOR('',#2779,1.);
#2779 = DIRECTION('',(1.,0.));
#2780 = ( GEOMETRIC_REPRESENTATION_CONTEXT(2) 
PARAMETRIC_REPRESENTATION_CONTEXT() REPRESENTATION_CONTEXT('2D SPACE',''
  ) );
#2781 = ORIENTED_EDGE('',*,*,#2782,.T.);
#2782 = EDGE_CURVE('',#2754,#2783,#2785,.T.);
#2783 = VERTEX_POINT('',#2784);
#2784 = CARTESIAN_POINT('',(223.86487,-69.41334,1.51));
#2785 = SURFACE_CURVE('',#2786,(#2790,#2796),.PCURVE_S1.);
#2786 = LINE('',#2787,#2788);
#2787 = CARTESIAN_POINT('',(207.71954574536,-69.41334,1.51));
#2788 = VECTOR('',#2789,1.);
#2789 = DIRECTION('',(1.,0.,-0.));
#2790 = PCURVE('',#45,#2791);
#2791 = DEFINITIONAL_REPRESENTATION('',(#2792),#2795);
#2792 = B_SPLINE_CURVE_WITH_KNOTS('',1,(#2793,#2794),.UNSPECIFIED.,.F.,
  .F.,(2,2),(3.145324254631,17.145324254631),.PIECEWISE_BEZIER_KNOTS.);
#2793 = CARTESIAN_POINT('',(20.290648509261,2.652462421915));
#2794 = CARTESIAN_POINT('',(34.290648509261,2.652462421915));
#2795 = ( GEOMETRIC_REPRESENTATION_CONTEXT(2) 
PARAMETRIC_REPRESENTATION_CONTEXT() REPRESENTATION_CONTEXT('2D SPACE',''
  ) );
#2796 = PCURVE('',#2797,#2802);
#2797 = PLANE('',#2798);
#2798 = AXIS2_PLACEMENT_3D('',#2799,#2800,#2801);
#2799 = CARTESIAN_POINT('',(224.86487,-69.41334,0.51));
#2800 = DIRECTION('',(0.,-1.,0.));
#2801 = DIRECTION('',(-1.,0.,0.));
#2802 = DEFINITIONAL_REPRESENTATION('',(#2803),#2806);
#2803 = B_SPLINE_CURVE_WITH_KNOTS('',1,(#2804,#2805),.UNSPECIFIED.,.F.,
  .F.,(2,2),(3.145324254631,17.145324254631),.PIECEWISE_BEZIER_KNOTS.);
#2804 = CARTESIAN_POINT('',(14.,-1.));
#2805 = CARTESIAN_POINT('',(0.,-1.));
#2806 = ( GEOMETRIC_REPRESENTATION_CONTEXT(2) 
PARAMETRIC_REPRESENTATION_CONTEXT() REPRESENTATION_CONTEXT('2D SPACE',''
  ) );
#2807 = ORIENTED_EDGE('',*,*,#2808,.F.);
#2808 = EDGE_CURVE('',#2608,#2783,#2809,.T.);
#2809 = SURFACE_CURVE('',#2810,(#2815,#2822),.PCURVE_S1.);
#2810 = CIRCLE('',#2811,1.);
#2811 = AXIS2_PLACEMENT_3D('',#2812,#2813,#2814);
#2812 = CARTESIAN_POINT('',(223.86487,-70.41334,1.51));
#2813 = DIRECTION('',(0.,0.,1.));
#2814 = DIRECTION('',(0.,-1.,0.));
#2815 = PCURVE('',#45,#2816);
#2816 = DEFINITIONAL_REPRESENTATION('',(#2817),#2821);
#2817 = CIRCLE('',#2818,1.);
#2818 = AXIS2_PLACEMENT_2D('',#2819,#2820);
#2819 = CARTESIAN_POINT('',(33.290648509261,1.652462421915));
#2820 = DIRECTION('',(0.,-1.));
#2821 = ( GEOMETRIC_REPRESENTATION_CONTEXT(2) 
PARAMETRIC_REPRESENTATION_CONTEXT() REPRESENTATION_CONTEXT('2D SPACE',''
  ) );
#2822 = PCURVE('',#2823,#2828);
#2823 = CYLINDRICAL_SURFACE('',#2824,1.);
#2824 = AXIS2_PLACEMENT_3D('',#2825,#2826,#2827);
#2825 = CARTESIAN_POINT('',(223.86487,-70.41334,1.51));
#2826 = DIRECTION('',(0.,0.,1.));
#2827 = DIRECTION('',(1.,0.,-0.));
#2828 = DEFINITIONAL_REPRESENTATION('',(#2829),#2833);
#2829 = LINE('',#2830,#2831);
#2830 = CARTESIAN_POINT('',(-1.570796326795,0.));
#2831 = VECTOR('',#2832,1.);
#2832 = DIRECTION('',(1.,0.));
#2833 = ( GEOMETRIC_REPRESENTATION_CONTEXT(2) 
PARAMETRIC_REPRESENTATION_CONTEXT() REPRESENTATION_CONTEXT('2D SPACE',''
  ) );
#2834 = FACE_BOUND('',#2835,.F.);
#2835 = EDGE_LOOP('',(#2836,#2864,#2897,#2923,#2956,#2982,#3011,#3037));
#2836 = ORIENTED_EDGE('',*,*,#2837,.T.);
#2837 = EDGE_CURVE('',#2838,#2840,#2842,.T.);
#2838 = VERTEX_POINT('',#2839);
#2839 = CARTESIAN_POINT('',(244.426604,-72.809395,1.51));
#2840 = VERTEX_POINT('',#2841);
#2841 = CARTESIAN_POINT('',(244.426604,-84.809395,1.51));
#2842 = SURFACE_CURVE('',#2843,(#2847,#2853),.PCURVE_S1.);
#2843 = LINE('',#2844,#2845);
#2844 = CARTESIAN_POINT('',(244.426604,-78.93759871095,1.51));
#2845 = VECTOR('',#2846,1.);
#2846 = DIRECTION('',(0.,-1.,0.));
#2847 = PCURVE('',#45,#2848);
#2848 = DEFINITIONAL_REPRESENTATION('',(#2849),#2852);
#2849 = B_SPLINE_CURVE_WITH_KNOTS('',1,(#2850,#2851),.UNSPECIFIED.,.F.,
  .F.,(2,2),(-7.128203710958,6.871796289042),.PIECEWISE_BEZIER_KNOTS.);
#2850 = CARTESIAN_POINT('',(53.852382509261,0.256407421915));
#2851 = CARTESIAN_POINT('',(53.852382509261,-13.74359257808));
#2852 = ( GEOMETRIC_REPRESENTATION_CONTEXT(2) 
PARAMETRIC_REPRESENTATION_CONTEXT() REPRESENTATION_CONTEXT('2D SPACE',''
  ) );
#2853 = PCURVE('',#2854,#2859);
#2854 = PLANE('',#2855);
#2855 = AXIS2_PLACEMENT_3D('',#2856,#2857,#2858);
#2856 = CARTESIAN_POINT('',(244.426604,-85.809395,0.51));
#2857 = DIRECTION('',(-1.,0.,0.));
#2858 = DIRECTION('',(0.,1.,0.));
#2859 = DEFINITIONAL_REPRESENTATION('',(#2860),#2863);
#2860 = B_SPLINE_CURVE_WITH_KNOTS('',1,(#2861,#2862),.UNSPECIFIED.,.F.,
  .F.,(2,2),(-7.128203710958,6.871796289042),.PIECEWISE_BEZIER_KNOTS.);
#2861 = CARTESIAN_POINT('',(14.,-1.));
#2862 = CARTESIAN_POINT('',(0.,-1.));
#2863 = ( GEOMETRIC_REPRESENTATION_CONTEXT(2) 
PARAMETRIC_REPRESENTATION_CONTEXT() REPRESENTATION_CONTEXT('2D SPACE',''
  ) );
#2864 = ORIENTED_EDGE('',*,*,#2865,.T.);
#2865 = EDGE_CURVE('',#2840,#2866,#2868,.T.);
#2866 = VERTEX_POINT('',#2867);
#2867 = CARTESIAN_POINT('',(243.426604,-85.809395,1.51));
#2868 = SURFACE_CURVE('',#2869,(#2874,#2885),.PCURVE_S1.);
#2869 = CIRCLE('',#2870,1.);
#2870 = AXIS2_PLACEMENT_3D('',#2871,#2872,#2873);
#2871 = CARTESIAN_POINT('',(243.426604,-84.809395,1.51));
#2872 = DIRECTION('',(-0.,-0.,-1.));
#2873 = DIRECTION('',(0.,-1.,0.));
#2874 = PCURVE('',#45,#2875);
#2875 = DEFINITIONAL_REPRESENTATION('',(#2876),#2884);
#2876 = ( BOUNDED_CURVE() B_SPLINE_CURVE(2,(#2877,#2878,#2879,#2880,
#2881,#2882,#2883),.UNSPECIFIED.,.T.,.F.) B_SPLINE_CURVE_WITH_KNOTS((1,2
    ,2,2,2,1),(-2.094395102393,0.,2.094395102393,4.188790204786,
6.28318530718,8.377580409573),.UNSPECIFIED.) CURVE() 
GEOMETRIC_REPRESENTATION_ITEM() RATIONAL_B_SPLINE_CURVE((1.,0.5,1.,0.5,
1.,0.5,1.)) REPRESENTATION_ITEM('') );
#2877 = CARTESIAN_POINT('',(52.852382509261,-13.74359257808));
#2878 = CARTESIAN_POINT('',(51.120331701693,-13.74359257808));
#2879 = CARTESIAN_POINT('',(51.986357105477,-12.24359257808));
#2880 = CARTESIAN_POINT('',(52.852382509261,-10.74359257808));
#2881 = CARTESIAN_POINT('',(53.718407913046,-12.24359257808));
#2882 = CARTESIAN_POINT('',(54.58443331683,-13.74359257808));
#2883 = CARTESIAN_POINT('',(52.852382509261,-13.74359257808));
#2884 = ( GEOMETRIC_REPRESENTATION_CONTEXT(2) 
PARAMETRIC_REPRESENTATION_CONTEXT() REPRESENTATION_CONTEXT('2D SPACE',''
  ) );
#2885 = PCURVE('',#2886,#2891);
#2886 = CYLINDRICAL_SURFACE('',#2887,1.);
#2887 = AXIS2_PLACEMENT_3D('',#2888,#2889,#2890);
#2888 = CARTESIAN_POINT('',(243.426604,-84.809395,1.51));
#2889 = DIRECTION('',(0.,0.,1.));
#2890 = DIRECTION('',(1.,0.,-0.));
#2891 = DEFINITIONAL_REPRESENTATION('',(#2892),#2896);
#2892 = LINE('',#2893,#2894);
#2893 = CARTESIAN_POINT('',(4.712388980385,-0.));
#2894 = VECTOR('',#2895,1.);
#2895 = DIRECTION('',(-1.,0.));
#2896 = ( GEOMETRIC_REPRESENTATION_CONTEXT(2) 
PARAMETRIC_REPRESENTATION_CONTEXT() REPRESENTATION_CONTEXT('2D SPACE',''
  ) );
#2897 = ORIENTED_EDGE('',*,*,#2898,.T.);
#2898 = EDGE_CURVE('',#2866,#2899,#2901,.T.);
#2899 = VERTEX_POINT('',#2900);
#2900 = CARTESIAN_POINT('',(231.426604,-85.809395,1.51));
#2901 = SURFACE_CURVE('',#2902,(#2906,#2912),.PCURVE_S1.);
#2902 = LINE('',#2903,#2904);
#2903 = CARTESIAN_POINT('',(210.50041274536,-85.809395,1.51));
#2904 = VECTOR('',#2905,1.);
#2905 = DIRECTION('',(-1.,0.,0.));
#2906 = PCURVE('',#45,#2907);
#2907 = DEFINITIONAL_REPRESENTATION('',(#2908),#2911);
#2908 = B_SPLINE_CURVE_WITH_KNOTS('',1,(#2909,#2910),.UNSPECIFIED.,.F.,
  .F.,(2,2),(-33.92619125463,-19.92619125463),.PIECEWISE_BEZIER_KNOTS.);
#2909 = CARTESIAN_POINT('',(53.852382509261,-13.74359257808));
#2910 = CARTESIAN_POINT('',(39.852382509261,-13.74359257808));
#2911 = ( GEOMETRIC_REPRESENTATION_CONTEXT(2) 
PARAMETRIC_REPRESENTATION_CONTEXT() REPRESENTATION_CONTEXT('2D SPACE',''
  ) );
#2912 = PCURVE('',#2913,#2918);
#2913 = PLANE('',#2914);
#2914 = AXIS2_PLACEMENT_3D('',#2915,#2916,#2917);
#2915 = CARTESIAN_POINT('',(230.426604,-85.809395,0.51));
#2916 = DIRECTION('',(0.,1.,0.));
#2917 = DIRECTION('',(1.,0.,0.));
#2918 = DEFINITIONAL_REPRESENTATION('',(#2919),#2922);
#2919 = B_SPLINE_CURVE_WITH_KNOTS('',1,(#2920,#2921),.UNSPECIFIED.,.F.,
  .F.,(2,2),(-33.92619125463,-19.92619125463),.PIECEWISE_BEZIER_KNOTS.);
#2920 = CARTESIAN_POINT('',(14.,-1.));
#2921 = CARTESIAN_POINT('',(0.,-1.));
#2922 = ( GEOMETRIC_REPRESENTATION_CONTEXT(2) 
PARAMETRIC_REPRESENTATION_CONTEXT() REPRESENTATION_CONTEXT('2D SPACE',''
  ) );
#2923 = ORIENTED_EDGE('',*,*,#2924,.T.);
#2924 = EDGE_CURVE('',#2899,#2925,#2927,.T.);
#2925 = VERTEX_POINT('',#2926);
#2926 = CARTESIAN_POINT('',(230.426604,-84.809395,1.51));
#2927 = SURFACE_CURVE('',#2928,(#2933,#2944),.PCURVE_S1.);
#2928 = CIRCLE('',#2929,1.);
#2929 = AXIS2_PLACEMENT_3D('',#2930,#2931,#2932);
#2930 = CARTESIAN_POINT('',(231.426604,-84.809395,1.51));
#2931 = DIRECTION('',(-0.,-0.,-1.));
#2932 = DIRECTION('',(0.,-1.,0.));
#2933 = PCURVE('',#45,#2934);
#2934 = DEFINITIONAL_REPRESENTATION('',(#2935),#2943);
#2935 = ( BOUNDED_CURVE() B_SPLINE_CURVE(2,(#2936,#2937,#2938,#2939,
#2940,#2941,#2942),.UNSPECIFIED.,.T.,.F.) B_SPLINE_CURVE_WITH_KNOTS((1,2
    ,2,2,2,1),(-2.094395102393,0.,2.094395102393,4.188790204786,
6.28318530718,8.377580409573),.UNSPECIFIED.) CURVE() 
GEOMETRIC_REPRESENTATION_ITEM() RATIONAL_B_SPLINE_CURVE((1.,0.5,1.,0.5,
1.,0.5,1.)) REPRESENTATION_ITEM('') );
#2936 = CARTESIAN_POINT('',(40.852382509261,-13.74359257808));
#2937 = CARTESIAN_POINT('',(39.120331701693,-13.74359257808));
#2938 = CARTESIAN_POINT('',(39.986357105477,-12.24359257808));
#2939 = CARTESIAN_POINT('',(40.852382509261,-10.74359257808));
#2940 = CARTESIAN_POINT('',(41.718407913046,-12.24359257808));
#2941 = CARTESIAN_POINT('',(42.58443331683,-13.74359257808));
#2942 = CARTESIAN_POINT('',(40.852382509261,-13.74359257808));
#2943 = ( GEOMETRIC_REPRESENTATION_CONTEXT(2) 
PARAMETRIC_REPRESENTATION_CONTEXT() REPRESENTATION_CONTEXT('2D SPACE',''
  ) );
#2944 = PCURVE('',#2945,#2950);
#2945 = CYLINDRICAL_SURFACE('',#2946,1.);
#2946 = AXIS2_PLACEMENT_3D('',#2947,#2948,#2949);
#2947 = CARTESIAN_POINT('',(231.426604,-84.809395,1.51));
#2948 = DIRECTION('',(0.,0.,1.));
#2949 = DIRECTION('',(0.,-1.,0.));
#2950 = DEFINITIONAL_REPRESENTATION('',(#2951),#2955);
#2951 = LINE('',#2952,#2953);
#2952 = CARTESIAN_POINT('',(-0.,0.));
#2953 = VECTOR('',#2954,1.);
#2954 = DIRECTION('',(-1.,0.));
#2955 = ( GEOMETRIC_REPRESENTATION_CONTEXT(2) 
PARAMETRIC_REPRESENTATION_CONTEXT() REPRESENTATION_CONTEXT('2D SPACE',''
  ) );
#2956 = ORIENTED_EDGE('',*,*,#2957,.T.);
#2957 = EDGE_CURVE('',#2925,#2958,#2960,.T.);
#2958 = VERTEX_POINT('',#2959);
#2959 = CARTESIAN_POINT('',(230.426604,-72.809395,1.51));
#2960 = SURFACE_CURVE('',#2961,(#2965,#2971),.PCURVE_S1.);
#2961 = LINE('',#2962,#2963);
#2962 = CARTESIAN_POINT('',(230.426604,-71.93759871095,1.51));
#2963 = VECTOR('',#2964,1.);
#2964 = DIRECTION('',(-0.,1.,0.));
#2965 = PCURVE('',#45,#2966);
#2966 = DEFINITIONAL_REPRESENTATION('',(#2967),#2970);
#2967 = B_SPLINE_CURVE_WITH_KNOTS('',1,(#2968,#2969),.UNSPECIFIED.,.F.,
  .F.,(2,2),(-13.87179628904,0.128203710958),.PIECEWISE_BEZIER_KNOTS.);
#2968 = CARTESIAN_POINT('',(39.852382509261,-13.74359257808));
#2969 = CARTESIAN_POINT('',(39.852382509261,0.256407421915));
#2970 = ( GEOMETRIC_REPRESENTATION_CONTEXT(2) 
PARAMETRIC_REPRESENTATION_CONTEXT() REPRESENTATION_CONTEXT('2D SPACE',''
  ) );
#2971 = PCURVE('',#2972,#2977);
#2972 = PLANE('',#2973);
#2973 = AXIS2_PLACEMENT_3D('',#2974,#2975,#2976);
#2974 = CARTESIAN_POINT('',(230.426604,-71.809395,0.51));
#2975 = DIRECTION('',(1.,0.,-0.));
#2976 = DIRECTION('',(0.,-1.,0.));
#2977 = DEFINITIONAL_REPRESENTATION('',(#2978),#2981);
#2978 = B_SPLINE_CURVE_WITH_KNOTS('',1,(#2979,#2980),.UNSPECIFIED.,.F.,
  .F.,(2,2),(-13.87179628904,0.128203710958),.PIECEWISE_BEZIER_KNOTS.);
#2979 = CARTESIAN_POINT('',(14.,-1.));
#2980 = CARTESIAN_POINT('',(0.,-1.));
#2981 = ( GEOMETRIC_REPRESENTATION_CONTEXT(2) 
PARAMETRIC_REPRESENTATION_CONTEXT() REPRESENTATION_CONTEXT('2D SPACE',''
  ) );
#2982 = ORIENTED_EDGE('',*,*,#2983,.F.);
#2983 = EDGE_CURVE('',#2984,#2958,#2986,.T.);
#2984 = VERTEX_POINT('',#2985);
#2985 = CARTESIAN_POINT('',(231.426604,-71.809395,1.51));
#2986 = SURFACE_CURVE('',#2987,(#2992,#2999),.PCURVE_S1.);
#2987 = CIRCLE('',#2988,1.);
#2988 = AXIS2_PLACEMENT_3D('',#2989,#2990,#2991);
#2989 = CARTESIAN_POINT('',(231.426604,-72.809395,1.51));
#2990 = DIRECTION('',(0.,0.,1.));
#2991 = DIRECTION('',(0.,-1.,0.));
#2992 = PCURVE('',#45,#2993);
#2993 = DEFINITIONAL_REPRESENTATION('',(#2994),#2998);
#2994 = CIRCLE('',#2995,1.);
#2995 = AXIS2_PLACEMENT_2D('',#2996,#2997);
#2996 = CARTESIAN_POINT('',(40.852382509261,-0.743592578085));
#2997 = DIRECTION('',(0.,-1.));
#2998 = ( GEOMETRIC_REPRESENTATION_CONTEXT(2) 
PARAMETRIC_REPRESENTATION_CONTEXT() REPRESENTATION_CONTEXT('2D SPACE',''
  ) );
#2999 = PCURVE('',#3000,#3005);
#3000 = CYLINDRICAL_SURFACE('',#3001,1.);
#3001 = AXIS2_PLACEMENT_3D('',#3002,#3003,#3004);
#3002 = CARTESIAN_POINT('',(231.426604,-72.809395,1.51));
#3003 = DIRECTION('',(0.,0.,1.));
#3004 = DIRECTION('',(-0.,1.,0.));
#3005 = DEFINITIONAL_REPRESENTATION('',(#3006),#3010);
#3006 = LINE('',#3007,#3008);
#3007 = CARTESIAN_POINT('',(-3.14159265359,0.));
#3008 = VECTOR('',#3009,1.);
#3009 = DIRECTION('',(1.,0.));
#3010 = ( GEOMETRIC_REPRESENTATION_CONTEXT(2) 
PARAMETRIC_REPRESENTATION_CONTEXT() REPRESENTATION_CONTEXT('2D SPACE',''
  ) );
#3011 = ORIENTED_EDGE('',*,*,#3012,.T.);
#3012 = EDGE_CURVE('',#2984,#3013,#3015,.T.);
#3013 = VERTEX_POINT('',#3014);
#3014 = CARTESIAN_POINT('',(243.426604,-71.809395,1.51));
#3015 = SURFACE_CURVE('',#3016,(#3020,#3026),.PCURVE_S1.);
#3016 = LINE('',#3017,#3018);
#3017 = CARTESIAN_POINT('',(217.50041274536,-71.809395,1.51));
#3018 = VECTOR('',#3019,1.);
#3019 = DIRECTION('',(1.,0.,-0.));
#3020 = PCURVE('',#45,#3021);
#3021 = DEFINITIONAL_REPRESENTATION('',(#3022),#3025);
#3022 = B_SPLINE_CURVE_WITH_KNOTS('',1,(#3023,#3024),.UNSPECIFIED.,.F.,
  .F.,(2,2),(12.926191254631,26.926191254631),.PIECEWISE_BEZIER_KNOTS.);
#3023 = CARTESIAN_POINT('',(39.852382509261,0.256407421915));
#3024 = CARTESIAN_POINT('',(53.852382509261,0.256407421915));
#3025 = ( GEOMETRIC_REPRESENTATION_CONTEXT(2) 
PARAMETRIC_REPRESENTATION_CONTEXT() REPRESENTATION_CONTEXT('2D SPACE',''
  ) );
#3026 = PCURVE('',#3027,#3032);
#3027 = PLANE('',#3028);
#3028 = AXIS2_PLACEMENT_3D('',#3029,#3030,#3031);
#3029 = CARTESIAN_POINT('',(244.426604,-71.809395,0.51));
#3030 = DIRECTION('',(0.,-1.,0.));
#3031 = DIRECTION('',(-1.,0.,0.));
#3032 = DEFINITIONAL_REPRESENTATION('',(#3033),#3036);
#3033 = B_SPLINE_CURVE_WITH_KNOTS('',1,(#3034,#3035),.UNSPECIFIED.,.F.,
  .F.,(2,2),(12.926191254631,26.926191254631),.PIECEWISE_BEZIER_KNOTS.);
#3034 = CARTESIAN_POINT('',(14.,-1.));
#3035 = CARTESIAN_POINT('',(0.,-1.));
#3036 = ( GEOMETRIC_REPRESENTATION_CONTEXT(2) 
PARAMETRIC_REPRESENTATION_CONTEXT() REPRESENTATION_CONTEXT('2D SPACE',''
  ) );
#3037 = ORIENTED_EDGE('',*,*,#3038,.F.);
#3038 = EDGE_CURVE('',#2838,#3013,#3039,.T.);
#3039 = SURFACE_CURVE('',#3040,(#3045,#3052),.PCURVE_S1.);
#3040 = CIRCLE('',#3041,1.);
#3041 = AXIS2_PLACEMENT_3D('',#3042,#3043,#3044);
#3042 = CARTESIAN_POINT('',(243.426604,-72.809395,1.51));
#3043 = DIRECTION('',(0.,0.,1.));
#3044 = DIRECTION('',(0.,-1.,0.));
#3045 = PCURVE('',#45,#3046);
#3046 = DEFINITIONAL_REPRESENTATION('',(#3047),#3051);
#3047 = CIRCLE('',#3048,1.);
#3048 = AXIS2_PLACEMENT_2D('',#3049,#3050);
#3049 = CARTESIAN_POINT('',(52.852382509261,-0.743592578085));
#3050 = DIRECTION('',(0.,-1.));
#3051 = ( GEOMETRIC_REPRESENTATION_CONTEXT(2) 
PARAMETRIC_REPRESENTATION_CONTEXT() REPRESENTATION_CONTEXT('2D SPACE',''
  ) );
#3052 = PCURVE('',#3053,#3058);
#3053 = CYLINDRICAL_SURFACE('',#3054,1.);
#3054 = AXIS2_PLACEMENT_3D('',#3055,#3056,#3057);
#3055 = CARTESIAN_POINT('',(243.426604,-72.809395,1.51));
#3056 = DIRECTION('',(0.,0.,1.));
#3057 = DIRECTION('',(1.,0.,-0.));
#3058 = DEFINITIONAL_REPRESENTATION('',(#3059),#3063);
#3059 = LINE('',#3060,#3061);
#3060 = CARTESIAN_POINT('',(-1.570796326795,0.));
#3061 = VECTOR('',#3062,1.);
#3062 = DIRECTION('',(1.,0.));
#3063 = ( GEOMETRIC_REPRESENTATION_CONTEXT(2) 
PARAMETRIC_REPRESENTATION_CONTEXT() REPRESENTATION_CONTEXT('2D SPACE',''
  ) );
#3064 = FACE_BOUND('',#3065,.F.);
#3065 = EDGE_LOOP('',(#3066,#3094,#3127,#3153,#3186,#3212,#3241,#3267));
#3066 = ORIENTED_EDGE('',*,*,#3067,.T.);
#3067 = EDGE_CURVE('',#3068,#3070,#3072,.T.);
#3068 = VERTEX_POINT('',#3069);
#3069 = CARTESIAN_POINT('',(170.478,-55.214,1.51));
#3070 = VERTEX_POINT('',#3071);
#3071 = CARTESIAN_POINT('',(170.478,-67.214,1.51));
#3072 = SURFACE_CURVE('',#3073,(#3077,#3083),.PCURVE_S1.);
#3073 = LINE('',#3074,#3075);
#3074 = CARTESIAN_POINT('',(170.478,-70.13990121095,1.51));
#3075 = VECTOR('',#3076,1.);
#3076 = DIRECTION('',(0.,-1.,0.));
#3077 = PCURVE('',#45,#3078);
#3078 = DEFINITIONAL_REPRESENTATION('',(#3079),#3082);
#3079 = B_SPLINE_CURVE_WITH_KNOTS('',1,(#3080,#3081),.UNSPECIFIED.,.F.,
  .F.,(2,2),(-15.92590121095,-1.925901210958),.PIECEWISE_BEZIER_KNOTS.);
#3080 = CARTESIAN_POINT('',(-20.09622149073,17.851802421915));
#3081 = CARTESIAN_POINT('',(-20.09622149073,3.851802421915));
#3082 = ( GEOMETRIC_REPRESENTATION_CONTEXT(2) 
PARAMETRIC_REPRESENTATION_CONTEXT() REPRESENTATION_CONTEXT('2D SPACE',''
  ) );
#3083 = PCURVE('',#3084,#3089);
#3084 = PLANE('',#3085);
#3085 = AXIS2_PLACEMENT_3D('',#3086,#3087,#3088);
#3086 = CARTESIAN_POINT('',(170.478,-68.214,0.51));
#3087 = DIRECTION('',(-1.,0.,0.));
#3088 = DIRECTION('',(0.,1.,0.));
#3089 = DEFINITIONAL_REPRESENTATION('',(#3090),#3093);
#3090 = B_SPLINE_CURVE_WITH_KNOTS('',1,(#3091,#3092),.UNSPECIFIED.,.F.,
  .F.,(2,2),(-15.92590121095,-1.925901210958),.PIECEWISE_BEZIER_KNOTS.);
#3091 = CARTESIAN_POINT('',(14.,-1.));
#3092 = CARTESIAN_POINT('',(0.,-1.));
#3093 = ( GEOMETRIC_REPRESENTATION_CONTEXT(2) 
PARAMETRIC_REPRESENTATION_CONTEXT() REPRESENTATION_CONTEXT('2D SPACE',''
  ) );
#3094 = ORIENTED_EDGE('',*,*,#3095,.T.);
#3095 = EDGE_CURVE('',#3070,#3096,#3098,.T.);
#3096 = VERTEX_POINT('',#3097);
#3097 = CARTESIAN_POINT('',(169.478,-68.214,1.51));
#3098 = SURFACE_CURVE('',#3099,(#3104,#3115),.PCURVE_S1.);
#3099 = CIRCLE('',#3100,1.);
#3100 = AXIS2_PLACEMENT_3D('',#3101,#3102,#3103);
#3101 = CARTESIAN_POINT('',(169.478,-67.214,1.51));
#3102 = DIRECTION('',(-0.,-0.,-1.));
#3103 = DIRECTION('',(0.,-1.,0.));
#3104 = PCURVE('',#45,#3105);
#3105 = DEFINITIONAL_REPRESENTATION('',(#3106),#3114);
#3106 = ( BOUNDED_CURVE() B_SPLINE_CURVE(2,(#3107,#3108,#3109,#3110,
#3111,#3112,#3113),.UNSPECIFIED.,.T.,.F.) B_SPLINE_CURVE_WITH_KNOTS((1,2
    ,2,2,2,1),(-2.094395102393,0.,2.094395102393,4.188790204786,
6.28318530718,8.377580409573),.UNSPECIFIED.) CURVE() 
GEOMETRIC_REPRESENTATION_ITEM() RATIONAL_B_SPLINE_CURVE((1.,0.5,1.,0.5,
1.,0.5,1.)) REPRESENTATION_ITEM('') );
#3107 = CARTESIAN_POINT('',(-21.09622149073,3.851802421915));
#3108 = CARTESIAN_POINT('',(-22.8282722983,3.851802421915));
#3109 = CARTESIAN_POINT('',(-21.96224689452,5.351802421915));
#3110 = CARTESIAN_POINT('',(-21.09622149073,6.851802421915));
#3111 = CARTESIAN_POINT('',(-20.23019608695,5.351802421915));
#3112 = CARTESIAN_POINT('',(-19.36417068317,3.851802421915));
#3113 = CARTESIAN_POINT('',(-21.09622149073,3.851802421915));
#3114 = ( GEOMETRIC_REPRESENTATION_CONTEXT(2) 
PARAMETRIC_REPRESENTATION_CONTEXT() REPRESENTATION_CONTEXT('2D SPACE',''
  ) );
#3115 = PCURVE('',#3116,#3121);
#3116 = CYLINDRICAL_SURFACE('',#3117,1.);
#3117 = AXIS2_PLACEMENT_3D('',#3118,#3119,#3120);
#3118 = CARTESIAN_POINT('',(169.478,-67.214,1.51));
#3119 = DIRECTION('',(0.,0.,1.));
#3120 = DIRECTION('',(1.,0.,-0.));
#3121 = DEFINITIONAL_REPRESENTATION('',(#3122),#3126);
#3122 = LINE('',#3123,#3124);
#3123 = CARTESIAN_POINT('',(4.712388980385,-0.));
#3124 = VECTOR('',#3125,1.);
#3125 = DIRECTION('',(-1.,0.));
#3126 = ( GEOMETRIC_REPRESENTATION_CONTEXT(2) 
PARAMETRIC_REPRESENTATION_CONTEXT() REPRESENTATION_CONTEXT('2D SPACE',''
  ) );
#3127 = ORIENTED_EDGE('',*,*,#3128,.T.);
#3128 = EDGE_CURVE('',#3096,#3129,#3131,.T.);
#3129 = VERTEX_POINT('',#3130);
#3130 = CARTESIAN_POINT('',(157.478,-68.214,1.51));
#3131 = SURFACE_CURVE('',#3132,(#3136,#3142),.PCURVE_S1.);
#3132 = LINE('',#3133,#3134);
#3133 = CARTESIAN_POINT('',(173.52611074536,-68.214,1.51));
#3134 = VECTOR('',#3135,1.);
#3135 = DIRECTION('',(-1.,0.,0.));
#3136 = PCURVE('',#45,#3137);
#3137 = DEFINITIONAL_REPRESENTATION('',(#3138),#3141);
#3138 = B_SPLINE_CURVE_WITH_KNOTS('',1,(#3139,#3140),.UNSPECIFIED.,.F.,
  .F.,(2,2),(3.048110745369,17.048110745369),.PIECEWISE_BEZIER_KNOTS.);
#3139 = CARTESIAN_POINT('',(-20.09622149073,3.851802421915));
#3140 = CARTESIAN_POINT('',(-34.09622149073,3.851802421915));
#3141 = ( GEOMETRIC_REPRESENTATION_CONTEXT(2) 
PARAMETRIC_REPRESENTATION_CONTEXT() REPRESENTATION_CONTEXT('2D SPACE',''
  ) );
#3142 = PCURVE('',#3143,#3148);
#3143 = PLANE('',#3144);
#3144 = AXIS2_PLACEMENT_3D('',#3145,#3146,#3147);
#3145 = CARTESIAN_POINT('',(156.478,-68.214,0.51));
#3146 = DIRECTION('',(0.,1.,0.));
#3147 = DIRECTION('',(1.,0.,0.));
#3148 = DEFINITIONAL_REPRESENTATION('',(#3149),#3152);
#3149 = B_SPLINE_CURVE_WITH_KNOTS('',1,(#3150,#3151),.UNSPECIFIED.,.F.,
  .F.,(2,2),(3.048110745369,17.048110745369),.PIECEWISE_BEZIER_KNOTS.);
#3150 = CARTESIAN_POINT('',(14.,-1.));
#3151 = CARTESIAN_POINT('',(0.,-1.));
#3152 = ( GEOMETRIC_REPRESENTATION_CONTEXT(2) 
PARAMETRIC_REPRESENTATION_CONTEXT() REPRESENTATION_CONTEXT('2D SPACE',''
  ) );
#3153 = ORIENTED_EDGE('',*,*,#3154,.T.);
#3154 = EDGE_CURVE('',#3129,#3155,#3157,.T.);
#3155 = VERTEX_POINT('',#3156);
#3156 = CARTESIAN_POINT('',(156.478,-67.214,1.51));
#3157 = SURFACE_CURVE('',#3158,(#3163,#3174),.PCURVE_S1.);
#3158 = CIRCLE('',#3159,1.);
#3159 = AXIS2_PLACEMENT_3D('',#3160,#3161,#3162);
#3160 = CARTESIAN_POINT('',(157.478,-67.214,1.51));
#3161 = DIRECTION('',(-0.,-0.,-1.));
#3162 = DIRECTION('',(0.,-1.,0.));
#3163 = PCURVE('',#45,#3164);
#3164 = DEFINITIONAL_REPRESENTATION('',(#3165),#3173);
#3165 = ( BOUNDED_CURVE() B_SPLINE_CURVE(2,(#3166,#3167,#3168,#3169,
#3170,#3171,#3172),.UNSPECIFIED.,.T.,.F.) B_SPLINE_CURVE_WITH_KNOTS((1,2
    ,2,2,2,1),(-2.094395102393,0.,2.094395102393,4.188790204786,
6.28318530718,8.377580409573),.UNSPECIFIED.) CURVE() 
GEOMETRIC_REPRESENTATION_ITEM() RATIONAL_B_SPLINE_CURVE((1.,0.5,1.,0.5,
1.,0.5,1.)) REPRESENTATION_ITEM('') );
#3166 = CARTESIAN_POINT('',(-33.09622149073,3.851802421915));
#3167 = CARTESIAN_POINT('',(-34.8282722983,3.851802421915));
#3168 = CARTESIAN_POINT('',(-33.96224689452,5.351802421915));
#3169 = CARTESIAN_POINT('',(-33.09622149073,6.851802421915));
#3170 = CARTESIAN_POINT('',(-32.23019608695,5.351802421915));
#3171 = CARTESIAN_POINT('',(-31.36417068317,3.851802421915));
#3172 = CARTESIAN_POINT('',(-33.09622149073,3.851802421915));
#3173 = ( GEOMETRIC_REPRESENTATION_CONTEXT(2) 
PARAMETRIC_REPRESENTATION_CONTEXT() REPRESENTATION_CONTEXT('2D SPACE',''
  ) );
#3174 = PCURVE('',#3175,#3180);
#3175 = CYLINDRICAL_SURFACE('',#3176,1.);
#3176 = AXIS2_PLACEMENT_3D('',#3177,#3178,#3179);
#3177 = CARTESIAN_POINT('',(157.478,-67.214,1.51));
#3178 = DIRECTION('',(0.,0.,1.));
#3179 = DIRECTION('',(0.,-1.,0.));
#3180 = DEFINITIONAL_REPRESENTATION('',(#3181),#3185);
#3181 = LINE('',#3182,#3183);
#3182 = CARTESIAN_POINT('',(-0.,0.));
#3183 = VECTOR('',#3184,1.);
#3184 = DIRECTION('',(-1.,0.));
#3185 = ( GEOMETRIC_REPRESENTATION_CONTEXT(2) 
PARAMETRIC_REPRESENTATION_CONTEXT() REPRESENTATION_CONTEXT('2D SPACE',''
  ) );
#3186 = ORIENTED_EDGE('',*,*,#3187,.T.);
#3187 = EDGE_CURVE('',#3155,#3188,#3190,.T.);
#3188 = VERTEX_POINT('',#3189);
#3189 = CARTESIAN_POINT('',(156.478,-55.214,1.51));
#3190 = SURFACE_CURVE('',#3191,(#3195,#3201),.PCURVE_S1.);
#3191 = LINE('',#3192,#3193);
#3192 = CARTESIAN_POINT('',(156.478,-63.13990121095,1.51));
#3193 = VECTOR('',#3194,1.);
#3194 = DIRECTION('',(-0.,1.,0.));
#3195 = PCURVE('',#45,#3196);
#3196 = DEFINITIONAL_REPRESENTATION('',(#3197),#3200);
#3197 = B_SPLINE_CURVE_WITH_KNOTS('',1,(#3198,#3199),.UNSPECIFIED.,.F.,
  .F.,(2,2),(-5.074098789042,8.925901210958),.PIECEWISE_BEZIER_KNOTS.);
#3198 = CARTESIAN_POINT('',(-34.09622149073,3.851802421915));
#3199 = CARTESIAN_POINT('',(-34.09622149073,17.851802421915));
#3200 = ( GEOMETRIC_REPRESENTATION_CONTEXT(2) 
PARAMETRIC_REPRESENTATION_CONTEXT() REPRESENTATION_CONTEXT('2D SPACE',''
  ) );
#3201 = PCURVE('',#3202,#3207);
#3202 = PLANE('',#3203);
#3203 = AXIS2_PLACEMENT_3D('',#3204,#3205,#3206);
#3204 = CARTESIAN_POINT('',(156.478,-54.214,0.51));
#3205 = DIRECTION('',(1.,0.,-0.));
#3206 = DIRECTION('',(0.,-1.,0.));
#3207 = DEFINITIONAL_REPRESENTATION('',(#3208),#3211);
#3208 = B_SPLINE_CURVE_WITH_KNOTS('',1,(#3209,#3210),.UNSPECIFIED.,.F.,
  .F.,(2,2),(-5.074098789042,8.925901210958),.PIECEWISE_BEZIER_KNOTS.);
#3209 = CARTESIAN_POINT('',(14.,-1.));
#3210 = CARTESIAN_POINT('',(0.,-1.));
#3211 = ( GEOMETRIC_REPRESENTATION_CONTEXT(2) 
PARAMETRIC_REPRESENTATION_CONTEXT() REPRESENTATION_CONTEXT('2D SPACE',''
  ) );
#3212 = ORIENTED_EDGE('',*,*,#3213,.F.);
#3213 = EDGE_CURVE('',#3214,#3188,#3216,.T.);
#3214 = VERTEX_POINT('',#3215);
#3215 = CARTESIAN_POINT('',(157.478,-54.214,1.51));
#3216 = SURFACE_CURVE('',#3217,(#3222,#3229),.PCURVE_S1.);
#3217 = CIRCLE('',#3218,1.);
#3218 = AXIS2_PLACEMENT_3D('',#3219,#3220,#3221);
#3219 = CARTESIAN_POINT('',(157.478,-55.214,1.51));
#3220 = DIRECTION('',(0.,0.,1.));
#3221 = DIRECTION('',(0.,-1.,0.));
#3222 = PCURVE('',#45,#3223);
#3223 = DEFINITIONAL_REPRESENTATION('',(#3224),#3228);
#3224 = CIRCLE('',#3225,1.);
#3225 = AXIS2_PLACEMENT_2D('',#3226,#3227);
#3226 = CARTESIAN_POINT('',(-33.09622149073,16.851802421915));
#3227 = DIRECTION('',(0.,-1.));
#3228 = ( GEOMETRIC_REPRESENTATION_CONTEXT(2) 
PARAMETRIC_REPRESENTATION_CONTEXT() REPRESENTATION_CONTEXT('2D SPACE',''
  ) );
#3229 = PCURVE('',#3230,#3235);
#3230 = CYLINDRICAL_SURFACE('',#3231,1.);
#3231 = AXIS2_PLACEMENT_3D('',#3232,#3233,#3234);
#3232 = CARTESIAN_POINT('',(157.478,-55.214,1.51));
#3233 = DIRECTION('',(0.,0.,1.));
#3234 = DIRECTION('',(-0.,1.,0.));
#3235 = DEFINITIONAL_REPRESENTATION('',(#3236),#3240);
#3236 = LINE('',#3237,#3238);
#3237 = CARTESIAN_POINT('',(-3.14159265359,0.));
#3238 = VECTOR('',#3239,1.);
#3239 = DIRECTION('',(1.,0.));
#3240 = ( GEOMETRIC_REPRESENTATION_CONTEXT(2) 
PARAMETRIC_REPRESENTATION_CONTEXT() REPRESENTATION_CONTEXT('2D SPACE',''
  ) );
#3241 = ORIENTED_EDGE('',*,*,#3242,.T.);
#3242 = EDGE_CURVE('',#3214,#3243,#3245,.T.);
#3243 = VERTEX_POINT('',#3244);
#3244 = CARTESIAN_POINT('',(169.478,-54.214,1.51));
#3245 = SURFACE_CURVE('',#3246,(#3250,#3256),.PCURVE_S1.);
#3246 = LINE('',#3247,#3248);
#3247 = CARTESIAN_POINT('',(180.52611074536,-54.214,1.51));
#3248 = VECTOR('',#3249,1.);
#3249 = DIRECTION('',(1.,0.,-0.));
#3250 = PCURVE('',#45,#3251);
#3251 = DEFINITIONAL_REPRESENTATION('',(#3252),#3255);
#3252 = B_SPLINE_CURVE_WITH_KNOTS('',1,(#3253,#3254),.UNSPECIFIED.,.F.,
  .F.,(2,2),(-24.04811074536,-10.04811074536),.PIECEWISE_BEZIER_KNOTS.);
#3253 = CARTESIAN_POINT('',(-34.09622149073,17.851802421915));
#3254 = CARTESIAN_POINT('',(-20.09622149073,17.851802421915));
#3255 = ( GEOMETRIC_REPRESENTATION_CONTEXT(2) 
PARAMETRIC_REPRESENTATION_CONTEXT() REPRESENTATION_CONTEXT('2D SPACE',''
  ) );
#3256 = PCURVE('',#3257,#3262);
#3257 = PLANE('',#3258);
#3258 = AXIS2_PLACEMENT_3D('',#3259,#3260,#3261);
#3259 = CARTESIAN_POINT('',(170.478,-54.214,0.51));
#3260 = DIRECTION('',(0.,-1.,0.));
#3261 = DIRECTION('',(-1.,0.,0.));
#3262 = DEFINITIONAL_REPRESENTATION('',(#3263),#3266);
#3263 = B_SPLINE_CURVE_WITH_KNOTS('',1,(#3264,#3265),.UNSPECIFIED.,.F.,
  .F.,(2,2),(-24.04811074536,-10.04811074536),.PIECEWISE_BEZIER_KNOTS.);
#3264 = CARTESIAN_POINT('',(14.,-1.));
#3265 = CARTESIAN_POINT('',(0.,-1.));
#3266 = ( GEOMETRIC_REPRESENTATION_CONTEXT(2) 
PARAMETRIC_REPRESENTATION_CONTEXT() REPRESENTATION_CONTEXT('2D SPACE',''
  ) );
#3267 = ORIENTED_EDGE('',*,*,#3268,.F.);
#3268 = EDGE_CURVE('',#3068,#3243,#3269,.T.);
#3269 = SURFACE_CURVE('',#3270,(#3275,#3282),.PCURVE_S1.);
#3270 = CIRCLE('',#3271,1.);
#3271 = AXIS2_PLACEMENT_3D('',#3272,#3273,#3274);
#3272 = CARTESIAN_POINT('',(169.478,-55.214,1.51));
#3273 = DIRECTION('',(0.,0.,1.));
#3274 = DIRECTION('',(0.,-1.,0.));
#3275 = PCURVE('',#45,#3276);
#3276 = DEFINITIONAL_REPRESENTATION('',(#3277),#3281);
#3277 = CIRCLE('',#3278,1.);
#3278 = AXIS2_PLACEMENT_2D('',#3279,#3280);
#3279 = CARTESIAN_POINT('',(-21.09622149073,16.851802421915));
#3280 = DIRECTION('',(0.,-1.));
#3281 = ( GEOMETRIC_REPRESENTATION_CONTEXT(2) 
PARAMETRIC_REPRESENTATION_CONTEXT() REPRESENTATION_CONTEXT('2D SPACE',''
  ) );
#3282 = PCURVE('',#3283,#3288);
#3283 = CYLINDRICAL_SURFACE('',#3284,1.);
#3284 = AXIS2_PLACEMENT_3D('',#3285,#3286,#3287);
#3285 = CARTESIAN_POINT('',(169.478,-55.214,1.51));
#3286 = DIRECTION('',(0.,0.,1.));
#3287 = DIRECTION('',(1.,0.,-0.));
#3288 = DEFINITIONAL_REPRESENTATION('',(#3289),#3293);
#3289 = LINE('',#3290,#3291);
#3290 = CARTESIAN_POINT('',(-1.570796326795,0.));
#3291 = VECTOR('',#3292,1.);
#3292 = DIRECTION('',(1.,0.));
#3293 = ( GEOMETRIC_REPRESENTATION_CONTEXT(2) 
PARAMETRIC_REPRESENTATION_CONTEXT() REPRESENTATION_CONTEXT('2D SPACE',''
  ) );
#3294 = FACE_BOUND('',#3295,.F.);
#3295 = EDGE_LOOP('',(#3296,#3324,#3357,#3383,#3416,#3442,#3471,#3497));
#3296 = ORIENTED_EDGE('',*,*,#3297,.T.);
#3297 = EDGE_CURVE('',#3298,#3300,#3302,.T.);
#3298 = VERTEX_POINT('',#3299);
#3299 = CARTESIAN_POINT('',(188.492,-52.674,1.51));
#3300 = VERTEX_POINT('',#3301);
#3301 = CARTESIAN_POINT('',(188.492,-64.674,1.51));
#3302 = SURFACE_CURVE('',#3303,(#3307,#3313),.PCURVE_S1.);
#3303 = LINE('',#3304,#3305);
#3304 = CARTESIAN_POINT('',(188.492,-68.86990121095,1.51));
#3305 = VECTOR('',#3306,1.);
#3306 = DIRECTION('',(0.,-1.,0.));
#3307 = PCURVE('',#45,#3308);
#3308 = DEFINITIONAL_REPRESENTATION('',(#3309),#3312);
#3309 = B_SPLINE_CURVE_WITH_KNOTS('',1,(#3310,#3311),.UNSPECIFIED.,.F.,
  .F.,(2,2),(-17.19590121095,-3.195901210958),.PIECEWISE_BEZIER_KNOTS.);
#3310 = CARTESIAN_POINT('',(-2.082221490739,20.391802421915));
#3311 = CARTESIAN_POINT('',(-2.082221490739,6.391802421915));
#3312 = ( GEOMETRIC_REPRESENTATION_CONTEXT(2) 
PARAMETRIC_REPRESENTATION_CONTEXT() REPRESENTATION_CONTEXT('2D SPACE',''
  ) );
#3313 = PCURVE('',#3314,#3319);
#3314 = PLANE('',#3315);
#3315 = AXIS2_PLACEMENT_3D('',#3316,#3317,#3318);
#3316 = CARTESIAN_POINT('',(188.492,-65.674,0.51));
#3317 = DIRECTION('',(-1.,0.,0.));
#3318 = DIRECTION('',(0.,1.,0.));
#3319 = DEFINITIONAL_REPRESENTATION('',(#3320),#3323);
#3320 = B_SPLINE_CURVE_WITH_KNOTS('',1,(#3321,#3322),.UNSPECIFIED.,.F.,
  .F.,(2,2),(-17.19590121095,-3.195901210958),.PIECEWISE_BEZIER_KNOTS.);
#3321 = CARTESIAN_POINT('',(14.,-1.));
#3322 = CARTESIAN_POINT('',(0.,-1.));
#3323 = ( GEOMETRIC_REPRESENTATION_CONTEXT(2) 
PARAMETRIC_REPRESENTATION_CONTEXT() REPRESENTATION_CONTEXT('2D SPACE',''
  ) );
#3324 = ORIENTED_EDGE('',*,*,#3325,.T.);
#3325 = EDGE_CURVE('',#3300,#3326,#3328,.T.);
#3326 = VERTEX_POINT('',#3327);
#3327 = CARTESIAN_POINT('',(187.492,-65.674,1.51));
#3328 = SURFACE_CURVE('',#3329,(#3334,#3345),.PCURVE_S1.);
#3329 = CIRCLE('',#3330,1.);
#3330 = AXIS2_PLACEMENT_3D('',#3331,#3332,#3333);
#3331 = CARTESIAN_POINT('',(187.492,-64.674,1.51));
#3332 = DIRECTION('',(-0.,-0.,-1.));
#3333 = DIRECTION('',(0.,-1.,0.));
#3334 = PCURVE('',#45,#3335);
#3335 = DEFINITIONAL_REPRESENTATION('',(#3336),#3344);
#3336 = ( BOUNDED_CURVE() B_SPLINE_CURVE(2,(#3337,#3338,#3339,#3340,
#3341,#3342,#3343),.UNSPECIFIED.,.T.,.F.) B_SPLINE_CURVE_WITH_KNOTS((1,2
    ,2,2,2,1),(-2.094395102393,0.,2.094395102393,4.188790204786,
6.28318530718,8.377580409573),.UNSPECIFIED.) CURVE() 
GEOMETRIC_REPRESENTATION_ITEM() RATIONAL_B_SPLINE_CURVE((1.,0.5,1.,0.5,
1.,0.5,1.)) REPRESENTATION_ITEM('') );
#3337 = CARTESIAN_POINT('',(-3.082221490739,6.391802421915));
#3338 = CARTESIAN_POINT('',(-4.814272298307,6.391802421915));
#3339 = CARTESIAN_POINT('',(-3.948246894523,7.891802421915));
#3340 = CARTESIAN_POINT('',(-3.082221490739,9.391802421915));
#3341 = CARTESIAN_POINT('',(-2.216196086954,7.891802421915));
#3342 = CARTESIAN_POINT('',(-1.35017068317,6.391802421915));
#3343 = CARTESIAN_POINT('',(-3.082221490739,6.391802421915));
#3344 = ( GEOMETRIC_REPRESENTATION_CONTEXT(2) 
PARAMETRIC_REPRESENTATION_CONTEXT() REPRESENTATION_CONTEXT('2D SPACE',''
  ) );
#3345 = PCURVE('',#3346,#3351);
#3346 = CYLINDRICAL_SURFACE('',#3347,1.);
#3347 = AXIS2_PLACEMENT_3D('',#3348,#3349,#3350);
#3348 = CARTESIAN_POINT('',(187.492,-64.674,1.51));
#3349 = DIRECTION('',(0.,0.,1.));
#3350 = DIRECTION('',(1.,0.,-0.));
#3351 = DEFINITIONAL_REPRESENTATION('',(#3352),#3356);
#3352 = LINE('',#3353,#3354);
#3353 = CARTESIAN_POINT('',(4.712388980385,-0.));
#3354 = VECTOR('',#3355,1.);
#3355 = DIRECTION('',(-1.,0.));
#3356 = ( GEOMETRIC_REPRESENTATION_CONTEXT(2) 
PARAMETRIC_REPRESENTATION_CONTEXT() REPRESENTATION_CONTEXT('2D SPACE',''
  ) );
#3357 = ORIENTED_EDGE('',*,*,#3358,.T.);
#3358 = EDGE_CURVE('',#3326,#3359,#3361,.T.);
#3359 = VERTEX_POINT('',#3360);
#3360 = CARTESIAN_POINT('',(175.492,-65.674,1.51));
#3361 = SURFACE_CURVE('',#3362,(#3366,#3372),.PCURVE_S1.);
#3362 = LINE('',#3363,#3364);
#3363 = CARTESIAN_POINT('',(182.53311074536,-65.674,1.51));
#3364 = VECTOR('',#3365,1.);
#3365 = DIRECTION('',(-1.,0.,0.));
#3366 = PCURVE('',#45,#3367);
#3367 = DEFINITIONAL_REPRESENTATION('',(#3368),#3371);
#3368 = B_SPLINE_CURVE_WITH_KNOTS('',1,(#3369,#3370),.UNSPECIFIED.,.F.,
  .F.,(2,2),(-5.958889254631,8.041110745369),.PIECEWISE_BEZIER_KNOTS.);
#3369 = CARTESIAN_POINT('',(-2.082221490739,6.391802421915));
#3370 = CARTESIAN_POINT('',(-16.08222149073,6.391802421915));
#3371 = ( GEOMETRIC_REPRESENTATION_CONTEXT(2) 
PARAMETRIC_REPRESENTATION_CONTEXT() REPRESENTATION_CONTEXT('2D SPACE',''
  ) );
#3372 = PCURVE('',#3373,#3378);
#3373 = PLANE('',#3374);
#3374 = AXIS2_PLACEMENT_3D('',#3375,#3376,#3377);
#3375 = CARTESIAN_POINT('',(174.492,-65.674,0.51));
#3376 = DIRECTION('',(0.,1.,0.));
#3377 = DIRECTION('',(1.,0.,0.));
#3378 = DEFINITIONAL_REPRESENTATION('',(#3379),#3382);
#3379 = B_SPLINE_CURVE_WITH_KNOTS('',1,(#3380,#3381),.UNSPECIFIED.,.F.,
  .F.,(2,2),(-5.958889254631,8.041110745369),.PIECEWISE_BEZIER_KNOTS.);
#3380 = CARTESIAN_POINT('',(14.,-1.));
#3381 = CARTESIAN_POINT('',(0.,-1.));
#3382 = ( GEOMETRIC_REPRESENTATION_CONTEXT(2) 
PARAMETRIC_REPRESENTATION_CONTEXT() REPRESENTATION_CONTEXT('2D SPACE',''
  ) );
#3383 = ORIENTED_EDGE('',*,*,#3384,.T.);
#3384 = EDGE_CURVE('',#3359,#3385,#3387,.T.);
#3385 = VERTEX_POINT('',#3386);
#3386 = CARTESIAN_POINT('',(174.492,-64.674,1.51));
#3387 = SURFACE_CURVE('',#3388,(#3393,#3404),.PCURVE_S1.);
#3388 = CIRCLE('',#3389,1.);
#3389 = AXIS2_PLACEMENT_3D('',#3390,#3391,#3392);
#3390 = CARTESIAN_POINT('',(175.492,-64.674,1.51));
#3391 = DIRECTION('',(-0.,-0.,-1.));
#3392 = DIRECTION('',(0.,-1.,0.));
#3393 = PCURVE('',#45,#3394);
#3394 = DEFINITIONAL_REPRESENTATION('',(#3395),#3403);
#3395 = ( BOUNDED_CURVE() B_SPLINE_CURVE(2,(#3396,#3397,#3398,#3399,
#3400,#3401,#3402),.UNSPECIFIED.,.T.,.F.) B_SPLINE_CURVE_WITH_KNOTS((1,2
    ,2,2,2,1),(-2.094395102393,0.,2.094395102393,4.188790204786,
6.28318530718,8.377580409573),.UNSPECIFIED.) CURVE() 
GEOMETRIC_REPRESENTATION_ITEM() RATIONAL_B_SPLINE_CURVE((1.,0.5,1.,0.5,
1.,0.5,1.)) REPRESENTATION_ITEM('') );
#3396 = CARTESIAN_POINT('',(-15.08222149073,6.391802421915));
#3397 = CARTESIAN_POINT('',(-16.8142722983,6.391802421915));
#3398 = CARTESIAN_POINT('',(-15.94824689452,7.891802421915));
#3399 = CARTESIAN_POINT('',(-15.08222149073,9.391802421915));
#3400 = CARTESIAN_POINT('',(-14.21619608695,7.891802421915));
#3401 = CARTESIAN_POINT('',(-13.35017068317,6.391802421915));
#3402 = CARTESIAN_POINT('',(-15.08222149073,6.391802421915));
#3403 = ( GEOMETRIC_REPRESENTATION_CONTEXT(2) 
PARAMETRIC_REPRESENTATION_CONTEXT() REPRESENTATION_CONTEXT('2D SPACE',''
  ) );
#3404 = PCURVE('',#3405,#3410);
#3405 = CYLINDRICAL_SURFACE('',#3406,1.);
#3406 = AXIS2_PLACEMENT_3D('',#3407,#3408,#3409);
#3407 = CARTESIAN_POINT('',(175.492,-64.674,1.51));
#3408 = DIRECTION('',(0.,0.,1.));
#3409 = DIRECTION('',(0.,-1.,0.));
#3410 = DEFINITIONAL_REPRESENTATION('',(#3411),#3415);
#3411 = LINE('',#3412,#3413);
#3412 = CARTESIAN_POINT('',(-0.,0.));
#3413 = VECTOR('',#3414,1.);
#3414 = DIRECTION('',(-1.,0.));
#3415 = ( GEOMETRIC_REPRESENTATION_CONTEXT(2) 
PARAMETRIC_REPRESENTATION_CONTEXT() REPRESENTATION_CONTEXT('2D SPACE',''
  ) );
#3416 = ORIENTED_EDGE('',*,*,#3417,.T.);
#3417 = EDGE_CURVE('',#3385,#3418,#3420,.T.);
#3418 = VERTEX_POINT('',#3419);
#3419 = CARTESIAN_POINT('',(174.492,-52.674,1.51));
#3420 = SURFACE_CURVE('',#3421,(#3425,#3431),.PCURVE_S1.);
#3421 = LINE('',#3422,#3423);
#3422 = CARTESIAN_POINT('',(174.492,-61.86990121095,1.51));
#3423 = VECTOR('',#3424,1.);
#3424 = DIRECTION('',(-0.,1.,0.));
#3425 = PCURVE('',#45,#3426);
#3426 = DEFINITIONAL_REPRESENTATION('',(#3427),#3430);
#3427 = B_SPLINE_CURVE_WITH_KNOTS('',1,(#3428,#3429),.UNSPECIFIED.,.F.,
  .F.,(2,2),(-3.804098789042,10.195901210958),.PIECEWISE_BEZIER_KNOTS.);
#3428 = CARTESIAN_POINT('',(-16.08222149073,6.391802421915));
#3429 = CARTESIAN_POINT('',(-16.08222149073,20.391802421915));
#3430 = ( GEOMETRIC_REPRESENTATION_CONTEXT(2) 
PARAMETRIC_REPRESENTATION_CONTEXT() REPRESENTATION_CONTEXT('2D SPACE',''
  ) );
#3431 = PCURVE('',#3432,#3437);
#3432 = PLANE('',#3433);
#3433 = AXIS2_PLACEMENT_3D('',#3434,#3435,#3436);
#3434 = CARTESIAN_POINT('',(174.492,-51.674,0.51));
#3435 = DIRECTION('',(1.,0.,-0.));
#3436 = DIRECTION('',(0.,-1.,0.));
#3437 = DEFINITIONAL_REPRESENTATION('',(#3438),#3441);
#3438 = B_SPLINE_CURVE_WITH_KNOTS('',1,(#3439,#3440),.UNSPECIFIED.,.F.,
  .F.,(2,2),(-3.804098789042,10.195901210958),.PIECEWISE_BEZIER_KNOTS.);
#3439 = CARTESIAN_POINT('',(14.,-1.));
#3440 = CARTESIAN_POINT('',(0.,-1.));
#3441 = ( GEOMETRIC_REPRESENTATION_CONTEXT(2) 
PARAMETRIC_REPRESENTATION_CONTEXT() REPRESENTATION_CONTEXT('2D SPACE',''
  ) );
#3442 = ORIENTED_EDGE('',*,*,#3443,.F.);
#3443 = EDGE_CURVE('',#3444,#3418,#3446,.T.);
#3444 = VERTEX_POINT('',#3445);
#3445 = CARTESIAN_POINT('',(175.492,-51.674,1.51));
#3446 = SURFACE_CURVE('',#3447,(#3452,#3459),.PCURVE_S1.);
#3447 = CIRCLE('',#3448,1.);
#3448 = AXIS2_PLACEMENT_3D('',#3449,#3450,#3451);
#3449 = CARTESIAN_POINT('',(175.492,-52.674,1.51));
#3450 = DIRECTION('',(0.,0.,1.));
#3451 = DIRECTION('',(0.,-1.,0.));
#3452 = PCURVE('',#45,#3453);
#3453 = DEFINITIONAL_REPRESENTATION('',(#3454),#3458);
#3454 = CIRCLE('',#3455,1.);
#3455 = AXIS2_PLACEMENT_2D('',#3456,#3457);
#3456 = CARTESIAN_POINT('',(-15.08222149073,19.391802421915));
#3457 = DIRECTION('',(0.,-1.));
#3458 = ( GEOMETRIC_REPRESENTATION_CONTEXT(2) 
PARAMETRIC_REPRESENTATION_CONTEXT() REPRESENTATION_CONTEXT('2D SPACE',''
  ) );
#3459 = PCURVE('',#3460,#3465);
#3460 = CYLINDRICAL_SURFACE('',#3461,1.);
#3461 = AXIS2_PLACEMENT_3D('',#3462,#3463,#3464);
#3462 = CARTESIAN_POINT('',(175.492,-52.674,1.51));
#3463 = DIRECTION('',(0.,0.,1.));
#3464 = DIRECTION('',(-0.,1.,0.));
#3465 = DEFINITIONAL_REPRESENTATION('',(#3466),#3470);
#3466 = LINE('',#3467,#3468);
#3467 = CARTESIAN_POINT('',(-3.14159265359,0.));
#3468 = VECTOR('',#3469,1.);
#3469 = DIRECTION('',(1.,0.));
#3470 = ( GEOMETRIC_REPRESENTATION_CONTEXT(2) 
PARAMETRIC_REPRESENTATION_CONTEXT() REPRESENTATION_CONTEXT('2D SPACE',''
  ) );
#3471 = ORIENTED_EDGE('',*,*,#3472,.T.);
#3472 = EDGE_CURVE('',#3444,#3473,#3475,.T.);
#3473 = VERTEX_POINT('',#3474);
#3474 = CARTESIAN_POINT('',(187.492,-51.674,1.51));
#3475 = SURFACE_CURVE('',#3476,(#3480,#3486),.PCURVE_S1.);
#3476 = LINE('',#3477,#3478);
#3477 = CARTESIAN_POINT('',(189.53311074536,-51.674,1.51));
#3478 = VECTOR('',#3479,1.);
#3479 = DIRECTION('',(1.,0.,-0.));
#3480 = PCURVE('',#45,#3481);
#3481 = DEFINITIONAL_REPRESENTATION('',(#3482),#3485);
#3482 = B_SPLINE_CURVE_WITH_KNOTS('',1,(#3483,#3484),.UNSPECIFIED.,.F.,
  .F.,(2,2),(-15.04111074536,-1.041110745369),.PIECEWISE_BEZIER_KNOTS.);
#3483 = CARTESIAN_POINT('',(-16.08222149073,20.391802421915));
#3484 = CARTESIAN_POINT('',(-2.082221490739,20.391802421915));
#3485 = ( GEOMETRIC_REPRESENTATION_CONTEXT(2) 
PARAMETRIC_REPRESENTATION_CONTEXT() REPRESENTATION_CONTEXT('2D SPACE',''
  ) );
#3486 = PCURVE('',#3487,#3492);
#3487 = PLANE('',#3488);
#3488 = AXIS2_PLACEMENT_3D('',#3489,#3490,#3491);
#3489 = CARTESIAN_POINT('',(188.492,-51.674,0.51));
#3490 = DIRECTION('',(0.,-1.,0.));
#3491 = DIRECTION('',(-1.,0.,0.));
#3492 = DEFINITIONAL_REPRESENTATION('',(#3493),#3496);
#3493 = B_SPLINE_CURVE_WITH_KNOTS('',1,(#3494,#3495),.UNSPECIFIED.,.F.,
  .F.,(2,2),(-15.04111074536,-1.041110745369),.PIECEWISE_BEZIER_KNOTS.);
#3494 = CARTESIAN_POINT('',(14.,-1.));
#3495 = CARTESIAN_POINT('',(0.,-1.));
#3496 = ( GEOMETRIC_REPRESENTATION_CONTEXT(2) 
PARAMETRIC_REPRESENTATION_CONTEXT() REPRESENTATION_CONTEXT('2D SPACE',''
  ) );
#3497 = ORIENTED_EDGE('',*,*,#3498,.F.);
#3498 = EDGE_CURVE('',#3298,#3473,#3499,.T.);
#3499 = SURFACE_CURVE('',#3500,(#3505,#3512),.PCURVE_S1.);
#3500 = CIRCLE('',#3501,1.);
#3501 = AXIS2_PLACEMENT_3D('',#3502,#3503,#3504);
#3502 = CARTESIAN_POINT('',(187.492,-52.674,1.51));
#3503 = DIRECTION('',(0.,0.,1.));
#3504 = DIRECTION('',(0.,-1.,0.));
#3505 = PCURVE('',#45,#3506);
#3506 = DEFINITIONAL_REPRESENTATION('',(#3507),#3511);
#3507 = CIRCLE('',#3508,1.);
#3508 = AXIS2_PLACEMENT_2D('',#3509,#3510);
#3509 = CARTESIAN_POINT('',(-3.082221490739,19.391802421915));
#3510 = DIRECTION('',(0.,-1.));
#3511 = ( GEOMETRIC_REPRESENTATION_CONTEXT(2) 
PARAMETRIC_REPRESENTATION_CONTEXT() REPRESENTATION_CONTEXT('2D SPACE',''
  ) );
#3512 = PCURVE('',#3513,#3518);
#3513 = CYLINDRICAL_SURFACE('',#3514,1.);
#3514 = AXIS2_PLACEMENT_3D('',#3515,#3516,#3517);
#3515 = CARTESIAN_POINT('',(187.492,-52.674,1.51));
#3516 = DIRECTION('',(0.,0.,1.));
#3517 = DIRECTION('',(1.,0.,-0.));
#3518 = DEFINITIONAL_REPRESENTATION('',(#3519),#3523);
#3519 = LINE('',#3520,#3521);
#3520 = CARTESIAN_POINT('',(-1.570796326795,0.));
#3521 = VECTOR('',#3522,1.);
#3522 = DIRECTION('',(1.,0.));
#3523 = ( GEOMETRIC_REPRESENTATION_CONTEXT(2) 
PARAMETRIC_REPRESENTATION_CONTEXT() REPRESENTATION_CONTEXT('2D SPACE',''
  ) );
#3524 = FACE_BOUND('',#3525,.F.);
#3525 = EDGE_LOOP('',(#3526,#3554,#3587,#3613,#3646,#3672,#3701,#3727));
#3526 = ORIENTED_EDGE('',*,*,#3527,.T.);
#3527 = EDGE_CURVE('',#3528,#3530,#3532,.T.);
#3528 = VERTEX_POINT('',#3529);
#3529 = CARTESIAN_POINT('',(170.478,-38.224,1.51));
#3530 = VERTEX_POINT('',#3531);
#3531 = CARTESIAN_POINT('',(170.478,-50.224,1.51));
#3532 = SURFACE_CURVE('',#3533,(#3537,#3543),.PCURVE_S1.);
#3533 = LINE('',#3534,#3535);
#3534 = CARTESIAN_POINT('',(170.478,-61.64490121095,1.51));
#3535 = VECTOR('',#3536,1.);
#3536 = DIRECTION('',(0.,-1.,0.));
#3537 = PCURVE('',#45,#3538);
#3538 = DEFINITIONAL_REPRESENTATION('',(#3539),#3542);
#3539 = B_SPLINE_CURVE_WITH_KNOTS('',1,(#3540,#3541),.UNSPECIFIED.,.F.,
  .F.,(2,2),(-24.42090121095,-10.42090121095),.PIECEWISE_BEZIER_KNOTS.);
#3540 = CARTESIAN_POINT('',(-20.09622149073,34.841802421915));
#3541 = CARTESIAN_POINT('',(-20.09622149073,20.841802421915));
#3542 = ( GEOMETRIC_REPRESENTATION_CONTEXT(2) 
PARAMETRIC_REPRESENTATION_CONTEXT() REPRESENTATION_CONTEXT('2D SPACE',''
  ) );
#3543 = PCURVE('',#3544,#3549);
#3544 = PLANE('',#3545);
#3545 = AXIS2_PLACEMENT_3D('',#3546,#3547,#3548);
#3546 = CARTESIAN_POINT('',(170.478,-51.224,0.51));
#3547 = DIRECTION('',(-1.,0.,0.));
#3548 = DIRECTION('',(0.,1.,0.));
#3549 = DEFINITIONAL_REPRESENTATION('',(#3550),#3553);
#3550 = B_SPLINE_CURVE_WITH_KNOTS('',1,(#3551,#3552),.UNSPECIFIED.,.F.,
  .F.,(2,2),(-24.42090121095,-10.42090121095),.PIECEWISE_BEZIER_KNOTS.);
#3551 = CARTESIAN_POINT('',(14.,-1.));
#3552 = CARTESIAN_POINT('',(0.,-1.));
#3553 = ( GEOMETRIC_REPRESENTATION_CONTEXT(2) 
PARAMETRIC_REPRESENTATION_CONTEXT() REPRESENTATION_CONTEXT('2D SPACE',''
  ) );
#3554 = ORIENTED_EDGE('',*,*,#3555,.T.);
#3555 = EDGE_CURVE('',#3530,#3556,#3558,.T.);
#3556 = VERTEX_POINT('',#3557);
#3557 = CARTESIAN_POINT('',(169.478,-51.224,1.51));
#3558 = SURFACE_CURVE('',#3559,(#3564,#3575),.PCURVE_S1.);
#3559 = CIRCLE('',#3560,1.);
#3560 = AXIS2_PLACEMENT_3D('',#3561,#3562,#3563);
#3561 = CARTESIAN_POINT('',(169.478,-50.224,1.51));
#3562 = DIRECTION('',(-0.,-0.,-1.));
#3563 = DIRECTION('',(0.,-1.,0.));
#3564 = PCURVE('',#45,#3565);
#3565 = DEFINITIONAL_REPRESENTATION('',(#3566),#3574);
#3566 = ( BOUNDED_CURVE() B_SPLINE_CURVE(2,(#3567,#3568,#3569,#3570,
#3571,#3572,#3573),.UNSPECIFIED.,.T.,.F.) B_SPLINE_CURVE_WITH_KNOTS((1,2
    ,2,2,2,1),(-2.094395102393,0.,2.094395102393,4.188790204786,
6.28318530718,8.377580409573),.UNSPECIFIED.) CURVE() 
GEOMETRIC_REPRESENTATION_ITEM() RATIONAL_B_SPLINE_CURVE((1.,0.5,1.,0.5,
1.,0.5,1.)) REPRESENTATION_ITEM('') );
#3567 = CARTESIAN_POINT('',(-21.09622149073,20.841802421915));
#3568 = CARTESIAN_POINT('',(-22.8282722983,20.841802421915));
#3569 = CARTESIAN_POINT('',(-21.96224689452,22.341802421915));
#3570 = CARTESIAN_POINT('',(-21.09622149073,23.841802421915));
#3571 = CARTESIAN_POINT('',(-20.23019608695,22.341802421915));
#3572 = CARTESIAN_POINT('',(-19.36417068317,20.841802421915));
#3573 = CARTESIAN_POINT('',(-21.09622149073,20.841802421915));
#3574 = ( GEOMETRIC_REPRESENTATION_CONTEXT(2) 
PARAMETRIC_REPRESENTATION_CONTEXT() REPRESENTATION_CONTEXT('2D SPACE',''
  ) );
#3575 = PCURVE('',#3576,#3581);
#3576 = CYLINDRICAL_SURFACE('',#3577,1.);
#3577 = AXIS2_PLACEMENT_3D('',#3578,#3579,#3580);
#3578 = CARTESIAN_POINT('',(169.478,-50.224,1.51));
#3579 = DIRECTION('',(0.,0.,1.));
#3580 = DIRECTION('',(1.,0.,-0.));
#3581 = DEFINITIONAL_REPRESENTATION('',(#3582),#3586);
#3582 = LINE('',#3583,#3584);
#3583 = CARTESIAN_POINT('',(4.712388980385,-0.));
#3584 = VECTOR('',#3585,1.);
#3585 = DIRECTION('',(-1.,0.));
#3586 = ( GEOMETRIC_REPRESENTATION_CONTEXT(2) 
PARAMETRIC_REPRESENTATION_CONTEXT() REPRESENTATION_CONTEXT('2D SPACE',''
  ) );
#3587 = ORIENTED_EDGE('',*,*,#3588,.T.);
#3588 = EDGE_CURVE('',#3556,#3589,#3591,.T.);
#3589 = VERTEX_POINT('',#3590);
#3590 = CARTESIAN_POINT('',(157.478,-51.224,1.51));
#3591 = SURFACE_CURVE('',#3592,(#3596,#3602),.PCURVE_S1.);
#3592 = LINE('',#3593,#3594);
#3593 = CARTESIAN_POINT('',(173.52611074536,-51.224,1.51));
#3594 = VECTOR('',#3595,1.);
#3595 = DIRECTION('',(-1.,0.,0.));
#3596 = PCURVE('',#45,#3597);
#3597 = DEFINITIONAL_REPRESENTATION('',(#3598),#3601);
#3598 = B_SPLINE_CURVE_WITH_KNOTS('',1,(#3599,#3600),.UNSPECIFIED.,.F.,
  .F.,(2,2),(3.048110745369,17.048110745369),.PIECEWISE_BEZIER_KNOTS.);
#3599 = CARTESIAN_POINT('',(-20.09622149073,20.841802421915));
#3600 = CARTESIAN_POINT('',(-34.09622149073,20.841802421915));
#3601 = ( GEOMETRIC_REPRESENTATION_CONTEXT(2) 
PARAMETRIC_REPRESENTATION_CONTEXT() REPRESENTATION_CONTEXT('2D SPACE',''
  ) );
#3602 = PCURVE('',#3603,#3608);
#3603 = PLANE('',#3604);
#3604 = AXIS2_PLACEMENT_3D('',#3605,#3606,#3607);
#3605 = CARTESIAN_POINT('',(156.478,-51.224,0.51));
#3606 = DIRECTION('',(0.,1.,0.));
#3607 = DIRECTION('',(1.,0.,0.));
#3608 = DEFINITIONAL_REPRESENTATION('',(#3609),#3612);
#3609 = B_SPLINE_CURVE_WITH_KNOTS('',1,(#3610,#3611),.UNSPECIFIED.,.F.,
  .F.,(2,2),(3.048110745369,17.048110745369),.PIECEWISE_BEZIER_KNOTS.);
#3610 = CARTESIAN_POINT('',(14.,-1.));
#3611 = CARTESIAN_POINT('',(0.,-1.));
#3612 = ( GEOMETRIC_REPRESENTATION_CONTEXT(2) 
PARAMETRIC_REPRESENTATION_CONTEXT() REPRESENTATION_CONTEXT('2D SPACE',''
  ) );
#3613 = ORIENTED_EDGE('',*,*,#3614,.T.);
#3614 = EDGE_CURVE('',#3589,#3615,#3617,.T.);
#3615 = VERTEX_POINT('',#3616);
#3616 = CARTESIAN_POINT('',(156.478,-50.224,1.51));
#3617 = SURFACE_CURVE('',#3618,(#3623,#3634),.PCURVE_S1.);
#3618 = CIRCLE('',#3619,1.);
#3619 = AXIS2_PLACEMENT_3D('',#3620,#3621,#3622);
#3620 = CARTESIAN_POINT('',(157.478,-50.224,1.51));
#3621 = DIRECTION('',(-0.,-0.,-1.));
#3622 = DIRECTION('',(0.,-1.,0.));
#3623 = PCURVE('',#45,#3624);
#3624 = DEFINITIONAL_REPRESENTATION('',(#3625),#3633);
#3625 = ( BOUNDED_CURVE() B_SPLINE_CURVE(2,(#3626,#3627,#3628,#3629,
#3630,#3631,#3632),.UNSPECIFIED.,.T.,.F.) B_SPLINE_CURVE_WITH_KNOTS((1,2
    ,2,2,2,1),(-2.094395102393,0.,2.094395102393,4.188790204786,
6.28318530718,8.377580409573),.UNSPECIFIED.) CURVE() 
GEOMETRIC_REPRESENTATION_ITEM() RATIONAL_B_SPLINE_CURVE((1.,0.5,1.,0.5,
1.,0.5,1.)) REPRESENTATION_ITEM('') );
#3626 = CARTESIAN_POINT('',(-33.09622149073,20.841802421915));
#3627 = CARTESIAN_POINT('',(-34.8282722983,20.841802421915));
#3628 = CARTESIAN_POINT('',(-33.96224689452,22.341802421915));
#3629 = CARTESIAN_POINT('',(-33.09622149073,23.841802421915));
#3630 = CARTESIAN_POINT('',(-32.23019608695,22.341802421915));
#3631 = CARTESIAN_POINT('',(-31.36417068317,20.841802421915));
#3632 = CARTESIAN_POINT('',(-33.09622149073,20.841802421915));
#3633 = ( GEOMETRIC_REPRESENTATION_CONTEXT(2) 
PARAMETRIC_REPRESENTATION_CONTEXT() REPRESENTATION_CONTEXT('2D SPACE',''
  ) );
#3634 = PCURVE('',#3635,#3640);
#3635 = CYLINDRICAL_SURFACE('',#3636,1.);
#3636 = AXIS2_PLACEMENT_3D('',#3637,#3638,#3639);
#3637 = CARTESIAN_POINT('',(157.478,-50.224,1.51));
#3638 = DIRECTION('',(0.,0.,1.));
#3639 = DIRECTION('',(0.,-1.,0.));
#3640 = DEFINITIONAL_REPRESENTATION('',(#3641),#3645);
#3641 = LINE('',#3642,#3643);
#3642 = CARTESIAN_POINT('',(-0.,0.));
#3643 = VECTOR('',#3644,1.);
#3644 = DIRECTION('',(-1.,0.));
#3645 = ( GEOMETRIC_REPRESENTATION_CONTEXT(2) 
PARAMETRIC_REPRESENTATION_CONTEXT() REPRESENTATION_CONTEXT('2D SPACE',''
  ) );
#3646 = ORIENTED_EDGE('',*,*,#3647,.T.);
#3647 = EDGE_CURVE('',#3615,#3648,#3650,.T.);
#3648 = VERTEX_POINT('',#3649);
#3649 = CARTESIAN_POINT('',(156.478,-38.224,1.51));
#3650 = SURFACE_CURVE('',#3651,(#3655,#3661),.PCURVE_S1.);
#3651 = LINE('',#3652,#3653);
#3652 = CARTESIAN_POINT('',(156.478,-54.64490121095,1.51));
#3653 = VECTOR('',#3654,1.);
#3654 = DIRECTION('',(-0.,1.,0.));
#3655 = PCURVE('',#45,#3656);
#3656 = DEFINITIONAL_REPRESENTATION('',(#3657),#3660);
#3657 = B_SPLINE_CURVE_WITH_KNOTS('',1,(#3658,#3659),.UNSPECIFIED.,.F.,
  .F.,(2,2),(3.420901210958,17.420901210958),.PIECEWISE_BEZIER_KNOTS.);
#3658 = CARTESIAN_POINT('',(-34.09622149073,20.841802421915));
#3659 = CARTESIAN_POINT('',(-34.09622149073,34.841802421915));
#3660 = ( GEOMETRIC_REPRESENTATION_CONTEXT(2) 
PARAMETRIC_REPRESENTATION_CONTEXT() REPRESENTATION_CONTEXT('2D SPACE',''
  ) );
#3661 = PCURVE('',#3662,#3667);
#3662 = PLANE('',#3663);
#3663 = AXIS2_PLACEMENT_3D('',#3664,#3665,#3666);
#3664 = CARTESIAN_POINT('',(156.478,-37.224,0.51));
#3665 = DIRECTION('',(1.,0.,-0.));
#3666 = DIRECTION('',(0.,-1.,0.));
#3667 = DEFINITIONAL_REPRESENTATION('',(#3668),#3671);
#3668 = B_SPLINE_CURVE_WITH_KNOTS('',1,(#3669,#3670),.UNSPECIFIED.,.F.,
  .F.,(2,2),(3.420901210958,17.420901210958),.PIECEWISE_BEZIER_KNOTS.);
#3669 = CARTESIAN_POINT('',(14.,-1.));
#3670 = CARTESIAN_POINT('',(0.,-1.));
#3671 = ( GEOMETRIC_REPRESENTATION_CONTEXT(2) 
PARAMETRIC_REPRESENTATION_CONTEXT() REPRESENTATION_CONTEXT('2D SPACE',''
  ) );
#3672 = ORIENTED_EDGE('',*,*,#3673,.F.);
#3673 = EDGE_CURVE('',#3674,#3648,#3676,.T.);
#3674 = VERTEX_POINT('',#3675);
#3675 = CARTESIAN_POINT('',(157.478,-37.224,1.51));
#3676 = SURFACE_CURVE('',#3677,(#3682,#3689),.PCURVE_S1.);
#3677 = CIRCLE('',#3678,1.);
#3678 = AXIS2_PLACEMENT_3D('',#3679,#3680,#3681);
#3679 = CARTESIAN_POINT('',(157.478,-38.224,1.51));
#3680 = DIRECTION('',(0.,0.,1.));
#3681 = DIRECTION('',(0.,-1.,0.));
#3682 = PCURVE('',#45,#3683);
#3683 = DEFINITIONAL_REPRESENTATION('',(#3684),#3688);
#3684 = CIRCLE('',#3685,1.);
#3685 = AXIS2_PLACEMENT_2D('',#3686,#3687);
#3686 = CARTESIAN_POINT('',(-33.09622149073,33.841802421915));
#3687 = DIRECTION('',(0.,-1.));
#3688 = ( GEOMETRIC_REPRESENTATION_CONTEXT(2) 
PARAMETRIC_REPRESENTATION_CONTEXT() REPRESENTATION_CONTEXT('2D SPACE',''
  ) );
#3689 = PCURVE('',#3690,#3695);
#3690 = CYLINDRICAL_SURFACE('',#3691,1.);
#3691 = AXIS2_PLACEMENT_3D('',#3692,#3693,#3694);
#3692 = CARTESIAN_POINT('',(157.478,-38.224,1.51));
#3693 = DIRECTION('',(0.,0.,1.));
#3694 = DIRECTION('',(-0.,1.,0.));
#3695 = DEFINITIONAL_REPRESENTATION('',(#3696),#3700);
#3696 = LINE('',#3697,#3698);
#3697 = CARTESIAN_POINT('',(-3.14159265359,0.));
#3698 = VECTOR('',#3699,1.);
#3699 = DIRECTION('',(1.,0.));
#3700 = ( GEOMETRIC_REPRESENTATION_CONTEXT(2) 
PARAMETRIC_REPRESENTATION_CONTEXT() REPRESENTATION_CONTEXT('2D SPACE',''
  ) );
#3701 = ORIENTED_EDGE('',*,*,#3702,.T.);
#3702 = EDGE_CURVE('',#3674,#3703,#3705,.T.);
#3703 = VERTEX_POINT('',#3704);
#3704 = CARTESIAN_POINT('',(169.478,-37.224,1.51));
#3705 = SURFACE_CURVE('',#3706,(#3710,#3716),.PCURVE_S1.);
#3706 = LINE('',#3707,#3708);
#3707 = CARTESIAN_POINT('',(180.52611074536,-37.224,1.51));
#3708 = VECTOR('',#3709,1.);
#3709 = DIRECTION('',(1.,0.,-0.));
#3710 = PCURVE('',#45,#3711);
#3711 = DEFINITIONAL_REPRESENTATION('',(#3712),#3715);
#3712 = B_SPLINE_CURVE_WITH_KNOTS('',1,(#3713,#3714),.UNSPECIFIED.,.F.,
  .F.,(2,2),(-24.04811074536,-10.04811074536),.PIECEWISE_BEZIER_KNOTS.);
#3713 = CARTESIAN_POINT('',(-34.09622149073,34.841802421915));
#3714 = CARTESIAN_POINT('',(-20.09622149073,34.841802421915));
#3715 = ( GEOMETRIC_REPRESENTATION_CONTEXT(2) 
PARAMETRIC_REPRESENTATION_CONTEXT() REPRESENTATION_CONTEXT('2D SPACE',''
  ) );
#3716 = PCURVE('',#3717,#3722);
#3717 = PLANE('',#3718);
#3718 = AXIS2_PLACEMENT_3D('',#3719,#3720,#3721);
#3719 = CARTESIAN_POINT('',(170.478,-37.224,0.51));
#3720 = DIRECTION('',(0.,-1.,0.));
#3721 = DIRECTION('',(-1.,0.,0.));
#3722 = DEFINITIONAL_REPRESENTATION('',(#3723),#3726);
#3723 = B_SPLINE_CURVE_WITH_KNOTS('',1,(#3724,#3725),.UNSPECIFIED.,.F.,
  .F.,(2,2),(-24.04811074536,-10.04811074536),.PIECEWISE_BEZIER_KNOTS.);
#3724 = CARTESIAN_POINT('',(14.,-1.));
#3725 = CARTESIAN_POINT('',(0.,-1.));
#3726 = ( GEOMETRIC_REPRESENTATION_CONTEXT(2) 
PARAMETRIC_REPRESENTATION_CONTEXT() REPRESENTATION_CONTEXT('2D SPACE',''
  ) );
#3727 = ORIENTED_EDGE('',*,*,#3728,.F.);
#3728 = EDGE_CURVE('',#3528,#3703,#3729,.T.);
#3729 = SURFACE_CURVE('',#3730,(#3735,#3742),.PCURVE_S1.);
#3730 = CIRCLE('',#3731,1.);
#3731 = AXIS2_PLACEMENT_3D('',#3732,#3733,#3734);
#3732 = CARTESIAN_POINT('',(169.478,-38.224,1.51));
#3733 = DIRECTION('',(0.,0.,1.));
#3734 = DIRECTION('',(0.,-1.,0.));
#3735 = PCURVE('',#45,#3736);
#3736 = DEFINITIONAL_REPRESENTATION('',(#3737),#3741);
#3737 = CIRCLE('',#3738,1.);
#3738 = AXIS2_PLACEMENT_2D('',#3739,#3740);
#3739 = CARTESIAN_POINT('',(-21.09622149073,33.841802421915));
#3740 = DIRECTION('',(0.,-1.));
#3741 = ( GEOMETRIC_REPRESENTATION_CONTEXT(2) 
PARAMETRIC_REPRESENTATION_CONTEXT() REPRESENTATION_CONTEXT('2D SPACE',''
  ) );
#3742 = PCURVE('',#3743,#3748);
#3743 = CYLINDRICAL_SURFACE('',#3744,1.);
#3744 = AXIS2_PLACEMENT_3D('',#3745,#3746,#3747);
#3745 = CARTESIAN_POINT('',(169.478,-38.224,1.51));
#3746 = DIRECTION('',(0.,0.,1.));
#3747 = DIRECTION('',(1.,0.,-0.));
#3748 = DEFINITIONAL_REPRESENTATION('',(#3749),#3753);
#3749 = LINE('',#3750,#3751);
#3750 = CARTESIAN_POINT('',(-1.570796326795,0.));
#3751 = VECTOR('',#3752,1.);
#3752 = DIRECTION('',(1.,0.));
#3753 = ( GEOMETRIC_REPRESENTATION_CONTEXT(2) 
PARAMETRIC_REPRESENTATION_CONTEXT() REPRESENTATION_CONTEXT('2D SPACE',''
  ) );
#3754 = FACE_BOUND('',#3755,.F.);
#3755 = EDGE_LOOP('',(#3756,#3784,#3817,#3843,#3876,#3902,#3931,#3957));
#3756 = ORIENTED_EDGE('',*,*,#3757,.T.);
#3757 = EDGE_CURVE('',#3758,#3760,#3762,.T.);
#3758 = VERTEX_POINT('',#3759);
#3759 = CARTESIAN_POINT('',(188.492,-35.724,1.51));
#3760 = VERTEX_POINT('',#3761);
#3761 = CARTESIAN_POINT('',(188.492,-47.724,1.51));
#3762 = SURFACE_CURVE('',#3763,(#3767,#3773),.PCURVE_S1.);
#3763 = LINE('',#3764,#3765);
#3764 = CARTESIAN_POINT('',(188.492,-60.39490121095,1.51));
#3765 = VECTOR('',#3766,1.);
#3766 = DIRECTION('',(0.,-1.,0.));
#3767 = PCURVE('',#45,#3768);
#3768 = DEFINITIONAL_REPRESENTATION('',(#3769),#3772);
#3769 = B_SPLINE_CURVE_WITH_KNOTS('',1,(#3770,#3771),.UNSPECIFIED.,.F.,
  .F.,(2,2),(-25.67090121095,-11.67090121095),.PIECEWISE_BEZIER_KNOTS.);
#3770 = CARTESIAN_POINT('',(-2.082221490739,37.341802421915));
#3771 = CARTESIAN_POINT('',(-2.082221490739,23.341802421915));
#3772 = ( GEOMETRIC_REPRESENTATION_CONTEXT(2) 
PARAMETRIC_REPRESENTATION_CONTEXT() REPRESENTATION_CONTEXT('2D SPACE',''
  ) );
#3773 = PCURVE('',#3774,#3779);
#3774 = PLANE('',#3775);
#3775 = AXIS2_PLACEMENT_3D('',#3776,#3777,#3778);
#3776 = CARTESIAN_POINT('',(188.492,-48.724,0.51));
#3777 = DIRECTION('',(-1.,0.,0.));
#3778 = DIRECTION('',(0.,1.,0.));
#3779 = DEFINITIONAL_REPRESENTATION('',(#3780),#3783);
#3780 = B_SPLINE_CURVE_WITH_KNOTS('',1,(#3781,#3782),.UNSPECIFIED.,.F.,
  .F.,(2,2),(-25.67090121095,-11.67090121095),.PIECEWISE_BEZIER_KNOTS.);
#3781 = CARTESIAN_POINT('',(14.,-1.));
#3782 = CARTESIAN_POINT('',(0.,-1.));
#3783 = ( GEOMETRIC_REPRESENTATION_CONTEXT(2) 
PARAMETRIC_REPRESENTATION_CONTEXT() REPRESENTATION_CONTEXT('2D SPACE',''
  ) );
#3784 = ORIENTED_EDGE('',*,*,#3785,.T.);
#3785 = EDGE_CURVE('',#3760,#3786,#3788,.T.);
#3786 = VERTEX_POINT('',#3787);
#3787 = CARTESIAN_POINT('',(187.492,-48.724,1.51));
#3788 = SURFACE_CURVE('',#3789,(#3794,#3805),.PCURVE_S1.);
#3789 = CIRCLE('',#3790,1.);
#3790 = AXIS2_PLACEMENT_3D('',#3791,#3792,#3793);
#3791 = CARTESIAN_POINT('',(187.492,-47.724,1.51));
#3792 = DIRECTION('',(-0.,-0.,-1.));
#3793 = DIRECTION('',(0.,-1.,0.));
#3794 = PCURVE('',#45,#3795);
#3795 = DEFINITIONAL_REPRESENTATION('',(#3796),#3804);
#3796 = ( BOUNDED_CURVE() B_SPLINE_CURVE(2,(#3797,#3798,#3799,#3800,
#3801,#3802,#3803),.UNSPECIFIED.,.T.,.F.) B_SPLINE_CURVE_WITH_KNOTS((1,2
    ,2,2,2,1),(-2.094395102393,0.,2.094395102393,4.188790204786,
6.28318530718,8.377580409573),.UNSPECIFIED.) CURVE() 
GEOMETRIC_REPRESENTATION_ITEM() RATIONAL_B_SPLINE_CURVE((1.,0.5,1.,0.5,
1.,0.5,1.)) REPRESENTATION_ITEM('') );
#3797 = CARTESIAN_POINT('',(-3.082221490739,23.341802421915));
#3798 = CARTESIAN_POINT('',(-4.814272298307,23.341802421915));
#3799 = CARTESIAN_POINT('',(-3.948246894523,24.841802421915));
#3800 = CARTESIAN_POINT('',(-3.082221490739,26.341802421915));
#3801 = CARTESIAN_POINT('',(-2.216196086954,24.841802421915));
#3802 = CARTESIAN_POINT('',(-1.35017068317,23.341802421915));
#3803 = CARTESIAN_POINT('',(-3.082221490739,23.341802421915));
#3804 = ( GEOMETRIC_REPRESENTATION_CONTEXT(2) 
PARAMETRIC_REPRESENTATION_CONTEXT() REPRESENTATION_CONTEXT('2D SPACE',''
  ) );
#3805 = PCURVE('',#3806,#3811);
#3806 = CYLINDRICAL_SURFACE('',#3807,1.);
#3807 = AXIS2_PLACEMENT_3D('',#3808,#3809,#3810);
#3808 = CARTESIAN_POINT('',(187.492,-47.724,1.51));
#3809 = DIRECTION('',(0.,0.,1.));
#3810 = DIRECTION('',(1.,0.,-0.));
#3811 = DEFINITIONAL_REPRESENTATION('',(#3812),#3816);
#3812 = LINE('',#3813,#3814);
#3813 = CARTESIAN_POINT('',(4.712388980385,-0.));
#3814 = VECTOR('',#3815,1.);
#3815 = DIRECTION('',(-1.,0.));
#3816 = ( GEOMETRIC_REPRESENTATION_CONTEXT(2) 
PARAMETRIC_REPRESENTATION_CONTEXT() REPRESENTATION_CONTEXT('2D SPACE',''
  ) );
#3817 = ORIENTED_EDGE('',*,*,#3818,.T.);
#3818 = EDGE_CURVE('',#3786,#3819,#3821,.T.);
#3819 = VERTEX_POINT('',#3820);
#3820 = CARTESIAN_POINT('',(175.492,-48.724,1.51));
#3821 = SURFACE_CURVE('',#3822,(#3826,#3832),.PCURVE_S1.);
#3822 = LINE('',#3823,#3824);
#3823 = CARTESIAN_POINT('',(182.53311074536,-48.724,1.51));
#3824 = VECTOR('',#3825,1.);
#3825 = DIRECTION('',(-1.,0.,0.));
#3826 = PCURVE('',#45,#3827);
#3827 = DEFINITIONAL_REPRESENTATION('',(#3828),#3831);
#3828 = B_SPLINE_CURVE_WITH_KNOTS('',1,(#3829,#3830),.UNSPECIFIED.,.F.,
  .F.,(2,2),(-5.958889254631,8.041110745369),.PIECEWISE_BEZIER_KNOTS.);
#3829 = CARTESIAN_POINT('',(-2.082221490739,23.341802421915));
#3830 = CARTESIAN_POINT('',(-16.08222149073,23.341802421915));
#3831 = ( GEOMETRIC_REPRESENTATION_CONTEXT(2) 
PARAMETRIC_REPRESENTATION_CONTEXT() REPRESENTATION_CONTEXT('2D SPACE',''
  ) );
#3832 = PCURVE('',#3833,#3838);
#3833 = PLANE('',#3834);
#3834 = AXIS2_PLACEMENT_3D('',#3835,#3836,#3837);
#3835 = CARTESIAN_POINT('',(174.492,-48.724,0.51));
#3836 = DIRECTION('',(0.,1.,0.));
#3837 = DIRECTION('',(1.,0.,0.));
#3838 = DEFINITIONAL_REPRESENTATION('',(#3839),#3842);
#3839 = B_SPLINE_CURVE_WITH_KNOTS('',1,(#3840,#3841),.UNSPECIFIED.,.F.,
  .F.,(2,2),(-5.958889254631,8.041110745369),.PIECEWISE_BEZIER_KNOTS.);
#3840 = CARTESIAN_POINT('',(14.,-1.));
#3841 = CARTESIAN_POINT('',(0.,-1.));
#3842 = ( GEOMETRIC_REPRESENTATION_CONTEXT(2) 
PARAMETRIC_REPRESENTATION_CONTEXT() REPRESENTATION_CONTEXT('2D SPACE',''
  ) );
#3843 = ORIENTED_EDGE('',*,*,#3844,.T.);
#3844 = EDGE_CURVE('',#3819,#3845,#3847,.T.);
#3845 = VERTEX_POINT('',#3846);
#3846 = CARTESIAN_POINT('',(174.492,-47.724,1.51));
#3847 = SURFACE_CURVE('',#3848,(#3853,#3864),.PCURVE_S1.);
#3848 = CIRCLE('',#3849,1.);
#3849 = AXIS2_PLACEMENT_3D('',#3850,#3851,#3852);
#3850 = CARTESIAN_POINT('',(175.492,-47.724,1.51));
#3851 = DIRECTION('',(-0.,-0.,-1.));
#3852 = DIRECTION('',(0.,-1.,0.));
#3853 = PCURVE('',#45,#3854);
#3854 = DEFINITIONAL_REPRESENTATION('',(#3855),#3863);
#3855 = ( BOUNDED_CURVE() B_SPLINE_CURVE(2,(#3856,#3857,#3858,#3859,
#3860,#3861,#3862),.UNSPECIFIED.,.T.,.F.) B_SPLINE_CURVE_WITH_KNOTS((1,2
    ,2,2,2,1),(-2.094395102393,0.,2.094395102393,4.188790204786,
6.28318530718,8.377580409573),.UNSPECIFIED.) CURVE() 
GEOMETRIC_REPRESENTATION_ITEM() RATIONAL_B_SPLINE_CURVE((1.,0.5,1.,0.5,
1.,0.5,1.)) REPRESENTATION_ITEM('') );
#3856 = CARTESIAN_POINT('',(-15.08222149073,23.341802421915));
#3857 = CARTESIAN_POINT('',(-16.8142722983,23.341802421915));
#3858 = CARTESIAN_POINT('',(-15.94824689452,24.841802421915));
#3859 = CARTESIAN_POINT('',(-15.08222149073,26.341802421915));
#3860 = CARTESIAN_POINT('',(-14.21619608695,24.841802421915));
#3861 = CARTESIAN_POINT('',(-13.35017068317,23.341802421915));
#3862 = CARTESIAN_POINT('',(-15.08222149073,23.341802421915));
#3863 = ( GEOMETRIC_REPRESENTATION_CONTEXT(2) 
PARAMETRIC_REPRESENTATION_CONTEXT() REPRESENTATION_CONTEXT('2D SPACE',''
  ) );
#3864 = PCURVE('',#3865,#3870);
#3865 = CYLINDRICAL_SURFACE('',#3866,1.);
#3866 = AXIS2_PLACEMENT_3D('',#3867,#3868,#3869);
#3867 = CARTESIAN_POINT('',(175.492,-47.724,1.51));
#3868 = DIRECTION('',(0.,0.,1.));
#3869 = DIRECTION('',(0.,-1.,0.));
#3870 = DEFINITIONAL_REPRESENTATION('',(#3871),#3875);
#3871 = LINE('',#3872,#3873);
#3872 = CARTESIAN_POINT('',(-0.,0.));
#3873 = VECTOR('',#3874,1.);
#3874 = DIRECTION('',(-1.,0.));
#3875 = ( GEOMETRIC_REPRESENTATION_CONTEXT(2) 
PARAMETRIC_REPRESENTATION_CONTEXT() REPRESENTATION_CONTEXT('2D SPACE',''
  ) );
#3876 = ORIENTED_EDGE('',*,*,#3877,.T.);
#3877 = EDGE_CURVE('',#3845,#3878,#3880,.T.);
#3878 = VERTEX_POINT('',#3879);
#3879 = CARTESIAN_POINT('',(174.492,-35.724,1.51));
#3880 = SURFACE_CURVE('',#3881,(#3885,#3891),.PCURVE_S1.);
#3881 = LINE('',#3882,#3883);
#3882 = CARTESIAN_POINT('',(174.492,-53.39490121095,1.51));
#3883 = VECTOR('',#3884,1.);
#3884 = DIRECTION('',(-0.,1.,0.));
#3885 = PCURVE('',#45,#3886);
#3886 = DEFINITIONAL_REPRESENTATION('',(#3887),#3890);
#3887 = B_SPLINE_CURVE_WITH_KNOTS('',1,(#3888,#3889),.UNSPECIFIED.,.F.,
  .F.,(2,2),(4.670901210958,18.670901210958),.PIECEWISE_BEZIER_KNOTS.);
#3888 = CARTESIAN_POINT('',(-16.08222149073,23.341802421915));
#3889 = CARTESIAN_POINT('',(-16.08222149073,37.341802421915));
#3890 = ( GEOMETRIC_REPRESENTATION_CONTEXT(2) 
PARAMETRIC_REPRESENTATION_CONTEXT() REPRESENTATION_CONTEXT('2D SPACE',''
  ) );
#3891 = PCURVE('',#3892,#3897);
#3892 = PLANE('',#3893);
#3893 = AXIS2_PLACEMENT_3D('',#3894,#3895,#3896);
#3894 = CARTESIAN_POINT('',(174.492,-34.724,0.51));
#3895 = DIRECTION('',(1.,0.,-0.));
#3896 = DIRECTION('',(0.,-1.,0.));
#3897 = DEFINITIONAL_REPRESENTATION('',(#3898),#3901);
#3898 = B_SPLINE_CURVE_WITH_KNOTS('',1,(#3899,#3900),.UNSPECIFIED.,.F.,
  .F.,(2,2),(4.670901210958,18.670901210958),.PIECEWISE_BEZIER_KNOTS.);
#3899 = CARTESIAN_POINT('',(14.,-1.));
#3900 = CARTESIAN_POINT('',(0.,-1.));
#3901 = ( GEOMETRIC_REPRESENTATION_CONTEXT(2) 
PARAMETRIC_REPRESENTATION_CONTEXT() REPRESENTATION_CONTEXT('2D SPACE',''
  ) );
#3902 = ORIENTED_EDGE('',*,*,#3903,.F.);
#3903 = EDGE_CURVE('',#3904,#3878,#3906,.T.);
#3904 = VERTEX_POINT('',#3905);
#3905 = CARTESIAN_POINT('',(175.492,-34.724,1.51));
#3906 = SURFACE_CURVE('',#3907,(#3912,#3919),.PCURVE_S1.);
#3907 = CIRCLE('',#3908,1.);
#3908 = AXIS2_PLACEMENT_3D('',#3909,#3910,#3911);
#3909 = CARTESIAN_POINT('',(175.492,-35.724,1.51));
#3910 = DIRECTION('',(0.,0.,1.));
#3911 = DIRECTION('',(0.,-1.,0.));
#3912 = PCURVE('',#45,#3913);
#3913 = DEFINITIONAL_REPRESENTATION('',(#3914),#3918);
#3914 = CIRCLE('',#3915,1.);
#3915 = AXIS2_PLACEMENT_2D('',#3916,#3917);
#3916 = CARTESIAN_POINT('',(-15.08222149073,36.341802421915));
#3917 = DIRECTION('',(0.,-1.));
#3918 = ( GEOMETRIC_REPRESENTATION_CONTEXT(2) 
PARAMETRIC_REPRESENTATION_CONTEXT() REPRESENTATION_CONTEXT('2D SPACE',''
  ) );
#3919 = PCURVE('',#3920,#3925);
#3920 = CYLINDRICAL_SURFACE('',#3921,1.);
#3921 = AXIS2_PLACEMENT_3D('',#3922,#3923,#3924);
#3922 = CARTESIAN_POINT('',(175.492,-35.724,1.51));
#3923 = DIRECTION('',(0.,0.,1.));
#3924 = DIRECTION('',(-0.,1.,0.));
#3925 = DEFINITIONAL_REPRESENTATION('',(#3926),#3930);
#3926 = LINE('',#3927,#3928);
#3927 = CARTESIAN_POINT('',(-3.14159265359,0.));
#3928 = VECTOR('',#3929,1.);
#3929 = DIRECTION('',(1.,0.));
#3930 = ( GEOMETRIC_REPRESENTATION_CONTEXT(2) 
PARAMETRIC_REPRESENTATION_CONTEXT() REPRESENTATION_CONTEXT('2D SPACE',''
  ) );
#3931 = ORIENTED_EDGE('',*,*,#3932,.T.);
#3932 = EDGE_CURVE('',#3904,#3933,#3935,.T.);
#3933 = VERTEX_POINT('',#3934);
#3934 = CARTESIAN_POINT('',(187.492,-34.724,1.51));
#3935 = SURFACE_CURVE('',#3936,(#3940,#3946),.PCURVE_S1.);
#3936 = LINE('',#3937,#3938);
#3937 = CARTESIAN_POINT('',(189.53311074536,-34.724,1.51));
#3938 = VECTOR('',#3939,1.);
#3939 = DIRECTION('',(1.,0.,-0.));
#3940 = PCURVE('',#45,#3941);
#3941 = DEFINITIONAL_REPRESENTATION('',(#3942),#3945);
#3942 = B_SPLINE_CURVE_WITH_KNOTS('',1,(#3943,#3944),.UNSPECIFIED.,.F.,
  .F.,(2,2),(-15.04111074536,-1.041110745369),.PIECEWISE_BEZIER_KNOTS.);
#3943 = CARTESIAN_POINT('',(-16.08222149073,37.341802421915));
#3944 = CARTESIAN_POINT('',(-2.082221490739,37.341802421915));
#3945 = ( GEOMETRIC_REPRESENTATION_CONTEXT(2) 
PARAMETRIC_REPRESENTATION_CONTEXT() REPRESENTATION_CONTEXT('2D SPACE',''
  ) );
#3946 = PCURVE('',#3947,#3952);
#3947 = PLANE('',#3948);
#3948 = AXIS2_PLACEMENT_3D('',#3949,#3950,#3951);
#3949 = CARTESIAN_POINT('',(188.492,-34.724,0.51));
#3950 = DIRECTION('',(0.,-1.,0.));
#3951 = DIRECTION('',(-1.,0.,0.));
#3952 = DEFINITIONAL_REPRESENTATION('',(#3953),#3956);
#3953 = B_SPLINE_CURVE_WITH_KNOTS('',1,(#3954,#3955),.UNSPECIFIED.,.F.,
  .F.,(2,2),(-15.04111074536,-1.041110745369),.PIECEWISE_BEZIER_KNOTS.);
#3954 = CARTESIAN_POINT('',(14.,-1.));
#3955 = CARTESIAN_POINT('',(0.,-1.));
#3956 = ( GEOMETRIC_REPRESENTATION_CONTEXT(2) 
PARAMETRIC_REPRESENTATION_CONTEXT() REPRESENTATION_CONTEXT('2D SPACE',''
  ) );
#3957 = ORIENTED_EDGE('',*,*,#3958,.F.);
#3958 = EDGE_CURVE('',#3758,#3933,#3959,.T.);
#3959 = SURFACE_CURVE('',#3960,(#3965,#3972),.PCURVE_S1.);
#3960 = CIRCLE('',#3961,1.);
#3961 = AXIS2_PLACEMENT_3D('',#3962,#3963,#3964);
#3962 = CARTESIAN_POINT('',(187.492,-35.724,1.51));
#3963 = DIRECTION('',(0.,0.,1.));
#3964 = DIRECTION('',(0.,-1.,0.));
#3965 = PCURVE('',#45,#3966);
#3966 = DEFINITIONAL_REPRESENTATION('',(#3967),#3971);
#3967 = CIRCLE('',#3968,1.);
#3968 = AXIS2_PLACEMENT_2D('',#3969,#3970);
#3969 = CARTESIAN_POINT('',(-3.082221490739,36.341802421915));
#3970 = DIRECTION('',(0.,-1.));
#3971 = ( GEOMETRIC_REPRESENTATION_CONTEXT(2) 
PARAMETRIC_REPRESENTATION_CONTEXT() REPRESENTATION_CONTEXT('2D SPACE',''
  ) );
#3972 = PCURVE('',#3973,#3978);
#3973 = CYLINDRICAL_SURFACE('',#3974,1.);
#3974 = AXIS2_PLACEMENT_3D('',#3975,#3976,#3977);
#3975 = CARTESIAN_POINT('',(187.492,-35.724,1.51));
#3976 = DIRECTION('',(0.,0.,1.));
#3977 = DIRECTION('',(1.,0.,-0.));
#3978 = DEFINITIONAL_REPRESENTATION('',(#3979),#3983);
#3979 = LINE('',#3980,#3981);
#3980 = CARTESIAN_POINT('',(-1.570796326795,0.));
#3981 = VECTOR('',#3982,1.);
#3982 = DIRECTION('',(1.,0.));
#3983 = ( GEOMETRIC_REPRESENTATION_CONTEXT(2) 
PARAMETRIC_REPRESENTATION_CONTEXT() REPRESENTATION_CONTEXT('2D SPACE',''
  ) );
#3984 = FACE_BOUND('',#3985,.F.);
#3985 = EDGE_LOOP('',(#3986,#4014,#4047,#4073,#4106,#4132,#4161,#4187));
#3986 = ORIENTED_EDGE('',*,*,#3987,.T.);
#3987 = EDGE_CURVE('',#3988,#3990,#3992,.T.);
#3988 = VERTEX_POINT('',#3989);
#3989 = CARTESIAN_POINT('',(206.48,-64.358,1.51));
#3990 = VERTEX_POINT('',#3991);
#3991 = CARTESIAN_POINT('',(206.48,-76.358,1.51));
#3992 = SURFACE_CURVE('',#3993,(#3997,#4003),.PCURVE_S1.);
#3993 = LINE('',#3994,#3995);
#3994 = CARTESIAN_POINT('',(206.48,-74.71190121095,1.51));
#3995 = VECTOR('',#3996,1.);
#3996 = DIRECTION('',(0.,-1.,0.));
#3997 = PCURVE('',#45,#3998);
#3998 = DEFINITIONAL_REPRESENTATION('',(#3999),#4002);
#3999 = B_SPLINE_CURVE_WITH_KNOTS('',1,(#4000,#4001),.UNSPECIFIED.,.F.,
  .F.,(2,2),(-11.35390121095,2.646098789042),.PIECEWISE_BEZIER_KNOTS.);
#4000 = CARTESIAN_POINT('',(15.905778509261,8.707802421915));
#4001 = CARTESIAN_POINT('',(15.905778509261,-5.292197578085));
#4002 = ( GEOMETRIC_REPRESENTATION_CONTEXT(2) 
PARAMETRIC_REPRESENTATION_CONTEXT() REPRESENTATION_CONTEXT('2D SPACE',''
  ) );
#4003 = PCURVE('',#4004,#4009);
#4004 = PLANE('',#4005);
#4005 = AXIS2_PLACEMENT_3D('',#4006,#4007,#4008);
#4006 = CARTESIAN_POINT('',(206.48,-77.358,0.51));
#4007 = DIRECTION('',(-1.,0.,0.));
#4008 = DIRECTION('',(0.,1.,0.));
#4009 = DEFINITIONAL_REPRESENTATION('',(#4010),#4013);
#4010 = B_SPLINE_CURVE_WITH_KNOTS('',1,(#4011,#4012),.UNSPECIFIED.,.F.,
  .F.,(2,2),(-11.35390121095,2.646098789042),.PIECEWISE_BEZIER_KNOTS.);
#4011 = CARTESIAN_POINT('',(14.,-1.));
#4012 = CARTESIAN_POINT('',(0.,-1.));
#4013 = ( GEOMETRIC_REPRESENTATION_CONTEXT(2) 
PARAMETRIC_REPRESENTATION_CONTEXT() REPRESENTATION_CONTEXT('2D SPACE',''
  ) );
#4014 = ORIENTED_EDGE('',*,*,#4015,.T.);
#4015 = EDGE_CURVE('',#3990,#4016,#4018,.T.);
#4016 = VERTEX_POINT('',#4017);
#4017 = CARTESIAN_POINT('',(205.48,-77.358,1.51));
#4018 = SURFACE_CURVE('',#4019,(#4024,#4035),.PCURVE_S1.);
#4019 = CIRCLE('',#4020,1.);
#4020 = AXIS2_PLACEMENT_3D('',#4021,#4022,#4023);
#4021 = CARTESIAN_POINT('',(205.48,-76.358,1.51));
#4022 = DIRECTION('',(-0.,-0.,-1.));
#4023 = DIRECTION('',(0.,-1.,0.));
#4024 = PCURVE('',#45,#4025);
#4025 = DEFINITIONAL_REPRESENTATION('',(#4026),#4034);
#4026 = ( BOUNDED_CURVE() B_SPLINE_CURVE(2,(#4027,#4028,#4029,#4030,
#4031,#4032,#4033),.UNSPECIFIED.,.T.,.F.) B_SPLINE_CURVE_WITH_KNOTS((1,2
    ,2,2,2,1),(-2.094395102393,0.,2.094395102393,4.188790204786,
6.28318530718,8.377580409573),.UNSPECIFIED.) CURVE() 
GEOMETRIC_REPRESENTATION_ITEM() RATIONAL_B_SPLINE_CURVE((1.,0.5,1.,0.5,
1.,0.5,1.)) REPRESENTATION_ITEM('') );
#4027 = CARTESIAN_POINT('',(14.905778509261,-5.292197578085));
#4028 = CARTESIAN_POINT('',(13.173727701693,-5.292197578085));
#4029 = CARTESIAN_POINT('',(14.039753105477,-3.792197578085));
#4030 = CARTESIAN_POINT('',(14.905778509261,-2.292197578085));
#4031 = CARTESIAN_POINT('',(15.771803913046,-3.792197578085));
#4032 = CARTESIAN_POINT('',(16.63782931683,-5.292197578085));
#4033 = CARTESIAN_POINT('',(14.905778509261,-5.292197578085));
#4034 = ( GEOMETRIC_REPRESENTATION_CONTEXT(2) 
PARAMETRIC_REPRESENTATION_CONTEXT() REPRESENTATION_CONTEXT('2D SPACE',''
  ) );
#4035 = PCURVE('',#4036,#4041);
#4036 = CYLINDRICAL_SURFACE('',#4037,1.);
#4037 = AXIS2_PLACEMENT_3D('',#4038,#4039,#4040);
#4038 = CARTESIAN_POINT('',(205.48,-76.358,1.51));
#4039 = DIRECTION('',(0.,0.,1.));
#4040 = DIRECTION('',(1.,0.,-0.));
#4041 = DEFINITIONAL_REPRESENTATION('',(#4042),#4046);
#4042 = LINE('',#4043,#4044);
#4043 = CARTESIAN_POINT('',(4.712388980385,-0.));
#4044 = VECTOR('',#4045,1.);
#4045 = DIRECTION('',(-1.,0.));
#4046 = ( GEOMETRIC_REPRESENTATION_CONTEXT(2) 
PARAMETRIC_REPRESENTATION_CONTEXT() REPRESENTATION_CONTEXT('2D SPACE',''
  ) );
#4047 = ORIENTED_EDGE('',*,*,#4048,.T.);
#4048 = EDGE_CURVE('',#4016,#4049,#4051,.T.);
#4049 = VERTEX_POINT('',#4050);
#4050 = CARTESIAN_POINT('',(193.48,-77.358,1.51));
#4051 = SURFACE_CURVE('',#4052,(#4056,#4062),.PCURVE_S1.);
#4052 = LINE('',#4053,#4054);
#4053 = CARTESIAN_POINT('',(191.52711074536,-77.358,1.51));
#4054 = VECTOR('',#4055,1.);
#4055 = DIRECTION('',(-1.,0.,0.));
#4056 = PCURVE('',#45,#4057);
#4057 = DEFINITIONAL_REPRESENTATION('',(#4058),#4061);
#4058 = B_SPLINE_CURVE_WITH_KNOTS('',1,(#4059,#4060),.UNSPECIFIED.,.F.,
  .F.,(2,2),(-14.95288925463,-0.952889254631),.PIECEWISE_BEZIER_KNOTS.);
#4059 = CARTESIAN_POINT('',(15.905778509261,-5.292197578085));
#4060 = CARTESIAN_POINT('',(1.905778509261,-5.292197578085));
#4061 = ( GEOMETRIC_REPRESENTATION_CONTEXT(2) 
PARAMETRIC_REPRESENTATION_CONTEXT() REPRESENTATION_CONTEXT('2D SPACE',''
  ) );
#4062 = PCURVE('',#4063,#4068);
#4063 = PLANE('',#4064);
#4064 = AXIS2_PLACEMENT_3D('',#4065,#4066,#4067);
#4065 = CARTESIAN_POINT('',(192.48,-77.358,0.51));
#4066 = DIRECTION('',(0.,1.,0.));
#4067 = DIRECTION('',(1.,0.,0.));
#4068 = DEFINITIONAL_REPRESENTATION('',(#4069),#4072);
#4069 = B_SPLINE_CURVE_WITH_KNOTS('',1,(#4070,#4071),.UNSPECIFIED.,.F.,
  .F.,(2,2),(-14.95288925463,-0.952889254631),.PIECEWISE_BEZIER_KNOTS.);
#4070 = CARTESIAN_POINT('',(14.,-1.));
#4071 = CARTESIAN_POINT('',(0.,-1.));
#4072 = ( GEOMETRIC_REPRESENTATION_CONTEXT(2) 
PARAMETRIC_REPRESENTATION_CONTEXT() REPRESENTATION_CONTEXT('2D SPACE',''
  ) );
#4073 = ORIENTED_EDGE('',*,*,#4074,.T.);
#4074 = EDGE_CURVE('',#4049,#4075,#4077,.T.);
#4075 = VERTEX_POINT('',#4076);
#4076 = CARTESIAN_POINT('',(192.48,-76.358,1.51));
#4077 = SURFACE_CURVE('',#4078,(#4083,#4094),.PCURVE_S1.);
#4078 = CIRCLE('',#4079,1.);
#4079 = AXIS2_PLACEMENT_3D('',#4080,#4081,#4082);
#4080 = CARTESIAN_POINT('',(193.48,-76.358,1.51));
#4081 = DIRECTION('',(-0.,-0.,-1.));
#4082 = DIRECTION('',(0.,-1.,0.));
#4083 = PCURVE('',#45,#4084);
#4084 = DEFINITIONAL_REPRESENTATION('',(#4085),#4093);
#4085 = ( BOUNDED_CURVE() B_SPLINE_CURVE(2,(#4086,#4087,#4088,#4089,
#4090,#4091,#4092),.UNSPECIFIED.,.T.,.F.) B_SPLINE_CURVE_WITH_KNOTS((1,2
    ,2,2,2,1),(-2.094395102393,0.,2.094395102393,4.188790204786,
6.28318530718,8.377580409573),.UNSPECIFIED.) CURVE() 
GEOMETRIC_REPRESENTATION_ITEM() RATIONAL_B_SPLINE_CURVE((1.,0.5,1.,0.5,
1.,0.5,1.)) REPRESENTATION_ITEM('') );
#4086 = CARTESIAN_POINT('',(2.905778509261,-5.292197578085));
#4087 = CARTESIAN_POINT('',(1.173727701693,-5.292197578085));
#4088 = CARTESIAN_POINT('',(2.039753105477,-3.792197578085));
#4089 = CARTESIAN_POINT('',(2.905778509261,-2.292197578085));
#4090 = CARTESIAN_POINT('',(3.771803913046,-3.792197578085));
#4091 = CARTESIAN_POINT('',(4.63782931683,-5.292197578085));
#4092 = CARTESIAN_POINT('',(2.905778509261,-5.292197578085));
#4093 = ( GEOMETRIC_REPRESENTATION_CONTEXT(2) 
PARAMETRIC_REPRESENTATION_CONTEXT() REPRESENTATION_CONTEXT('2D SPACE',''
  ) );
#4094 = PCURVE('',#4095,#4100);
#4095 = CYLINDRICAL_SURFACE('',#4096,1.);
#4096 = AXIS2_PLACEMENT_3D('',#4097,#4098,#4099);
#4097 = CARTESIAN_POINT('',(193.48,-76.358,1.51));
#4098 = DIRECTION('',(0.,0.,1.));
#4099 = DIRECTION('',(0.,-1.,0.));
#4100 = DEFINITIONAL_REPRESENTATION('',(#4101),#4105);
#4101 = LINE('',#4102,#4103);
#4102 = CARTESIAN_POINT('',(-0.,0.));
#4103 = VECTOR('',#4104,1.);
#4104 = DIRECTION('',(-1.,0.));
#4105 = ( GEOMETRIC_REPRESENTATION_CONTEXT(2) 
PARAMETRIC_REPRESENTATION_CONTEXT() REPRESENTATION_CONTEXT('2D SPACE',''
  ) );
#4106 = ORIENTED_EDGE('',*,*,#4107,.T.);
#4107 = EDGE_CURVE('',#4075,#4108,#4110,.T.);
#4108 = VERTEX_POINT('',#4109);
#4109 = CARTESIAN_POINT('',(192.48,-64.358,1.51));
#4110 = SURFACE_CURVE('',#4111,(#4115,#4121),.PCURVE_S1.);
#4111 = LINE('',#4112,#4113);
#4112 = CARTESIAN_POINT('',(192.48,-67.71190121095,1.51));
#4113 = VECTOR('',#4114,1.);
#4114 = DIRECTION('',(-0.,1.,0.));
#4115 = PCURVE('',#45,#4116);
#4116 = DEFINITIONAL_REPRESENTATION('',(#4117),#4120);
#4117 = B_SPLINE_CURVE_WITH_KNOTS('',1,(#4118,#4119),.UNSPECIFIED.,.F.,
  .F.,(2,2),(-9.646098789042,4.353901210958),.PIECEWISE_BEZIER_KNOTS.);
#4118 = CARTESIAN_POINT('',(1.905778509261,-5.292197578085));
#4119 = CARTESIAN_POINT('',(1.905778509261,8.707802421915));
#4120 = ( GEOMETRIC_REPRESENTATION_CONTEXT(2) 
PARAMETRIC_REPRESENTATION_CONTEXT() REPRESENTATION_CONTEXT('2D SPACE',''
  ) );
#4121 = PCURVE('',#4122,#4127);
#4122 = PLANE('',#4123);
#4123 = AXIS2_PLACEMENT_3D('',#4124,#4125,#4126);
#4124 = CARTESIAN_POINT('',(192.48,-63.358,0.51));
#4125 = DIRECTION('',(1.,0.,-0.));
#4126 = DIRECTION('',(0.,-1.,0.));
#4127 = DEFINITIONAL_REPRESENTATION('',(#4128),#4131);
#4128 = B_SPLINE_CURVE_WITH_KNOTS('',1,(#4129,#4130),.UNSPECIFIED.,.F.,
  .F.,(2,2),(-9.646098789042,4.353901210958),.PIECEWISE_BEZIER_KNOTS.);
#4129 = CARTESIAN_POINT('',(14.,-1.));
#4130 = CARTESIAN_POINT('',(0.,-1.));
#4131 = ( GEOMETRIC_REPRESENTATION_CONTEXT(2) 
PARAMETRIC_REPRESENTATION_CONTEXT() REPRESENTATION_CONTEXT('2D SPACE',''
  ) );
#4132 = ORIENTED_EDGE('',*,*,#4133,.F.);
#4133 = EDGE_CURVE('',#4134,#4108,#4136,.T.);
#4134 = VERTEX_POINT('',#4135);
#4135 = CARTESIAN_POINT('',(193.48,-63.358,1.51));
#4136 = SURFACE_CURVE('',#4137,(#4142,#4149),.PCURVE_S1.);
#4137 = CIRCLE('',#4138,1.);
#4138 = AXIS2_PLACEMENT_3D('',#4139,#4140,#4141);
#4139 = CARTESIAN_POINT('',(193.48,-64.358,1.51));
#4140 = DIRECTION('',(0.,0.,1.));
#4141 = DIRECTION('',(0.,-1.,0.));
#4142 = PCURVE('',#45,#4143);
#4143 = DEFINITIONAL_REPRESENTATION('',(#4144),#4148);
#4144 = CIRCLE('',#4145,1.);
#4145 = AXIS2_PLACEMENT_2D('',#4146,#4147);
#4146 = CARTESIAN_POINT('',(2.905778509261,7.707802421915));
#4147 = DIRECTION('',(0.,-1.));
#4148 = ( GEOMETRIC_REPRESENTATION_CONTEXT(2) 
PARAMETRIC_REPRESENTATION_CONTEXT() REPRESENTATION_CONTEXT('2D SPACE',''
  ) );
#4149 = PCURVE('',#4150,#4155);
#4150 = CYLINDRICAL_SURFACE('',#4151,1.);
#4151 = AXIS2_PLACEMENT_3D('',#4152,#4153,#4154);
#4152 = CARTESIAN_POINT('',(193.48,-64.358,1.51));
#4153 = DIRECTION('',(0.,0.,1.));
#4154 = DIRECTION('',(-0.,1.,0.));
#4155 = DEFINITIONAL_REPRESENTATION('',(#4156),#4160);
#4156 = LINE('',#4157,#4158);
#4157 = CARTESIAN_POINT('',(-3.14159265359,0.));
#4158 = VECTOR('',#4159,1.);
#4159 = DIRECTION('',(1.,0.));
#4160 = ( GEOMETRIC_REPRESENTATION_CONTEXT(2) 
PARAMETRIC_REPRESENTATION_CONTEXT() REPRESENTATION_CONTEXT('2D SPACE',''
  ) );
#4161 = ORIENTED_EDGE('',*,*,#4162,.T.);
#4162 = EDGE_CURVE('',#4134,#4163,#4165,.T.);
#4163 = VERTEX_POINT('',#4164);
#4164 = CARTESIAN_POINT('',(205.48,-63.358,1.51));
#4165 = SURFACE_CURVE('',#4166,(#4170,#4176),.PCURVE_S1.);
#4166 = LINE('',#4167,#4168);
#4167 = CARTESIAN_POINT('',(198.52711074536,-63.358,1.51));
#4168 = VECTOR('',#4169,1.);
#4169 = DIRECTION('',(1.,0.,-0.));
#4170 = PCURVE('',#45,#4171);
#4171 = DEFINITIONAL_REPRESENTATION('',(#4172),#4175);
#4172 = B_SPLINE_CURVE_WITH_KNOTS('',1,(#4173,#4174),.UNSPECIFIED.,.F.,
  .F.,(2,2),(-6.047110745369,7.952889254631),.PIECEWISE_BEZIER_KNOTS.);
#4173 = CARTESIAN_POINT('',(1.905778509261,8.707802421915));
#4174 = CARTESIAN_POINT('',(15.905778509261,8.707802421915));
#4175 = ( GEOMETRIC_REPRESENTATION_CONTEXT(2) 
PARAMETRIC_REPRESENTATION_CONTEXT() REPRESENTATION_CONTEXT('2D SPACE',''
  ) );
#4176 = PCURVE('',#4177,#4182);
#4177 = PLANE('',#4178);
#4178 = AXIS2_PLACEMENT_3D('',#4179,#4180,#4181);
#4179 = CARTESIAN_POINT('',(206.48,-63.358,0.51));
#4180 = DIRECTION('',(0.,-1.,0.));
#4181 = DIRECTION('',(-1.,0.,0.));
#4182 = DEFINITIONAL_REPRESENTATION('',(#4183),#4186);
#4183 = B_SPLINE_CURVE_WITH_KNOTS('',1,(#4184,#4185),.UNSPECIFIED.,.F.,
  .F.,(2,2),(-6.047110745369,7.952889254631),.PIECEWISE_BEZIER_KNOTS.);
#4184 = CARTESIAN_POINT('',(14.,-1.));
#4185 = CARTESIAN_POINT('',(0.,-1.));
#4186 = ( GEOMETRIC_REPRESENTATION_CONTEXT(2) 
PARAMETRIC_REPRESENTATION_CONTEXT() REPRESENTATION_CONTEXT('2D SPACE',''
  ) );
#4187 = ORIENTED_EDGE('',*,*,#4188,.F.);
#4188 = EDGE_CURVE('',#3988,#4163,#4189,.T.);
#4189 = SURFACE_CURVE('',#4190,(#4195,#4202),.PCURVE_S1.);
#4190 = CIRCLE('',#4191,1.);
#4191 = AXIS2_PLACEMENT_3D('',#4192,#4193,#4194);
#4192 = CARTESIAN_POINT('',(205.48,-64.358,1.51));
#4193 = DIRECTION('',(0.,0.,1.));
#4194 = DIRECTION('',(0.,-1.,0.));
#4195 = PCURVE('',#45,#4196);
#4196 = DEFINITIONAL_REPRESENTATION('',(#4197),#4201);
#4197 = CIRCLE('',#4198,1.);
#4198 = AXIS2_PLACEMENT_2D('',#4199,#4200);
#4199 = CARTESIAN_POINT('',(14.905778509261,7.707802421915));
#4200 = DIRECTION('',(0.,-1.));
#4201 = ( GEOMETRIC_REPRESENTATION_CONTEXT(2) 
PARAMETRIC_REPRESENTATION_CONTEXT() REPRESENTATION_CONTEXT('2D SPACE',''
  ) );
#4202 = PCURVE('',#4203,#4208);
#4203 = CYLINDRICAL_SURFACE('',#4204,1.);
#4204 = AXIS2_PLACEMENT_3D('',#4205,#4206,#4207);
#4205 = CARTESIAN_POINT('',(205.48,-64.358,1.51));
#4206 = DIRECTION('',(0.,0.,1.));
#4207 = DIRECTION('',(1.,0.,-0.));
#4208 = DEFINITIONAL_REPRESENTATION('',(#4209),#4213);
#4209 = LINE('',#4210,#4211);
#4210 = CARTESIAN_POINT('',(-1.570796326795,0.));
#4211 = VECTOR('',#4212,1.);
#4212 = DIRECTION('',(1.,0.));
#4213 = ( GEOMETRIC_REPRESENTATION_CONTEXT(2) 
PARAMETRIC_REPRESENTATION_CONTEXT() REPRESENTATION_CONTEXT('2D SPACE',''
  ) );
#4214 = FACE_BOUND('',#4215,.F.);
#4215 = EDGE_LOOP('',(#4216,#4244,#4277,#4303,#4336,#4362,#4391,#4417));
#4216 = ORIENTED_EDGE('',*,*,#4217,.T.);
#4217 = EDGE_CURVE('',#4218,#4220,#4222,.T.);
#4218 = VERTEX_POINT('',#4219);
#4219 = CARTESIAN_POINT('',(206.48,-47.34,1.51));
#4220 = VERTEX_POINT('',#4221);
#4221 = CARTESIAN_POINT('',(206.48,-59.34,1.51));
#4222 = SURFACE_CURVE('',#4223,(#4227,#4233),.PCURVE_S1.);
#4223 = LINE('',#4224,#4225);
#4224 = CARTESIAN_POINT('',(206.48,-66.20290121095,1.51));
#4225 = VECTOR('',#4226,1.);
#4226 = DIRECTION('',(0.,-1.,0.));
#4227 = PCURVE('',#45,#4228);
#4228 = DEFINITIONAL_REPRESENTATION('',(#4229),#4232);
#4229 = B_SPLINE_CURVE_WITH_KNOTS('',1,(#4230,#4231),.UNSPECIFIED.,.F.,
  .F.,(2,2),(-19.86290121095,-5.862901210958),.PIECEWISE_BEZIER_KNOTS.);
#4230 = CARTESIAN_POINT('',(15.905778509261,25.725802421915));
#4231 = CARTESIAN_POINT('',(15.905778509261,11.725802421915));
#4232 = ( GEOMETRIC_REPRESENTATION_CONTEXT(2) 
PARAMETRIC_REPRESENTATION_CONTEXT() REPRESENTATION_CONTEXT('2D SPACE',''
  ) );
#4233 = PCURVE('',#4234,#4239);
#4234 = PLANE('',#4235);
#4235 = AXIS2_PLACEMENT_3D('',#4236,#4237,#4238);
#4236 = CARTESIAN_POINT('',(206.48,-60.34,0.51));
#4237 = DIRECTION('',(-1.,0.,0.));
#4238 = DIRECTION('',(0.,1.,0.));
#4239 = DEFINITIONAL_REPRESENTATION('',(#4240),#4243);
#4240 = B_SPLINE_CURVE_WITH_KNOTS('',1,(#4241,#4242),.UNSPECIFIED.,.F.,
  .F.,(2,2),(-19.86290121095,-5.862901210958),.PIECEWISE_BEZIER_KNOTS.);
#4241 = CARTESIAN_POINT('',(14.,-1.));
#4242 = CARTESIAN_POINT('',(0.,-1.));
#4243 = ( GEOMETRIC_REPRESENTATION_CONTEXT(2) 
PARAMETRIC_REPRESENTATION_CONTEXT() REPRESENTATION_CONTEXT('2D SPACE',''
  ) );
#4244 = ORIENTED_EDGE('',*,*,#4245,.T.);
#4245 = EDGE_CURVE('',#4220,#4246,#4248,.T.);
#4246 = VERTEX_POINT('',#4247);
#4247 = CARTESIAN_POINT('',(205.48,-60.34,1.51));
#4248 = SURFACE_CURVE('',#4249,(#4254,#4265),.PCURVE_S1.);
#4249 = CIRCLE('',#4250,1.);
#4250 = AXIS2_PLACEMENT_3D('',#4251,#4252,#4253);
#4251 = CARTESIAN_POINT('',(205.48,-59.34,1.51));
#4252 = DIRECTION('',(-0.,-0.,-1.));
#4253 = DIRECTION('',(0.,-1.,0.));
#4254 = PCURVE('',#45,#4255);
#4255 = DEFINITIONAL_REPRESENTATION('',(#4256),#4264);
#4256 = ( BOUNDED_CURVE() B_SPLINE_CURVE(2,(#4257,#4258,#4259,#4260,
#4261,#4262,#4263),.UNSPECIFIED.,.T.,.F.) B_SPLINE_CURVE_WITH_KNOTS((1,2
    ,2,2,2,1),(-2.094395102393,0.,2.094395102393,4.188790204786,
6.28318530718,8.377580409573),.UNSPECIFIED.) CURVE() 
GEOMETRIC_REPRESENTATION_ITEM() RATIONAL_B_SPLINE_CURVE((1.,0.5,1.,0.5,
1.,0.5,1.)) REPRESENTATION_ITEM('') );
#4257 = CARTESIAN_POINT('',(14.905778509261,11.725802421915));
#4258 = CARTESIAN_POINT('',(13.173727701693,11.725802421915));
#4259 = CARTESIAN_POINT('',(14.039753105477,13.225802421915));
#4260 = CARTESIAN_POINT('',(14.905778509261,14.725802421915));
#4261 = CARTESIAN_POINT('',(15.771803913046,13.225802421915));
#4262 = CARTESIAN_POINT('',(16.63782931683,11.725802421915));
#4263 = CARTESIAN_POINT('',(14.905778509261,11.725802421915));
#4264 = ( GEOMETRIC_REPRESENTATION_CONTEXT(2) 
PARAMETRIC_REPRESENTATION_CONTEXT() REPRESENTATION_CONTEXT('2D SPACE',''
  ) );
#4265 = PCURVE('',#4266,#4271);
#4266 = CYLINDRICAL_SURFACE('',#4267,1.);
#4267 = AXIS2_PLACEMENT_3D('',#4268,#4269,#4270);
#4268 = CARTESIAN_POINT('',(205.48,-59.34,1.51));
#4269 = DIRECTION('',(0.,0.,1.));
#4270 = DIRECTION('',(1.,0.,-0.));
#4271 = DEFINITIONAL_REPRESENTATION('',(#4272),#4276);
#4272 = LINE('',#4273,#4274);
#4273 = CARTESIAN_POINT('',(4.712388980385,-0.));
#4274 = VECTOR('',#4275,1.);
#4275 = DIRECTION('',(-1.,0.));
#4276 = ( GEOMETRIC_REPRESENTATION_CONTEXT(2) 
PARAMETRIC_REPRESENTATION_CONTEXT() REPRESENTATION_CONTEXT('2D SPACE',''
  ) );
#4277 = ORIENTED_EDGE('',*,*,#4278,.T.);
#4278 = EDGE_CURVE('',#4246,#4279,#4281,.T.);
#4279 = VERTEX_POINT('',#4280);
#4280 = CARTESIAN_POINT('',(193.48,-60.34,1.51));
#4281 = SURFACE_CURVE('',#4282,(#4286,#4292),.PCURVE_S1.);
#4282 = LINE('',#4283,#4284);
#4283 = CARTESIAN_POINT('',(191.52711074536,-60.34,1.51));
#4284 = VECTOR('',#4285,1.);
#4285 = DIRECTION('',(-1.,0.,0.));
#4286 = PCURVE('',#45,#4287);
#4287 = DEFINITIONAL_REPRESENTATION('',(#4288),#4291);
#4288 = B_SPLINE_CURVE_WITH_KNOTS('',1,(#4289,#4290),.UNSPECIFIED.,.F.,
  .F.,(2,2),(-14.95288925463,-0.952889254631),.PIECEWISE_BEZIER_KNOTS.);
#4289 = CARTESIAN_POINT('',(15.905778509261,11.725802421915));
#4290 = CARTESIAN_POINT('',(1.905778509261,11.725802421915));
#4291 = ( GEOMETRIC_REPRESENTATION_CONTEXT(2) 
PARAMETRIC_REPRESENTATION_CONTEXT() REPRESENTATION_CONTEXT('2D SPACE',''
  ) );
#4292 = PCURVE('',#4293,#4298);
#4293 = PLANE('',#4294);
#4294 = AXIS2_PLACEMENT_3D('',#4295,#4296,#4297);
#4295 = CARTESIAN_POINT('',(192.48,-60.34,0.51));
#4296 = DIRECTION('',(0.,1.,0.));
#4297 = DIRECTION('',(1.,0.,0.));
#4298 = DEFINITIONAL_REPRESENTATION('',(#4299),#4302);
#4299 = B_SPLINE_CURVE_WITH_KNOTS('',1,(#4300,#4301),.UNSPECIFIED.,.F.,
  .F.,(2,2),(-14.95288925463,-0.952889254631),.PIECEWISE_BEZIER_KNOTS.);
#4300 = CARTESIAN_POINT('',(14.,-1.));
#4301 = CARTESIAN_POINT('',(0.,-1.));
#4302 = ( GEOMETRIC_REPRESENTATION_CONTEXT(2) 
PARAMETRIC_REPRESENTATION_CONTEXT() REPRESENTATION_CONTEXT('2D SPACE',''
  ) );
#4303 = ORIENTED_EDGE('',*,*,#4304,.T.);
#4304 = EDGE_CURVE('',#4279,#4305,#4307,.T.);
#4305 = VERTEX_POINT('',#4306);
#4306 = CARTESIAN_POINT('',(192.48,-59.34,1.51));
#4307 = SURFACE_CURVE('',#4308,(#4313,#4324),.PCURVE_S1.);
#4308 = CIRCLE('',#4309,1.);
#4309 = AXIS2_PLACEMENT_3D('',#4310,#4311,#4312);
#4310 = CARTESIAN_POINT('',(193.48,-59.34,1.51));
#4311 = DIRECTION('',(-0.,-0.,-1.));
#4312 = DIRECTION('',(0.,-1.,0.));
#4313 = PCURVE('',#45,#4314);
#4314 = DEFINITIONAL_REPRESENTATION('',(#4315),#4323);
#4315 = ( BOUNDED_CURVE() B_SPLINE_CURVE(2,(#4316,#4317,#4318,#4319,
#4320,#4321,#4322),.UNSPECIFIED.,.T.,.F.) B_SPLINE_CURVE_WITH_KNOTS((1,2
    ,2,2,2,1),(-2.094395102393,0.,2.094395102393,4.188790204786,
6.28318530718,8.377580409573),.UNSPECIFIED.) CURVE() 
GEOMETRIC_REPRESENTATION_ITEM() RATIONAL_B_SPLINE_CURVE((1.,0.5,1.,0.5,
1.,0.5,1.)) REPRESENTATION_ITEM('') );
#4316 = CARTESIAN_POINT('',(2.905778509261,11.725802421915));
#4317 = CARTESIAN_POINT('',(1.173727701693,11.725802421915));
#4318 = CARTESIAN_POINT('',(2.039753105477,13.225802421915));
#4319 = CARTESIAN_POINT('',(2.905778509261,14.725802421915));
#4320 = CARTESIAN_POINT('',(3.771803913046,13.225802421915));
#4321 = CARTESIAN_POINT('',(4.63782931683,11.725802421915));
#4322 = CARTESIAN_POINT('',(2.905778509261,11.725802421915));
#4323 = ( GEOMETRIC_REPRESENTATION_CONTEXT(2) 
PARAMETRIC_REPRESENTATION_CONTEXT() REPRESENTATION_CONTEXT('2D SPACE',''
  ) );
#4324 = PCURVE('',#4325,#4330);
#4325 = CYLINDRICAL_SURFACE('',#4326,1.);
#4326 = AXIS2_PLACEMENT_3D('',#4327,#4328,#4329);
#4327 = CARTESIAN_POINT('',(193.48,-59.34,1.51));
#4328 = DIRECTION('',(0.,0.,1.));
#4329 = DIRECTION('',(0.,-1.,0.));
#4330 = DEFINITIONAL_REPRESENTATION('',(#4331),#4335);
#4331 = LINE('',#4332,#4333);
#4332 = CARTESIAN_POINT('',(-0.,0.));
#4333 = VECTOR('',#4334,1.);
#4334 = DIRECTION('',(-1.,0.));
#4335 = ( GEOMETRIC_REPRESENTATION_CONTEXT(2) 
PARAMETRIC_REPRESENTATION_CONTEXT() REPRESENTATION_CONTEXT('2D SPACE',''
  ) );
#4336 = ORIENTED_EDGE('',*,*,#4337,.T.);
#4337 = EDGE_CURVE('',#4305,#4338,#4340,.T.);
#4338 = VERTEX_POINT('',#4339);
#4339 = CARTESIAN_POINT('',(192.48,-47.34,1.51));
#4340 = SURFACE_CURVE('',#4341,(#4345,#4351),.PCURVE_S1.);
#4341 = LINE('',#4342,#4343);
#4342 = CARTESIAN_POINT('',(192.48,-59.20290121095,1.51));
#4343 = VECTOR('',#4344,1.);
#4344 = DIRECTION('',(-0.,1.,0.));
#4345 = PCURVE('',#45,#4346);
#4346 = DEFINITIONAL_REPRESENTATION('',(#4347),#4350);
#4347 = B_SPLINE_CURVE_WITH_KNOTS('',1,(#4348,#4349),.UNSPECIFIED.,.F.,
  .F.,(2,2),(-1.137098789042,12.862901210958),.PIECEWISE_BEZIER_KNOTS.);
#4348 = CARTESIAN_POINT('',(1.905778509261,11.725802421915));
#4349 = CARTESIAN_POINT('',(1.905778509261,25.725802421915));
#4350 = ( GEOMETRIC_REPRESENTATION_CONTEXT(2) 
PARAMETRIC_REPRESENTATION_CONTEXT() REPRESENTATION_CONTEXT('2D SPACE',''
  ) );
#4351 = PCURVE('',#4352,#4357);
#4352 = PLANE('',#4353);
#4353 = AXIS2_PLACEMENT_3D('',#4354,#4355,#4356);
#4354 = CARTESIAN_POINT('',(192.48,-46.34,0.51));
#4355 = DIRECTION('',(1.,0.,-0.));
#4356 = DIRECTION('',(0.,-1.,0.));
#4357 = DEFINITIONAL_REPRESENTATION('',(#4358),#4361);
#4358 = B_SPLINE_CURVE_WITH_KNOTS('',1,(#4359,#4360),.UNSPECIFIED.,.F.,
  .F.,(2,2),(-1.137098789042,12.862901210958),.PIECEWISE_BEZIER_KNOTS.);
#4359 = CARTESIAN_POINT('',(14.,-1.));
#4360 = CARTESIAN_POINT('',(0.,-1.));
#4361 = ( GEOMETRIC_REPRESENTATION_CONTEXT(2) 
PARAMETRIC_REPRESENTATION_CONTEXT() REPRESENTATION_CONTEXT('2D SPACE',''
  ) );
#4362 = ORIENTED_EDGE('',*,*,#4363,.F.);
#4363 = EDGE_CURVE('',#4364,#4338,#4366,.T.);
#4364 = VERTEX_POINT('',#4365);
#4365 = CARTESIAN_POINT('',(193.48,-46.34,1.51));
#4366 = SURFACE_CURVE('',#4367,(#4372,#4379),.PCURVE_S1.);
#4367 = CIRCLE('',#4368,1.);
#4368 = AXIS2_PLACEMENT_3D('',#4369,#4370,#4371);
#4369 = CARTESIAN_POINT('',(193.48,-47.34,1.51));
#4370 = DIRECTION('',(0.,0.,1.));
#4371 = DIRECTION('',(0.,-1.,0.));
#4372 = PCURVE('',#45,#4373);
#4373 = DEFINITIONAL_REPRESENTATION('',(#4374),#4378);
#4374 = CIRCLE('',#4375,1.);
#4375 = AXIS2_PLACEMENT_2D('',#4376,#4377);
#4376 = CARTESIAN_POINT('',(2.905778509261,24.725802421915));
#4377 = DIRECTION('',(0.,-1.));
#4378 = ( GEOMETRIC_REPRESENTATION_CONTEXT(2) 
PARAMETRIC_REPRESENTATION_CONTEXT() REPRESENTATION_CONTEXT('2D SPACE',''
  ) );
#4379 = PCURVE('',#4380,#4385);
#4380 = CYLINDRICAL_SURFACE('',#4381,1.);
#4381 = AXIS2_PLACEMENT_3D('',#4382,#4383,#4384);
#4382 = CARTESIAN_POINT('',(193.48,-47.34,1.51));
#4383 = DIRECTION('',(0.,0.,1.));
#4384 = DIRECTION('',(-0.,1.,0.));
#4385 = DEFINITIONAL_REPRESENTATION('',(#4386),#4390);
#4386 = LINE('',#4387,#4388);
#4387 = CARTESIAN_POINT('',(-3.14159265359,0.));
#4388 = VECTOR('',#4389,1.);
#4389 = DIRECTION('',(1.,0.));
#4390 = ( GEOMETRIC_REPRESENTATION_CONTEXT(2) 
PARAMETRIC_REPRESENTATION_CONTEXT() REPRESENTATION_CONTEXT('2D SPACE',''
  ) );
#4391 = ORIENTED_EDGE('',*,*,#4392,.T.);
#4392 = EDGE_CURVE('',#4364,#4393,#4395,.T.);
#4393 = VERTEX_POINT('',#4394);
#4394 = CARTESIAN_POINT('',(205.48,-46.34,1.51));
#4395 = SURFACE_CURVE('',#4396,(#4400,#4406),.PCURVE_S1.);
#4396 = LINE('',#4397,#4398);
#4397 = CARTESIAN_POINT('',(198.52711074536,-46.34,1.51));
#4398 = VECTOR('',#4399,1.);
#4399 = DIRECTION('',(1.,0.,-0.));
#4400 = PCURVE('',#45,#4401);
#4401 = DEFINITIONAL_REPRESENTATION('',(#4402),#4405);
#4402 = B_SPLINE_CURVE_WITH_KNOTS('',1,(#4403,#4404),.UNSPECIFIED.,.F.,
  .F.,(2,2),(-6.047110745369,7.952889254631),.PIECEWISE_BEZIER_KNOTS.);
#4403 = CARTESIAN_POINT('',(1.905778509261,25.725802421915));
#4404 = CARTESIAN_POINT('',(15.905778509261,25.725802421915));
#4405 = ( GEOMETRIC_REPRESENTATION_CONTEXT(2) 
PARAMETRIC_REPRESENTATION_CONTEXT() REPRESENTATION_CONTEXT('2D SPACE',''
  ) );
#4406 = PCURVE('',#4407,#4412);
#4407 = PLANE('',#4408);
#4408 = AXIS2_PLACEMENT_3D('',#4409,#4410,#4411);
#4409 = CARTESIAN_POINT('',(206.48,-46.34,0.51));
#4410 = DIRECTION('',(0.,-1.,0.));
#4411 = DIRECTION('',(-1.,0.,0.));
#4412 = DEFINITIONAL_REPRESENTATION('',(#4413),#4416);
#4413 = B_SPLINE_CURVE_WITH_KNOTS('',1,(#4414,#4415),.UNSPECIFIED.,.F.,
  .F.,(2,2),(-6.047110745369,7.952889254631),.PIECEWISE_BEZIER_KNOTS.);
#4414 = CARTESIAN_POINT('',(14.,-1.));
#4415 = CARTESIAN_POINT('',(0.,-1.));
#4416 = ( GEOMETRIC_REPRESENTATION_CONTEXT(2) 
PARAMETRIC_REPRESENTATION_CONTEXT() REPRESENTATION_CONTEXT('2D SPACE',''
  ) );
#4417 = ORIENTED_EDGE('',*,*,#4418,.F.);
#4418 = EDGE_CURVE('',#4218,#4393,#4419,.T.);
#4419 = SURFACE_CURVE('',#4420,(#4425,#4432),.PCURVE_S1.);
#4420 = CIRCLE('',#4421,1.);
#4421 = AXIS2_PLACEMENT_3D('',#4422,#4423,#4424);
#4422 = CARTESIAN_POINT('',(205.48,-47.34,1.51));
#4423 = DIRECTION('',(0.,0.,1.));
#4424 = DIRECTION('',(0.,-1.,0.));
#4425 = PCURVE('',#45,#4426);
#4426 = DEFINITIONAL_REPRESENTATION('',(#4427),#4431);
#4427 = CIRCLE('',#4428,1.);
#4428 = AXIS2_PLACEMENT_2D('',#4429,#4430);
#4429 = CARTESIAN_POINT('',(14.905778509261,24.725802421915));
#4430 = DIRECTION('',(0.,-1.));
#4431 = ( GEOMETRIC_REPRESENTATION_CONTEXT(2) 
PARAMETRIC_REPRESENTATION_CONTEXT() REPRESENTATION_CONTEXT('2D SPACE',''
  ) );
#4432 = PCURVE('',#4433,#4438);
#4433 = CYLINDRICAL_SURFACE('',#4434,1.);
#4434 = AXIS2_PLACEMENT_3D('',#4435,#4436,#4437);
#4435 = CARTESIAN_POINT('',(205.48,-47.34,1.51));
#4436 = DIRECTION('',(0.,0.,1.));
#4437 = DIRECTION('',(1.,0.,-0.));
#4438 = DEFINITIONAL_REPRESENTATION('',(#4439),#4443);
#4439 = LINE('',#4440,#4441);
#4440 = CARTESIAN_POINT('',(-1.570796326795,0.));
#4441 = VECTOR('',#4442,1.);
#4442 = DIRECTION('',(1.,0.));
#4443 = ( GEOMETRIC_REPRESENTATION_CONTEXT(2) 
PARAMETRIC_REPRESENTATION_CONTEXT() REPRESENTATION_CONTEXT('2D SPACE',''
  ) );
#4444 = FACE_BOUND('',#4445,.F.);
#4445 = EDGE_LOOP('',(#4446,#4474,#4507,#4533,#4566,#4592,#4621,#4647));
#4446 = ORIENTED_EDGE('',*,*,#4447,.T.);
#4447 = EDGE_CURVE('',#4448,#4450,#4452,.T.);
#4448 = VERTEX_POINT('',#4449);
#4449 = CARTESIAN_POINT('',(226.051985,-53.436795,1.51));
#4450 = VERTEX_POINT('',#4451);
#4451 = CARTESIAN_POINT('',(226.051985,-65.436795,1.51));
#4452 = SURFACE_CURVE('',#4453,(#4457,#4463),.PCURVE_S1.);
#4453 = LINE('',#4454,#4455);
#4454 = CARTESIAN_POINT('',(226.051985,-69.25129871095,1.51));
#4455 = VECTOR('',#4456,1.);
#4456 = DIRECTION('',(0.,-1.,0.));
#4457 = PCURVE('',#45,#4458);
#4458 = DEFINITIONAL_REPRESENTATION('',(#4459),#4462);
#4459 = B_SPLINE_CURVE_WITH_KNOTS('',1,(#4460,#4461),.UNSPECIFIED.,.F.,
  .F.,(2,2),(-16.81450371095,-2.814503710958),.PIECEWISE_BEZIER_KNOTS.);
#4460 = CARTESIAN_POINT('',(35.477763509261,19.629007421915));
#4461 = CARTESIAN_POINT('',(35.477763509261,5.629007421915));
#4462 = ( GEOMETRIC_REPRESENTATION_CONTEXT(2) 
PARAMETRIC_REPRESENTATION_CONTEXT() REPRESENTATION_CONTEXT('2D SPACE',''
  ) );
#4463 = PCURVE('',#4464,#4469);
#4464 = PLANE('',#4465);
#4465 = AXIS2_PLACEMENT_3D('',#4466,#4467,#4468);
#4466 = CARTESIAN_POINT('',(226.051985,-66.436795,0.51));
#4467 = DIRECTION('',(-1.,0.,0.));
#4468 = DIRECTION('',(0.,1.,0.));
#4469 = DEFINITIONAL_REPRESENTATION('',(#4470),#4473);
#4470 = B_SPLINE_CURVE_WITH_KNOTS('',1,(#4471,#4472),.UNSPECIFIED.,.F.,
  .F.,(2,2),(-16.81450371095,-2.814503710958),.PIECEWISE_BEZIER_KNOTS.);
#4471 = CARTESIAN_POINT('',(14.,-1.));
#4472 = CARTESIAN_POINT('',(0.,-1.));
#4473 = ( GEOMETRIC_REPRESENTATION_CONTEXT(2) 
PARAMETRIC_REPRESENTATION_CONTEXT() REPRESENTATION_CONTEXT('2D SPACE',''
  ) );
#4474 = ORIENTED_EDGE('',*,*,#4475,.T.);
#4475 = EDGE_CURVE('',#4450,#4476,#4478,.T.);
#4476 = VERTEX_POINT('',#4477);
#4477 = CARTESIAN_POINT('',(225.051985,-66.436795,1.51));
#4478 = SURFACE_CURVE('',#4479,(#4484,#4495),.PCURVE_S1.);
#4479 = CIRCLE('',#4480,1.);
#4480 = AXIS2_PLACEMENT_3D('',#4481,#4482,#4483);
#4481 = CARTESIAN_POINT('',(225.051985,-65.436795,1.51));
#4482 = DIRECTION('',(-0.,-0.,-1.));
#4483 = DIRECTION('',(0.,-1.,0.));
#4484 = PCURVE('',#45,#4485);
#4485 = DEFINITIONAL_REPRESENTATION('',(#4486),#4494);
#4486 = ( BOUNDED_CURVE() B_SPLINE_CURVE(2,(#4487,#4488,#4489,#4490,
#4491,#4492,#4493),.UNSPECIFIED.,.T.,.F.) B_SPLINE_CURVE_WITH_KNOTS((1,2
    ,2,2,2,1),(-2.094395102393,0.,2.094395102393,4.188790204786,
6.28318530718,8.377580409573),.UNSPECIFIED.) CURVE() 
GEOMETRIC_REPRESENTATION_ITEM() RATIONAL_B_SPLINE_CURVE((1.,0.5,1.,0.5,
1.,0.5,1.)) REPRESENTATION_ITEM('') );
#4487 = CARTESIAN_POINT('',(34.477763509261,5.629007421915));
#4488 = CARTESIAN_POINT('',(32.745712701693,5.629007421915));
#4489 = CARTESIAN_POINT('',(33.611738105477,7.129007421915));
#4490 = CARTESIAN_POINT('',(34.477763509261,8.629007421915));
#4491 = CARTESIAN_POINT('',(35.343788913046,7.129007421915));
#4492 = CARTESIAN_POINT('',(36.20981431683,5.629007421915));
#4493 = CARTESIAN_POINT('',(34.477763509261,5.629007421915));
#4494 = ( GEOMETRIC_REPRESENTATION_CONTEXT(2) 
PARAMETRIC_REPRESENTATION_CONTEXT() REPRESENTATION_CONTEXT('2D SPACE',''
  ) );
#4495 = PCURVE('',#4496,#4501);
#4496 = CYLINDRICAL_SURFACE('',#4497,1.);
#4497 = AXIS2_PLACEMENT_3D('',#4498,#4499,#4500);
#4498 = CARTESIAN_POINT('',(225.051985,-65.436795,1.51));
#4499 = DIRECTION('',(0.,0.,1.));
#4500 = DIRECTION('',(1.,0.,-0.));
#4501 = DEFINITIONAL_REPRESENTATION('',(#4502),#4506);
#4502 = LINE('',#4503,#4504);
#4503 = CARTESIAN_POINT('',(4.712388980385,-0.));
#4504 = VECTOR('',#4505,1.);
#4505 = DIRECTION('',(-1.,0.));
#4506 = ( GEOMETRIC_REPRESENTATION_CONTEXT(2) 
PARAMETRIC_REPRESENTATION_CONTEXT() REPRESENTATION_CONTEXT('2D SPACE',''
  ) );
#4507 = ORIENTED_EDGE('',*,*,#4508,.T.);
#4508 = EDGE_CURVE('',#4476,#4509,#4511,.T.);
#4509 = VERTEX_POINT('',#4510);
#4510 = CARTESIAN_POINT('',(213.051985,-66.436795,1.51));
#4511 = SURFACE_CURVE('',#4512,(#4516,#4522),.PCURVE_S1.);
#4512 = LINE('',#4513,#4514);
#4513 = CARTESIAN_POINT('',(201.31310324536,-66.436795,1.51));
#4514 = VECTOR('',#4515,1.);
#4515 = DIRECTION('',(-1.,0.,0.));
#4516 = PCURVE('',#45,#4517);
#4517 = DEFINITIONAL_REPRESENTATION('',(#4518),#4521);
#4518 = B_SPLINE_CURVE_WITH_KNOTS('',1,(#4519,#4520),.UNSPECIFIED.,.F.,
  .F.,(2,2),(-24.73888175463,-10.73888175463),.PIECEWISE_BEZIER_KNOTS.);
#4519 = CARTESIAN_POINT('',(35.477763509261,5.629007421915));
#4520 = CARTESIAN_POINT('',(21.477763509261,5.629007421915));
#4521 = ( GEOMETRIC_REPRESENTATION_CONTEXT(2) 
PARAMETRIC_REPRESENTATION_CONTEXT() REPRESENTATION_CONTEXT('2D SPACE',''
  ) );
#4522 = PCURVE('',#4523,#4528);
#4523 = PLANE('',#4524);
#4524 = AXIS2_PLACEMENT_3D('',#4525,#4526,#4527);
#4525 = CARTESIAN_POINT('',(212.051985,-66.436795,0.51));
#4526 = DIRECTION('',(0.,1.,0.));
#4527 = DIRECTION('',(1.,0.,0.));
#4528 = DEFINITIONAL_REPRESENTATION('',(#4529),#4532);
#4529 = B_SPLINE_CURVE_WITH_KNOTS('',1,(#4530,#4531),.UNSPECIFIED.,.F.,
  .F.,(2,2),(-24.73888175463,-10.73888175463),.PIECEWISE_BEZIER_KNOTS.);
#4530 = CARTESIAN_POINT('',(14.,-1.));
#4531 = CARTESIAN_POINT('',(0.,-1.));
#4532 = ( GEOMETRIC_REPRESENTATION_CONTEXT(2) 
PARAMETRIC_REPRESENTATION_CONTEXT() REPRESENTATION_CONTEXT('2D SPACE',''
  ) );
#4533 = ORIENTED_EDGE('',*,*,#4534,.T.);
#4534 = EDGE_CURVE('',#4509,#4535,#4537,.T.);
#4535 = VERTEX_POINT('',#4536);
#4536 = CARTESIAN_POINT('',(212.051985,-65.436795,1.51));
#4537 = SURFACE_CURVE('',#4538,(#4543,#4554),.PCURVE_S1.);
#4538 = CIRCLE('',#4539,1.);
#4539 = AXIS2_PLACEMENT_3D('',#4540,#4541,#4542);
#4540 = CARTESIAN_POINT('',(213.051985,-65.436795,1.51));
#4541 = DIRECTION('',(-0.,-0.,-1.));
#4542 = DIRECTION('',(0.,-1.,0.));
#4543 = PCURVE('',#45,#4544);
#4544 = DEFINITIONAL_REPRESENTATION('',(#4545),#4553);
#4545 = ( BOUNDED_CURVE() B_SPLINE_CURVE(2,(#4546,#4547,#4548,#4549,
#4550,#4551,#4552),.UNSPECIFIED.,.T.,.F.) B_SPLINE_CURVE_WITH_KNOTS((1,2
    ,2,2,2,1),(-2.094395102393,0.,2.094395102393,4.188790204786,
6.28318530718,8.377580409573),.UNSPECIFIED.) CURVE() 
GEOMETRIC_REPRESENTATION_ITEM() RATIONAL_B_SPLINE_CURVE((1.,0.5,1.,0.5,
1.,0.5,1.)) REPRESENTATION_ITEM('') );
#4546 = CARTESIAN_POINT('',(22.477763509261,5.629007421915));
#4547 = CARTESIAN_POINT('',(20.745712701693,5.629007421915));
#4548 = CARTESIAN_POINT('',(21.611738105477,7.129007421915));
#4549 = CARTESIAN_POINT('',(22.477763509261,8.629007421915));
#4550 = CARTESIAN_POINT('',(23.343788913046,7.129007421915));
#4551 = CARTESIAN_POINT('',(24.20981431683,5.629007421915));
#4552 = CARTESIAN_POINT('',(22.477763509261,5.629007421915));
#4553 = ( GEOMETRIC_REPRESENTATION_CONTEXT(2) 
PARAMETRIC_REPRESENTATION_CONTEXT() REPRESENTATION_CONTEXT('2D SPACE',''
  ) );
#4554 = PCURVE('',#4555,#4560);
#4555 = CYLINDRICAL_SURFACE('',#4556,1.);
#4556 = AXIS2_PLACEMENT_3D('',#4557,#4558,#4559);
#4557 = CARTESIAN_POINT('',(213.051985,-65.436795,1.51));
#4558 = DIRECTION('',(0.,0.,1.));
#4559 = DIRECTION('',(0.,-1.,0.));
#4560 = DEFINITIONAL_REPRESENTATION('',(#4561),#4565);
#4561 = LINE('',#4562,#4563);
#4562 = CARTESIAN_POINT('',(-0.,0.));
#4563 = VECTOR('',#4564,1.);
#4564 = DIRECTION('',(-1.,0.));
#4565 = ( GEOMETRIC_REPRESENTATION_CONTEXT(2) 
PARAMETRIC_REPRESENTATION_CONTEXT() REPRESENTATION_CONTEXT('2D SPACE',''
  ) );
#4566 = ORIENTED_EDGE('',*,*,#4567,.T.);
#4567 = EDGE_CURVE('',#4535,#4568,#4570,.T.);
#4568 = VERTEX_POINT('',#4569);
#4569 = CARTESIAN_POINT('',(212.051985,-53.436795,1.51));
#4570 = SURFACE_CURVE('',#4571,(#4575,#4581),.PCURVE_S1.);
#4571 = LINE('',#4572,#4573);
#4572 = CARTESIAN_POINT('',(212.051985,-62.25129871095,1.51));
#4573 = VECTOR('',#4574,1.);
#4574 = DIRECTION('',(-0.,1.,0.));
#4575 = PCURVE('',#45,#4576);
#4576 = DEFINITIONAL_REPRESENTATION('',(#4577),#4580);
#4577 = B_SPLINE_CURVE_WITH_KNOTS('',1,(#4578,#4579),.UNSPECIFIED.,.F.,
  .F.,(2,2),(-4.185496289042,9.814503710958),.PIECEWISE_BEZIER_KNOTS.);
#4578 = CARTESIAN_POINT('',(21.477763509261,5.629007421915));
#4579 = CARTESIAN_POINT('',(21.477763509261,19.629007421915));
#4580 = ( GEOMETRIC_REPRESENTATION_CONTEXT(2) 
PARAMETRIC_REPRESENTATION_CONTEXT() REPRESENTATION_CONTEXT('2D SPACE',''
  ) );
#4581 = PCURVE('',#4582,#4587);
#4582 = PLANE('',#4583);
#4583 = AXIS2_PLACEMENT_3D('',#4584,#4585,#4586);
#4584 = CARTESIAN_POINT('',(212.051985,-52.436795,0.51));
#4585 = DIRECTION('',(1.,0.,-0.));
#4586 = DIRECTION('',(0.,-1.,0.));
#4587 = DEFINITIONAL_REPRESENTATION('',(#4588),#4591);
#4588 = B_SPLINE_CURVE_WITH_KNOTS('',1,(#4589,#4590),.UNSPECIFIED.,.F.,
  .F.,(2,2),(-4.185496289042,9.814503710958),.PIECEWISE_BEZIER_KNOTS.);
#4589 = CARTESIAN_POINT('',(14.,-1.));
#4590 = CARTESIAN_POINT('',(0.,-1.));
#4591 = ( GEOMETRIC_REPRESENTATION_CONTEXT(2) 
PARAMETRIC_REPRESENTATION_CONTEXT() REPRESENTATION_CONTEXT('2D SPACE',''
  ) );
#4592 = ORIENTED_EDGE('',*,*,#4593,.F.);
#4593 = EDGE_CURVE('',#4594,#4568,#4596,.T.);
#4594 = VERTEX_POINT('',#4595);
#4595 = CARTESIAN_POINT('',(213.051985,-52.436795,1.51));
#4596 = SURFACE_CURVE('',#4597,(#4602,#4609),.PCURVE_S1.);
#4597 = CIRCLE('',#4598,1.);
#4598 = AXIS2_PLACEMENT_3D('',#4599,#4600,#4601);
#4599 = CARTESIAN_POINT('',(213.051985,-53.436795,1.51));
#4600 = DIRECTION('',(0.,0.,1.));
#4601 = DIRECTION('',(0.,-1.,0.));
#4602 = PCURVE('',#45,#4603);
#4603 = DEFINITIONAL_REPRESENTATION('',(#4604),#4608);
#4604 = CIRCLE('',#4605,1.);
#4605 = AXIS2_PLACEMENT_2D('',#4606,#4607);
#4606 = CARTESIAN_POINT('',(22.477763509261,18.629007421915));
#4607 = DIRECTION('',(0.,-1.));
#4608 = ( GEOMETRIC_REPRESENTATION_CONTEXT(2) 
PARAMETRIC_REPRESENTATION_CONTEXT() REPRESENTATION_CONTEXT('2D SPACE',''
  ) );
#4609 = PCURVE('',#4610,#4615);
#4610 = CYLINDRICAL_SURFACE('',#4611,1.);
#4611 = AXIS2_PLACEMENT_3D('',#4612,#4613,#4614);
#4612 = CARTESIAN_POINT('',(213.051985,-53.436795,1.51));
#4613 = DIRECTION('',(0.,0.,1.));
#4614 = DIRECTION('',(-0.,1.,0.));
#4615 = DEFINITIONAL_REPRESENTATION('',(#4616),#4620);
#4616 = LINE('',#4617,#4618);
#4617 = CARTESIAN_POINT('',(-3.14159265359,0.));
#4618 = VECTOR('',#4619,1.);
#4619 = DIRECTION('',(1.,0.));
#4620 = ( GEOMETRIC_REPRESENTATION_CONTEXT(2) 
PARAMETRIC_REPRESENTATION_CONTEXT() REPRESENTATION_CONTEXT('2D SPACE',''
  ) );
#4621 = ORIENTED_EDGE('',*,*,#4622,.T.);
#4622 = EDGE_CURVE('',#4594,#4623,#4625,.T.);
#4623 = VERTEX_POINT('',#4624);
#4624 = CARTESIAN_POINT('',(225.051985,-52.436795,1.51));
#4625 = SURFACE_CURVE('',#4626,(#4630,#4636),.PCURVE_S1.);
#4626 = LINE('',#4627,#4628);
#4627 = CARTESIAN_POINT('',(208.31310324536,-52.436795,1.51));
#4628 = VECTOR('',#4629,1.);
#4629 = DIRECTION('',(1.,0.,-0.));
#4630 = PCURVE('',#45,#4631);
#4631 = DEFINITIONAL_REPRESENTATION('',(#4632),#4635);
#4632 = B_SPLINE_CURVE_WITH_KNOTS('',1,(#4633,#4634),.UNSPECIFIED.,.F.,
  .F.,(2,2),(3.738881754631,17.738881754631),.PIECEWISE_BEZIER_KNOTS.);
#4633 = CARTESIAN_POINT('',(21.477763509261,19.629007421915));
#4634 = CARTESIAN_POINT('',(35.477763509261,19.629007421915));
#4635 = ( GEOMETRIC_REPRESENTATION_CONTEXT(2) 
PARAMETRIC_REPRESENTATION_CONTEXT() REPRESENTATION_CONTEXT('2D SPACE',''
  ) );
#4636 = PCURVE('',#4637,#4642);
#4637 = PLANE('',#4638);
#4638 = AXIS2_PLACEMENT_3D('',#4639,#4640,#4641);
#4639 = CARTESIAN_POINT('',(226.051985,-52.436795,0.51));
#4640 = DIRECTION('',(0.,-1.,0.));
#4641 = DIRECTION('',(-1.,0.,0.));
#4642 = DEFINITIONAL_REPRESENTATION('',(#4643),#4646);
#4643 = B_SPLINE_CURVE_WITH_KNOTS('',1,(#4644,#4645),.UNSPECIFIED.,.F.,
  .F.,(2,2),(3.738881754631,17.738881754631),.PIECEWISE_BEZIER_KNOTS.);
#4644 = CARTESIAN_POINT('',(14.,-1.));
#4645 = CARTESIAN_POINT('',(0.,-1.));
#4646 = ( GEOMETRIC_REPRESENTATION_CONTEXT(2) 
PARAMETRIC_REPRESENTATION_CONTEXT() REPRESENTATION_CONTEXT('2D SPACE',''
  ) );
#4647 = ORIENTED_EDGE('',*,*,#4648,.F.);
#4648 = EDGE_CURVE('',#4448,#4623,#4649,.T.);
#4649 = SURFACE_CURVE('',#4650,(#4655,#4662),.PCURVE_S1.);
#4650 = CIRCLE('',#4651,1.);
#4651 = AXIS2_PLACEMENT_3D('',#4652,#4653,#4654);
#4652 = CARTESIAN_POINT('',(225.051985,-53.436795,1.51));
#4653 = DIRECTION('',(0.,0.,1.));
#4654 = DIRECTION('',(0.,-1.,0.));
#4655 = PCURVE('',#45,#4656);
#4656 = DEFINITIONAL_REPRESENTATION('',(#4657),#4661);
#4657 = CIRCLE('',#4658,1.);
#4658 = AXIS2_PLACEMENT_2D('',#4659,#4660);
#4659 = CARTESIAN_POINT('',(34.477763509261,18.629007421915));
#4660 = DIRECTION('',(0.,-1.));
#4661 = ( GEOMETRIC_REPRESENTATION_CONTEXT(2) 
PARAMETRIC_REPRESENTATION_CONTEXT() REPRESENTATION_CONTEXT('2D SPACE',''
  ) );
#4662 = PCURVE('',#4663,#4668);
#4663 = CYLINDRICAL_SURFACE('',#4664,1.);
#4664 = AXIS2_PLACEMENT_3D('',#4665,#4666,#4667);
#4665 = CARTESIAN_POINT('',(225.051985,-53.436795,1.51));
#4666 = DIRECTION('',(0.,0.,1.));
#4667 = DIRECTION('',(1.,0.,-0.));
#4668 = DEFINITIONAL_REPRESENTATION('',(#4669),#4673);
#4669 = LINE('',#4670,#4671);
#4670 = CARTESIAN_POINT('',(-1.570796326795,0.));
#4671 = VECTOR('',#4672,1.);
#4672 = DIRECTION('',(1.,0.));
#4673 = ( GEOMETRIC_REPRESENTATION_CONTEXT(2) 
PARAMETRIC_REPRESENTATION_CONTEXT() REPRESENTATION_CONTEXT('2D SPACE',''
  ) );
#4674 = FACE_BOUND('',#4675,.F.);
#4675 = EDGE_LOOP('',(#4676,#4704,#4737,#4763,#4796,#4822,#4851,#4877));
#4676 = ORIENTED_EDGE('',*,*,#4677,.T.);
#4677 = EDGE_CURVE('',#4678,#4680,#4682,.T.);
#4678 = VERTEX_POINT('',#4679);
#4679 = CARTESIAN_POINT('',(248.823707,-56.399183,1.51));
#4680 = VERTEX_POINT('',#4681);
#4681 = CARTESIAN_POINT('',(248.823707,-68.399183,1.51));
#4682 = SURFACE_CURVE('',#4683,(#4687,#4693),.PCURVE_S1.);
#4683 = LINE('',#4684,#4685);
#4684 = CARTESIAN_POINT('',(248.823707,-70.73249271095,1.51));
#4685 = VECTOR('',#4686,1.);
#4686 = DIRECTION('',(0.,-1.,0.));
#4687 = PCURVE('',#45,#4688);
#4688 = DEFINITIONAL_REPRESENTATION('',(#4689),#4692);
#4689 = B_SPLINE_CURVE_WITH_KNOTS('',1,(#4690,#4691),.UNSPECIFIED.,.F.,
  .F.,(2,2),(-15.33330971095,-1.333309710958),.PIECEWISE_BEZIER_KNOTS.);
#4690 = CARTESIAN_POINT('',(58.249485509261,16.666619421915));
#4691 = CARTESIAN_POINT('',(58.249485509261,2.666619421915));
#4692 = ( GEOMETRIC_REPRESENTATION_CONTEXT(2) 
PARAMETRIC_REPRESENTATION_CONTEXT() REPRESENTATION_CONTEXT('2D SPACE',''
  ) );
#4693 = PCURVE('',#4694,#4699);
#4694 = PLANE('',#4695);
#4695 = AXIS2_PLACEMENT_3D('',#4696,#4697,#4698);
#4696 = CARTESIAN_POINT('',(248.823707,-69.399183,0.51));
#4697 = DIRECTION('',(-1.,0.,0.));
#4698 = DIRECTION('',(0.,1.,0.));
#4699 = DEFINITIONAL_REPRESENTATION('',(#4700),#4703);
#4700 = B_SPLINE_CURVE_WITH_KNOTS('',1,(#4701,#4702),.UNSPECIFIED.,.F.,
  .F.,(2,2),(-15.33330971095,-1.333309710958),.PIECEWISE_BEZIER_KNOTS.);
#4701 = CARTESIAN_POINT('',(14.,-1.));
#4702 = CARTESIAN_POINT('',(0.,-1.));
#4703 = ( GEOMETRIC_REPRESENTATION_CONTEXT(2) 
PARAMETRIC_REPRESENTATION_CONTEXT() REPRESENTATION_CONTEXT('2D SPACE',''
  ) );
#4704 = ORIENTED_EDGE('',*,*,#4705,.T.);
#4705 = EDGE_CURVE('',#4680,#4706,#4708,.T.);
#4706 = VERTEX_POINT('',#4707);
#4707 = CARTESIAN_POINT('',(247.823707,-69.399183,1.51));
#4708 = SURFACE_CURVE('',#4709,(#4714,#4725),.PCURVE_S1.);
#4709 = CIRCLE('',#4710,1.);
#4710 = AXIS2_PLACEMENT_3D('',#4711,#4712,#4713);
#4711 = CARTESIAN_POINT('',(247.823707,-68.399183,1.51));
#4712 = DIRECTION('',(-0.,-0.,-1.));
#4713 = DIRECTION('',(0.,-1.,0.));
#4714 = PCURVE('',#45,#4715);
#4715 = DEFINITIONAL_REPRESENTATION('',(#4716),#4724);
#4716 = ( BOUNDED_CURVE() B_SPLINE_CURVE(2,(#4717,#4718,#4719,#4720,
#4721,#4722,#4723),.UNSPECIFIED.,.T.,.F.) B_SPLINE_CURVE_WITH_KNOTS((1,2
    ,2,2,2,1),(-2.094395102393,0.,2.094395102393,4.188790204786,
6.28318530718,8.377580409573),.UNSPECIFIED.) CURVE() 
GEOMETRIC_REPRESENTATION_ITEM() RATIONAL_B_SPLINE_CURVE((1.,0.5,1.,0.5,
1.,0.5,1.)) REPRESENTATION_ITEM('') );
#4717 = CARTESIAN_POINT('',(57.249485509261,2.666619421915));
#4718 = CARTESIAN_POINT('',(55.517434701693,2.666619421915));
#4719 = CARTESIAN_POINT('',(56.383460105477,4.166619421915));
#4720 = CARTESIAN_POINT('',(57.249485509261,5.666619421915));
#4721 = CARTESIAN_POINT('',(58.115510913046,4.166619421915));
#4722 = CARTESIAN_POINT('',(58.98153631683,2.666619421915));
#4723 = CARTESIAN_POINT('',(57.249485509261,2.666619421915));
#4724 = ( GEOMETRIC_REPRESENTATION_CONTEXT(2) 
PARAMETRIC_REPRESENTATION_CONTEXT() REPRESENTATION_CONTEXT('2D SPACE',''
  ) );
#4725 = PCURVE('',#4726,#4731);
#4726 = CYLINDRICAL_SURFACE('',#4727,1.);
#4727 = AXIS2_PLACEMENT_3D('',#4728,#4729,#4730);
#4728 = CARTESIAN_POINT('',(247.823707,-68.399183,1.51));
#4729 = DIRECTION('',(0.,0.,1.));
#4730 = DIRECTION('',(1.,0.,-0.));
#4731 = DEFINITIONAL_REPRESENTATION('',(#4732),#4736);
#4732 = LINE('',#4733,#4734);
#4733 = CARTESIAN_POINT('',(4.712388980385,-0.));
#4734 = VECTOR('',#4735,1.);
#4735 = DIRECTION('',(-1.,0.));
#4736 = ( GEOMETRIC_REPRESENTATION_CONTEXT(2) 
PARAMETRIC_REPRESENTATION_CONTEXT() REPRESENTATION_CONTEXT('2D SPACE',''
  ) );
#4737 = ORIENTED_EDGE('',*,*,#4738,.T.);
#4738 = EDGE_CURVE('',#4706,#4739,#4741,.T.);
#4739 = VERTEX_POINT('',#4740);
#4740 = CARTESIAN_POINT('',(235.823707,-69.399183,1.51));
#4741 = SURFACE_CURVE('',#4742,(#4746,#4752),.PCURVE_S1.);
#4742 = LINE('',#4743,#4744);
#4743 = CARTESIAN_POINT('',(212.69896424536,-69.399183,1.51));
#4744 = VECTOR('',#4745,1.);
#4745 = DIRECTION('',(-1.,0.,0.));
#4746 = PCURVE('',#45,#4747);
#4747 = DEFINITIONAL_REPRESENTATION('',(#4748),#4751);
#4748 = B_SPLINE_CURVE_WITH_KNOTS('',1,(#4749,#4750),.UNSPECIFIED.,.F.,
  .F.,(2,2),(-36.12474275463,-22.12474275463),.PIECEWISE_BEZIER_KNOTS.);
#4749 = CARTESIAN_POINT('',(58.249485509261,2.666619421915));
#4750 = CARTESIAN_POINT('',(44.249485509261,2.666619421915));
#4751 = ( GEOMETRIC_REPRESENTATION_CONTEXT(2) 
PARAMETRIC_REPRESENTATION_CONTEXT() REPRESENTATION_CONTEXT('2D SPACE',''
  ) );
#4752 = PCURVE('',#4753,#4758);
#4753 = PLANE('',#4754);
#4754 = AXIS2_PLACEMENT_3D('',#4755,#4756,#4757);
#4755 = CARTESIAN_POINT('',(234.823707,-69.399183,0.51));
#4756 = DIRECTION('',(0.,1.,0.));
#4757 = DIRECTION('',(1.,0.,0.));
#4758 = DEFINITIONAL_REPRESENTATION('',(#4759),#4762);
#4759 = B_SPLINE_CURVE_WITH_KNOTS('',1,(#4760,#4761),.UNSPECIFIED.,.F.,
  .F.,(2,2),(-36.12474275463,-22.12474275463),.PIECEWISE_BEZIER_KNOTS.);
#4760 = CARTESIAN_POINT('',(14.,-1.));
#4761 = CARTESIAN_POINT('',(0.,-1.));
#4762 = ( GEOMETRIC_REPRESENTATION_CONTEXT(2) 
PARAMETRIC_REPRESENTATION_CONTEXT() REPRESENTATION_CONTEXT('2D SPACE',''
  ) );
#4763 = ORIENTED_EDGE('',*,*,#4764,.T.);
#4764 = EDGE_CURVE('',#4739,#4765,#4767,.T.);
#4765 = VERTEX_POINT('',#4766);
#4766 = CARTESIAN_POINT('',(234.823707,-68.399183,1.51));
#4767 = SURFACE_CURVE('',#4768,(#4773,#4784),.PCURVE_S1.);
#4768 = CIRCLE('',#4769,1.);
#4769 = AXIS2_PLACEMENT_3D('',#4770,#4771,#4772);
#4770 = CARTESIAN_POINT('',(235.823707,-68.399183,1.51));
#4771 = DIRECTION('',(-0.,-0.,-1.));
#4772 = DIRECTION('',(0.,-1.,0.));
#4773 = PCURVE('',#45,#4774);
#4774 = DEFINITIONAL_REPRESENTATION('',(#4775),#4783);
#4775 = ( BOUNDED_CURVE() B_SPLINE_CURVE(2,(#4776,#4777,#4778,#4779,
#4780,#4781,#4782),.UNSPECIFIED.,.T.,.F.) B_SPLINE_CURVE_WITH_KNOTS((1,2
    ,2,2,2,1),(-2.094395102393,0.,2.094395102393,4.188790204786,
6.28318530718,8.377580409573),.UNSPECIFIED.) CURVE() 
GEOMETRIC_REPRESENTATION_ITEM() RATIONAL_B_SPLINE_CURVE((1.,0.5,1.,0.5,
1.,0.5,1.)) REPRESENTATION_ITEM('') );
#4776 = CARTESIAN_POINT('',(45.249485509261,2.666619421915));
#4777 = CARTESIAN_POINT('',(43.517434701693,2.666619421915));
#4778 = CARTESIAN_POINT('',(44.383460105477,4.166619421915));
#4779 = CARTESIAN_POINT('',(45.249485509261,5.666619421915));
#4780 = CARTESIAN_POINT('',(46.115510913046,4.166619421915));
#4781 = CARTESIAN_POINT('',(46.98153631683,2.666619421915));
#4782 = CARTESIAN_POINT('',(45.249485509261,2.666619421915));
#4783 = ( GEOMETRIC_REPRESENTATION_CONTEXT(2) 
PARAMETRIC_REPRESENTATION_CONTEXT() REPRESENTATION_CONTEXT('2D SPACE',''
  ) );
#4784 = PCURVE('',#4785,#4790);
#4785 = CYLINDRICAL_SURFACE('',#4786,1.);
#4786 = AXIS2_PLACEMENT_3D('',#4787,#4788,#4789);
#4787 = CARTESIAN_POINT('',(235.823707,-68.399183,1.51));
#4788 = DIRECTION('',(0.,0.,1.));
#4789 = DIRECTION('',(0.,-1.,0.));
#4790 = DEFINITIONAL_REPRESENTATION('',(#4791),#4795);
#4791 = LINE('',#4792,#4793);
#4792 = CARTESIAN_POINT('',(-0.,0.));
#4793 = VECTOR('',#4794,1.);
#4794 = DIRECTION('',(-1.,0.));
#4795 = ( GEOMETRIC_REPRESENTATION_CONTEXT(2) 
PARAMETRIC_REPRESENTATION_CONTEXT() REPRESENTATION_CONTEXT('2D SPACE',''
  ) );
#4796 = ORIENTED_EDGE('',*,*,#4797,.T.);
#4797 = EDGE_CURVE('',#4765,#4798,#4800,.T.);
#4798 = VERTEX_POINT('',#4799);
#4799 = CARTESIAN_POINT('',(234.823707,-56.399183,1.51));
#4800 = SURFACE_CURVE('',#4801,(#4805,#4811),.PCURVE_S1.);
#4801 = LINE('',#4802,#4803);
#4802 = CARTESIAN_POINT('',(234.823707,-63.73249271095,1.51));
#4803 = VECTOR('',#4804,1.);
#4804 = DIRECTION('',(-0.,1.,0.));
#4805 = PCURVE('',#45,#4806);
#4806 = DEFINITIONAL_REPRESENTATION('',(#4807),#4810);
#4807 = B_SPLINE_CURVE_WITH_KNOTS('',1,(#4808,#4809),.UNSPECIFIED.,.F.,
  .F.,(2,2),(-5.666690289042,8.333309710958),.PIECEWISE_BEZIER_KNOTS.);
#4808 = CARTESIAN_POINT('',(44.249485509261,2.666619421915));
#4809 = CARTESIAN_POINT('',(44.249485509261,16.666619421915));
#4810 = ( GEOMETRIC_REPRESENTATION_CONTEXT(2) 
PARAMETRIC_REPRESENTATION_CONTEXT() REPRESENTATION_CONTEXT('2D SPACE',''
  ) );
#4811 = PCURVE('',#4812,#4817);
#4812 = PLANE('',#4813);
#4813 = AXIS2_PLACEMENT_3D('',#4814,#4815,#4816);
#4814 = CARTESIAN_POINT('',(234.823707,-55.399183,0.51));
#4815 = DIRECTION('',(1.,0.,-0.));
#4816 = DIRECTION('',(0.,-1.,0.));
#4817 = DEFINITIONAL_REPRESENTATION('',(#4818),#4821);
#4818 = B_SPLINE_CURVE_WITH_KNOTS('',1,(#4819,#4820),.UNSPECIFIED.,.F.,
  .F.,(2,2),(-5.666690289042,8.333309710958),.PIECEWISE_BEZIER_KNOTS.);
#4819 = CARTESIAN_POINT('',(14.,-1.));
#4820 = CARTESIAN_POINT('',(0.,-1.));
#4821 = ( GEOMETRIC_REPRESENTATION_CONTEXT(2) 
PARAMETRIC_REPRESENTATION_CONTEXT() REPRESENTATION_CONTEXT('2D SPACE',''
  ) );
#4822 = ORIENTED_EDGE('',*,*,#4823,.F.);
#4823 = EDGE_CURVE('',#4824,#4798,#4826,.T.);
#4824 = VERTEX_POINT('',#4825);
#4825 = CARTESIAN_POINT('',(235.823707,-55.399183,1.51));
#4826 = SURFACE_CURVE('',#4827,(#4832,#4839),.PCURVE_S1.);
#4827 = CIRCLE('',#4828,1.);
#4828 = AXIS2_PLACEMENT_3D('',#4829,#4830,#4831);
#4829 = CARTESIAN_POINT('',(235.823707,-56.399183,1.51));
#4830 = DIRECTION('',(0.,0.,1.));
#4831 = DIRECTION('',(0.,-1.,0.));
#4832 = PCURVE('',#45,#4833);
#4833 = DEFINITIONAL_REPRESENTATION('',(#4834),#4838);
#4834 = CIRCLE('',#4835,1.);
#4835 = AXIS2_PLACEMENT_2D('',#4836,#4837);
#4836 = CARTESIAN_POINT('',(45.249485509261,15.666619421915));
#4837 = DIRECTION('',(0.,-1.));
#4838 = ( GEOMETRIC_REPRESENTATION_CONTEXT(2) 
PARAMETRIC_REPRESENTATION_CONTEXT() REPRESENTATION_CONTEXT('2D SPACE',''
  ) );
#4839 = PCURVE('',#4840,#4845);
#4840 = CYLINDRICAL_SURFACE('',#4841,1.);
#4841 = AXIS2_PLACEMENT_3D('',#4842,#4843,#4844);
#4842 = CARTESIAN_POINT('',(235.823707,-56.399183,1.51));
#4843 = DIRECTION('',(0.,0.,1.));
#4844 = DIRECTION('',(-0.,1.,0.));
#4845 = DEFINITIONAL_REPRESENTATION('',(#4846),#4850);
#4846 = LINE('',#4847,#4848);
#4847 = CARTESIAN_POINT('',(-3.14159265359,0.));
#4848 = VECTOR('',#4849,1.);
#4849 = DIRECTION('',(1.,0.));
#4850 = ( GEOMETRIC_REPRESENTATION_CONTEXT(2) 
PARAMETRIC_REPRESENTATION_CONTEXT() REPRESENTATION_CONTEXT('2D SPACE',''
  ) );
#4851 = ORIENTED_EDGE('',*,*,#4852,.T.);
#4852 = EDGE_CURVE('',#4824,#4853,#4855,.T.);
#4853 = VERTEX_POINT('',#4854);
#4854 = CARTESIAN_POINT('',(247.823707,-55.399183,1.51));
#4855 = SURFACE_CURVE('',#4856,(#4860,#4866),.PCURVE_S1.);
#4856 = LINE('',#4857,#4858);
#4857 = CARTESIAN_POINT('',(219.69896424536,-55.399183,1.51));
#4858 = VECTOR('',#4859,1.);
#4859 = DIRECTION('',(1.,0.,-0.));
#4860 = PCURVE('',#45,#4861);
#4861 = DEFINITIONAL_REPRESENTATION('',(#4862),#4865);
#4862 = B_SPLINE_CURVE_WITH_KNOTS('',1,(#4863,#4864),.UNSPECIFIED.,.F.,
  .F.,(2,2),(15.124742754631,29.124742754631),.PIECEWISE_BEZIER_KNOTS.);
#4863 = CARTESIAN_POINT('',(44.249485509261,16.666619421915));
#4864 = CARTESIAN_POINT('',(58.249485509261,16.666619421915));
#4865 = ( GEOMETRIC_REPRESENTATION_CONTEXT(2) 
PARAMETRIC_REPRESENTATION_CONTEXT() REPRESENTATION_CONTEXT('2D SPACE',''
  ) );
#4866 = PCURVE('',#4867,#4872);
#4867 = PLANE('',#4868);
#4868 = AXIS2_PLACEMENT_3D('',#4869,#4870,#4871);
#4869 = CARTESIAN_POINT('',(248.823707,-55.399183,0.51));
#4870 = DIRECTION('',(0.,-1.,0.));
#4871 = DIRECTION('',(-1.,0.,0.));
#4872 = DEFINITIONAL_REPRESENTATION('',(#4873),#4876);
#4873 = B_SPLINE_CURVE_WITH_KNOTS('',1,(#4874,#4875),.UNSPECIFIED.,.F.,
  .F.,(2,2),(15.124742754631,29.124742754631),.PIECEWISE_BEZIER_KNOTS.);
#4874 = CARTESIAN_POINT('',(14.,-1.));
#4875 = CARTESIAN_POINT('',(0.,-1.));
#4876 = ( GEOMETRIC_REPRESENTATION_CONTEXT(2) 
PARAMETRIC_REPRESENTATION_CONTEXT() REPRESENTATION_CONTEXT('2D SPACE',''
  ) );
#4877 = ORIENTED_EDGE('',*,*,#4878,.F.);
#4878 = EDGE_CURVE('',#4678,#4853,#4879,.T.);
#4879 = SURFACE_CURVE('',#4880,(#4885,#4892),.PCURVE_S1.);
#4880 = CIRCLE('',#4881,1.);
#4881 = AXIS2_PLACEMENT_3D('',#4882,#4883,#4884);
#4882 = CARTESIAN_POINT('',(247.823707,-56.399183,1.51));
#4883 = DIRECTION('',(0.,0.,1.));
#4884 = DIRECTION('',(0.,-1.,0.));
#4885 = PCURVE('',#45,#4886);
#4886 = DEFINITIONAL_REPRESENTATION('',(#4887),#4891);
#4887 = CIRCLE('',#4888,1.);
#4888 = AXIS2_PLACEMENT_2D('',#4889,#4890);
#4889 = CARTESIAN_POINT('',(57.249485509261,15.666619421915));
#4890 = DIRECTION('',(0.,-1.));
#4891 = ( GEOMETRIC_REPRESENTATION_CONTEXT(2) 
PARAMETRIC_REPRESENTATION_CONTEXT() REPRESENTATION_CONTEXT('2D SPACE',''
  ) );
#4892 = PCURVE('',#4893,#4898);
#4893 = CYLINDRICAL_SURFACE('',#4894,1.);
#4894 = AXIS2_PLACEMENT_3D('',#4895,#4896,#4897);
#4895 = CARTESIAN_POINT('',(247.823707,-56.399183,1.51));
#4896 = DIRECTION('',(0.,0.,1.));
#4897 = DIRECTION('',(1.,0.,-0.));
#4898 = DEFINITIONAL_REPRESENTATION('',(#4899),#4903);
#4899 = LINE('',#4900,#4901);
#4900 = CARTESIAN_POINT('',(-1.570796326795,0.));
#4901 = VECTOR('',#4902,1.);
#4902 = DIRECTION('',(1.,0.));
#4903 = ( GEOMETRIC_REPRESENTATION_CONTEXT(2) 
PARAMETRIC_REPRESENTATION_CONTEXT() REPRESENTATION_CONTEXT('2D SPACE',''
  ) );
#4904 = FACE_BOUND('',#4905,.F.);
#4905 = EDGE_LOOP('',(#4906,#4934,#4967,#4993,#5026,#5052,#5081,#5107));
#4906 = ORIENTED_EDGE('',*,*,#4907,.T.);
#4907 = EDGE_CURVE('',#4908,#4910,#4912,.T.);
#4908 = VERTEX_POINT('',#4909);
#4909 = CARTESIAN_POINT('',(227.236032,-36.504143,1.51));
#4910 = VERTEX_POINT('',#4911);
#4911 = CARTESIAN_POINT('',(227.236032,-48.504143,1.51));
#4912 = SURFACE_CURVE('',#4913,(#4917,#4923),.PCURVE_S1.);
#4913 = LINE('',#4914,#4915);
#4914 = CARTESIAN_POINT('',(227.236032,-60.78497271095,1.51));
#4915 = VECTOR('',#4916,1.);
#4916 = DIRECTION('',(0.,-1.,0.));
#4917 = PCURVE('',#45,#4918);
#4918 = DEFINITIONAL_REPRESENTATION('',(#4919),#4922);
#4919 = B_SPLINE_CURVE_WITH_KNOTS('',1,(#4920,#4921),.UNSPECIFIED.,.F.,
  .F.,(2,2),(-25.28082971095,-11.28082971095),.PIECEWISE_BEZIER_KNOTS.);
#4920 = CARTESIAN_POINT('',(36.661810509261,36.561659421915));
#4921 = CARTESIAN_POINT('',(36.661810509261,22.561659421915));
#4922 = ( GEOMETRIC_REPRESENTATION_CONTEXT(2) 
PARAMETRIC_REPRESENTATION_CONTEXT() REPRESENTATION_CONTEXT('2D SPACE',''
  ) );
#4923 = PCURVE('',#4924,#4929);
#4924 = PLANE('',#4925);
#4925 = AXIS2_PLACEMENT_3D('',#4926,#4927,#4928);
#4926 = CARTESIAN_POINT('',(227.236032,-49.504143,0.51));
#4927 = DIRECTION('',(-1.,0.,0.));
#4928 = DIRECTION('',(0.,1.,0.));
#4929 = DEFINITIONAL_REPRESENTATION('',(#4930),#4933);
#4930 = B_SPLINE_CURVE_WITH_KNOTS('',1,(#4931,#4932),.UNSPECIFIED.,.F.,
  .F.,(2,2),(-25.28082971095,-11.28082971095),.PIECEWISE_BEZIER_KNOTS.);
#4931 = CARTESIAN_POINT('',(14.,-1.));
#4932 = CARTESIAN_POINT('',(0.,-1.));
#4933 = ( GEOMETRIC_REPRESENTATION_CONTEXT(2) 
PARAMETRIC_REPRESENTATION_CONTEXT() REPRESENTATION_CONTEXT('2D SPACE',''
  ) );
#4934 = ORIENTED_EDGE('',*,*,#4935,.T.);
#4935 = EDGE_CURVE('',#4910,#4936,#4938,.T.);
#4936 = VERTEX_POINT('',#4937);
#4937 = CARTESIAN_POINT('',(226.236032,-49.504143,1.51));
#4938 = SURFACE_CURVE('',#4939,(#4944,#4955),.PCURVE_S1.);
#4939 = CIRCLE('',#4940,1.);
#4940 = AXIS2_PLACEMENT_3D('',#4941,#4942,#4943);
#4941 = CARTESIAN_POINT('',(226.236032,-48.504143,1.51));
#4942 = DIRECTION('',(-0.,-0.,-1.));
#4943 = DIRECTION('',(0.,-1.,0.));
#4944 = PCURVE('',#45,#4945);
#4945 = DEFINITIONAL_REPRESENTATION('',(#4946),#4954);
#4946 = ( BOUNDED_CURVE() B_SPLINE_CURVE(2,(#4947,#4948,#4949,#4950,
#4951,#4952,#4953),.UNSPECIFIED.,.T.,.F.) B_SPLINE_CURVE_WITH_KNOTS((1,2
    ,2,2,2,1),(-2.094395102393,0.,2.094395102393,4.188790204786,
6.28318530718,8.377580409573),.UNSPECIFIED.) CURVE() 
GEOMETRIC_REPRESENTATION_ITEM() RATIONAL_B_SPLINE_CURVE((1.,0.5,1.,0.5,
1.,0.5,1.)) REPRESENTATION_ITEM('') );
#4947 = CARTESIAN_POINT('',(35.661810509261,22.561659421915));
#4948 = CARTESIAN_POINT('',(33.929759701693,22.561659421915));
#4949 = CARTESIAN_POINT('',(34.795785105477,24.061659421915));
#4950 = CARTESIAN_POINT('',(35.661810509261,25.561659421915));
#4951 = CARTESIAN_POINT('',(36.527835913046,24.061659421915));
#4952 = CARTESIAN_POINT('',(37.39386131683,22.561659421915));
#4953 = CARTESIAN_POINT('',(35.661810509261,22.561659421915));
#4954 = ( GEOMETRIC_REPRESENTATION_CONTEXT(2) 
PARAMETRIC_REPRESENTATION_CONTEXT() REPRESENTATION_CONTEXT('2D SPACE',''
  ) );
#4955 = PCURVE('',#4956,#4961);
#4956 = CYLINDRICAL_SURFACE('',#4957,1.);
#4957 = AXIS2_PLACEMENT_3D('',#4958,#4959,#4960);
#4958 = CARTESIAN_POINT('',(226.236032,-48.504143,1.51));
#4959 = DIRECTION('',(0.,0.,1.));
#4960 = DIRECTION('',(1.,0.,-0.));
#4961 = DEFINITIONAL_REPRESENTATION('',(#4962),#4966);
#4962 = LINE('',#4963,#4964);
#4963 = CARTESIAN_POINT('',(4.712388980385,-0.));
#4964 = VECTOR('',#4965,1.);
#4965 = DIRECTION('',(-1.,0.));
#4966 = ( GEOMETRIC_REPRESENTATION_CONTEXT(2) 
PARAMETRIC_REPRESENTATION_CONTEXT() REPRESENTATION_CONTEXT('2D SPACE',''
  ) );
#4967 = ORIENTED_EDGE('',*,*,#4968,.T.);
#4968 = EDGE_CURVE('',#4936,#4969,#4971,.T.);
#4969 = VERTEX_POINT('',#4970);
#4970 = CARTESIAN_POINT('',(214.236032,-49.504143,1.51));
#4971 = SURFACE_CURVE('',#4972,(#4976,#4982),.PCURVE_S1.);
#4972 = LINE('',#4973,#4974);
#4973 = CARTESIAN_POINT('',(201.90512674536,-49.504143,1.51));
#4974 = VECTOR('',#4975,1.);
#4975 = DIRECTION('',(-1.,0.,0.));
#4976 = PCURVE('',#45,#4977);
#4977 = DEFINITIONAL_REPRESENTATION('',(#4978),#4981);
#4978 = B_SPLINE_CURVE_WITH_KNOTS('',1,(#4979,#4980),.UNSPECIFIED.,.F.,
  .F.,(2,2),(-25.33090525463,-11.33090525463),.PIECEWISE_BEZIER_KNOTS.);
#4979 = CARTESIAN_POINT('',(36.661810509261,22.561659421915));
#4980 = CARTESIAN_POINT('',(22.661810509261,22.561659421915));
#4981 = ( GEOMETRIC_REPRESENTATION_CONTEXT(2) 
PARAMETRIC_REPRESENTATION_CONTEXT() REPRESENTATION_CONTEXT('2D SPACE',''
  ) );
#4982 = PCURVE('',#4983,#4988);
#4983 = PLANE('',#4984);
#4984 = AXIS2_PLACEMENT_3D('',#4985,#4986,#4987);
#4985 = CARTESIAN_POINT('',(213.236032,-49.504143,0.51));
#4986 = DIRECTION('',(0.,1.,0.));
#4987 = DIRECTION('',(1.,0.,0.));
#4988 = DEFINITIONAL_REPRESENTATION('',(#4989),#4992);
#4989 = B_SPLINE_CURVE_WITH_KNOTS('',1,(#4990,#4991),.UNSPECIFIED.,.F.,
  .F.,(2,2),(-25.33090525463,-11.33090525463),.PIECEWISE_BEZIER_KNOTS.);
#4990 = CARTESIAN_POINT('',(14.,-1.));
#4991 = CARTESIAN_POINT('',(0.,-1.));
#4992 = ( GEOMETRIC_REPRESENTATION_CONTEXT(2) 
PARAMETRIC_REPRESENTATION_CONTEXT() REPRESENTATION_CONTEXT('2D SPACE',''
  ) );
#4993 = ORIENTED_EDGE('',*,*,#4994,.T.);
#4994 = EDGE_CURVE('',#4969,#4995,#4997,.T.);
#4995 = VERTEX_POINT('',#4996);
#4996 = CARTESIAN_POINT('',(213.236032,-48.504143,1.51));
#4997 = SURFACE_CURVE('',#4998,(#5003,#5014),.PCURVE_S1.);
#4998 = CIRCLE('',#4999,1.);
#4999 = AXIS2_PLACEMENT_3D('',#5000,#5001,#5002);
#5000 = CARTESIAN_POINT('',(214.236032,-48.504143,1.51));
#5001 = DIRECTION('',(-0.,-0.,-1.));
#5002 = DIRECTION('',(0.,-1.,0.));
#5003 = PCURVE('',#45,#5004);
#5004 = DEFINITIONAL_REPRESENTATION('',(#5005),#5013);
#5005 = ( BOUNDED_CURVE() B_SPLINE_CURVE(2,(#5006,#5007,#5008,#5009,
#5010,#5011,#5012),.UNSPECIFIED.,.T.,.F.) B_SPLINE_CURVE_WITH_KNOTS((1,2
    ,2,2,2,1),(-2.094395102393,0.,2.094395102393,4.188790204786,
6.28318530718,8.377580409573),.UNSPECIFIED.) CURVE() 
GEOMETRIC_REPRESENTATION_ITEM() RATIONAL_B_SPLINE_CURVE((1.,0.5,1.,0.5,
1.,0.5,1.)) REPRESENTATION_ITEM('') );
#5006 = CARTESIAN_POINT('',(23.661810509261,22.561659421915));
#5007 = CARTESIAN_POINT('',(21.929759701693,22.561659421915));
#5008 = CARTESIAN_POINT('',(22.795785105477,24.061659421915));
#5009 = CARTESIAN_POINT('',(23.661810509261,25.561659421915));
#5010 = CARTESIAN_POINT('',(24.527835913046,24.061659421915));
#5011 = CARTESIAN_POINT('',(25.39386131683,22.561659421915));
#5012 = CARTESIAN_POINT('',(23.661810509261,22.561659421915));
#5013 = ( GEOMETRIC_REPRESENTATION_CONTEXT(2) 
PARAMETRIC_REPRESENTATION_CONTEXT() REPRESENTATION_CONTEXT('2D SPACE',''
  ) );
#5014 = PCURVE('',#5015,#5020);
#5015 = CYLINDRICAL_SURFACE('',#5016,1.);
#5016 = AXIS2_PLACEMENT_3D('',#5017,#5018,#5019);
#5017 = CARTESIAN_POINT('',(214.236032,-48.504143,1.51));
#5018 = DIRECTION('',(0.,0.,1.));
#5019 = DIRECTION('',(0.,-1.,0.));
#5020 = DEFINITIONAL_REPRESENTATION('',(#5021),#5025);
#5021 = LINE('',#5022,#5023);
#5022 = CARTESIAN_POINT('',(-0.,0.));
#5023 = VECTOR('',#5024,1.);
#5024 = DIRECTION('',(-1.,0.));
#5025 = ( GEOMETRIC_REPRESENTATION_CONTEXT(2) 
PARAMETRIC_REPRESENTATION_CONTEXT() REPRESENTATION_CONTEXT('2D SPACE',''
  ) );
#5026 = ORIENTED_EDGE('',*,*,#5027,.T.);
#5027 = EDGE_CURVE('',#4995,#5028,#5030,.T.);
#5028 = VERTEX_POINT('',#5029);
#5029 = CARTESIAN_POINT('',(213.236032,-36.504143,1.51));
#5030 = SURFACE_CURVE('',#5031,(#5035,#5041),.PCURVE_S1.);
#5031 = LINE('',#5032,#5033);
#5032 = CARTESIAN_POINT('',(213.236032,-53.78497271095,1.51));
#5033 = VECTOR('',#5034,1.);
#5034 = DIRECTION('',(-0.,1.,0.));
#5035 = PCURVE('',#45,#5036);
#5036 = DEFINITIONAL_REPRESENTATION('',(#5037),#5040);
#5037 = B_SPLINE_CURVE_WITH_KNOTS('',1,(#5038,#5039),.UNSPECIFIED.,.F.,
  .F.,(2,2),(4.280829710958,18.280829710958),.PIECEWISE_BEZIER_KNOTS.);
#5038 = CARTESIAN_POINT('',(22.661810509261,22.561659421915));
#5039 = CARTESIAN_POINT('',(22.661810509261,36.561659421915));
#5040 = ( GEOMETRIC_REPRESENTATION_CONTEXT(2) 
PARAMETRIC_REPRESENTATION_CONTEXT() REPRESENTATION_CONTEXT('2D SPACE',''
  ) );
#5041 = PCURVE('',#5042,#5047);
#5042 = PLANE('',#5043);
#5043 = AXIS2_PLACEMENT_3D('',#5044,#5045,#5046);
#5044 = CARTESIAN_POINT('',(213.236032,-35.504143,0.51));
#5045 = DIRECTION('',(1.,0.,-0.));
#5046 = DIRECTION('',(0.,-1.,0.));
#5047 = DEFINITIONAL_REPRESENTATION('',(#5048),#5051);
#5048 = B_SPLINE_CURVE_WITH_KNOTS('',1,(#5049,#5050),.UNSPECIFIED.,.F.,
  .F.,(2,2),(4.280829710958,18.280829710958),.PIECEWISE_BEZIER_KNOTS.);
#5049 = CARTESIAN_POINT('',(14.,-1.));
#5050 = CARTESIAN_POINT('',(0.,-1.));
#5051 = ( GEOMETRIC_REPRESENTATION_CONTEXT(2) 
PARAMETRIC_REPRESENTATION_CONTEXT() REPRESENTATION_CONTEXT('2D SPACE',''
  ) );
#5052 = ORIENTED_EDGE('',*,*,#5053,.F.);
#5053 = EDGE_CURVE('',#5054,#5028,#5056,.T.);
#5054 = VERTEX_POINT('',#5055);
#5055 = CARTESIAN_POINT('',(214.236032,-35.504143,1.51));
#5056 = SURFACE_CURVE('',#5057,(#5062,#5069),.PCURVE_S1.);
#5057 = CIRCLE('',#5058,1.);
#5058 = AXIS2_PLACEMENT_3D('',#5059,#5060,#5061);
#5059 = CARTESIAN_POINT('',(214.236032,-36.504143,1.51));
#5060 = DIRECTION('',(0.,0.,1.));
#5061 = DIRECTION('',(0.,-1.,0.));
#5062 = PCURVE('',#45,#5063);
#5063 = DEFINITIONAL_REPRESENTATION('',(#5064),#5068);
#5064 = CIRCLE('',#5065,1.);
#5065 = AXIS2_PLACEMENT_2D('',#5066,#5067);
#5066 = CARTESIAN_POINT('',(23.661810509261,35.561659421915));
#5067 = DIRECTION('',(0.,-1.));
#5068 = ( GEOMETRIC_REPRESENTATION_CONTEXT(2) 
PARAMETRIC_REPRESENTATION_CONTEXT() REPRESENTATION_CONTEXT('2D SPACE',''
  ) );
#5069 = PCURVE('',#5070,#5075);
#5070 = CYLINDRICAL_SURFACE('',#5071,1.);
#5071 = AXIS2_PLACEMENT_3D('',#5072,#5073,#5074);
#5072 = CARTESIAN_POINT('',(214.236032,-36.504143,1.51));
#5073 = DIRECTION('',(0.,0.,1.));
#5074 = DIRECTION('',(-0.,1.,0.));
#5075 = DEFINITIONAL_REPRESENTATION('',(#5076),#5080);
#5076 = LINE('',#5077,#5078);
#5077 = CARTESIAN_POINT('',(-3.14159265359,0.));
#5078 = VECTOR('',#5079,1.);
#5079 = DIRECTION('',(1.,0.));
#5080 = ( GEOMETRIC_REPRESENTATION_CONTEXT(2) 
PARAMETRIC_REPRESENTATION_CONTEXT() REPRESENTATION_CONTEXT('2D SPACE',''
  ) );
#5081 = ORIENTED_EDGE('',*,*,#5082,.T.);
#5082 = EDGE_CURVE('',#5054,#5083,#5085,.T.);
#5083 = VERTEX_POINT('',#5084);
#5084 = CARTESIAN_POINT('',(226.236032,-35.504143,1.51));
#5085 = SURFACE_CURVE('',#5086,(#5090,#5096),.PCURVE_S1.);
#5086 = LINE('',#5087,#5088);
#5087 = CARTESIAN_POINT('',(208.90512674536,-35.504143,1.51));
#5088 = VECTOR('',#5089,1.);
#5089 = DIRECTION('',(1.,0.,-0.));
#5090 = PCURVE('',#45,#5091);
#5091 = DEFINITIONAL_REPRESENTATION('',(#5092),#5095);
#5092 = B_SPLINE_CURVE_WITH_KNOTS('',1,(#5093,#5094),.UNSPECIFIED.,.F.,
  .F.,(2,2),(4.330905254631,18.330905254631),.PIECEWISE_BEZIER_KNOTS.);
#5093 = CARTESIAN_POINT('',(22.661810509261,36.561659421915));
#5094 = CARTESIAN_POINT('',(36.661810509261,36.561659421915));
#5095 = ( GEOMETRIC_REPRESENTATION_CONTEXT(2) 
PARAMETRIC_REPRESENTATION_CONTEXT() REPRESENTATION_CONTEXT('2D SPACE',''
  ) );
#5096 = PCURVE('',#5097,#5102);
#5097 = PLANE('',#5098);
#5098 = AXIS2_PLACEMENT_3D('',#5099,#5100,#5101);
#5099 = CARTESIAN_POINT('',(227.236032,-35.504143,0.51));
#5100 = DIRECTION('',(0.,-1.,0.));
#5101 = DIRECTION('',(-1.,0.,0.));
#5102 = DEFINITIONAL_REPRESENTATION('',(#5103),#5106);
#5103 = B_SPLINE_CURVE_WITH_KNOTS('',1,(#5104,#5105),.UNSPECIFIED.,.F.,
  .F.,(2,2),(4.330905254631,18.330905254631),.PIECEWISE_BEZIER_KNOTS.);
#5104 = CARTESIAN_POINT('',(14.,-1.));
#5105 = CARTESIAN_POINT('',(0.,-1.));
#5106 = ( GEOMETRIC_REPRESENTATION_CONTEXT(2) 
PARAMETRIC_REPRESENTATION_CONTEXT() REPRESENTATION_CONTEXT('2D SPACE',''
  ) );
#5107 = ORIENTED_EDGE('',*,*,#5108,.F.);
#5108 = EDGE_CURVE('',#4908,#5083,#5109,.T.);
#5109 = SURFACE_CURVE('',#5110,(#5115,#5122),.PCURVE_S1.);
#5110 = CIRCLE('',#5111,1.);
#5111 = AXIS2_PLACEMENT_3D('',#5112,#5113,#5114);
#5112 = CARTESIAN_POINT('',(226.236032,-36.504143,1.51));
#5113 = DIRECTION('',(0.,0.,1.));
#5114 = DIRECTION('',(0.,-1.,0.));
#5115 = PCURVE('',#45,#5116);
#5116 = DEFINITIONAL_REPRESENTATION('',(#5117),#5121);
#5117 = CIRCLE('',#5118,1.);
#5118 = AXIS2_PLACEMENT_2D('',#5119,#5120);
#5119 = CARTESIAN_POINT('',(35.661810509261,35.561659421915));
#5120 = DIRECTION('',(0.,-1.));
#5121 = ( GEOMETRIC_REPRESENTATION_CONTEXT(2) 
PARAMETRIC_REPRESENTATION_CONTEXT() REPRESENTATION_CONTEXT('2D SPACE',''
  ) );
#5122 = PCURVE('',#5123,#5128);
#5123 = CYLINDRICAL_SURFACE('',#5124,1.);
#5124 = AXIS2_PLACEMENT_3D('',#5125,#5126,#5127);
#5125 = CARTESIAN_POINT('',(226.236032,-36.504143,1.51));
#5126 = DIRECTION('',(0.,0.,1.));
#5127 = DIRECTION('',(1.,0.,-0.));
#5128 = DEFINITIONAL_REPRESENTATION('',(#5129),#5133);
#5129 = LINE('',#5130,#5131);
#5130 = CARTESIAN_POINT('',(-1.570796326795,0.));
#5131 = VECTOR('',#5132,1.);
#5132 = DIRECTION('',(1.,0.));
#5133 = ( GEOMETRIC_REPRESENTATION_CONTEXT(2) 
PARAMETRIC_REPRESENTATION_CONTEXT() REPRESENTATION_CONTEXT('2D SPACE',''
  ) );
#5134 = FACE_BOUND('',#5135,.F.);
#5135 = EDGE_LOOP('',(#5136,#5164,#5197,#5223,#5256,#5282,#5311,#5337));
#5136 = ORIENTED_EDGE('',*,*,#5137,.T.);
#5137 = EDGE_CURVE('',#5138,#5140,#5142,.T.);
#5138 = VERTEX_POINT('',#5139);
#5139 = CARTESIAN_POINT('',(206.48,-30.224,1.51));
#5140 = VERTEX_POINT('',#5141);
#5141 = CARTESIAN_POINT('',(206.48,-42.224,1.51));
#5142 = SURFACE_CURVE('',#5143,(#5147,#5153),.PCURVE_S1.);
#5143 = LINE('',#5144,#5145);
#5144 = CARTESIAN_POINT('',(206.48,-57.64490121095,1.51));
#5145 = VECTOR('',#5146,1.);
#5146 = DIRECTION('',(0.,-1.,0.));
#5147 = PCURVE('',#45,#5148);
#5148 = DEFINITIONAL_REPRESENTATION('',(#5149),#5152);
#5149 = B_SPLINE_CURVE_WITH_KNOTS('',1,(#5150,#5151),.UNSPECIFIED.,.F.,
  .F.,(2,2),(-28.42090121095,-14.42090121095),.PIECEWISE_BEZIER_KNOTS.);
#5150 = CARTESIAN_POINT('',(15.905778509261,42.841802421915));
#5151 = CARTESIAN_POINT('',(15.905778509261,28.841802421915));
#5152 = ( GEOMETRIC_REPRESENTATION_CONTEXT(2) 
PARAMETRIC_REPRESENTATION_CONTEXT() REPRESENTATION_CONTEXT('2D SPACE',''
  ) );
#5153 = PCURVE('',#5154,#5159);
#5154 = PLANE('',#5155);
#5155 = AXIS2_PLACEMENT_3D('',#5156,#5157,#5158);
#5156 = CARTESIAN_POINT('',(206.48,-43.224,0.51));
#5157 = DIRECTION('',(-1.,0.,0.));
#5158 = DIRECTION('',(0.,1.,0.));
#5159 = DEFINITIONAL_REPRESENTATION('',(#5160),#5163);
#5160 = B_SPLINE_CURVE_WITH_KNOTS('',1,(#5161,#5162),.UNSPECIFIED.,.F.,
  .F.,(2,2),(-28.42090121095,-14.42090121095),.PIECEWISE_BEZIER_KNOTS.);
#5161 = CARTESIAN_POINT('',(14.,-1.));
#5162 = CARTESIAN_POINT('',(0.,-1.));
#5163 = ( GEOMETRIC_REPRESENTATION_CONTEXT(2) 
PARAMETRIC_REPRESENTATION_CONTEXT() REPRESENTATION_CONTEXT('2D SPACE',''
  ) );
#5164 = ORIENTED_EDGE('',*,*,#5165,.T.);
#5165 = EDGE_CURVE('',#5140,#5166,#5168,.T.);
#5166 = VERTEX_POINT('',#5167);
#5167 = CARTESIAN_POINT('',(205.48,-43.224,1.51));
#5168 = SURFACE_CURVE('',#5169,(#5174,#5185),.PCURVE_S1.);
#5169 = CIRCLE('',#5170,1.);
#5170 = AXIS2_PLACEMENT_3D('',#5171,#5172,#5173);
#5171 = CARTESIAN_POINT('',(205.48,-42.224,1.51));
#5172 = DIRECTION('',(-0.,-0.,-1.));
#5173 = DIRECTION('',(0.,-1.,0.));
#5174 = PCURVE('',#45,#5175);
#5175 = DEFINITIONAL_REPRESENTATION('',(#5176),#5184);
#5176 = ( BOUNDED_CURVE() B_SPLINE_CURVE(2,(#5177,#5178,#5179,#5180,
#5181,#5182,#5183),.UNSPECIFIED.,.T.,.F.) B_SPLINE_CURVE_WITH_KNOTS((1,2
    ,2,2,2,1),(-2.094395102393,0.,2.094395102393,4.188790204786,
6.28318530718,8.377580409573),.UNSPECIFIED.) CURVE() 
GEOMETRIC_REPRESENTATION_ITEM() RATIONAL_B_SPLINE_CURVE((1.,0.5,1.,0.5,
1.,0.5,1.)) REPRESENTATION_ITEM('') );
#5177 = CARTESIAN_POINT('',(14.905778509261,28.841802421915));
#5178 = CARTESIAN_POINT('',(13.173727701693,28.841802421915));
#5179 = CARTESIAN_POINT('',(14.039753105477,30.341802421915));
#5180 = CARTESIAN_POINT('',(14.905778509261,31.841802421915));
#5181 = CARTESIAN_POINT('',(15.771803913046,30.341802421915));
#5182 = CARTESIAN_POINT('',(16.63782931683,28.841802421915));
#5183 = CARTESIAN_POINT('',(14.905778509261,28.841802421915));
#5184 = ( GEOMETRIC_REPRESENTATION_CONTEXT(2) 
PARAMETRIC_REPRESENTATION_CONTEXT() REPRESENTATION_CONTEXT('2D SPACE',''
  ) );
#5185 = PCURVE('',#5186,#5191);
#5186 = CYLINDRICAL_SURFACE('',#5187,1.);
#5187 = AXIS2_PLACEMENT_3D('',#5188,#5189,#5190);
#5188 = CARTESIAN_POINT('',(205.48,-42.224,1.51));
#5189 = DIRECTION('',(0.,0.,1.));
#5190 = DIRECTION('',(1.,0.,-0.));
#5191 = DEFINITIONAL_REPRESENTATION('',(#5192),#5196);
#5192 = LINE('',#5193,#5194);
#5193 = CARTESIAN_POINT('',(4.712388980385,-0.));
#5194 = VECTOR('',#5195,1.);
#5195 = DIRECTION('',(-1.,0.));
#5196 = ( GEOMETRIC_REPRESENTATION_CONTEXT(2) 
PARAMETRIC_REPRESENTATION_CONTEXT() REPRESENTATION_CONTEXT('2D SPACE',''
  ) );
#5197 = ORIENTED_EDGE('',*,*,#5198,.T.);
#5198 = EDGE_CURVE('',#5166,#5199,#5201,.T.);
#5199 = VERTEX_POINT('',#5200);
#5200 = CARTESIAN_POINT('',(193.48,-43.224,1.51));
#5201 = SURFACE_CURVE('',#5202,(#5206,#5212),.PCURVE_S1.);
#5202 = LINE('',#5203,#5204);
#5203 = CARTESIAN_POINT('',(191.52711074536,-43.224,1.51));
#5204 = VECTOR('',#5205,1.);
#5205 = DIRECTION('',(-1.,0.,0.));
#5206 = PCURVE('',#45,#5207);
#5207 = DEFINITIONAL_REPRESENTATION('',(#5208),#5211);
#5208 = B_SPLINE_CURVE_WITH_KNOTS('',1,(#5209,#5210),.UNSPECIFIED.,.F.,
  .F.,(2,2),(-14.95288925463,-0.952889254631),.PIECEWISE_BEZIER_KNOTS.);
#5209 = CARTESIAN_POINT('',(15.905778509261,28.841802421915));
#5210 = CARTESIAN_POINT('',(1.905778509261,28.841802421915));
#5211 = ( GEOMETRIC_REPRESENTATION_CONTEXT(2) 
PARAMETRIC_REPRESENTATION_CONTEXT() REPRESENTATION_CONTEXT('2D SPACE',''
  ) );
#5212 = PCURVE('',#5213,#5218);
#5213 = PLANE('',#5214);
#5214 = AXIS2_PLACEMENT_3D('',#5215,#5216,#5217);
#5215 = CARTESIAN_POINT('',(192.48,-43.224,0.51));
#5216 = DIRECTION('',(0.,1.,0.));
#5217 = DIRECTION('',(1.,0.,0.));
#5218 = DEFINITIONAL_REPRESENTATION('',(#5219),#5222);
#5219 = B_SPLINE_CURVE_WITH_KNOTS('',1,(#5220,#5221),.UNSPECIFIED.,.F.,
  .F.,(2,2),(-14.95288925463,-0.952889254631),.PIECEWISE_BEZIER_KNOTS.);
#5220 = CARTESIAN_POINT('',(14.,-1.));
#5221 = CARTESIAN_POINT('',(0.,-1.));
#5222 = ( GEOMETRIC_REPRESENTATION_CONTEXT(2) 
PARAMETRIC_REPRESENTATION_CONTEXT() REPRESENTATION_CONTEXT('2D SPACE',''
  ) );
#5223 = ORIENTED_EDGE('',*,*,#5224,.T.);
#5224 = EDGE_CURVE('',#5199,#5225,#5227,.T.);
#5225 = VERTEX_POINT('',#5226);
#5226 = CARTESIAN_POINT('',(192.48,-42.224,1.51));
#5227 = SURFACE_CURVE('',#5228,(#5233,#5244),.PCURVE_S1.);
#5228 = CIRCLE('',#5229,1.);
#5229 = AXIS2_PLACEMENT_3D('',#5230,#5231,#5232);
#5230 = CARTESIAN_POINT('',(193.48,-42.224,1.51));
#5231 = DIRECTION('',(-0.,-0.,-1.));
#5232 = DIRECTION('',(0.,-1.,0.));
#5233 = PCURVE('',#45,#5234);
#5234 = DEFINITIONAL_REPRESENTATION('',(#5235),#5243);
#5235 = ( BOUNDED_CURVE() B_SPLINE_CURVE(2,(#5236,#5237,#5238,#5239,
#5240,#5241,#5242),.UNSPECIFIED.,.T.,.F.) B_SPLINE_CURVE_WITH_KNOTS((1,2
    ,2,2,2,1),(-2.094395102393,0.,2.094395102393,4.188790204786,
6.28318530718,8.377580409573),.UNSPECIFIED.) CURVE() 
GEOMETRIC_REPRESENTATION_ITEM() RATIONAL_B_SPLINE_CURVE((1.,0.5,1.,0.5,
1.,0.5,1.)) REPRESENTATION_ITEM('') );
#5236 = CARTESIAN_POINT('',(2.905778509261,28.841802421915));
#5237 = CARTESIAN_POINT('',(1.173727701693,28.841802421915));
#5238 = CARTESIAN_POINT('',(2.039753105477,30.341802421915));
#5239 = CARTESIAN_POINT('',(2.905778509261,31.841802421915));
#5240 = CARTESIAN_POINT('',(3.771803913046,30.341802421915));
#5241 = CARTESIAN_POINT('',(4.63782931683,28.841802421915));
#5242 = CARTESIAN_POINT('',(2.905778509261,28.841802421915));
#5243 = ( GEOMETRIC_REPRESENTATION_CONTEXT(2) 
PARAMETRIC_REPRESENTATION_CONTEXT() REPRESENTATION_CONTEXT('2D SPACE',''
  ) );
#5244 = PCURVE('',#5245,#5250);
#5245 = CYLINDRICAL_SURFACE('',#5246,1.);
#5246 = AXIS2_PLACEMENT_3D('',#5247,#5248,#5249);
#5247 = CARTESIAN_POINT('',(193.48,-42.224,1.51));
#5248 = DIRECTION('',(0.,0.,1.));
#5249 = DIRECTION('',(0.,-1.,0.));
#5250 = DEFINITIONAL_REPRESENTATION('',(#5251),#5255);
#5251 = LINE('',#5252,#5253);
#5252 = CARTESIAN_POINT('',(-0.,0.));
#5253 = VECTOR('',#5254,1.);
#5254 = DIRECTION('',(-1.,0.));
#5255 = ( GEOMETRIC_REPRESENTATION_CONTEXT(2) 
PARAMETRIC_REPRESENTATION_CONTEXT() REPRESENTATION_CONTEXT('2D SPACE',''
  ) );
#5256 = ORIENTED_EDGE('',*,*,#5257,.T.);
#5257 = EDGE_CURVE('',#5225,#5258,#5260,.T.);
#5258 = VERTEX_POINT('',#5259);
#5259 = CARTESIAN_POINT('',(192.48,-30.224,1.51));
#5260 = SURFACE_CURVE('',#5261,(#5265,#5271),.PCURVE_S1.);
#5261 = LINE('',#5262,#5263);
#5262 = CARTESIAN_POINT('',(192.48,-50.64490121095,1.51));
#5263 = VECTOR('',#5264,1.);
#5264 = DIRECTION('',(-0.,1.,0.));
#5265 = PCURVE('',#45,#5266);
#5266 = DEFINITIONAL_REPRESENTATION('',(#5267),#5270);
#5267 = B_SPLINE_CURVE_WITH_KNOTS('',1,(#5268,#5269),.UNSPECIFIED.,.F.,
  .F.,(2,2),(7.420901210958,21.420901210958),.PIECEWISE_BEZIER_KNOTS.);
#5268 = CARTESIAN_POINT('',(1.905778509261,28.841802421915));
#5269 = CARTESIAN_POINT('',(1.905778509261,42.841802421915));
#5270 = ( GEOMETRIC_REPRESENTATION_CONTEXT(2) 
PARAMETRIC_REPRESENTATION_CONTEXT() REPRESENTATION_CONTEXT('2D SPACE',''
  ) );
#5271 = PCURVE('',#5272,#5277);
#5272 = PLANE('',#5273);
#5273 = AXIS2_PLACEMENT_3D('',#5274,#5275,#5276);
#5274 = CARTESIAN_POINT('',(192.48,-29.224,0.51));
#5275 = DIRECTION('',(1.,0.,-0.));
#5276 = DIRECTION('',(0.,-1.,0.));
#5277 = DEFINITIONAL_REPRESENTATION('',(#5278),#5281);
#5278 = B_SPLINE_CURVE_WITH_KNOTS('',1,(#5279,#5280),.UNSPECIFIED.,.F.,
  .F.,(2,2),(7.420901210958,21.420901210958),.PIECEWISE_BEZIER_KNOTS.);
#5279 = CARTESIAN_POINT('',(14.,-1.));
#5280 = CARTESIAN_POINT('',(0.,-1.));
#5281 = ( GEOMETRIC_REPRESENTATION_CONTEXT(2) 
PARAMETRIC_REPRESENTATION_CONTEXT() REPRESENTATION_CONTEXT('2D SPACE',''
  ) );
#5282 = ORIENTED_EDGE('',*,*,#5283,.F.);
#5283 = EDGE_CURVE('',#5284,#5258,#5286,.T.);
#5284 = VERTEX_POINT('',#5285);
#5285 = CARTESIAN_POINT('',(193.48,-29.224,1.51));
#5286 = SURFACE_CURVE('',#5287,(#5292,#5299),.PCURVE_S1.);
#5287 = CIRCLE('',#5288,1.);
#5288 = AXIS2_PLACEMENT_3D('',#5289,#5290,#5291);
#5289 = CARTESIAN_POINT('',(193.48,-30.224,1.51));
#5290 = DIRECTION('',(0.,0.,1.));
#5291 = DIRECTION('',(0.,-1.,0.));
#5292 = PCURVE('',#45,#5293);
#5293 = DEFINITIONAL_REPRESENTATION('',(#5294),#5298);
#5294 = CIRCLE('',#5295,1.);
#5295 = AXIS2_PLACEMENT_2D('',#5296,#5297);
#5296 = CARTESIAN_POINT('',(2.905778509261,41.841802421915));
#5297 = DIRECTION('',(0.,-1.));
#5298 = ( GEOMETRIC_REPRESENTATION_CONTEXT(2) 
PARAMETRIC_REPRESENTATION_CONTEXT() REPRESENTATION_CONTEXT('2D SPACE',''
  ) );
#5299 = PCURVE('',#5300,#5305);
#5300 = CYLINDRICAL_SURFACE('',#5301,1.);
#5301 = AXIS2_PLACEMENT_3D('',#5302,#5303,#5304);
#5302 = CARTESIAN_POINT('',(193.48,-30.224,1.51));
#5303 = DIRECTION('',(0.,0.,1.));
#5304 = DIRECTION('',(-0.,1.,0.));
#5305 = DEFINITIONAL_REPRESENTATION('',(#5306),#5310);
#5306 = LINE('',#5307,#5308);
#5307 = CARTESIAN_POINT('',(-3.14159265359,0.));
#5308 = VECTOR('',#5309,1.);
#5309 = DIRECTION('',(1.,0.));
#5310 = ( GEOMETRIC_REPRESENTATION_CONTEXT(2) 
PARAMETRIC_REPRESENTATION_CONTEXT() REPRESENTATION_CONTEXT('2D SPACE',''
  ) );
#5311 = ORIENTED_EDGE('',*,*,#5312,.T.);
#5312 = EDGE_CURVE('',#5284,#5313,#5315,.T.);
#5313 = VERTEX_POINT('',#5314);
#5314 = CARTESIAN_POINT('',(205.48,-29.224,1.51));
#5315 = SURFACE_CURVE('',#5316,(#5320,#5326),.PCURVE_S1.);
#5316 = LINE('',#5317,#5318);
#5317 = CARTESIAN_POINT('',(198.52711074536,-29.224,1.51));
#5318 = VECTOR('',#5319,1.);
#5319 = DIRECTION('',(1.,0.,-0.));
#5320 = PCURVE('',#45,#5321);
#5321 = DEFINITIONAL_REPRESENTATION('',(#5322),#5325);
#5322 = B_SPLINE_CURVE_WITH_KNOTS('',1,(#5323,#5324),.UNSPECIFIED.,.F.,
  .F.,(2,2),(-6.047110745369,7.952889254631),.PIECEWISE_BEZIER_KNOTS.);
#5323 = CARTESIAN_POINT('',(1.905778509261,42.841802421915));
#5324 = CARTESIAN_POINT('',(15.905778509261,42.841802421915));
#5325 = ( GEOMETRIC_REPRESENTATION_CONTEXT(2) 
PARAMETRIC_REPRESENTATION_CONTEXT() REPRESENTATION_CONTEXT('2D SPACE',''
  ) );
#5326 = PCURVE('',#5327,#5332);
#5327 = PLANE('',#5328);
#5328 = AXIS2_PLACEMENT_3D('',#5329,#5330,#5331);
#5329 = CARTESIAN_POINT('',(206.48,-29.224,0.51));
#5330 = DIRECTION('',(0.,-1.,0.));
#5331 = DIRECTION('',(-1.,0.,0.));
#5332 = DEFINITIONAL_REPRESENTATION('',(#5333),#5336);
#5333 = B_SPLINE_CURVE_WITH_KNOTS('',1,(#5334,#5335),.UNSPECIFIED.,.F.,
  .F.,(2,2),(-6.047110745369,7.952889254631),.PIECEWISE_BEZIER_KNOTS.);
#5334 = CARTESIAN_POINT('',(14.,-1.));
#5335 = CARTESIAN_POINT('',(0.,-1.));
#5336 = ( GEOMETRIC_REPRESENTATION_CONTEXT(2) 
PARAMETRIC_REPRESENTATION_CONTEXT() REPRESENTATION_CONTEXT('2D SPACE',''
  ) );
#5337 = ORIENTED_EDGE('',*,*,#5338,.F.);
#5338 = EDGE_CURVE('',#5138,#5313,#5339,.T.);
#5339 = SURFACE_CURVE('',#5340,(#5345,#5352),.PCURVE_S1.);
#5340 = CIRCLE('',#5341,1.);
#5341 = AXIS2_PLACEMENT_3D('',#5342,#5343,#5344);
#5342 = CARTESIAN_POINT('',(205.48,-30.224,1.51));
#5343 = DIRECTION('',(0.,0.,1.));
#5344 = DIRECTION('',(0.,-1.,0.));
#5345 = PCURVE('',#45,#5346);
#5346 = DEFINITIONAL_REPRESENTATION('',(#5347),#5351);
#5347 = CIRCLE('',#5348,1.);
#5348 = AXIS2_PLACEMENT_2D('',#5349,#5350);
#5349 = CARTESIAN_POINT('',(14.905778509261,41.841802421915));
#5350 = DIRECTION('',(0.,-1.));
#5351 = ( GEOMETRIC_REPRESENTATION_CONTEXT(2) 
PARAMETRIC_REPRESENTATION_CONTEXT() REPRESENTATION_CONTEXT('2D SPACE',''
  ) );
#5352 = PCURVE('',#5353,#5358);
#5353 = CYLINDRICAL_SURFACE('',#5354,1.);
#5354 = AXIS2_PLACEMENT_3D('',#5355,#5356,#5357);
#5355 = CARTESIAN_POINT('',(205.48,-30.224,1.51));
#5356 = DIRECTION('',(0.,0.,1.));
#5357 = DIRECTION('',(1.,0.,-0.));
#5358 = DEFINITIONAL_REPRESENTATION('',(#5359),#5363);
#5359 = LINE('',#5360,#5361);
#5360 = CARTESIAN_POINT('',(-1.570796326795,0.));
#5361 = VECTOR('',#5362,1.);
#5362 = DIRECTION('',(1.,0.));
#5363 = ( GEOMETRIC_REPRESENTATION_CONTEXT(2) 
PARAMETRIC_REPRESENTATION_CONTEXT() REPRESENTATION_CONTEXT('2D SPACE',''
  ) );
#5364 = ADVANCED_FACE('',(#5365),#136,.F.);
#5365 = FACE_BOUND('',#5366,.F.);
#5366 = EDGE_LOOP('',(#5367,#5368,#5391,#5413));
#5367 = ORIENTED_EDGE('',*,*,#1402,.T.);
#5368 = ORIENTED_EDGE('',*,*,#5369,.T.);
#5369 = EDGE_CURVE('',#1375,#5370,#5372,.T.);
#5370 = VERTEX_POINT('',#5371);
#5371 = CARTESIAN_POINT('',(134.69032,-48.7492674766,3.01));
#5372 = SURFACE_CURVE('',#5373,(#5377,#5384),.PCURVE_S1.);
#5373 = LINE('',#5374,#5375);
#5374 = CARTESIAN_POINT('',(134.69032,-48.7492674766,1.51));
#5375 = VECTOR('',#5376,1.);
#5376 = DIRECTION('',(0.,-0.,1.));
#5377 = PCURVE('',#136,#5378);
#5378 = DEFINITIONAL_REPRESENTATION('',(#5379),#5383);
#5379 = LINE('',#5380,#5381);
#5380 = CARTESIAN_POINT('',(0.266510003125,0.));
#5381 = VECTOR('',#5382,1.);
#5382 = DIRECTION('',(0.,1.));
#5383 = ( GEOMETRIC_REPRESENTATION_CONTEXT(2) 
PARAMETRIC_REPRESENTATION_CONTEXT() REPRESENTATION_CONTEXT('2D SPACE',''
  ) );
#5384 = PCURVE('',#1390,#5385);
#5385 = DEFINITIONAL_REPRESENTATION('',(#5386),#5390);
#5386 = LINE('',#5387,#5388);
#5387 = CARTESIAN_POINT('',(0.157637929744,0.));
#5388 = VECTOR('',#5389,1.);
#5389 = DIRECTION('',(0.,-1.));
#5390 = ( GEOMETRIC_REPRESENTATION_CONTEXT(2) 
PARAMETRIC_REPRESENTATION_CONTEXT() REPRESENTATION_CONTEXT('2D SPACE',''
  ) );
#5391 = ORIENTED_EDGE('',*,*,#5392,.F.);
#5392 = EDGE_CURVE('',#90,#5370,#5393,.T.);
#5393 = SURFACE_CURVE('',#5394,(#5399,#5406),.PCURVE_S1.);
#5394 = CIRCLE('',#5395,1.);
#5395 = AXIS2_PLACEMENT_3D('',#5396,#5397,#5398);
#5396 = CARTESIAN_POINT('',(133.69032,-48.7492674766,3.01));
#5397 = DIRECTION('',(0.,-0.,1.));
#5398 = DIRECTION('',(0.,-1.,-0.));
#5399 = PCURVE('',#136,#5400);
#5400 = DEFINITIONAL_REPRESENTATION('',(#5401),#5405);
#5401 = LINE('',#5402,#5403);
#5402 = CARTESIAN_POINT('',(-1.30428632367,1.5));
#5403 = VECTOR('',#5404,1.);
#5404 = DIRECTION('',(1.,0.));
#5405 = ( GEOMETRIC_REPRESENTATION_CONTEXT(2) 
PARAMETRIC_REPRESENTATION_CONTEXT() REPRESENTATION_CONTEXT('2D SPACE',''
  ) );
#5406 = PCURVE('',#106,#5407);
#5407 = DEFINITIONAL_REPRESENTATION('',(#5408),#5412);
#5408 = CIRCLE('',#5409,1.);
#5409 = AXIS2_PLACEMENT_2D('',#5410,#5411);
#5410 = CARTESIAN_POINT('',(-56.88390149073,23.316534945309));
#5411 = DIRECTION('',(0.,-1.));
#5412 = ( GEOMETRIC_REPRESENTATION_CONTEXT(2) 
PARAMETRIC_REPRESENTATION_CONTEXT() REPRESENTATION_CONTEXT('2D SPACE',''
  ) );
#5413 = ORIENTED_EDGE('',*,*,#122,.F.);
#5414 = ADVANCED_FACE('',(#5415),#77,.T.);
#5415 = FACE_BOUND('',#5416,.T.);
#5416 = EDGE_LOOP('',(#5417,#5440,#5466,#5467));
#5417 = ORIENTED_EDGE('',*,*,#5418,.T.);
#5418 = EDGE_CURVE('',#153,#5419,#5421,.T.);
#5419 = VERTEX_POINT('',#5420);
#5420 = CARTESIAN_POINT('',(134.61200039789,-49.35073601374,3.01));
#5421 = SURFACE_CURVE('',#5422,(#5426,#5433),.PCURVE_S1.);
#5422 = LINE('',#5423,#5424);
#5423 = CARTESIAN_POINT('',(134.61200039789,-49.35073601374,1.51));
#5424 = VECTOR('',#5425,1.);
#5425 = DIRECTION('',(0.,0.,1.));
#5426 = PCURVE('',#77,#5427);
#5427 = DEFINITIONAL_REPRESENTATION('',(#5428),#5432);
#5428 = LINE('',#5429,#5430);
#5429 = CARTESIAN_POINT('',(1.570796326794,0.));
#5430 = VECTOR('',#5431,1.);
#5431 = DIRECTION('',(0.,-1.));
#5432 = ( GEOMETRIC_REPRESENTATION_CONTEXT(2) 
PARAMETRIC_REPRESENTATION_CONTEXT() REPRESENTATION_CONTEXT('2D SPACE',''
  ) );
#5433 = PCURVE('',#196,#5434);
#5434 = DEFINITIONAL_REPRESENTATION('',(#5435),#5439);
#5435 = LINE('',#5436,#5437);
#5436 = CARTESIAN_POINT('',(1.374527972509,0.));
#5437 = VECTOR('',#5438,1.);
#5438 = DIRECTION('',(0.,-1.));
#5439 = ( GEOMETRIC_REPRESENTATION_CONTEXT(2) 
PARAMETRIC_REPRESENTATION_CONTEXT() REPRESENTATION_CONTEXT('2D SPACE',''
  ) );
#5440 = ORIENTED_EDGE('',*,*,#5441,.T.);
#5441 = EDGE_CURVE('',#5419,#62,#5442,.T.);
#5442 = SURFACE_CURVE('',#5443,(#5448,#5455),.PCURVE_S1.);
#5443 = CIRCLE('',#5444,1.);
#5444 = AXIS2_PLACEMENT_3D('',#5445,#5446,#5447);
#5445 = CARTESIAN_POINT('',(135.61200039789,-49.35073601374,3.01));
#5446 = DIRECTION('',(-0.,-0.,-1.));
#5447 = DIRECTION('',(0.,-1.,0.));
#5448 = PCURVE('',#77,#5449);
#5449 = DEFINITIONAL_REPRESENTATION('',(#5450),#5454);
#5450 = LINE('',#5451,#5452);
#5451 = CARTESIAN_POINT('',(0.,-1.5));
#5452 = VECTOR('',#5453,1.);
#5453 = DIRECTION('',(1.,0.));
#5454 = ( GEOMETRIC_REPRESENTATION_CONTEXT(2) 
PARAMETRIC_REPRESENTATION_CONTEXT() REPRESENTATION_CONTEXT('2D SPACE',''
  ) );
#5455 = PCURVE('',#106,#5456);
#5456 = DEFINITIONAL_REPRESENTATION('',(#5457),#5465);
#5457 = ( BOUNDED_CURVE() B_SPLINE_CURVE(2,(#5458,#5459,#5460,#5461,
#5462,#5463,#5464),.UNSPECIFIED.,.T.,.F.) B_SPLINE_CURVE_WITH_KNOTS((1,2
    ,2,2,2,1),(-2.094395102393,0.,2.094395102393,4.188790204786,
6.28318530718,8.377580409573),.UNSPECIFIED.) CURVE() 
GEOMETRIC_REPRESENTATION_ITEM() RATIONAL_B_SPLINE_CURVE((1.,0.5,1.,0.5,
1.,0.5,1.)) REPRESENTATION_ITEM('') );
#5458 = CARTESIAN_POINT('',(-54.96222109284,21.715066408175));
#5459 = CARTESIAN_POINT('',(-56.69427190041,21.715066408175));
#5460 = CARTESIAN_POINT('',(-55.82824649663,23.215066408175));
#5461 = CARTESIAN_POINT('',(-54.96222109284,24.715066408175));
#5462 = CARTESIAN_POINT('',(-54.09619568906,23.215066408175));
#5463 = CARTESIAN_POINT('',(-53.23017028528,21.715066408175));
#5464 = CARTESIAN_POINT('',(-54.96222109284,21.715066408175));
#5465 = ( GEOMETRIC_REPRESENTATION_CONTEXT(2) 
PARAMETRIC_REPRESENTATION_CONTEXT() REPRESENTATION_CONTEXT('2D SPACE',''
  ) );
#5466 = ORIENTED_EDGE('',*,*,#61,.F.);
#5467 = ORIENTED_EDGE('',*,*,#152,.F.);
#5468 = ADVANCED_FACE('',(#5469,#6498,#6688,#6878,#7068,#7258,#7448,
    #7638,#7828,#8018,#8208,#8398,#8588,#8778,#8968,#9158,#9348,#9538),
  #106,.T.);
#5469 = FACE_BOUND('',#5470,.T.);
#5470 = EDGE_LOOP('',(#5471,#5472,#5473,#5496,#5524,#5552,#5580,#5603,
    #5631,#5659,#5687,#5710,#5738,#5766,#5794,#5817,#5845,#5873,#5896,
    #5924,#5947,#5975,#5999,#6022,#6050,#6078,#6106,#6129,#6157,#6180,
    #6208,#6231,#6259,#6282,#6310,#6333,#6425,#6448,#6476,#6497));
#5471 = ORIENTED_EDGE('',*,*,#89,.F.);
#5472 = ORIENTED_EDGE('',*,*,#5441,.F.);
#5473 = ORIENTED_EDGE('',*,*,#5474,.F.);
#5474 = EDGE_CURVE('',#5475,#5419,#5477,.T.);
#5475 = VERTEX_POINT('',#5476);
#5476 = CARTESIAN_POINT('',(134.61200039789,-50.72526398625,3.01));
#5477 = SURFACE_CURVE('',#5478,(#5482,#5489),.PCURVE_S1.);
#5478 = LINE('',#5479,#5480);
#5479 = CARTESIAN_POINT('',(134.61200039789,-60.04953289001,3.01));
#5480 = VECTOR('',#5481,1.);
#5481 = DIRECTION('',(0.,1.,0.));
#5482 = PCURVE('',#106,#5483);
#5483 = DEFINITIONAL_REPRESENTATION('',(#5484),#5488);
#5484 = LINE('',#5485,#5486);
#5485 = CARTESIAN_POINT('',(-55.96222109284,12.016269531905));
#5486 = VECTOR('',#5487,1.);
#5487 = DIRECTION('',(0.,1.));
#5488 = ( GEOMETRIC_REPRESENTATION_CONTEXT(2) 
PARAMETRIC_REPRESENTATION_CONTEXT() REPRESENTATION_CONTEXT('2D SPACE',''
  ) );
#5489 = PCURVE('',#196,#5490);
#5490 = DEFINITIONAL_REPRESENTATION('',(#5491),#5495);
#5491 = LINE('',#5492,#5493);
#5492 = CARTESIAN_POINT('',(-9.32426890376,-1.5));
#5493 = VECTOR('',#5494,1.);
#5494 = DIRECTION('',(1.,0.));
#5495 = ( GEOMETRIC_REPRESENTATION_CONTEXT(2) 
PARAMETRIC_REPRESENTATION_CONTEXT() REPRESENTATION_CONTEXT('2D SPACE',''
  ) );
#5496 = ORIENTED_EDGE('',*,*,#5497,.F.);
#5497 = EDGE_CURVE('',#5498,#5475,#5500,.T.);
#5498 = VERTEX_POINT('',#5499);
#5499 = CARTESIAN_POINT('',(134.62183941849,-50.86519695198,3.01));
#5500 = SURFACE_CURVE('',#5501,(#5506,#5517),.PCURVE_S1.);
#5501 = CIRCLE('',#5502,1.);
#5502 = AXIS2_PLACEMENT_3D('',#5503,#5504,#5505);
#5503 = CARTESIAN_POINT('',(135.61200039789,-50.72526398625,3.01));
#5504 = DIRECTION('',(-0.,0.,-1.));
#5505 = DIRECTION('',(0.250944055,-0.968001591559,-0.));
#5506 = PCURVE('',#106,#5507);
#5507 = DEFINITIONAL_REPRESENTATION('',(#5508),#5516);
#5508 = ( BOUNDED_CURVE() B_SPLINE_CURVE(2,(#5509,#5510,#5511,#5512,
#5513,#5514,#5515),.UNSPECIFIED.,.T.,.F.) B_SPLINE_CURVE_WITH_KNOTS((1,2
    ,2,2,2,1),(-2.094395102393,0.,2.094395102393,4.188790204786,
6.28318530718,8.377580409573),.UNSPECIFIED.) CURVE() 
GEOMETRIC_REPRESENTATION_ITEM() RATIONAL_B_SPLINE_CURVE((1.,0.5,1.,0.5,
1.,0.5,1.)) REPRESENTATION_ITEM('') );
#5509 = CARTESIAN_POINT('',(-54.71127703784,20.372536844107));
#5510 = CARTESIAN_POINT('',(-56.38790497623,19.93788899099));
#5511 = CARTESIAN_POINT('',(-55.92600708954,21.607215304886));
#5512 = CARTESIAN_POINT('',(-55.46410920284,23.276541618783));
#5513 = CARTESIAN_POINT('',(-54.24937915115,22.041863158003));
#5514 = CARTESIAN_POINT('',(-53.03464909946,20.807184697223));
#5515 = CARTESIAN_POINT('',(-54.71127703784,20.372536844107));
#5516 = ( GEOMETRIC_REPRESENTATION_CONTEXT(2) 
PARAMETRIC_REPRESENTATION_CONTEXT() REPRESENTATION_CONTEXT('2D SPACE',''
  ) );
#5517 = PCURVE('',#229,#5518);
#5518 = DEFINITIONAL_REPRESENTATION('',(#5519),#5523);
#5519 = LINE('',#5520,#5521);
#5520 = CARTESIAN_POINT('',(0.,-1.5));
#5521 = VECTOR('',#5522,1.);
#5522 = DIRECTION('',(1.,0.));
#5523 = ( GEOMETRIC_REPRESENTATION_CONTEXT(2) 
PARAMETRIC_REPRESENTATION_CONTEXT() REPRESENTATION_CONTEXT('2D SPACE',''
  ) );
#5524 = ORIENTED_EDGE('',*,*,#5525,.F.);
#5525 = EDGE_CURVE('',#5526,#5498,#5528,.T.);
#5526 = VERTEX_POINT('',#5527);
#5527 = CARTESIAN_POINT('',(134.65501591695,-51.06336626171,3.01));
#5528 = SURFACE_CURVE('',#5529,(#5534,#5545),.PCURVE_S1.);
#5529 = CIRCLE('',#5530,1.);
#5530 = AXIS2_PLACEMENT_3D('',#5531,#5532,#5533);
#5531 = CARTESIAN_POINT('',(135.61971183391,-50.8,3.01));
#5532 = DIRECTION('',(0.,0.,-1.));
#5533 = DIRECTION('',(1.,0.,0.));
#5534 = PCURVE('',#106,#5535);
#5535 = DEFINITIONAL_REPRESENTATION('',(#5536),#5544);
#5536 = ( BOUNDED_CURVE() B_SPLINE_CURVE(2,(#5537,#5538,#5539,#5540,
#5541,#5542,#5543),.UNSPECIFIED.,.T.,.F.) B_SPLINE_CURVE_WITH_KNOTS((1,2
    ,2,2,2,1),(-2.094395102393,0.,2.094395102393,4.188790204786,
6.28318530718,8.377580409573),.UNSPECIFIED.) CURVE() 
GEOMETRIC_REPRESENTATION_ITEM() RATIONAL_B_SPLINE_CURVE((1.,0.5,1.,0.5,
1.,0.5,1.)) REPRESENTATION_ITEM('') );
#5537 = CARTESIAN_POINT('',(-53.95450965682,21.265802421915));
#5538 = CARTESIAN_POINT('',(-53.95450965682,19.533751614347));
#5539 = CARTESIAN_POINT('',(-55.45450965682,20.399777018131));
#5540 = CARTESIAN_POINT('',(-56.95450965682,21.265802421915));
#5541 = CARTESIAN_POINT('',(-55.45450965682,22.1318278257));
#5542 = CARTESIAN_POINT('',(-53.95450965682,22.997853229484));
#5543 = CARTESIAN_POINT('',(-53.95450965682,21.265802421915));
#5544 = ( GEOMETRIC_REPRESENTATION_CONTEXT(2) 
PARAMETRIC_REPRESENTATION_CONTEXT() REPRESENTATION_CONTEXT('2D SPACE',''
  ) );
#5545 = PCURVE('',#262,#5546);
#5546 = DEFINITIONAL_REPRESENTATION('',(#5547),#5551);
#5547 = LINE('',#5548,#5549);
#5548 = CARTESIAN_POINT('',(0.,-1.5));
#5549 = VECTOR('',#5550,1.);
#5550 = DIRECTION('',(1.,0.));
#5551 = ( GEOMETRIC_REPRESENTATION_CONTEXT(2) 
PARAMETRIC_REPRESENTATION_CONTEXT() REPRESENTATION_CONTEXT('2D SPACE',''
  ) );
#5552 = ORIENTED_EDGE('',*,*,#5553,.T.);
#5553 = EDGE_CURVE('',#5526,#5554,#5556,.T.);
#5554 = VERTEX_POINT('',#5555);
#5555 = CARTESIAN_POINT('',(134.69032,-51.32673252343,3.01));
#5556 = SURFACE_CURVE('',#5557,(#5562,#5573),.PCURVE_S1.);
#5557 = CIRCLE('',#5558,1.);
#5558 = AXIS2_PLACEMENT_3D('',#5559,#5560,#5561);
#5559 = CARTESIAN_POINT('',(133.69032,-51.32673252343,3.01));
#5560 = DIRECTION('',(0.,0.,-1.));
#5561 = DIRECTION('',(0.,-1.,0.));
#5562 = PCURVE('',#106,#5563);
#5563 = DEFINITIONAL_REPRESENTATION('',(#5564),#5572);
#5564 = ( BOUNDED_CURVE() B_SPLINE_CURVE(2,(#5565,#5566,#5567,#5568,
#5569,#5570,#5571),.UNSPECIFIED.,.T.,.F.) B_SPLINE_CURVE_WITH_KNOTS((1,2
    ,2,2,2,1),(-2.094395102393,0.,2.094395102393,4.188790204786,
6.28318530718,8.377580409573),.UNSPECIFIED.) CURVE() 
GEOMETRIC_REPRESENTATION_ITEM() RATIONAL_B_SPLINE_CURVE((1.,0.5,1.,0.5,
1.,0.5,1.)) REPRESENTATION_ITEM('') );
#5565 = CARTESIAN_POINT('',(-56.88390149073,19.739069898483));
#5566 = CARTESIAN_POINT('',(-58.6159522983,19.739069898483));
#5567 = CARTESIAN_POINT('',(-57.74992689452,21.239069898483));
#5568 = CARTESIAN_POINT('',(-56.88390149073,22.739069898483));
#5569 = CARTESIAN_POINT('',(-56.01787608695,21.239069898483));
#5570 = CARTESIAN_POINT('',(-55.15185068317,19.739069898483));
#5571 = CARTESIAN_POINT('',(-56.88390149073,19.739069898483));
#5572 = ( GEOMETRIC_REPRESENTATION_CONTEXT(2) 
PARAMETRIC_REPRESENTATION_CONTEXT() REPRESENTATION_CONTEXT('2D SPACE',''
  ) );
#5573 = PCURVE('',#295,#5574);
#5574 = DEFINITIONAL_REPRESENTATION('',(#5575),#5579);
#5575 = LINE('',#5576,#5577);
#5576 = CARTESIAN_POINT('',(4.44587897724,1.5));
#5577 = VECTOR('',#5578,1.);
#5578 = DIRECTION('',(-1.,0.));
#5579 = ( GEOMETRIC_REPRESENTATION_CONTEXT(2) 
PARAMETRIC_REPRESENTATION_CONTEXT() REPRESENTATION_CONTEXT('2D SPACE',''
  ) );
#5580 = ORIENTED_EDGE('',*,*,#5581,.F.);
#5581 = EDGE_CURVE('',#5582,#5554,#5584,.T.);
#5582 = VERTEX_POINT('',#5583);
#5583 = CARTESIAN_POINT('',(134.69032,-80.2452674766,3.01));
#5584 = SURFACE_CURVE('',#5585,(#5589,#5596),.PCURVE_S1.);
#5585 = LINE('',#5586,#5587);
#5586 = CARTESIAN_POINT('',(134.69032,-80.772,3.01));
#5587 = VECTOR('',#5588,1.);
#5588 = DIRECTION('',(0.,1.,0.));
#5589 = PCURVE('',#106,#5590);
#5590 = DEFINITIONAL_REPRESENTATION('',(#5591),#5595);
#5591 = LINE('',#5592,#5593);
#5592 = CARTESIAN_POINT('',(-55.88390149073,-8.706197578085));
#5593 = VECTOR('',#5594,1.);
#5594 = DIRECTION('',(0.,1.));
#5595 = ( GEOMETRIC_REPRESENTATION_CONTEXT(2) 
PARAMETRIC_REPRESENTATION_CONTEXT() REPRESENTATION_CONTEXT('2D SPACE',''
  ) );
#5596 = PCURVE('',#323,#5597);
#5597 = DEFINITIONAL_REPRESENTATION('',(#5598),#5602);
#5598 = LINE('',#5599,#5600);
#5599 = CARTESIAN_POINT('',(-0.36909459365,-1.5));
#5600 = VECTOR('',#5601,1.);
#5601 = DIRECTION('',(1.,0.));
#5602 = ( GEOMETRIC_REPRESENTATION_CONTEXT(2) 
PARAMETRIC_REPRESENTATION_CONTEXT() REPRESENTATION_CONTEXT('2D SPACE',''
  ) );
#5603 = ORIENTED_EDGE('',*,*,#5604,.T.);
#5604 = EDGE_CURVE('',#5582,#5605,#5607,.T.);
#5605 = VERTEX_POINT('',#5606);
#5606 = CARTESIAN_POINT('',(134.65501591696,-80.5086337383,3.01));
#5607 = SURFACE_CURVE('',#5608,(#5613,#5624),.PCURVE_S1.);
#5608 = CIRCLE('',#5609,1.);
#5609 = AXIS2_PLACEMENT_3D('',#5610,#5611,#5612);
#5610 = CARTESIAN_POINT('',(133.69032,-80.2452674766,3.01));
#5611 = DIRECTION('',(-0.,0.,-1.));
#5612 = DIRECTION('',(0.,-1.,-0.));
#5613 = PCURVE('',#106,#5614);
#5614 = DEFINITIONAL_REPRESENTATION('',(#5615),#5623);
#5615 = ( BOUNDED_CURVE() B_SPLINE_CURVE(2,(#5616,#5617,#5618,#5619,
#5620,#5621,#5622),.UNSPECIFIED.,.T.,.F.) B_SPLINE_CURVE_WITH_KNOTS((1,2
    ,2,2,2,1),(-2.094395102393,0.,2.094395102393,4.188790204786,
6.28318530718,8.377580409573),.UNSPECIFIED.) CURVE() 
GEOMETRIC_REPRESENTATION_ITEM() RATIONAL_B_SPLINE_CURVE((1.,0.5,1.,0.5,
1.,0.5,1.)) REPRESENTATION_ITEM('') );
#5616 = CARTESIAN_POINT('',(-56.88390149073,-9.179465054691));
#5617 = CARTESIAN_POINT('',(-58.6159522983,-9.179465054691));
#5618 = CARTESIAN_POINT('',(-57.74992689452,-7.679465054691));
#5619 = CARTESIAN_POINT('',(-56.88390149073,-6.179465054691));
#5620 = CARTESIAN_POINT('',(-56.01787608695,-7.679465054691));
#5621 = CARTESIAN_POINT('',(-55.15185068317,-9.179465054691));
#5622 = CARTESIAN_POINT('',(-56.88390149073,-9.179465054691));
#5623 = ( GEOMETRIC_REPRESENTATION_CONTEXT(2) 
PARAMETRIC_REPRESENTATION_CONTEXT() REPRESENTATION_CONTEXT('2D SPACE',''
  ) );
#5624 = PCURVE('',#356,#5625);
#5625 = DEFINITIONAL_REPRESENTATION('',(#5626),#5630);
#5626 = LINE('',#5627,#5628);
#5627 = CARTESIAN_POINT('',(4.712388980385,1.5));
#5628 = VECTOR('',#5629,1.);
#5629 = DIRECTION('',(-1.,0.));
#5630 = ( GEOMETRIC_REPRESENTATION_CONTEXT(2) 
PARAMETRIC_REPRESENTATION_CONTEXT() REPRESENTATION_CONTEXT('2D SPACE',''
  ) );
#5631 = ORIENTED_EDGE('',*,*,#5632,.F.);
#5632 = EDGE_CURVE('',#5633,#5605,#5635,.T.);
#5633 = VERTEX_POINT('',#5634);
#5634 = CARTESIAN_POINT('',(134.62183941848,-80.70680304816,3.01));
#5635 = SURFACE_CURVE('',#5636,(#5641,#5652),.PCURVE_S1.);
#5636 = CIRCLE('',#5637,1.);
#5637 = AXIS2_PLACEMENT_3D('',#5638,#5639,#5640);
#5638 = CARTESIAN_POINT('',(135.61971183392,-80.77199999999,3.01));
#5639 = DIRECTION('',(-0.,0.,-1.));
#5640 = DIRECTION('',(4.800000000206E-02,-0.998847335682,-0.));
#5641 = PCURVE('',#106,#5642);
#5642 = DEFINITIONAL_REPRESENTATION('',(#5643),#5651);
#5643 = ( BOUNDED_CURVE() B_SPLINE_CURVE(2,(#5644,#5645,#5646,#5647,
#5648,#5649,#5650),.UNSPECIFIED.,.T.,.F.) B_SPLINE_CURVE_WITH_KNOTS((1,2
    ,2,2,2,1),(-2.094395102393,0.,2.094395102393,4.188790204786,
6.28318530718,8.377580409573),.UNSPECIFIED.) CURVE() 
GEOMETRIC_REPRESENTATION_ITEM() RATIONAL_B_SPLINE_CURVE((1.,0.5,1.,0.5,
1.,0.5,1.)) REPRESENTATION_ITEM('') );
#5644 = CARTESIAN_POINT('',(-54.90650965681,-9.705044913766));
#5645 = CARTESIAN_POINT('',(-56.63656399122,-9.788183352533));
#5646 = CARTESIAN_POINT('',(-55.84353682402,-8.248343129626));
#5647 = CARTESIAN_POINT('',(-55.05050965682,-6.708502906719));
#5648 = CARTESIAN_POINT('',(-54.11348248961,-8.165204690859));
#5649 = CARTESIAN_POINT('',(-53.1764553224,-9.621906475));
#5650 = CARTESIAN_POINT('',(-54.90650965681,-9.705044913766));
#5651 = ( GEOMETRIC_REPRESENTATION_CONTEXT(2) 
PARAMETRIC_REPRESENTATION_CONTEXT() REPRESENTATION_CONTEXT('2D SPACE',''
  ) );
#5652 = PCURVE('',#389,#5653);
#5653 = DEFINITIONAL_REPRESENTATION('',(#5654),#5658);
#5654 = LINE('',#5655,#5656);
#5655 = CARTESIAN_POINT('',(0.,-1.5));
#5656 = VECTOR('',#5657,1.);
#5657 = DIRECTION('',(1.,0.));
#5658 = ( GEOMETRIC_REPRESENTATION_CONTEXT(2) 
PARAMETRIC_REPRESENTATION_CONTEXT() REPRESENTATION_CONTEXT('2D SPACE',''
  ) );
#5659 = ORIENTED_EDGE('',*,*,#5660,.F.);
#5660 = EDGE_CURVE('',#5661,#5633,#5663,.T.);
#5661 = VERTEX_POINT('',#5662);
#5662 = CARTESIAN_POINT('',(134.61200039789,-80.84673601374,3.01));
#5663 = SURFACE_CURVE('',#5664,(#5669,#5680),.PCURVE_S1.);
#5664 = CIRCLE('',#5665,1.);
#5665 = AXIS2_PLACEMENT_3D('',#5666,#5667,#5668);
#5666 = CARTESIAN_POINT('',(135.61200039789,-80.84673601374,3.01));
#5667 = DIRECTION('',(-0.,-0.,-1.));
#5668 = DIRECTION('',(0.,-1.,0.));
#5669 = PCURVE('',#106,#5670);
#5670 = DEFINITIONAL_REPRESENTATION('',(#5671),#5679);
#5671 = ( BOUNDED_CURVE() B_SPLINE_CURVE(2,(#5672,#5673,#5674,#5675,
#5676,#5677,#5678),.UNSPECIFIED.,.T.,.F.) B_SPLINE_CURVE_WITH_KNOTS((1,2
    ,2,2,2,1),(-2.094395102393,0.,2.094395102393,4.188790204786,
6.28318530718,8.377580409573),.UNSPECIFIED.) CURVE() 
GEOMETRIC_REPRESENTATION_ITEM() RATIONAL_B_SPLINE_CURVE((1.,0.5,1.,0.5,
1.,0.5,1.)) REPRESENTATION_ITEM('') );
#5672 = CARTESIAN_POINT('',(-54.96222109284,-9.780933591825));
#5673 = CARTESIAN_POINT('',(-56.69427190041,-9.780933591825));
#5674 = CARTESIAN_POINT('',(-55.82824649663,-8.280933591825));
#5675 = CARTESIAN_POINT('',(-54.96222109284,-6.780933591825));
#5676 = CARTESIAN_POINT('',(-54.09619568906,-8.280933591825));
#5677 = CARTESIAN_POINT('',(-53.23017028528,-9.780933591825));
#5678 = CARTESIAN_POINT('',(-54.96222109284,-9.780933591825));
#5679 = ( GEOMETRIC_REPRESENTATION_CONTEXT(2) 
PARAMETRIC_REPRESENTATION_CONTEXT() REPRESENTATION_CONTEXT('2D SPACE',''
  ) );
#5680 = PCURVE('',#422,#5681);
#5681 = DEFINITIONAL_REPRESENTATION('',(#5682),#5686);
#5682 = LINE('',#5683,#5684);
#5683 = CARTESIAN_POINT('',(0.,-1.5));
#5684 = VECTOR('',#5685,1.);
#5685 = DIRECTION('',(1.,0.));
#5686 = ( GEOMETRIC_REPRESENTATION_CONTEXT(2) 
PARAMETRIC_REPRESENTATION_CONTEXT() REPRESENTATION_CONTEXT('2D SPACE',''
  ) );
#5687 = ORIENTED_EDGE('',*,*,#5688,.F.);
#5688 = EDGE_CURVE('',#5689,#5661,#5691,.T.);
#5689 = VERTEX_POINT('',#5690);
#5690 = CARTESIAN_POINT('',(134.61200039789,-82.22126398625,3.01));
#5691 = SURFACE_CURVE('',#5692,(#5696,#5703),.PCURVE_S1.);
#5692 = LINE('',#5693,#5694);
#5693 = CARTESIAN_POINT('',(134.61200039789,-60.04953289001,3.01));
#5694 = VECTOR('',#5695,1.);
#5695 = DIRECTION('',(0.,1.,0.));
#5696 = PCURVE('',#106,#5697);
#5697 = DEFINITIONAL_REPRESENTATION('',(#5698),#5702);
#5698 = LINE('',#5699,#5700);
#5699 = CARTESIAN_POINT('',(-55.96222109284,12.016269531905));
#5700 = VECTOR('',#5701,1.);
#5701 = DIRECTION('',(0.,1.));
#5702 = ( GEOMETRIC_REPRESENTATION_CONTEXT(2) 
PARAMETRIC_REPRESENTATION_CONTEXT() REPRESENTATION_CONTEXT('2D SPACE',''
  ) );
#5703 = PCURVE('',#450,#5704);
#5704 = DEFINITIONAL_REPRESENTATION('',(#5705),#5709);
#5705 = LINE('',#5706,#5707);
#5706 = CARTESIAN_POINT('',(22.17173109624,-1.5));
#5707 = VECTOR('',#5708,1.);
#5708 = DIRECTION('',(1.,0.));
#5709 = ( GEOMETRIC_REPRESENTATION_CONTEXT(2) 
PARAMETRIC_REPRESENTATION_CONTEXT() REPRESENTATION_CONTEXT('2D SPACE',''
  ) );
#5710 = ORIENTED_EDGE('',*,*,#5711,.F.);
#5711 = EDGE_CURVE('',#5712,#5689,#5714,.T.);
#5712 = VERTEX_POINT('',#5713);
#5713 = CARTESIAN_POINT('',(134.6218394185,-82.36119695198,3.01));
#5714 = SURFACE_CURVE('',#5715,(#5720,#5731),.PCURVE_S1.);
#5715 = CIRCLE('',#5716,1.);
#5716 = AXIS2_PLACEMENT_3D('',#5717,#5718,#5719);
#5717 = CARTESIAN_POINT('',(135.61200039789,-82.22126398625,3.01));
#5718 = DIRECTION('',(-0.,0.,-1.));
#5719 = DIRECTION('',(0.250944055,-0.968001591559,-0.));
#5720 = PCURVE('',#106,#5721);
#5721 = DEFINITIONAL_REPRESENTATION('',(#5722),#5730);
#5722 = ( BOUNDED_CURVE() B_SPLINE_CURVE(2,(#5723,#5724,#5725,#5726,
#5727,#5728,#5729),.UNSPECIFIED.,.T.,.F.) B_SPLINE_CURVE_WITH_KNOTS((1,2
    ,2,2,2,1),(-2.094395102393,0.,2.094395102393,4.188790204786,
6.28318530718,8.377580409573),.UNSPECIFIED.) CURVE() 
GEOMETRIC_REPRESENTATION_ITEM() RATIONAL_B_SPLINE_CURVE((1.,0.5,1.,0.5,
1.,0.5,1.)) REPRESENTATION_ITEM('') );
#5723 = CARTESIAN_POINT('',(-54.71127703784,-11.12346315589));
#5724 = CARTESIAN_POINT('',(-56.38790497623,-11.55811100901));
#5725 = CARTESIAN_POINT('',(-55.92600708954,-9.888784695114));
#5726 = CARTESIAN_POINT('',(-55.46410920284,-8.219458381217));
#5727 = CARTESIAN_POINT('',(-54.24937915115,-9.454136841997));
#5728 = CARTESIAN_POINT('',(-53.03464909946,-10.68881530277));
#5729 = CARTESIAN_POINT('',(-54.71127703784,-11.12346315589));
#5730 = ( GEOMETRIC_REPRESENTATION_CONTEXT(2) 
PARAMETRIC_REPRESENTATION_CONTEXT() REPRESENTATION_CONTEXT('2D SPACE',''
  ) );
#5731 = PCURVE('',#483,#5732);
#5732 = DEFINITIONAL_REPRESENTATION('',(#5733),#5737);
#5733 = LINE('',#5734,#5735);
#5734 = CARTESIAN_POINT('',(0.,-1.5));
#5735 = VECTOR('',#5736,1.);
#5736 = DIRECTION('',(1.,0.));
#5737 = ( GEOMETRIC_REPRESENTATION_CONTEXT(2) 
PARAMETRIC_REPRESENTATION_CONTEXT() REPRESENTATION_CONTEXT('2D SPACE',''
  ) );
#5738 = ORIENTED_EDGE('',*,*,#5739,.F.);
#5739 = EDGE_CURVE('',#5740,#5712,#5742,.T.);
#5740 = VERTEX_POINT('',#5741);
#5741 = CARTESIAN_POINT('',(134.65501591696,-82.55936626169,3.01));
#5742 = SURFACE_CURVE('',#5743,(#5748,#5759),.PCURVE_S1.);
#5743 = CIRCLE('',#5744,1.);
#5744 = AXIS2_PLACEMENT_3D('',#5745,#5746,#5747);
#5745 = CARTESIAN_POINT('',(135.61971183392,-82.296,3.01));
#5746 = DIRECTION('',(0.,0.,-1.));
#5747 = DIRECTION('',(1.,0.,0.));
#5748 = PCURVE('',#106,#5749);
#5749 = DEFINITIONAL_REPRESENTATION('',(#5750),#5758);
#5750 = ( BOUNDED_CURVE() B_SPLINE_CURVE(2,(#5751,#5752,#5753,#5754,
#5755,#5756,#5757),.UNSPECIFIED.,.T.,.F.) B_SPLINE_CURVE_WITH_KNOTS((1,2
    ,2,2,2,1),(-2.094395102393,0.,2.094395102393,4.188790204786,
6.28318530718,8.377580409573),.UNSPECIFIED.) CURVE() 
GEOMETRIC_REPRESENTATION_ITEM() RATIONAL_B_SPLINE_CURVE((1.,0.5,1.,0.5,
1.,0.5,1.)) REPRESENTATION_ITEM('') );
#5751 = CARTESIAN_POINT('',(-53.95450965681,-10.23019757808));
#5752 = CARTESIAN_POINT('',(-53.95450965681,-11.96224838565));
#5753 = CARTESIAN_POINT('',(-55.45450965681,-11.09622298186));
#5754 = CARTESIAN_POINT('',(-56.95450965681,-10.23019757808));
#5755 = CARTESIAN_POINT('',(-55.45450965681,-9.3641721743));
#5756 = CARTESIAN_POINT('',(-53.95450965681,-8.498146770516));
#5757 = CARTESIAN_POINT('',(-53.95450965681,-10.23019757808));
#5758 = ( GEOMETRIC_REPRESENTATION_CONTEXT(2) 
PARAMETRIC_REPRESENTATION_CONTEXT() REPRESENTATION_CONTEXT('2D SPACE',''
  ) );
#5759 = PCURVE('',#516,#5760);
#5760 = DEFINITIONAL_REPRESENTATION('',(#5761),#5765);
#5761 = LINE('',#5762,#5763);
#5762 = CARTESIAN_POINT('',(0.,-1.5));
#5763 = VECTOR('',#5764,1.);
#5764 = DIRECTION('',(1.,0.));
#5765 = ( GEOMETRIC_REPRESENTATION_CONTEXT(2) 
PARAMETRIC_REPRESENTATION_CONTEXT() REPRESENTATION_CONTEXT('2D SPACE',''
  ) );
#5766 = ORIENTED_EDGE('',*,*,#5767,.T.);
#5767 = EDGE_CURVE('',#5740,#5768,#5770,.T.);
#5768 = VERTEX_POINT('',#5769);
#5769 = CARTESIAN_POINT('',(134.69032,-82.82273252339,3.01));
#5770 = SURFACE_CURVE('',#5771,(#5776,#5787),.PCURVE_S1.);
#5771 = CIRCLE('',#5772,1.);
#5772 = AXIS2_PLACEMENT_3D('',#5773,#5774,#5775);
#5773 = CARTESIAN_POINT('',(133.69032,-82.82273252339,3.01));
#5774 = DIRECTION('',(0.,0.,-1.));
#5775 = DIRECTION('',(0.,-1.,0.));
#5776 = PCURVE('',#106,#5777);
#5777 = DEFINITIONAL_REPRESENTATION('',(#5778),#5786);
#5778 = ( BOUNDED_CURVE() B_SPLINE_CURVE(2,(#5779,#5780,#5781,#5782,
#5783,#5784,#5785),.UNSPECIFIED.,.T.,.F.) B_SPLINE_CURVE_WITH_KNOTS((1,2
    ,2,2,2,1),(-2.094395102393,0.,2.094395102393,4.188790204786,
6.28318530718,8.377580409573),.UNSPECIFIED.) CURVE() 
GEOMETRIC_REPRESENTATION_ITEM() RATIONAL_B_SPLINE_CURVE((1.,0.5,1.,0.5,
1.,0.5,1.)) REPRESENTATION_ITEM('') );
#5779 = CARTESIAN_POINT('',(-56.88390149073,-11.75693010148));
#5780 = CARTESIAN_POINT('',(-58.6159522983,-11.75693010148));
#5781 = CARTESIAN_POINT('',(-57.74992689452,-10.25693010148));
#5782 = CARTESIAN_POINT('',(-56.88390149073,-8.75693010148));
#5783 = CARTESIAN_POINT('',(-56.01787608695,-10.25693010148));
#5784 = CARTESIAN_POINT('',(-55.15185068317,-11.75693010148));
#5785 = CARTESIAN_POINT('',(-56.88390149073,-11.75693010148));
#5786 = ( GEOMETRIC_REPRESENTATION_CONTEXT(2) 
PARAMETRIC_REPRESENTATION_CONTEXT() REPRESENTATION_CONTEXT('2D SPACE',''
  ) );
#5787 = PCURVE('',#549,#5788);
#5788 = DEFINITIONAL_REPRESENTATION('',(#5789),#5793);
#5789 = LINE('',#5790,#5791);
#5790 = CARTESIAN_POINT('',(4.445878977259,1.5));
#5791 = VECTOR('',#5792,1.);
#5792 = DIRECTION('',(-1.,0.));
#5793 = ( GEOMETRIC_REPRESENTATION_CONTEXT(2) 
PARAMETRIC_REPRESENTATION_CONTEXT() REPRESENTATION_CONTEXT('2D SPACE',''
  ) );
#5794 = ORIENTED_EDGE('',*,*,#5795,.T.);
#5795 = EDGE_CURVE('',#5768,#5796,#5798,.T.);
#5796 = VERTEX_POINT('',#5797);
#5797 = CARTESIAN_POINT('',(134.69031999999,-108.4580000777,3.01));
#5798 = SURFACE_CURVE('',#5799,(#5803,#5810),.PCURVE_S1.);
#5799 = LINE('',#5800,#5801);
#5800 = CARTESIAN_POINT('',(134.69032,-82.296,3.01));
#5801 = VECTOR('',#5802,1.);
#5802 = DIRECTION('',(0.,-1.,-0.));
#5803 = PCURVE('',#106,#5804);
#5804 = DEFINITIONAL_REPRESENTATION('',(#5805),#5809);
#5805 = LINE('',#5806,#5807);
#5806 = CARTESIAN_POINT('',(-55.88390149073,-10.23019757808));
#5807 = VECTOR('',#5808,1.);
#5808 = DIRECTION('',(0.,-1.));
#5809 = ( GEOMETRIC_REPRESENTATION_CONTEXT(2) 
PARAMETRIC_REPRESENTATION_CONTEXT() REPRESENTATION_CONTEXT('2D SPACE',''
  ) );
#5810 = PCURVE('',#577,#5811);
#5811 = DEFINITIONAL_REPRESENTATION('',(#5812),#5816);
#5812 = LINE('',#5813,#5814);
#5813 = CARTESIAN_POINT('',(-0.369094593623,-1.5));
#5814 = VECTOR('',#5815,1.);
#5815 = DIRECTION('',(1.,0.));
#5816 = ( GEOMETRIC_REPRESENTATION_CONTEXT(2) 
PARAMETRIC_REPRESENTATION_CONTEXT() REPRESENTATION_CONTEXT('2D SPACE',''
  ) );
#5817 = ORIENTED_EDGE('',*,*,#5818,.F.);
#5818 = EDGE_CURVE('',#5819,#5796,#5821,.T.);
#5819 = VERTEX_POINT('',#5820);
#5820 = CARTESIAN_POINT('',(139.86455471144,-114.0272992477,3.01));
#5821 = SURFACE_CURVE('',#5822,(#5827,#5838),.PCURVE_S1.);
#5822 = CIRCLE('',#5823,5.584381200066);
#5823 = AXIS2_PLACEMENT_3D('',#5824,#5825,#5826);
#5824 = CARTESIAN_POINT('',(140.27470120006,-108.4580000777,3.01));
#5825 = DIRECTION('',(-0.,0.,-1.));
#5826 = DIRECTION('',(-7.344528855075E-02,-0.997299247764,0.));
#5827 = PCURVE('',#106,#5828);
#5828 = DEFINITIONAL_REPRESENTATION('',(#5829),#5837);
#5829 = ( BOUNDED_CURVE() B_SPLINE_CURVE(2,(#5830,#5831,#5832,#5833,
#5834,#5835,#5836),.UNSPECIFIED.,.T.,.F.) B_SPLINE_CURVE_WITH_KNOTS((1,2
    ,2,2,2,1),(-2.094395102393,0.,2.094395102393,4.188790204786,
6.28318530718,8.377580409573),.UNSPECIFIED.) CURVE() 
GEOMETRIC_REPRESENTATION_ITEM() RATIONAL_B_SPLINE_CURVE((1.,0.5,1.,0.5,
1.,0.5,1.)) REPRESENTATION_ITEM('') );
#5830 = CARTESIAN_POINT('',(-50.70966677929,-41.96149682583));
#5831 = CARTESIAN_POINT('',(-60.35597590437,-41.251102269));
#5832 = CARTESIAN_POINT('',(-54.91760160891,-33.25235079234));
#5833 = CARTESIAN_POINT('',(-49.47922731344,-25.25359931568));
#5834 = CARTESIAN_POINT('',(-45.27129248383,-33.96274534917));
#5835 = CARTESIAN_POINT('',(-41.06335765421,-42.67189138266));
#5836 = CARTESIAN_POINT('',(-50.70966677929,-41.96149682583));
#5837 = ( GEOMETRIC_REPRESENTATION_CONTEXT(2) 
PARAMETRIC_REPRESENTATION_CONTEXT() REPRESENTATION_CONTEXT('2D SPACE',''
  ) );
#5838 = PCURVE('',#610,#5839);
#5839 = DEFINITIONAL_REPRESENTATION('',(#5840),#5844);
#5840 = LINE('',#5841,#5842);
#5841 = CARTESIAN_POINT('',(0.,-1.5));
#5842 = VECTOR('',#5843,1.);
#5843 = DIRECTION('',(1.,0.));
#5844 = ( GEOMETRIC_REPRESENTATION_CONTEXT(2) 
PARAMETRIC_REPRESENTATION_CONTEXT() REPRESENTATION_CONTEXT('2D SPACE',''
  ) );
#5845 = ORIENTED_EDGE('',*,*,#5846,.F.);
#5846 = EDGE_CURVE('',#5847,#5819,#5849,.T.);
#5847 = VERTEX_POINT('',#5848);
#5848 = CARTESIAN_POINT('',(139.87371513264,-114.0279315887,3.01));
#5849 = SURFACE_CURVE('',#5850,(#5855,#5866),.PCURVE_S1.);
#5850 = CIRCLE('',#5851,1.);
#5851 = AXIS2_PLACEMENT_3D('',#5852,#5853,#5854);
#5852 = CARTESIAN_POINT('',(139.938,-113.03,3.01));
#5853 = DIRECTION('',(-0.,0.,-1.));
#5854 = DIRECTION('',(0.997931588753,-6.428486734638E-02,-0.));
#5855 = PCURVE('',#106,#5856);
#5856 = DEFINITIONAL_REPRESENTATION('',(#5857),#5865);
#5857 = ( BOUNDED_CURVE() B_SPLINE_CURVE(2,(#5858,#5859,#5860,#5861,
#5862,#5863,#5864),.UNSPECIFIED.,.T.,.F.) B_SPLINE_CURVE_WITH_KNOTS((1,2
    ,2,2,2,1),(-2.094395102393,0.,2.094395102393,4.188790204786,
6.28318530718,8.377580409573),.UNSPECIFIED.) CURVE() 
GEOMETRIC_REPRESENTATION_ITEM() RATIONAL_B_SPLINE_CURVE((1.,0.5,1.,0.5,
1.,0.5,1.)) REPRESENTATION_ITEM('') );
#5858 = CARTESIAN_POINT('',(-49.63828990198,-41.02848244543));
#5859 = CARTESIAN_POINT('',(-49.74963455838,-42.75695065963));
#5860 = CARTESIAN_POINT('',(-51.19085961331,-41.79628925151));
#5861 = CARTESIAN_POINT('',(-52.63208466824,-40.83562784339));
#5862 = CARTESIAN_POINT('',(-51.07951495691,-40.06782103731));
#5863 = CARTESIAN_POINT('',(-49.52694524558,-39.30001423123));
#5864 = CARTESIAN_POINT('',(-49.63828990198,-41.02848244543));
#5865 = ( GEOMETRIC_REPRESENTATION_CONTEXT(2) 
PARAMETRIC_REPRESENTATION_CONTEXT() REPRESENTATION_CONTEXT('2D SPACE',''
  ) );
#5866 = PCURVE('',#643,#5867);
#5867 = DEFINITIONAL_REPRESENTATION('',(#5868),#5872);
#5868 = LINE('',#5869,#5870);
#5869 = CARTESIAN_POINT('',(0.,-1.5));
#5870 = VECTOR('',#5871,1.);
#5871 = DIRECTION('',(1.,0.));
#5872 = ( GEOMETRIC_REPRESENTATION_CONTEXT(2) 
PARAMETRIC_REPRESENTATION_CONTEXT() REPRESENTATION_CONTEXT('2D SPACE',''
  ) );
#5873 = ORIENTED_EDGE('',*,*,#5874,.F.);
#5874 = EDGE_CURVE('',#5875,#5847,#5877,.T.);
#5875 = VERTEX_POINT('',#5876);
#5876 = CARTESIAN_POINT('',(171.86129176967,-116.0885108348,3.01));
#5877 = SURFACE_CURVE('',#5878,(#5882,#5889),.PCURVE_S1.);
#5878 = LINE('',#5879,#5880);
#5879 = CARTESIAN_POINT('',(171.87490213265,-116.0893875887,3.01));
#5880 = VECTOR('',#5881,1.);
#5881 = DIRECTION('',(-0.997931588753,6.428486734638E-02,0.));
#5882 = PCURVE('',#106,#5883);
#5883 = DEFINITIONAL_REPRESENTATION('',(#5884),#5888);
#5884 = LINE('',#5885,#5886);
#5885 = CARTESIAN_POINT('',(-18.69931935808,-44.02358516683));
#5886 = VECTOR('',#5887,1.);
#5887 = DIRECTION('',(-0.997931588753,6.428486734638E-02));
#5888 = ( GEOMETRIC_REPRESENTATION_CONTEXT(2) 
PARAMETRIC_REPRESENTATION_CONTEXT() REPRESENTATION_CONTEXT('2D SPACE',''
  ) );
#5889 = PCURVE('',#671,#5890);
#5890 = DEFINITIONAL_REPRESENTATION('',(#5891),#5895);
#5891 = LINE('',#5892,#5893);
#5892 = CARTESIAN_POINT('',(-1.363857316118E-02,-1.5));
#5893 = VECTOR('',#5894,1.);
#5894 = DIRECTION('',(1.,0.));
#5895 = ( GEOMETRIC_REPRESENTATION_CONTEXT(2) 
PARAMETRIC_REPRESENTATION_CONTEXT() REPRESENTATION_CONTEXT('2D SPACE',''
  ) );
#5896 = ORIENTED_EDGE('',*,*,#5897,.F.);
#5897 = EDGE_CURVE('',#5898,#5875,#5900,.T.);
#5898 = VERTEX_POINT('',#5899);
#5899 = CARTESIAN_POINT('',(172.63855149474,-116.0442005136,3.01));
#5900 = SURFACE_CURVE('',#5901,(#5906,#5917),.PCURVE_S1.);
#5901 = CIRCLE('',#5902,2.680911916124);
#5902 = AXIS2_PLACEMENT_3D('',#5903,#5904,#5905);
#5903 = CARTESIAN_POINT('',(172.09895192519,-113.4181538639,3.01));
#5904 = DIRECTION('',(-0.,0.,-1.));
#5905 = DIRECTION('',(0.208843825448,-0.977949005098,-0.));
#5906 = PCURVE('',#106,#5907);
#5907 = DEFINITIONAL_REPRESENTATION('',(#5908),#5916);
#5908 = ( BOUNDED_CURVE() B_SPLINE_CURVE(2,(#5909,#5910,#5911,#5912,
#5913,#5914,#5915),.UNSPECIFIED.,.T.,.F.) B_SPLINE_CURVE_WITH_KNOTS((1,2
    ,2,2,2,1),(-2.094395102393,0.,2.094395102393,4.188790204786,
6.28318530718,8.377580409573),.UNSPECIFIED.) CURVE() 
GEOMETRIC_REPRESENTATION_ITEM() RATIONAL_B_SPLINE_CURVE((1.,0.5,1.,0.5,
1.,0.5,1.)) REPRESENTATION_ITEM('') );
#5909 = CARTESIAN_POINT('',(-17.91537766529,-43.97414658311));
#5910 = CARTESIAN_POINT('',(-22.45646005676,-44.94390780109));
#5911 = CARTESIAN_POINT('',(-21.02575671141,-40.52633448041));
#5912 = CARTESIAN_POINT('',(-19.59505336605,-36.10876115972));
#5913 = CARTESIAN_POINT('',(-16.48467431993,-39.55657326242));
#5914 = CARTESIAN_POINT('',(-13.37429527382,-43.00438536513));
#5915 = CARTESIAN_POINT('',(-17.91537766529,-43.97414658311));
#5916 = ( GEOMETRIC_REPRESENTATION_CONTEXT(2) 
PARAMETRIC_REPRESENTATION_CONTEXT() REPRESENTATION_CONTEXT('2D SPACE',''
  ) );
#5917 = PCURVE('',#704,#5918);
#5918 = DEFINITIONAL_REPRESENTATION('',(#5919),#5923);
#5919 = LINE('',#5920,#5921);
#5920 = CARTESIAN_POINT('',(0.,-1.5));
#5921 = VECTOR('',#5922,1.);
#5922 = DIRECTION('',(1.,0.));
#5923 = ( GEOMETRIC_REPRESENTATION_CONTEXT(2) 
PARAMETRIC_REPRESENTATION_CONTEXT() REPRESENTATION_CONTEXT('2D SPACE',''
  ) );
#5924 = ORIENTED_EDGE('',*,*,#5925,.F.);
#5925 = EDGE_CURVE('',#5926,#5898,#5928,.T.);
#5926 = VERTEX_POINT('',#5927);
#5927 = CARTESIAN_POINT('',(182.78238033175,-114.2690304671,3.01));
#5928 = SURFACE_CURVE('',#5929,(#5933,#5940),.PCURVE_S1.);
#5929 = LINE('',#5930,#5931);
#5930 = CARTESIAN_POINT('',(182.78238033175,-114.2690304671,3.01));
#5931 = VECTOR('',#5932,1.);
#5932 = DIRECTION('',(-0.985030467156,-0.172380331752,0.));
#5933 = PCURVE('',#106,#5934);
#5934 = DEFINITIONAL_REPRESENTATION('',(#5935),#5939);
#5935 = LINE('',#5936,#5937);
#5936 = CARTESIAN_POINT('',(-7.791841158987,-42.20322804524));
#5937 = VECTOR('',#5938,1.);
#5938 = DIRECTION('',(-0.985030467156,-0.172380331752));
#5939 = ( GEOMETRIC_REPRESENTATION_CONTEXT(2) 
PARAMETRIC_REPRESENTATION_CONTEXT() REPRESENTATION_CONTEXT('2D SPACE',''
  ) );
#5940 = PCURVE('',#732,#5941);
#5941 = DEFINITIONAL_REPRESENTATION('',(#5942),#5946);
#5942 = LINE('',#5943,#5944);
#5943 = CARTESIAN_POINT('',(0.,-1.5));
#5944 = VECTOR('',#5945,1.);
#5945 = DIRECTION('',(1.,0.));
#5946 = ( GEOMETRIC_REPRESENTATION_CONTEXT(2) 
PARAMETRIC_REPRESENTATION_CONTEXT() REPRESENTATION_CONTEXT('2D SPACE',''
  ) );
#5947 = ORIENTED_EDGE('',*,*,#5948,.F.);
#5948 = EDGE_CURVE('',#5949,#5926,#5951,.T.);
#5949 = VERTEX_POINT('',#5950);
#5950 = CARTESIAN_POINT('',(182.81385339271,-114.2630014271,3.01));
#5951 = SURFACE_CURVE('',#5952,(#5957,#5968),.PCURVE_S1.);
#5952 = CIRCLE('',#5953,1.);
#5953 = AXIS2_PLACEMENT_3D('',#5954,#5955,#5956);
#5954 = CARTESIAN_POINT('',(182.61,-113.2839999999,3.01));
#5955 = DIRECTION('',(0.,0.,-1.));
#5956 = DIRECTION('',(0.979001427107,0.203853392717,0.));
#5957 = PCURVE('',#106,#5958);
#5958 = DEFINITIONAL_REPRESENTATION('',(#5959),#5967);
#5959 = ( BOUNDED_CURVE() B_SPLINE_CURVE(2,(#5960,#5961,#5962,#5963,
#5964,#5965,#5966),.UNSPECIFIED.,.T.,.F.) B_SPLINE_CURVE_WITH_KNOTS((1,2
    ,2,2,2,1),(-2.094395102393,0.,2.094395102393,4.188790204786,
6.28318530718,8.377580409573),.UNSPECIFIED.) CURVE() 
GEOMETRIC_REPRESENTATION_ITEM() RATIONAL_B_SPLINE_CURVE((1.,0.5,1.,0.5,
1.,0.5,1.)) REPRESENTATION_ITEM('') );
#5960 = CARTESIAN_POINT('',(-6.985220063632,-41.01434418536));
#5961 = CARTESIAN_POINT('',(-6.632135630151,-42.71002439779));
#5962 = CARTESIAN_POINT('',(-8.277179987552,-42.16796438065));
#5963 = CARTESIAN_POINT('',(-9.922224344953,-41.62590436351));
#5964 = CARTESIAN_POINT('',(-8.630264421033,-40.47228416822));
#5965 = CARTESIAN_POINT('',(-7.338304497113,-39.31866397293));
#5966 = CARTESIAN_POINT('',(-6.985220063632,-41.01434418536));
#5967 = ( GEOMETRIC_REPRESENTATION_CONTEXT(2) 
PARAMETRIC_REPRESENTATION_CONTEXT() REPRESENTATION_CONTEXT('2D SPACE',''
  ) );
#5968 = PCURVE('',#765,#5969);
#5969 = DEFINITIONAL_REPRESENTATION('',(#5970),#5974);
#5970 = LINE('',#5971,#5972);
#5971 = CARTESIAN_POINT('',(0.,-1.5));
#5972 = VECTOR('',#5973,1.);
#5973 = DIRECTION('',(1.,0.));
#5974 = ( GEOMETRIC_REPRESENTATION_CONTEXT(2) 
PARAMETRIC_REPRESENTATION_CONTEXT() REPRESENTATION_CONTEXT('2D SPACE',''
  ) );
#5975 = ORIENTED_EDGE('',*,*,#5976,.F.);
#5976 = EDGE_CURVE('',#5977,#5949,#5979,.T.);
#5977 = VERTEX_POINT('',#5978);
#5978 = CARTESIAN_POINT('',(210.4112075147,-111.7255019343,3.01));
#5979 = SURFACE_CURVE('',#5980,(#5985,#5992),.PCURVE_S1.);
#5980 = CIRCLE('',#5981,122.23917588978);
#5981 = AXIS2_PLACEMENT_3D('',#5982,#5983,#5984);
#5982 = CARTESIAN_POINT('',(207.73272412077,-233.9353290716,3.01));
#5983 = DIRECTION('',(0.,-0.,1.));
#5984 = DIRECTION('',(2.197134036053E-02,0.999758600965,0.));
#5985 = PCURVE('',#106,#5986);
#5986 = DEFINITIONAL_REPRESENTATION('',(#5987),#5991);
#5987 = CIRCLE('',#5988,122.23917588978);
#5988 = AXIS2_PLACEMENT_2D('',#5989,#5990);
#5989 = CARTESIAN_POINT('',(17.158502630031,-161.8695266496));
#5990 = DIRECTION('',(2.197134036053E-02,0.999758600965));
#5991 = ( GEOMETRIC_REPRESENTATION_CONTEXT(2) 
PARAMETRIC_REPRESENTATION_CONTEXT() REPRESENTATION_CONTEXT('2D SPACE',''
  ) );
#5992 = PCURVE('',#794,#5993);
#5993 = DEFINITIONAL_REPRESENTATION('',(#5994),#5998);
#5994 = LINE('',#5995,#5996);
#5995 = CARTESIAN_POINT('',(-0.,-1.5));
#5996 = VECTOR('',#5997,1.);
#5997 = DIRECTION('',(-1.,0.));
#5998 = ( GEOMETRIC_REPRESENTATION_CONTEXT(2) 
PARAMETRIC_REPRESENTATION_CONTEXT() REPRESENTATION_CONTEXT('2D SPACE',''
  ) );
#5999 = ORIENTED_EDGE('',*,*,#6000,.F.);
#6000 = EDGE_CURVE('',#6001,#5977,#6003,.T.);
#6001 = VERTEX_POINT('',#6002);
#6002 = CARTESIAN_POINT('',(233.63750379517,-112.5749488911,3.01));
#6003 = SURFACE_CURVE('',#6004,(#6008,#6015),.PCURVE_S1.);
#6004 = LINE('',#6005,#6006);
#6005 = CARTESIAN_POINT('',(233.63750379517,-112.5749488911,3.01));
#6006 = VECTOR('',#6007,1.);
#6007 = DIRECTION('',(-0.999331891177,3.654820482735E-02,0.));
#6008 = PCURVE('',#106,#6009);
#6009 = DEFINITIONAL_REPRESENTATION('',(#6010),#6014);
#6010 = LINE('',#6011,#6012);
#6011 = CARTESIAN_POINT('',(43.063282304434,-40.50914646926));
#6012 = VECTOR('',#6013,1.);
#6013 = DIRECTION('',(-0.999331891177,3.654820482735E-02));
#6014 = ( GEOMETRIC_REPRESENTATION_CONTEXT(2) 
PARAMETRIC_REPRESENTATION_CONTEXT() REPRESENTATION_CONTEXT('2D SPACE',''
  ) );
#6015 = PCURVE('',#822,#6016);
#6016 = DEFINITIONAL_REPRESENTATION('',(#6017),#6021);
#6017 = LINE('',#6018,#6019);
#6018 = CARTESIAN_POINT('',(0.,-1.5));
#6019 = VECTOR('',#6020,1.);
#6020 = DIRECTION('',(1.,0.));
#6021 = ( GEOMETRIC_REPRESENTATION_CONTEXT(2) 
PARAMETRIC_REPRESENTATION_CONTEXT() REPRESENTATION_CONTEXT('2D SPACE',''
  ) );
#6022 = ORIENTED_EDGE('',*,*,#6023,.F.);
#6023 = EDGE_CURVE('',#6024,#6001,#6026,.T.);
#6024 = VERTEX_POINT('',#6025);
#6025 = CARTESIAN_POINT('',(233.75942767568,-112.5719658314,3.01));
#6026 = SURFACE_CURVE('',#6027,(#6032,#6043),.PCURVE_S1.);
#6027 = CIRCLE('',#6028,1.);
#6028 = AXIS2_PLACEMENT_3D('',#6029,#6030,#6031);
#6029 = CARTESIAN_POINT('',(233.67405199999,-111.5756169999,3.01));
#6030 = DIRECTION('',(0.,0.,-1.));
#6031 = DIRECTION('',(0.996348831485,8.53756756859E-02,0.));
#6032 = PCURVE('',#106,#6033);
#6033 = DEFINITIONAL_REPRESENTATION('',(#6034),#6042);
#6034 = ( BOUNDED_CURVE() B_SPLINE_CURVE(2,(#6035,#6036,#6037,#6038,
#6039,#6040,#6041),.UNSPECIFIED.,.T.,.F.) B_SPLINE_CURVE_WITH_KNOTS((1,2
    ,2,2,2,1),(-2.094395102393,0.,2.094395102393,4.188790204786,
6.28318530718,8.377580409573),.UNSPECIFIED.) CURVE() 
GEOMETRIC_REPRESENTATION_ITEM() RATIONAL_B_SPLINE_CURVE((1.,0.5,1.,0.5,
1.,0.5,1.)) REPRESENTATION_ITEM('') );
#6035 = CARTESIAN_POINT('',(44.09617934074,-39.42443890232));
#6036 = CARTESIAN_POINT('',(44.244054348759,-41.15016570052));
#6037 = CARTESIAN_POINT('',(42.675593597522,-40.41536581495));
#6038 = CARTESIAN_POINT('',(41.107132846286,-39.68056592938));
#6039 = CARTESIAN_POINT('',(42.527718589504,-38.68963901676));
#6040 = CARTESIAN_POINT('',(43.948304332722,-37.69871210413));
#6041 = CARTESIAN_POINT('',(44.09617934074,-39.42443890232));
#6042 = ( GEOMETRIC_REPRESENTATION_CONTEXT(2) 
PARAMETRIC_REPRESENTATION_CONTEXT() REPRESENTATION_CONTEXT('2D SPACE',''
  ) );
#6043 = PCURVE('',#855,#6044);
#6044 = DEFINITIONAL_REPRESENTATION('',(#6045),#6049);
#6045 = LINE('',#6046,#6047);
#6046 = CARTESIAN_POINT('',(0.,-1.5));
#6047 = VECTOR('',#6048,1.);
#6048 = DIRECTION('',(1.,0.));
#6049 = ( GEOMETRIC_REPRESENTATION_CONTEXT(2) 
PARAMETRIC_REPRESENTATION_CONTEXT() REPRESENTATION_CONTEXT('2D SPACE',''
  ) );
#6050 = ORIENTED_EDGE('',*,*,#6051,.F.);
#6051 = EDGE_CURVE('',#6052,#6024,#6054,.T.);
#6052 = VERTEX_POINT('',#6053);
#6053 = CARTESIAN_POINT('',(241.07354426885,-108.4348556086,3.01));
#6054 = SURFACE_CURVE('',#6055,(#6060,#6071),.PCURVE_S1.);
#6055 = CIRCLE('',#6056,10.094471180767);
#6056 = AXIS2_PLACEMENT_3D('',#6057,#6058,#6059);
#6057 = CARTESIAN_POINT('',(232.89760537793,-102.514351266,3.01));
#6058 = DIRECTION('',(-0.,0.,-1.));
#6059 = DIRECTION('',(0.809942268841,-0.58650960874,-0.));
#6060 = PCURVE('',#106,#6061);
#6061 = DEFINITIONAL_REPRESENTATION('',(#6062),#6070);
#6062 = ( BOUNDED_CURVE() B_SPLINE_CURVE(2,(#6063,#6064,#6065,#6066,
#6067,#6068,#6069),.UNSPECIFIED.,.T.,.F.) B_SPLINE_CURVE_WITH_KNOTS((1,2
    ,2,2,2,1),(-2.094395102393,0.,2.094395102393,4.188790204786,
6.28318530718,8.377580409573),.UNSPECIFIED.) CURVE() 
GEOMETRIC_REPRESENTATION_ITEM() RATIONAL_B_SPLINE_CURVE((1.,0.5,1.,0.5,
1.,0.5,1.)) REPRESENTATION_ITEM('') );
#6063 = CARTESIAN_POINT('',(50.499322778093,-36.36905318675));
#6064 = CARTESIAN_POINT('',(40.244708450157,-50.53019474537));
#6065 = CARTESIAN_POINT('',(33.108107277772,-34.56886745206));
#6066 = CARTESIAN_POINT('',(25.971506105388,-18.60754015874));
#6067 = CARTESIAN_POINT('',(43.362721605709,-20.40772589343));
#6068 = CARTESIAN_POINT('',(60.75393710603,-22.20791162813));
#6069 = CARTESIAN_POINT('',(50.499322778093,-36.36905318675));
#6070 = ( GEOMETRIC_REPRESENTATION_CONTEXT(2) 
PARAMETRIC_REPRESENTATION_CONTEXT() REPRESENTATION_CONTEXT('2D SPACE',''
  ) );
#6071 = PCURVE('',#888,#6072);
#6072 = DEFINITIONAL_REPRESENTATION('',(#6073),#6077);
#6073 = LINE('',#6074,#6075);
#6074 = CARTESIAN_POINT('',(0.,-1.5));
#6075 = VECTOR('',#6076,1.);
#6076 = DIRECTION('',(1.,0.));
#6077 = ( GEOMETRIC_REPRESENTATION_CONTEXT(2) 
PARAMETRIC_REPRESENTATION_CONTEXT() REPRESENTATION_CONTEXT('2D SPACE',''
  ) );
#6078 = ORIENTED_EDGE('',*,*,#6079,.F.);
#6079 = EDGE_CURVE('',#6080,#6052,#6082,.T.);
#6080 = VERTEX_POINT('',#6081);
#6081 = CARTESIAN_POINT('',(241.22922858079,-108.108279273,3.01));
#6082 = SURFACE_CURVE('',#6083,(#6088,#6099),.PCURVE_S1.);
#6083 = CIRCLE('',#6084,1.);
#6084 = AXIS2_PLACEMENT_3D('',#6085,#6086,#6087);
#6085 = CARTESIAN_POINT('',(240.26360199997,-107.8483459999,3.01));
#6086 = DIRECTION('',(0.,0.,-1.));
#6087 = DIRECTION('',(0.259933273088,0.965626580797,0.));
#6088 = PCURVE('',#106,#6089);
#6089 = DEFINITIONAL_REPRESENTATION('',(#6090),#6098);
#6090 = ( BOUNDED_CURVE() B_SPLINE_CURVE(2,(#6091,#6092,#6093,#6094,
#6095,#6096,#6097),.UNSPECIFIED.,.T.,.F.) B_SPLINE_CURVE_WITH_KNOTS((1,2
    ,2,2,2,1),(-2.094395102393,0.,2.094395102393,4.188790204786,
6.28318530718,8.377580409573),.UNSPECIFIED.) CURVE() 
GEOMETRIC_REPRESENTATION_ITEM() RATIONAL_B_SPLINE_CURVE((1.,0.5,1.,0.5,
1.,0.5,1.)) REPRESENTATION_ITEM('') );
#6091 = CARTESIAN_POINT('',(49.949313782329,-34.81691699728));
#6092 = CARTESIAN_POINT('',(51.621828081408,-35.26713463284));
#6093 = CARTESIAN_POINT('',(50.395671022237,-36.49046568626));
#6094 = CARTESIAN_POINT('',(49.169513963065,-37.71379673967));
#6095 = CARTESIAN_POINT('',(48.723156723157,-36.04024805069));
#6096 = CARTESIAN_POINT('',(48.27679948325,-34.36669936171));
#6097 = CARTESIAN_POINT('',(49.949313782329,-34.81691699728));
#6098 = ( GEOMETRIC_REPRESENTATION_CONTEXT(2) 
PARAMETRIC_REPRESENTATION_CONTEXT() REPRESENTATION_CONTEXT('2D SPACE',''
  ) );
#6099 = PCURVE('',#921,#6100);
#6100 = DEFINITIONAL_REPRESENTATION('',(#6101),#6105);
#6101 = LINE('',#6102,#6103);
#6102 = CARTESIAN_POINT('',(0.,-1.5));
#6103 = VECTOR('',#6104,1.);
#6104 = DIRECTION('',(1.,0.));
#6105 = ( GEOMETRIC_REPRESENTATION_CONTEXT(2) 
PARAMETRIC_REPRESENTATION_CONTEXT() REPRESENTATION_CONTEXT('2D SPACE',''
  ) );
#6106 = ORIENTED_EDGE('',*,*,#6107,.F.);
#6107 = EDGE_CURVE('',#6108,#6080,#6110,.T.);
#6108 = VERTEX_POINT('',#6109);
#6109 = CARTESIAN_POINT('',(254.68862482545,-58.10794410651,3.01));
#6110 = SURFACE_CURVE('',#6111,(#6115,#6122),.PCURVE_S1.);
#6111 = LINE('',#6112,#6113);
#6112 = CARTESIAN_POINT('',(254.69562658079,-58.08193327308,3.01));
#6113 = VECTOR('',#6114,1.);
#6114 = DIRECTION('',(-0.259933273088,-0.965626580797,0.));
#6115 = PCURVE('',#106,#6116);
#6116 = DEFINITIONAL_REPRESENTATION('',(#6117),#6121);
#6117 = LINE('',#6118,#6119);
#6118 = CARTESIAN_POINT('',(64.121405090058,13.983869148827));
#6119 = VECTOR('',#6120,1.);
#6120 = DIRECTION('',(-0.259933273088,-0.965626580797));
#6121 = ( GEOMETRIC_REPRESENTATION_CONTEXT(2) 
PARAMETRIC_REPRESENTATION_CONTEXT() REPRESENTATION_CONTEXT('2D SPACE',''
  ) );
#6122 = PCURVE('',#949,#6123);
#6123 = DEFINITIONAL_REPRESENTATION('',(#6124),#6128);
#6124 = LINE('',#6125,#6126);
#6125 = CARTESIAN_POINT('',(-2.693674133003E-02,-1.5));
#6126 = VECTOR('',#6127,1.);
#6127 = DIRECTION('',(1.,0.));
#6128 = ( GEOMETRIC_REPRESENTATION_CONTEXT(2) 
PARAMETRIC_REPRESENTATION_CONTEXT() REPRESENTATION_CONTEXT('2D SPACE',''
  ) );
#6129 = ORIENTED_EDGE('',*,*,#6130,.F.);
#6130 = EDGE_CURVE('',#6131,#6108,#6133,.T.);
#6131 = VERTEX_POINT('',#6132);
#6132 = CARTESIAN_POINT('',(253.09231778826,-51.43127160736,3.01));
#6133 = SURFACE_CURVE('',#6134,(#6139,#6150),.PCURVE_S1.);
#6134 = CIRCLE('',#6135,6.57372241739);
#6135 = AXIS2_PLACEMENT_3D('',#6136,#6137,#6138);
#6136 = CARTESIAN_POINT('',(248.43770248267,-56.07329517234,3.01));
#6137 = DIRECTION('',(0.,0.,-1.));
#6138 = DIRECTION('',(0.706970714047,0.707242822148,0.));
#6139 = PCURVE('',#106,#6140);
#6140 = DEFINITIONAL_REPRESENTATION('',(#6141),#6149);
#6141 = ( BOUNDED_CURVE() B_SPLINE_CURVE(2,(#6142,#6143,#6144,#6145,
#6146,#6147,#6148),.UNSPECIFIED.,.T.,.F.) B_SPLINE_CURVE_WITH_KNOTS((1,2
    ,2,2,2,1),(-2.094395102393,0.,2.094395102393,4.188790204786,
6.28318530718,8.377580409573),.UNSPECIFIED.) CURVE() 
GEOMETRIC_REPRESENTATION_ITEM() RATIONAL_B_SPLINE_CURVE((1.,0.5,1.,0.5,
1.,0.5,1.)) REPRESENTATION_ITEM('') );
#6142 = CARTESIAN_POINT('',(62.5109102233,20.641725244068));
#6143 = CARTESIAN_POINT('',(70.563592005225,12.592141690756));
#6144 = CARTESIAN_POINT('',(59.566107267209,9.643106475673));
#6145 = CARTESIAN_POINT('',(48.568622529193,6.69407126059));
#6146 = CARTESIAN_POINT('',(51.513425485285,17.692690028985));
#6147 = CARTESIAN_POINT('',(54.458228441376,28.69130879738));
#6148 = CARTESIAN_POINT('',(62.5109102233,20.641725244068));
#6149 = ( GEOMETRIC_REPRESENTATION_CONTEXT(2) 
PARAMETRIC_REPRESENTATION_CONTEXT() REPRESENTATION_CONTEXT('2D SPACE',''
  ) );
#6150 = PCURVE('',#982,#6151);
#6151 = DEFINITIONAL_REPRESENTATION('',(#6152),#6156);
#6152 = LINE('',#6153,#6154);
#6153 = CARTESIAN_POINT('',(0.,-1.5));
#6154 = VECTOR('',#6155,1.);
#6155 = DIRECTION('',(1.,0.));
#6156 = ( GEOMETRIC_REPRESENTATION_CONTEXT(2) 
PARAMETRIC_REPRESENTATION_CONTEXT() REPRESENTATION_CONTEXT('2D SPACE',''
  ) );
#6157 = ORIENTED_EDGE('',*,*,#6158,.F.);
#6158 = EDGE_CURVE('',#6159,#6131,#6161,.T.);
#6159 = VERTEX_POINT('',#6160);
#6160 = CARTESIAN_POINT('',(232.94574947725,-30.49001348752,3.01));
#6161 = SURFACE_CURVE('',#6162,(#6166,#6173),.PCURVE_S1.);
#6162 = LINE('',#6163,#6164);
#6163 = CARTESIAN_POINT('',(232.9361633294,-30.48004921006,3.01));
#6164 = VECTOR('',#6165,1.);
#6165 = DIRECTION('',(0.693300789932,-0.720648329409,-0.));
#6166 = PCURVE('',#106,#6167);
#6167 = DEFINITIONAL_REPRESENTATION('',(#6168),#6172);
#6168 = LINE('',#6169,#6170);
#6169 = CARTESIAN_POINT('',(42.36194183867,41.585753211847));
#6170 = VECTOR('',#6171,1.);
#6171 = DIRECTION('',(0.693300789932,-0.720648329409));
#6172 = ( GEOMETRIC_REPRESENTATION_CONTEXT(2) 
PARAMETRIC_REPRESENTATION_CONTEXT() REPRESENTATION_CONTEXT('2D SPACE',''
  ) );
#6173 = PCURVE('',#1010,#6174);
#6174 = DEFINITIONAL_REPRESENTATION('',(#6175),#6179);
#6175 = LINE('',#6176,#6177);
#6176 = CARTESIAN_POINT('',(-1.382682377254E-02,-1.5));
#6177 = VECTOR('',#6178,1.);
#6178 = DIRECTION('',(1.,0.));
#6179 = ( GEOMETRIC_REPRESENTATION_CONTEXT(2) 
PARAMETRIC_REPRESENTATION_CONTEXT() REPRESENTATION_CONTEXT('2D SPACE',''
  ) );
#6180 = ORIENTED_EDGE('',*,*,#6181,.F.);
#6181 = EDGE_CURVE('',#6182,#6159,#6184,.T.);
#6182 = VERTEX_POINT('',#6183);
#6183 = CARTESIAN_POINT('',(223.75841625756,-26.43200000705,3.01));
#6184 = SURFACE_CURVE('',#6185,(#6190,#6201),.PCURVE_S1.);
#6185 = CIRCLE('',#6186,12.430005655952);
#6186 = AXIS2_PLACEMENT_3D('',#6187,#6188,#6189);
#6187 = CARTESIAN_POINT('',(223.7579974269,-38.86200565595,3.01));
#6188 = DIRECTION('',(0.,0.,-1.));
#6189 = DIRECTION('',(2.251179943102E-07,1.,0.));
#6190 = PCURVE('',#106,#6191);
#6191 = DEFINITIONAL_REPRESENTATION('',(#6192),#6200);
#6192 = ( BOUNDED_CURVE() B_SPLINE_CURVE(2,(#6193,#6194,#6195,#6196,
#6197,#6198,#6199),.UNSPECIFIED.,.T.,.F.) B_SPLINE_CURVE_WITH_KNOTS((1,2
    ,2,2,2,1),(-2.094395102393,0.,2.094395102393,4.188790204786,
6.28318530718,8.377580409573),.UNSPECIFIED.) CURVE() 
GEOMETRIC_REPRESENTATION_ITEM() RATIONAL_B_SPLINE_CURVE((1.,0.5,1.,0.5,
1.,0.5,1.)) REPRESENTATION_ITEM('') );
#6193 = CARTESIAN_POINT('',(33.183778734379,45.633802421917));
#6194 = CARTESIAN_POINT('',(54.713180068856,45.633797575261));
#6195 = CARTESIAN_POINT('',(43.948475204291,26.988791514662));
#6196 = CARTESIAN_POINT('',(33.183770339726,8.343785454062));
#6197 = CARTESIAN_POINT('',(22.419073869814,26.988796361317));
#6198 = CARTESIAN_POINT('',(11.654377399903,45.633807268573));
#6199 = CARTESIAN_POINT('',(33.183778734379,45.633802421917));
#6200 = ( GEOMETRIC_REPRESENTATION_CONTEXT(2) 
PARAMETRIC_REPRESENTATION_CONTEXT() REPRESENTATION_CONTEXT('2D SPACE',''
  ) );
#6201 = PCURVE('',#1043,#6202);
#6202 = DEFINITIONAL_REPRESENTATION('',(#6203),#6207);
#6203 = LINE('',#6204,#6205);
#6204 = CARTESIAN_POINT('',(0.,-1.5));
#6205 = VECTOR('',#6206,1.);
#6206 = DIRECTION('',(1.,0.));
#6207 = ( GEOMETRIC_REPRESENTATION_CONTEXT(2) 
PARAMETRIC_REPRESENTATION_CONTEXT() REPRESENTATION_CONTEXT('2D SPACE',''
  ) );
#6208 = ORIENTED_EDGE('',*,*,#6209,.F.);
#6209 = EDGE_CURVE('',#6210,#6182,#6212,.T.);
#6210 = VERTEX_POINT('',#6211);
#6211 = CARTESIAN_POINT('',(193.79767045631,-26.40757575114,3.01));
#6212 = SURFACE_CURVE('',#6213,(#6217,#6224),.PCURVE_S1.);
#6213 = LINE('',#6214,#6215);
#6214 = CARTESIAN_POINT('',(193.78734320827,-26.40756733228,3.01));
#6215 = VECTOR('',#6216,1.);
#6216 = DIRECTION('',(0.999999667718,-8.152082714298E-04,-0.));
#6217 = PCURVE('',#106,#6218);
#6218 = DEFINITIONAL_REPRESENTATION('',(#6219),#6223);
#6219 = LINE('',#6220,#6221);
#6220 = CARTESIAN_POINT('',(3.213121717533,45.658235089633));
#6221 = VECTOR('',#6222,1.);
#6222 = DIRECTION('',(0.999999667718,-8.152082714298E-04));
#6223 = ( GEOMETRIC_REPRESENTATION_CONTEXT(2) 
PARAMETRIC_REPRESENTATION_CONTEXT() REPRESENTATION_CONTEXT('2D SPACE',''
  ) );
#6224 = PCURVE('',#1071,#6225);
#6225 = DEFINITIONAL_REPRESENTATION('',(#6226),#6230);
#6226 = LINE('',#6227,#6228);
#6227 = CARTESIAN_POINT('',(-1.032725147838E-02,-1.5));
#6228 = VECTOR('',#6229,1.);
#6229 = DIRECTION('',(1.,0.));
#6230 = ( GEOMETRIC_REPRESENTATION_CONTEXT(2) 
PARAMETRIC_REPRESENTATION_CONTEXT() REPRESENTATION_CONTEXT('2D SPACE',''
  ) );
#6231 = ORIENTED_EDGE('',*,*,#6232,.F.);
#6232 = EDGE_CURVE('',#6233,#6210,#6235,.T.);
#6233 = VERTEX_POINT('',#6234);
#6234 = CARTESIAN_POINT('',(184.6502273413,-27.3431790694,3.01));
#6235 = SURFACE_CURVE('',#6236,(#6241,#6252),.PCURVE_S1.);
#6236 = CIRCLE('',#6237,37.395751903927);
#6237 = AXIS2_PLACEMENT_3D('',#6238,#6239,#6240);
#6238 = CARTESIAN_POINT('',(193.0000810431,-63.79482105737,3.01));
#6239 = DIRECTION('',(0.,0.,-1.));
#6240 = DIRECTION('',(-0.223698855421,0.974658310426,0.));
#6241 = PCURVE('',#106,#6242);
#6242 = DEFINITIONAL_REPRESENTATION('',(#6243),#6251);
#6243 = ( BOUNDED_CURVE() B_SPLINE_CURVE(2,(#6244,#6245,#6246,#6247,
#6248,#6249,#6250),.UNSPECIFIED.,.T.,.F.) B_SPLINE_CURVE_WITH_KNOTS((1,2
    ,2,2,2,1),(-2.094395102393,0.,2.094395102393,4.188790204786,
6.28318530718,8.377580409573),.UNSPECIFIED.) CURVE() 
GEOMETRIC_REPRESENTATION_ITEM() RATIONAL_B_SPLINE_CURVE((1.,0.5,1.,0.5,
1.,0.5,1.)) REPRESENTATION_ITEM('') );
#6244 = CARTESIAN_POINT('',(-5.939527346158,44.719061732353));
#6245 = CARTESIAN_POINT('',(57.190399689238,59.20833686556));
#6246 = CARTESIAN_POINT('',(38.173516519319,-2.708421252755));
#6247 = CARTESIAN_POINT('',(19.156633349401,-64.62517937106));
#6248 = CARTESIAN_POINT('',(-24.95641051607,-17.19769638596));
#6249 = CARTESIAN_POINT('',(-69.06945438155,30.229786599145));
#6250 = CARTESIAN_POINT('',(-5.939527346158,44.719061732353));
#6251 = ( GEOMETRIC_REPRESENTATION_CONTEXT(2) 
PARAMETRIC_REPRESENTATION_CONTEXT() REPRESENTATION_CONTEXT('2D SPACE',''
  ) );
#6252 = PCURVE('',#1104,#6253);
#6253 = DEFINITIONAL_REPRESENTATION('',(#6254),#6258);
#6254 = LINE('',#6255,#6256);
#6255 = CARTESIAN_POINT('',(0.,-1.5));
#6256 = VECTOR('',#6257,1.);
#6257 = DIRECTION('',(1.,0.));
#6258 = ( GEOMETRIC_REPRESENTATION_CONTEXT(2) 
PARAMETRIC_REPRESENTATION_CONTEXT() REPRESENTATION_CONTEXT('2D SPACE',''
  ) );
#6259 = ORIENTED_EDGE('',*,*,#6260,.F.);
#6260 = EDGE_CURVE('',#6261,#6233,#6263,.T.);
#6261 = VERTEX_POINT('',#6262);
#6262 = CARTESIAN_POINT('',(158.30247584303,-32.51844521272,3.01));
#6263 = SURFACE_CURVE('',#6264,(#6268,#6275),.PCURVE_S1.);
#6264 = LINE('',#6265,#6266);
#6265 = CARTESIAN_POINT('',(158.2834623314,-32.52217987611,3.01));
#6266 = VECTOR('',#6267,1.);
#6267 = DIRECTION('',(0.981250123887,0.192738668596,0.));
#6268 = PCURVE('',#106,#6269);
#6269 = DEFINITIONAL_REPRESENTATION('',(#6270),#6274);
#6270 = LINE('',#6271,#6272);
#6271 = CARTESIAN_POINT('',(-32.29075915933,39.543622545802));
#6272 = VECTOR('',#6273,1.);
#6273 = DIRECTION('',(0.981250123887,0.192738668596));
#6274 = ( GEOMETRIC_REPRESENTATION_CONTEXT(2) 
PARAMETRIC_REPRESENTATION_CONTEXT() REPRESENTATION_CONTEXT('2D SPACE',''
  ) );
#6275 = PCURVE('',#1132,#6276);
#6276 = DEFINITIONAL_REPRESENTATION('',(#6277),#6281);
#6277 = LINE('',#6278,#6279);
#6278 = CARTESIAN_POINT('',(-1.93768246912E-02,-1.5));
#6279 = VECTOR('',#6280,1.);
#6280 = DIRECTION('',(1.,0.));
#6281 = ( GEOMETRIC_REPRESENTATION_CONTEXT(2) 
PARAMETRIC_REPRESENTATION_CONTEXT() REPRESENTATION_CONTEXT('2D SPACE',''
  ) );
#6282 = ORIENTED_EDGE('',*,*,#6283,.F.);
#6283 = EDGE_CURVE('',#6284,#6261,#6286,.T.);
#6284 = VERTEX_POINT('',#6285);
#6285 = CARTESIAN_POINT('',(153.15886940476,-38.86970839326,3.01));
#6286 = SURFACE_CURVE('',#6287,(#6292,#6303),.PCURVE_S1.);
#6287 = CIRCLE('',#6288,6.105867468502);
#6288 = AXIS2_PLACEMENT_3D('',#6289,#6290,#6291);
#6289 = CARTESIAN_POINT('',(159.25632679512,-38.54934779062,3.01));
#6290 = DIRECTION('',(-0.,0.,-1.));
#6291 = DIRECTION('',(-0.998362340301,-5.720697044766E-02,0.));
#6292 = PCURVE('',#106,#6293);
#6293 = DEFINITIONAL_REPRESENTATION('',(#6294),#6302);
#6294 = ( BOUNDED_CURVE() B_SPLINE_CURVE(2,(#6295,#6296,#6297,#6298,
#6299,#6300,#6301),.UNSPECIFIED.,.T.,.F.) B_SPLINE_CURVE_WITH_KNOTS((1,2
    ,2,2,2,1),(-2.094395102393,0.,2.094395102393,4.188790204786,
6.28318530718,8.377580409573),.UNSPECIFIED.) CURVE() 
GEOMETRIC_REPRESENTATION_ITEM() RATIONAL_B_SPLINE_CURVE((1.,0.5,1.,0.5,
1.,0.5,1.)) REPRESENTATION_ITEM('') );
#6295 = CARTESIAN_POINT('',(-37.41376283104,33.167156451468));
#6296 = CARTESIAN_POINT('',(-38.01876502549,43.725509778262));
#6297 = CARTESIAN_POINT('',(-28.57246172513,38.970280384607));
#6298 = CARTESIAN_POINT('',(-19.12615842477,34.215050990951));
#6299 = CARTESIAN_POINT('',(-27.96745953068,28.411927057812));
#6300 = CARTESIAN_POINT('',(-36.80876063658,22.608803124673));
#6301 = CARTESIAN_POINT('',(-37.41376283104,33.167156451468));
#6302 = ( GEOMETRIC_REPRESENTATION_CONTEXT(2) 
PARAMETRIC_REPRESENTATION_CONTEXT() REPRESENTATION_CONTEXT('2D SPACE',''
  ) );
#6303 = PCURVE('',#1165,#6304);
#6304 = DEFINITIONAL_REPRESENTATION('',(#6305),#6309);
#6305 = LINE('',#6306,#6307);
#6306 = CARTESIAN_POINT('',(0.,-1.5));
#6307 = VECTOR('',#6308,1.);
#6308 = DIRECTION('',(1.,0.));
#6309 = ( GEOMETRIC_REPRESENTATION_CONTEXT(2) 
PARAMETRIC_REPRESENTATION_CONTEXT() REPRESENTATION_CONTEXT('2D SPACE',''
  ) );
#6310 = ORIENTED_EDGE('',*,*,#6311,.F.);
#6311 = EDGE_CURVE('',#6312,#6284,#6314,.T.);
#6312 = VERTEX_POINT('',#6313);
#6313 = CARTESIAN_POINT('',(153.16020405832,-39.62480617229,3.01));
#6314 = SURFACE_CURVE('',#6315,(#6319,#6326),.PCURVE_S1.);
#6315 = LINE('',#6316,#6317);
#6316 = CARTESIAN_POINT('',(153.16200156206,-40.64176752138,3.01));
#6317 = VECTOR('',#6318,1.);
#6318 = DIRECTION('',(-1.76752138749E-03,0.999998437933,0.));
#6319 = PCURVE('',#106,#6320);
#6320 = DEFINITIONAL_REPRESENTATION('',(#6321),#6325);
#6321 = LINE('',#6322,#6323);
#6322 = CARTESIAN_POINT('',(-37.41221992867,31.424034900528));
#6323 = VECTOR('',#6324,1.);
#6324 = DIRECTION('',(-1.76752138749E-03,0.999998437933));
#6325 = ( GEOMETRIC_REPRESENTATION_CONTEXT(2) 
PARAMETRIC_REPRESENTATION_CONTEXT() REPRESENTATION_CONTEXT('2D SPACE',''
  ) );
#6326 = PCURVE('',#1193,#6327);
#6327 = DEFINITIONAL_REPRESENTATION('',(#6328),#6332);
#6328 = LINE('',#6329,#6330);
#6329 = CARTESIAN_POINT('',(-2.80555957237E-02,-1.5));
#6330 = VECTOR('',#6331,1.);
#6331 = DIRECTION('',(1.,0.));
#6332 = ( GEOMETRIC_REPRESENTATION_CONTEXT(2) 
PARAMETRIC_REPRESENTATION_CONTEXT() REPRESENTATION_CONTEXT('2D SPACE',''
  ) );
#6333 = ORIENTED_EDGE('',*,*,#6334,.F.);
#6334 = EDGE_CURVE('',#6335,#6312,#6337,.T.);
#6335 = VERTEX_POINT('',#6336);
#6336 = CARTESIAN_POINT('',(152.16165384299,-40.626572645,3.01));
#6337 = SURFACE_CURVE('',#6338,(#6365,#6395),.PCURVE_S1.);
#6338 = B_SPLINE_CURVE_WITH_KNOTS('',5,(#6339,#6340,#6341,#6342,#6343,
    #6344,#6345,#6346,#6347,#6348,#6349,#6350,#6351,#6352,#6353,#6354,
    #6355,#6356,#6357,#6358,#6359,#6360,#6361,#6362,#6363,#6364),
  .UNSPECIFIED.,.F.,.F.,(6,4,4,4,4,4,6),(0.,0.150097401569,
    0.253834658869,0.5,0.746165341131,0.849902598431,1.),.UNSPECIFIED.);
#6339 = CARTESIAN_POINT('',(152.16165384299,-40.626572645,3.01));
#6340 = CARTESIAN_POINT('',(152.20640172818,-40.62650784003,3.01));
#6341 = CARTESIAN_POINT('',(152.25169554764,-40.62393926654,3.01));
#6342 = CARTESIAN_POINT('',(152.29729083359,-40.61874433746,3.01));
#6343 = CARTESIAN_POINT('',(152.34291811201,-40.61084410819,3.01));
#6344 = CARTESIAN_POINT('',(152.41965716852,-40.59286683315,3.01));
#6345 = CARTESIAN_POINT('',(152.45090000262,-40.58421574999,3.01));
#6346 = CARTESIAN_POINT('',(152.48193066723,-40.57425214441,3.01));
#6347 = CARTESIAN_POINT('',(152.51265578589,-40.56297981911,3.01));
#6348 = CARTESIAN_POINT('',(152.61494470258,-40.52059832368,3.01));
#6349 = CARTESIAN_POINT('',(152.68467024181,-40.48349853858,3.01));
#6350 = CARTESIAN_POINT('',(152.75089319484,-40.43933868468,3.01));
#6351 = CARTESIAN_POINT('',(152.81245845677,-40.38871293121,3.01));
#6352 = CARTESIAN_POINT('',(152.92443839273,-40.27637231605,3.01));
#6353 = CARTESIAN_POINT('',(152.97486590658,-40.21464457318,3.01));
#6354 = CARTESIAN_POINT('',(153.01881257635,-40.14827995596,3.01));
#6355 = CARTESIAN_POINT('',(153.05568795043,-40.07843547398,3.01));
#6356 = CARTESIAN_POINT('',(153.09774029218,-39.97601079832,3.01));
#6357 = CARTESIAN_POINT('',(153.1089137552,-39.94524958966,3.01));
#6358 = CARTESIAN_POINT('',(153.11877752272,-39.91418704512,3.01));
#6359 = CARTESIAN_POINT('',(153.12732809233,-39.88291655293,3.01));
#6360 = CARTESIAN_POINT('',(153.14505850157,-39.80612008296,3.01));
#6361 = CARTESIAN_POINT('',(153.15281196454,-39.76046763537,3.01));
#6362 = CARTESIAN_POINT('',(153.15786024418,-39.71485587964,3.01));
#6363 = CARTESIAN_POINT('',(153.16028315125,-39.6695540345,3.01));
#6364 = CARTESIAN_POINT('',(153.16020405832,-39.62480617229,3.01));
#6365 = PCURVE('',#106,#6366);
#6366 = DEFINITIONAL_REPRESENTATION('',(#6367),#6394);
#6367 = B_SPLINE_CURVE_WITH_KNOTS('',5,(#6368,#6369,#6370,#6371,#6372,
    #6373,#6374,#6375,#6376,#6377,#6378,#6379,#6380,#6381,#6382,#6383,
    #6384,#6385,#6386,#6387,#6388,#6389,#6390,#6391,#6392,#6393),
  .UNSPECIFIED.,.F.,.F.,(6,4,4,4,4,4,6),(0.,0.150097401569,
    0.253834658869,0.5,0.746165341131,0.849902598431,1.),.UNSPECIFIED.);
#6368 = CARTESIAN_POINT('',(-38.41256764774,31.439229776912));
#6369 = CARTESIAN_POINT('',(-38.36781976255,31.439294581879));
#6370 = CARTESIAN_POINT('',(-38.32252594309,31.441863155372));
#6371 = CARTESIAN_POINT('',(-38.27693065714,31.447058084447));
#6372 = CARTESIAN_POINT('',(-38.23130337872,31.454958313722));
#6373 = CARTESIAN_POINT('',(-38.15456432221,31.472935588763));
#6374 = CARTESIAN_POINT('',(-38.12332148811,31.481586671924));
#6375 = CARTESIAN_POINT('',(-38.0922908235,31.491550277506));
#6376 = CARTESIAN_POINT('',(-38.06156570484,31.502822602801));
#6377 = CARTESIAN_POINT('',(-37.95927678815,31.545204098233));
#6378 = CARTESIAN_POINT('',(-37.88955124892,31.582303883333));
#6379 = CARTESIAN_POINT('',(-37.82332829589,31.626463737227));
#6380 = CARTESIAN_POINT('',(-37.76176303396,31.677089490699));
#6381 = CARTESIAN_POINT('',(-37.649783098,31.789430105863));
#6382 = CARTESIAN_POINT('',(-37.59935558415,31.851157848731));
#6383 = CARTESIAN_POINT('',(-37.55540891438,31.917522465955));
#6384 = CARTESIAN_POINT('',(-37.5185335403,31.98736694793));
#6385 = CARTESIAN_POINT('',(-37.47648119855,32.089791623595));
#6386 = CARTESIAN_POINT('',(-37.46530773553,32.120552832255));
#6387 = CARTESIAN_POINT('',(-37.45544396801,32.151615376789));
#6388 = CARTESIAN_POINT('',(-37.4468933984,32.182885868977));
#6389 = CARTESIAN_POINT('',(-37.42916298916,32.259682338949));
#6390 = CARTESIAN_POINT('',(-37.42140952619,32.305334786537));
#6391 = CARTESIAN_POINT('',(-37.41636124655,32.350946542276));
#6392 = CARTESIAN_POINT('',(-37.41393833948,32.39624838741));
#6393 = CARTESIAN_POINT('',(-37.41401743241,32.440996249625));
#6394 = ( GEOMETRIC_REPRESENTATION_CONTEXT(2) 
PARAMETRIC_REPRESENTATION_CONTEXT() REPRESENTATION_CONTEXT('2D SPACE',''
  ) );
#6395 = PCURVE('',#1267,#6396);
#6396 = DEFINITIONAL_REPRESENTATION('',(#6397),#6424);
#6397 = B_SPLINE_CURVE_WITH_KNOTS('',5,(#6398,#6399,#6400,#6401,#6402,
    #6403,#6404,#6405,#6406,#6407,#6408,#6409,#6410,#6411,#6412,#6413,
    #6414,#6415,#6416,#6417,#6418,#6419,#6420,#6421,#6422,#6423),
  .UNSPECIFIED.,.F.,.F.,(6,4,4,4,4,4,6),(0.,0.150097401569,
    0.253834658869,0.5,0.746165341131,0.849902598431,1.),.UNSPECIFIED.);
#6398 = CARTESIAN_POINT('',(0.,1.5));
#6399 = CARTESIAN_POINT('',(4.74547738322E-02,1.5));
#6400 = CARTESIAN_POINT('',(9.439262589708E-02,1.5));
#6401 = CARTESIAN_POINT('',(0.140848363899,1.5));
#6402 = CARTESIAN_POINT('',(0.186868460503,1.5));
#6403 = CARTESIAN_POINT('',(0.264037459705,1.5));
#6404 = CARTESIAN_POINT('',(0.29538961122,1.5));
#6405 = CARTESIAN_POINT('',(0.326572591502,1.5));
#6406 = CARTESIAN_POINT('',(0.357603420268,1.5));
#6407 = CARTESIAN_POINT('',(0.461816639435,1.5));
#6408 = CARTESIAN_POINT('',(0.534386191142,1.5));
#6409 = CARTESIAN_POINT('',(0.606421778829,1.5));
#6410 = CARTESIAN_POINT('',(0.678215027614,1.5));
#6411 = CARTESIAN_POINT('',(0.821784972386,1.5));
#6412 = CARTESIAN_POINT('',(0.893578221171,1.5));
#6413 = CARTESIAN_POINT('',(0.965613808858,1.5));
#6414 = CARTESIAN_POINT('',(1.038183360565,1.5));
#6415 = CARTESIAN_POINT('',(1.142396579732,1.5));
#6416 = CARTESIAN_POINT('',(1.173427408498,1.5));
#6417 = CARTESIAN_POINT('',(1.20461038878,1.5));
#6418 = CARTESIAN_POINT('',(1.235962540295,1.5));
#6419 = CARTESIAN_POINT('',(1.313131539497,1.5));
#6420 = CARTESIAN_POINT('',(1.359151636101,1.5));
#6421 = CARTESIAN_POINT('',(1.405607374103,1.5));
#6422 = CARTESIAN_POINT('',(1.452545226168,1.5));
#6423 = CARTESIAN_POINT('',(1.5,1.5));
#6424 = ( GEOMETRIC_REPRESENTATION_CONTEXT(2) 
PARAMETRIC_REPRESENTATION_CONTEXT() REPRESENTATION_CONTEXT('2D SPACE',''
  ) );
#6425 = ORIENTED_EDGE('',*,*,#6426,.F.);
#6426 = EDGE_CURVE('',#6427,#6335,#6429,.T.);
#6427 = VERTEX_POINT('',#6428);
#6428 = CARTESIAN_POINT('',(137.06626093194,-40.64843415711,3.01));
#6429 = SURFACE_CURVE('',#6430,(#6434,#6441),.PCURVE_S1.);
#6430 = LINE('',#6431,#6432);
#6431 = CARTESIAN_POINT('',(137.03871577739,-40.64847404867,3.01));
#6432 = VECTOR('',#6433,1.);
#6433 = DIRECTION('',(0.999998951325,1.448222601282E-03,0.));
#6434 = PCURVE('',#106,#6435);
#6435 = DEFINITIONAL_REPRESENTATION('',(#6436),#6440);
#6436 = LINE('',#6437,#6438);
#6437 = CARTESIAN_POINT('',(-53.53550571334,31.417328373241));
#6438 = VECTOR('',#6439,1.);
#6439 = DIRECTION('',(0.999998951325,1.448222601282E-03));
#6440 = ( GEOMETRIC_REPRESENTATION_CONTEXT(2) 
PARAMETRIC_REPRESENTATION_CONTEXT() REPRESENTATION_CONTEXT('2D SPACE',''
  ) );
#6441 = PCURVE('',#1329,#6442);
#6442 = DEFINITIONAL_REPRESENTATION('',(#6443),#6447);
#6443 = LINE('',#6444,#6445);
#6444 = CARTESIAN_POINT('',(-2.754518342896E-02,-1.5));
#6445 = VECTOR('',#6446,1.);
#6446 = DIRECTION('',(1.,0.));
#6447 = ( GEOMETRIC_REPRESENTATION_CONTEXT(2) 
PARAMETRIC_REPRESENTATION_CONTEXT() REPRESENTATION_CONTEXT('2D SPACE',''
  ) );
#6448 = ORIENTED_EDGE('',*,*,#6449,.F.);
#6449 = EDGE_CURVE('',#6450,#6427,#6452,.T.);
#6450 = VERTEX_POINT('',#6451);
#6451 = CARTESIAN_POINT('',(134.69032,-42.92936940337,3.01));
#6452 = SURFACE_CURVE('',#6453,(#6458,#6469),.PCURVE_S1.);
#6453 = CIRCLE('',#6454,2.270039073645);
#6454 = AXIS2_PLACEMENT_3D('',#6455,#6456,#6457);
#6455 = CARTESIAN_POINT('',(136.96031970243,-42.91599977949,3.01));
#6456 = DIRECTION('',(-0.,0.,-1.));
#6457 = DIRECTION('',(-0.999968999998,-7.873947120988E-03,0.));
#6458 = PCURVE('',#106,#6459);
#6459 = DEFINITIONAL_REPRESENTATION('',(#6460),#6468);
#6460 = ( BOUNDED_CURVE() B_SPLINE_CURVE(2,(#6461,#6462,#6463,#6464,
#6465,#6466,#6467),.UNSPECIFIED.,.T.,.F.) B_SPLINE_CURVE_WITH_KNOTS((1,2
    ,2,2,2,1),(-2.094395102393,0.,2.094395102393,4.188790204786,
6.28318530718,8.377580409573),.UNSPECIFIED.) CURVE() 
GEOMETRIC_REPRESENTATION_ITEM() RATIONAL_B_SPLINE_CURVE((1.,0.5,1.,0.5,
1.,0.5,1.)) REPRESENTATION_ITEM('') );
#6461 = CARTESIAN_POINT('',(-55.88387049073,29.131928474797));
#6462 = CARTESIAN_POINT('',(-55.91482945721,33.063629598995));
#6463 = CARTESIAN_POINT('',(-52.49439692033,31.124590288339));
#6464 = CARTESIAN_POINT('',(-49.07396438345,29.185550977682));
#6465 = CARTESIAN_POINT('',(-52.46343795385,27.192889164141));
#6466 = CARTESIAN_POINT('',(-55.85291152426,25.200227350599));
#6467 = CARTESIAN_POINT('',(-55.88387049073,29.131928474797));
#6468 = ( GEOMETRIC_REPRESENTATION_CONTEXT(2) 
PARAMETRIC_REPRESENTATION_CONTEXT() REPRESENTATION_CONTEXT('2D SPACE',''
  ) );
#6469 = PCURVE('',#1362,#6470);
#6470 = DEFINITIONAL_REPRESENTATION('',(#6471),#6475);
#6471 = LINE('',#6472,#6473);
#6472 = CARTESIAN_POINT('',(0.,-1.5));
#6473 = VECTOR('',#6474,1.);
#6474 = DIRECTION('',(1.,0.));
#6475 = ( GEOMETRIC_REPRESENTATION_CONTEXT(2) 
PARAMETRIC_REPRESENTATION_CONTEXT() REPRESENTATION_CONTEXT('2D SPACE',''
  ) );
#6476 = ORIENTED_EDGE('',*,*,#6477,.F.);
#6477 = EDGE_CURVE('',#5370,#6450,#6478,.T.);
#6478 = SURFACE_CURVE('',#6479,(#6483,#6490),.PCURVE_S1.);
#6479 = LINE('',#6480,#6481);
#6480 = CARTESIAN_POINT('',(134.69032,-49.276,3.01));
#6481 = VECTOR('',#6482,1.);
#6482 = DIRECTION('',(0.,1.,0.));
#6483 = PCURVE('',#106,#6484);
#6484 = DEFINITIONAL_REPRESENTATION('',(#6485),#6489);
#6485 = LINE('',#6486,#6487);
#6486 = CARTESIAN_POINT('',(-55.88390149073,22.789802421915));
#6487 = VECTOR('',#6488,1.);
#6488 = DIRECTION('',(0.,1.));
#6489 = ( GEOMETRIC_REPRESENTATION_CONTEXT(2) 
PARAMETRIC_REPRESENTATION_CONTEXT() REPRESENTATION_CONTEXT('2D SPACE',''
  ) );
#6490 = PCURVE('',#1390,#6491);
#6491 = DEFINITIONAL_REPRESENTATION('',(#6492),#6496);
#6492 = LINE('',#6493,#6494);
#6493 = CARTESIAN_POINT('',(-0.36909459365,-1.5));
#6494 = VECTOR('',#6495,1.);
#6495 = DIRECTION('',(1.,0.));
#6496 = ( GEOMETRIC_REPRESENTATION_CONTEXT(2) 
PARAMETRIC_REPRESENTATION_CONTEXT() REPRESENTATION_CONTEXT('2D SPACE',''
  ) );
#6497 = ORIENTED_EDGE('',*,*,#5392,.F.);
#6498 = FACE_BOUND('',#6499,.T.);
#6499 = EDGE_LOOP('',(#6500,#6523,#6551,#6572,#6600,#6621,#6645,#6666));
#6500 = ORIENTED_EDGE('',*,*,#6501,.T.);
#6501 = EDGE_CURVE('',#6502,#6504,#6506,.T.);
#6502 = VERTEX_POINT('',#6503);
#6503 = CARTESIAN_POINT('',(171.084,-98.694,3.01));
#6504 = VERTEX_POINT('',#6505);
#6505 = CARTESIAN_POINT('',(171.084,-110.694,3.01));
#6506 = SURFACE_CURVE('',#6507,(#6511,#6517),.PCURVE_S1.);
#6507 = LINE('',#6508,#6509);
#6508 = CARTESIAN_POINT('',(171.084,-91.87990121095,3.01));
#6509 = VECTOR('',#6510,1.);
#6510 = DIRECTION('',(0.,-1.,0.));
#6511 = PCURVE('',#106,#6512);
#6512 = DEFINITIONAL_REPRESENTATION('',(#6513),#6516);
#6513 = B_SPLINE_CURVE_WITH_KNOTS('',1,(#6514,#6515),.UNSPECIFIED.,.F.,
  .F.,(2,2),(5.814098789042,19.814098789042),.PIECEWISE_BEZIER_KNOTS.);
#6514 = CARTESIAN_POINT('',(-19.49022149073,-25.62819757808));
#6515 = CARTESIAN_POINT('',(-19.49022149073,-39.62819757808));
#6516 = ( GEOMETRIC_REPRESENTATION_CONTEXT(2) 
PARAMETRIC_REPRESENTATION_CONTEXT() REPRESENTATION_CONTEXT('2D SPACE',''
  ) );
#6517 = PCURVE('',#1474,#6518);
#6518 = DEFINITIONAL_REPRESENTATION('',(#6519),#6522);
#6519 = B_SPLINE_CURVE_WITH_KNOTS('',1,(#6520,#6521),.UNSPECIFIED.,.F.,
  .F.,(2,2),(5.814098789042,19.814098789042),.PIECEWISE_BEZIER_KNOTS.);
#6520 = CARTESIAN_POINT('',(14.,-2.5));
#6521 = CARTESIAN_POINT('',(0.,-2.5));
#6522 = ( GEOMETRIC_REPRESENTATION_CONTEXT(2) 
PARAMETRIC_REPRESENTATION_CONTEXT() REPRESENTATION_CONTEXT('2D SPACE',''
  ) );
#6523 = ORIENTED_EDGE('',*,*,#6524,.T.);
#6524 = EDGE_CURVE('',#6504,#6525,#6527,.T.);
#6525 = VERTEX_POINT('',#6526);
#6526 = CARTESIAN_POINT('',(170.084,-111.694,3.01));
#6527 = SURFACE_CURVE('',#6528,(#6533,#6544),.PCURVE_S1.);
#6528 = CIRCLE('',#6529,1.);
#6529 = AXIS2_PLACEMENT_3D('',#6530,#6531,#6532);
#6530 = CARTESIAN_POINT('',(170.084,-110.694,3.01));
#6531 = DIRECTION('',(-0.,-0.,-1.));
#6532 = DIRECTION('',(0.,-1.,0.));
#6533 = PCURVE('',#106,#6534);
#6534 = DEFINITIONAL_REPRESENTATION('',(#6535),#6543);
#6535 = ( BOUNDED_CURVE() B_SPLINE_CURVE(2,(#6536,#6537,#6538,#6539,
#6540,#6541,#6542),.UNSPECIFIED.,.T.,.F.) B_SPLINE_CURVE_WITH_KNOTS((1,2
    ,2,2,2,1),(-2.094395102393,0.,2.094395102393,4.188790204786,
6.28318530718,8.377580409573),.UNSPECIFIED.) CURVE() 
GEOMETRIC_REPRESENTATION_ITEM() RATIONAL_B_SPLINE_CURVE((1.,0.5,1.,0.5,
1.,0.5,1.)) REPRESENTATION_ITEM('') );
#6536 = CARTESIAN_POINT('',(-20.49022149073,-39.62819757808));
#6537 = CARTESIAN_POINT('',(-22.2222722983,-39.62819757808));
#6538 = CARTESIAN_POINT('',(-21.35624689452,-38.12819757808));
#6539 = CARTESIAN_POINT('',(-20.49022149073,-36.62819757808));
#6540 = CARTESIAN_POINT('',(-19.62419608695,-38.12819757808));
#6541 = CARTESIAN_POINT('',(-18.75817068317,-39.62819757808));
#6542 = CARTESIAN_POINT('',(-20.49022149073,-39.62819757808));
#6543 = ( GEOMETRIC_REPRESENTATION_CONTEXT(2) 
PARAMETRIC_REPRESENTATION_CONTEXT() REPRESENTATION_CONTEXT('2D SPACE',''
  ) );
#6544 = PCURVE('',#1506,#6545);
#6545 = DEFINITIONAL_REPRESENTATION('',(#6546),#6550);
#6546 = LINE('',#6547,#6548);
#6547 = CARTESIAN_POINT('',(4.712388980385,1.5));
#6548 = VECTOR('',#6549,1.);
#6549 = DIRECTION('',(-1.,0.));
#6550 = ( GEOMETRIC_REPRESENTATION_CONTEXT(2) 
PARAMETRIC_REPRESENTATION_CONTEXT() REPRESENTATION_CONTEXT('2D SPACE',''
  ) );
#6551 = ORIENTED_EDGE('',*,*,#6552,.T.);
#6552 = EDGE_CURVE('',#6525,#6553,#6555,.T.);
#6553 = VERTEX_POINT('',#6554);
#6554 = CARTESIAN_POINT('',(158.084,-111.694,3.01));
#6555 = SURFACE_CURVE('',#6556,(#6560,#6566),.PCURVE_S1.);
#6556 = LINE('',#6557,#6558);
#6557 = CARTESIAN_POINT('',(173.82911074536,-111.694,3.01));
#6558 = VECTOR('',#6559,1.);
#6559 = DIRECTION('',(-1.,0.,0.));
#6560 = PCURVE('',#106,#6561);
#6561 = DEFINITIONAL_REPRESENTATION('',(#6562),#6565);
#6562 = B_SPLINE_CURVE_WITH_KNOTS('',1,(#6563,#6564),.UNSPECIFIED.,.F.,
  .F.,(2,2),(2.745110745369,16.745110745369),.PIECEWISE_BEZIER_KNOTS.);
#6563 = CARTESIAN_POINT('',(-19.49022149073,-39.62819757808));
#6564 = CARTESIAN_POINT('',(-33.49022149073,-39.62819757808));
#6565 = ( GEOMETRIC_REPRESENTATION_CONTEXT(2) 
PARAMETRIC_REPRESENTATION_CONTEXT() REPRESENTATION_CONTEXT('2D SPACE',''
  ) );
#6566 = PCURVE('',#1533,#6567);
#6567 = DEFINITIONAL_REPRESENTATION('',(#6568),#6571);
#6568 = B_SPLINE_CURVE_WITH_KNOTS('',1,(#6569,#6570),.UNSPECIFIED.,.F.,
  .F.,(2,2),(2.745110745369,16.745110745369),.PIECEWISE_BEZIER_KNOTS.);
#6569 = CARTESIAN_POINT('',(14.,-2.5));
#6570 = CARTESIAN_POINT('',(0.,-2.5));
#6571 = ( GEOMETRIC_REPRESENTATION_CONTEXT(2) 
PARAMETRIC_REPRESENTATION_CONTEXT() REPRESENTATION_CONTEXT('2D SPACE',''
  ) );
#6572 = ORIENTED_EDGE('',*,*,#6573,.T.);
#6573 = EDGE_CURVE('',#6553,#6574,#6576,.T.);
#6574 = VERTEX_POINT('',#6575);
#6575 = CARTESIAN_POINT('',(157.084,-110.694,3.01));
#6576 = SURFACE_CURVE('',#6577,(#6582,#6593),.PCURVE_S1.);
#6577 = CIRCLE('',#6578,1.);
#6578 = AXIS2_PLACEMENT_3D('',#6579,#6580,#6581);
#6579 = CARTESIAN_POINT('',(158.084,-110.694,3.01));
#6580 = DIRECTION('',(-0.,-0.,-1.));
#6581 = DIRECTION('',(0.,-1.,0.));
#6582 = PCURVE('',#106,#6583);
#6583 = DEFINITIONAL_REPRESENTATION('',(#6584),#6592);
#6584 = ( BOUNDED_CURVE() B_SPLINE_CURVE(2,(#6585,#6586,#6587,#6588,
#6589,#6590,#6591),.UNSPECIFIED.,.T.,.F.) B_SPLINE_CURVE_WITH_KNOTS((1,2
    ,2,2,2,1),(-2.094395102393,0.,2.094395102393,4.188790204786,
6.28318530718,8.377580409573),.UNSPECIFIED.) CURVE() 
GEOMETRIC_REPRESENTATION_ITEM() RATIONAL_B_SPLINE_CURVE((1.,0.5,1.,0.5,
1.,0.5,1.)) REPRESENTATION_ITEM('') );
#6585 = CARTESIAN_POINT('',(-32.49022149073,-39.62819757808));
#6586 = CARTESIAN_POINT('',(-34.2222722983,-39.62819757808));
#6587 = CARTESIAN_POINT('',(-33.35624689452,-38.12819757808));
#6588 = CARTESIAN_POINT('',(-32.49022149073,-36.62819757808));
#6589 = CARTESIAN_POINT('',(-31.62419608695,-38.12819757808));
#6590 = CARTESIAN_POINT('',(-30.75817068317,-39.62819757808));
#6591 = CARTESIAN_POINT('',(-32.49022149073,-39.62819757808));
#6592 = ( GEOMETRIC_REPRESENTATION_CONTEXT(2) 
PARAMETRIC_REPRESENTATION_CONTEXT() REPRESENTATION_CONTEXT('2D SPACE',''
  ) );
#6593 = PCURVE('',#1565,#6594);
#6594 = DEFINITIONAL_REPRESENTATION('',(#6595),#6599);
#6595 = LINE('',#6596,#6597);
#6596 = CARTESIAN_POINT('',(-0.,1.5));
#6597 = VECTOR('',#6598,1.);
#6598 = DIRECTION('',(-1.,0.));
#6599 = ( GEOMETRIC_REPRESENTATION_CONTEXT(2) 
PARAMETRIC_REPRESENTATION_CONTEXT() REPRESENTATION_CONTEXT('2D SPACE',''
  ) );
#6600 = ORIENTED_EDGE('',*,*,#6601,.T.);
#6601 = EDGE_CURVE('',#6574,#6602,#6604,.T.);
#6602 = VERTEX_POINT('',#6603);
#6603 = CARTESIAN_POINT('',(157.084,-98.694,3.01));
#6604 = SURFACE_CURVE('',#6605,(#6609,#6615),.PCURVE_S1.);
#6605 = LINE('',#6606,#6607);
#6606 = CARTESIAN_POINT('',(157.084,-84.87990121095,3.01));
#6607 = VECTOR('',#6608,1.);
#6608 = DIRECTION('',(-0.,1.,0.));
#6609 = PCURVE('',#106,#6610);
#6610 = DEFINITIONAL_REPRESENTATION('',(#6611),#6614);
#6611 = B_SPLINE_CURVE_WITH_KNOTS('',1,(#6612,#6613),.UNSPECIFIED.,.F.,
  .F.,(2,2),(-26.81409878904,-12.81409878904),.PIECEWISE_BEZIER_KNOTS.);
#6612 = CARTESIAN_POINT('',(-33.49022149073,-39.62819757808));
#6613 = CARTESIAN_POINT('',(-33.49022149073,-25.62819757808));
#6614 = ( GEOMETRIC_REPRESENTATION_CONTEXT(2) 
PARAMETRIC_REPRESENTATION_CONTEXT() REPRESENTATION_CONTEXT('2D SPACE',''
  ) );
#6615 = PCURVE('',#1592,#6616);
#6616 = DEFINITIONAL_REPRESENTATION('',(#6617),#6620);
#6617 = B_SPLINE_CURVE_WITH_KNOTS('',1,(#6618,#6619),.UNSPECIFIED.,.F.,
  .F.,(2,2),(-26.81409878904,-12.81409878904),.PIECEWISE_BEZIER_KNOTS.);
#6618 = CARTESIAN_POINT('',(14.,-2.5));
#6619 = CARTESIAN_POINT('',(0.,-2.5));
#6620 = ( GEOMETRIC_REPRESENTATION_CONTEXT(2) 
PARAMETRIC_REPRESENTATION_CONTEXT() REPRESENTATION_CONTEXT('2D SPACE',''
  ) );
#6621 = ORIENTED_EDGE('',*,*,#6622,.F.);
#6622 = EDGE_CURVE('',#6623,#6602,#6625,.T.);
#6623 = VERTEX_POINT('',#6624);
#6624 = CARTESIAN_POINT('',(158.084,-97.694,3.01));
#6625 = SURFACE_CURVE('',#6626,(#6631,#6638),.PCURVE_S1.);
#6626 = CIRCLE('',#6627,1.);
#6627 = AXIS2_PLACEMENT_3D('',#6628,#6629,#6630);
#6628 = CARTESIAN_POINT('',(158.084,-98.694,3.01));
#6629 = DIRECTION('',(0.,0.,1.));
#6630 = DIRECTION('',(0.,-1.,0.));
#6631 = PCURVE('',#106,#6632);
#6632 = DEFINITIONAL_REPRESENTATION('',(#6633),#6637);
#6633 = CIRCLE('',#6634,1.);
#6634 = AXIS2_PLACEMENT_2D('',#6635,#6636);
#6635 = CARTESIAN_POINT('',(-32.49022149073,-26.62819757808));
#6636 = DIRECTION('',(0.,-1.));
#6637 = ( GEOMETRIC_REPRESENTATION_CONTEXT(2) 
PARAMETRIC_REPRESENTATION_CONTEXT() REPRESENTATION_CONTEXT('2D SPACE',''
  ) );
#6638 = PCURVE('',#1620,#6639);
#6639 = DEFINITIONAL_REPRESENTATION('',(#6640),#6644);
#6640 = LINE('',#6641,#6642);
#6641 = CARTESIAN_POINT('',(-3.14159265359,1.5));
#6642 = VECTOR('',#6643,1.);
#6643 = DIRECTION('',(1.,0.));
#6644 = ( GEOMETRIC_REPRESENTATION_CONTEXT(2) 
PARAMETRIC_REPRESENTATION_CONTEXT() REPRESENTATION_CONTEXT('2D SPACE',''
  ) );
#6645 = ORIENTED_EDGE('',*,*,#6646,.T.);
#6646 = EDGE_CURVE('',#6623,#6647,#6649,.T.);
#6647 = VERTEX_POINT('',#6648);
#6648 = CARTESIAN_POINT('',(170.084,-97.694,3.01));
#6649 = SURFACE_CURVE('',#6650,(#6654,#6660),.PCURVE_S1.);
#6650 = LINE('',#6651,#6652);
#6651 = CARTESIAN_POINT('',(180.82911074536,-97.694,3.01));
#6652 = VECTOR('',#6653,1.);
#6653 = DIRECTION('',(1.,0.,-0.));
#6654 = PCURVE('',#106,#6655);
#6655 = DEFINITIONAL_REPRESENTATION('',(#6656),#6659);
#6656 = B_SPLINE_CURVE_WITH_KNOTS('',1,(#6657,#6658),.UNSPECIFIED.,.F.,
  .F.,(2,2),(-23.74511074536,-9.745110745369),.PIECEWISE_BEZIER_KNOTS.);
#6657 = CARTESIAN_POINT('',(-33.49022149073,-25.62819757808));
#6658 = CARTESIAN_POINT('',(-19.49022149073,-25.62819757808));
#6659 = ( GEOMETRIC_REPRESENTATION_CONTEXT(2) 
PARAMETRIC_REPRESENTATION_CONTEXT() REPRESENTATION_CONTEXT('2D SPACE',''
  ) );
#6660 = PCURVE('',#1647,#6661);
#6661 = DEFINITIONAL_REPRESENTATION('',(#6662),#6665);
#6662 = B_SPLINE_CURVE_WITH_KNOTS('',1,(#6663,#6664),.UNSPECIFIED.,.F.,
  .F.,(2,2),(-23.74511074536,-9.745110745369),.PIECEWISE_BEZIER_KNOTS.);
#6663 = CARTESIAN_POINT('',(14.,-2.5));
#6664 = CARTESIAN_POINT('',(0.,-2.5));
#6665 = ( GEOMETRIC_REPRESENTATION_CONTEXT(2) 
PARAMETRIC_REPRESENTATION_CONTEXT() REPRESENTATION_CONTEXT('2D SPACE',''
  ) );
#6666 = ORIENTED_EDGE('',*,*,#6667,.F.);
#6667 = EDGE_CURVE('',#6502,#6647,#6668,.T.);
#6668 = SURFACE_CURVE('',#6669,(#6674,#6681),.PCURVE_S1.);
#6669 = CIRCLE('',#6670,1.);
#6670 = AXIS2_PLACEMENT_3D('',#6671,#6672,#6673);
#6671 = CARTESIAN_POINT('',(170.084,-98.694,3.01));
#6672 = DIRECTION('',(0.,0.,1.));
#6673 = DIRECTION('',(0.,-1.,0.));
#6674 = PCURVE('',#106,#6675);
#6675 = DEFINITIONAL_REPRESENTATION('',(#6676),#6680);
#6676 = CIRCLE('',#6677,1.);
#6677 = AXIS2_PLACEMENT_2D('',#6678,#6679);
#6678 = CARTESIAN_POINT('',(-20.49022149073,-26.62819757808));
#6679 = DIRECTION('',(0.,-1.));
#6680 = ( GEOMETRIC_REPRESENTATION_CONTEXT(2) 
PARAMETRIC_REPRESENTATION_CONTEXT() REPRESENTATION_CONTEXT('2D SPACE',''
  ) );
#6681 = PCURVE('',#1673,#6682);
#6682 = DEFINITIONAL_REPRESENTATION('',(#6683),#6687);
#6683 = LINE('',#6684,#6685);
#6684 = CARTESIAN_POINT('',(-1.570796326795,1.5));
#6685 = VECTOR('',#6686,1.);
#6686 = DIRECTION('',(1.,0.));
#6687 = ( GEOMETRIC_REPRESENTATION_CONTEXT(2) 
PARAMETRIC_REPRESENTATION_CONTEXT() REPRESENTATION_CONTEXT('2D SPACE',''
  ) );
#6688 = FACE_BOUND('',#6689,.T.);
#6689 = EDGE_LOOP('',(#6690,#6713,#6741,#6762,#6790,#6811,#6835,#6856));
#6690 = ORIENTED_EDGE('',*,*,#6691,.T.);
#6691 = EDGE_CURVE('',#6692,#6694,#6696,.T.);
#6692 = VERTEX_POINT('',#6693);
#6693 = CARTESIAN_POINT('',(152.018,-91.836,3.01));
#6694 = VERTEX_POINT('',#6695);
#6695 = CARTESIAN_POINT('',(152.018,-103.836,3.01));
#6696 = SURFACE_CURVE('',#6697,(#6701,#6707),.PCURVE_S1.);
#6697 = LINE('',#6698,#6699);
#6698 = CARTESIAN_POINT('',(152.018,-88.45090121095,3.01));
#6699 = VECTOR('',#6700,1.);
#6700 = DIRECTION('',(0.,-1.,0.));
#6701 = PCURVE('',#106,#6702);
#6702 = DEFINITIONAL_REPRESENTATION('',(#6703),#6706);
#6703 = B_SPLINE_CURVE_WITH_KNOTS('',1,(#6704,#6705),.UNSPECIFIED.,.F.,
  .F.,(2,2),(2.385098789042,16.385098789042),.PIECEWISE_BEZIER_KNOTS.);
#6704 = CARTESIAN_POINT('',(-38.55622149073,-18.77019757808));
#6705 = CARTESIAN_POINT('',(-38.55622149073,-32.77019757808));
#6706 = ( GEOMETRIC_REPRESENTATION_CONTEXT(2) 
PARAMETRIC_REPRESENTATION_CONTEXT() REPRESENTATION_CONTEXT('2D SPACE',''
  ) );
#6707 = PCURVE('',#1704,#6708);
#6708 = DEFINITIONAL_REPRESENTATION('',(#6709),#6712);
#6709 = B_SPLINE_CURVE_WITH_KNOTS('',1,(#6710,#6711),.UNSPECIFIED.,.F.,
  .F.,(2,2),(2.385098789042,16.385098789042),.PIECEWISE_BEZIER_KNOTS.);
#6710 = CARTESIAN_POINT('',(14.,-2.5));
#6711 = CARTESIAN_POINT('',(0.,-2.5));
#6712 = ( GEOMETRIC_REPRESENTATION_CONTEXT(2) 
PARAMETRIC_REPRESENTATION_CONTEXT() REPRESENTATION_CONTEXT('2D SPACE',''
  ) );
#6713 = ORIENTED_EDGE('',*,*,#6714,.T.);
#6714 = EDGE_CURVE('',#6694,#6715,#6717,.T.);
#6715 = VERTEX_POINT('',#6716);
#6716 = CARTESIAN_POINT('',(151.018,-104.836,3.01));
#6717 = SURFACE_CURVE('',#6718,(#6723,#6734),.PCURVE_S1.);
#6718 = CIRCLE('',#6719,1.);
#6719 = AXIS2_PLACEMENT_3D('',#6720,#6721,#6722);
#6720 = CARTESIAN_POINT('',(151.018,-103.836,3.01));
#6721 = DIRECTION('',(-0.,-0.,-1.));
#6722 = DIRECTION('',(0.,-1.,0.));
#6723 = PCURVE('',#106,#6724);
#6724 = DEFINITIONAL_REPRESENTATION('',(#6725),#6733);
#6725 = ( BOUNDED_CURVE() B_SPLINE_CURVE(2,(#6726,#6727,#6728,#6729,
#6730,#6731,#6732),.UNSPECIFIED.,.T.,.F.) B_SPLINE_CURVE_WITH_KNOTS((1,2
    ,2,2,2,1),(-2.094395102393,0.,2.094395102393,4.188790204786,
6.28318530718,8.377580409573),.UNSPECIFIED.) CURVE() 
GEOMETRIC_REPRESENTATION_ITEM() RATIONAL_B_SPLINE_CURVE((1.,0.5,1.,0.5,
1.,0.5,1.)) REPRESENTATION_ITEM('') );
#6726 = CARTESIAN_POINT('',(-39.55622149073,-32.77019757808));
#6727 = CARTESIAN_POINT('',(-41.2882722983,-32.77019757808));
#6728 = CARTESIAN_POINT('',(-40.42224689452,-31.27019757808));
#6729 = CARTESIAN_POINT('',(-39.55622149073,-29.77019757808));
#6730 = CARTESIAN_POINT('',(-38.69019608695,-31.27019757808));
#6731 = CARTESIAN_POINT('',(-37.82417068317,-32.77019757808));
#6732 = CARTESIAN_POINT('',(-39.55622149073,-32.77019757808));
#6733 = ( GEOMETRIC_REPRESENTATION_CONTEXT(2) 
PARAMETRIC_REPRESENTATION_CONTEXT() REPRESENTATION_CONTEXT('2D SPACE',''
  ) );
#6734 = PCURVE('',#1736,#6735);
#6735 = DEFINITIONAL_REPRESENTATION('',(#6736),#6740);
#6736 = LINE('',#6737,#6738);
#6737 = CARTESIAN_POINT('',(4.712388980385,1.5));
#6738 = VECTOR('',#6739,1.);
#6739 = DIRECTION('',(-1.,0.));
#6740 = ( GEOMETRIC_REPRESENTATION_CONTEXT(2) 
PARAMETRIC_REPRESENTATION_CONTEXT() REPRESENTATION_CONTEXT('2D SPACE',''
  ) );
#6741 = ORIENTED_EDGE('',*,*,#6742,.T.);
#6742 = EDGE_CURVE('',#6715,#6743,#6745,.T.);
#6743 = VERTEX_POINT('',#6744);
#6744 = CARTESIAN_POINT('',(139.018,-104.836,3.01));
#6745 = SURFACE_CURVE('',#6746,(#6750,#6756),.PCURVE_S1.);
#6746 = LINE('',#6747,#6748);
#6747 = CARTESIAN_POINT('',(164.29611074536,-104.836,3.01));
#6748 = VECTOR('',#6749,1.);
#6749 = DIRECTION('',(-1.,0.,0.));
#6750 = PCURVE('',#106,#6751);
#6751 = DEFINITIONAL_REPRESENTATION('',(#6752),#6755);
#6752 = B_SPLINE_CURVE_WITH_KNOTS('',1,(#6753,#6754),.UNSPECIFIED.,.F.,
  .F.,(2,2),(12.278110745369,26.278110745369),.PIECEWISE_BEZIER_KNOTS.);
#6753 = CARTESIAN_POINT('',(-38.55622149073,-32.77019757808));
#6754 = CARTESIAN_POINT('',(-52.55622149073,-32.77019757808));
#6755 = ( GEOMETRIC_REPRESENTATION_CONTEXT(2) 
PARAMETRIC_REPRESENTATION_CONTEXT() REPRESENTATION_CONTEXT('2D SPACE',''
  ) );
#6756 = PCURVE('',#1763,#6757);
#6757 = DEFINITIONAL_REPRESENTATION('',(#6758),#6761);
#6758 = B_SPLINE_CURVE_WITH_KNOTS('',1,(#6759,#6760),.UNSPECIFIED.,.F.,
  .F.,(2,2),(12.278110745369,26.278110745369),.PIECEWISE_BEZIER_KNOTS.);
#6759 = CARTESIAN_POINT('',(14.,-2.5));
#6760 = CARTESIAN_POINT('',(0.,-2.5));
#6761 = ( GEOMETRIC_REPRESENTATION_CONTEXT(2) 
PARAMETRIC_REPRESENTATION_CONTEXT() REPRESENTATION_CONTEXT('2D SPACE',''
  ) );
#6762 = ORIENTED_EDGE('',*,*,#6763,.T.);
#6763 = EDGE_CURVE('',#6743,#6764,#6766,.T.);
#6764 = VERTEX_POINT('',#6765);
#6765 = CARTESIAN_POINT('',(138.018,-103.836,3.01));
#6766 = SURFACE_CURVE('',#6767,(#6772,#6783),.PCURVE_S1.);
#6767 = CIRCLE('',#6768,1.);
#6768 = AXIS2_PLACEMENT_3D('',#6769,#6770,#6771);
#6769 = CARTESIAN_POINT('',(139.018,-103.836,3.01));
#6770 = DIRECTION('',(-0.,-0.,-1.));
#6771 = DIRECTION('',(0.,-1.,0.));
#6772 = PCURVE('',#106,#6773);
#6773 = DEFINITIONAL_REPRESENTATION('',(#6774),#6782);
#6774 = ( BOUNDED_CURVE() B_SPLINE_CURVE(2,(#6775,#6776,#6777,#6778,
#6779,#6780,#6781),.UNSPECIFIED.,.T.,.F.) B_SPLINE_CURVE_WITH_KNOTS((1,2
    ,2,2,2,1),(-2.094395102393,0.,2.094395102393,4.188790204786,
6.28318530718,8.377580409573),.UNSPECIFIED.) CURVE() 
GEOMETRIC_REPRESENTATION_ITEM() RATIONAL_B_SPLINE_CURVE((1.,0.5,1.,0.5,
1.,0.5,1.)) REPRESENTATION_ITEM('') );
#6775 = CARTESIAN_POINT('',(-51.55622149073,-32.77019757808));
#6776 = CARTESIAN_POINT('',(-53.2882722983,-32.77019757808));
#6777 = CARTESIAN_POINT('',(-52.42224689452,-31.27019757808));
#6778 = CARTESIAN_POINT('',(-51.55622149073,-29.77019757808));
#6779 = CARTESIAN_POINT('',(-50.69019608695,-31.27019757808));
#6780 = CARTESIAN_POINT('',(-49.82417068317,-32.77019757808));
#6781 = CARTESIAN_POINT('',(-51.55622149073,-32.77019757808));
#6782 = ( GEOMETRIC_REPRESENTATION_CONTEXT(2) 
PARAMETRIC_REPRESENTATION_CONTEXT() REPRESENTATION_CONTEXT('2D SPACE',''
  ) );
#6783 = PCURVE('',#1795,#6784);
#6784 = DEFINITIONAL_REPRESENTATION('',(#6785),#6789);
#6785 = LINE('',#6786,#6787);
#6786 = CARTESIAN_POINT('',(-0.,1.5));
#6787 = VECTOR('',#6788,1.);
#6788 = DIRECTION('',(-1.,0.));
#6789 = ( GEOMETRIC_REPRESENTATION_CONTEXT(2) 
PARAMETRIC_REPRESENTATION_CONTEXT() REPRESENTATION_CONTEXT('2D SPACE',''
  ) );
#6790 = ORIENTED_EDGE('',*,*,#6791,.T.);
#6791 = EDGE_CURVE('',#6764,#6792,#6794,.T.);
#6792 = VERTEX_POINT('',#6793);
#6793 = CARTESIAN_POINT('',(138.018,-91.836,3.01));
#6794 = SURFACE_CURVE('',#6795,(#6799,#6805),.PCURVE_S1.);
#6795 = LINE('',#6796,#6797);
#6796 = CARTESIAN_POINT('',(138.018,-81.45090121095,3.01));
#6797 = VECTOR('',#6798,1.);
#6798 = DIRECTION('',(-0.,1.,0.));
#6799 = PCURVE('',#106,#6800);
#6800 = DEFINITIONAL_REPRESENTATION('',(#6801),#6804);
#6801 = B_SPLINE_CURVE_WITH_KNOTS('',1,(#6802,#6803),.UNSPECIFIED.,.F.,
  .F.,(2,2),(-23.38509878904,-9.385098789042),.PIECEWISE_BEZIER_KNOTS.);
#6802 = CARTESIAN_POINT('',(-52.55622149073,-32.77019757808));
#6803 = CARTESIAN_POINT('',(-52.55622149073,-18.77019757808));
#6804 = ( GEOMETRIC_REPRESENTATION_CONTEXT(2) 
PARAMETRIC_REPRESENTATION_CONTEXT() REPRESENTATION_CONTEXT('2D SPACE',''
  ) );
#6805 = PCURVE('',#1822,#6806);
#6806 = DEFINITIONAL_REPRESENTATION('',(#6807),#6810);
#6807 = B_SPLINE_CURVE_WITH_KNOTS('',1,(#6808,#6809),.UNSPECIFIED.,.F.,
  .F.,(2,2),(-23.38509878904,-9.385098789042),.PIECEWISE_BEZIER_KNOTS.);
#6808 = CARTESIAN_POINT('',(14.,-2.5));
#6809 = CARTESIAN_POINT('',(0.,-2.5));
#6810 = ( GEOMETRIC_REPRESENTATION_CONTEXT(2) 
PARAMETRIC_REPRESENTATION_CONTEXT() REPRESENTATION_CONTEXT('2D SPACE',''
  ) );
#6811 = ORIENTED_EDGE('',*,*,#6812,.F.);
#6812 = EDGE_CURVE('',#6813,#6792,#6815,.T.);
#6813 = VERTEX_POINT('',#6814);
#6814 = CARTESIAN_POINT('',(139.018,-90.836,3.01));
#6815 = SURFACE_CURVE('',#6816,(#6821,#6828),.PCURVE_S1.);
#6816 = CIRCLE('',#6817,1.);
#6817 = AXIS2_PLACEMENT_3D('',#6818,#6819,#6820);
#6818 = CARTESIAN_POINT('',(139.018,-91.836,3.01));
#6819 = DIRECTION('',(0.,0.,1.));
#6820 = DIRECTION('',(0.,-1.,0.));
#6821 = PCURVE('',#106,#6822);
#6822 = DEFINITIONAL_REPRESENTATION('',(#6823),#6827);
#6823 = CIRCLE('',#6824,1.);
#6824 = AXIS2_PLACEMENT_2D('',#6825,#6826);
#6825 = CARTESIAN_POINT('',(-51.55622149073,-19.77019757808));
#6826 = DIRECTION('',(0.,-1.));
#6827 = ( GEOMETRIC_REPRESENTATION_CONTEXT(2) 
PARAMETRIC_REPRESENTATION_CONTEXT() REPRESENTATION_CONTEXT('2D SPACE',''
  ) );
#6828 = PCURVE('',#1850,#6829);
#6829 = DEFINITIONAL_REPRESENTATION('',(#6830),#6834);
#6830 = LINE('',#6831,#6832);
#6831 = CARTESIAN_POINT('',(-3.14159265359,1.5));
#6832 = VECTOR('',#6833,1.);
#6833 = DIRECTION('',(1.,0.));
#6834 = ( GEOMETRIC_REPRESENTATION_CONTEXT(2) 
PARAMETRIC_REPRESENTATION_CONTEXT() REPRESENTATION_CONTEXT('2D SPACE',''
  ) );
#6835 = ORIENTED_EDGE('',*,*,#6836,.T.);
#6836 = EDGE_CURVE('',#6813,#6837,#6839,.T.);
#6837 = VERTEX_POINT('',#6838);
#6838 = CARTESIAN_POINT('',(151.018,-90.836,3.01));
#6839 = SURFACE_CURVE('',#6840,(#6844,#6850),.PCURVE_S1.);
#6840 = LINE('',#6841,#6842);
#6841 = CARTESIAN_POINT('',(171.29611074536,-90.836,3.01));
#6842 = VECTOR('',#6843,1.);
#6843 = DIRECTION('',(1.,0.,-0.));
#6844 = PCURVE('',#106,#6845);
#6845 = DEFINITIONAL_REPRESENTATION('',(#6846),#6849);
#6846 = B_SPLINE_CURVE_WITH_KNOTS('',1,(#6847,#6848),.UNSPECIFIED.,.F.,
  .F.,(2,2),(-33.27811074536,-19.27811074536),.PIECEWISE_BEZIER_KNOTS.);
#6847 = CARTESIAN_POINT('',(-52.55622149073,-18.77019757808));
#6848 = CARTESIAN_POINT('',(-38.55622149073,-18.77019757808));
#6849 = ( GEOMETRIC_REPRESENTATION_CONTEXT(2) 
PARAMETRIC_REPRESENTATION_CONTEXT() REPRESENTATION_CONTEXT('2D SPACE',''
  ) );
#6850 = PCURVE('',#1877,#6851);
#6851 = DEFINITIONAL_REPRESENTATION('',(#6852),#6855);
#6852 = B_SPLINE_CURVE_WITH_KNOTS('',1,(#6853,#6854),.UNSPECIFIED.,.F.,
  .F.,(2,2),(-33.27811074536,-19.27811074536),.PIECEWISE_BEZIER_KNOTS.);
#6853 = CARTESIAN_POINT('',(14.,-2.5));
#6854 = CARTESIAN_POINT('',(0.,-2.5));
#6855 = ( GEOMETRIC_REPRESENTATION_CONTEXT(2) 
PARAMETRIC_REPRESENTATION_CONTEXT() REPRESENTATION_CONTEXT('2D SPACE',''
  ) );
#6856 = ORIENTED_EDGE('',*,*,#6857,.F.);
#6857 = EDGE_CURVE('',#6692,#6837,#6858,.T.);
#6858 = SURFACE_CURVE('',#6859,(#6864,#6871),.PCURVE_S1.);
#6859 = CIRCLE('',#6860,1.);
#6860 = AXIS2_PLACEMENT_3D('',#6861,#6862,#6863);
#6861 = CARTESIAN_POINT('',(151.018,-91.836,3.01));
#6862 = DIRECTION('',(0.,0.,1.));
#6863 = DIRECTION('',(0.,-1.,0.));
#6864 = PCURVE('',#106,#6865);
#6865 = DEFINITIONAL_REPRESENTATION('',(#6866),#6870);
#6866 = CIRCLE('',#6867,1.);
#6867 = AXIS2_PLACEMENT_2D('',#6868,#6869);
#6868 = CARTESIAN_POINT('',(-39.55622149073,-19.77019757808));
#6869 = DIRECTION('',(0.,-1.));
#6870 = ( GEOMETRIC_REPRESENTATION_CONTEXT(2) 
PARAMETRIC_REPRESENTATION_CONTEXT() REPRESENTATION_CONTEXT('2D SPACE',''
  ) );
#6871 = PCURVE('',#1903,#6872);
#6872 = DEFINITIONAL_REPRESENTATION('',(#6873),#6877);
#6873 = LINE('',#6874,#6875);
#6874 = CARTESIAN_POINT('',(-1.570796326795,1.5));
#6875 = VECTOR('',#6876,1.);
#6876 = DIRECTION('',(1.,0.));
#6877 = ( GEOMETRIC_REPRESENTATION_CONTEXT(2) 
PARAMETRIC_REPRESENTATION_CONTEXT() REPRESENTATION_CONTEXT('2D SPACE',''
  ) );
#6878 = FACE_BOUND('',#6879,.T.);
#6879 = EDGE_LOOP('',(#6880,#6903,#6931,#6952,#6980,#7001,#7025,#7046));
#6880 = ORIENTED_EDGE('',*,*,#6881,.T.);
#6881 = EDGE_CURVE('',#6882,#6884,#6886,.T.);
#6882 = VERTEX_POINT('',#6883);
#6883 = CARTESIAN_POINT('',(170.478,-72.232,3.01));
#6884 = VERTEX_POINT('',#6885);
#6885 = CARTESIAN_POINT('',(170.478,-84.232,3.01));
#6886 = SURFACE_CURVE('',#6887,(#6891,#6897),.PCURVE_S1.);
#6887 = LINE('',#6888,#6889);
#6888 = CARTESIAN_POINT('',(170.478,-78.64890121095,3.01));
#6889 = VECTOR('',#6890,1.);
#6890 = DIRECTION('',(0.,-1.,0.));
#6891 = PCURVE('',#106,#6892);
#6892 = DEFINITIONAL_REPRESENTATION('',(#6893),#6896);
#6893 = B_SPLINE_CURVE_WITH_KNOTS('',1,(#6894,#6895),.UNSPECIFIED.,.F.,
  .F.,(2,2),(-7.416901210958,6.583098789042),.PIECEWISE_BEZIER_KNOTS.);
#6894 = CARTESIAN_POINT('',(-20.09622149073,0.833802421915));
#6895 = CARTESIAN_POINT('',(-20.09622149073,-13.16619757808));
#6896 = ( GEOMETRIC_REPRESENTATION_CONTEXT(2) 
PARAMETRIC_REPRESENTATION_CONTEXT() REPRESENTATION_CONTEXT('2D SPACE',''
  ) );
#6897 = PCURVE('',#1934,#6898);
#6898 = DEFINITIONAL_REPRESENTATION('',(#6899),#6902);
#6899 = B_SPLINE_CURVE_WITH_KNOTS('',1,(#6900,#6901),.UNSPECIFIED.,.F.,
  .F.,(2,2),(-7.416901210958,6.583098789042),.PIECEWISE_BEZIER_KNOTS.);
#6900 = CARTESIAN_POINT('',(14.,-2.5));
#6901 = CARTESIAN_POINT('',(0.,-2.5));
#6902 = ( GEOMETRIC_REPRESENTATION_CONTEXT(2) 
PARAMETRIC_REPRESENTATION_CONTEXT() REPRESENTATION_CONTEXT('2D SPACE',''
  ) );
#6903 = ORIENTED_EDGE('',*,*,#6904,.T.);
#6904 = EDGE_CURVE('',#6884,#6905,#6907,.T.);
#6905 = VERTEX_POINT('',#6906);
#6906 = CARTESIAN_POINT('',(169.478,-85.232,3.01));
#6907 = SURFACE_CURVE('',#6908,(#6913,#6924),.PCURVE_S1.);
#6908 = CIRCLE('',#6909,1.);
#6909 = AXIS2_PLACEMENT_3D('',#6910,#6911,#6912);
#6910 = CARTESIAN_POINT('',(169.478,-84.232,3.01));
#6911 = DIRECTION('',(-0.,-0.,-1.));
#6912 = DIRECTION('',(0.,-1.,0.));
#6913 = PCURVE('',#106,#6914);
#6914 = DEFINITIONAL_REPRESENTATION('',(#6915),#6923);
#6915 = ( BOUNDED_CURVE() B_SPLINE_CURVE(2,(#6916,#6917,#6918,#6919,
#6920,#6921,#6922),.UNSPECIFIED.,.T.,.F.) B_SPLINE_CURVE_WITH_KNOTS((1,2
    ,2,2,2,1),(-2.094395102393,0.,2.094395102393,4.188790204786,
6.28318530718,8.377580409573),.UNSPECIFIED.) CURVE() 
GEOMETRIC_REPRESENTATION_ITEM() RATIONAL_B_SPLINE_CURVE((1.,0.5,1.,0.5,
1.,0.5,1.)) REPRESENTATION_ITEM('') );
#6916 = CARTESIAN_POINT('',(-21.09622149073,-13.16619757808));
#6917 = CARTESIAN_POINT('',(-22.8282722983,-13.16619757808));
#6918 = CARTESIAN_POINT('',(-21.96224689452,-11.66619757808));
#6919 = CARTESIAN_POINT('',(-21.09622149073,-10.16619757808));
#6920 = CARTESIAN_POINT('',(-20.23019608695,-11.66619757808));
#6921 = CARTESIAN_POINT('',(-19.36417068317,-13.16619757808));
#6922 = CARTESIAN_POINT('',(-21.09622149073,-13.16619757808));
#6923 = ( GEOMETRIC_REPRESENTATION_CONTEXT(2) 
PARAMETRIC_REPRESENTATION_CONTEXT() REPRESENTATION_CONTEXT('2D SPACE',''
  ) );
#6924 = PCURVE('',#1966,#6925);
#6925 = DEFINITIONAL_REPRESENTATION('',(#6926),#6930);
#6926 = LINE('',#6927,#6928);
#6927 = CARTESIAN_POINT('',(4.712388980385,1.5));
#6928 = VECTOR('',#6929,1.);
#6929 = DIRECTION('',(-1.,0.));
#6930 = ( GEOMETRIC_REPRESENTATION_CONTEXT(2) 
PARAMETRIC_REPRESENTATION_CONTEXT() REPRESENTATION_CONTEXT('2D SPACE',''
  ) );
#6931 = ORIENTED_EDGE('',*,*,#6932,.T.);
#6932 = EDGE_CURVE('',#6905,#6933,#6935,.T.);
#6933 = VERTEX_POINT('',#6934);
#6934 = CARTESIAN_POINT('',(157.478,-85.232,3.01));
#6935 = SURFACE_CURVE('',#6936,(#6940,#6946),.PCURVE_S1.);
#6936 = LINE('',#6937,#6938);
#6937 = CARTESIAN_POINT('',(173.52611074536,-85.232,3.01));
#6938 = VECTOR('',#6939,1.);
#6939 = DIRECTION('',(-1.,0.,0.));
#6940 = PCURVE('',#106,#6941);
#6941 = DEFINITIONAL_REPRESENTATION('',(#6942),#6945);
#6942 = B_SPLINE_CURVE_WITH_KNOTS('',1,(#6943,#6944),.UNSPECIFIED.,.F.,
  .F.,(2,2),(3.048110745369,17.048110745369),.PIECEWISE_BEZIER_KNOTS.);
#6943 = CARTESIAN_POINT('',(-20.09622149073,-13.16619757808));
#6944 = CARTESIAN_POINT('',(-34.09622149073,-13.16619757808));
#6945 = ( GEOMETRIC_REPRESENTATION_CONTEXT(2) 
PARAMETRIC_REPRESENTATION_CONTEXT() REPRESENTATION_CONTEXT('2D SPACE',''
  ) );
#6946 = PCURVE('',#1993,#6947);
#6947 = DEFINITIONAL_REPRESENTATION('',(#6948),#6951);
#6948 = B_SPLINE_CURVE_WITH_KNOTS('',1,(#6949,#6950),.UNSPECIFIED.,.F.,
  .F.,(2,2),(3.048110745369,17.048110745369),.PIECEWISE_BEZIER_KNOTS.);
#6949 = CARTESIAN_POINT('',(14.,-2.5));
#6950 = CARTESIAN_POINT('',(0.,-2.5));
#6951 = ( GEOMETRIC_REPRESENTATION_CONTEXT(2) 
PARAMETRIC_REPRESENTATION_CONTEXT() REPRESENTATION_CONTEXT('2D SPACE',''
  ) );
#6952 = ORIENTED_EDGE('',*,*,#6953,.T.);
#6953 = EDGE_CURVE('',#6933,#6954,#6956,.T.);
#6954 = VERTEX_POINT('',#6955);
#6955 = CARTESIAN_POINT('',(156.478,-84.232,3.01));
#6956 = SURFACE_CURVE('',#6957,(#6962,#6973),.PCURVE_S1.);
#6957 = CIRCLE('',#6958,1.);
#6958 = AXIS2_PLACEMENT_3D('',#6959,#6960,#6961);
#6959 = CARTESIAN_POINT('',(157.478,-84.232,3.01));
#6960 = DIRECTION('',(-0.,-0.,-1.));
#6961 = DIRECTION('',(0.,-1.,0.));
#6962 = PCURVE('',#106,#6963);
#6963 = DEFINITIONAL_REPRESENTATION('',(#6964),#6972);
#6964 = ( BOUNDED_CURVE() B_SPLINE_CURVE(2,(#6965,#6966,#6967,#6968,
#6969,#6970,#6971),.UNSPECIFIED.,.T.,.F.) B_SPLINE_CURVE_WITH_KNOTS((1,2
    ,2,2,2,1),(-2.094395102393,0.,2.094395102393,4.188790204786,
6.28318530718,8.377580409573),.UNSPECIFIED.) CURVE() 
GEOMETRIC_REPRESENTATION_ITEM() RATIONAL_B_SPLINE_CURVE((1.,0.5,1.,0.5,
1.,0.5,1.)) REPRESENTATION_ITEM('') );
#6965 = CARTESIAN_POINT('',(-33.09622149073,-13.16619757808));
#6966 = CARTESIAN_POINT('',(-34.8282722983,-13.16619757808));
#6967 = CARTESIAN_POINT('',(-33.96224689452,-11.66619757808));
#6968 = CARTESIAN_POINT('',(-33.09622149073,-10.16619757808));
#6969 = CARTESIAN_POINT('',(-32.23019608695,-11.66619757808));
#6970 = CARTESIAN_POINT('',(-31.36417068317,-13.16619757808));
#6971 = CARTESIAN_POINT('',(-33.09622149073,-13.16619757808));
#6972 = ( GEOMETRIC_REPRESENTATION_CONTEXT(2) 
PARAMETRIC_REPRESENTATION_CONTEXT() REPRESENTATION_CONTEXT('2D SPACE',''
  ) );
#6973 = PCURVE('',#2025,#6974);
#6974 = DEFINITIONAL_REPRESENTATION('',(#6975),#6979);
#6975 = LINE('',#6976,#6977);
#6976 = CARTESIAN_POINT('',(-0.,1.5));
#6977 = VECTOR('',#6978,1.);
#6978 = DIRECTION('',(-1.,0.));
#6979 = ( GEOMETRIC_REPRESENTATION_CONTEXT(2) 
PARAMETRIC_REPRESENTATION_CONTEXT() REPRESENTATION_CONTEXT('2D SPACE',''
  ) );
#6980 = ORIENTED_EDGE('',*,*,#6981,.T.);
#6981 = EDGE_CURVE('',#6954,#6982,#6984,.T.);
#6982 = VERTEX_POINT('',#6983);
#6983 = CARTESIAN_POINT('',(156.478,-72.232,3.01));
#6984 = SURFACE_CURVE('',#6985,(#6989,#6995),.PCURVE_S1.);
#6985 = LINE('',#6986,#6987);
#6986 = CARTESIAN_POINT('',(156.478,-71.64890121095,3.01));
#6987 = VECTOR('',#6988,1.);
#6988 = DIRECTION('',(-0.,1.,0.));
#6989 = PCURVE('',#106,#6990);
#6990 = DEFINITIONAL_REPRESENTATION('',(#6991),#6994);
#6991 = B_SPLINE_CURVE_WITH_KNOTS('',1,(#6992,#6993),.UNSPECIFIED.,.F.,
  .F.,(2,2),(-13.58309878904,0.416901210958),.PIECEWISE_BEZIER_KNOTS.);
#6992 = CARTESIAN_POINT('',(-34.09622149073,-13.16619757808));
#6993 = CARTESIAN_POINT('',(-34.09622149073,0.833802421915));
#6994 = ( GEOMETRIC_REPRESENTATION_CONTEXT(2) 
PARAMETRIC_REPRESENTATION_CONTEXT() REPRESENTATION_CONTEXT('2D SPACE',''
  ) );
#6995 = PCURVE('',#2052,#6996);
#6996 = DEFINITIONAL_REPRESENTATION('',(#6997),#7000);
#6997 = B_SPLINE_CURVE_WITH_KNOTS('',1,(#6998,#6999),.UNSPECIFIED.,.F.,
  .F.,(2,2),(-13.58309878904,0.416901210958),.PIECEWISE_BEZIER_KNOTS.);
#6998 = CARTESIAN_POINT('',(14.,-2.5));
#6999 = CARTESIAN_POINT('',(0.,-2.5));
#7000 = ( GEOMETRIC_REPRESENTATION_CONTEXT(2) 
PARAMETRIC_REPRESENTATION_CONTEXT() REPRESENTATION_CONTEXT('2D SPACE',''
  ) );
#7001 = ORIENTED_EDGE('',*,*,#7002,.F.);
#7002 = EDGE_CURVE('',#7003,#6982,#7005,.T.);
#7003 = VERTEX_POINT('',#7004);
#7004 = CARTESIAN_POINT('',(157.478,-71.232,3.01));
#7005 = SURFACE_CURVE('',#7006,(#7011,#7018),.PCURVE_S1.);
#7006 = CIRCLE('',#7007,1.);
#7007 = AXIS2_PLACEMENT_3D('',#7008,#7009,#7010);
#7008 = CARTESIAN_POINT('',(157.478,-72.232,3.01));
#7009 = DIRECTION('',(0.,0.,1.));
#7010 = DIRECTION('',(0.,-1.,0.));
#7011 = PCURVE('',#106,#7012);
#7012 = DEFINITIONAL_REPRESENTATION('',(#7013),#7017);
#7013 = CIRCLE('',#7014,1.);
#7014 = AXIS2_PLACEMENT_2D('',#7015,#7016);
#7015 = CARTESIAN_POINT('',(-33.09622149073,-0.166197578085));
#7016 = DIRECTION('',(0.,-1.));
#7017 = ( GEOMETRIC_REPRESENTATION_CONTEXT(2) 
PARAMETRIC_REPRESENTATION_CONTEXT() REPRESENTATION_CONTEXT('2D SPACE',''
  ) );
#7018 = PCURVE('',#2080,#7019);
#7019 = DEFINITIONAL_REPRESENTATION('',(#7020),#7024);
#7020 = LINE('',#7021,#7022);
#7021 = CARTESIAN_POINT('',(-3.14159265359,1.5));
#7022 = VECTOR('',#7023,1.);
#7023 = DIRECTION('',(1.,0.));
#7024 = ( GEOMETRIC_REPRESENTATION_CONTEXT(2) 
PARAMETRIC_REPRESENTATION_CONTEXT() REPRESENTATION_CONTEXT('2D SPACE',''
  ) );
#7025 = ORIENTED_EDGE('',*,*,#7026,.T.);
#7026 = EDGE_CURVE('',#7003,#7027,#7029,.T.);
#7027 = VERTEX_POINT('',#7028);
#7028 = CARTESIAN_POINT('',(169.478,-71.232,3.01));
#7029 = SURFACE_CURVE('',#7030,(#7034,#7040),.PCURVE_S1.);
#7030 = LINE('',#7031,#7032);
#7031 = CARTESIAN_POINT('',(180.52611074536,-71.232,3.01));
#7032 = VECTOR('',#7033,1.);
#7033 = DIRECTION('',(1.,0.,-0.));
#7034 = PCURVE('',#106,#7035);
#7035 = DEFINITIONAL_REPRESENTATION('',(#7036),#7039);
#7036 = B_SPLINE_CURVE_WITH_KNOTS('',1,(#7037,#7038),.UNSPECIFIED.,.F.,
  .F.,(2,2),(-24.04811074536,-10.04811074536),.PIECEWISE_BEZIER_KNOTS.);
#7037 = CARTESIAN_POINT('',(-34.09622149073,0.833802421915));
#7038 = CARTESIAN_POINT('',(-20.09622149073,0.833802421915));
#7039 = ( GEOMETRIC_REPRESENTATION_CONTEXT(2) 
PARAMETRIC_REPRESENTATION_CONTEXT() REPRESENTATION_CONTEXT('2D SPACE',''
  ) );
#7040 = PCURVE('',#2107,#7041);
#7041 = DEFINITIONAL_REPRESENTATION('',(#7042),#7045);
#7042 = B_SPLINE_CURVE_WITH_KNOTS('',1,(#7043,#7044),.UNSPECIFIED.,.F.,
  .F.,(2,2),(-24.04811074536,-10.04811074536),.PIECEWISE_BEZIER_KNOTS.);
#7043 = CARTESIAN_POINT('',(14.,-2.5));
#7044 = CARTESIAN_POINT('',(0.,-2.5));
#7045 = ( GEOMETRIC_REPRESENTATION_CONTEXT(2) 
PARAMETRIC_REPRESENTATION_CONTEXT() REPRESENTATION_CONTEXT('2D SPACE',''
  ) );
#7046 = ORIENTED_EDGE('',*,*,#7047,.F.);
#7047 = EDGE_CURVE('',#6882,#7027,#7048,.T.);
#7048 = SURFACE_CURVE('',#7049,(#7054,#7061),.PCURVE_S1.);
#7049 = CIRCLE('',#7050,1.);
#7050 = AXIS2_PLACEMENT_3D('',#7051,#7052,#7053);
#7051 = CARTESIAN_POINT('',(169.478,-72.232,3.01));
#7052 = DIRECTION('',(0.,0.,1.));
#7053 = DIRECTION('',(0.,-1.,0.));
#7054 = PCURVE('',#106,#7055);
#7055 = DEFINITIONAL_REPRESENTATION('',(#7056),#7060);
#7056 = CIRCLE('',#7057,1.);
#7057 = AXIS2_PLACEMENT_2D('',#7058,#7059);
#7058 = CARTESIAN_POINT('',(-21.09622149073,-0.166197578085));
#7059 = DIRECTION('',(0.,-1.));
#7060 = ( GEOMETRIC_REPRESENTATION_CONTEXT(2) 
PARAMETRIC_REPRESENTATION_CONTEXT() REPRESENTATION_CONTEXT('2D SPACE',''
  ) );
#7061 = PCURVE('',#2133,#7062);
#7062 = DEFINITIONAL_REPRESENTATION('',(#7063),#7067);
#7063 = LINE('',#7064,#7065);
#7064 = CARTESIAN_POINT('',(-1.570796326795,1.5));
#7065 = VECTOR('',#7066,1.);
#7066 = DIRECTION('',(1.,0.));
#7067 = ( GEOMETRIC_REPRESENTATION_CONTEXT(2) 
PARAMETRIC_REPRESENTATION_CONTEXT() REPRESENTATION_CONTEXT('2D SPACE',''
  ) );
#7068 = FACE_BOUND('',#7069,.T.);
#7069 = EDGE_LOOP('',(#7070,#7093,#7121,#7142,#7170,#7191,#7215,#7236));
#7070 = ORIENTED_EDGE('',*,*,#7071,.T.);
#7071 = EDGE_CURVE('',#7072,#7074,#7076,.T.);
#7072 = VERTEX_POINT('',#7073);
#7073 = CARTESIAN_POINT('',(188.492,-69.692,3.01));
#7074 = VERTEX_POINT('',#7075);
#7075 = CARTESIAN_POINT('',(188.492,-81.692,3.01));
#7076 = SURFACE_CURVE('',#7077,(#7081,#7087),.PCURVE_S1.);
#7077 = LINE('',#7078,#7079);
#7078 = CARTESIAN_POINT('',(188.492,-77.37890121095,3.01));
#7079 = VECTOR('',#7080,1.);
#7080 = DIRECTION('',(0.,-1.,0.));
#7081 = PCURVE('',#106,#7082);
#7082 = DEFINITIONAL_REPRESENTATION('',(#7083),#7086);
#7083 = B_SPLINE_CURVE_WITH_KNOTS('',1,(#7084,#7085),.UNSPECIFIED.,.F.,
  .F.,(2,2),(-8.686901210958,5.313098789042),.PIECEWISE_BEZIER_KNOTS.);
#7084 = CARTESIAN_POINT('',(-2.082221490739,3.373802421915));
#7085 = CARTESIAN_POINT('',(-2.082221490739,-10.62619757808));
#7086 = ( GEOMETRIC_REPRESENTATION_CONTEXT(2) 
PARAMETRIC_REPRESENTATION_CONTEXT() REPRESENTATION_CONTEXT('2D SPACE',''
  ) );
#7087 = PCURVE('',#2164,#7088);
#7088 = DEFINITIONAL_REPRESENTATION('',(#7089),#7092);
#7089 = B_SPLINE_CURVE_WITH_KNOTS('',1,(#7090,#7091),.UNSPECIFIED.,.F.,
  .F.,(2,2),(-8.686901210958,5.313098789042),.PIECEWISE_BEZIER_KNOTS.);
#7090 = CARTESIAN_POINT('',(14.,-2.5));
#7091 = CARTESIAN_POINT('',(0.,-2.5));
#7092 = ( GEOMETRIC_REPRESENTATION_CONTEXT(2) 
PARAMETRIC_REPRESENTATION_CONTEXT() REPRESENTATION_CONTEXT('2D SPACE',''
  ) );
#7093 = ORIENTED_EDGE('',*,*,#7094,.T.);
#7094 = EDGE_CURVE('',#7074,#7095,#7097,.T.);
#7095 = VERTEX_POINT('',#7096);
#7096 = CARTESIAN_POINT('',(187.492,-82.692,3.01));
#7097 = SURFACE_CURVE('',#7098,(#7103,#7114),.PCURVE_S1.);
#7098 = CIRCLE('',#7099,1.);
#7099 = AXIS2_PLACEMENT_3D('',#7100,#7101,#7102);
#7100 = CARTESIAN_POINT('',(187.492,-81.692,3.01));
#7101 = DIRECTION('',(-0.,-0.,-1.));
#7102 = DIRECTION('',(0.,-1.,0.));
#7103 = PCURVE('',#106,#7104);
#7104 = DEFINITIONAL_REPRESENTATION('',(#7105),#7113);
#7105 = ( BOUNDED_CURVE() B_SPLINE_CURVE(2,(#7106,#7107,#7108,#7109,
#7110,#7111,#7112),.UNSPECIFIED.,.T.,.F.) B_SPLINE_CURVE_WITH_KNOTS((1,2
    ,2,2,2,1),(-2.094395102393,0.,2.094395102393,4.188790204786,
6.28318530718,8.377580409573),.UNSPECIFIED.) CURVE() 
GEOMETRIC_REPRESENTATION_ITEM() RATIONAL_B_SPLINE_CURVE((1.,0.5,1.,0.5,
1.,0.5,1.)) REPRESENTATION_ITEM('') );
#7106 = CARTESIAN_POINT('',(-3.082221490739,-10.62619757808));
#7107 = CARTESIAN_POINT('',(-4.814272298307,-10.62619757808));
#7108 = CARTESIAN_POINT('',(-3.948246894523,-9.126197578085));
#7109 = CARTESIAN_POINT('',(-3.082221490739,-7.626197578085));
#7110 = CARTESIAN_POINT('',(-2.216196086954,-9.126197578085));
#7111 = CARTESIAN_POINT('',(-1.35017068317,-10.62619757808));
#7112 = CARTESIAN_POINT('',(-3.082221490739,-10.62619757808));
#7113 = ( GEOMETRIC_REPRESENTATION_CONTEXT(2) 
PARAMETRIC_REPRESENTATION_CONTEXT() REPRESENTATION_CONTEXT('2D SPACE',''
  ) );
#7114 = PCURVE('',#2196,#7115);
#7115 = DEFINITIONAL_REPRESENTATION('',(#7116),#7120);
#7116 = LINE('',#7117,#7118);
#7117 = CARTESIAN_POINT('',(4.712388980385,1.5));
#7118 = VECTOR('',#7119,1.);
#7119 = DIRECTION('',(-1.,0.));
#7120 = ( GEOMETRIC_REPRESENTATION_CONTEXT(2) 
PARAMETRIC_REPRESENTATION_CONTEXT() REPRESENTATION_CONTEXT('2D SPACE',''
  ) );
#7121 = ORIENTED_EDGE('',*,*,#7122,.T.);
#7122 = EDGE_CURVE('',#7095,#7123,#7125,.T.);
#7123 = VERTEX_POINT('',#7124);
#7124 = CARTESIAN_POINT('',(175.492,-82.692,3.01));
#7125 = SURFACE_CURVE('',#7126,(#7130,#7136),.PCURVE_S1.);
#7126 = LINE('',#7127,#7128);
#7127 = CARTESIAN_POINT('',(182.53311074536,-82.692,3.01));
#7128 = VECTOR('',#7129,1.);
#7129 = DIRECTION('',(-1.,0.,0.));
#7130 = PCURVE('',#106,#7131);
#7131 = DEFINITIONAL_REPRESENTATION('',(#7132),#7135);
#7132 = B_SPLINE_CURVE_WITH_KNOTS('',1,(#7133,#7134),.UNSPECIFIED.,.F.,
  .F.,(2,2),(-5.958889254631,8.041110745369),.PIECEWISE_BEZIER_KNOTS.);
#7133 = CARTESIAN_POINT('',(-2.082221490739,-10.62619757808));
#7134 = CARTESIAN_POINT('',(-16.08222149073,-10.62619757808));
#7135 = ( GEOMETRIC_REPRESENTATION_CONTEXT(2) 
PARAMETRIC_REPRESENTATION_CONTEXT() REPRESENTATION_CONTEXT('2D SPACE',''
  ) );
#7136 = PCURVE('',#2223,#7137);
#7137 = DEFINITIONAL_REPRESENTATION('',(#7138),#7141);
#7138 = B_SPLINE_CURVE_WITH_KNOTS('',1,(#7139,#7140),.UNSPECIFIED.,.F.,
  .F.,(2,2),(-5.958889254631,8.041110745369),.PIECEWISE_BEZIER_KNOTS.);
#7139 = CARTESIAN_POINT('',(14.,-2.5));
#7140 = CARTESIAN_POINT('',(0.,-2.5));
#7141 = ( GEOMETRIC_REPRESENTATION_CONTEXT(2) 
PARAMETRIC_REPRESENTATION_CONTEXT() REPRESENTATION_CONTEXT('2D SPACE',''
  ) );
#7142 = ORIENTED_EDGE('',*,*,#7143,.T.);
#7143 = EDGE_CURVE('',#7123,#7144,#7146,.T.);
#7144 = VERTEX_POINT('',#7145);
#7145 = CARTESIAN_POINT('',(174.492,-81.692,3.01));
#7146 = SURFACE_CURVE('',#7147,(#7152,#7163),.PCURVE_S1.);
#7147 = CIRCLE('',#7148,1.);
#7148 = AXIS2_PLACEMENT_3D('',#7149,#7150,#7151);
#7149 = CARTESIAN_POINT('',(175.492,-81.692,3.01));
#7150 = DIRECTION('',(-0.,-0.,-1.));
#7151 = DIRECTION('',(0.,-1.,0.));
#7152 = PCURVE('',#106,#7153);
#7153 = DEFINITIONAL_REPRESENTATION('',(#7154),#7162);
#7154 = ( BOUNDED_CURVE() B_SPLINE_CURVE(2,(#7155,#7156,#7157,#7158,
#7159,#7160,#7161),.UNSPECIFIED.,.T.,.F.) B_SPLINE_CURVE_WITH_KNOTS((1,2
    ,2,2,2,1),(-2.094395102393,0.,2.094395102393,4.188790204786,
6.28318530718,8.377580409573),.UNSPECIFIED.) CURVE() 
GEOMETRIC_REPRESENTATION_ITEM() RATIONAL_B_SPLINE_CURVE((1.,0.5,1.,0.5,
1.,0.5,1.)) REPRESENTATION_ITEM('') );
#7155 = CARTESIAN_POINT('',(-15.08222149073,-10.62619757808));
#7156 = CARTESIAN_POINT('',(-16.8142722983,-10.62619757808));
#7157 = CARTESIAN_POINT('',(-15.94824689452,-9.126197578085));
#7158 = CARTESIAN_POINT('',(-15.08222149073,-7.626197578085));
#7159 = CARTESIAN_POINT('',(-14.21619608695,-9.126197578085));
#7160 = CARTESIAN_POINT('',(-13.35017068317,-10.62619757808));
#7161 = CARTESIAN_POINT('',(-15.08222149073,-10.62619757808));
#7162 = ( GEOMETRIC_REPRESENTATION_CONTEXT(2) 
PARAMETRIC_REPRESENTATION_CONTEXT() REPRESENTATION_CONTEXT('2D SPACE',''
  ) );
#7163 = PCURVE('',#2255,#7164);
#7164 = DEFINITIONAL_REPRESENTATION('',(#7165),#7169);
#7165 = LINE('',#7166,#7167);
#7166 = CARTESIAN_POINT('',(-0.,1.5));
#7167 = VECTOR('',#7168,1.);
#7168 = DIRECTION('',(-1.,0.));
#7169 = ( GEOMETRIC_REPRESENTATION_CONTEXT(2) 
PARAMETRIC_REPRESENTATION_CONTEXT() REPRESENTATION_CONTEXT('2D SPACE',''
  ) );
#7170 = ORIENTED_EDGE('',*,*,#7171,.T.);
#7171 = EDGE_CURVE('',#7144,#7172,#7174,.T.);
#7172 = VERTEX_POINT('',#7173);
#7173 = CARTESIAN_POINT('',(174.492,-69.692,3.01));
#7174 = SURFACE_CURVE('',#7175,(#7179,#7185),.PCURVE_S1.);
#7175 = LINE('',#7176,#7177);
#7176 = CARTESIAN_POINT('',(174.492,-70.37890121095,3.01));
#7177 = VECTOR('',#7178,1.);
#7178 = DIRECTION('',(-0.,1.,0.));
#7179 = PCURVE('',#106,#7180);
#7180 = DEFINITIONAL_REPRESENTATION('',(#7181),#7184);
#7181 = B_SPLINE_CURVE_WITH_KNOTS('',1,(#7182,#7183),.UNSPECIFIED.,.F.,
  .F.,(2,2),(-12.31309878904,1.686901210958),.PIECEWISE_BEZIER_KNOTS.);
#7182 = CARTESIAN_POINT('',(-16.08222149073,-10.62619757808));
#7183 = CARTESIAN_POINT('',(-16.08222149073,3.373802421915));
#7184 = ( GEOMETRIC_REPRESENTATION_CONTEXT(2) 
PARAMETRIC_REPRESENTATION_CONTEXT() REPRESENTATION_CONTEXT('2D SPACE',''
  ) );
#7185 = PCURVE('',#2282,#7186);
#7186 = DEFINITIONAL_REPRESENTATION('',(#7187),#7190);
#7187 = B_SPLINE_CURVE_WITH_KNOTS('',1,(#7188,#7189),.UNSPECIFIED.,.F.,
  .F.,(2,2),(-12.31309878904,1.686901210958),.PIECEWISE_BEZIER_KNOTS.);
#7188 = CARTESIAN_POINT('',(14.,-2.5));
#7189 = CARTESIAN_POINT('',(0.,-2.5));
#7190 = ( GEOMETRIC_REPRESENTATION_CONTEXT(2) 
PARAMETRIC_REPRESENTATION_CONTEXT() REPRESENTATION_CONTEXT('2D SPACE',''
  ) );
#7191 = ORIENTED_EDGE('',*,*,#7192,.F.);
#7192 = EDGE_CURVE('',#7193,#7172,#7195,.T.);
#7193 = VERTEX_POINT('',#7194);
#7194 = CARTESIAN_POINT('',(175.492,-68.692,3.01));
#7195 = SURFACE_CURVE('',#7196,(#7201,#7208),.PCURVE_S1.);
#7196 = CIRCLE('',#7197,1.);
#7197 = AXIS2_PLACEMENT_3D('',#7198,#7199,#7200);
#7198 = CARTESIAN_POINT('',(175.492,-69.692,3.01));
#7199 = DIRECTION('',(0.,0.,1.));
#7200 = DIRECTION('',(0.,-1.,0.));
#7201 = PCURVE('',#106,#7202);
#7202 = DEFINITIONAL_REPRESENTATION('',(#7203),#7207);
#7203 = CIRCLE('',#7204,1.);
#7204 = AXIS2_PLACEMENT_2D('',#7205,#7206);
#7205 = CARTESIAN_POINT('',(-15.08222149073,2.373802421915));
#7206 = DIRECTION('',(0.,-1.));
#7207 = ( GEOMETRIC_REPRESENTATION_CONTEXT(2) 
PARAMETRIC_REPRESENTATION_CONTEXT() REPRESENTATION_CONTEXT('2D SPACE',''
  ) );
#7208 = PCURVE('',#2310,#7209);
#7209 = DEFINITIONAL_REPRESENTATION('',(#7210),#7214);
#7210 = LINE('',#7211,#7212);
#7211 = CARTESIAN_POINT('',(-3.14159265359,1.5));
#7212 = VECTOR('',#7213,1.);
#7213 = DIRECTION('',(1.,0.));
#7214 = ( GEOMETRIC_REPRESENTATION_CONTEXT(2) 
PARAMETRIC_REPRESENTATION_CONTEXT() REPRESENTATION_CONTEXT('2D SPACE',''
  ) );
#7215 = ORIENTED_EDGE('',*,*,#7216,.T.);
#7216 = EDGE_CURVE('',#7193,#7217,#7219,.T.);
#7217 = VERTEX_POINT('',#7218);
#7218 = CARTESIAN_POINT('',(187.492,-68.692,3.01));
#7219 = SURFACE_CURVE('',#7220,(#7224,#7230),.PCURVE_S1.);
#7220 = LINE('',#7221,#7222);
#7221 = CARTESIAN_POINT('',(189.53311074536,-68.692,3.01));
#7222 = VECTOR('',#7223,1.);
#7223 = DIRECTION('',(1.,0.,-0.));
#7224 = PCURVE('',#106,#7225);
#7225 = DEFINITIONAL_REPRESENTATION('',(#7226),#7229);
#7226 = B_SPLINE_CURVE_WITH_KNOTS('',1,(#7227,#7228),.UNSPECIFIED.,.F.,
  .F.,(2,2),(-15.04111074536,-1.041110745369),.PIECEWISE_BEZIER_KNOTS.);
#7227 = CARTESIAN_POINT('',(-16.08222149073,3.373802421915));
#7228 = CARTESIAN_POINT('',(-2.082221490739,3.373802421915));
#7229 = ( GEOMETRIC_REPRESENTATION_CONTEXT(2) 
PARAMETRIC_REPRESENTATION_CONTEXT() REPRESENTATION_CONTEXT('2D SPACE',''
  ) );
#7230 = PCURVE('',#2337,#7231);
#7231 = DEFINITIONAL_REPRESENTATION('',(#7232),#7235);
#7232 = B_SPLINE_CURVE_WITH_KNOTS('',1,(#7233,#7234),.UNSPECIFIED.,.F.,
  .F.,(2,2),(-15.04111074536,-1.041110745369),.PIECEWISE_BEZIER_KNOTS.);
#7233 = CARTESIAN_POINT('',(14.,-2.5));
#7234 = CARTESIAN_POINT('',(0.,-2.5));
#7235 = ( GEOMETRIC_REPRESENTATION_CONTEXT(2) 
PARAMETRIC_REPRESENTATION_CONTEXT() REPRESENTATION_CONTEXT('2D SPACE',''
  ) );
#7236 = ORIENTED_EDGE('',*,*,#7237,.F.);
#7237 = EDGE_CURVE('',#7072,#7217,#7238,.T.);
#7238 = SURFACE_CURVE('',#7239,(#7244,#7251),.PCURVE_S1.);
#7239 = CIRCLE('',#7240,1.);
#7240 = AXIS2_PLACEMENT_3D('',#7241,#7242,#7243);
#7241 = CARTESIAN_POINT('',(187.492,-69.692,3.01));
#7242 = DIRECTION('',(0.,0.,1.));
#7243 = DIRECTION('',(0.,-1.,0.));
#7244 = PCURVE('',#106,#7245);
#7245 = DEFINITIONAL_REPRESENTATION('',(#7246),#7250);
#7246 = CIRCLE('',#7247,1.);
#7247 = AXIS2_PLACEMENT_2D('',#7248,#7249);
#7248 = CARTESIAN_POINT('',(-3.082221490739,2.373802421915));
#7249 = DIRECTION('',(0.,-1.));
#7250 = ( GEOMETRIC_REPRESENTATION_CONTEXT(2) 
PARAMETRIC_REPRESENTATION_CONTEXT() REPRESENTATION_CONTEXT('2D SPACE',''
  ) );
#7251 = PCURVE('',#2363,#7252);
#7252 = DEFINITIONAL_REPRESENTATION('',(#7253),#7257);
#7253 = LINE('',#7254,#7255);
#7254 = CARTESIAN_POINT('',(-1.570796326795,1.5));
#7255 = VECTOR('',#7256,1.);
#7256 = DIRECTION('',(1.,0.));
#7257 = ( GEOMETRIC_REPRESENTATION_CONTEXT(2) 
PARAMETRIC_REPRESENTATION_CONTEXT() REPRESENTATION_CONTEXT('2D SPACE',''
  ) );
#7258 = FACE_BOUND('',#7259,.T.);
#7259 = EDGE_LOOP('',(#7260,#7283,#7311,#7332,#7360,#7381,#7405,#7426));
#7260 = ORIENTED_EDGE('',*,*,#7261,.T.);
#7261 = EDGE_CURVE('',#7262,#7264,#7266,.T.);
#7262 = VERTEX_POINT('',#7263);
#7263 = CARTESIAN_POINT('',(240.025469,-89.234653,3.01));
#7264 = VERTEX_POINT('',#7265);
#7265 = CARTESIAN_POINT('',(240.025469,-101.234653,3.01));
#7266 = SURFACE_CURVE('',#7267,(#7271,#7277),.PCURVE_S1.);
#7267 = LINE('',#7268,#7269);
#7268 = CARTESIAN_POINT('',(240.025469,-87.15022771095,3.01));
#7269 = VECTOR('',#7270,1.);
#7270 = DIRECTION('',(0.,-1.,0.));
#7271 = PCURVE('',#106,#7272);
#7272 = DEFINITIONAL_REPRESENTATION('',(#7273),#7276);
#7273 = B_SPLINE_CURVE_WITH_KNOTS('',1,(#7274,#7275),.UNSPECIFIED.,.F.,
  .F.,(2,2),(1.084425289042,15.084425289042),.PIECEWISE_BEZIER_KNOTS.);
#7274 = CARTESIAN_POINT('',(49.451247509261,-16.16885057808));
#7275 = CARTESIAN_POINT('',(49.451247509261,-30.16885057808));
#7276 = ( GEOMETRIC_REPRESENTATION_CONTEXT(2) 
PARAMETRIC_REPRESENTATION_CONTEXT() REPRESENTATION_CONTEXT('2D SPACE',''
  ) );
#7277 = PCURVE('',#2394,#7278);
#7278 = DEFINITIONAL_REPRESENTATION('',(#7279),#7282);
#7279 = B_SPLINE_CURVE_WITH_KNOTS('',1,(#7280,#7281),.UNSPECIFIED.,.F.,
  .F.,(2,2),(1.084425289042,15.084425289042),.PIECEWISE_BEZIER_KNOTS.);
#7280 = CARTESIAN_POINT('',(14.,-2.5));
#7281 = CARTESIAN_POINT('',(0.,-2.5));
#7282 = ( GEOMETRIC_REPRESENTATION_CONTEXT(2) 
PARAMETRIC_REPRESENTATION_CONTEXT() REPRESENTATION_CONTEXT('2D SPACE',''
  ) );
#7283 = ORIENTED_EDGE('',*,*,#7284,.T.);
#7284 = EDGE_CURVE('',#7264,#7285,#7287,.T.);
#7285 = VERTEX_POINT('',#7286);
#7286 = CARTESIAN_POINT('',(239.025469,-102.234653,3.01));
#7287 = SURFACE_CURVE('',#7288,(#7293,#7304),.PCURVE_S1.);
#7288 = CIRCLE('',#7289,1.);
#7289 = AXIS2_PLACEMENT_3D('',#7290,#7291,#7292);
#7290 = CARTESIAN_POINT('',(239.025469,-101.234653,3.01));
#7291 = DIRECTION('',(-0.,-0.,-1.));
#7292 = DIRECTION('',(0.,-1.,0.));
#7293 = PCURVE('',#106,#7294);
#7294 = DEFINITIONAL_REPRESENTATION('',(#7295),#7303);
#7295 = ( BOUNDED_CURVE() B_SPLINE_CURVE(2,(#7296,#7297,#7298,#7299,
#7300,#7301,#7302),.UNSPECIFIED.,.T.,.F.) B_SPLINE_CURVE_WITH_KNOTS((1,2
    ,2,2,2,1),(-2.094395102393,0.,2.094395102393,4.188790204786,
6.28318530718,8.377580409573),.UNSPECIFIED.) CURVE() 
GEOMETRIC_REPRESENTATION_ITEM() RATIONAL_B_SPLINE_CURVE((1.,0.5,1.,0.5,
1.,0.5,1.)) REPRESENTATION_ITEM('') );
#7296 = CARTESIAN_POINT('',(48.451247509261,-30.16885057808));
#7297 = CARTESIAN_POINT('',(46.719196701693,-30.16885057808));
#7298 = CARTESIAN_POINT('',(47.585222105477,-28.66885057808));
#7299 = CARTESIAN_POINT('',(48.451247509261,-27.16885057808));
#7300 = CARTESIAN_POINT('',(49.317272913046,-28.66885057808));
#7301 = CARTESIAN_POINT('',(50.18329831683,-30.16885057808));
#7302 = CARTESIAN_POINT('',(48.451247509261,-30.16885057808));
#7303 = ( GEOMETRIC_REPRESENTATION_CONTEXT(2) 
PARAMETRIC_REPRESENTATION_CONTEXT() REPRESENTATION_CONTEXT('2D SPACE',''
  ) );
#7304 = PCURVE('',#2426,#7305);
#7305 = DEFINITIONAL_REPRESENTATION('',(#7306),#7310);
#7306 = LINE('',#7307,#7308);
#7307 = CARTESIAN_POINT('',(4.712388980385,1.5));
#7308 = VECTOR('',#7309,1.);
#7309 = DIRECTION('',(-1.,0.));
#7310 = ( GEOMETRIC_REPRESENTATION_CONTEXT(2) 
PARAMETRIC_REPRESENTATION_CONTEXT() REPRESENTATION_CONTEXT('2D SPACE',''
  ) );
#7311 = ORIENTED_EDGE('',*,*,#7312,.T.);
#7312 = EDGE_CURVE('',#7285,#7313,#7315,.T.);
#7313 = VERTEX_POINT('',#7314);
#7314 = CARTESIAN_POINT('',(227.025469,-102.234653,3.01));
#7315 = SURFACE_CURVE('',#7316,(#7320,#7326),.PCURVE_S1.);
#7316 = LINE('',#7317,#7318);
#7317 = CARTESIAN_POINT('',(208.29984524536,-102.234653,3.01));
#7318 = VECTOR('',#7319,1.);
#7319 = DIRECTION('',(-1.,0.,0.));
#7320 = PCURVE('',#106,#7321);
#7321 = DEFINITIONAL_REPRESENTATION('',(#7322),#7325);
#7322 = B_SPLINE_CURVE_WITH_KNOTS('',1,(#7323,#7324),.UNSPECIFIED.,.F.,
  .F.,(2,2),(-31.72562375463,-17.72562375463),.PIECEWISE_BEZIER_KNOTS.);
#7323 = CARTESIAN_POINT('',(49.451247509261,-30.16885057808));
#7324 = CARTESIAN_POINT('',(35.451247509261,-30.16885057808));
#7325 = ( GEOMETRIC_REPRESENTATION_CONTEXT(2) 
PARAMETRIC_REPRESENTATION_CONTEXT() REPRESENTATION_CONTEXT('2D SPACE',''
  ) );
#7326 = PCURVE('',#2453,#7327);
#7327 = DEFINITIONAL_REPRESENTATION('',(#7328),#7331);
#7328 = B_SPLINE_CURVE_WITH_KNOTS('',1,(#7329,#7330),.UNSPECIFIED.,.F.,
  .F.,(2,2),(-31.72562375463,-17.72562375463),.PIECEWISE_BEZIER_KNOTS.);
#7329 = CARTESIAN_POINT('',(14.,-2.5));
#7330 = CARTESIAN_POINT('',(0.,-2.5));
#7331 = ( GEOMETRIC_REPRESENTATION_CONTEXT(2) 
PARAMETRIC_REPRESENTATION_CONTEXT() REPRESENTATION_CONTEXT('2D SPACE',''
  ) );
#7332 = ORIENTED_EDGE('',*,*,#7333,.T.);
#7333 = EDGE_CURVE('',#7313,#7334,#7336,.T.);
#7334 = VERTEX_POINT('',#7335);
#7335 = CARTESIAN_POINT('',(226.025469,-101.234653,3.01));
#7336 = SURFACE_CURVE('',#7337,(#7342,#7353),.PCURVE_S1.);
#7337 = CIRCLE('',#7338,1.);
#7338 = AXIS2_PLACEMENT_3D('',#7339,#7340,#7341);
#7339 = CARTESIAN_POINT('',(227.025469,-101.234653,3.01));
#7340 = DIRECTION('',(-0.,-0.,-1.));
#7341 = DIRECTION('',(0.,-1.,0.));
#7342 = PCURVE('',#106,#7343);
#7343 = DEFINITIONAL_REPRESENTATION('',(#7344),#7352);
#7344 = ( BOUNDED_CURVE() B_SPLINE_CURVE(2,(#7345,#7346,#7347,#7348,
#7349,#7350,#7351),.UNSPECIFIED.,.T.,.F.) B_SPLINE_CURVE_WITH_KNOTS((1,2
    ,2,2,2,1),(-2.094395102393,0.,2.094395102393,4.188790204786,
6.28318530718,8.377580409573),.UNSPECIFIED.) CURVE() 
GEOMETRIC_REPRESENTATION_ITEM() RATIONAL_B_SPLINE_CURVE((1.,0.5,1.,0.5,
1.,0.5,1.)) REPRESENTATION_ITEM('') );
#7345 = CARTESIAN_POINT('',(36.451247509261,-30.16885057808));
#7346 = CARTESIAN_POINT('',(34.719196701693,-30.16885057808));
#7347 = CARTESIAN_POINT('',(35.585222105477,-28.66885057808));
#7348 = CARTESIAN_POINT('',(36.451247509261,-27.16885057808));
#7349 = CARTESIAN_POINT('',(37.317272913046,-28.66885057808));
#7350 = CARTESIAN_POINT('',(38.18329831683,-30.16885057808));
#7351 = CARTESIAN_POINT('',(36.451247509261,-30.16885057808));
#7352 = ( GEOMETRIC_REPRESENTATION_CONTEXT(2) 
PARAMETRIC_REPRESENTATION_CONTEXT() REPRESENTATION_CONTEXT('2D SPACE',''
  ) );
#7353 = PCURVE('',#2485,#7354);
#7354 = DEFINITIONAL_REPRESENTATION('',(#7355),#7359);
#7355 = LINE('',#7356,#7357);
#7356 = CARTESIAN_POINT('',(-0.,1.5));
#7357 = VECTOR('',#7358,1.);
#7358 = DIRECTION('',(-1.,0.));
#7359 = ( GEOMETRIC_REPRESENTATION_CONTEXT(2) 
PARAMETRIC_REPRESENTATION_CONTEXT() REPRESENTATION_CONTEXT('2D SPACE',''
  ) );
#7360 = ORIENTED_EDGE('',*,*,#7361,.T.);
#7361 = EDGE_CURVE('',#7334,#7362,#7364,.T.);
#7362 = VERTEX_POINT('',#7363);
#7363 = CARTESIAN_POINT('',(226.025469,-89.234653,3.01));
#7364 = SURFACE_CURVE('',#7365,(#7369,#7375),.PCURVE_S1.);
#7365 = LINE('',#7366,#7367);
#7366 = CARTESIAN_POINT('',(226.025469,-80.15022771095,3.01));
#7367 = VECTOR('',#7368,1.);
#7368 = DIRECTION('',(-0.,1.,0.));
#7369 = PCURVE('',#106,#7370);
#7370 = DEFINITIONAL_REPRESENTATION('',(#7371),#7374);
#7371 = B_SPLINE_CURVE_WITH_KNOTS('',1,(#7372,#7373),.UNSPECIFIED.,.F.,
  .F.,(2,2),(-22.08442528904,-8.084425289042),.PIECEWISE_BEZIER_KNOTS.);
#7372 = CARTESIAN_POINT('',(35.451247509261,-30.16885057808));
#7373 = CARTESIAN_POINT('',(35.451247509261,-16.16885057808));
#7374 = ( GEOMETRIC_REPRESENTATION_CONTEXT(2) 
PARAMETRIC_REPRESENTATION_CONTEXT() REPRESENTATION_CONTEXT('2D SPACE',''
  ) );
#7375 = PCURVE('',#2512,#7376);
#7376 = DEFINITIONAL_REPRESENTATION('',(#7377),#7380);
#7377 = B_SPLINE_CURVE_WITH_KNOTS('',1,(#7378,#7379),.UNSPECIFIED.,.F.,
  .F.,(2,2),(-22.08442528904,-8.084425289042),.PIECEWISE_BEZIER_KNOTS.);
#7378 = CARTESIAN_POINT('',(14.,-2.5));
#7379 = CARTESIAN_POINT('',(0.,-2.5));
#7380 = ( GEOMETRIC_REPRESENTATION_CONTEXT(2) 
PARAMETRIC_REPRESENTATION_CONTEXT() REPRESENTATION_CONTEXT('2D SPACE',''
  ) );
#7381 = ORIENTED_EDGE('',*,*,#7382,.F.);
#7382 = EDGE_CURVE('',#7383,#7362,#7385,.T.);
#7383 = VERTEX_POINT('',#7384);
#7384 = CARTESIAN_POINT('',(227.025469,-88.234653,3.01));
#7385 = SURFACE_CURVE('',#7386,(#7391,#7398),.PCURVE_S1.);
#7386 = CIRCLE('',#7387,1.);
#7387 = AXIS2_PLACEMENT_3D('',#7388,#7389,#7390);
#7388 = CARTESIAN_POINT('',(227.025469,-89.234653,3.01));
#7389 = DIRECTION('',(0.,0.,1.));
#7390 = DIRECTION('',(0.,-1.,0.));
#7391 = PCURVE('',#106,#7392);
#7392 = DEFINITIONAL_REPRESENTATION('',(#7393),#7397);
#7393 = CIRCLE('',#7394,1.);
#7394 = AXIS2_PLACEMENT_2D('',#7395,#7396);
#7395 = CARTESIAN_POINT('',(36.451247509261,-17.16885057808));
#7396 = DIRECTION('',(0.,-1.));
#7397 = ( GEOMETRIC_REPRESENTATION_CONTEXT(2) 
PARAMETRIC_REPRESENTATION_CONTEXT() REPRESENTATION_CONTEXT('2D SPACE',''
  ) );
#7398 = PCURVE('',#2540,#7399);
#7399 = DEFINITIONAL_REPRESENTATION('',(#7400),#7404);
#7400 = LINE('',#7401,#7402);
#7401 = CARTESIAN_POINT('',(-3.14159265359,1.5));
#7402 = VECTOR('',#7403,1.);
#7403 = DIRECTION('',(1.,0.));
#7404 = ( GEOMETRIC_REPRESENTATION_CONTEXT(2) 
PARAMETRIC_REPRESENTATION_CONTEXT() REPRESENTATION_CONTEXT('2D SPACE',''
  ) );
#7405 = ORIENTED_EDGE('',*,*,#7406,.T.);
#7406 = EDGE_CURVE('',#7383,#7407,#7409,.T.);
#7407 = VERTEX_POINT('',#7408);
#7408 = CARTESIAN_POINT('',(239.025469,-88.234653,3.01));
#7409 = SURFACE_CURVE('',#7410,(#7414,#7420),.PCURVE_S1.);
#7410 = LINE('',#7411,#7412);
#7411 = CARTESIAN_POINT('',(215.29984524536,-88.234653,3.01));
#7412 = VECTOR('',#7413,1.);
#7413 = DIRECTION('',(1.,0.,-0.));
#7414 = PCURVE('',#106,#7415);
#7415 = DEFINITIONAL_REPRESENTATION('',(#7416),#7419);
#7416 = B_SPLINE_CURVE_WITH_KNOTS('',1,(#7417,#7418),.UNSPECIFIED.,.F.,
  .F.,(2,2),(10.725623754631,24.725623754631),.PIECEWISE_BEZIER_KNOTS.);
#7417 = CARTESIAN_POINT('',(35.451247509261,-16.16885057808));
#7418 = CARTESIAN_POINT('',(49.451247509261,-16.16885057808));
#7419 = ( GEOMETRIC_REPRESENTATION_CONTEXT(2) 
PARAMETRIC_REPRESENTATION_CONTEXT() REPRESENTATION_CONTEXT('2D SPACE',''
  ) );
#7420 = PCURVE('',#2567,#7421);
#7421 = DEFINITIONAL_REPRESENTATION('',(#7422),#7425);
#7422 = B_SPLINE_CURVE_WITH_KNOTS('',1,(#7423,#7424),.UNSPECIFIED.,.F.,
  .F.,(2,2),(10.725623754631,24.725623754631),.PIECEWISE_BEZIER_KNOTS.);
#7423 = CARTESIAN_POINT('',(14.,-2.5));
#7424 = CARTESIAN_POINT('',(0.,-2.5));
#7425 = ( GEOMETRIC_REPRESENTATION_CONTEXT(2) 
PARAMETRIC_REPRESENTATION_CONTEXT() REPRESENTATION_CONTEXT('2D SPACE',''
  ) );
#7426 = ORIENTED_EDGE('',*,*,#7427,.F.);
#7427 = EDGE_CURVE('',#7262,#7407,#7428,.T.);
#7428 = SURFACE_CURVE('',#7429,(#7434,#7441),.PCURVE_S1.);
#7429 = CIRCLE('',#7430,1.);
#7430 = AXIS2_PLACEMENT_3D('',#7431,#7432,#7433);
#7431 = CARTESIAN_POINT('',(239.025469,-89.234653,3.01));
#7432 = DIRECTION('',(0.,0.,1.));
#7433 = DIRECTION('',(0.,-1.,0.));
#7434 = PCURVE('',#106,#7435);
#7435 = DEFINITIONAL_REPRESENTATION('',(#7436),#7440);
#7436 = CIRCLE('',#7437,1.);
#7437 = AXIS2_PLACEMENT_2D('',#7438,#7439);
#7438 = CARTESIAN_POINT('',(48.451247509261,-17.16885057808));
#7439 = DIRECTION('',(0.,-1.));
#7440 = ( GEOMETRIC_REPRESENTATION_CONTEXT(2) 
PARAMETRIC_REPRESENTATION_CONTEXT() REPRESENTATION_CONTEXT('2D SPACE',''
  ) );
#7441 = PCURVE('',#2593,#7442);
#7442 = DEFINITIONAL_REPRESENTATION('',(#7443),#7447);
#7443 = LINE('',#7444,#7445);
#7444 = CARTESIAN_POINT('',(-1.570796326795,1.5));
#7445 = VECTOR('',#7446,1.);
#7446 = DIRECTION('',(1.,0.));
#7447 = ( GEOMETRIC_REPRESENTATION_CONTEXT(2) 
PARAMETRIC_REPRESENTATION_CONTEXT() REPRESENTATION_CONTEXT('2D SPACE',''
  ) );
#7448 = FACE_BOUND('',#7449,.T.);
#7449 = EDGE_LOOP('',(#7450,#7473,#7501,#7522,#7550,#7571,#7595,#7616));
#7450 = ORIENTED_EDGE('',*,*,#7451,.T.);
#7451 = EDGE_CURVE('',#7452,#7454,#7456,.T.);
#7452 = VERTEX_POINT('',#7453);
#7453 = CARTESIAN_POINT('',(224.86487,-70.41334,3.01));
#7454 = VERTEX_POINT('',#7455);
#7455 = CARTESIAN_POINT('',(224.86487,-82.41334,3.01));
#7456 = SURFACE_CURVE('',#7457,(#7461,#7467),.PCURVE_S1.);
#7457 = LINE('',#7458,#7459);
#7458 = CARTESIAN_POINT('',(224.86487,-77.73957121095,3.01));
#7459 = VECTOR('',#7460,1.);
#7460 = DIRECTION('',(0.,-1.,0.));
#7461 = PCURVE('',#106,#7462);
#7462 = DEFINITIONAL_REPRESENTATION('',(#7463),#7466);
#7463 = B_SPLINE_CURVE_WITH_KNOTS('',1,(#7464,#7465),.UNSPECIFIED.,.F.,
  .F.,(2,2),(-8.326231210958,5.673768789042),.PIECEWISE_BEZIER_KNOTS.);
#7464 = CARTESIAN_POINT('',(34.290648509261,2.652462421915));
#7465 = CARTESIAN_POINT('',(34.290648509261,-11.34753757808));
#7466 = ( GEOMETRIC_REPRESENTATION_CONTEXT(2) 
PARAMETRIC_REPRESENTATION_CONTEXT() REPRESENTATION_CONTEXT('2D SPACE',''
  ) );
#7467 = PCURVE('',#2624,#7468);
#7468 = DEFINITIONAL_REPRESENTATION('',(#7469),#7472);
#7469 = B_SPLINE_CURVE_WITH_KNOTS('',1,(#7470,#7471),.UNSPECIFIED.,.F.,
  .F.,(2,2),(-8.326231210958,5.673768789042),.PIECEWISE_BEZIER_KNOTS.);
#7470 = CARTESIAN_POINT('',(14.,-2.5));
#7471 = CARTESIAN_POINT('',(0.,-2.5));
#7472 = ( GEOMETRIC_REPRESENTATION_CONTEXT(2) 
PARAMETRIC_REPRESENTATION_CONTEXT() REPRESENTATION_CONTEXT('2D SPACE',''
  ) );
#7473 = ORIENTED_EDGE('',*,*,#7474,.T.);
#7474 = EDGE_CURVE('',#7454,#7475,#7477,.T.);
#7475 = VERTEX_POINT('',#7476);
#7476 = CARTESIAN_POINT('',(223.86487,-83.41334,3.01));
#7477 = SURFACE_CURVE('',#7478,(#7483,#7494),.PCURVE_S1.);
#7478 = CIRCLE('',#7479,1.);
#7479 = AXIS2_PLACEMENT_3D('',#7480,#7481,#7482);
#7480 = CARTESIAN_POINT('',(223.86487,-82.41334,3.01));
#7481 = DIRECTION('',(-0.,-0.,-1.));
#7482 = DIRECTION('',(0.,-1.,0.));
#7483 = PCURVE('',#106,#7484);
#7484 = DEFINITIONAL_REPRESENTATION('',(#7485),#7493);
#7485 = ( BOUNDED_CURVE() B_SPLINE_CURVE(2,(#7486,#7487,#7488,#7489,
#7490,#7491,#7492),.UNSPECIFIED.,.T.,.F.) B_SPLINE_CURVE_WITH_KNOTS((1,2
    ,2,2,2,1),(-2.094395102393,0.,2.094395102393,4.188790204786,
6.28318530718,8.377580409573),.UNSPECIFIED.) CURVE() 
GEOMETRIC_REPRESENTATION_ITEM() RATIONAL_B_SPLINE_CURVE((1.,0.5,1.,0.5,
1.,0.5,1.)) REPRESENTATION_ITEM('') );
#7486 = CARTESIAN_POINT('',(33.290648509261,-11.34753757808));
#7487 = CARTESIAN_POINT('',(31.558597701693,-11.34753757808));
#7488 = CARTESIAN_POINT('',(32.424623105477,-9.847537578085));
#7489 = CARTESIAN_POINT('',(33.290648509261,-8.347537578085));
#7490 = CARTESIAN_POINT('',(34.156673913046,-9.847537578085));
#7491 = CARTESIAN_POINT('',(35.02269931683,-11.34753757808));
#7492 = CARTESIAN_POINT('',(33.290648509261,-11.34753757808));
#7493 = ( GEOMETRIC_REPRESENTATION_CONTEXT(2) 
PARAMETRIC_REPRESENTATION_CONTEXT() REPRESENTATION_CONTEXT('2D SPACE',''
  ) );
#7494 = PCURVE('',#2656,#7495);
#7495 = DEFINITIONAL_REPRESENTATION('',(#7496),#7500);
#7496 = LINE('',#7497,#7498);
#7497 = CARTESIAN_POINT('',(4.712388980385,1.5));
#7498 = VECTOR('',#7499,1.);
#7499 = DIRECTION('',(-1.,0.));
#7500 = ( GEOMETRIC_REPRESENTATION_CONTEXT(2) 
PARAMETRIC_REPRESENTATION_CONTEXT() REPRESENTATION_CONTEXT('2D SPACE',''
  ) );
#7501 = ORIENTED_EDGE('',*,*,#7502,.T.);
#7502 = EDGE_CURVE('',#7475,#7503,#7505,.T.);
#7503 = VERTEX_POINT('',#7504);
#7504 = CARTESIAN_POINT('',(211.86487,-83.41334,3.01));
#7505 = SURFACE_CURVE('',#7506,(#7510,#7516),.PCURVE_S1.);
#7506 = LINE('',#7507,#7508);
#7507 = CARTESIAN_POINT('',(200.71954574536,-83.41334,3.01));
#7508 = VECTOR('',#7509,1.);
#7509 = DIRECTION('',(-1.,0.,0.));
#7510 = PCURVE('',#106,#7511);
#7511 = DEFINITIONAL_REPRESENTATION('',(#7512),#7515);
#7512 = B_SPLINE_CURVE_WITH_KNOTS('',1,(#7513,#7514),.UNSPECIFIED.,.F.,
  .F.,(2,2),(-24.14532425463,-10.14532425463),.PIECEWISE_BEZIER_KNOTS.);
#7513 = CARTESIAN_POINT('',(34.290648509261,-11.34753757808));
#7514 = CARTESIAN_POINT('',(20.290648509261,-11.34753757808));
#7515 = ( GEOMETRIC_REPRESENTATION_CONTEXT(2) 
PARAMETRIC_REPRESENTATION_CONTEXT() REPRESENTATION_CONTEXT('2D SPACE',''
  ) );
#7516 = PCURVE('',#2683,#7517);
#7517 = DEFINITIONAL_REPRESENTATION('',(#7518),#7521);
#7518 = B_SPLINE_CURVE_WITH_KNOTS('',1,(#7519,#7520),.UNSPECIFIED.,.F.,
  .F.,(2,2),(-24.14532425463,-10.14532425463),.PIECEWISE_BEZIER_KNOTS.);
#7519 = CARTESIAN_POINT('',(14.,-2.5));
#7520 = CARTESIAN_POINT('',(0.,-2.5));
#7521 = ( GEOMETRIC_REPRESENTATION_CONTEXT(2) 
PARAMETRIC_REPRESENTATION_CONTEXT() REPRESENTATION_CONTEXT('2D SPACE',''
  ) );
#7522 = ORIENTED_EDGE('',*,*,#7523,.T.);
#7523 = EDGE_CURVE('',#7503,#7524,#7526,.T.);
#7524 = VERTEX_POINT('',#7525);
#7525 = CARTESIAN_POINT('',(210.86487,-82.41334,3.01));
#7526 = SURFACE_CURVE('',#7527,(#7532,#7543),.PCURVE_S1.);
#7527 = CIRCLE('',#7528,1.);
#7528 = AXIS2_PLACEMENT_3D('',#7529,#7530,#7531);
#7529 = CARTESIAN_POINT('',(211.86487,-82.41334,3.01));
#7530 = DIRECTION('',(-0.,-0.,-1.));
#7531 = DIRECTION('',(0.,-1.,0.));
#7532 = PCURVE('',#106,#7533);
#7533 = DEFINITIONAL_REPRESENTATION('',(#7534),#7542);
#7534 = ( BOUNDED_CURVE() B_SPLINE_CURVE(2,(#7535,#7536,#7537,#7538,
#7539,#7540,#7541),.UNSPECIFIED.,.T.,.F.) B_SPLINE_CURVE_WITH_KNOTS((1,2
    ,2,2,2,1),(-2.094395102393,0.,2.094395102393,4.188790204786,
6.28318530718,8.377580409573),.UNSPECIFIED.) CURVE() 
GEOMETRIC_REPRESENTATION_ITEM() RATIONAL_B_SPLINE_CURVE((1.,0.5,1.,0.5,
1.,0.5,1.)) REPRESENTATION_ITEM('') );
#7535 = CARTESIAN_POINT('',(21.290648509261,-11.34753757808));
#7536 = CARTESIAN_POINT('',(19.558597701693,-11.34753757808));
#7537 = CARTESIAN_POINT('',(20.424623105477,-9.847537578085));
#7538 = CARTESIAN_POINT('',(21.290648509261,-8.347537578085));
#7539 = CARTESIAN_POINT('',(22.156673913046,-9.847537578085));
#7540 = CARTESIAN_POINT('',(23.02269931683,-11.34753757808));
#7541 = CARTESIAN_POINT('',(21.290648509261,-11.34753757808));
#7542 = ( GEOMETRIC_REPRESENTATION_CONTEXT(2) 
PARAMETRIC_REPRESENTATION_CONTEXT() REPRESENTATION_CONTEXT('2D SPACE',''
  ) );
#7543 = PCURVE('',#2715,#7544);
#7544 = DEFINITIONAL_REPRESENTATION('',(#7545),#7549);
#7545 = LINE('',#7546,#7547);
#7546 = CARTESIAN_POINT('',(-0.,1.5));
#7547 = VECTOR('',#7548,1.);
#7548 = DIRECTION('',(-1.,0.));
#7549 = ( GEOMETRIC_REPRESENTATION_CONTEXT(2) 
PARAMETRIC_REPRESENTATION_CONTEXT() REPRESENTATION_CONTEXT('2D SPACE',''
  ) );
#7550 = ORIENTED_EDGE('',*,*,#7551,.T.);
#7551 = EDGE_CURVE('',#7524,#7552,#7554,.T.);
#7552 = VERTEX_POINT('',#7553);
#7553 = CARTESIAN_POINT('',(210.86487,-70.41334,3.01));
#7554 = SURFACE_CURVE('',#7555,(#7559,#7565),.PCURVE_S1.);
#7555 = LINE('',#7556,#7557);
#7556 = CARTESIAN_POINT('',(210.86487,-70.73957121095,3.01));
#7557 = VECTOR('',#7558,1.);
#7558 = DIRECTION('',(-0.,1.,0.));
#7559 = PCURVE('',#106,#7560);
#7560 = DEFINITIONAL_REPRESENTATION('',(#7561),#7564);
#7561 = B_SPLINE_CURVE_WITH_KNOTS('',1,(#7562,#7563),.UNSPECIFIED.,.F.,
  .F.,(2,2),(-12.67376878904,1.326231210958),.PIECEWISE_BEZIER_KNOTS.);
#7562 = CARTESIAN_POINT('',(20.290648509261,-11.34753757808));
#7563 = CARTESIAN_POINT('',(20.290648509261,2.652462421915));
#7564 = ( GEOMETRIC_REPRESENTATION_CONTEXT(2) 
PARAMETRIC_REPRESENTATION_CONTEXT() REPRESENTATION_CONTEXT('2D SPACE',''
  ) );
#7565 = PCURVE('',#2742,#7566);
#7566 = DEFINITIONAL_REPRESENTATION('',(#7567),#7570);
#7567 = B_SPLINE_CURVE_WITH_KNOTS('',1,(#7568,#7569),.UNSPECIFIED.,.F.,
  .F.,(2,2),(-12.67376878904,1.326231210958),.PIECEWISE_BEZIER_KNOTS.);
#7568 = CARTESIAN_POINT('',(14.,-2.5));
#7569 = CARTESIAN_POINT('',(0.,-2.5));
#7570 = ( GEOMETRIC_REPRESENTATION_CONTEXT(2) 
PARAMETRIC_REPRESENTATION_CONTEXT() REPRESENTATION_CONTEXT('2D SPACE',''
  ) );
#7571 = ORIENTED_EDGE('',*,*,#7572,.F.);
#7572 = EDGE_CURVE('',#7573,#7552,#7575,.T.);
#7573 = VERTEX_POINT('',#7574);
#7574 = CARTESIAN_POINT('',(211.86487,-69.41334,3.01));
#7575 = SURFACE_CURVE('',#7576,(#7581,#7588),.PCURVE_S1.);
#7576 = CIRCLE('',#7577,1.);
#7577 = AXIS2_PLACEMENT_3D('',#7578,#7579,#7580);
#7578 = CARTESIAN_POINT('',(211.86487,-70.41334,3.01));
#7579 = DIRECTION('',(0.,0.,1.));
#7580 = DIRECTION('',(0.,-1.,0.));
#7581 = PCURVE('',#106,#7582);
#7582 = DEFINITIONAL_REPRESENTATION('',(#7583),#7587);
#7583 = CIRCLE('',#7584,1.);
#7584 = AXIS2_PLACEMENT_2D('',#7585,#7586);
#7585 = CARTESIAN_POINT('',(21.290648509261,1.652462421915));
#7586 = DIRECTION('',(0.,-1.));
#7587 = ( GEOMETRIC_REPRESENTATION_CONTEXT(2) 
PARAMETRIC_REPRESENTATION_CONTEXT() REPRESENTATION_CONTEXT('2D SPACE',''
  ) );
#7588 = PCURVE('',#2770,#7589);
#7589 = DEFINITIONAL_REPRESENTATION('',(#7590),#7594);
#7590 = LINE('',#7591,#7592);
#7591 = CARTESIAN_POINT('',(-3.14159265359,1.5));
#7592 = VECTOR('',#7593,1.);
#7593 = DIRECTION('',(1.,0.));
#7594 = ( GEOMETRIC_REPRESENTATION_CONTEXT(2) 
PARAMETRIC_REPRESENTATION_CONTEXT() REPRESENTATION_CONTEXT('2D SPACE',''
  ) );
#7595 = ORIENTED_EDGE('',*,*,#7596,.T.);
#7596 = EDGE_CURVE('',#7573,#7597,#7599,.T.);
#7597 = VERTEX_POINT('',#7598);
#7598 = CARTESIAN_POINT('',(223.86487,-69.41334,3.01));
#7599 = SURFACE_CURVE('',#7600,(#7604,#7610),.PCURVE_S1.);
#7600 = LINE('',#7601,#7602);
#7601 = CARTESIAN_POINT('',(207.71954574536,-69.41334,3.01));
#7602 = VECTOR('',#7603,1.);
#7603 = DIRECTION('',(1.,0.,-0.));
#7604 = PCURVE('',#106,#7605);
#7605 = DEFINITIONAL_REPRESENTATION('',(#7606),#7609);
#7606 = B_SPLINE_CURVE_WITH_KNOTS('',1,(#7607,#7608),.UNSPECIFIED.,.F.,
  .F.,(2,2),(3.145324254631,17.145324254631),.PIECEWISE_BEZIER_KNOTS.);
#7607 = CARTESIAN_POINT('',(20.290648509261,2.652462421915));
#7608 = CARTESIAN_POINT('',(34.290648509261,2.652462421915));
#7609 = ( GEOMETRIC_REPRESENTATION_CONTEXT(2) 
PARAMETRIC_REPRESENTATION_CONTEXT() REPRESENTATION_CONTEXT('2D SPACE',''
  ) );
#7610 = PCURVE('',#2797,#7611);
#7611 = DEFINITIONAL_REPRESENTATION('',(#7612),#7615);
#7612 = B_SPLINE_CURVE_WITH_KNOTS('',1,(#7613,#7614),.UNSPECIFIED.,.F.,
  .F.,(2,2),(3.145324254631,17.145324254631),.PIECEWISE_BEZIER_KNOTS.);
#7613 = CARTESIAN_POINT('',(14.,-2.5));
#7614 = CARTESIAN_POINT('',(0.,-2.5));
#7615 = ( GEOMETRIC_REPRESENTATION_CONTEXT(2) 
PARAMETRIC_REPRESENTATION_CONTEXT() REPRESENTATION_CONTEXT('2D SPACE',''
  ) );
#7616 = ORIENTED_EDGE('',*,*,#7617,.F.);
#7617 = EDGE_CURVE('',#7452,#7597,#7618,.T.);
#7618 = SURFACE_CURVE('',#7619,(#7624,#7631),.PCURVE_S1.);
#7619 = CIRCLE('',#7620,1.);
#7620 = AXIS2_PLACEMENT_3D('',#7621,#7622,#7623);
#7621 = CARTESIAN_POINT('',(223.86487,-70.41334,3.01));
#7622 = DIRECTION('',(0.,0.,1.));
#7623 = DIRECTION('',(0.,-1.,0.));
#7624 = PCURVE('',#106,#7625);
#7625 = DEFINITIONAL_REPRESENTATION('',(#7626),#7630);
#7626 = CIRCLE('',#7627,1.);
#7627 = AXIS2_PLACEMENT_2D('',#7628,#7629);
#7628 = CARTESIAN_POINT('',(33.290648509261,1.652462421915));
#7629 = DIRECTION('',(0.,-1.));
#7630 = ( GEOMETRIC_REPRESENTATION_CONTEXT(2) 
PARAMETRIC_REPRESENTATION_CONTEXT() REPRESENTATION_CONTEXT('2D SPACE',''
  ) );
#7631 = PCURVE('',#2823,#7632);
#7632 = DEFINITIONAL_REPRESENTATION('',(#7633),#7637);
#7633 = LINE('',#7634,#7635);
#7634 = CARTESIAN_POINT('',(-1.570796326795,1.5));
#7635 = VECTOR('',#7636,1.);
#7636 = DIRECTION('',(1.,0.));
#7637 = ( GEOMETRIC_REPRESENTATION_CONTEXT(2) 
PARAMETRIC_REPRESENTATION_CONTEXT() REPRESENTATION_CONTEXT('2D SPACE',''
  ) );
#7638 = FACE_BOUND('',#7639,.T.);
#7639 = EDGE_LOOP('',(#7640,#7663,#7691,#7712,#7740,#7761,#7785,#7806));
#7640 = ORIENTED_EDGE('',*,*,#7641,.T.);
#7641 = EDGE_CURVE('',#7642,#7644,#7646,.T.);
#7642 = VERTEX_POINT('',#7643);
#7643 = CARTESIAN_POINT('',(244.426604,-72.809395,3.01));
#7644 = VERTEX_POINT('',#7645);
#7645 = CARTESIAN_POINT('',(244.426604,-84.809395,3.01));
#7646 = SURFACE_CURVE('',#7647,(#7651,#7657),.PCURVE_S1.);
#7647 = LINE('',#7648,#7649);
#7648 = CARTESIAN_POINT('',(244.426604,-78.93759871095,3.01));
#7649 = VECTOR('',#7650,1.);
#7650 = DIRECTION('',(0.,-1.,0.));
#7651 = PCURVE('',#106,#7652);
#7652 = DEFINITIONAL_REPRESENTATION('',(#7653),#7656);
#7653 = B_SPLINE_CURVE_WITH_KNOTS('',1,(#7654,#7655),.UNSPECIFIED.,.F.,
  .F.,(2,2),(-7.128203710958,6.871796289042),.PIECEWISE_BEZIER_KNOTS.);
#7654 = CARTESIAN_POINT('',(53.852382509261,0.256407421915));
#7655 = CARTESIAN_POINT('',(53.852382509261,-13.74359257808));
#7656 = ( GEOMETRIC_REPRESENTATION_CONTEXT(2) 
PARAMETRIC_REPRESENTATION_CONTEXT() REPRESENTATION_CONTEXT('2D SPACE',''
  ) );
#7657 = PCURVE('',#2854,#7658);
#7658 = DEFINITIONAL_REPRESENTATION('',(#7659),#7662);
#7659 = B_SPLINE_CURVE_WITH_KNOTS('',1,(#7660,#7661),.UNSPECIFIED.,.F.,
  .F.,(2,2),(-7.128203710958,6.871796289042),.PIECEWISE_BEZIER_KNOTS.);
#7660 = CARTESIAN_POINT('',(14.,-2.5));
#7661 = CARTESIAN_POINT('',(0.,-2.5));
#7662 = ( GEOMETRIC_REPRESENTATION_CONTEXT(2) 
PARAMETRIC_REPRESENTATION_CONTEXT() REPRESENTATION_CONTEXT('2D SPACE',''
  ) );
#7663 = ORIENTED_EDGE('',*,*,#7664,.T.);
#7664 = EDGE_CURVE('',#7644,#7665,#7667,.T.);
#7665 = VERTEX_POINT('',#7666);
#7666 = CARTESIAN_POINT('',(243.426604,-85.809395,3.01));
#7667 = SURFACE_CURVE('',#7668,(#7673,#7684),.PCURVE_S1.);
#7668 = CIRCLE('',#7669,1.);
#7669 = AXIS2_PLACEMENT_3D('',#7670,#7671,#7672);
#7670 = CARTESIAN_POINT('',(243.426604,-84.809395,3.01));
#7671 = DIRECTION('',(-0.,-0.,-1.));
#7672 = DIRECTION('',(0.,-1.,0.));
#7673 = PCURVE('',#106,#7674);
#7674 = DEFINITIONAL_REPRESENTATION('',(#7675),#7683);
#7675 = ( BOUNDED_CURVE() B_SPLINE_CURVE(2,(#7676,#7677,#7678,#7679,
#7680,#7681,#7682),.UNSPECIFIED.,.T.,.F.) B_SPLINE_CURVE_WITH_KNOTS((1,2
    ,2,2,2,1),(-2.094395102393,0.,2.094395102393,4.188790204786,
6.28318530718,8.377580409573),.UNSPECIFIED.) CURVE() 
GEOMETRIC_REPRESENTATION_ITEM() RATIONAL_B_SPLINE_CURVE((1.,0.5,1.,0.5,
1.,0.5,1.)) REPRESENTATION_ITEM('') );
#7676 = CARTESIAN_POINT('',(52.852382509261,-13.74359257808));
#7677 = CARTESIAN_POINT('',(51.120331701693,-13.74359257808));
#7678 = CARTESIAN_POINT('',(51.986357105477,-12.24359257808));
#7679 = CARTESIAN_POINT('',(52.852382509261,-10.74359257808));
#7680 = CARTESIAN_POINT('',(53.718407913046,-12.24359257808));
#7681 = CARTESIAN_POINT('',(54.58443331683,-13.74359257808));
#7682 = CARTESIAN_POINT('',(52.852382509261,-13.74359257808));
#7683 = ( GEOMETRIC_REPRESENTATION_CONTEXT(2) 
PARAMETRIC_REPRESENTATION_CONTEXT() REPRESENTATION_CONTEXT('2D SPACE',''
  ) );
#7684 = PCURVE('',#2886,#7685);
#7685 = DEFINITIONAL_REPRESENTATION('',(#7686),#7690);
#7686 = LINE('',#7687,#7688);
#7687 = CARTESIAN_POINT('',(4.712388980385,1.5));
#7688 = VECTOR('',#7689,1.);
#7689 = DIRECTION('',(-1.,0.));
#7690 = ( GEOMETRIC_REPRESENTATION_CONTEXT(2) 
PARAMETRIC_REPRESENTATION_CONTEXT() REPRESENTATION_CONTEXT('2D SPACE',''
  ) );
#7691 = ORIENTED_EDGE('',*,*,#7692,.T.);
#7692 = EDGE_CURVE('',#7665,#7693,#7695,.T.);
#7693 = VERTEX_POINT('',#7694);
#7694 = CARTESIAN_POINT('',(231.426604,-85.809395,3.01));
#7695 = SURFACE_CURVE('',#7696,(#7700,#7706),.PCURVE_S1.);
#7696 = LINE('',#7697,#7698);
#7697 = CARTESIAN_POINT('',(210.50041274536,-85.809395,3.01));
#7698 = VECTOR('',#7699,1.);
#7699 = DIRECTION('',(-1.,0.,0.));
#7700 = PCURVE('',#106,#7701);
#7701 = DEFINITIONAL_REPRESENTATION('',(#7702),#7705);
#7702 = B_SPLINE_CURVE_WITH_KNOTS('',1,(#7703,#7704),.UNSPECIFIED.,.F.,
  .F.,(2,2),(-33.92619125463,-19.92619125463),.PIECEWISE_BEZIER_KNOTS.);
#7703 = CARTESIAN_POINT('',(53.852382509261,-13.74359257808));
#7704 = CARTESIAN_POINT('',(39.852382509261,-13.74359257808));
#7705 = ( GEOMETRIC_REPRESENTATION_CONTEXT(2) 
PARAMETRIC_REPRESENTATION_CONTEXT() REPRESENTATION_CONTEXT('2D SPACE',''
  ) );
#7706 = PCURVE('',#2913,#7707);
#7707 = DEFINITIONAL_REPRESENTATION('',(#7708),#7711);
#7708 = B_SPLINE_CURVE_WITH_KNOTS('',1,(#7709,#7710),.UNSPECIFIED.,.F.,
  .F.,(2,2),(-33.92619125463,-19.92619125463),.PIECEWISE_BEZIER_KNOTS.);
#7709 = CARTESIAN_POINT('',(14.,-2.5));
#7710 = CARTESIAN_POINT('',(0.,-2.5));
#7711 = ( GEOMETRIC_REPRESENTATION_CONTEXT(2) 
PARAMETRIC_REPRESENTATION_CONTEXT() REPRESENTATION_CONTEXT('2D SPACE',''
  ) );
#7712 = ORIENTED_EDGE('',*,*,#7713,.T.);
#7713 = EDGE_CURVE('',#7693,#7714,#7716,.T.);
#7714 = VERTEX_POINT('',#7715);
#7715 = CARTESIAN_POINT('',(230.426604,-84.809395,3.01));
#7716 = SURFACE_CURVE('',#7717,(#7722,#7733),.PCURVE_S1.);
#7717 = CIRCLE('',#7718,1.);
#7718 = AXIS2_PLACEMENT_3D('',#7719,#7720,#7721);
#7719 = CARTESIAN_POINT('',(231.426604,-84.809395,3.01));
#7720 = DIRECTION('',(-0.,-0.,-1.));
#7721 = DIRECTION('',(0.,-1.,0.));
#7722 = PCURVE('',#106,#7723);
#7723 = DEFINITIONAL_REPRESENTATION('',(#7724),#7732);
#7724 = ( BOUNDED_CURVE() B_SPLINE_CURVE(2,(#7725,#7726,#7727,#7728,
#7729,#7730,#7731),.UNSPECIFIED.,.T.,.F.) B_SPLINE_CURVE_WITH_KNOTS((1,2
    ,2,2,2,1),(-2.094395102393,0.,2.094395102393,4.188790204786,
6.28318530718,8.377580409573),.UNSPECIFIED.) CURVE() 
GEOMETRIC_REPRESENTATION_ITEM() RATIONAL_B_SPLINE_CURVE((1.,0.5,1.,0.5,
1.,0.5,1.)) REPRESENTATION_ITEM('') );
#7725 = CARTESIAN_POINT('',(40.852382509261,-13.74359257808));
#7726 = CARTESIAN_POINT('',(39.120331701693,-13.74359257808));
#7727 = CARTESIAN_POINT('',(39.986357105477,-12.24359257808));
#7728 = CARTESIAN_POINT('',(40.852382509261,-10.74359257808));
#7729 = CARTESIAN_POINT('',(41.718407913046,-12.24359257808));
#7730 = CARTESIAN_POINT('',(42.58443331683,-13.74359257808));
#7731 = CARTESIAN_POINT('',(40.852382509261,-13.74359257808));
#7732 = ( GEOMETRIC_REPRESENTATION_CONTEXT(2) 
PARAMETRIC_REPRESENTATION_CONTEXT() REPRESENTATION_CONTEXT('2D SPACE',''
  ) );
#7733 = PCURVE('',#2945,#7734);
#7734 = DEFINITIONAL_REPRESENTATION('',(#7735),#7739);
#7735 = LINE('',#7736,#7737);
#7736 = CARTESIAN_POINT('',(-0.,1.5));
#7737 = VECTOR('',#7738,1.);
#7738 = DIRECTION('',(-1.,0.));
#7739 = ( GEOMETRIC_REPRESENTATION_CONTEXT(2) 
PARAMETRIC_REPRESENTATION_CONTEXT() REPRESENTATION_CONTEXT('2D SPACE',''
  ) );
#7740 = ORIENTED_EDGE('',*,*,#7741,.T.);
#7741 = EDGE_CURVE('',#7714,#7742,#7744,.T.);
#7742 = VERTEX_POINT('',#7743);
#7743 = CARTESIAN_POINT('',(230.426604,-72.809395,3.01));
#7744 = SURFACE_CURVE('',#7745,(#7749,#7755),.PCURVE_S1.);
#7745 = LINE('',#7746,#7747);
#7746 = CARTESIAN_POINT('',(230.426604,-71.93759871095,3.01));
#7747 = VECTOR('',#7748,1.);
#7748 = DIRECTION('',(-0.,1.,0.));
#7749 = PCURVE('',#106,#7750);
#7750 = DEFINITIONAL_REPRESENTATION('',(#7751),#7754);
#7751 = B_SPLINE_CURVE_WITH_KNOTS('',1,(#7752,#7753),.UNSPECIFIED.,.F.,
  .F.,(2,2),(-13.87179628904,0.128203710958),.PIECEWISE_BEZIER_KNOTS.);
#7752 = CARTESIAN_POINT('',(39.852382509261,-13.74359257808));
#7753 = CARTESIAN_POINT('',(39.852382509261,0.256407421915));
#7754 = ( GEOMETRIC_REPRESENTATION_CONTEXT(2) 
PARAMETRIC_REPRESENTATION_CONTEXT() REPRESENTATION_CONTEXT('2D SPACE',''
  ) );
#7755 = PCURVE('',#2972,#7756);
#7756 = DEFINITIONAL_REPRESENTATION('',(#7757),#7760);
#7757 = B_SPLINE_CURVE_WITH_KNOTS('',1,(#7758,#7759),.UNSPECIFIED.,.F.,
  .F.,(2,2),(-13.87179628904,0.128203710958),.PIECEWISE_BEZIER_KNOTS.);
#7758 = CARTESIAN_POINT('',(14.,-2.5));
#7759 = CARTESIAN_POINT('',(0.,-2.5));
#7760 = ( GEOMETRIC_REPRESENTATION_CONTEXT(2) 
PARAMETRIC_REPRESENTATION_CONTEXT() REPRESENTATION_CONTEXT('2D SPACE',''
  ) );
#7761 = ORIENTED_EDGE('',*,*,#7762,.F.);
#7762 = EDGE_CURVE('',#7763,#7742,#7765,.T.);
#7763 = VERTEX_POINT('',#7764);
#7764 = CARTESIAN_POINT('',(231.426604,-71.809395,3.01));
#7765 = SURFACE_CURVE('',#7766,(#7771,#7778),.PCURVE_S1.);
#7766 = CIRCLE('',#7767,1.);
#7767 = AXIS2_PLACEMENT_3D('',#7768,#7769,#7770);
#7768 = CARTESIAN_POINT('',(231.426604,-72.809395,3.01));
#7769 = DIRECTION('',(0.,0.,1.));
#7770 = DIRECTION('',(0.,-1.,0.));
#7771 = PCURVE('',#106,#7772);
#7772 = DEFINITIONAL_REPRESENTATION('',(#7773),#7777);
#7773 = CIRCLE('',#7774,1.);
#7774 = AXIS2_PLACEMENT_2D('',#7775,#7776);
#7775 = CARTESIAN_POINT('',(40.852382509261,-0.743592578085));
#7776 = DIRECTION('',(0.,-1.));
#7777 = ( GEOMETRIC_REPRESENTATION_CONTEXT(2) 
PARAMETRIC_REPRESENTATION_CONTEXT() REPRESENTATION_CONTEXT('2D SPACE',''
  ) );
#7778 = PCURVE('',#3000,#7779);
#7779 = DEFINITIONAL_REPRESENTATION('',(#7780),#7784);
#7780 = LINE('',#7781,#7782);
#7781 = CARTESIAN_POINT('',(-3.14159265359,1.5));
#7782 = VECTOR('',#7783,1.);
#7783 = DIRECTION('',(1.,0.));
#7784 = ( GEOMETRIC_REPRESENTATION_CONTEXT(2) 
PARAMETRIC_REPRESENTATION_CONTEXT() REPRESENTATION_CONTEXT('2D SPACE',''
  ) );
#7785 = ORIENTED_EDGE('',*,*,#7786,.T.);
#7786 = EDGE_CURVE('',#7763,#7787,#7789,.T.);
#7787 = VERTEX_POINT('',#7788);
#7788 = CARTESIAN_POINT('',(243.426604,-71.809395,3.01));
#7789 = SURFACE_CURVE('',#7790,(#7794,#7800),.PCURVE_S1.);
#7790 = LINE('',#7791,#7792);
#7791 = CARTESIAN_POINT('',(217.50041274536,-71.809395,3.01));
#7792 = VECTOR('',#7793,1.);
#7793 = DIRECTION('',(1.,0.,-0.));
#7794 = PCURVE('',#106,#7795);
#7795 = DEFINITIONAL_REPRESENTATION('',(#7796),#7799);
#7796 = B_SPLINE_CURVE_WITH_KNOTS('',1,(#7797,#7798),.UNSPECIFIED.,.F.,
  .F.,(2,2),(12.926191254631,26.926191254631),.PIECEWISE_BEZIER_KNOTS.);
#7797 = CARTESIAN_POINT('',(39.852382509261,0.256407421915));
#7798 = CARTESIAN_POINT('',(53.852382509261,0.256407421915));
#7799 = ( GEOMETRIC_REPRESENTATION_CONTEXT(2) 
PARAMETRIC_REPRESENTATION_CONTEXT() REPRESENTATION_CONTEXT('2D SPACE',''
  ) );
#7800 = PCURVE('',#3027,#7801);
#7801 = DEFINITIONAL_REPRESENTATION('',(#7802),#7805);
#7802 = B_SPLINE_CURVE_WITH_KNOTS('',1,(#7803,#7804),.UNSPECIFIED.,.F.,
  .F.,(2,2),(12.926191254631,26.926191254631),.PIECEWISE_BEZIER_KNOTS.);
#7803 = CARTESIAN_POINT('',(14.,-2.5));
#7804 = CARTESIAN_POINT('',(0.,-2.5));
#7805 = ( GEOMETRIC_REPRESENTATION_CONTEXT(2) 
PARAMETRIC_REPRESENTATION_CONTEXT() REPRESENTATION_CONTEXT('2D SPACE',''
  ) );
#7806 = ORIENTED_EDGE('',*,*,#7807,.F.);
#7807 = EDGE_CURVE('',#7642,#7787,#7808,.T.);
#7808 = SURFACE_CURVE('',#7809,(#7814,#7821),.PCURVE_S1.);
#7809 = CIRCLE('',#7810,1.);
#7810 = AXIS2_PLACEMENT_3D('',#7811,#7812,#7813);
#7811 = CARTESIAN_POINT('',(243.426604,-72.809395,3.01));
#7812 = DIRECTION('',(0.,0.,1.));
#7813 = DIRECTION('',(0.,-1.,0.));
#7814 = PCURVE('',#106,#7815);
#7815 = DEFINITIONAL_REPRESENTATION('',(#7816),#7820);
#7816 = CIRCLE('',#7817,1.);
#7817 = AXIS2_PLACEMENT_2D('',#7818,#7819);
#7818 = CARTESIAN_POINT('',(52.852382509261,-0.743592578085));
#7819 = DIRECTION('',(0.,-1.));
#7820 = ( GEOMETRIC_REPRESENTATION_CONTEXT(2) 
PARAMETRIC_REPRESENTATION_CONTEXT() REPRESENTATION_CONTEXT('2D SPACE',''
  ) );
#7821 = PCURVE('',#3053,#7822);
#7822 = DEFINITIONAL_REPRESENTATION('',(#7823),#7827);
#7823 = LINE('',#7824,#7825);
#7824 = CARTESIAN_POINT('',(-1.570796326795,1.5));
#7825 = VECTOR('',#7826,1.);
#7826 = DIRECTION('',(1.,0.));
#7827 = ( GEOMETRIC_REPRESENTATION_CONTEXT(2) 
PARAMETRIC_REPRESENTATION_CONTEXT() REPRESENTATION_CONTEXT('2D SPACE',''
  ) );
#7828 = FACE_BOUND('',#7829,.T.);
#7829 = EDGE_LOOP('',(#7830,#7853,#7881,#7902,#7930,#7951,#7975,#7996));
#7830 = ORIENTED_EDGE('',*,*,#7831,.T.);
#7831 = EDGE_CURVE('',#7832,#7834,#7836,.T.);
#7832 = VERTEX_POINT('',#7833);
#7833 = CARTESIAN_POINT('',(170.478,-55.214,3.01));
#7834 = VERTEX_POINT('',#7835);
#7835 = CARTESIAN_POINT('',(170.478,-67.214,3.01));
#7836 = SURFACE_CURVE('',#7837,(#7841,#7847),.PCURVE_S1.);
#7837 = LINE('',#7838,#7839);
#7838 = CARTESIAN_POINT('',(170.478,-70.13990121095,3.01));
#7839 = VECTOR('',#7840,1.);
#7840 = DIRECTION('',(0.,-1.,0.));
#7841 = PCURVE('',#106,#7842);
#7842 = DEFINITIONAL_REPRESENTATION('',(#7843),#7846);
#7843 = B_SPLINE_CURVE_WITH_KNOTS('',1,(#7844,#7845),.UNSPECIFIED.,.F.,
  .F.,(2,2),(-15.92590121095,-1.925901210958),.PIECEWISE_BEZIER_KNOTS.);
#7844 = CARTESIAN_POINT('',(-20.09622149073,17.851802421915));
#7845 = CARTESIAN_POINT('',(-20.09622149073,3.851802421915));
#7846 = ( GEOMETRIC_REPRESENTATION_CONTEXT(2) 
PARAMETRIC_REPRESENTATION_CONTEXT() REPRESENTATION_CONTEXT('2D SPACE',''
  ) );
#7847 = PCURVE('',#3084,#7848);
#7848 = DEFINITIONAL_REPRESENTATION('',(#7849),#7852);
#7849 = B_SPLINE_CURVE_WITH_KNOTS('',1,(#7850,#7851),.UNSPECIFIED.,.F.,
  .F.,(2,2),(-15.92590121095,-1.925901210958),.PIECEWISE_BEZIER_KNOTS.);
#7850 = CARTESIAN_POINT('',(14.,-2.5));
#7851 = CARTESIAN_POINT('',(0.,-2.5));
#7852 = ( GEOMETRIC_REPRESENTATION_CONTEXT(2) 
PARAMETRIC_REPRESENTATION_CONTEXT() REPRESENTATION_CONTEXT('2D SPACE',''
  ) );
#7853 = ORIENTED_EDGE('',*,*,#7854,.T.);
#7854 = EDGE_CURVE('',#7834,#7855,#7857,.T.);
#7855 = VERTEX_POINT('',#7856);
#7856 = CARTESIAN_POINT('',(169.478,-68.214,3.01));
#7857 = SURFACE_CURVE('',#7858,(#7863,#7874),.PCURVE_S1.);
#7858 = CIRCLE('',#7859,1.);
#7859 = AXIS2_PLACEMENT_3D('',#7860,#7861,#7862);
#7860 = CARTESIAN_POINT('',(169.478,-67.214,3.01));
#7861 = DIRECTION('',(-0.,-0.,-1.));
#7862 = DIRECTION('',(0.,-1.,0.));
#7863 = PCURVE('',#106,#7864);
#7864 = DEFINITIONAL_REPRESENTATION('',(#7865),#7873);
#7865 = ( BOUNDED_CURVE() B_SPLINE_CURVE(2,(#7866,#7867,#7868,#7869,
#7870,#7871,#7872),.UNSPECIFIED.,.T.,.F.) B_SPLINE_CURVE_WITH_KNOTS((1,2
    ,2,2,2,1),(-2.094395102393,0.,2.094395102393,4.188790204786,
6.28318530718,8.377580409573),.UNSPECIFIED.) CURVE() 
GEOMETRIC_REPRESENTATION_ITEM() RATIONAL_B_SPLINE_CURVE((1.,0.5,1.,0.5,
1.,0.5,1.)) REPRESENTATION_ITEM('') );
#7866 = CARTESIAN_POINT('',(-21.09622149073,3.851802421915));
#7867 = CARTESIAN_POINT('',(-22.8282722983,3.851802421915));
#7868 = CARTESIAN_POINT('',(-21.96224689452,5.351802421915));
#7869 = CARTESIAN_POINT('',(-21.09622149073,6.851802421915));
#7870 = CARTESIAN_POINT('',(-20.23019608695,5.351802421915));
#7871 = CARTESIAN_POINT('',(-19.36417068317,3.851802421915));
#7872 = CARTESIAN_POINT('',(-21.09622149073,3.851802421915));
#7873 = ( GEOMETRIC_REPRESENTATION_CONTEXT(2) 
PARAMETRIC_REPRESENTATION_CONTEXT() REPRESENTATION_CONTEXT('2D SPACE',''
  ) );
#7874 = PCURVE('',#3116,#7875);
#7875 = DEFINITIONAL_REPRESENTATION('',(#7876),#7880);
#7876 = LINE('',#7877,#7878);
#7877 = CARTESIAN_POINT('',(4.712388980385,1.5));
#7878 = VECTOR('',#7879,1.);
#7879 = DIRECTION('',(-1.,0.));
#7880 = ( GEOMETRIC_REPRESENTATION_CONTEXT(2) 
PARAMETRIC_REPRESENTATION_CONTEXT() REPRESENTATION_CONTEXT('2D SPACE',''
  ) );
#7881 = ORIENTED_EDGE('',*,*,#7882,.T.);
#7882 = EDGE_CURVE('',#7855,#7883,#7885,.T.);
#7883 = VERTEX_POINT('',#7884);
#7884 = CARTESIAN_POINT('',(157.478,-68.214,3.01));
#7885 = SURFACE_CURVE('',#7886,(#7890,#7896),.PCURVE_S1.);
#7886 = LINE('',#7887,#7888);
#7887 = CARTESIAN_POINT('',(173.52611074536,-68.214,3.01));
#7888 = VECTOR('',#7889,1.);
#7889 = DIRECTION('',(-1.,0.,0.));
#7890 = PCURVE('',#106,#7891);
#7891 = DEFINITIONAL_REPRESENTATION('',(#7892),#7895);
#7892 = B_SPLINE_CURVE_WITH_KNOTS('',1,(#7893,#7894),.UNSPECIFIED.,.F.,
  .F.,(2,2),(3.048110745369,17.048110745369),.PIECEWISE_BEZIER_KNOTS.);
#7893 = CARTESIAN_POINT('',(-20.09622149073,3.851802421915));
#7894 = CARTESIAN_POINT('',(-34.09622149073,3.851802421915));
#7895 = ( GEOMETRIC_REPRESENTATION_CONTEXT(2) 
PARAMETRIC_REPRESENTATION_CONTEXT() REPRESENTATION_CONTEXT('2D SPACE',''
  ) );
#7896 = PCURVE('',#3143,#7897);
#7897 = DEFINITIONAL_REPRESENTATION('',(#7898),#7901);
#7898 = B_SPLINE_CURVE_WITH_KNOTS('',1,(#7899,#7900),.UNSPECIFIED.,.F.,
  .F.,(2,2),(3.048110745369,17.048110745369),.PIECEWISE_BEZIER_KNOTS.);
#7899 = CARTESIAN_POINT('',(14.,-2.5));
#7900 = CARTESIAN_POINT('',(0.,-2.5));
#7901 = ( GEOMETRIC_REPRESENTATION_CONTEXT(2) 
PARAMETRIC_REPRESENTATION_CONTEXT() REPRESENTATION_CONTEXT('2D SPACE',''
  ) );
#7902 = ORIENTED_EDGE('',*,*,#7903,.T.);
#7903 = EDGE_CURVE('',#7883,#7904,#7906,.T.);
#7904 = VERTEX_POINT('',#7905);
#7905 = CARTESIAN_POINT('',(156.478,-67.214,3.01));
#7906 = SURFACE_CURVE('',#7907,(#7912,#7923),.PCURVE_S1.);
#7907 = CIRCLE('',#7908,1.);
#7908 = AXIS2_PLACEMENT_3D('',#7909,#7910,#7911);
#7909 = CARTESIAN_POINT('',(157.478,-67.214,3.01));
#7910 = DIRECTION('',(-0.,-0.,-1.));
#7911 = DIRECTION('',(0.,-1.,0.));
#7912 = PCURVE('',#106,#7913);
#7913 = DEFINITIONAL_REPRESENTATION('',(#7914),#7922);
#7914 = ( BOUNDED_CURVE() B_SPLINE_CURVE(2,(#7915,#7916,#7917,#7918,
#7919,#7920,#7921),.UNSPECIFIED.,.T.,.F.) B_SPLINE_CURVE_WITH_KNOTS((1,2
    ,2,2,2,1),(-2.094395102393,0.,2.094395102393,4.188790204786,
6.28318530718,8.377580409573),.UNSPECIFIED.) CURVE() 
GEOMETRIC_REPRESENTATION_ITEM() RATIONAL_B_SPLINE_CURVE((1.,0.5,1.,0.5,
1.,0.5,1.)) REPRESENTATION_ITEM('') );
#7915 = CARTESIAN_POINT('',(-33.09622149073,3.851802421915));
#7916 = CARTESIAN_POINT('',(-34.8282722983,3.851802421915));
#7917 = CARTESIAN_POINT('',(-33.96224689452,5.351802421915));
#7918 = CARTESIAN_POINT('',(-33.09622149073,6.851802421915));
#7919 = CARTESIAN_POINT('',(-32.23019608695,5.351802421915));
#7920 = CARTESIAN_POINT('',(-31.36417068317,3.851802421915));
#7921 = CARTESIAN_POINT('',(-33.09622149073,3.851802421915));
#7922 = ( GEOMETRIC_REPRESENTATION_CONTEXT(2) 
PARAMETRIC_REPRESENTATION_CONTEXT() REPRESENTATION_CONTEXT('2D SPACE',''
  ) );
#7923 = PCURVE('',#3175,#7924);
#7924 = DEFINITIONAL_REPRESENTATION('',(#7925),#7929);
#7925 = LINE('',#7926,#7927);
#7926 = CARTESIAN_POINT('',(-0.,1.5));
#7927 = VECTOR('',#7928,1.);
#7928 = DIRECTION('',(-1.,0.));
#7929 = ( GEOMETRIC_REPRESENTATION_CONTEXT(2) 
PARAMETRIC_REPRESENTATION_CONTEXT() REPRESENTATION_CONTEXT('2D SPACE',''
  ) );
#7930 = ORIENTED_EDGE('',*,*,#7931,.T.);
#7931 = EDGE_CURVE('',#7904,#7932,#7934,.T.);
#7932 = VERTEX_POINT('',#7933);
#7933 = CARTESIAN_POINT('',(156.478,-55.214,3.01));
#7934 = SURFACE_CURVE('',#7935,(#7939,#7945),.PCURVE_S1.);
#7935 = LINE('',#7936,#7937);
#7936 = CARTESIAN_POINT('',(156.478,-63.13990121095,3.01));
#7937 = VECTOR('',#7938,1.);
#7938 = DIRECTION('',(-0.,1.,0.));
#7939 = PCURVE('',#106,#7940);
#7940 = DEFINITIONAL_REPRESENTATION('',(#7941),#7944);
#7941 = B_SPLINE_CURVE_WITH_KNOTS('',1,(#7942,#7943),.UNSPECIFIED.,.F.,
  .F.,(2,2),(-5.074098789042,8.925901210958),.PIECEWISE_BEZIER_KNOTS.);
#7942 = CARTESIAN_POINT('',(-34.09622149073,3.851802421915));
#7943 = CARTESIAN_POINT('',(-34.09622149073,17.851802421915));
#7944 = ( GEOMETRIC_REPRESENTATION_CONTEXT(2) 
PARAMETRIC_REPRESENTATION_CONTEXT() REPRESENTATION_CONTEXT('2D SPACE',''
  ) );
#7945 = PCURVE('',#3202,#7946);
#7946 = DEFINITIONAL_REPRESENTATION('',(#7947),#7950);
#7947 = B_SPLINE_CURVE_WITH_KNOTS('',1,(#7948,#7949),.UNSPECIFIED.,.F.,
  .F.,(2,2),(-5.074098789042,8.925901210958),.PIECEWISE_BEZIER_KNOTS.);
#7948 = CARTESIAN_POINT('',(14.,-2.5));
#7949 = CARTESIAN_POINT('',(0.,-2.5));
#7950 = ( GEOMETRIC_REPRESENTATION_CONTEXT(2) 
PARAMETRIC_REPRESENTATION_CONTEXT() REPRESENTATION_CONTEXT('2D SPACE',''
  ) );
#7951 = ORIENTED_EDGE('',*,*,#7952,.F.);
#7952 = EDGE_CURVE('',#7953,#7932,#7955,.T.);
#7953 = VERTEX_POINT('',#7954);
#7954 = CARTESIAN_POINT('',(157.478,-54.214,3.01));
#7955 = SURFACE_CURVE('',#7956,(#7961,#7968),.PCURVE_S1.);
#7956 = CIRCLE('',#7957,1.);
#7957 = AXIS2_PLACEMENT_3D('',#7958,#7959,#7960);
#7958 = CARTESIAN_POINT('',(157.478,-55.214,3.01));
#7959 = DIRECTION('',(0.,0.,1.));
#7960 = DIRECTION('',(0.,-1.,0.));
#7961 = PCURVE('',#106,#7962);
#7962 = DEFINITIONAL_REPRESENTATION('',(#7963),#7967);
#7963 = CIRCLE('',#7964,1.);
#7964 = AXIS2_PLACEMENT_2D('',#7965,#7966);
#7965 = CARTESIAN_POINT('',(-33.09622149073,16.851802421915));
#7966 = DIRECTION('',(0.,-1.));
#7967 = ( GEOMETRIC_REPRESENTATION_CONTEXT(2) 
PARAMETRIC_REPRESENTATION_CONTEXT() REPRESENTATION_CONTEXT('2D SPACE',''
  ) );
#7968 = PCURVE('',#3230,#7969);
#7969 = DEFINITIONAL_REPRESENTATION('',(#7970),#7974);
#7970 = LINE('',#7971,#7972);
#7971 = CARTESIAN_POINT('',(-3.14159265359,1.5));
#7972 = VECTOR('',#7973,1.);
#7973 = DIRECTION('',(1.,0.));
#7974 = ( GEOMETRIC_REPRESENTATION_CONTEXT(2) 
PARAMETRIC_REPRESENTATION_CONTEXT() REPRESENTATION_CONTEXT('2D SPACE',''
  ) );
#7975 = ORIENTED_EDGE('',*,*,#7976,.T.);
#7976 = EDGE_CURVE('',#7953,#7977,#7979,.T.);
#7977 = VERTEX_POINT('',#7978);
#7978 = CARTESIAN_POINT('',(169.478,-54.214,3.01));
#7979 = SURFACE_CURVE('',#7980,(#7984,#7990),.PCURVE_S1.);
#7980 = LINE('',#7981,#7982);
#7981 = CARTESIAN_POINT('',(180.52611074536,-54.214,3.01));
#7982 = VECTOR('',#7983,1.);
#7983 = DIRECTION('',(1.,0.,-0.));
#7984 = PCURVE('',#106,#7985);
#7985 = DEFINITIONAL_REPRESENTATION('',(#7986),#7989);
#7986 = B_SPLINE_CURVE_WITH_KNOTS('',1,(#7987,#7988),.UNSPECIFIED.,.F.,
  .F.,(2,2),(-24.04811074536,-10.04811074536),.PIECEWISE_BEZIER_KNOTS.);
#7987 = CARTESIAN_POINT('',(-34.09622149073,17.851802421915));
#7988 = CARTESIAN_POINT('',(-20.09622149073,17.851802421915));
#7989 = ( GEOMETRIC_REPRESENTATION_CONTEXT(2) 
PARAMETRIC_REPRESENTATION_CONTEXT() REPRESENTATION_CONTEXT('2D SPACE',''
  ) );
#7990 = PCURVE('',#3257,#7991);
#7991 = DEFINITIONAL_REPRESENTATION('',(#7992),#7995);
#7992 = B_SPLINE_CURVE_WITH_KNOTS('',1,(#7993,#7994),.UNSPECIFIED.,.F.,
  .F.,(2,2),(-24.04811074536,-10.04811074536),.PIECEWISE_BEZIER_KNOTS.);
#7993 = CARTESIAN_POINT('',(14.,-2.5));
#7994 = CARTESIAN_POINT('',(0.,-2.5));
#7995 = ( GEOMETRIC_REPRESENTATION_CONTEXT(2) 
PARAMETRIC_REPRESENTATION_CONTEXT() REPRESENTATION_CONTEXT('2D SPACE',''
  ) );
#7996 = ORIENTED_EDGE('',*,*,#7997,.F.);
#7997 = EDGE_CURVE('',#7832,#7977,#7998,.T.);
#7998 = SURFACE_CURVE('',#7999,(#8004,#8011),.PCURVE_S1.);
#7999 = CIRCLE('',#8000,1.);
#8000 = AXIS2_PLACEMENT_3D('',#8001,#8002,#8003);
#8001 = CARTESIAN_POINT('',(169.478,-55.214,3.01));
#8002 = DIRECTION('',(0.,0.,1.));
#8003 = DIRECTION('',(0.,-1.,0.));
#8004 = PCURVE('',#106,#8005);
#8005 = DEFINITIONAL_REPRESENTATION('',(#8006),#8010);
#8006 = CIRCLE('',#8007,1.);
#8007 = AXIS2_PLACEMENT_2D('',#8008,#8009);
#8008 = CARTESIAN_POINT('',(-21.09622149073,16.851802421915));
#8009 = DIRECTION('',(0.,-1.));
#8010 = ( GEOMETRIC_REPRESENTATION_CONTEXT(2) 
PARAMETRIC_REPRESENTATION_CONTEXT() REPRESENTATION_CONTEXT('2D SPACE',''
  ) );
#8011 = PCURVE('',#3283,#8012);
#8012 = DEFINITIONAL_REPRESENTATION('',(#8013),#8017);
#8013 = LINE('',#8014,#8015);
#8014 = CARTESIAN_POINT('',(-1.570796326795,1.5));
#8015 = VECTOR('',#8016,1.);
#8016 = DIRECTION('',(1.,0.));
#8017 = ( GEOMETRIC_REPRESENTATION_CONTEXT(2) 
PARAMETRIC_REPRESENTATION_CONTEXT() REPRESENTATION_CONTEXT('2D SPACE',''
  ) );
#8018 = FACE_BOUND('',#8019,.T.);
#8019 = EDGE_LOOP('',(#8020,#8043,#8071,#8092,#8120,#8141,#8165,#8186));
#8020 = ORIENTED_EDGE('',*,*,#8021,.T.);
#8021 = EDGE_CURVE('',#8022,#8024,#8026,.T.);
#8022 = VERTEX_POINT('',#8023);
#8023 = CARTESIAN_POINT('',(188.492,-52.674,3.01));
#8024 = VERTEX_POINT('',#8025);
#8025 = CARTESIAN_POINT('',(188.492,-64.674,3.01));
#8026 = SURFACE_CURVE('',#8027,(#8031,#8037),.PCURVE_S1.);
#8027 = LINE('',#8028,#8029);
#8028 = CARTESIAN_POINT('',(188.492,-68.86990121095,3.01));
#8029 = VECTOR('',#8030,1.);
#8030 = DIRECTION('',(0.,-1.,0.));
#8031 = PCURVE('',#106,#8032);
#8032 = DEFINITIONAL_REPRESENTATION('',(#8033),#8036);
#8033 = B_SPLINE_CURVE_WITH_KNOTS('',1,(#8034,#8035),.UNSPECIFIED.,.F.,
  .F.,(2,2),(-17.19590121095,-3.195901210958),.PIECEWISE_BEZIER_KNOTS.);
#8034 = CARTESIAN_POINT('',(-2.082221490739,20.391802421915));
#8035 = CARTESIAN_POINT('',(-2.082221490739,6.391802421915));
#8036 = ( GEOMETRIC_REPRESENTATION_CONTEXT(2) 
PARAMETRIC_REPRESENTATION_CONTEXT() REPRESENTATION_CONTEXT('2D SPACE',''
  ) );
#8037 = PCURVE('',#3314,#8038);
#8038 = DEFINITIONAL_REPRESENTATION('',(#8039),#8042);
#8039 = B_SPLINE_CURVE_WITH_KNOTS('',1,(#8040,#8041),.UNSPECIFIED.,.F.,
  .F.,(2,2),(-17.19590121095,-3.195901210958),.PIECEWISE_BEZIER_KNOTS.);
#8040 = CARTESIAN_POINT('',(14.,-2.5));
#8041 = CARTESIAN_POINT('',(0.,-2.5));
#8042 = ( GEOMETRIC_REPRESENTATION_CONTEXT(2) 
PARAMETRIC_REPRESENTATION_CONTEXT() REPRESENTATION_CONTEXT('2D SPACE',''
  ) );
#8043 = ORIENTED_EDGE('',*,*,#8044,.T.);
#8044 = EDGE_CURVE('',#8024,#8045,#8047,.T.);
#8045 = VERTEX_POINT('',#8046);
#8046 = CARTESIAN_POINT('',(187.492,-65.674,3.01));
#8047 = SURFACE_CURVE('',#8048,(#8053,#8064),.PCURVE_S1.);
#8048 = CIRCLE('',#8049,1.);
#8049 = AXIS2_PLACEMENT_3D('',#8050,#8051,#8052);
#8050 = CARTESIAN_POINT('',(187.492,-64.674,3.01));
#8051 = DIRECTION('',(-0.,-0.,-1.));
#8052 = DIRECTION('',(0.,-1.,0.));
#8053 = PCURVE('',#106,#8054);
#8054 = DEFINITIONAL_REPRESENTATION('',(#8055),#8063);
#8055 = ( BOUNDED_CURVE() B_SPLINE_CURVE(2,(#8056,#8057,#8058,#8059,
#8060,#8061,#8062),.UNSPECIFIED.,.T.,.F.) B_SPLINE_CURVE_WITH_KNOTS((1,2
    ,2,2,2,1),(-2.094395102393,0.,2.094395102393,4.188790204786,
6.28318530718,8.377580409573),.UNSPECIFIED.) CURVE() 
GEOMETRIC_REPRESENTATION_ITEM() RATIONAL_B_SPLINE_CURVE((1.,0.5,1.,0.5,
1.,0.5,1.)) REPRESENTATION_ITEM('') );
#8056 = CARTESIAN_POINT('',(-3.082221490739,6.391802421915));
#8057 = CARTESIAN_POINT('',(-4.814272298307,6.391802421915));
#8058 = CARTESIAN_POINT('',(-3.948246894523,7.891802421915));
#8059 = CARTESIAN_POINT('',(-3.082221490739,9.391802421915));
#8060 = CARTESIAN_POINT('',(-2.216196086954,7.891802421915));
#8061 = CARTESIAN_POINT('',(-1.35017068317,6.391802421915));
#8062 = CARTESIAN_POINT('',(-3.082221490739,6.391802421915));
#8063 = ( GEOMETRIC_REPRESENTATION_CONTEXT(2) 
PARAMETRIC_REPRESENTATION_CONTEXT() REPRESENTATION_CONTEXT('2D SPACE',''
  ) );
#8064 = PCURVE('',#3346,#8065);
#8065 = DEFINITIONAL_REPRESENTATION('',(#8066),#8070);
#8066 = LINE('',#8067,#8068);
#8067 = CARTESIAN_POINT('',(4.712388980385,1.5));
#8068 = VECTOR('',#8069,1.);
#8069 = DIRECTION('',(-1.,0.));
#8070 = ( GEOMETRIC_REPRESENTATION_CONTEXT(2) 
PARAMETRIC_REPRESENTATION_CONTEXT() REPRESENTATION_CONTEXT('2D SPACE',''
  ) );
#8071 = ORIENTED_EDGE('',*,*,#8072,.T.);
#8072 = EDGE_CURVE('',#8045,#8073,#8075,.T.);
#8073 = VERTEX_POINT('',#8074);
#8074 = CARTESIAN_POINT('',(175.492,-65.674,3.01));
#8075 = SURFACE_CURVE('',#8076,(#8080,#8086),.PCURVE_S1.);
#8076 = LINE('',#8077,#8078);
#8077 = CARTESIAN_POINT('',(182.53311074536,-65.674,3.01));
#8078 = VECTOR('',#8079,1.);
#8079 = DIRECTION('',(-1.,0.,0.));
#8080 = PCURVE('',#106,#8081);
#8081 = DEFINITIONAL_REPRESENTATION('',(#8082),#8085);
#8082 = B_SPLINE_CURVE_WITH_KNOTS('',1,(#8083,#8084),.UNSPECIFIED.,.F.,
  .F.,(2,2),(-5.958889254631,8.041110745369),.PIECEWISE_BEZIER_KNOTS.);
#8083 = CARTESIAN_POINT('',(-2.082221490739,6.391802421915));
#8084 = CARTESIAN_POINT('',(-16.08222149073,6.391802421915));
#8085 = ( GEOMETRIC_REPRESENTATION_CONTEXT(2) 
PARAMETRIC_REPRESENTATION_CONTEXT() REPRESENTATION_CONTEXT('2D SPACE',''
  ) );
#8086 = PCURVE('',#3373,#8087);
#8087 = DEFINITIONAL_REPRESENTATION('',(#8088),#8091);
#8088 = B_SPLINE_CURVE_WITH_KNOTS('',1,(#8089,#8090),.UNSPECIFIED.,.F.,
  .F.,(2,2),(-5.958889254631,8.041110745369),.PIECEWISE_BEZIER_KNOTS.);
#8089 = CARTESIAN_POINT('',(14.,-2.5));
#8090 = CARTESIAN_POINT('',(0.,-2.5));
#8091 = ( GEOMETRIC_REPRESENTATION_CONTEXT(2) 
PARAMETRIC_REPRESENTATION_CONTEXT() REPRESENTATION_CONTEXT('2D SPACE',''
  ) );
#8092 = ORIENTED_EDGE('',*,*,#8093,.T.);
#8093 = EDGE_CURVE('',#8073,#8094,#8096,.T.);
#8094 = VERTEX_POINT('',#8095);
#8095 = CARTESIAN_POINT('',(174.492,-64.674,3.01));
#8096 = SURFACE_CURVE('',#8097,(#8102,#8113),.PCURVE_S1.);
#8097 = CIRCLE('',#8098,1.);
#8098 = AXIS2_PLACEMENT_3D('',#8099,#8100,#8101);
#8099 = CARTESIAN_POINT('',(175.492,-64.674,3.01));
#8100 = DIRECTION('',(-0.,-0.,-1.));
#8101 = DIRECTION('',(0.,-1.,0.));
#8102 = PCURVE('',#106,#8103);
#8103 = DEFINITIONAL_REPRESENTATION('',(#8104),#8112);
#8104 = ( BOUNDED_CURVE() B_SPLINE_CURVE(2,(#8105,#8106,#8107,#8108,
#8109,#8110,#8111),.UNSPECIFIED.,.T.,.F.) B_SPLINE_CURVE_WITH_KNOTS((1,2
    ,2,2,2,1),(-2.094395102393,0.,2.094395102393,4.188790204786,
6.28318530718,8.377580409573),.UNSPECIFIED.) CURVE() 
GEOMETRIC_REPRESENTATION_ITEM() RATIONAL_B_SPLINE_CURVE((1.,0.5,1.,0.5,
1.,0.5,1.)) REPRESENTATION_ITEM('') );
#8105 = CARTESIAN_POINT('',(-15.08222149073,6.391802421915));
#8106 = CARTESIAN_POINT('',(-16.8142722983,6.391802421915));
#8107 = CARTESIAN_POINT('',(-15.94824689452,7.891802421915));
#8108 = CARTESIAN_POINT('',(-15.08222149073,9.391802421915));
#8109 = CARTESIAN_POINT('',(-14.21619608695,7.891802421915));
#8110 = CARTESIAN_POINT('',(-13.35017068317,6.391802421915));
#8111 = CARTESIAN_POINT('',(-15.08222149073,6.391802421915));
#8112 = ( GEOMETRIC_REPRESENTATION_CONTEXT(2) 
PARAMETRIC_REPRESENTATION_CONTEXT() REPRESENTATION_CONTEXT('2D SPACE',''
  ) );
#8113 = PCURVE('',#3405,#8114);
#8114 = DEFINITIONAL_REPRESENTATION('',(#8115),#8119);
#8115 = LINE('',#8116,#8117);
#8116 = CARTESIAN_POINT('',(-0.,1.5));
#8117 = VECTOR('',#8118,1.);
#8118 = DIRECTION('',(-1.,0.));
#8119 = ( GEOMETRIC_REPRESENTATION_CONTEXT(2) 
PARAMETRIC_REPRESENTATION_CONTEXT() REPRESENTATION_CONTEXT('2D SPACE',''
  ) );
#8120 = ORIENTED_EDGE('',*,*,#8121,.T.);
#8121 = EDGE_CURVE('',#8094,#8122,#8124,.T.);
#8122 = VERTEX_POINT('',#8123);
#8123 = CARTESIAN_POINT('',(174.492,-52.674,3.01));
#8124 = SURFACE_CURVE('',#8125,(#8129,#8135),.PCURVE_S1.);
#8125 = LINE('',#8126,#8127);
#8126 = CARTESIAN_POINT('',(174.492,-61.86990121095,3.01));
#8127 = VECTOR('',#8128,1.);
#8128 = DIRECTION('',(-0.,1.,0.));
#8129 = PCURVE('',#106,#8130);
#8130 = DEFINITIONAL_REPRESENTATION('',(#8131),#8134);
#8131 = B_SPLINE_CURVE_WITH_KNOTS('',1,(#8132,#8133),.UNSPECIFIED.,.F.,
  .F.,(2,2),(-3.804098789042,10.195901210958),.PIECEWISE_BEZIER_KNOTS.);
#8132 = CARTESIAN_POINT('',(-16.08222149073,6.391802421915));
#8133 = CARTESIAN_POINT('',(-16.08222149073,20.391802421915));
#8134 = ( GEOMETRIC_REPRESENTATION_CONTEXT(2) 
PARAMETRIC_REPRESENTATION_CONTEXT() REPRESENTATION_CONTEXT('2D SPACE',''
  ) );
#8135 = PCURVE('',#3432,#8136);
#8136 = DEFINITIONAL_REPRESENTATION('',(#8137),#8140);
#8137 = B_SPLINE_CURVE_WITH_KNOTS('',1,(#8138,#8139),.UNSPECIFIED.,.F.,
  .F.,(2,2),(-3.804098789042,10.195901210958),.PIECEWISE_BEZIER_KNOTS.);
#8138 = CARTESIAN_POINT('',(14.,-2.5));
#8139 = CARTESIAN_POINT('',(0.,-2.5));
#8140 = ( GEOMETRIC_REPRESENTATION_CONTEXT(2) 
PARAMETRIC_REPRESENTATION_CONTEXT() REPRESENTATION_CONTEXT('2D SPACE',''
  ) );
#8141 = ORIENTED_EDGE('',*,*,#8142,.F.);
#8142 = EDGE_CURVE('',#8143,#8122,#8145,.T.);
#8143 = VERTEX_POINT('',#8144);
#8144 = CARTESIAN_POINT('',(175.492,-51.674,3.01));
#8145 = SURFACE_CURVE('',#8146,(#8151,#8158),.PCURVE_S1.);
#8146 = CIRCLE('',#8147,1.);
#8147 = AXIS2_PLACEMENT_3D('',#8148,#8149,#8150);
#8148 = CARTESIAN_POINT('',(175.492,-52.674,3.01));
#8149 = DIRECTION('',(0.,0.,1.));
#8150 = DIRECTION('',(0.,-1.,0.));
#8151 = PCURVE('',#106,#8152);
#8152 = DEFINITIONAL_REPRESENTATION('',(#8153),#8157);
#8153 = CIRCLE('',#8154,1.);
#8154 = AXIS2_PLACEMENT_2D('',#8155,#8156);
#8155 = CARTESIAN_POINT('',(-15.08222149073,19.391802421915));
#8156 = DIRECTION('',(0.,-1.));
#8157 = ( GEOMETRIC_REPRESENTATION_CONTEXT(2) 
PARAMETRIC_REPRESENTATION_CONTEXT() REPRESENTATION_CONTEXT('2D SPACE',''
  ) );
#8158 = PCURVE('',#3460,#8159);
#8159 = DEFINITIONAL_REPRESENTATION('',(#8160),#8164);
#8160 = LINE('',#8161,#8162);
#8161 = CARTESIAN_POINT('',(-3.14159265359,1.5));
#8162 = VECTOR('',#8163,1.);
#8163 = DIRECTION('',(1.,0.));
#8164 = ( GEOMETRIC_REPRESENTATION_CONTEXT(2) 
PARAMETRIC_REPRESENTATION_CONTEXT() REPRESENTATION_CONTEXT('2D SPACE',''
  ) );
#8165 = ORIENTED_EDGE('',*,*,#8166,.T.);
#8166 = EDGE_CURVE('',#8143,#8167,#8169,.T.);
#8167 = VERTEX_POINT('',#8168);
#8168 = CARTESIAN_POINT('',(187.492,-51.674,3.01));
#8169 = SURFACE_CURVE('',#8170,(#8174,#8180),.PCURVE_S1.);
#8170 = LINE('',#8171,#8172);
#8171 = CARTESIAN_POINT('',(189.53311074536,-51.674,3.01));
#8172 = VECTOR('',#8173,1.);
#8173 = DIRECTION('',(1.,0.,-0.));
#8174 = PCURVE('',#106,#8175);
#8175 = DEFINITIONAL_REPRESENTATION('',(#8176),#8179);
#8176 = B_SPLINE_CURVE_WITH_KNOTS('',1,(#8177,#8178),.UNSPECIFIED.,.F.,
  .F.,(2,2),(-15.04111074536,-1.041110745369),.PIECEWISE_BEZIER_KNOTS.);
#8177 = CARTESIAN_POINT('',(-16.08222149073,20.391802421915));
#8178 = CARTESIAN_POINT('',(-2.082221490739,20.391802421915));
#8179 = ( GEOMETRIC_REPRESENTATION_CONTEXT(2) 
PARAMETRIC_REPRESENTATION_CONTEXT() REPRESENTATION_CONTEXT('2D SPACE',''
  ) );
#8180 = PCURVE('',#3487,#8181);
#8181 = DEFINITIONAL_REPRESENTATION('',(#8182),#8185);
#8182 = B_SPLINE_CURVE_WITH_KNOTS('',1,(#8183,#8184),.UNSPECIFIED.,.F.,
  .F.,(2,2),(-15.04111074536,-1.041110745369),.PIECEWISE_BEZIER_KNOTS.);
#8183 = CARTESIAN_POINT('',(14.,-2.5));
#8184 = CARTESIAN_POINT('',(0.,-2.5));
#8185 = ( GEOMETRIC_REPRESENTATION_CONTEXT(2) 
PARAMETRIC_REPRESENTATION_CONTEXT() REPRESENTATION_CONTEXT('2D SPACE',''
  ) );
#8186 = ORIENTED_EDGE('',*,*,#8187,.F.);
#8187 = EDGE_CURVE('',#8022,#8167,#8188,.T.);
#8188 = SURFACE_CURVE('',#8189,(#8194,#8201),.PCURVE_S1.);
#8189 = CIRCLE('',#8190,1.);
#8190 = AXIS2_PLACEMENT_3D('',#8191,#8192,#8193);
#8191 = CARTESIAN_POINT('',(187.492,-52.674,3.01));
#8192 = DIRECTION('',(0.,0.,1.));
#8193 = DIRECTION('',(0.,-1.,0.));
#8194 = PCURVE('',#106,#8195);
#8195 = DEFINITIONAL_REPRESENTATION('',(#8196),#8200);
#8196 = CIRCLE('',#8197,1.);
#8197 = AXIS2_PLACEMENT_2D('',#8198,#8199);
#8198 = CARTESIAN_POINT('',(-3.082221490739,19.391802421915));
#8199 = DIRECTION('',(0.,-1.));
#8200 = ( GEOMETRIC_REPRESENTATION_CONTEXT(2) 
PARAMETRIC_REPRESENTATION_CONTEXT() REPRESENTATION_CONTEXT('2D SPACE',''
  ) );
#8201 = PCURVE('',#3513,#8202);
#8202 = DEFINITIONAL_REPRESENTATION('',(#8203),#8207);
#8203 = LINE('',#8204,#8205);
#8204 = CARTESIAN_POINT('',(-1.570796326795,1.5));
#8205 = VECTOR('',#8206,1.);
#8206 = DIRECTION('',(1.,0.));
#8207 = ( GEOMETRIC_REPRESENTATION_CONTEXT(2) 
PARAMETRIC_REPRESENTATION_CONTEXT() REPRESENTATION_CONTEXT('2D SPACE',''
  ) );
#8208 = FACE_BOUND('',#8209,.T.);
#8209 = EDGE_LOOP('',(#8210,#8233,#8261,#8282,#8310,#8331,#8355,#8376));
#8210 = ORIENTED_EDGE('',*,*,#8211,.T.);
#8211 = EDGE_CURVE('',#8212,#8214,#8216,.T.);
#8212 = VERTEX_POINT('',#8213);
#8213 = CARTESIAN_POINT('',(170.478,-38.224,3.01));
#8214 = VERTEX_POINT('',#8215);
#8215 = CARTESIAN_POINT('',(170.478,-50.224,3.01));
#8216 = SURFACE_CURVE('',#8217,(#8221,#8227),.PCURVE_S1.);
#8217 = LINE('',#8218,#8219);
#8218 = CARTESIAN_POINT('',(170.478,-61.64490121095,3.01));
#8219 = VECTOR('',#8220,1.);
#8220 = DIRECTION('',(0.,-1.,0.));
#8221 = PCURVE('',#106,#8222);
#8222 = DEFINITIONAL_REPRESENTATION('',(#8223),#8226);
#8223 = B_SPLINE_CURVE_WITH_KNOTS('',1,(#8224,#8225),.UNSPECIFIED.,.F.,
  .F.,(2,2),(-24.42090121095,-10.42090121095),.PIECEWISE_BEZIER_KNOTS.);
#8224 = CARTESIAN_POINT('',(-20.09622149073,34.841802421915));
#8225 = CARTESIAN_POINT('',(-20.09622149073,20.841802421915));
#8226 = ( GEOMETRIC_REPRESENTATION_CONTEXT(2) 
PARAMETRIC_REPRESENTATION_CONTEXT() REPRESENTATION_CONTEXT('2D SPACE',''
  ) );
#8227 = PCURVE('',#3544,#8228);
#8228 = DEFINITIONAL_REPRESENTATION('',(#8229),#8232);
#8229 = B_SPLINE_CURVE_WITH_KNOTS('',1,(#8230,#8231),.UNSPECIFIED.,.F.,
  .F.,(2,2),(-24.42090121095,-10.42090121095),.PIECEWISE_BEZIER_KNOTS.);
#8230 = CARTESIAN_POINT('',(14.,-2.5));
#8231 = CARTESIAN_POINT('',(0.,-2.5));
#8232 = ( GEOMETRIC_REPRESENTATION_CONTEXT(2) 
PARAMETRIC_REPRESENTATION_CONTEXT() REPRESENTATION_CONTEXT('2D SPACE',''
  ) );
#8233 = ORIENTED_EDGE('',*,*,#8234,.T.);
#8234 = EDGE_CURVE('',#8214,#8235,#8237,.T.);
#8235 = VERTEX_POINT('',#8236);
#8236 = CARTESIAN_POINT('',(169.478,-51.224,3.01));
#8237 = SURFACE_CURVE('',#8238,(#8243,#8254),.PCURVE_S1.);
#8238 = CIRCLE('',#8239,1.);
#8239 = AXIS2_PLACEMENT_3D('',#8240,#8241,#8242);
#8240 = CARTESIAN_POINT('',(169.478,-50.224,3.01));
#8241 = DIRECTION('',(-0.,-0.,-1.));
#8242 = DIRECTION('',(0.,-1.,0.));
#8243 = PCURVE('',#106,#8244);
#8244 = DEFINITIONAL_REPRESENTATION('',(#8245),#8253);
#8245 = ( BOUNDED_CURVE() B_SPLINE_CURVE(2,(#8246,#8247,#8248,#8249,
#8250,#8251,#8252),.UNSPECIFIED.,.T.,.F.) B_SPLINE_CURVE_WITH_KNOTS((1,2
    ,2,2,2,1),(-2.094395102393,0.,2.094395102393,4.188790204786,
6.28318530718,8.377580409573),.UNSPECIFIED.) CURVE() 
GEOMETRIC_REPRESENTATION_ITEM() RATIONAL_B_SPLINE_CURVE((1.,0.5,1.,0.5,
1.,0.5,1.)) REPRESENTATION_ITEM('') );
#8246 = CARTESIAN_POINT('',(-21.09622149073,20.841802421915));
#8247 = CARTESIAN_POINT('',(-22.8282722983,20.841802421915));
#8248 = CARTESIAN_POINT('',(-21.96224689452,22.341802421915));
#8249 = CARTESIAN_POINT('',(-21.09622149073,23.841802421915));
#8250 = CARTESIAN_POINT('',(-20.23019608695,22.341802421915));
#8251 = CARTESIAN_POINT('',(-19.36417068317,20.841802421915));
#8252 = CARTESIAN_POINT('',(-21.09622149073,20.841802421915));
#8253 = ( GEOMETRIC_REPRESENTATION_CONTEXT(2) 
PARAMETRIC_REPRESENTATION_CONTEXT() REPRESENTATION_CONTEXT('2D SPACE',''
  ) );
#8254 = PCURVE('',#3576,#8255);
#8255 = DEFINITIONAL_REPRESENTATION('',(#8256),#8260);
#8256 = LINE('',#8257,#8258);
#8257 = CARTESIAN_POINT('',(4.712388980385,1.5));
#8258 = VECTOR('',#8259,1.);
#8259 = DIRECTION('',(-1.,0.));
#8260 = ( GEOMETRIC_REPRESENTATION_CONTEXT(2) 
PARAMETRIC_REPRESENTATION_CONTEXT() REPRESENTATION_CONTEXT('2D SPACE',''
  ) );
#8261 = ORIENTED_EDGE('',*,*,#8262,.T.);
#8262 = EDGE_CURVE('',#8235,#8263,#8265,.T.);
#8263 = VERTEX_POINT('',#8264);
#8264 = CARTESIAN_POINT('',(157.478,-51.224,3.01));
#8265 = SURFACE_CURVE('',#8266,(#8270,#8276),.PCURVE_S1.);
#8266 = LINE('',#8267,#8268);
#8267 = CARTESIAN_POINT('',(173.52611074536,-51.224,3.01));
#8268 = VECTOR('',#8269,1.);
#8269 = DIRECTION('',(-1.,0.,0.));
#8270 = PCURVE('',#106,#8271);
#8271 = DEFINITIONAL_REPRESENTATION('',(#8272),#8275);
#8272 = B_SPLINE_CURVE_WITH_KNOTS('',1,(#8273,#8274),.UNSPECIFIED.,.F.,
  .F.,(2,2),(3.048110745369,17.048110745369),.PIECEWISE_BEZIER_KNOTS.);
#8273 = CARTESIAN_POINT('',(-20.09622149073,20.841802421915));
#8274 = CARTESIAN_POINT('',(-34.09622149073,20.841802421915));
#8275 = ( GEOMETRIC_REPRESENTATION_CONTEXT(2) 
PARAMETRIC_REPRESENTATION_CONTEXT() REPRESENTATION_CONTEXT('2D SPACE',''
  ) );
#8276 = PCURVE('',#3603,#8277);
#8277 = DEFINITIONAL_REPRESENTATION('',(#8278),#8281);
#8278 = B_SPLINE_CURVE_WITH_KNOTS('',1,(#8279,#8280),.UNSPECIFIED.,.F.,
  .F.,(2,2),(3.048110745369,17.048110745369),.PIECEWISE_BEZIER_KNOTS.);
#8279 = CARTESIAN_POINT('',(14.,-2.5));
#8280 = CARTESIAN_POINT('',(0.,-2.5));
#8281 = ( GEOMETRIC_REPRESENTATION_CONTEXT(2) 
PARAMETRIC_REPRESENTATION_CONTEXT() REPRESENTATION_CONTEXT('2D SPACE',''
  ) );
#8282 = ORIENTED_EDGE('',*,*,#8283,.T.);
#8283 = EDGE_CURVE('',#8263,#8284,#8286,.T.);
#8284 = VERTEX_POINT('',#8285);
#8285 = CARTESIAN_POINT('',(156.478,-50.224,3.01));
#8286 = SURFACE_CURVE('',#8287,(#8292,#8303),.PCURVE_S1.);
#8287 = CIRCLE('',#8288,1.);
#8288 = AXIS2_PLACEMENT_3D('',#8289,#8290,#8291);
#8289 = CARTESIAN_POINT('',(157.478,-50.224,3.01));
#8290 = DIRECTION('',(-0.,-0.,-1.));
#8291 = DIRECTION('',(0.,-1.,0.));
#8292 = PCURVE('',#106,#8293);
#8293 = DEFINITIONAL_REPRESENTATION('',(#8294),#8302);
#8294 = ( BOUNDED_CURVE() B_SPLINE_CURVE(2,(#8295,#8296,#8297,#8298,
#8299,#8300,#8301),.UNSPECIFIED.,.T.,.F.) B_SPLINE_CURVE_WITH_KNOTS((1,2
    ,2,2,2,1),(-2.094395102393,0.,2.094395102393,4.188790204786,
6.28318530718,8.377580409573),.UNSPECIFIED.) CURVE() 
GEOMETRIC_REPRESENTATION_ITEM() RATIONAL_B_SPLINE_CURVE((1.,0.5,1.,0.5,
1.,0.5,1.)) REPRESENTATION_ITEM('') );
#8295 = CARTESIAN_POINT('',(-33.09622149073,20.841802421915));
#8296 = CARTESIAN_POINT('',(-34.8282722983,20.841802421915));
#8297 = CARTESIAN_POINT('',(-33.96224689452,22.341802421915));
#8298 = CARTESIAN_POINT('',(-33.09622149073,23.841802421915));
#8299 = CARTESIAN_POINT('',(-32.23019608695,22.341802421915));
#8300 = CARTESIAN_POINT('',(-31.36417068317,20.841802421915));
#8301 = CARTESIAN_POINT('',(-33.09622149073,20.841802421915));
#8302 = ( GEOMETRIC_REPRESENTATION_CONTEXT(2) 
PARAMETRIC_REPRESENTATION_CONTEXT() REPRESENTATION_CONTEXT('2D SPACE',''
  ) );
#8303 = PCURVE('',#3635,#8304);
#8304 = DEFINITIONAL_REPRESENTATION('',(#8305),#8309);
#8305 = LINE('',#8306,#8307);
#8306 = CARTESIAN_POINT('',(-0.,1.5));
#8307 = VECTOR('',#8308,1.);
#8308 = DIRECTION('',(-1.,0.));
#8309 = ( GEOMETRIC_REPRESENTATION_CONTEXT(2) 
PARAMETRIC_REPRESENTATION_CONTEXT() REPRESENTATION_CONTEXT('2D SPACE',''
  ) );
#8310 = ORIENTED_EDGE('',*,*,#8311,.T.);
#8311 = EDGE_CURVE('',#8284,#8312,#8314,.T.);
#8312 = VERTEX_POINT('',#8313);
#8313 = CARTESIAN_POINT('',(156.478,-38.224,3.01));
#8314 = SURFACE_CURVE('',#8315,(#8319,#8325),.PCURVE_S1.);
#8315 = LINE('',#8316,#8317);
#8316 = CARTESIAN_POINT('',(156.478,-54.64490121095,3.01));
#8317 = VECTOR('',#8318,1.);
#8318 = DIRECTION('',(-0.,1.,0.));
#8319 = PCURVE('',#106,#8320);
#8320 = DEFINITIONAL_REPRESENTATION('',(#8321),#8324);
#8321 = B_SPLINE_CURVE_WITH_KNOTS('',1,(#8322,#8323),.UNSPECIFIED.,.F.,
  .F.,(2,2),(3.420901210958,17.420901210958),.PIECEWISE_BEZIER_KNOTS.);
#8322 = CARTESIAN_POINT('',(-34.09622149073,20.841802421915));
#8323 = CARTESIAN_POINT('',(-34.09622149073,34.841802421915));
#8324 = ( GEOMETRIC_REPRESENTATION_CONTEXT(2) 
PARAMETRIC_REPRESENTATION_CONTEXT() REPRESENTATION_CONTEXT('2D SPACE',''
  ) );
#8325 = PCURVE('',#3662,#8326);
#8326 = DEFINITIONAL_REPRESENTATION('',(#8327),#8330);
#8327 = B_SPLINE_CURVE_WITH_KNOTS('',1,(#8328,#8329),.UNSPECIFIED.,.F.,
  .F.,(2,2),(3.420901210958,17.420901210958),.PIECEWISE_BEZIER_KNOTS.);
#8328 = CARTESIAN_POINT('',(14.,-2.5));
#8329 = CARTESIAN_POINT('',(0.,-2.5));
#8330 = ( GEOMETRIC_REPRESENTATION_CONTEXT(2) 
PARAMETRIC_REPRESENTATION_CONTEXT() REPRESENTATION_CONTEXT('2D SPACE',''
  ) );
#8331 = ORIENTED_EDGE('',*,*,#8332,.F.);
#8332 = EDGE_CURVE('',#8333,#8312,#8335,.T.);
#8333 = VERTEX_POINT('',#8334);
#8334 = CARTESIAN_POINT('',(157.478,-37.224,3.01));
#8335 = SURFACE_CURVE('',#8336,(#8341,#8348),.PCURVE_S1.);
#8336 = CIRCLE('',#8337,1.);
#8337 = AXIS2_PLACEMENT_3D('',#8338,#8339,#8340);
#8338 = CARTESIAN_POINT('',(157.478,-38.224,3.01));
#8339 = DIRECTION('',(0.,0.,1.));
#8340 = DIRECTION('',(0.,-1.,0.));
#8341 = PCURVE('',#106,#8342);
#8342 = DEFINITIONAL_REPRESENTATION('',(#8343),#8347);
#8343 = CIRCLE('',#8344,1.);
#8344 = AXIS2_PLACEMENT_2D('',#8345,#8346);
#8345 = CARTESIAN_POINT('',(-33.09622149073,33.841802421915));
#8346 = DIRECTION('',(0.,-1.));
#8347 = ( GEOMETRIC_REPRESENTATION_CONTEXT(2) 
PARAMETRIC_REPRESENTATION_CONTEXT() REPRESENTATION_CONTEXT('2D SPACE',''
  ) );
#8348 = PCURVE('',#3690,#8349);
#8349 = DEFINITIONAL_REPRESENTATION('',(#8350),#8354);
#8350 = LINE('',#8351,#8352);
#8351 = CARTESIAN_POINT('',(-3.14159265359,1.5));
#8352 = VECTOR('',#8353,1.);
#8353 = DIRECTION('',(1.,0.));
#8354 = ( GEOMETRIC_REPRESENTATION_CONTEXT(2) 
PARAMETRIC_REPRESENTATION_CONTEXT() REPRESENTATION_CONTEXT('2D SPACE',''
  ) );
#8355 = ORIENTED_EDGE('',*,*,#8356,.T.);
#8356 = EDGE_CURVE('',#8333,#8357,#8359,.T.);
#8357 = VERTEX_POINT('',#8358);
#8358 = CARTESIAN_POINT('',(169.478,-37.224,3.01));
#8359 = SURFACE_CURVE('',#8360,(#8364,#8370),.PCURVE_S1.);
#8360 = LINE('',#8361,#8362);
#8361 = CARTESIAN_POINT('',(180.52611074536,-37.224,3.01));
#8362 = VECTOR('',#8363,1.);
#8363 = DIRECTION('',(1.,0.,-0.));
#8364 = PCURVE('',#106,#8365);
#8365 = DEFINITIONAL_REPRESENTATION('',(#8366),#8369);
#8366 = B_SPLINE_CURVE_WITH_KNOTS('',1,(#8367,#8368),.UNSPECIFIED.,.F.,
  .F.,(2,2),(-24.04811074536,-10.04811074536),.PIECEWISE_BEZIER_KNOTS.);
#8367 = CARTESIAN_POINT('',(-34.09622149073,34.841802421915));
#8368 = CARTESIAN_POINT('',(-20.09622149073,34.841802421915));
#8369 = ( GEOMETRIC_REPRESENTATION_CONTEXT(2) 
PARAMETRIC_REPRESENTATION_CONTEXT() REPRESENTATION_CONTEXT('2D SPACE',''
  ) );
#8370 = PCURVE('',#3717,#8371);
#8371 = DEFINITIONAL_REPRESENTATION('',(#8372),#8375);
#8372 = B_SPLINE_CURVE_WITH_KNOTS('',1,(#8373,#8374),.UNSPECIFIED.,.F.,
  .F.,(2,2),(-24.04811074536,-10.04811074536),.PIECEWISE_BEZIER_KNOTS.);
#8373 = CARTESIAN_POINT('',(14.,-2.5));
#8374 = CARTESIAN_POINT('',(0.,-2.5));
#8375 = ( GEOMETRIC_REPRESENTATION_CONTEXT(2) 
PARAMETRIC_REPRESENTATION_CONTEXT() REPRESENTATION_CONTEXT('2D SPACE',''
  ) );
#8376 = ORIENTED_EDGE('',*,*,#8377,.F.);
#8377 = EDGE_CURVE('',#8212,#8357,#8378,.T.);
#8378 = SURFACE_CURVE('',#8379,(#8384,#8391),.PCURVE_S1.);
#8379 = CIRCLE('',#8380,1.);
#8380 = AXIS2_PLACEMENT_3D('',#8381,#8382,#8383);
#8381 = CARTESIAN_POINT('',(169.478,-38.224,3.01));
#8382 = DIRECTION('',(0.,0.,1.));
#8383 = DIRECTION('',(0.,-1.,0.));
#8384 = PCURVE('',#106,#8385);
#8385 = DEFINITIONAL_REPRESENTATION('',(#8386),#8390);
#8386 = CIRCLE('',#8387,1.);
#8387 = AXIS2_PLACEMENT_2D('',#8388,#8389);
#8388 = CARTESIAN_POINT('',(-21.09622149073,33.841802421915));
#8389 = DIRECTION('',(0.,-1.));
#8390 = ( GEOMETRIC_REPRESENTATION_CONTEXT(2) 
PARAMETRIC_REPRESENTATION_CONTEXT() REPRESENTATION_CONTEXT('2D SPACE',''
  ) );
#8391 = PCURVE('',#3743,#8392);
#8392 = DEFINITIONAL_REPRESENTATION('',(#8393),#8397);
#8393 = LINE('',#8394,#8395);
#8394 = CARTESIAN_POINT('',(-1.570796326795,1.5));
#8395 = VECTOR('',#8396,1.);
#8396 = DIRECTION('',(1.,0.));
#8397 = ( GEOMETRIC_REPRESENTATION_CONTEXT(2) 
PARAMETRIC_REPRESENTATION_CONTEXT() REPRESENTATION_CONTEXT('2D SPACE',''
  ) );
#8398 = FACE_BOUND('',#8399,.T.);
#8399 = EDGE_LOOP('',(#8400,#8423,#8451,#8472,#8500,#8521,#8545,#8566));
#8400 = ORIENTED_EDGE('',*,*,#8401,.T.);
#8401 = EDGE_CURVE('',#8402,#8404,#8406,.T.);
#8402 = VERTEX_POINT('',#8403);
#8403 = CARTESIAN_POINT('',(188.492,-35.724,3.01));
#8404 = VERTEX_POINT('',#8405);
#8405 = CARTESIAN_POINT('',(188.492,-47.724,3.01));
#8406 = SURFACE_CURVE('',#8407,(#8411,#8417),.PCURVE_S1.);
#8407 = LINE('',#8408,#8409);
#8408 = CARTESIAN_POINT('',(188.492,-60.39490121095,3.01));
#8409 = VECTOR('',#8410,1.);
#8410 = DIRECTION('',(0.,-1.,0.));
#8411 = PCURVE('',#106,#8412);
#8412 = DEFINITIONAL_REPRESENTATION('',(#8413),#8416);
#8413 = B_SPLINE_CURVE_WITH_KNOTS('',1,(#8414,#8415),.UNSPECIFIED.,.F.,
  .F.,(2,2),(-25.67090121095,-11.67090121095),.PIECEWISE_BEZIER_KNOTS.);
#8414 = CARTESIAN_POINT('',(-2.082221490739,37.341802421915));
#8415 = CARTESIAN_POINT('',(-2.082221490739,23.341802421915));
#8416 = ( GEOMETRIC_REPRESENTATION_CONTEXT(2) 
PARAMETRIC_REPRESENTATION_CONTEXT() REPRESENTATION_CONTEXT('2D SPACE',''
  ) );
#8417 = PCURVE('',#3774,#8418);
#8418 = DEFINITIONAL_REPRESENTATION('',(#8419),#8422);
#8419 = B_SPLINE_CURVE_WITH_KNOTS('',1,(#8420,#8421),.UNSPECIFIED.,.F.,
  .F.,(2,2),(-25.67090121095,-11.67090121095),.PIECEWISE_BEZIER_KNOTS.);
#8420 = CARTESIAN_POINT('',(14.,-2.5));
#8421 = CARTESIAN_POINT('',(0.,-2.5));
#8422 = ( GEOMETRIC_REPRESENTATION_CONTEXT(2) 
PARAMETRIC_REPRESENTATION_CONTEXT() REPRESENTATION_CONTEXT('2D SPACE',''
  ) );
#8423 = ORIENTED_EDGE('',*,*,#8424,.T.);
#8424 = EDGE_CURVE('',#8404,#8425,#8427,.T.);
#8425 = VERTEX_POINT('',#8426);
#8426 = CARTESIAN_POINT('',(187.492,-48.724,3.01));
#8427 = SURFACE_CURVE('',#8428,(#8433,#8444),.PCURVE_S1.);
#8428 = CIRCLE('',#8429,1.);
#8429 = AXIS2_PLACEMENT_3D('',#8430,#8431,#8432);
#8430 = CARTESIAN_POINT('',(187.492,-47.724,3.01));
#8431 = DIRECTION('',(-0.,-0.,-1.));
#8432 = DIRECTION('',(0.,-1.,0.));
#8433 = PCURVE('',#106,#8434);
#8434 = DEFINITIONAL_REPRESENTATION('',(#8435),#8443);
#8435 = ( BOUNDED_CURVE() B_SPLINE_CURVE(2,(#8436,#8437,#8438,#8439,
#8440,#8441,#8442),.UNSPECIFIED.,.T.,.F.) B_SPLINE_CURVE_WITH_KNOTS((1,2
    ,2,2,2,1),(-2.094395102393,0.,2.094395102393,4.188790204786,
6.28318530718,8.377580409573),.UNSPECIFIED.) CURVE() 
GEOMETRIC_REPRESENTATION_ITEM() RATIONAL_B_SPLINE_CURVE((1.,0.5,1.,0.5,
1.,0.5,1.)) REPRESENTATION_ITEM('') );
#8436 = CARTESIAN_POINT('',(-3.082221490739,23.341802421915));
#8437 = CARTESIAN_POINT('',(-4.814272298307,23.341802421915));
#8438 = CARTESIAN_POINT('',(-3.948246894523,24.841802421915));
#8439 = CARTESIAN_POINT('',(-3.082221490739,26.341802421915));
#8440 = CARTESIAN_POINT('',(-2.216196086954,24.841802421915));
#8441 = CARTESIAN_POINT('',(-1.35017068317,23.341802421915));
#8442 = CARTESIAN_POINT('',(-3.082221490739,23.341802421915));
#8443 = ( GEOMETRIC_REPRESENTATION_CONTEXT(2) 
PARAMETRIC_REPRESENTATION_CONTEXT() REPRESENTATION_CONTEXT('2D SPACE',''
  ) );
#8444 = PCURVE('',#3806,#8445);
#8445 = DEFINITIONAL_REPRESENTATION('',(#8446),#8450);
#8446 = LINE('',#8447,#8448);
#8447 = CARTESIAN_POINT('',(4.712388980385,1.5));
#8448 = VECTOR('',#8449,1.);
#8449 = DIRECTION('',(-1.,0.));
#8450 = ( GEOMETRIC_REPRESENTATION_CONTEXT(2) 
PARAMETRIC_REPRESENTATION_CONTEXT() REPRESENTATION_CONTEXT('2D SPACE',''
  ) );
#8451 = ORIENTED_EDGE('',*,*,#8452,.T.);
#8452 = EDGE_CURVE('',#8425,#8453,#8455,.T.);
#8453 = VERTEX_POINT('',#8454);
#8454 = CARTESIAN_POINT('',(175.492,-48.724,3.01));
#8455 = SURFACE_CURVE('',#8456,(#8460,#8466),.PCURVE_S1.);
#8456 = LINE('',#8457,#8458);
#8457 = CARTESIAN_POINT('',(182.53311074536,-48.724,3.01));
#8458 = VECTOR('',#8459,1.);
#8459 = DIRECTION('',(-1.,0.,0.));
#8460 = PCURVE('',#106,#8461);
#8461 = DEFINITIONAL_REPRESENTATION('',(#8462),#8465);
#8462 = B_SPLINE_CURVE_WITH_KNOTS('',1,(#8463,#8464),.UNSPECIFIED.,.F.,
  .F.,(2,2),(-5.958889254631,8.041110745369),.PIECEWISE_BEZIER_KNOTS.);
#8463 = CARTESIAN_POINT('',(-2.082221490739,23.341802421915));
#8464 = CARTESIAN_POINT('',(-16.08222149073,23.341802421915));
#8465 = ( GEOMETRIC_REPRESENTATION_CONTEXT(2) 
PARAMETRIC_REPRESENTATION_CONTEXT() REPRESENTATION_CONTEXT('2D SPACE',''
  ) );
#8466 = PCURVE('',#3833,#8467);
#8467 = DEFINITIONAL_REPRESENTATION('',(#8468),#8471);
#8468 = B_SPLINE_CURVE_WITH_KNOTS('',1,(#8469,#8470),.UNSPECIFIED.,.F.,
  .F.,(2,2),(-5.958889254631,8.041110745369),.PIECEWISE_BEZIER_KNOTS.);
#8469 = CARTESIAN_POINT('',(14.,-2.5));
#8470 = CARTESIAN_POINT('',(0.,-2.5));
#8471 = ( GEOMETRIC_REPRESENTATION_CONTEXT(2) 
PARAMETRIC_REPRESENTATION_CONTEXT() REPRESENTATION_CONTEXT('2D SPACE',''
  ) );
#8472 = ORIENTED_EDGE('',*,*,#8473,.T.);
#8473 = EDGE_CURVE('',#8453,#8474,#8476,.T.);
#8474 = VERTEX_POINT('',#8475);
#8475 = CARTESIAN_POINT('',(174.492,-47.724,3.01));
#8476 = SURFACE_CURVE('',#8477,(#8482,#8493),.PCURVE_S1.);
#8477 = CIRCLE('',#8478,1.);
#8478 = AXIS2_PLACEMENT_3D('',#8479,#8480,#8481);
#8479 = CARTESIAN_POINT('',(175.492,-47.724,3.01));
#8480 = DIRECTION('',(-0.,-0.,-1.));
#8481 = DIRECTION('',(0.,-1.,0.));
#8482 = PCURVE('',#106,#8483);
#8483 = DEFINITIONAL_REPRESENTATION('',(#8484),#8492);
#8484 = ( BOUNDED_CURVE() B_SPLINE_CURVE(2,(#8485,#8486,#8487,#8488,
#8489,#8490,#8491),.UNSPECIFIED.,.T.,.F.) B_SPLINE_CURVE_WITH_KNOTS((1,2
    ,2,2,2,1),(-2.094395102393,0.,2.094395102393,4.188790204786,
6.28318530718,8.377580409573),.UNSPECIFIED.) CURVE() 
GEOMETRIC_REPRESENTATION_ITEM() RATIONAL_B_SPLINE_CURVE((1.,0.5,1.,0.5,
1.,0.5,1.)) REPRESENTATION_ITEM('') );
#8485 = CARTESIAN_POINT('',(-15.08222149073,23.341802421915));
#8486 = CARTESIAN_POINT('',(-16.8142722983,23.341802421915));
#8487 = CARTESIAN_POINT('',(-15.94824689452,24.841802421915));
#8488 = CARTESIAN_POINT('',(-15.08222149073,26.341802421915));
#8489 = CARTESIAN_POINT('',(-14.21619608695,24.841802421915));
#8490 = CARTESIAN_POINT('',(-13.35017068317,23.341802421915));
#8491 = CARTESIAN_POINT('',(-15.08222149073,23.341802421915));
#8492 = ( GEOMETRIC_REPRESENTATION_CONTEXT(2) 
PARAMETRIC_REPRESENTATION_CONTEXT() REPRESENTATION_CONTEXT('2D SPACE',''
  ) );
#8493 = PCURVE('',#3865,#8494);
#8494 = DEFINITIONAL_REPRESENTATION('',(#8495),#8499);
#8495 = LINE('',#8496,#8497);
#8496 = CARTESIAN_POINT('',(-0.,1.5));
#8497 = VECTOR('',#8498,1.);
#8498 = DIRECTION('',(-1.,0.));
#8499 = ( GEOMETRIC_REPRESENTATION_CONTEXT(2) 
PARAMETRIC_REPRESENTATION_CONTEXT() REPRESENTATION_CONTEXT('2D SPACE',''
  ) );
#8500 = ORIENTED_EDGE('',*,*,#8501,.T.);
#8501 = EDGE_CURVE('',#8474,#8502,#8504,.T.);
#8502 = VERTEX_POINT('',#8503);
#8503 = CARTESIAN_POINT('',(174.492,-35.724,3.01));
#8504 = SURFACE_CURVE('',#8505,(#8509,#8515),.PCURVE_S1.);
#8505 = LINE('',#8506,#8507);
#8506 = CARTESIAN_POINT('',(174.492,-53.39490121095,3.01));
#8507 = VECTOR('',#8508,1.);
#8508 = DIRECTION('',(-0.,1.,0.));
#8509 = PCURVE('',#106,#8510);
#8510 = DEFINITIONAL_REPRESENTATION('',(#8511),#8514);
#8511 = B_SPLINE_CURVE_WITH_KNOTS('',1,(#8512,#8513),.UNSPECIFIED.,.F.,
  .F.,(2,2),(4.670901210958,18.670901210958),.PIECEWISE_BEZIER_KNOTS.);
#8512 = CARTESIAN_POINT('',(-16.08222149073,23.341802421915));
#8513 = CARTESIAN_POINT('',(-16.08222149073,37.341802421915));
#8514 = ( GEOMETRIC_REPRESENTATION_CONTEXT(2) 
PARAMETRIC_REPRESENTATION_CONTEXT() REPRESENTATION_CONTEXT('2D SPACE',''
  ) );
#8515 = PCURVE('',#3892,#8516);
#8516 = DEFINITIONAL_REPRESENTATION('',(#8517),#8520);
#8517 = B_SPLINE_CURVE_WITH_KNOTS('',1,(#8518,#8519),.UNSPECIFIED.,.F.,
  .F.,(2,2),(4.670901210958,18.670901210958),.PIECEWISE_BEZIER_KNOTS.);
#8518 = CARTESIAN_POINT('',(14.,-2.5));
#8519 = CARTESIAN_POINT('',(0.,-2.5));
#8520 = ( GEOMETRIC_REPRESENTATION_CONTEXT(2) 
PARAMETRIC_REPRESENTATION_CONTEXT() REPRESENTATION_CONTEXT('2D SPACE',''
  ) );
#8521 = ORIENTED_EDGE('',*,*,#8522,.F.);
#8522 = EDGE_CURVE('',#8523,#8502,#8525,.T.);
#8523 = VERTEX_POINT('',#8524);
#8524 = CARTESIAN_POINT('',(175.492,-34.724,3.01));
#8525 = SURFACE_CURVE('',#8526,(#8531,#8538),.PCURVE_S1.);
#8526 = CIRCLE('',#8527,1.);
#8527 = AXIS2_PLACEMENT_3D('',#8528,#8529,#8530);
#8528 = CARTESIAN_POINT('',(175.492,-35.724,3.01));
#8529 = DIRECTION('',(0.,0.,1.));
#8530 = DIRECTION('',(0.,-1.,0.));
#8531 = PCURVE('',#106,#8532);
#8532 = DEFINITIONAL_REPRESENTATION('',(#8533),#8537);
#8533 = CIRCLE('',#8534,1.);
#8534 = AXIS2_PLACEMENT_2D('',#8535,#8536);
#8535 = CARTESIAN_POINT('',(-15.08222149073,36.341802421915));
#8536 = DIRECTION('',(0.,-1.));
#8537 = ( GEOMETRIC_REPRESENTATION_CONTEXT(2) 
PARAMETRIC_REPRESENTATION_CONTEXT() REPRESENTATION_CONTEXT('2D SPACE',''
  ) );
#8538 = PCURVE('',#3920,#8539);
#8539 = DEFINITIONAL_REPRESENTATION('',(#8540),#8544);
#8540 = LINE('',#8541,#8542);
#8541 = CARTESIAN_POINT('',(-3.14159265359,1.5));
#8542 = VECTOR('',#8543,1.);
#8543 = DIRECTION('',(1.,0.));
#8544 = ( GEOMETRIC_REPRESENTATION_CONTEXT(2) 
PARAMETRIC_REPRESENTATION_CONTEXT() REPRESENTATION_CONTEXT('2D SPACE',''
  ) );
#8545 = ORIENTED_EDGE('',*,*,#8546,.T.);
#8546 = EDGE_CURVE('',#8523,#8547,#8549,.T.);
#8547 = VERTEX_POINT('',#8548);
#8548 = CARTESIAN_POINT('',(187.492,-34.724,3.01));
#8549 = SURFACE_CURVE('',#8550,(#8554,#8560),.PCURVE_S1.);
#8550 = LINE('',#8551,#8552);
#8551 = CARTESIAN_POINT('',(189.53311074536,-34.724,3.01));
#8552 = VECTOR('',#8553,1.);
#8553 = DIRECTION('',(1.,0.,-0.));
#8554 = PCURVE('',#106,#8555);
#8555 = DEFINITIONAL_REPRESENTATION('',(#8556),#8559);
#8556 = B_SPLINE_CURVE_WITH_KNOTS('',1,(#8557,#8558),.UNSPECIFIED.,.F.,
  .F.,(2,2),(-15.04111074536,-1.041110745369),.PIECEWISE_BEZIER_KNOTS.);
#8557 = CARTESIAN_POINT('',(-16.08222149073,37.341802421915));
#8558 = CARTESIAN_POINT('',(-2.082221490739,37.341802421915));
#8559 = ( GEOMETRIC_REPRESENTATION_CONTEXT(2) 
PARAMETRIC_REPRESENTATION_CONTEXT() REPRESENTATION_CONTEXT('2D SPACE',''
  ) );
#8560 = PCURVE('',#3947,#8561);
#8561 = DEFINITIONAL_REPRESENTATION('',(#8562),#8565);
#8562 = B_SPLINE_CURVE_WITH_KNOTS('',1,(#8563,#8564),.UNSPECIFIED.,.F.,
  .F.,(2,2),(-15.04111074536,-1.041110745369),.PIECEWISE_BEZIER_KNOTS.);
#8563 = CARTESIAN_POINT('',(14.,-2.5));
#8564 = CARTESIAN_POINT('',(0.,-2.5));
#8565 = ( GEOMETRIC_REPRESENTATION_CONTEXT(2) 
PARAMETRIC_REPRESENTATION_CONTEXT() REPRESENTATION_CONTEXT('2D SPACE',''
  ) );
#8566 = ORIENTED_EDGE('',*,*,#8567,.F.);
#8567 = EDGE_CURVE('',#8402,#8547,#8568,.T.);
#8568 = SURFACE_CURVE('',#8569,(#8574,#8581),.PCURVE_S1.);
#8569 = CIRCLE('',#8570,1.);
#8570 = AXIS2_PLACEMENT_3D('',#8571,#8572,#8573);
#8571 = CARTESIAN_POINT('',(187.492,-35.724,3.01));
#8572 = DIRECTION('',(0.,0.,1.));
#8573 = DIRECTION('',(0.,-1.,0.));
#8574 = PCURVE('',#106,#8575);
#8575 = DEFINITIONAL_REPRESENTATION('',(#8576),#8580);
#8576 = CIRCLE('',#8577,1.);
#8577 = AXIS2_PLACEMENT_2D('',#8578,#8579);
#8578 = CARTESIAN_POINT('',(-3.082221490739,36.341802421915));
#8579 = DIRECTION('',(0.,-1.));
#8580 = ( GEOMETRIC_REPRESENTATION_CONTEXT(2) 
PARAMETRIC_REPRESENTATION_CONTEXT() REPRESENTATION_CONTEXT('2D SPACE',''
  ) );
#8581 = PCURVE('',#3973,#8582);
#8582 = DEFINITIONAL_REPRESENTATION('',(#8583),#8587);
#8583 = LINE('',#8584,#8585);
#8584 = CARTESIAN_POINT('',(-1.570796326795,1.5));
#8585 = VECTOR('',#8586,1.);
#8586 = DIRECTION('',(1.,0.));
#8587 = ( GEOMETRIC_REPRESENTATION_CONTEXT(2) 
PARAMETRIC_REPRESENTATION_CONTEXT() REPRESENTATION_CONTEXT('2D SPACE',''
  ) );
#8588 = FACE_BOUND('',#8589,.T.);
#8589 = EDGE_LOOP('',(#8590,#8613,#8641,#8662,#8690,#8711,#8735,#8756));
#8590 = ORIENTED_EDGE('',*,*,#8591,.T.);
#8591 = EDGE_CURVE('',#8592,#8594,#8596,.T.);
#8592 = VERTEX_POINT('',#8593);
#8593 = CARTESIAN_POINT('',(206.48,-64.358,3.01));
#8594 = VERTEX_POINT('',#8595);
#8595 = CARTESIAN_POINT('',(206.48,-76.358,3.01));
#8596 = SURFACE_CURVE('',#8597,(#8601,#8607),.PCURVE_S1.);
#8597 = LINE('',#8598,#8599);
#8598 = CARTESIAN_POINT('',(206.48,-74.71190121095,3.01));
#8599 = VECTOR('',#8600,1.);
#8600 = DIRECTION('',(0.,-1.,0.));
#8601 = PCURVE('',#106,#8602);
#8602 = DEFINITIONAL_REPRESENTATION('',(#8603),#8606);
#8603 = B_SPLINE_CURVE_WITH_KNOTS('',1,(#8604,#8605),.UNSPECIFIED.,.F.,
  .F.,(2,2),(-11.35390121095,2.646098789042),.PIECEWISE_BEZIER_KNOTS.);
#8604 = CARTESIAN_POINT('',(15.905778509261,8.707802421915));
#8605 = CARTESIAN_POINT('',(15.905778509261,-5.292197578085));
#8606 = ( GEOMETRIC_REPRESENTATION_CONTEXT(2) 
PARAMETRIC_REPRESENTATION_CONTEXT() REPRESENTATION_CONTEXT('2D SPACE',''
  ) );
#8607 = PCURVE('',#4004,#8608);
#8608 = DEFINITIONAL_REPRESENTATION('',(#8609),#8612);
#8609 = B_SPLINE_CURVE_WITH_KNOTS('',1,(#8610,#8611),.UNSPECIFIED.,.F.,
  .F.,(2,2),(-11.35390121095,2.646098789042),.PIECEWISE_BEZIER_KNOTS.);
#8610 = CARTESIAN_POINT('',(14.,-2.5));
#8611 = CARTESIAN_POINT('',(0.,-2.5));
#8612 = ( GEOMETRIC_REPRESENTATION_CONTEXT(2) 
PARAMETRIC_REPRESENTATION_CONTEXT() REPRESENTATION_CONTEXT('2D SPACE',''
  ) );
#8613 = ORIENTED_EDGE('',*,*,#8614,.T.);
#8614 = EDGE_CURVE('',#8594,#8615,#8617,.T.);
#8615 = VERTEX_POINT('',#8616);
#8616 = CARTESIAN_POINT('',(205.48,-77.358,3.01));
#8617 = SURFACE_CURVE('',#8618,(#8623,#8634),.PCURVE_S1.);
#8618 = CIRCLE('',#8619,1.);
#8619 = AXIS2_PLACEMENT_3D('',#8620,#8621,#8622);
#8620 = CARTESIAN_POINT('',(205.48,-76.358,3.01));
#8621 = DIRECTION('',(-0.,-0.,-1.));
#8622 = DIRECTION('',(0.,-1.,0.));
#8623 = PCURVE('',#106,#8624);
#8624 = DEFINITIONAL_REPRESENTATION('',(#8625),#8633);
#8625 = ( BOUNDED_CURVE() B_SPLINE_CURVE(2,(#8626,#8627,#8628,#8629,
#8630,#8631,#8632),.UNSPECIFIED.,.T.,.F.) B_SPLINE_CURVE_WITH_KNOTS((1,2
    ,2,2,2,1),(-2.094395102393,0.,2.094395102393,4.188790204786,
6.28318530718,8.377580409573),.UNSPECIFIED.) CURVE() 
GEOMETRIC_REPRESENTATION_ITEM() RATIONAL_B_SPLINE_CURVE((1.,0.5,1.,0.5,
1.,0.5,1.)) REPRESENTATION_ITEM('') );
#8626 = CARTESIAN_POINT('',(14.905778509261,-5.292197578085));
#8627 = CARTESIAN_POINT('',(13.173727701693,-5.292197578085));
#8628 = CARTESIAN_POINT('',(14.039753105477,-3.792197578085));
#8629 = CARTESIAN_POINT('',(14.905778509261,-2.292197578085));
#8630 = CARTESIAN_POINT('',(15.771803913046,-3.792197578085));
#8631 = CARTESIAN_POINT('',(16.63782931683,-5.292197578085));
#8632 = CARTESIAN_POINT('',(14.905778509261,-5.292197578085));
#8633 = ( GEOMETRIC_REPRESENTATION_CONTEXT(2) 
PARAMETRIC_REPRESENTATION_CONTEXT() REPRESENTATION_CONTEXT('2D SPACE',''
  ) );
#8634 = PCURVE('',#4036,#8635);
#8635 = DEFINITIONAL_REPRESENTATION('',(#8636),#8640);
#8636 = LINE('',#8637,#8638);
#8637 = CARTESIAN_POINT('',(4.712388980385,1.5));
#8638 = VECTOR('',#8639,1.);
#8639 = DIRECTION('',(-1.,0.));
#8640 = ( GEOMETRIC_REPRESENTATION_CONTEXT(2) 
PARAMETRIC_REPRESENTATION_CONTEXT() REPRESENTATION_CONTEXT('2D SPACE',''
  ) );
#8641 = ORIENTED_EDGE('',*,*,#8642,.T.);
#8642 = EDGE_CURVE('',#8615,#8643,#8645,.T.);
#8643 = VERTEX_POINT('',#8644);
#8644 = CARTESIAN_POINT('',(193.48,-77.358,3.01));
#8645 = SURFACE_CURVE('',#8646,(#8650,#8656),.PCURVE_S1.);
#8646 = LINE('',#8647,#8648);
#8647 = CARTESIAN_POINT('',(191.52711074536,-77.358,3.01));
#8648 = VECTOR('',#8649,1.);
#8649 = DIRECTION('',(-1.,0.,0.));
#8650 = PCURVE('',#106,#8651);
#8651 = DEFINITIONAL_REPRESENTATION('',(#8652),#8655);
#8652 = B_SPLINE_CURVE_WITH_KNOTS('',1,(#8653,#8654),.UNSPECIFIED.,.F.,
  .F.,(2,2),(-14.95288925463,-0.952889254631),.PIECEWISE_BEZIER_KNOTS.);
#8653 = CARTESIAN_POINT('',(15.905778509261,-5.292197578085));
#8654 = CARTESIAN_POINT('',(1.905778509261,-5.292197578085));
#8655 = ( GEOMETRIC_REPRESENTATION_CONTEXT(2) 
PARAMETRIC_REPRESENTATION_CONTEXT() REPRESENTATION_CONTEXT('2D SPACE',''
  ) );
#8656 = PCURVE('',#4063,#8657);
#8657 = DEFINITIONAL_REPRESENTATION('',(#8658),#8661);
#8658 = B_SPLINE_CURVE_WITH_KNOTS('',1,(#8659,#8660),.UNSPECIFIED.,.F.,
  .F.,(2,2),(-14.95288925463,-0.952889254631),.PIECEWISE_BEZIER_KNOTS.);
#8659 = CARTESIAN_POINT('',(14.,-2.5));
#8660 = CARTESIAN_POINT('',(0.,-2.5));
#8661 = ( GEOMETRIC_REPRESENTATION_CONTEXT(2) 
PARAMETRIC_REPRESENTATION_CONTEXT() REPRESENTATION_CONTEXT('2D SPACE',''
  ) );
#8662 = ORIENTED_EDGE('',*,*,#8663,.T.);
#8663 = EDGE_CURVE('',#8643,#8664,#8666,.T.);
#8664 = VERTEX_POINT('',#8665);
#8665 = CARTESIAN_POINT('',(192.48,-76.358,3.01));
#8666 = SURFACE_CURVE('',#8667,(#8672,#8683),.PCURVE_S1.);
#8667 = CIRCLE('',#8668,1.);
#8668 = AXIS2_PLACEMENT_3D('',#8669,#8670,#8671);
#8669 = CARTESIAN_POINT('',(193.48,-76.358,3.01));
#8670 = DIRECTION('',(-0.,-0.,-1.));
#8671 = DIRECTION('',(0.,-1.,0.));
#8672 = PCURVE('',#106,#8673);
#8673 = DEFINITIONAL_REPRESENTATION('',(#8674),#8682);
#8674 = ( BOUNDED_CURVE() B_SPLINE_CURVE(2,(#8675,#8676,#8677,#8678,
#8679,#8680,#8681),.UNSPECIFIED.,.T.,.F.) B_SPLINE_CURVE_WITH_KNOTS((1,2
    ,2,2,2,1),(-2.094395102393,0.,2.094395102393,4.188790204786,
6.28318530718,8.377580409573),.UNSPECIFIED.) CURVE() 
GEOMETRIC_REPRESENTATION_ITEM() RATIONAL_B_SPLINE_CURVE((1.,0.5,1.,0.5,
1.,0.5,1.)) REPRESENTATION_ITEM('') );
#8675 = CARTESIAN_POINT('',(2.905778509261,-5.292197578085));
#8676 = CARTESIAN_POINT('',(1.173727701693,-5.292197578085));
#8677 = CARTESIAN_POINT('',(2.039753105477,-3.792197578085));
#8678 = CARTESIAN_POINT('',(2.905778509261,-2.292197578085));
#8679 = CARTESIAN_POINT('',(3.771803913046,-3.792197578085));
#8680 = CARTESIAN_POINT('',(4.63782931683,-5.292197578085));
#8681 = CARTESIAN_POINT('',(2.905778509261,-5.292197578085));
#8682 = ( GEOMETRIC_REPRESENTATION_CONTEXT(2) 
PARAMETRIC_REPRESENTATION_CONTEXT() REPRESENTATION_CONTEXT('2D SPACE',''
  ) );
#8683 = PCURVE('',#4095,#8684);
#8684 = DEFINITIONAL_REPRESENTATION('',(#8685),#8689);
#8685 = LINE('',#8686,#8687);
#8686 = CARTESIAN_POINT('',(-0.,1.5));
#8687 = VECTOR('',#8688,1.);
#8688 = DIRECTION('',(-1.,0.));
#8689 = ( GEOMETRIC_REPRESENTATION_CONTEXT(2) 
PARAMETRIC_REPRESENTATION_CONTEXT() REPRESENTATION_CONTEXT('2D SPACE',''
  ) );
#8690 = ORIENTED_EDGE('',*,*,#8691,.T.);
#8691 = EDGE_CURVE('',#8664,#8692,#8694,.T.);
#8692 = VERTEX_POINT('',#8693);
#8693 = CARTESIAN_POINT('',(192.48,-64.358,3.01));
#8694 = SURFACE_CURVE('',#8695,(#8699,#8705),.PCURVE_S1.);
#8695 = LINE('',#8696,#8697);
#8696 = CARTESIAN_POINT('',(192.48,-67.71190121095,3.01));
#8697 = VECTOR('',#8698,1.);
#8698 = DIRECTION('',(-0.,1.,0.));
#8699 = PCURVE('',#106,#8700);
#8700 = DEFINITIONAL_REPRESENTATION('',(#8701),#8704);
#8701 = B_SPLINE_CURVE_WITH_KNOTS('',1,(#8702,#8703),.UNSPECIFIED.,.F.,
  .F.,(2,2),(-9.646098789042,4.353901210958),.PIECEWISE_BEZIER_KNOTS.);
#8702 = CARTESIAN_POINT('',(1.905778509261,-5.292197578085));
#8703 = CARTESIAN_POINT('',(1.905778509261,8.707802421915));
#8704 = ( GEOMETRIC_REPRESENTATION_CONTEXT(2) 
PARAMETRIC_REPRESENTATION_CONTEXT() REPRESENTATION_CONTEXT('2D SPACE',''
  ) );
#8705 = PCURVE('',#4122,#8706);
#8706 = DEFINITIONAL_REPRESENTATION('',(#8707),#8710);
#8707 = B_SPLINE_CURVE_WITH_KNOTS('',1,(#8708,#8709),.UNSPECIFIED.,.F.,
  .F.,(2,2),(-9.646098789042,4.353901210958),.PIECEWISE_BEZIER_KNOTS.);
#8708 = CARTESIAN_POINT('',(14.,-2.5));
#8709 = CARTESIAN_POINT('',(0.,-2.5));
#8710 = ( GEOMETRIC_REPRESENTATION_CONTEXT(2) 
PARAMETRIC_REPRESENTATION_CONTEXT() REPRESENTATION_CONTEXT('2D SPACE',''
  ) );
#8711 = ORIENTED_EDGE('',*,*,#8712,.F.);
#8712 = EDGE_CURVE('',#8713,#8692,#8715,.T.);
#8713 = VERTEX_POINT('',#8714);
#8714 = CARTESIAN_POINT('',(193.48,-63.358,3.01));
#8715 = SURFACE_CURVE('',#8716,(#8721,#8728),.PCURVE_S1.);
#8716 = CIRCLE('',#8717,1.);
#8717 = AXIS2_PLACEMENT_3D('',#8718,#8719,#8720);
#8718 = CARTESIAN_POINT('',(193.48,-64.358,3.01));
#8719 = DIRECTION('',(0.,0.,1.));
#8720 = DIRECTION('',(0.,-1.,0.));
#8721 = PCURVE('',#106,#8722);
#8722 = DEFINITIONAL_REPRESENTATION('',(#8723),#8727);
#8723 = CIRCLE('',#8724,1.);
#8724 = AXIS2_PLACEMENT_2D('',#8725,#8726);
#8725 = CARTESIAN_POINT('',(2.905778509261,7.707802421915));
#8726 = DIRECTION('',(0.,-1.));
#8727 = ( GEOMETRIC_REPRESENTATION_CONTEXT(2) 
PARAMETRIC_REPRESENTATION_CONTEXT() REPRESENTATION_CONTEXT('2D SPACE',''
  ) );
#8728 = PCURVE('',#4150,#8729);
#8729 = DEFINITIONAL_REPRESENTATION('',(#8730),#8734);
#8730 = LINE('',#8731,#8732);
#8731 = CARTESIAN_POINT('',(-3.14159265359,1.5));
#8732 = VECTOR('',#8733,1.);
#8733 = DIRECTION('',(1.,0.));
#8734 = ( GEOMETRIC_REPRESENTATION_CONTEXT(2) 
PARAMETRIC_REPRESENTATION_CONTEXT() REPRESENTATION_CONTEXT('2D SPACE',''
  ) );
#8735 = ORIENTED_EDGE('',*,*,#8736,.T.);
#8736 = EDGE_CURVE('',#8713,#8737,#8739,.T.);
#8737 = VERTEX_POINT('',#8738);
#8738 = CARTESIAN_POINT('',(205.48,-63.358,3.01));
#8739 = SURFACE_CURVE('',#8740,(#8744,#8750),.PCURVE_S1.);
#8740 = LINE('',#8741,#8742);
#8741 = CARTESIAN_POINT('',(198.52711074536,-63.358,3.01));
#8742 = VECTOR('',#8743,1.);
#8743 = DIRECTION('',(1.,0.,-0.));
#8744 = PCURVE('',#106,#8745);
#8745 = DEFINITIONAL_REPRESENTATION('',(#8746),#8749);
#8746 = B_SPLINE_CURVE_WITH_KNOTS('',1,(#8747,#8748),.UNSPECIFIED.,.F.,
  .F.,(2,2),(-6.047110745369,7.952889254631),.PIECEWISE_BEZIER_KNOTS.);
#8747 = CARTESIAN_POINT('',(1.905778509261,8.707802421915));
#8748 = CARTESIAN_POINT('',(15.905778509261,8.707802421915));
#8749 = ( GEOMETRIC_REPRESENTATION_CONTEXT(2) 
PARAMETRIC_REPRESENTATION_CONTEXT() REPRESENTATION_CONTEXT('2D SPACE',''
  ) );
#8750 = PCURVE('',#4177,#8751);
#8751 = DEFINITIONAL_REPRESENTATION('',(#8752),#8755);
#8752 = B_SPLINE_CURVE_WITH_KNOTS('',1,(#8753,#8754),.UNSPECIFIED.,.F.,
  .F.,(2,2),(-6.047110745369,7.952889254631),.PIECEWISE_BEZIER_KNOTS.);
#8753 = CARTESIAN_POINT('',(14.,-2.5));
#8754 = CARTESIAN_POINT('',(0.,-2.5));
#8755 = ( GEOMETRIC_REPRESENTATION_CONTEXT(2) 
PARAMETRIC_REPRESENTATION_CONTEXT() REPRESENTATION_CONTEXT('2D SPACE',''
  ) );
#8756 = ORIENTED_EDGE('',*,*,#8757,.F.);
#8757 = EDGE_CURVE('',#8592,#8737,#8758,.T.);
#8758 = SURFACE_CURVE('',#8759,(#8764,#8771),.PCURVE_S1.);
#8759 = CIRCLE('',#8760,1.);
#8760 = AXIS2_PLACEMENT_3D('',#8761,#8762,#8763);
#8761 = CARTESIAN_POINT('',(205.48,-64.358,3.01));
#8762 = DIRECTION('',(0.,0.,1.));
#8763 = DIRECTION('',(0.,-1.,0.));
#8764 = PCURVE('',#106,#8765);
#8765 = DEFINITIONAL_REPRESENTATION('',(#8766),#8770);
#8766 = CIRCLE('',#8767,1.);
#8767 = AXIS2_PLACEMENT_2D('',#8768,#8769);
#8768 = CARTESIAN_POINT('',(14.905778509261,7.707802421915));
#8769 = DIRECTION('',(0.,-1.));
#8770 = ( GEOMETRIC_REPRESENTATION_CONTEXT(2) 
PARAMETRIC_REPRESENTATION_CONTEXT() REPRESENTATION_CONTEXT('2D SPACE',''
  ) );
#8771 = PCURVE('',#4203,#8772);
#8772 = DEFINITIONAL_REPRESENTATION('',(#8773),#8777);
#8773 = LINE('',#8774,#8775);
#8774 = CARTESIAN_POINT('',(-1.570796326795,1.5));
#8775 = VECTOR('',#8776,1.);
#8776 = DIRECTION('',(1.,0.));
#8777 = ( GEOMETRIC_REPRESENTATION_CONTEXT(2) 
PARAMETRIC_REPRESENTATION_CONTEXT() REPRESENTATION_CONTEXT('2D SPACE',''
  ) );
#8778 = FACE_BOUND('',#8779,.T.);
#8779 = EDGE_LOOP('',(#8780,#8803,#8831,#8852,#8880,#8901,#8925,#8946));
#8780 = ORIENTED_EDGE('',*,*,#8781,.T.);
#8781 = EDGE_CURVE('',#8782,#8784,#8786,.T.);
#8782 = VERTEX_POINT('',#8783);
#8783 = CARTESIAN_POINT('',(206.48,-47.34,3.01));
#8784 = VERTEX_POINT('',#8785);
#8785 = CARTESIAN_POINT('',(206.48,-59.34,3.01));
#8786 = SURFACE_CURVE('',#8787,(#8791,#8797),.PCURVE_S1.);
#8787 = LINE('',#8788,#8789);
#8788 = CARTESIAN_POINT('',(206.48,-66.20290121095,3.01));
#8789 = VECTOR('',#8790,1.);
#8790 = DIRECTION('',(0.,-1.,0.));
#8791 = PCURVE('',#106,#8792);
#8792 = DEFINITIONAL_REPRESENTATION('',(#8793),#8796);
#8793 = B_SPLINE_CURVE_WITH_KNOTS('',1,(#8794,#8795),.UNSPECIFIED.,.F.,
  .F.,(2,2),(-19.86290121095,-5.862901210958),.PIECEWISE_BEZIER_KNOTS.);
#8794 = CARTESIAN_POINT('',(15.905778509261,25.725802421915));
#8795 = CARTESIAN_POINT('',(15.905778509261,11.725802421915));
#8796 = ( GEOMETRIC_REPRESENTATION_CONTEXT(2) 
PARAMETRIC_REPRESENTATION_CONTEXT() REPRESENTATION_CONTEXT('2D SPACE',''
  ) );
#8797 = PCURVE('',#4234,#8798);
#8798 = DEFINITIONAL_REPRESENTATION('',(#8799),#8802);
#8799 = B_SPLINE_CURVE_WITH_KNOTS('',1,(#8800,#8801),.UNSPECIFIED.,.F.,
  .F.,(2,2),(-19.86290121095,-5.862901210958),.PIECEWISE_BEZIER_KNOTS.);
#8800 = CARTESIAN_POINT('',(14.,-2.5));
#8801 = CARTESIAN_POINT('',(0.,-2.5));
#8802 = ( GEOMETRIC_REPRESENTATION_CONTEXT(2) 
PARAMETRIC_REPRESENTATION_CONTEXT() REPRESENTATION_CONTEXT('2D SPACE',''
  ) );
#8803 = ORIENTED_EDGE('',*,*,#8804,.T.);
#8804 = EDGE_CURVE('',#8784,#8805,#8807,.T.);
#8805 = VERTEX_POINT('',#8806);
#8806 = CARTESIAN_POINT('',(205.48,-60.34,3.01));
#8807 = SURFACE_CURVE('',#8808,(#8813,#8824),.PCURVE_S1.);
#8808 = CIRCLE('',#8809,1.);
#8809 = AXIS2_PLACEMENT_3D('',#8810,#8811,#8812);
#8810 = CARTESIAN_POINT('',(205.48,-59.34,3.01));
#8811 = DIRECTION('',(-0.,-0.,-1.));
#8812 = DIRECTION('',(0.,-1.,0.));
#8813 = PCURVE('',#106,#8814);
#8814 = DEFINITIONAL_REPRESENTATION('',(#8815),#8823);
#8815 = ( BOUNDED_CURVE() B_SPLINE_CURVE(2,(#8816,#8817,#8818,#8819,
#8820,#8821,#8822),.UNSPECIFIED.,.T.,.F.) B_SPLINE_CURVE_WITH_KNOTS((1,2
    ,2,2,2,1),(-2.094395102393,0.,2.094395102393,4.188790204786,
6.28318530718,8.377580409573),.UNSPECIFIED.) CURVE() 
GEOMETRIC_REPRESENTATION_ITEM() RATIONAL_B_SPLINE_CURVE((1.,0.5,1.,0.5,
1.,0.5,1.)) REPRESENTATION_ITEM('') );
#8816 = CARTESIAN_POINT('',(14.905778509261,11.725802421915));
#8817 = CARTESIAN_POINT('',(13.173727701693,11.725802421915));
#8818 = CARTESIAN_POINT('',(14.039753105477,13.225802421915));
#8819 = CARTESIAN_POINT('',(14.905778509261,14.725802421915));
#8820 = CARTESIAN_POINT('',(15.771803913046,13.225802421915));
#8821 = CARTESIAN_POINT('',(16.63782931683,11.725802421915));
#8822 = CARTESIAN_POINT('',(14.905778509261,11.725802421915));
#8823 = ( GEOMETRIC_REPRESENTATION_CONTEXT(2) 
PARAMETRIC_REPRESENTATION_CONTEXT() REPRESENTATION_CONTEXT('2D SPACE',''
  ) );
#8824 = PCURVE('',#4266,#8825);
#8825 = DEFINITIONAL_REPRESENTATION('',(#8826),#8830);
#8826 = LINE('',#8827,#8828);
#8827 = CARTESIAN_POINT('',(4.712388980385,1.5));
#8828 = VECTOR('',#8829,1.);
#8829 = DIRECTION('',(-1.,0.));
#8830 = ( GEOMETRIC_REPRESENTATION_CONTEXT(2) 
PARAMETRIC_REPRESENTATION_CONTEXT() REPRESENTATION_CONTEXT('2D SPACE',''
  ) );
#8831 = ORIENTED_EDGE('',*,*,#8832,.T.);
#8832 = EDGE_CURVE('',#8805,#8833,#8835,.T.);
#8833 = VERTEX_POINT('',#8834);
#8834 = CARTESIAN_POINT('',(193.48,-60.34,3.01));
#8835 = SURFACE_CURVE('',#8836,(#8840,#8846),.PCURVE_S1.);
#8836 = LINE('',#8837,#8838);
#8837 = CARTESIAN_POINT('',(191.52711074536,-60.34,3.01));
#8838 = VECTOR('',#8839,1.);
#8839 = DIRECTION('',(-1.,0.,0.));
#8840 = PCURVE('',#106,#8841);
#8841 = DEFINITIONAL_REPRESENTATION('',(#8842),#8845);
#8842 = B_SPLINE_CURVE_WITH_KNOTS('',1,(#8843,#8844),.UNSPECIFIED.,.F.,
  .F.,(2,2),(-14.95288925463,-0.952889254631),.PIECEWISE_BEZIER_KNOTS.);
#8843 = CARTESIAN_POINT('',(15.905778509261,11.725802421915));
#8844 = CARTESIAN_POINT('',(1.905778509261,11.725802421915));
#8845 = ( GEOMETRIC_REPRESENTATION_CONTEXT(2) 
PARAMETRIC_REPRESENTATION_CONTEXT() REPRESENTATION_CONTEXT('2D SPACE',''
  ) );
#8846 = PCURVE('',#4293,#8847);
#8847 = DEFINITIONAL_REPRESENTATION('',(#8848),#8851);
#8848 = B_SPLINE_CURVE_WITH_KNOTS('',1,(#8849,#8850),.UNSPECIFIED.,.F.,
  .F.,(2,2),(-14.95288925463,-0.952889254631),.PIECEWISE_BEZIER_KNOTS.);
#8849 = CARTESIAN_POINT('',(14.,-2.5));
#8850 = CARTESIAN_POINT('',(0.,-2.5));
#8851 = ( GEOMETRIC_REPRESENTATION_CONTEXT(2) 
PARAMETRIC_REPRESENTATION_CONTEXT() REPRESENTATION_CONTEXT('2D SPACE',''
  ) );
#8852 = ORIENTED_EDGE('',*,*,#8853,.T.);
#8853 = EDGE_CURVE('',#8833,#8854,#8856,.T.);
#8854 = VERTEX_POINT('',#8855);
#8855 = CARTESIAN_POINT('',(192.48,-59.34,3.01));
#8856 = SURFACE_CURVE('',#8857,(#8862,#8873),.PCURVE_S1.);
#8857 = CIRCLE('',#8858,1.);
#8858 = AXIS2_PLACEMENT_3D('',#8859,#8860,#8861);
#8859 = CARTESIAN_POINT('',(193.48,-59.34,3.01));
#8860 = DIRECTION('',(-0.,-0.,-1.));
#8861 = DIRECTION('',(0.,-1.,0.));
#8862 = PCURVE('',#106,#8863);
#8863 = DEFINITIONAL_REPRESENTATION('',(#8864),#8872);
#8864 = ( BOUNDED_CURVE() B_SPLINE_CURVE(2,(#8865,#8866,#8867,#8868,
#8869,#8870,#8871),.UNSPECIFIED.,.T.,.F.) B_SPLINE_CURVE_WITH_KNOTS((1,2
    ,2,2,2,1),(-2.094395102393,0.,2.094395102393,4.188790204786,
6.28318530718,8.377580409573),.UNSPECIFIED.) CURVE() 
GEOMETRIC_REPRESENTATION_ITEM() RATIONAL_B_SPLINE_CURVE((1.,0.5,1.,0.5,
1.,0.5,1.)) REPRESENTATION_ITEM('') );
#8865 = CARTESIAN_POINT('',(2.905778509261,11.725802421915));
#8866 = CARTESIAN_POINT('',(1.173727701693,11.725802421915));
#8867 = CARTESIAN_POINT('',(2.039753105477,13.225802421915));
#8868 = CARTESIAN_POINT('',(2.905778509261,14.725802421915));
#8869 = CARTESIAN_POINT('',(3.771803913046,13.225802421915));
#8870 = CARTESIAN_POINT('',(4.63782931683,11.725802421915));
#8871 = CARTESIAN_POINT('',(2.905778509261,11.725802421915));
#8872 = ( GEOMETRIC_REPRESENTATION_CONTEXT(2) 
PARAMETRIC_REPRESENTATION_CONTEXT() REPRESENTATION_CONTEXT('2D SPACE',''
  ) );
#8873 = PCURVE('',#4325,#8874);
#8874 = DEFINITIONAL_REPRESENTATION('',(#8875),#8879);
#8875 = LINE('',#8876,#8877);
#8876 = CARTESIAN_POINT('',(-0.,1.5));
#8877 = VECTOR('',#8878,1.);
#8878 = DIRECTION('',(-1.,0.));
#8879 = ( GEOMETRIC_REPRESENTATION_CONTEXT(2) 
PARAMETRIC_REPRESENTATION_CONTEXT() REPRESENTATION_CONTEXT('2D SPACE',''
  ) );
#8880 = ORIENTED_EDGE('',*,*,#8881,.T.);
#8881 = EDGE_CURVE('',#8854,#8882,#8884,.T.);
#8882 = VERTEX_POINT('',#8883);
#8883 = CARTESIAN_POINT('',(192.48,-47.34,3.01));
#8884 = SURFACE_CURVE('',#8885,(#8889,#8895),.PCURVE_S1.);
#8885 = LINE('',#8886,#8887);
#8886 = CARTESIAN_POINT('',(192.48,-59.20290121095,3.01));
#8887 = VECTOR('',#8888,1.);
#8888 = DIRECTION('',(-0.,1.,0.));
#8889 = PCURVE('',#106,#8890);
#8890 = DEFINITIONAL_REPRESENTATION('',(#8891),#8894);
#8891 = B_SPLINE_CURVE_WITH_KNOTS('',1,(#8892,#8893),.UNSPECIFIED.,.F.,
  .F.,(2,2),(-1.137098789042,12.862901210958),.PIECEWISE_BEZIER_KNOTS.);
#8892 = CARTESIAN_POINT('',(1.905778509261,11.725802421915));
#8893 = CARTESIAN_POINT('',(1.905778509261,25.725802421915));
#8894 = ( GEOMETRIC_REPRESENTATION_CONTEXT(2) 
PARAMETRIC_REPRESENTATION_CONTEXT() REPRESENTATION_CONTEXT('2D SPACE',''
  ) );
#8895 = PCURVE('',#4352,#8896);
#8896 = DEFINITIONAL_REPRESENTATION('',(#8897),#8900);
#8897 = B_SPLINE_CURVE_WITH_KNOTS('',1,(#8898,#8899),.UNSPECIFIED.,.F.,
  .F.,(2,2),(-1.137098789042,12.862901210958),.PIECEWISE_BEZIER_KNOTS.);
#8898 = CARTESIAN_POINT('',(14.,-2.5));
#8899 = CARTESIAN_POINT('',(0.,-2.5));
#8900 = ( GEOMETRIC_REPRESENTATION_CONTEXT(2) 
PARAMETRIC_REPRESENTATION_CONTEXT() REPRESENTATION_CONTEXT('2D SPACE',''
  ) );
#8901 = ORIENTED_EDGE('',*,*,#8902,.F.);
#8902 = EDGE_CURVE('',#8903,#8882,#8905,.T.);
#8903 = VERTEX_POINT('',#8904);
#8904 = CARTESIAN_POINT('',(193.48,-46.34,3.01));
#8905 = SURFACE_CURVE('',#8906,(#8911,#8918),.PCURVE_S1.);
#8906 = CIRCLE('',#8907,1.);
#8907 = AXIS2_PLACEMENT_3D('',#8908,#8909,#8910);
#8908 = CARTESIAN_POINT('',(193.48,-47.34,3.01));
#8909 = DIRECTION('',(0.,0.,1.));
#8910 = DIRECTION('',(0.,-1.,0.));
#8911 = PCURVE('',#106,#8912);
#8912 = DEFINITIONAL_REPRESENTATION('',(#8913),#8917);
#8913 = CIRCLE('',#8914,1.);
#8914 = AXIS2_PLACEMENT_2D('',#8915,#8916);
#8915 = CARTESIAN_POINT('',(2.905778509261,24.725802421915));
#8916 = DIRECTION('',(0.,-1.));
#8917 = ( GEOMETRIC_REPRESENTATION_CONTEXT(2) 
PARAMETRIC_REPRESENTATION_CONTEXT() REPRESENTATION_CONTEXT('2D SPACE',''
  ) );
#8918 = PCURVE('',#4380,#8919);
#8919 = DEFINITIONAL_REPRESENTATION('',(#8920),#8924);
#8920 = LINE('',#8921,#8922);
#8921 = CARTESIAN_POINT('',(-3.14159265359,1.5));
#8922 = VECTOR('',#8923,1.);
#8923 = DIRECTION('',(1.,0.));
#8924 = ( GEOMETRIC_REPRESENTATION_CONTEXT(2) 
PARAMETRIC_REPRESENTATION_CONTEXT() REPRESENTATION_CONTEXT('2D SPACE',''
  ) );
#8925 = ORIENTED_EDGE('',*,*,#8926,.T.);
#8926 = EDGE_CURVE('',#8903,#8927,#8929,.T.);
#8927 = VERTEX_POINT('',#8928);
#8928 = CARTESIAN_POINT('',(205.48,-46.34,3.01));
#8929 = SURFACE_CURVE('',#8930,(#8934,#8940),.PCURVE_S1.);
#8930 = LINE('',#8931,#8932);
#8931 = CARTESIAN_POINT('',(198.52711074536,-46.34,3.01));
#8932 = VECTOR('',#8933,1.);
#8933 = DIRECTION('',(1.,0.,-0.));
#8934 = PCURVE('',#106,#8935);
#8935 = DEFINITIONAL_REPRESENTATION('',(#8936),#8939);
#8936 = B_SPLINE_CURVE_WITH_KNOTS('',1,(#8937,#8938),.UNSPECIFIED.,.F.,
  .F.,(2,2),(-6.047110745369,7.952889254631),.PIECEWISE_BEZIER_KNOTS.);
#8937 = CARTESIAN_POINT('',(1.905778509261,25.725802421915));
#8938 = CARTESIAN_POINT('',(15.905778509261,25.725802421915));
#8939 = ( GEOMETRIC_REPRESENTATION_CONTEXT(2) 
PARAMETRIC_REPRESENTATION_CONTEXT() REPRESENTATION_CONTEXT('2D SPACE',''
  ) );
#8940 = PCURVE('',#4407,#8941);
#8941 = DEFINITIONAL_REPRESENTATION('',(#8942),#8945);
#8942 = B_SPLINE_CURVE_WITH_KNOTS('',1,(#8943,#8944),.UNSPECIFIED.,.F.,
  .F.,(2,2),(-6.047110745369,7.952889254631),.PIECEWISE_BEZIER_KNOTS.);
#8943 = CARTESIAN_POINT('',(14.,-2.5));
#8944 = CARTESIAN_POINT('',(0.,-2.5));
#8945 = ( GEOMETRIC_REPRESENTATION_CONTEXT(2) 
PARAMETRIC_REPRESENTATION_CONTEXT() REPRESENTATION_CONTEXT('2D SPACE',''
  ) );
#8946 = ORIENTED_EDGE('',*,*,#8947,.F.);
#8947 = EDGE_CURVE('',#8782,#8927,#8948,.T.);
#8948 = SURFACE_CURVE('',#8949,(#8954,#8961),.PCURVE_S1.);
#8949 = CIRCLE('',#8950,1.);
#8950 = AXIS2_PLACEMENT_3D('',#8951,#8952,#8953);
#8951 = CARTESIAN_POINT('',(205.48,-47.34,3.01));
#8952 = DIRECTION('',(0.,0.,1.));
#8953 = DIRECTION('',(0.,-1.,0.));
#8954 = PCURVE('',#106,#8955);
#8955 = DEFINITIONAL_REPRESENTATION('',(#8956),#8960);
#8956 = CIRCLE('',#8957,1.);
#8957 = AXIS2_PLACEMENT_2D('',#8958,#8959);
#8958 = CARTESIAN_POINT('',(14.905778509261,24.725802421915));
#8959 = DIRECTION('',(0.,-1.));
#8960 = ( GEOMETRIC_REPRESENTATION_CONTEXT(2) 
PARAMETRIC_REPRESENTATION_CONTEXT() REPRESENTATION_CONTEXT('2D SPACE',''
  ) );
#8961 = PCURVE('',#4433,#8962);
#8962 = DEFINITIONAL_REPRESENTATION('',(#8963),#8967);
#8963 = LINE('',#8964,#8965);
#8964 = CARTESIAN_POINT('',(-1.570796326795,1.5));
#8965 = VECTOR('',#8966,1.);
#8966 = DIRECTION('',(1.,0.));
#8967 = ( GEOMETRIC_REPRESENTATION_CONTEXT(2) 
PARAMETRIC_REPRESENTATION_CONTEXT() REPRESENTATION_CONTEXT('2D SPACE',''
  ) );
#8968 = FACE_BOUND('',#8969,.T.);
#8969 = EDGE_LOOP('',(#8970,#8993,#9021,#9042,#9070,#9091,#9115,#9136));
#8970 = ORIENTED_EDGE('',*,*,#8971,.T.);
#8971 = EDGE_CURVE('',#8972,#8974,#8976,.T.);
#8972 = VERTEX_POINT('',#8973);
#8973 = CARTESIAN_POINT('',(226.051985,-53.436795,3.01));
#8974 = VERTEX_POINT('',#8975);
#8975 = CARTESIAN_POINT('',(226.051985,-65.436795,3.01));
#8976 = SURFACE_CURVE('',#8977,(#8981,#8987),.PCURVE_S1.);
#8977 = LINE('',#8978,#8979);
#8978 = CARTESIAN_POINT('',(226.051985,-69.25129871095,3.01));
#8979 = VECTOR('',#8980,1.);
#8980 = DIRECTION('',(0.,-1.,0.));
#8981 = PCURVE('',#106,#8982);
#8982 = DEFINITIONAL_REPRESENTATION('',(#8983),#8986);
#8983 = B_SPLINE_CURVE_WITH_KNOTS('',1,(#8984,#8985),.UNSPECIFIED.,.F.,
  .F.,(2,2),(-16.81450371095,-2.814503710958),.PIECEWISE_BEZIER_KNOTS.);
#8984 = CARTESIAN_POINT('',(35.477763509261,19.629007421915));
#8985 = CARTESIAN_POINT('',(35.477763509261,5.629007421915));
#8986 = ( GEOMETRIC_REPRESENTATION_CONTEXT(2) 
PARAMETRIC_REPRESENTATION_CONTEXT() REPRESENTATION_CONTEXT('2D SPACE',''
  ) );
#8987 = PCURVE('',#4464,#8988);
#8988 = DEFINITIONAL_REPRESENTATION('',(#8989),#8992);
#8989 = B_SPLINE_CURVE_WITH_KNOTS('',1,(#8990,#8991),.UNSPECIFIED.,.F.,
  .F.,(2,2),(-16.81450371095,-2.814503710958),.PIECEWISE_BEZIER_KNOTS.);
#8990 = CARTESIAN_POINT('',(14.,-2.5));
#8991 = CARTESIAN_POINT('',(0.,-2.5));
#8992 = ( GEOMETRIC_REPRESENTATION_CONTEXT(2) 
PARAMETRIC_REPRESENTATION_CONTEXT() REPRESENTATION_CONTEXT('2D SPACE',''
  ) );
#8993 = ORIENTED_EDGE('',*,*,#8994,.T.);
#8994 = EDGE_CURVE('',#8974,#8995,#8997,.T.);
#8995 = VERTEX_POINT('',#8996);
#8996 = CARTESIAN_POINT('',(225.051985,-66.436795,3.01));
#8997 = SURFACE_CURVE('',#8998,(#9003,#9014),.PCURVE_S1.);
#8998 = CIRCLE('',#8999,1.);
#8999 = AXIS2_PLACEMENT_3D('',#9000,#9001,#9002);
#9000 = CARTESIAN_POINT('',(225.051985,-65.436795,3.01));
#9001 = DIRECTION('',(-0.,-0.,-1.));
#9002 = DIRECTION('',(0.,-1.,0.));
#9003 = PCURVE('',#106,#9004);
#9004 = DEFINITIONAL_REPRESENTATION('',(#9005),#9013);
#9005 = ( BOUNDED_CURVE() B_SPLINE_CURVE(2,(#9006,#9007,#9008,#9009,
#9010,#9011,#9012),.UNSPECIFIED.,.T.,.F.) B_SPLINE_CURVE_WITH_KNOTS((1,2
    ,2,2,2,1),(-2.094395102393,0.,2.094395102393,4.188790204786,
6.28318530718,8.377580409573),.UNSPECIFIED.) CURVE() 
GEOMETRIC_REPRESENTATION_ITEM() RATIONAL_B_SPLINE_CURVE((1.,0.5,1.,0.5,
1.,0.5,1.)) REPRESENTATION_ITEM('') );
#9006 = CARTESIAN_POINT('',(34.477763509261,5.629007421915));
#9007 = CARTESIAN_POINT('',(32.745712701693,5.629007421915));
#9008 = CARTESIAN_POINT('',(33.611738105477,7.129007421915));
#9009 = CARTESIAN_POINT('',(34.477763509261,8.629007421915));
#9010 = CARTESIAN_POINT('',(35.343788913046,7.129007421915));
#9011 = CARTESIAN_POINT('',(36.20981431683,5.629007421915));
#9012 = CARTESIAN_POINT('',(34.477763509261,5.629007421915));
#9013 = ( GEOMETRIC_REPRESENTATION_CONTEXT(2) 
PARAMETRIC_REPRESENTATION_CONTEXT() REPRESENTATION_CONTEXT('2D SPACE',''
  ) );
#9014 = PCURVE('',#4496,#9015);
#9015 = DEFINITIONAL_REPRESENTATION('',(#9016),#9020);
#9016 = LINE('',#9017,#9018);
#9017 = CARTESIAN_POINT('',(4.712388980385,1.5));
#9018 = VECTOR('',#9019,1.);
#9019 = DIRECTION('',(-1.,0.));
#9020 = ( GEOMETRIC_REPRESENTATION_CONTEXT(2) 
PARAMETRIC_REPRESENTATION_CONTEXT() REPRESENTATION_CONTEXT('2D SPACE',''
  ) );
#9021 = ORIENTED_EDGE('',*,*,#9022,.T.);
#9022 = EDGE_CURVE('',#8995,#9023,#9025,.T.);
#9023 = VERTEX_POINT('',#9024);
#9024 = CARTESIAN_POINT('',(213.051985,-66.436795,3.01));
#9025 = SURFACE_CURVE('',#9026,(#9030,#9036),.PCURVE_S1.);
#9026 = LINE('',#9027,#9028);
#9027 = CARTESIAN_POINT('',(201.31310324536,-66.436795,3.01));
#9028 = VECTOR('',#9029,1.);
#9029 = DIRECTION('',(-1.,0.,0.));
#9030 = PCURVE('',#106,#9031);
#9031 = DEFINITIONAL_REPRESENTATION('',(#9032),#9035);
#9032 = B_SPLINE_CURVE_WITH_KNOTS('',1,(#9033,#9034),.UNSPECIFIED.,.F.,
  .F.,(2,2),(-24.73888175463,-10.73888175463),.PIECEWISE_BEZIER_KNOTS.);
#9033 = CARTESIAN_POINT('',(35.477763509261,5.629007421915));
#9034 = CARTESIAN_POINT('',(21.477763509261,5.629007421915));
#9035 = ( GEOMETRIC_REPRESENTATION_CONTEXT(2) 
PARAMETRIC_REPRESENTATION_CONTEXT() REPRESENTATION_CONTEXT('2D SPACE',''
  ) );
#9036 = PCURVE('',#4523,#9037);
#9037 = DEFINITIONAL_REPRESENTATION('',(#9038),#9041);
#9038 = B_SPLINE_CURVE_WITH_KNOTS('',1,(#9039,#9040),.UNSPECIFIED.,.F.,
  .F.,(2,2),(-24.73888175463,-10.73888175463),.PIECEWISE_BEZIER_KNOTS.);
#9039 = CARTESIAN_POINT('',(14.,-2.5));
#9040 = CARTESIAN_POINT('',(0.,-2.5));
#9041 = ( GEOMETRIC_REPRESENTATION_CONTEXT(2) 
PARAMETRIC_REPRESENTATION_CONTEXT() REPRESENTATION_CONTEXT('2D SPACE',''
  ) );
#9042 = ORIENTED_EDGE('',*,*,#9043,.T.);
#9043 = EDGE_CURVE('',#9023,#9044,#9046,.T.);
#9044 = VERTEX_POINT('',#9045);
#9045 = CARTESIAN_POINT('',(212.051985,-65.436795,3.01));
#9046 = SURFACE_CURVE('',#9047,(#9052,#9063),.PCURVE_S1.);
#9047 = CIRCLE('',#9048,1.);
#9048 = AXIS2_PLACEMENT_3D('',#9049,#9050,#9051);
#9049 = CARTESIAN_POINT('',(213.051985,-65.436795,3.01));
#9050 = DIRECTION('',(-0.,-0.,-1.));
#9051 = DIRECTION('',(0.,-1.,0.));
#9052 = PCURVE('',#106,#9053);
#9053 = DEFINITIONAL_REPRESENTATION('',(#9054),#9062);
#9054 = ( BOUNDED_CURVE() B_SPLINE_CURVE(2,(#9055,#9056,#9057,#9058,
#9059,#9060,#9061),.UNSPECIFIED.,.T.,.F.) B_SPLINE_CURVE_WITH_KNOTS((1,2
    ,2,2,2,1),(-2.094395102393,0.,2.094395102393,4.188790204786,
6.28318530718,8.377580409573),.UNSPECIFIED.) CURVE() 
GEOMETRIC_REPRESENTATION_ITEM() RATIONAL_B_SPLINE_CURVE((1.,0.5,1.,0.5,
1.,0.5,1.)) REPRESENTATION_ITEM('') );
#9055 = CARTESIAN_POINT('',(22.477763509261,5.629007421915));
#9056 = CARTESIAN_POINT('',(20.745712701693,5.629007421915));
#9057 = CARTESIAN_POINT('',(21.611738105477,7.129007421915));
#9058 = CARTESIAN_POINT('',(22.477763509261,8.629007421915));
#9059 = CARTESIAN_POINT('',(23.343788913046,7.129007421915));
#9060 = CARTESIAN_POINT('',(24.20981431683,5.629007421915));
#9061 = CARTESIAN_POINT('',(22.477763509261,5.629007421915));
#9062 = ( GEOMETRIC_REPRESENTATION_CONTEXT(2) 
PARAMETRIC_REPRESENTATION_CONTEXT() REPRESENTATION_CONTEXT('2D SPACE',''
  ) );
#9063 = PCURVE('',#4555,#9064);
#9064 = DEFINITIONAL_REPRESENTATION('',(#9065),#9069);
#9065 = LINE('',#9066,#9067);
#9066 = CARTESIAN_POINT('',(-0.,1.5));
#9067 = VECTOR('',#9068,1.);
#9068 = DIRECTION('',(-1.,0.));
#9069 = ( GEOMETRIC_REPRESENTATION_CONTEXT(2) 
PARAMETRIC_REPRESENTATION_CONTEXT() REPRESENTATION_CONTEXT('2D SPACE',''
  ) );
#9070 = ORIENTED_EDGE('',*,*,#9071,.T.);
#9071 = EDGE_CURVE('',#9044,#9072,#9074,.T.);
#9072 = VERTEX_POINT('',#9073);
#9073 = CARTESIAN_POINT('',(212.051985,-53.436795,3.01));
#9074 = SURFACE_CURVE('',#9075,(#9079,#9085),.PCURVE_S1.);
#9075 = LINE('',#9076,#9077);
#9076 = CARTESIAN_POINT('',(212.051985,-62.25129871095,3.01));
#9077 = VECTOR('',#9078,1.);
#9078 = DIRECTION('',(-0.,1.,0.));
#9079 = PCURVE('',#106,#9080);
#9080 = DEFINITIONAL_REPRESENTATION('',(#9081),#9084);
#9081 = B_SPLINE_CURVE_WITH_KNOTS('',1,(#9082,#9083),.UNSPECIFIED.,.F.,
  .F.,(2,2),(-4.185496289042,9.814503710958),.PIECEWISE_BEZIER_KNOTS.);
#9082 = CARTESIAN_POINT('',(21.477763509261,5.629007421915));
#9083 = CARTESIAN_POINT('',(21.477763509261,19.629007421915));
#9084 = ( GEOMETRIC_REPRESENTATION_CONTEXT(2) 
PARAMETRIC_REPRESENTATION_CONTEXT() REPRESENTATION_CONTEXT('2D SPACE',''
  ) );
#9085 = PCURVE('',#4582,#9086);
#9086 = DEFINITIONAL_REPRESENTATION('',(#9087),#9090);
#9087 = B_SPLINE_CURVE_WITH_KNOTS('',1,(#9088,#9089),.UNSPECIFIED.,.F.,
  .F.,(2,2),(-4.185496289042,9.814503710958),.PIECEWISE_BEZIER_KNOTS.);
#9088 = CARTESIAN_POINT('',(14.,-2.5));
#9089 = CARTESIAN_POINT('',(0.,-2.5));
#9090 = ( GEOMETRIC_REPRESENTATION_CONTEXT(2) 
PARAMETRIC_REPRESENTATION_CONTEXT() REPRESENTATION_CONTEXT('2D SPACE',''
  ) );
#9091 = ORIENTED_EDGE('',*,*,#9092,.F.);
#9092 = EDGE_CURVE('',#9093,#9072,#9095,.T.);
#9093 = VERTEX_POINT('',#9094);
#9094 = CARTESIAN_POINT('',(213.051985,-52.436795,3.01));
#9095 = SURFACE_CURVE('',#9096,(#9101,#9108),.PCURVE_S1.);
#9096 = CIRCLE('',#9097,1.);
#9097 = AXIS2_PLACEMENT_3D('',#9098,#9099,#9100);
#9098 = CARTESIAN_POINT('',(213.051985,-53.436795,3.01));
#9099 = DIRECTION('',(0.,0.,1.));
#9100 = DIRECTION('',(0.,-1.,0.));
#9101 = PCURVE('',#106,#9102);
#9102 = DEFINITIONAL_REPRESENTATION('',(#9103),#9107);
#9103 = CIRCLE('',#9104,1.);
#9104 = AXIS2_PLACEMENT_2D('',#9105,#9106);
#9105 = CARTESIAN_POINT('',(22.477763509261,18.629007421915));
#9106 = DIRECTION('',(0.,-1.));
#9107 = ( GEOMETRIC_REPRESENTATION_CONTEXT(2) 
PARAMETRIC_REPRESENTATION_CONTEXT() REPRESENTATION_CONTEXT('2D SPACE',''
  ) );
#9108 = PCURVE('',#4610,#9109);
#9109 = DEFINITIONAL_REPRESENTATION('',(#9110),#9114);
#9110 = LINE('',#9111,#9112);
#9111 = CARTESIAN_POINT('',(-3.14159265359,1.5));
#9112 = VECTOR('',#9113,1.);
#9113 = DIRECTION('',(1.,0.));
#9114 = ( GEOMETRIC_REPRESENTATION_CONTEXT(2) 
PARAMETRIC_REPRESENTATION_CONTEXT() REPRESENTATION_CONTEXT('2D SPACE',''
  ) );
#9115 = ORIENTED_EDGE('',*,*,#9116,.T.);
#9116 = EDGE_CURVE('',#9093,#9117,#9119,.T.);
#9117 = VERTEX_POINT('',#9118);
#9118 = CARTESIAN_POINT('',(225.051985,-52.436795,3.01));
#9119 = SURFACE_CURVE('',#9120,(#9124,#9130),.PCURVE_S1.);
#9120 = LINE('',#9121,#9122);
#9121 = CARTESIAN_POINT('',(208.31310324536,-52.436795,3.01));
#9122 = VECTOR('',#9123,1.);
#9123 = DIRECTION('',(1.,0.,-0.));
#9124 = PCURVE('',#106,#9125);
#9125 = DEFINITIONAL_REPRESENTATION('',(#9126),#9129);
#9126 = B_SPLINE_CURVE_WITH_KNOTS('',1,(#9127,#9128),.UNSPECIFIED.,.F.,
  .F.,(2,2),(3.738881754631,17.738881754631),.PIECEWISE_BEZIER_KNOTS.);
#9127 = CARTESIAN_POINT('',(21.477763509261,19.629007421915));
#9128 = CARTESIAN_POINT('',(35.477763509261,19.629007421915));
#9129 = ( GEOMETRIC_REPRESENTATION_CONTEXT(2) 
PARAMETRIC_REPRESENTATION_CONTEXT() REPRESENTATION_CONTEXT('2D SPACE',''
  ) );
#9130 = PCURVE('',#4637,#9131);
#9131 = DEFINITIONAL_REPRESENTATION('',(#9132),#9135);
#9132 = B_SPLINE_CURVE_WITH_KNOTS('',1,(#9133,#9134),.UNSPECIFIED.,.F.,
  .F.,(2,2),(3.738881754631,17.738881754631),.PIECEWISE_BEZIER_KNOTS.);
#9133 = CARTESIAN_POINT('',(14.,-2.5));
#9134 = CARTESIAN_POINT('',(0.,-2.5));
#9135 = ( GEOMETRIC_REPRESENTATION_CONTEXT(2) 
PARAMETRIC_REPRESENTATION_CONTEXT() REPRESENTATION_CONTEXT('2D SPACE',''
  ) );
#9136 = ORIENTED_EDGE('',*,*,#9137,.F.);
#9137 = EDGE_CURVE('',#8972,#9117,#9138,.T.);
#9138 = SURFACE_CURVE('',#9139,(#9144,#9151),.PCURVE_S1.);
#9139 = CIRCLE('',#9140,1.);
#9140 = AXIS2_PLACEMENT_3D('',#9141,#9142,#9143);
#9141 = CARTESIAN_POINT('',(225.051985,-53.436795,3.01));
#9142 = DIRECTION('',(0.,0.,1.));
#9143 = DIRECTION('',(0.,-1.,0.));
#9144 = PCURVE('',#106,#9145);
#9145 = DEFINITIONAL_REPRESENTATION('',(#9146),#9150);
#9146 = CIRCLE('',#9147,1.);
#9147 = AXIS2_PLACEMENT_2D('',#9148,#9149);
#9148 = CARTESIAN_POINT('',(34.477763509261,18.629007421915));
#9149 = DIRECTION('',(0.,-1.));
#9150 = ( GEOMETRIC_REPRESENTATION_CONTEXT(2) 
PARAMETRIC_REPRESENTATION_CONTEXT() REPRESENTATION_CONTEXT('2D SPACE',''
  ) );
#9151 = PCURVE('',#4663,#9152);
#9152 = DEFINITIONAL_REPRESENTATION('',(#9153),#9157);
#9153 = LINE('',#9154,#9155);
#9154 = CARTESIAN_POINT('',(-1.570796326795,1.5));
#9155 = VECTOR('',#9156,1.);
#9156 = DIRECTION('',(1.,0.));
#9157 = ( GEOMETRIC_REPRESENTATION_CONTEXT(2) 
PARAMETRIC_REPRESENTATION_CONTEXT() REPRESENTATION_CONTEXT('2D SPACE',''
  ) );
#9158 = FACE_BOUND('',#9159,.T.);
#9159 = EDGE_LOOP('',(#9160,#9183,#9211,#9232,#9260,#9281,#9305,#9326));
#9160 = ORIENTED_EDGE('',*,*,#9161,.T.);
#9161 = EDGE_CURVE('',#9162,#9164,#9166,.T.);
#9162 = VERTEX_POINT('',#9163);
#9163 = CARTESIAN_POINT('',(248.823707,-56.399183,3.01));
#9164 = VERTEX_POINT('',#9165);
#9165 = CARTESIAN_POINT('',(248.823707,-68.399183,3.01));
#9166 = SURFACE_CURVE('',#9167,(#9171,#9177),.PCURVE_S1.);
#9167 = LINE('',#9168,#9169);
#9168 = CARTESIAN_POINT('',(248.823707,-70.73249271095,3.01));
#9169 = VECTOR('',#9170,1.);
#9170 = DIRECTION('',(0.,-1.,0.));
#9171 = PCURVE('',#106,#9172);
#9172 = DEFINITIONAL_REPRESENTATION('',(#9173),#9176);
#9173 = B_SPLINE_CURVE_WITH_KNOTS('',1,(#9174,#9175),.UNSPECIFIED.,.F.,
  .F.,(2,2),(-15.33330971095,-1.333309710958),.PIECEWISE_BEZIER_KNOTS.);
#9174 = CARTESIAN_POINT('',(58.249485509261,16.666619421915));
#9175 = CARTESIAN_POINT('',(58.249485509261,2.666619421915));
#9176 = ( GEOMETRIC_REPRESENTATION_CONTEXT(2) 
PARAMETRIC_REPRESENTATION_CONTEXT() REPRESENTATION_CONTEXT('2D SPACE',''
  ) );
#9177 = PCURVE('',#4694,#9178);
#9178 = DEFINITIONAL_REPRESENTATION('',(#9179),#9182);
#9179 = B_SPLINE_CURVE_WITH_KNOTS('',1,(#9180,#9181),.UNSPECIFIED.,.F.,
  .F.,(2,2),(-15.33330971095,-1.333309710958),.PIECEWISE_BEZIER_KNOTS.);
#9180 = CARTESIAN_POINT('',(14.,-2.5));
#9181 = CARTESIAN_POINT('',(0.,-2.5));
#9182 = ( GEOMETRIC_REPRESENTATION_CONTEXT(2) 
PARAMETRIC_REPRESENTATION_CONTEXT() REPRESENTATION_CONTEXT('2D SPACE',''
  ) );
#9183 = ORIENTED_EDGE('',*,*,#9184,.T.);
#9184 = EDGE_CURVE('',#9164,#9185,#9187,.T.);
#9185 = VERTEX_POINT('',#9186);
#9186 = CARTESIAN_POINT('',(247.823707,-69.399183,3.01));
#9187 = SURFACE_CURVE('',#9188,(#9193,#9204),.PCURVE_S1.);
#9188 = CIRCLE('',#9189,1.);
#9189 = AXIS2_PLACEMENT_3D('',#9190,#9191,#9192);
#9190 = CARTESIAN_POINT('',(247.823707,-68.399183,3.01));
#9191 = DIRECTION('',(-0.,-0.,-1.));
#9192 = DIRECTION('',(0.,-1.,0.));
#9193 = PCURVE('',#106,#9194);
#9194 = DEFINITIONAL_REPRESENTATION('',(#9195),#9203);
#9195 = ( BOUNDED_CURVE() B_SPLINE_CURVE(2,(#9196,#9197,#9198,#9199,
#9200,#9201,#9202),.UNSPECIFIED.,.T.,.F.) B_SPLINE_CURVE_WITH_KNOTS((1,2
    ,2,2,2,1),(-2.094395102393,0.,2.094395102393,4.188790204786,
6.28318530718,8.377580409573),.UNSPECIFIED.) CURVE() 
GEOMETRIC_REPRESENTATION_ITEM() RATIONAL_B_SPLINE_CURVE((1.,0.5,1.,0.5,
1.,0.5,1.)) REPRESENTATION_ITEM('') );
#9196 = CARTESIAN_POINT('',(57.249485509261,2.666619421915));
#9197 = CARTESIAN_POINT('',(55.517434701693,2.666619421915));
#9198 = CARTESIAN_POINT('',(56.383460105477,4.166619421915));
#9199 = CARTESIAN_POINT('',(57.249485509261,5.666619421915));
#9200 = CARTESIAN_POINT('',(58.115510913046,4.166619421915));
#9201 = CARTESIAN_POINT('',(58.98153631683,2.666619421915));
#9202 = CARTESIAN_POINT('',(57.249485509261,2.666619421915));
#9203 = ( GEOMETRIC_REPRESENTATION_CONTEXT(2) 
PARAMETRIC_REPRESENTATION_CONTEXT() REPRESENTATION_CONTEXT('2D SPACE',''
  ) );
#9204 = PCURVE('',#4726,#9205);
#9205 = DEFINITIONAL_REPRESENTATION('',(#9206),#9210);
#9206 = LINE('',#9207,#9208);
#9207 = CARTESIAN_POINT('',(4.712388980385,1.5));
#9208 = VECTOR('',#9209,1.);
#9209 = DIRECTION('',(-1.,0.));
#9210 = ( GEOMETRIC_REPRESENTATION_CONTEXT(2) 
PARAMETRIC_REPRESENTATION_CONTEXT() REPRESENTATION_CONTEXT('2D SPACE',''
  ) );
#9211 = ORIENTED_EDGE('',*,*,#9212,.T.);
#9212 = EDGE_CURVE('',#9185,#9213,#9215,.T.);
#9213 = VERTEX_POINT('',#9214);
#9214 = CARTESIAN_POINT('',(235.823707,-69.399183,3.01));
#9215 = SURFACE_CURVE('',#9216,(#9220,#9226),.PCURVE_S1.);
#9216 = LINE('',#9217,#9218);
#9217 = CARTESIAN_POINT('',(212.69896424536,-69.399183,3.01));
#9218 = VECTOR('',#9219,1.);
#9219 = DIRECTION('',(-1.,0.,0.));
#9220 = PCURVE('',#106,#9221);
#9221 = DEFINITIONAL_REPRESENTATION('',(#9222),#9225);
#9222 = B_SPLINE_CURVE_WITH_KNOTS('',1,(#9223,#9224),.UNSPECIFIED.,.F.,
  .F.,(2,2),(-36.12474275463,-22.12474275463),.PIECEWISE_BEZIER_KNOTS.);
#9223 = CARTESIAN_POINT('',(58.249485509261,2.666619421915));
#9224 = CARTESIAN_POINT('',(44.249485509261,2.666619421915));
#9225 = ( GEOMETRIC_REPRESENTATION_CONTEXT(2) 
PARAMETRIC_REPRESENTATION_CONTEXT() REPRESENTATION_CONTEXT('2D SPACE',''
  ) );
#9226 = PCURVE('',#4753,#9227);
#9227 = DEFINITIONAL_REPRESENTATION('',(#9228),#9231);
#9228 = B_SPLINE_CURVE_WITH_KNOTS('',1,(#9229,#9230),.UNSPECIFIED.,.F.,
  .F.,(2,2),(-36.12474275463,-22.12474275463),.PIECEWISE_BEZIER_KNOTS.);
#9229 = CARTESIAN_POINT('',(14.,-2.5));
#9230 = CARTESIAN_POINT('',(0.,-2.5));
#9231 = ( GEOMETRIC_REPRESENTATION_CONTEXT(2) 
PARAMETRIC_REPRESENTATION_CONTEXT() REPRESENTATION_CONTEXT('2D SPACE',''
  ) );
#9232 = ORIENTED_EDGE('',*,*,#9233,.T.);
#9233 = EDGE_CURVE('',#9213,#9234,#9236,.T.);
#9234 = VERTEX_POINT('',#9235);
#9235 = CARTESIAN_POINT('',(234.823707,-68.399183,3.01));
#9236 = SURFACE_CURVE('',#9237,(#9242,#9253),.PCURVE_S1.);
#9237 = CIRCLE('',#9238,1.);
#9238 = AXIS2_PLACEMENT_3D('',#9239,#9240,#9241);
#9239 = CARTESIAN_POINT('',(235.823707,-68.399183,3.01));
#9240 = DIRECTION('',(-0.,-0.,-1.));
#9241 = DIRECTION('',(0.,-1.,0.));
#9242 = PCURVE('',#106,#9243);
#9243 = DEFINITIONAL_REPRESENTATION('',(#9244),#9252);
#9244 = ( BOUNDED_CURVE() B_SPLINE_CURVE(2,(#9245,#9246,#9247,#9248,
#9249,#9250,#9251),.UNSPECIFIED.,.T.,.F.) B_SPLINE_CURVE_WITH_KNOTS((1,2
    ,2,2,2,1),(-2.094395102393,0.,2.094395102393,4.188790204786,
6.28318530718,8.377580409573),.UNSPECIFIED.) CURVE() 
GEOMETRIC_REPRESENTATION_ITEM() RATIONAL_B_SPLINE_CURVE((1.,0.5,1.,0.5,
1.,0.5,1.)) REPRESENTATION_ITEM('') );
#9245 = CARTESIAN_POINT('',(45.249485509261,2.666619421915));
#9246 = CARTESIAN_POINT('',(43.517434701693,2.666619421915));
#9247 = CARTESIAN_POINT('',(44.383460105477,4.166619421915));
#9248 = CARTESIAN_POINT('',(45.249485509261,5.666619421915));
#9249 = CARTESIAN_POINT('',(46.115510913046,4.166619421915));
#9250 = CARTESIAN_POINT('',(46.98153631683,2.666619421915));
#9251 = CARTESIAN_POINT('',(45.249485509261,2.666619421915));
#9252 = ( GEOMETRIC_REPRESENTATION_CONTEXT(2) 
PARAMETRIC_REPRESENTATION_CONTEXT() REPRESENTATION_CONTEXT('2D SPACE',''
  ) );
#9253 = PCURVE('',#4785,#9254);
#9254 = DEFINITIONAL_REPRESENTATION('',(#9255),#9259);
#9255 = LINE('',#9256,#9257);
#9256 = CARTESIAN_POINT('',(-0.,1.5));
#9257 = VECTOR('',#9258,1.);
#9258 = DIRECTION('',(-1.,0.));
#9259 = ( GEOMETRIC_REPRESENTATION_CONTEXT(2) 
PARAMETRIC_REPRESENTATION_CONTEXT() REPRESENTATION_CONTEXT('2D SPACE',''
  ) );
#9260 = ORIENTED_EDGE('',*,*,#9261,.T.);
#9261 = EDGE_CURVE('',#9234,#9262,#9264,.T.);
#9262 = VERTEX_POINT('',#9263);
#9263 = CARTESIAN_POINT('',(234.823707,-56.399183,3.01));
#9264 = SURFACE_CURVE('',#9265,(#9269,#9275),.PCURVE_S1.);
#9265 = LINE('',#9266,#9267);
#9266 = CARTESIAN_POINT('',(234.823707,-63.73249271095,3.01));
#9267 = VECTOR('',#9268,1.);
#9268 = DIRECTION('',(-0.,1.,0.));
#9269 = PCURVE('',#106,#9270);
#9270 = DEFINITIONAL_REPRESENTATION('',(#9271),#9274);
#9271 = B_SPLINE_CURVE_WITH_KNOTS('',1,(#9272,#9273),.UNSPECIFIED.,.F.,
  .F.,(2,2),(-5.666690289042,8.333309710958),.PIECEWISE_BEZIER_KNOTS.);
#9272 = CARTESIAN_POINT('',(44.249485509261,2.666619421915));
#9273 = CARTESIAN_POINT('',(44.249485509261,16.666619421915));
#9274 = ( GEOMETRIC_REPRESENTATION_CONTEXT(2) 
PARAMETRIC_REPRESENTATION_CONTEXT() REPRESENTATION_CONTEXT('2D SPACE',''
  ) );
#9275 = PCURVE('',#4812,#9276);
#9276 = DEFINITIONAL_REPRESENTATION('',(#9277),#9280);
#9277 = B_SPLINE_CURVE_WITH_KNOTS('',1,(#9278,#9279),.UNSPECIFIED.,.F.,
  .F.,(2,2),(-5.666690289042,8.333309710958),.PIECEWISE_BEZIER_KNOTS.);
#9278 = CARTESIAN_POINT('',(14.,-2.5));
#9279 = CARTESIAN_POINT('',(0.,-2.5));
#9280 = ( GEOMETRIC_REPRESENTATION_CONTEXT(2) 
PARAMETRIC_REPRESENTATION_CONTEXT() REPRESENTATION_CONTEXT('2D SPACE',''
  ) );
#9281 = ORIENTED_EDGE('',*,*,#9282,.F.);
#9282 = EDGE_CURVE('',#9283,#9262,#9285,.T.);
#9283 = VERTEX_POINT('',#9284);
#9284 = CARTESIAN_POINT('',(235.823707,-55.399183,3.01));
#9285 = SURFACE_CURVE('',#9286,(#9291,#9298),.PCURVE_S1.);
#9286 = CIRCLE('',#9287,1.);
#9287 = AXIS2_PLACEMENT_3D('',#9288,#9289,#9290);
#9288 = CARTESIAN_POINT('',(235.823707,-56.399183,3.01));
#9289 = DIRECTION('',(0.,0.,1.));
#9290 = DIRECTION('',(0.,-1.,0.));
#9291 = PCURVE('',#106,#9292);
#9292 = DEFINITIONAL_REPRESENTATION('',(#9293),#9297);
#9293 = CIRCLE('',#9294,1.);
#9294 = AXIS2_PLACEMENT_2D('',#9295,#9296);
#9295 = CARTESIAN_POINT('',(45.249485509261,15.666619421915));
#9296 = DIRECTION('',(0.,-1.));
#9297 = ( GEOMETRIC_REPRESENTATION_CONTEXT(2) 
PARAMETRIC_REPRESENTATION_CONTEXT() REPRESENTATION_CONTEXT('2D SPACE',''
  ) );
#9298 = PCURVE('',#4840,#9299);
#9299 = DEFINITIONAL_REPRESENTATION('',(#9300),#9304);
#9300 = LINE('',#9301,#9302);
#9301 = CARTESIAN_POINT('',(-3.14159265359,1.5));
#9302 = VECTOR('',#9303,1.);
#9303 = DIRECTION('',(1.,0.));
#9304 = ( GEOMETRIC_REPRESENTATION_CONTEXT(2) 
PARAMETRIC_REPRESENTATION_CONTEXT() REPRESENTATION_CONTEXT('2D SPACE',''
  ) );
#9305 = ORIENTED_EDGE('',*,*,#9306,.T.);
#9306 = EDGE_CURVE('',#9283,#9307,#9309,.T.);
#9307 = VERTEX_POINT('',#9308);
#9308 = CARTESIAN_POINT('',(247.823707,-55.399183,3.01));
#9309 = SURFACE_CURVE('',#9310,(#9314,#9320),.PCURVE_S1.);
#9310 = LINE('',#9311,#9312);
#9311 = CARTESIAN_POINT('',(219.69896424536,-55.399183,3.01));
#9312 = VECTOR('',#9313,1.);
#9313 = DIRECTION('',(1.,0.,-0.));
#9314 = PCURVE('',#106,#9315);
#9315 = DEFINITIONAL_REPRESENTATION('',(#9316),#9319);
#9316 = B_SPLINE_CURVE_WITH_KNOTS('',1,(#9317,#9318),.UNSPECIFIED.,.F.,
  .F.,(2,2),(15.124742754631,29.124742754631),.PIECEWISE_BEZIER_KNOTS.);
#9317 = CARTESIAN_POINT('',(44.249485509261,16.666619421915));
#9318 = CARTESIAN_POINT('',(58.249485509261,16.666619421915));
#9319 = ( GEOMETRIC_REPRESENTATION_CONTEXT(2) 
PARAMETRIC_REPRESENTATION_CONTEXT() REPRESENTATION_CONTEXT('2D SPACE',''
  ) );
#9320 = PCURVE('',#4867,#9321);
#9321 = DEFINITIONAL_REPRESENTATION('',(#9322),#9325);
#9322 = B_SPLINE_CURVE_WITH_KNOTS('',1,(#9323,#9324),.UNSPECIFIED.,.F.,
  .F.,(2,2),(15.124742754631,29.124742754631),.PIECEWISE_BEZIER_KNOTS.);
#9323 = CARTESIAN_POINT('',(14.,-2.5));
#9324 = CARTESIAN_POINT('',(0.,-2.5));
#9325 = ( GEOMETRIC_REPRESENTATION_CONTEXT(2) 
PARAMETRIC_REPRESENTATION_CONTEXT() REPRESENTATION_CONTEXT('2D SPACE',''
  ) );
#9326 = ORIENTED_EDGE('',*,*,#9327,.F.);
#9327 = EDGE_CURVE('',#9162,#9307,#9328,.T.);
#9328 = SURFACE_CURVE('',#9329,(#9334,#9341),.PCURVE_S1.);
#9329 = CIRCLE('',#9330,1.);
#9330 = AXIS2_PLACEMENT_3D('',#9331,#9332,#9333);
#9331 = CARTESIAN_POINT('',(247.823707,-56.399183,3.01));
#9332 = DIRECTION('',(0.,0.,1.));
#9333 = DIRECTION('',(0.,-1.,0.));
#9334 = PCURVE('',#106,#9335);
#9335 = DEFINITIONAL_REPRESENTATION('',(#9336),#9340);
#9336 = CIRCLE('',#9337,1.);
#9337 = AXIS2_PLACEMENT_2D('',#9338,#9339);
#9338 = CARTESIAN_POINT('',(57.249485509261,15.666619421915));
#9339 = DIRECTION('',(0.,-1.));
#9340 = ( GEOMETRIC_REPRESENTATION_CONTEXT(2) 
PARAMETRIC_REPRESENTATION_CONTEXT() REPRESENTATION_CONTEXT('2D SPACE',''
  ) );
#9341 = PCURVE('',#4893,#9342);
#9342 = DEFINITIONAL_REPRESENTATION('',(#9343),#9347);
#9343 = LINE('',#9344,#9345);
#9344 = CARTESIAN_POINT('',(-1.570796326795,1.5));
#9345 = VECTOR('',#9346,1.);
#9346 = DIRECTION('',(1.,0.));
#9347 = ( GEOMETRIC_REPRESENTATION_CONTEXT(2) 
PARAMETRIC_REPRESENTATION_CONTEXT() REPRESENTATION_CONTEXT('2D SPACE',''
  ) );
#9348 = FACE_BOUND('',#9349,.T.);
#9349 = EDGE_LOOP('',(#9350,#9373,#9401,#9422,#9450,#9471,#9495,#9516));
#9350 = ORIENTED_EDGE('',*,*,#9351,.T.);
#9351 = EDGE_CURVE('',#9352,#9354,#9356,.T.);
#9352 = VERTEX_POINT('',#9353);
#9353 = CARTESIAN_POINT('',(227.236032,-36.504143,3.01));
#9354 = VERTEX_POINT('',#9355);
#9355 = CARTESIAN_POINT('',(227.236032,-48.504143,3.01));
#9356 = SURFACE_CURVE('',#9357,(#9361,#9367),.PCURVE_S1.);
#9357 = LINE('',#9358,#9359);
#9358 = CARTESIAN_POINT('',(227.236032,-60.78497271095,3.01));
#9359 = VECTOR('',#9360,1.);
#9360 = DIRECTION('',(0.,-1.,0.));
#9361 = PCURVE('',#106,#9362);
#9362 = DEFINITIONAL_REPRESENTATION('',(#9363),#9366);
#9363 = B_SPLINE_CURVE_WITH_KNOTS('',1,(#9364,#9365),.UNSPECIFIED.,.F.,
  .F.,(2,2),(-25.28082971095,-11.28082971095),.PIECEWISE_BEZIER_KNOTS.);
#9364 = CARTESIAN_POINT('',(36.661810509261,36.561659421915));
#9365 = CARTESIAN_POINT('',(36.661810509261,22.561659421915));
#9366 = ( GEOMETRIC_REPRESENTATION_CONTEXT(2) 
PARAMETRIC_REPRESENTATION_CONTEXT() REPRESENTATION_CONTEXT('2D SPACE',''
  ) );
#9367 = PCURVE('',#4924,#9368);
#9368 = DEFINITIONAL_REPRESENTATION('',(#9369),#9372);
#9369 = B_SPLINE_CURVE_WITH_KNOTS('',1,(#9370,#9371),.UNSPECIFIED.,.F.,
  .F.,(2,2),(-25.28082971095,-11.28082971095),.PIECEWISE_BEZIER_KNOTS.);
#9370 = CARTESIAN_POINT('',(14.,-2.5));
#9371 = CARTESIAN_POINT('',(0.,-2.5));
#9372 = ( GEOMETRIC_REPRESENTATION_CONTEXT(2) 
PARAMETRIC_REPRESENTATION_CONTEXT() REPRESENTATION_CONTEXT('2D SPACE',''
  ) );
#9373 = ORIENTED_EDGE('',*,*,#9374,.T.);
#9374 = EDGE_CURVE('',#9354,#9375,#9377,.T.);
#9375 = VERTEX_POINT('',#9376);
#9376 = CARTESIAN_POINT('',(226.236032,-49.504143,3.01));
#9377 = SURFACE_CURVE('',#9378,(#9383,#9394),.PCURVE_S1.);
#9378 = CIRCLE('',#9379,1.);
#9379 = AXIS2_PLACEMENT_3D('',#9380,#9381,#9382);
#9380 = CARTESIAN_POINT('',(226.236032,-48.504143,3.01));
#9381 = DIRECTION('',(-0.,-0.,-1.));
#9382 = DIRECTION('',(0.,-1.,0.));
#9383 = PCURVE('',#106,#9384);
#9384 = DEFINITIONAL_REPRESENTATION('',(#9385),#9393);
#9385 = ( BOUNDED_CURVE() B_SPLINE_CURVE(2,(#9386,#9387,#9388,#9389,
#9390,#9391,#9392),.UNSPECIFIED.,.T.,.F.) B_SPLINE_CURVE_WITH_KNOTS((1,2
    ,2,2,2,1),(-2.094395102393,0.,2.094395102393,4.188790204786,
6.28318530718,8.377580409573),.UNSPECIFIED.) CURVE() 
GEOMETRIC_REPRESENTATION_ITEM() RATIONAL_B_SPLINE_CURVE((1.,0.5,1.,0.5,
1.,0.5,1.)) REPRESENTATION_ITEM('') );
#9386 = CARTESIAN_POINT('',(35.661810509261,22.561659421915));
#9387 = CARTESIAN_POINT('',(33.929759701693,22.561659421915));
#9388 = CARTESIAN_POINT('',(34.795785105477,24.061659421915));
#9389 = CARTESIAN_POINT('',(35.661810509261,25.561659421915));
#9390 = CARTESIAN_POINT('',(36.527835913046,24.061659421915));
#9391 = CARTESIAN_POINT('',(37.39386131683,22.561659421915));
#9392 = CARTESIAN_POINT('',(35.661810509261,22.561659421915));
#9393 = ( GEOMETRIC_REPRESENTATION_CONTEXT(2) 
PARAMETRIC_REPRESENTATION_CONTEXT() REPRESENTATION_CONTEXT('2D SPACE',''
  ) );
#9394 = PCURVE('',#4956,#9395);
#9395 = DEFINITIONAL_REPRESENTATION('',(#9396),#9400);
#9396 = LINE('',#9397,#9398);
#9397 = CARTESIAN_POINT('',(4.712388980385,1.5));
#9398 = VECTOR('',#9399,1.);
#9399 = DIRECTION('',(-1.,0.));
#9400 = ( GEOMETRIC_REPRESENTATION_CONTEXT(2) 
PARAMETRIC_REPRESENTATION_CONTEXT() REPRESENTATION_CONTEXT('2D SPACE',''
  ) );
#9401 = ORIENTED_EDGE('',*,*,#9402,.T.);
#9402 = EDGE_CURVE('',#9375,#9403,#9405,.T.);
#9403 = VERTEX_POINT('',#9404);
#9404 = CARTESIAN_POINT('',(214.236032,-49.504143,3.01));
#9405 = SURFACE_CURVE('',#9406,(#9410,#9416),.PCURVE_S1.);
#9406 = LINE('',#9407,#9408);
#9407 = CARTESIAN_POINT('',(201.90512674536,-49.504143,3.01));
#9408 = VECTOR('',#9409,1.);
#9409 = DIRECTION('',(-1.,0.,0.));
#9410 = PCURVE('',#106,#9411);
#9411 = DEFINITIONAL_REPRESENTATION('',(#9412),#9415);
#9412 = B_SPLINE_CURVE_WITH_KNOTS('',1,(#9413,#9414),.UNSPECIFIED.,.F.,
  .F.,(2,2),(-25.33090525463,-11.33090525463),.PIECEWISE_BEZIER_KNOTS.);
#9413 = CARTESIAN_POINT('',(36.661810509261,22.561659421915));
#9414 = CARTESIAN_POINT('',(22.661810509261,22.561659421915));
#9415 = ( GEOMETRIC_REPRESENTATION_CONTEXT(2) 
PARAMETRIC_REPRESENTATION_CONTEXT() REPRESENTATION_CONTEXT('2D SPACE',''
  ) );
#9416 = PCURVE('',#4983,#9417);
#9417 = DEFINITIONAL_REPRESENTATION('',(#9418),#9421);
#9418 = B_SPLINE_CURVE_WITH_KNOTS('',1,(#9419,#9420),.UNSPECIFIED.,.F.,
  .F.,(2,2),(-25.33090525463,-11.33090525463),.PIECEWISE_BEZIER_KNOTS.);
#9419 = CARTESIAN_POINT('',(14.,-2.5));
#9420 = CARTESIAN_POINT('',(0.,-2.5));
#9421 = ( GEOMETRIC_REPRESENTATION_CONTEXT(2) 
PARAMETRIC_REPRESENTATION_CONTEXT() REPRESENTATION_CONTEXT('2D SPACE',''
  ) );
#9422 = ORIENTED_EDGE('',*,*,#9423,.T.);
#9423 = EDGE_CURVE('',#9403,#9424,#9426,.T.);
#9424 = VERTEX_POINT('',#9425);
#9425 = CARTESIAN_POINT('',(213.236032,-48.504143,3.01));
#9426 = SURFACE_CURVE('',#9427,(#9432,#9443),.PCURVE_S1.);
#9427 = CIRCLE('',#9428,1.);
#9428 = AXIS2_PLACEMENT_3D('',#9429,#9430,#9431);
#9429 = CARTESIAN_POINT('',(214.236032,-48.504143,3.01));
#9430 = DIRECTION('',(-0.,-0.,-1.));
#9431 = DIRECTION('',(0.,-1.,0.));
#9432 = PCURVE('',#106,#9433);
#9433 = DEFINITIONAL_REPRESENTATION('',(#9434),#9442);
#9434 = ( BOUNDED_CURVE() B_SPLINE_CURVE(2,(#9435,#9436,#9437,#9438,
#9439,#9440,#9441),.UNSPECIFIED.,.T.,.F.) B_SPLINE_CURVE_WITH_KNOTS((1,2
    ,2,2,2,1),(-2.094395102393,0.,2.094395102393,4.188790204786,
6.28318530718,8.377580409573),.UNSPECIFIED.) CURVE() 
GEOMETRIC_REPRESENTATION_ITEM() RATIONAL_B_SPLINE_CURVE((1.,0.5,1.,0.5,
1.,0.5,1.)) REPRESENTATION_ITEM('') );
#9435 = CARTESIAN_POINT('',(23.661810509261,22.561659421915));
#9436 = CARTESIAN_POINT('',(21.929759701693,22.561659421915));
#9437 = CARTESIAN_POINT('',(22.795785105477,24.061659421915));
#9438 = CARTESIAN_POINT('',(23.661810509261,25.561659421915));
#9439 = CARTESIAN_POINT('',(24.527835913046,24.061659421915));
#9440 = CARTESIAN_POINT('',(25.39386131683,22.561659421915));
#9441 = CARTESIAN_POINT('',(23.661810509261,22.561659421915));
#9442 = ( GEOMETRIC_REPRESENTATION_CONTEXT(2) 
PARAMETRIC_REPRESENTATION_CONTEXT() REPRESENTATION_CONTEXT('2D SPACE',''
  ) );
#9443 = PCURVE('',#5015,#9444);
#9444 = DEFINITIONAL_REPRESENTATION('',(#9445),#9449);
#9445 = LINE('',#9446,#9447);
#9446 = CARTESIAN_POINT('',(-0.,1.5));
#9447 = VECTOR('',#9448,1.);
#9448 = DIRECTION('',(-1.,0.));
#9449 = ( GEOMETRIC_REPRESENTATION_CONTEXT(2) 
PARAMETRIC_REPRESENTATION_CONTEXT() REPRESENTATION_CONTEXT('2D SPACE',''
  ) );
#9450 = ORIENTED_EDGE('',*,*,#9451,.T.);
#9451 = EDGE_CURVE('',#9424,#9452,#9454,.T.);
#9452 = VERTEX_POINT('',#9453);
#9453 = CARTESIAN_POINT('',(213.236032,-36.504143,3.01));
#9454 = SURFACE_CURVE('',#9455,(#9459,#9465),.PCURVE_S1.);
#9455 = LINE('',#9456,#9457);
#9456 = CARTESIAN_POINT('',(213.236032,-53.78497271095,3.01));
#9457 = VECTOR('',#9458,1.);
#9458 = DIRECTION('',(-0.,1.,0.));
#9459 = PCURVE('',#106,#9460);
#9460 = DEFINITIONAL_REPRESENTATION('',(#9461),#9464);
#9461 = B_SPLINE_CURVE_WITH_KNOTS('',1,(#9462,#9463),.UNSPECIFIED.,.F.,
  .F.,(2,2),(4.280829710958,18.280829710958),.PIECEWISE_BEZIER_KNOTS.);
#9462 = CARTESIAN_POINT('',(22.661810509261,22.561659421915));
#9463 = CARTESIAN_POINT('',(22.661810509261,36.561659421915));
#9464 = ( GEOMETRIC_REPRESENTATION_CONTEXT(2) 
PARAMETRIC_REPRESENTATION_CONTEXT() REPRESENTATION_CONTEXT('2D SPACE',''
  ) );
#9465 = PCURVE('',#5042,#9466);
#9466 = DEFINITIONAL_REPRESENTATION('',(#9467),#9470);
#9467 = B_SPLINE_CURVE_WITH_KNOTS('',1,(#9468,#9469),.UNSPECIFIED.,.F.,
  .F.,(2,2),(4.280829710958,18.280829710958),.PIECEWISE_BEZIER_KNOTS.);
#9468 = CARTESIAN_POINT('',(14.,-2.5));
#9469 = CARTESIAN_POINT('',(0.,-2.5));
#9470 = ( GEOMETRIC_REPRESENTATION_CONTEXT(2) 
PARAMETRIC_REPRESENTATION_CONTEXT() REPRESENTATION_CONTEXT('2D SPACE',''
  ) );
#9471 = ORIENTED_EDGE('',*,*,#9472,.F.);
#9472 = EDGE_CURVE('',#9473,#9452,#9475,.T.);
#9473 = VERTEX_POINT('',#9474);
#9474 = CARTESIAN_POINT('',(214.236032,-35.504143,3.01));
#9475 = SURFACE_CURVE('',#9476,(#9481,#9488),.PCURVE_S1.);
#9476 = CIRCLE('',#9477,1.);
#9477 = AXIS2_PLACEMENT_3D('',#9478,#9479,#9480);
#9478 = CARTESIAN_POINT('',(214.236032,-36.504143,3.01));
#9479 = DIRECTION('',(0.,0.,1.));
#9480 = DIRECTION('',(0.,-1.,0.));
#9481 = PCURVE('',#106,#9482);
#9482 = DEFINITIONAL_REPRESENTATION('',(#9483),#9487);
#9483 = CIRCLE('',#9484,1.);
#9484 = AXIS2_PLACEMENT_2D('',#9485,#9486);
#9485 = CARTESIAN_POINT('',(23.661810509261,35.561659421915));
#9486 = DIRECTION('',(0.,-1.));
#9487 = ( GEOMETRIC_REPRESENTATION_CONTEXT(2) 
PARAMETRIC_REPRESENTATION_CONTEXT() REPRESENTATION_CONTEXT('2D SPACE',''
  ) );
#9488 = PCURVE('',#5070,#9489);
#9489 = DEFINITIONAL_REPRESENTATION('',(#9490),#9494);
#9490 = LINE('',#9491,#9492);
#9491 = CARTESIAN_POINT('',(-3.14159265359,1.5));
#9492 = VECTOR('',#9493,1.);
#9493 = DIRECTION('',(1.,0.));
#9494 = ( GEOMETRIC_REPRESENTATION_CONTEXT(2) 
PARAMETRIC_REPRESENTATION_CONTEXT() REPRESENTATION_CONTEXT('2D SPACE',''
  ) );
#9495 = ORIENTED_EDGE('',*,*,#9496,.T.);
#9496 = EDGE_CURVE('',#9473,#9497,#9499,.T.);
#9497 = VERTEX_POINT('',#9498);
#9498 = CARTESIAN_POINT('',(226.236032,-35.504143,3.01));
#9499 = SURFACE_CURVE('',#9500,(#9504,#9510),.PCURVE_S1.);
#9500 = LINE('',#9501,#9502);
#9501 = CARTESIAN_POINT('',(208.90512674536,-35.504143,3.01));
#9502 = VECTOR('',#9503,1.);
#9503 = DIRECTION('',(1.,0.,-0.));
#9504 = PCURVE('',#106,#9505);
#9505 = DEFINITIONAL_REPRESENTATION('',(#9506),#9509);
#9506 = B_SPLINE_CURVE_WITH_KNOTS('',1,(#9507,#9508),.UNSPECIFIED.,.F.,
  .F.,(2,2),(4.330905254631,18.330905254631),.PIECEWISE_BEZIER_KNOTS.);
#9507 = CARTESIAN_POINT('',(22.661810509261,36.561659421915));
#9508 = CARTESIAN_POINT('',(36.661810509261,36.561659421915));
#9509 = ( GEOMETRIC_REPRESENTATION_CONTEXT(2) 
PARAMETRIC_REPRESENTATION_CONTEXT() REPRESENTATION_CONTEXT('2D SPACE',''
  ) );
#9510 = PCURVE('',#5097,#9511);
#9511 = DEFINITIONAL_REPRESENTATION('',(#9512),#9515);
#9512 = B_SPLINE_CURVE_WITH_KNOTS('',1,(#9513,#9514),.UNSPECIFIED.,.F.,
  .F.,(2,2),(4.330905254631,18.330905254631),.PIECEWISE_BEZIER_KNOTS.);
#9513 = CARTESIAN_POINT('',(14.,-2.5));
#9514 = CARTESIAN_POINT('',(0.,-2.5));
#9515 = ( GEOMETRIC_REPRESENTATION_CONTEXT(2) 
PARAMETRIC_REPRESENTATION_CONTEXT() REPRESENTATION_CONTEXT('2D SPACE',''
  ) );
#9516 = ORIENTED_EDGE('',*,*,#9517,.F.);
#9517 = EDGE_CURVE('',#9352,#9497,#9518,.T.);
#9518 = SURFACE_CURVE('',#9519,(#9524,#9531),.PCURVE_S1.);
#9519 = CIRCLE('',#9520,1.);
#9520 = AXIS2_PLACEMENT_3D('',#9521,#9522,#9523);
#9521 = CARTESIAN_POINT('',(226.236032,-36.504143,3.01));
#9522 = DIRECTION('',(0.,0.,1.));
#9523 = DIRECTION('',(0.,-1.,0.));
#9524 = PCURVE('',#106,#9525);
#9525 = DEFINITIONAL_REPRESENTATION('',(#9526),#9530);
#9526 = CIRCLE('',#9527,1.);
#9527 = AXIS2_PLACEMENT_2D('',#9528,#9529);
#9528 = CARTESIAN_POINT('',(35.661810509261,35.561659421915));
#9529 = DIRECTION('',(0.,-1.));
#9530 = ( GEOMETRIC_REPRESENTATION_CONTEXT(2) 
PARAMETRIC_REPRESENTATION_CONTEXT() REPRESENTATION_CONTEXT('2D SPACE',''
  ) );
#9531 = PCURVE('',#5123,#9532);
#9532 = DEFINITIONAL_REPRESENTATION('',(#9533),#9537);
#9533 = LINE('',#9534,#9535);
#9534 = CARTESIAN_POINT('',(-1.570796326795,1.5));
#9535 = VECTOR('',#9536,1.);
#9536 = DIRECTION('',(1.,0.));
#9537 = ( GEOMETRIC_REPRESENTATION_CONTEXT(2) 
PARAMETRIC_REPRESENTATION_CONTEXT() REPRESENTATION_CONTEXT('2D SPACE',''
  ) );
#9538 = FACE_BOUND('',#9539,.T.);
#9539 = EDGE_LOOP('',(#9540,#9563,#9591,#9612,#9640,#9661,#9685,#9706));
#9540 = ORIENTED_EDGE('',*,*,#9541,.T.);
#9541 = EDGE_CURVE('',#9542,#9544,#9546,.T.);
#9542 = VERTEX_POINT('',#9543);
#9543 = CARTESIAN_POINT('',(206.48,-30.224,3.01));
#9544 = VERTEX_POINT('',#9545);
#9545 = CARTESIAN_POINT('',(206.48,-42.224,3.01));
#9546 = SURFACE_CURVE('',#9547,(#9551,#9557),.PCURVE_S1.);
#9547 = LINE('',#9548,#9549);
#9548 = CARTESIAN_POINT('',(206.48,-57.64490121095,3.01));
#9549 = VECTOR('',#9550,1.);
#9550 = DIRECTION('',(0.,-1.,0.));
#9551 = PCURVE('',#106,#9552);
#9552 = DEFINITIONAL_REPRESENTATION('',(#9553),#9556);
#9553 = B_SPLINE_CURVE_WITH_KNOTS('',1,(#9554,#9555),.UNSPECIFIED.,.F.,
  .F.,(2,2),(-28.42090121095,-14.42090121095),.PIECEWISE_BEZIER_KNOTS.);
#9554 = CARTESIAN_POINT('',(15.905778509261,42.841802421915));
#9555 = CARTESIAN_POINT('',(15.905778509261,28.841802421915));
#9556 = ( GEOMETRIC_REPRESENTATION_CONTEXT(2) 
PARAMETRIC_REPRESENTATION_CONTEXT() REPRESENTATION_CONTEXT('2D SPACE',''
  ) );
#9557 = PCURVE('',#5154,#9558);
#9558 = DEFINITIONAL_REPRESENTATION('',(#9559),#9562);
#9559 = B_SPLINE_CURVE_WITH_KNOTS('',1,(#9560,#9561),.UNSPECIFIED.,.F.,
  .F.,(2,2),(-28.42090121095,-14.42090121095),.PIECEWISE_BEZIER_KNOTS.);
#9560 = CARTESIAN_POINT('',(14.,-2.5));
#9561 = CARTESIAN_POINT('',(0.,-2.5));
#9562 = ( GEOMETRIC_REPRESENTATION_CONTEXT(2) 
PARAMETRIC_REPRESENTATION_CONTEXT() REPRESENTATION_CONTEXT('2D SPACE',''
  ) );
#9563 = ORIENTED_EDGE('',*,*,#9564,.T.);
#9564 = EDGE_CURVE('',#9544,#9565,#9567,.T.);
#9565 = VERTEX_POINT('',#9566);
#9566 = CARTESIAN_POINT('',(205.48,-43.224,3.01));
#9567 = SURFACE_CURVE('',#9568,(#9573,#9584),.PCURVE_S1.);
#9568 = CIRCLE('',#9569,1.);
#9569 = AXIS2_PLACEMENT_3D('',#9570,#9571,#9572);
#9570 = CARTESIAN_POINT('',(205.48,-42.224,3.01));
#9571 = DIRECTION('',(-0.,-0.,-1.));
#9572 = DIRECTION('',(0.,-1.,0.));
#9573 = PCURVE('',#106,#9574);
#9574 = DEFINITIONAL_REPRESENTATION('',(#9575),#9583);
#9575 = ( BOUNDED_CURVE() B_SPLINE_CURVE(2,(#9576,#9577,#9578,#9579,
#9580,#9581,#9582),.UNSPECIFIED.,.T.,.F.) B_SPLINE_CURVE_WITH_KNOTS((1,2
    ,2,2,2,1),(-2.094395102393,0.,2.094395102393,4.188790204786,
6.28318530718,8.377580409573),.UNSPECIFIED.) CURVE() 
GEOMETRIC_REPRESENTATION_ITEM() RATIONAL_B_SPLINE_CURVE((1.,0.5,1.,0.5,
1.,0.5,1.)) REPRESENTATION_ITEM('') );
#9576 = CARTESIAN_POINT('',(14.905778509261,28.841802421915));
#9577 = CARTESIAN_POINT('',(13.173727701693,28.841802421915));
#9578 = CARTESIAN_POINT('',(14.039753105477,30.341802421915));
#9579 = CARTESIAN_POINT('',(14.905778509261,31.841802421915));
#9580 = CARTESIAN_POINT('',(15.771803913046,30.341802421915));
#9581 = CARTESIAN_POINT('',(16.63782931683,28.841802421915));
#9582 = CARTESIAN_POINT('',(14.905778509261,28.841802421915));
#9583 = ( GEOMETRIC_REPRESENTATION_CONTEXT(2) 
PARAMETRIC_REPRESENTATION_CONTEXT() REPRESENTATION_CONTEXT('2D SPACE',''
  ) );
#9584 = PCURVE('',#5186,#9585);
#9585 = DEFINITIONAL_REPRESENTATION('',(#9586),#9590);
#9586 = LINE('',#9587,#9588);
#9587 = CARTESIAN_POINT('',(4.712388980385,1.5));
#9588 = VECTOR('',#9589,1.);
#9589 = DIRECTION('',(-1.,0.));
#9590 = ( GEOMETRIC_REPRESENTATION_CONTEXT(2) 
PARAMETRIC_REPRESENTATION_CONTEXT() REPRESENTATION_CONTEXT('2D SPACE',''
  ) );
#9591 = ORIENTED_EDGE('',*,*,#9592,.T.);
#9592 = EDGE_CURVE('',#9565,#9593,#9595,.T.);
#9593 = VERTEX_POINT('',#9594);
#9594 = CARTESIAN_POINT('',(193.48,-43.224,3.01));
#9595 = SURFACE_CURVE('',#9596,(#9600,#9606),.PCURVE_S1.);
#9596 = LINE('',#9597,#9598);
#9597 = CARTESIAN_POINT('',(191.52711074536,-43.224,3.01));
#9598 = VECTOR('',#9599,1.);
#9599 = DIRECTION('',(-1.,0.,0.));
#9600 = PCURVE('',#106,#9601);
#9601 = DEFINITIONAL_REPRESENTATION('',(#9602),#9605);
#9602 = B_SPLINE_CURVE_WITH_KNOTS('',1,(#9603,#9604),.UNSPECIFIED.,.F.,
  .F.,(2,2),(-14.95288925463,-0.952889254631),.PIECEWISE_BEZIER_KNOTS.);
#9603 = CARTESIAN_POINT('',(15.905778509261,28.841802421915));
#9604 = CARTESIAN_POINT('',(1.905778509261,28.841802421915));
#9605 = ( GEOMETRIC_REPRESENTATION_CONTEXT(2) 
PARAMETRIC_REPRESENTATION_CONTEXT() REPRESENTATION_CONTEXT('2D SPACE',''
  ) );
#9606 = PCURVE('',#5213,#9607);
#9607 = DEFINITIONAL_REPRESENTATION('',(#9608),#9611);
#9608 = B_SPLINE_CURVE_WITH_KNOTS('',1,(#9609,#9610),.UNSPECIFIED.,.F.,
  .F.,(2,2),(-14.95288925463,-0.952889254631),.PIECEWISE_BEZIER_KNOTS.);
#9609 = CARTESIAN_POINT('',(14.,-2.5));
#9610 = CARTESIAN_POINT('',(0.,-2.5));
#9611 = ( GEOMETRIC_REPRESENTATION_CONTEXT(2) 
PARAMETRIC_REPRESENTATION_CONTEXT() REPRESENTATION_CONTEXT('2D SPACE',''
  ) );
#9612 = ORIENTED_EDGE('',*,*,#9613,.T.);
#9613 = EDGE_CURVE('',#9593,#9614,#9616,.T.);
#9614 = VERTEX_POINT('',#9615);
#9615 = CARTESIAN_POINT('',(192.48,-42.224,3.01));
#9616 = SURFACE_CURVE('',#9617,(#9622,#9633),.PCURVE_S1.);
#9617 = CIRCLE('',#9618,1.);
#9618 = AXIS2_PLACEMENT_3D('',#9619,#9620,#9621);
#9619 = CARTESIAN_POINT('',(193.48,-42.224,3.01));
#9620 = DIRECTION('',(-0.,-0.,-1.));
#9621 = DIRECTION('',(0.,-1.,0.));
#9622 = PCURVE('',#106,#9623);
#9623 = DEFINITIONAL_REPRESENTATION('',(#9624),#9632);
#9624 = ( BOUNDED_CURVE() B_SPLINE_CURVE(2,(#9625,#9626,#9627,#9628,
#9629,#9630,#9631),.UNSPECIFIED.,.T.,.F.) B_SPLINE_CURVE_WITH_KNOTS((1,2
    ,2,2,2,1),(-2.094395102393,0.,2.094395102393,4.188790204786,
6.28318530718,8.377580409573),.UNSPECIFIED.) CURVE() 
GEOMETRIC_REPRESENTATION_ITEM() RATIONAL_B_SPLINE_CURVE((1.,0.5,1.,0.5,
1.,0.5,1.)) REPRESENTATION_ITEM('') );
#9625 = CARTESIAN_POINT('',(2.905778509261,28.841802421915));
#9626 = CARTESIAN_POINT('',(1.173727701693,28.841802421915));
#9627 = CARTESIAN_POINT('',(2.039753105477,30.341802421915));
#9628 = CARTESIAN_POINT('',(2.905778509261,31.841802421915));
#9629 = CARTESIAN_POINT('',(3.771803913046,30.341802421915));
#9630 = CARTESIAN_POINT('',(4.63782931683,28.841802421915));
#9631 = CARTESIAN_POINT('',(2.905778509261,28.841802421915));
#9632 = ( GEOMETRIC_REPRESENTATION_CONTEXT(2) 
PARAMETRIC_REPRESENTATION_CONTEXT() REPRESENTATION_CONTEXT('2D SPACE',''
  ) );
#9633 = PCURVE('',#5245,#9634);
#9634 = DEFINITIONAL_REPRESENTATION('',(#9635),#9639);
#9635 = LINE('',#9636,#9637);
#9636 = CARTESIAN_POINT('',(-0.,1.5));
#9637 = VECTOR('',#9638,1.);
#9638 = DIRECTION('',(-1.,0.));
#9639 = ( GEOMETRIC_REPRESENTATION_CONTEXT(2) 
PARAMETRIC_REPRESENTATION_CONTEXT() REPRESENTATION_CONTEXT('2D SPACE',''
  ) );
#9640 = ORIENTED_EDGE('',*,*,#9641,.T.);
#9641 = EDGE_CURVE('',#9614,#9642,#9644,.T.);
#9642 = VERTEX_POINT('',#9643);
#9643 = CARTESIAN_POINT('',(192.48,-30.224,3.01));
#9644 = SURFACE_CURVE('',#9645,(#9649,#9655),.PCURVE_S1.);
#9645 = LINE('',#9646,#9647);
#9646 = CARTESIAN_POINT('',(192.48,-50.64490121095,3.01));
#9647 = VECTOR('',#9648,1.);
#9648 = DIRECTION('',(-0.,1.,0.));
#9649 = PCURVE('',#106,#9650);
#9650 = DEFINITIONAL_REPRESENTATION('',(#9651),#9654);
#9651 = B_SPLINE_CURVE_WITH_KNOTS('',1,(#9652,#9653),.UNSPECIFIED.,.F.,
  .F.,(2,2),(7.420901210958,21.420901210958),.PIECEWISE_BEZIER_KNOTS.);
#9652 = CARTESIAN_POINT('',(1.905778509261,28.841802421915));
#9653 = CARTESIAN_POINT('',(1.905778509261,42.841802421915));
#9654 = ( GEOMETRIC_REPRESENTATION_CONTEXT(2) 
PARAMETRIC_REPRESENTATION_CONTEXT() REPRESENTATION_CONTEXT('2D SPACE',''
  ) );
#9655 = PCURVE('',#5272,#9656);
#9656 = DEFINITIONAL_REPRESENTATION('',(#9657),#9660);
#9657 = B_SPLINE_CURVE_WITH_KNOTS('',1,(#9658,#9659),.UNSPECIFIED.,.F.,
  .F.,(2,2),(7.420901210958,21.420901210958),.PIECEWISE_BEZIER_KNOTS.);
#9658 = CARTESIAN_POINT('',(14.,-2.5));
#9659 = CARTESIAN_POINT('',(0.,-2.5));
#9660 = ( GEOMETRIC_REPRESENTATION_CONTEXT(2) 
PARAMETRIC_REPRESENTATION_CONTEXT() REPRESENTATION_CONTEXT('2D SPACE',''
  ) );
#9661 = ORIENTED_EDGE('',*,*,#9662,.F.);
#9662 = EDGE_CURVE('',#9663,#9642,#9665,.T.);
#9663 = VERTEX_POINT('',#9664);
#9664 = CARTESIAN_POINT('',(193.48,-29.224,3.01));
#9665 = SURFACE_CURVE('',#9666,(#9671,#9678),.PCURVE_S1.);
#9666 = CIRCLE('',#9667,1.);
#9667 = AXIS2_PLACEMENT_3D('',#9668,#9669,#9670);
#9668 = CARTESIAN_POINT('',(193.48,-30.224,3.01));
#9669 = DIRECTION('',(0.,0.,1.));
#9670 = DIRECTION('',(0.,-1.,0.));
#9671 = PCURVE('',#106,#9672);
#9672 = DEFINITIONAL_REPRESENTATION('',(#9673),#9677);
#9673 = CIRCLE('',#9674,1.);
#9674 = AXIS2_PLACEMENT_2D('',#9675,#9676);
#9675 = CARTESIAN_POINT('',(2.905778509261,41.841802421915));
#9676 = DIRECTION('',(0.,-1.));
#9677 = ( GEOMETRIC_REPRESENTATION_CONTEXT(2) 
PARAMETRIC_REPRESENTATION_CONTEXT() REPRESENTATION_CONTEXT('2D SPACE',''
  ) );
#9678 = PCURVE('',#5300,#9679);
#9679 = DEFINITIONAL_REPRESENTATION('',(#9680),#9684);
#9680 = LINE('',#9681,#9682);
#9681 = CARTESIAN_POINT('',(-3.14159265359,1.5));
#9682 = VECTOR('',#9683,1.);
#9683 = DIRECTION('',(1.,0.));
#9684 = ( GEOMETRIC_REPRESENTATION_CONTEXT(2) 
PARAMETRIC_REPRESENTATION_CONTEXT() REPRESENTATION_CONTEXT('2D SPACE',''
  ) );
#9685 = ORIENTED_EDGE('',*,*,#9686,.T.);
#9686 = EDGE_CURVE('',#9663,#9687,#9689,.T.);
#9687 = VERTEX_POINT('',#9688);
#9688 = CARTESIAN_POINT('',(205.48,-29.224,3.01));
#9689 = SURFACE_CURVE('',#9690,(#9694,#9700),.PCURVE_S1.);
#9690 = LINE('',#9691,#9692);
#9691 = CARTESIAN_POINT('',(198.52711074536,-29.224,3.01));
#9692 = VECTOR('',#9693,1.);
#9693 = DIRECTION('',(1.,0.,-0.));
#9694 = PCURVE('',#106,#9695);
#9695 = DEFINITIONAL_REPRESENTATION('',(#9696),#9699);
#9696 = B_SPLINE_CURVE_WITH_KNOTS('',1,(#9697,#9698),.UNSPECIFIED.,.F.,
  .F.,(2,2),(-6.047110745369,7.952889254631),.PIECEWISE_BEZIER_KNOTS.);
#9697 = CARTESIAN_POINT('',(1.905778509261,42.841802421915));
#9698 = CARTESIAN_POINT('',(15.905778509261,42.841802421915));
#9699 = ( GEOMETRIC_REPRESENTATION_CONTEXT(2) 
PARAMETRIC_REPRESENTATION_CONTEXT() REPRESENTATION_CONTEXT('2D SPACE',''
  ) );
#9700 = PCURVE('',#5327,#9701);
#9701 = DEFINITIONAL_REPRESENTATION('',(#9702),#9705);
#9702 = B_SPLINE_CURVE_WITH_KNOTS('',1,(#9703,#9704),.UNSPECIFIED.,.F.,
  .F.,(2,2),(-6.047110745369,7.952889254631),.PIECEWISE_BEZIER_KNOTS.);
#9703 = CARTESIAN_POINT('',(14.,-2.5));
#9704 = CARTESIAN_POINT('',(0.,-2.5));
#9705 = ( GEOMETRIC_REPRESENTATION_CONTEXT(2) 
PARAMETRIC_REPRESENTATION_CONTEXT() REPRESENTATION_CONTEXT('2D SPACE',''
  ) );
#9706 = ORIENTED_EDGE('',*,*,#9707,.F.);
#9707 = EDGE_CURVE('',#9542,#9687,#9708,.T.);
#9708 = SURFACE_CURVE('',#9709,(#9714,#9721),.PCURVE_S1.);
#9709 = CIRCLE('',#9710,1.);
#9710 = AXIS2_PLACEMENT_3D('',#9711,#9712,#9713);
#9711 = CARTESIAN_POINT('',(205.48,-30.224,3.01));
#9712 = DIRECTION('',(0.,0.,1.));
#9713 = DIRECTION('',(0.,-1.,0.));
#9714 = PCURVE('',#106,#9715);
#9715 = DEFINITIONAL_REPRESENTATION('',(#9716),#9720);
#9716 = CIRCLE('',#9717,1.);
#9717 = AXIS2_PLACEMENT_2D('',#9718,#9719);
#9718 = CARTESIAN_POINT('',(14.905778509261,41.841802421915));
#9719 = DIRECTION('',(0.,-1.));
#9720 = ( GEOMETRIC_REPRESENTATION_CONTEXT(2) 
PARAMETRIC_REPRESENTATION_CONTEXT() REPRESENTATION_CONTEXT('2D SPACE',''
  ) );
#9721 = PCURVE('',#5353,#9722);
#9722 = DEFINITIONAL_REPRESENTATION('',(#9723),#9727);
#9723 = LINE('',#9724,#9725);
#9724 = CARTESIAN_POINT('',(-1.570796326795,1.5));
#9725 = VECTOR('',#9726,1.);
#9726 = DIRECTION('',(1.,0.));
#9727 = ( GEOMETRIC_REPRESENTATION_CONTEXT(2) 
PARAMETRIC_REPRESENTATION_CONTEXT() REPRESENTATION_CONTEXT('2D SPACE',''
  ) );
#9728 = ADVANCED_FACE('',(#9729),#1390,.T.);
#9729 = FACE_BOUND('',#9730,.T.);
#9730 = EDGE_LOOP('',(#9731,#9732,#9733,#9734));
#9731 = ORIENTED_EDGE('',*,*,#1374,.F.);
#9732 = ORIENTED_EDGE('',*,*,#5369,.T.);
#9733 = ORIENTED_EDGE('',*,*,#6477,.T.);
#9734 = ORIENTED_EDGE('',*,*,#9735,.F.);
#9735 = EDGE_CURVE('',#1342,#6450,#9736,.T.);
#9736 = SURFACE_CURVE('',#9737,(#9741,#9748),.PCURVE_S1.);
#9737 = LINE('',#9738,#9739);
#9738 = CARTESIAN_POINT('',(134.69032,-42.92936940337,1.51));
#9739 = VECTOR('',#9740,1.);
#9740 = DIRECTION('',(0.,0.,1.));
#9741 = PCURVE('',#1390,#9742);
#9742 = DEFINITIONAL_REPRESENTATION('',(#9743),#9747);
#9743 = LINE('',#9744,#9745);
#9744 = CARTESIAN_POINT('',(5.977536002975,0.));
#9745 = VECTOR('',#9746,1.);
#9746 = DIRECTION('',(0.,-1.));
#9747 = ( GEOMETRIC_REPRESENTATION_CONTEXT(2) 
PARAMETRIC_REPRESENTATION_CONTEXT() REPRESENTATION_CONTEXT('2D SPACE',''
  ) );
#9748 = PCURVE('',#1362,#9749);
#9749 = DEFINITIONAL_REPRESENTATION('',(#9750),#9754);
#9750 = LINE('',#9751,#9752);
#9751 = CARTESIAN_POINT('',(6.285169700842,0.));
#9752 = VECTOR('',#9753,1.);
#9753 = DIRECTION('',(0.,-1.));
#9754 = ( GEOMETRIC_REPRESENTATION_CONTEXT(2) 
PARAMETRIC_REPRESENTATION_CONTEXT() REPRESENTATION_CONTEXT('2D SPACE',''
  ) );
#9755 = ADVANCED_FACE('',(#9756),#196,.T.);
#9756 = FACE_BOUND('',#9757,.T.);
#9757 = EDGE_LOOP('',(#9758,#9779,#9780,#9781));
#9758 = ORIENTED_EDGE('',*,*,#9759,.T.);
#9759 = EDGE_CURVE('',#181,#5475,#9760,.T.);
#9760 = SURFACE_CURVE('',#9761,(#9765,#9772),.PCURVE_S1.);
#9761 = LINE('',#9762,#9763);
#9762 = CARTESIAN_POINT('',(134.61200039789,-50.72526398625,1.51));
#9763 = VECTOR('',#9764,1.);
#9764 = DIRECTION('',(0.,0.,1.));
#9765 = PCURVE('',#196,#9766);
#9766 = DEFINITIONAL_REPRESENTATION('',(#9767),#9771);
#9767 = LINE('',#9768,#9769);
#9768 = CARTESIAN_POINT('',(0.,0.));
#9769 = VECTOR('',#9770,1.);
#9770 = DIRECTION('',(0.,-1.));
#9771 = ( GEOMETRIC_REPRESENTATION_CONTEXT(2) 
PARAMETRIC_REPRESENTATION_CONTEXT() REPRESENTATION_CONTEXT('2D SPACE',''
  ) );
#9772 = PCURVE('',#229,#9773);
#9773 = DEFINITIONAL_REPRESENTATION('',(#9774),#9778);
#9774 = LINE('',#9775,#9776);
#9775 = CARTESIAN_POINT('',(1.824451720663,0.));
#9776 = VECTOR('',#9777,1.);
#9777 = DIRECTION('',(0.,-1.));
#9778 = ( GEOMETRIC_REPRESENTATION_CONTEXT(2) 
PARAMETRIC_REPRESENTATION_CONTEXT() REPRESENTATION_CONTEXT('2D SPACE',''
  ) );
#9779 = ORIENTED_EDGE('',*,*,#5474,.T.);
#9780 = ORIENTED_EDGE('',*,*,#5418,.F.);
#9781 = ORIENTED_EDGE('',*,*,#180,.F.);
#9782 = ADVANCED_FACE('',(#9783),#1362,.T.);
#9783 = FACE_BOUND('',#9784,.T.);
#9784 = EDGE_LOOP('',(#9785,#9786,#9787,#9808));
#9785 = ORIENTED_EDGE('',*,*,#9735,.T.);
#9786 = ORIENTED_EDGE('',*,*,#6449,.T.);
#9787 = ORIENTED_EDGE('',*,*,#9788,.F.);
#9788 = EDGE_CURVE('',#1314,#6427,#9789,.T.);
#9789 = SURFACE_CURVE('',#9790,(#9794,#9801),.PCURVE_S1.);
#9790 = LINE('',#9791,#9792);
#9791 = CARTESIAN_POINT('',(137.06626093194,-40.64843415711,1.51));
#9792 = VECTOR('',#9793,1.);
#9793 = DIRECTION('',(0.,0.,1.));
#9794 = PCURVE('',#1362,#9795);
#9795 = DEFINITIONAL_REPRESENTATION('',(#9796),#9800);
#9796 = LINE('',#9797,#9798);
#9797 = CARTESIAN_POINT('',(7.908541962108,0.));
#9798 = VECTOR('',#9799,1.);
#9799 = DIRECTION('',(0.,-1.));
#9800 = ( GEOMETRIC_REPRESENTATION_CONTEXT(2) 
PARAMETRIC_REPRESENTATION_CONTEXT() REPRESENTATION_CONTEXT('2D SPACE',''
  ) );
#9801 = PCURVE('',#1329,#9802);
#9802 = DEFINITIONAL_REPRESENTATION('',(#9803),#9807);
#9803 = LINE('',#9804,#9805);
#9804 = CARTESIAN_POINT('',(-2.842167962527E-14,0.));
#9805 = VECTOR('',#9806,1.);
#9806 = DIRECTION('',(0.,-1.));
#9807 = ( GEOMETRIC_REPRESENTATION_CONTEXT(2) 
PARAMETRIC_REPRESENTATION_CONTEXT() REPRESENTATION_CONTEXT('2D SPACE',''
  ) );
#9808 = ORIENTED_EDGE('',*,*,#1341,.F.);
#9809 = ADVANCED_FACE('',(#9810),#229,.T.);
#9810 = FACE_BOUND('',#9811,.T.);
#9811 = EDGE_LOOP('',(#9812,#9833,#9834,#9835));
#9812 = ORIENTED_EDGE('',*,*,#9813,.T.);
#9813 = EDGE_CURVE('',#209,#5498,#9814,.T.);
#9814 = SURFACE_CURVE('',#9815,(#9819,#9826),.PCURVE_S1.);
#9815 = LINE('',#9816,#9817);
#9816 = CARTESIAN_POINT('',(134.62183941849,-50.86519695198,1.51));
#9817 = VECTOR('',#9818,1.);
#9818 = DIRECTION('',(0.,0.,1.));
#9819 = PCURVE('',#229,#9820);
#9820 = DEFINITIONAL_REPRESENTATION('',(#9821),#9825);
#9821 = LINE('',#9822,#9823);
#9822 = CARTESIAN_POINT('',(1.684058006651,0.));
#9823 = VECTOR('',#9824,1.);
#9824 = DIRECTION('',(0.,-1.));
#9825 = ( GEOMETRIC_REPRESENTATION_CONTEXT(2) 
PARAMETRIC_REPRESENTATION_CONTEXT() REPRESENTATION_CONTEXT('2D SPACE',''
  ) );
#9826 = PCURVE('',#262,#9827);
#9827 = DEFINITIONAL_REPRESENTATION('',(#9828),#9832);
#9828 = LINE('',#9829,#9830);
#9829 = CARTESIAN_POINT('',(3.076349424879,0.));
#9830 = VECTOR('',#9831,1.);
#9831 = DIRECTION('',(0.,-1.));
#9832 = ( GEOMETRIC_REPRESENTATION_CONTEXT(2) 
PARAMETRIC_REPRESENTATION_CONTEXT() REPRESENTATION_CONTEXT('2D SPACE',''
  ) );
#9833 = ORIENTED_EDGE('',*,*,#5497,.T.);
#9834 = ORIENTED_EDGE('',*,*,#9759,.F.);
#9835 = ORIENTED_EDGE('',*,*,#208,.F.);
#9836 = ADVANCED_FACE('',(#9837),#1329,.T.);
#9837 = FACE_BOUND('',#9838,.T.);
#9838 = EDGE_LOOP('',(#9839,#9840,#9841,#9842));
#9839 = ORIENTED_EDGE('',*,*,#1313,.F.);
#9840 = ORIENTED_EDGE('',*,*,#9788,.T.);
#9841 = ORIENTED_EDGE('',*,*,#6426,.T.);
#9842 = ORIENTED_EDGE('',*,*,#9843,.F.);
#9843 = EDGE_CURVE('',#1206,#6335,#9844,.T.);
#9844 = SURFACE_CURVE('',#9845,(#9851,#9857),.PCURVE_S1.);
#9845 = B_SPLINE_CURVE_WITH_KNOTS('',2,(#9846,#9847,#9848,#9849,#9850),
  .UNSPECIFIED.,.F.,.F.,(3,1,1,3),(-9.180000000001E-02,
    -9.395976357726E-15,1.5,1.5918),.UNSPECIFIED.);
#9846 = CARTESIAN_POINT('',(152.16165384299,-40.626572645,1.4182));
#9847 = CARTESIAN_POINT('',(152.16165384299,-40.626572645,1.4641));
#9848 = CARTESIAN_POINT('',(152.16165384299,-40.626572645,2.26));
#9849 = CARTESIAN_POINT('',(152.16165384299,-40.626572645,3.0559));
#9850 = CARTESIAN_POINT('',(152.16165384299,-40.626572645,3.1018));
#9851 = PCURVE('',#1329,#9852);
#9852 = DEFINITIONAL_REPRESENTATION('',(#9853),#9856);
#9853 = B_SPLINE_CURVE_WITH_KNOTS('',1,(#9854,#9855),.UNSPECIFIED.,.F.,
  .F.,(2,2),(-9.395976357726E-15,1.5),.PIECEWISE_BEZIER_KNOTS.);
#9854 = CARTESIAN_POINT('',(15.095408741228,6.661338147751E-16));
#9855 = CARTESIAN_POINT('',(15.095408741228,-1.5));
#9856 = ( GEOMETRIC_REPRESENTATION_CONTEXT(2) 
PARAMETRIC_REPRESENTATION_CONTEXT() REPRESENTATION_CONTEXT('2D SPACE',''
  ) );
#9857 = PCURVE('',#1267,#9858);
#9858 = DEFINITIONAL_REPRESENTATION('',(#9859),#9863);
#9859 = LINE('',#9860,#9861);
#9860 = CARTESIAN_POINT('',(0.,0.));
#9861 = VECTOR('',#9862,1.);
#9862 = DIRECTION('',(0.,1.));
#9863 = ( GEOMETRIC_REPRESENTATION_CONTEXT(2) 
PARAMETRIC_REPRESENTATION_CONTEXT() REPRESENTATION_CONTEXT('2D SPACE',''
  ) );
#9864 = ADVANCED_FACE('',(#9865),#262,.T.);
#9865 = FACE_BOUND('',#9866,.T.);
#9866 = EDGE_LOOP('',(#9867,#9868,#9889,#9890));
#9867 = ORIENTED_EDGE('',*,*,#241,.F.);
#9868 = ORIENTED_EDGE('',*,*,#9869,.T.);
#9869 = EDGE_CURVE('',#242,#5526,#9870,.T.);
#9870 = SURFACE_CURVE('',#9871,(#9875,#9882),.PCURVE_S1.);
#9871 = LINE('',#9872,#9873);
#9872 = CARTESIAN_POINT('',(134.65501591695,-51.06336626171,1.51));
#9873 = VECTOR('',#9874,1.);
#9874 = DIRECTION('',(-0.,-0.,1.));
#9875 = PCURVE('',#262,#9876);
#9876 = DEFINITIONAL_REPRESENTATION('',(#9877),#9881);
#9877 = LINE('',#9878,#9879);
#9878 = CARTESIAN_POINT('',(2.875082650445,0.));
#9879 = VECTOR('',#9880,1.);
#9880 = DIRECTION('',(-0.,-1.));
#9881 = ( GEOMETRIC_REPRESENTATION_CONTEXT(2) 
PARAMETRIC_REPRESENTATION_CONTEXT() REPRESENTATION_CONTEXT('2D SPACE',''
  ) );
#9882 = PCURVE('',#295,#9883);
#9883 = DEFINITIONAL_REPRESENTATION('',(#9884),#9888);
#9884 = LINE('',#9885,#9886);
#9885 = CARTESIAN_POINT('',(-0.,0.));
#9886 = VECTOR('',#9887,1.);
#9887 = DIRECTION('',(-0.,1.));
#9888 = ( GEOMETRIC_REPRESENTATION_CONTEXT(2) 
PARAMETRIC_REPRESENTATION_CONTEXT() REPRESENTATION_CONTEXT('2D SPACE',''
  ) );
#9889 = ORIENTED_EDGE('',*,*,#5525,.T.);
#9890 = ORIENTED_EDGE('',*,*,#9813,.F.);
#9891 = ADVANCED_FACE('',(#9892),#1267,.F.);
#9892 = FACE_BOUND('',#9893,.F.);
#9893 = EDGE_LOOP('',(#9894,#9895,#9917,#9918));
#9894 = ORIENTED_EDGE('',*,*,#1205,.T.);
#9895 = ORIENTED_EDGE('',*,*,#9896,.T.);
#9896 = EDGE_CURVE('',#1178,#6312,#9897,.T.);
#9897 = SURFACE_CURVE('',#9898,(#9904,#9911),.PCURVE_S1.);
#9898 = B_SPLINE_CURVE_WITH_KNOTS('',2,(#9899,#9900,#9901,#9902,#9903),
  .UNSPECIFIED.,.F.,.F.,(3,1,1,3),(-9.180000000001E-02,
    -9.395976357726E-15,1.5,1.5918),.UNSPECIFIED.);
#9899 = CARTESIAN_POINT('',(153.16020405832,-39.62480617229,1.4182));
#9900 = CARTESIAN_POINT('',(153.16020405832,-39.62480617229,1.4641));
#9901 = CARTESIAN_POINT('',(153.16020405832,-39.62480617229,2.26));
#9902 = CARTESIAN_POINT('',(153.16020405832,-39.62480617229,3.0559));
#9903 = CARTESIAN_POINT('',(153.16020405832,-39.62480617229,3.1018));
#9904 = PCURVE('',#1267,#9905);
#9905 = DEFINITIONAL_REPRESENTATION('',(#9906),#9910);
#9906 = LINE('',#9907,#9908);
#9907 = CARTESIAN_POINT('',(1.5,0.));
#9908 = VECTOR('',#9909,1.);
#9909 = DIRECTION('',(0.,1.));
#9910 = ( GEOMETRIC_REPRESENTATION_CONTEXT(2) 
PARAMETRIC_REPRESENTATION_CONTEXT() REPRESENTATION_CONTEXT('2D SPACE',''
  ) );
#9911 = PCURVE('',#1193,#9912);
#9912 = DEFINITIONAL_REPRESENTATION('',(#9913),#9916);
#9913 = B_SPLINE_CURVE_WITH_KNOTS('',1,(#9914,#9915),.UNSPECIFIED.,.F.,
  .F.,(2,2),(-9.395976357726E-15,1.5),.PIECEWISE_BEZIER_KNOTS.);
#9914 = CARTESIAN_POINT('',(0.988907341938,2.109423746788E-15));
#9915 = CARTESIAN_POINT('',(0.988907341938,-1.5));
#9916 = ( GEOMETRIC_REPRESENTATION_CONTEXT(2) 
PARAMETRIC_REPRESENTATION_CONTEXT() REPRESENTATION_CONTEXT('2D SPACE',''
  ) );
#9917 = ORIENTED_EDGE('',*,*,#6334,.F.);
#9918 = ORIENTED_EDGE('',*,*,#9843,.F.);
#9919 = ADVANCED_FACE('',(#9920),#295,.F.);
#9920 = FACE_BOUND('',#9921,.T.);
#9921 = EDGE_LOOP('',(#9922,#9923,#9944,#9945));
#9922 = ORIENTED_EDGE('',*,*,#274,.T.);
#9923 = ORIENTED_EDGE('',*,*,#9924,.T.);
#9924 = EDGE_CURVE('',#275,#5554,#9925,.T.);
#9925 = SURFACE_CURVE('',#9926,(#9930,#9937),.PCURVE_S1.);
#9926 = LINE('',#9927,#9928);
#9927 = CARTESIAN_POINT('',(134.69032,-51.32673252343,1.51));
#9928 = VECTOR('',#9929,1.);
#9929 = DIRECTION('',(-0.,-0.,1.));
#9930 = PCURVE('',#295,#9931);
#9931 = DEFINITIONAL_REPRESENTATION('',(#9932),#9936);
#9932 = LINE('',#9933,#9934);
#9933 = CARTESIAN_POINT('',(-0.266510003145,0.));
#9934 = VECTOR('',#9935,1.);
#9935 = DIRECTION('',(-0.,1.));
#9936 = ( GEOMETRIC_REPRESENTATION_CONTEXT(2) 
PARAMETRIC_REPRESENTATION_CONTEXT() REPRESENTATION_CONTEXT('2D SPACE',''
  ) );
#9937 = PCURVE('',#323,#9938);
#9938 = DEFINITIONAL_REPRESENTATION('',(#9939),#9943);
#9939 = LINE('',#9940,#9941);
#9940 = CARTESIAN_POINT('',(29.076172882918,0.));
#9941 = VECTOR('',#9942,1.);
#9942 = DIRECTION('',(0.,-1.));
#9943 = ( GEOMETRIC_REPRESENTATION_CONTEXT(2) 
PARAMETRIC_REPRESENTATION_CONTEXT() REPRESENTATION_CONTEXT('2D SPACE',''
  ) );
#9944 = ORIENTED_EDGE('',*,*,#5553,.F.);
#9945 = ORIENTED_EDGE('',*,*,#9869,.F.);
#9946 = ADVANCED_FACE('',(#9947),#1193,.T.);
#9947 = FACE_BOUND('',#9948,.T.);
#9948 = EDGE_LOOP('',(#9949,#9950,#9951,#9952));
#9949 = ORIENTED_EDGE('',*,*,#1177,.F.);
#9950 = ORIENTED_EDGE('',*,*,#9896,.T.);
#9951 = ORIENTED_EDGE('',*,*,#6311,.T.);
#9952 = ORIENTED_EDGE('',*,*,#9953,.F.);
#9953 = EDGE_CURVE('',#1145,#6284,#9954,.T.);
#9954 = SURFACE_CURVE('',#9955,(#9959,#9966),.PCURVE_S1.);
#9955 = LINE('',#9956,#9957);
#9956 = CARTESIAN_POINT('',(153.15886940476,-38.86970839326,1.51));
#9957 = VECTOR('',#9958,1.);
#9958 = DIRECTION('',(0.,0.,1.));
#9959 = PCURVE('',#1193,#9960);
#9960 = DEFINITIONAL_REPRESENTATION('',(#9961),#9965);
#9961 = LINE('',#9962,#9963);
#9962 = CARTESIAN_POINT('',(1.744006300483,0.));
#9963 = VECTOR('',#9964,1.);
#9964 = DIRECTION('',(0.,-1.));
#9965 = ( GEOMETRIC_REPRESENTATION_CONTEXT(2) 
PARAMETRIC_REPRESENTATION_CONTEXT() REPRESENTATION_CONTEXT('2D SPACE',''
  ) );
#9966 = PCURVE('',#1165,#9967);
#9967 = DEFINITIONAL_REPRESENTATION('',(#9968),#9972);
#9968 = LINE('',#9969,#9970);
#9969 = CARTESIAN_POINT('',(6.287931760114,0.));
#9970 = VECTOR('',#9971,1.);
#9971 = DIRECTION('',(0.,-1.));
#9972 = ( GEOMETRIC_REPRESENTATION_CONTEXT(2) 
PARAMETRIC_REPRESENTATION_CONTEXT() REPRESENTATION_CONTEXT('2D SPACE',''
  ) );
#9973 = ADVANCED_FACE('',(#9974),#323,.T.);
#9974 = FACE_BOUND('',#9975,.T.);
#9975 = EDGE_LOOP('',(#9976,#9977,#9998,#9999));
#9976 = ORIENTED_EDGE('',*,*,#307,.F.);
#9977 = ORIENTED_EDGE('',*,*,#9978,.T.);
#9978 = EDGE_CURVE('',#308,#5582,#9979,.T.);
#9979 = SURFACE_CURVE('',#9980,(#9984,#9991),.PCURVE_S1.);
#9980 = LINE('',#9981,#9982);
#9981 = CARTESIAN_POINT('',(134.69032,-80.2452674766,1.51));
#9982 = VECTOR('',#9983,1.);
#9983 = DIRECTION('',(0.,-0.,1.));
#9984 = PCURVE('',#323,#9985);
#9985 = DEFINITIONAL_REPRESENTATION('',(#9986),#9990);
#9986 = LINE('',#9987,#9988);
#9987 = CARTESIAN_POINT('',(0.157637929744,0.));
#9988 = VECTOR('',#9989,1.);
#9989 = DIRECTION('',(0.,-1.));
#9990 = ( GEOMETRIC_REPRESENTATION_CONTEXT(2) 
PARAMETRIC_REPRESENTATION_CONTEXT() REPRESENTATION_CONTEXT('2D SPACE',''
  ) );
#9991 = PCURVE('',#356,#9992);
#9992 = DEFINITIONAL_REPRESENTATION('',(#9993),#9997);
#9993 = LINE('',#9994,#9995);
#9994 = CARTESIAN_POINT('',(-0.,0.));
#9995 = VECTOR('',#9996,1.);
#9996 = DIRECTION('',(-0.,1.));
#9997 = ( GEOMETRIC_REPRESENTATION_CONTEXT(2) 
PARAMETRIC_REPRESENTATION_CONTEXT() REPRESENTATION_CONTEXT('2D SPACE',''
  ) );
#9998 = ORIENTED_EDGE('',*,*,#5581,.T.);
#9999 = ORIENTED_EDGE('',*,*,#9924,.F.);
#10000 = ADVANCED_FACE('',(#10001),#1165,.T.);
#10001 = FACE_BOUND('',#10002,.T.);
#10002 = EDGE_LOOP('',(#10003,#10004,#10005,#10026));
#10003 = ORIENTED_EDGE('',*,*,#9953,.T.);
#10004 = ORIENTED_EDGE('',*,*,#6283,.T.);
#10005 = ORIENTED_EDGE('',*,*,#10006,.F.);
#10006 = EDGE_CURVE('',#1117,#6261,#10007,.T.);
#10007 = SURFACE_CURVE('',#10008,(#10012,#10019),.PCURVE_S1.);
#10008 = LINE('',#10009,#10010);
#10009 = CARTESIAN_POINT('',(158.30247584303,-32.51844521272,1.51));
#10010 = VECTOR('',#10011,1.);
#10011 = DIRECTION('',(0.,0.,1.));
#10012 = PCURVE('',#1165,#10013);
#10013 = DEFINITIONAL_REPRESENTATION('',(#10014),#10018);
#10014 = LINE('',#10015,#10016);
#10015 = CARTESIAN_POINT('',(7.754358626134,0.));
#10016 = VECTOR('',#10017,1.);
#10017 = DIRECTION('',(0.,-1.));
#10018 = ( GEOMETRIC_REPRESENTATION_CONTEXT(2) 
PARAMETRIC_REPRESENTATION_CONTEXT() REPRESENTATION_CONTEXT('2D SPACE',''
  ) );
#10019 = PCURVE('',#1132,#10020);
#10020 = DEFINITIONAL_REPRESENTATION('',(#10021),#10025);
#10021 = LINE('',#10022,#10023);
#10022 = CARTESIAN_POINT('',(0.,0.));
#10023 = VECTOR('',#10024,1.);
#10024 = DIRECTION('',(0.,-1.));
#10025 = ( GEOMETRIC_REPRESENTATION_CONTEXT(2) 
PARAMETRIC_REPRESENTATION_CONTEXT() REPRESENTATION_CONTEXT('2D SPACE',''
  ) );
#10026 = ORIENTED_EDGE('',*,*,#1144,.F.);
#10027 = ADVANCED_FACE('',(#10028),#356,.F.);
#10028 = FACE_BOUND('',#10029,.T.);
#10029 = EDGE_LOOP('',(#10030,#10031,#10052,#10053));
#10030 = ORIENTED_EDGE('',*,*,#335,.T.);
#10031 = ORIENTED_EDGE('',*,*,#10032,.T.);
#10032 = EDGE_CURVE('',#336,#5605,#10033,.T.);
#10033 = SURFACE_CURVE('',#10034,(#10038,#10045),.PCURVE_S1.);
#10034 = LINE('',#10035,#10036);
#10035 = CARTESIAN_POINT('',(134.65501591696,-80.5086337383,1.51));
#10036 = VECTOR('',#10037,1.);
#10037 = DIRECTION('',(0.,-0.,1.));
#10038 = PCURVE('',#356,#10039);
#10039 = DEFINITIONAL_REPRESENTATION('',(#10040),#10044);
#10040 = LINE('',#10041,#10042);
#10041 = CARTESIAN_POINT('',(-0.266510003125,0.));
#10042 = VECTOR('',#10043,1.);
#10043 = DIRECTION('',(-0.,1.));
#10044 = ( GEOMETRIC_REPRESENTATION_CONTEXT(2) 
PARAMETRIC_REPRESENTATION_CONTEXT() REPRESENTATION_CONTEXT('2D SPACE',''
  ) );
#10045 = PCURVE('',#389,#10046);
#10046 = DEFINITIONAL_REPRESENTATION('',(#10047),#10051);
#10047 = LINE('',#10048,#10049);
#10048 = CARTESIAN_POINT('',(1.885324781058,0.));
#10049 = VECTOR('',#10050,1.);
#10050 = DIRECTION('',(-0.,-1.));
#10051 = ( GEOMETRIC_REPRESENTATION_CONTEXT(2) 
PARAMETRIC_REPRESENTATION_CONTEXT() REPRESENTATION_CONTEXT('2D SPACE',''
  ) );
#10052 = ORIENTED_EDGE('',*,*,#5604,.F.);
#10053 = ORIENTED_EDGE('',*,*,#9978,.F.);
#10054 = ADVANCED_FACE('',(#10055),#1132,.T.);
#10055 = FACE_BOUND('',#10056,.T.);
#10056 = EDGE_LOOP('',(#10057,#10058,#10059,#10080));
#10057 = ORIENTED_EDGE('',*,*,#10006,.T.);
#10058 = ORIENTED_EDGE('',*,*,#6260,.T.);
#10059 = ORIENTED_EDGE('',*,*,#10060,.F.);
#10060 = EDGE_CURVE('',#1084,#6233,#10061,.T.);
#10061 = SURFACE_CURVE('',#10062,(#10066,#10073),.PCURVE_S1.);
#10062 = LINE('',#10063,#10064);
#10063 = CARTESIAN_POINT('',(184.6502273413,-27.3431790694,1.51));
#10064 = VECTOR('',#10065,1.);
#10065 = DIRECTION('',(0.,0.,1.));
#10066 = PCURVE('',#1132,#10067);
#10067 = DEFINITIONAL_REPRESENTATION('',(#10068),#10072);
#10068 = LINE('',#10069,#10070);
#10069 = CARTESIAN_POINT('',(26.851208327906,0.));
#10070 = VECTOR('',#10071,1.);
#10071 = DIRECTION('',(0.,-1.));
#10072 = ( GEOMETRIC_REPRESENTATION_CONTEXT(2) 
PARAMETRIC_REPRESENTATION_CONTEXT() REPRESENTATION_CONTEXT('2D SPACE',''
  ) );
#10073 = PCURVE('',#1104,#10074);
#10074 = DEFINITIONAL_REPRESENTATION('',(#10075),#10079);
#10075 = LINE('',#10076,#10077);
#10076 = CARTESIAN_POINT('',(6.283611459598,0.));
#10077 = VECTOR('',#10078,1.);
#10078 = DIRECTION('',(0.,-1.));
#10079 = ( GEOMETRIC_REPRESENTATION_CONTEXT(2) 
PARAMETRIC_REPRESENTATION_CONTEXT() REPRESENTATION_CONTEXT('2D SPACE',''
  ) );
#10080 = ORIENTED_EDGE('',*,*,#1116,.F.);
#10081 = ADVANCED_FACE('',(#10082),#389,.T.);
#10082 = FACE_BOUND('',#10083,.T.);
#10083 = EDGE_LOOP('',(#10084,#10085,#10106,#10107));
#10084 = ORIENTED_EDGE('',*,*,#368,.F.);
#10085 = ORIENTED_EDGE('',*,*,#10086,.T.);
#10086 = EDGE_CURVE('',#369,#5633,#10087,.T.);
#10087 = SURFACE_CURVE('',#10088,(#10092,#10099),.PCURVE_S1.);
#10088 = LINE('',#10089,#10090);
#10089 = CARTESIAN_POINT('',(134.62183941848,-80.70680304816,1.51));
#10090 = VECTOR('',#10091,1.);
#10091 = DIRECTION('',(0.,0.,1.));
#10092 = PCURVE('',#389,#10093);
#10093 = DEFINITIONAL_REPRESENTATION('',(#10094),#10098);
#10094 = LINE('',#10095,#10096);
#10095 = CARTESIAN_POINT('',(1.684058006492,0.));
#10096 = VECTOR('',#10097,1.);
#10097 = DIRECTION('',(0.,-1.));
#10098 = ( GEOMETRIC_REPRESENTATION_CONTEXT(2) 
PARAMETRIC_REPRESENTATION_CONTEXT() REPRESENTATION_CONTEXT('2D SPACE',''
  ) );
#10099 = PCURVE('',#422,#10100);
#10100 = DEFINITIONAL_REPRESENTATION('',(#10101),#10105);
#10101 = LINE('',#10102,#10103);
#10102 = CARTESIAN_POINT('',(1.711190040646,0.));
#10103 = VECTOR('',#10104,1.);
#10104 = DIRECTION('',(0.,-1.));
#10105 = ( GEOMETRIC_REPRESENTATION_CONTEXT(2) 
PARAMETRIC_REPRESENTATION_CONTEXT() REPRESENTATION_CONTEXT('2D SPACE',''
  ) );
#10106 = ORIENTED_EDGE('',*,*,#5632,.T.);
#10107 = ORIENTED_EDGE('',*,*,#10032,.F.);
#10108 = ADVANCED_FACE('',(#10109),#1104,.T.);
#10109 = FACE_BOUND('',#10110,.T.);
#10110 = EDGE_LOOP('',(#10111,#10112,#10113,#10134));
#10111 = ORIENTED_EDGE('',*,*,#10060,.T.);
#10112 = ORIENTED_EDGE('',*,*,#6232,.T.);
#10113 = ORIENTED_EDGE('',*,*,#10114,.F.);
#10114 = EDGE_CURVE('',#1056,#6210,#10115,.T.);
#10115 = SURFACE_CURVE('',#10116,(#10120,#10127),.PCURVE_S1.);
#10116 = LINE('',#10117,#10118);
#10117 = CARTESIAN_POINT('',(193.79767045631,-26.40757575114,1.51));
#10118 = VECTOR('',#10119,1.);
#10119 = DIRECTION('',(0.,0.,1.));
#10120 = PCURVE('',#1104,#10121);
#10121 = DEFINITIONAL_REPRESENTATION('',(#10122),#10126);
#10122 = LINE('',#10123,#10124);
#10123 = CARTESIAN_POINT('',(6.530123123376,0.));
#10124 = VECTOR('',#10125,1.);
#10125 = DIRECTION('',(0.,-1.));
#10126 = ( GEOMETRIC_REPRESENTATION_CONTEXT(2) 
PARAMETRIC_REPRESENTATION_CONTEXT() REPRESENTATION_CONTEXT('2D SPACE',''
  ) );
#10127 = PCURVE('',#1071,#10128);
#10128 = DEFINITIONAL_REPRESENTATION('',(#10129),#10133);
#10129 = LINE('',#10130,#10131);
#10130 = CARTESIAN_POINT('',(-5.684339997275E-14,-0.));
#10131 = VECTOR('',#10132,1.);
#10132 = DIRECTION('',(0.,-1.));
#10133 = ( GEOMETRIC_REPRESENTATION_CONTEXT(2) 
PARAMETRIC_REPRESENTATION_CONTEXT() REPRESENTATION_CONTEXT('2D SPACE',''
  ) );
#10134 = ORIENTED_EDGE('',*,*,#1083,.F.);
#10135 = ADVANCED_FACE('',(#10136),#422,.T.);
#10136 = FACE_BOUND('',#10137,.T.);
#10137 = EDGE_LOOP('',(#10138,#10159,#10160,#10161));
#10138 = ORIENTED_EDGE('',*,*,#10139,.T.);
#10139 = EDGE_CURVE('',#402,#5661,#10140,.T.);
#10140 = SURFACE_CURVE('',#10141,(#10145,#10152),.PCURVE_S1.);
#10141 = LINE('',#10142,#10143);
#10142 = CARTESIAN_POINT('',(134.61200039789,-80.84673601374,1.51));
#10143 = VECTOR('',#10144,1.);
#10144 = DIRECTION('',(0.,0.,1.));
#10145 = PCURVE('',#422,#10146);
#10146 = DEFINITIONAL_REPRESENTATION('',(#10147),#10151);
#10147 = LINE('',#10148,#10149);
#10148 = CARTESIAN_POINT('',(1.570796326794,0.));
#10149 = VECTOR('',#10150,1.);
#10150 = DIRECTION('',(0.,-1.));
#10151 = ( GEOMETRIC_REPRESENTATION_CONTEXT(2) 
PARAMETRIC_REPRESENTATION_CONTEXT() REPRESENTATION_CONTEXT('2D SPACE',''
  ) );
#10152 = PCURVE('',#450,#10153);
#10153 = DEFINITIONAL_REPRESENTATION('',(#10154),#10158);
#10154 = LINE('',#10155,#10156);
#10155 = CARTESIAN_POINT('',(1.374527972509,0.));
#10156 = VECTOR('',#10157,1.);
#10157 = DIRECTION('',(0.,-1.));
#10158 = ( GEOMETRIC_REPRESENTATION_CONTEXT(2) 
PARAMETRIC_REPRESENTATION_CONTEXT() REPRESENTATION_CONTEXT('2D SPACE',''
  ) );
#10159 = ORIENTED_EDGE('',*,*,#5660,.T.);
#10160 = ORIENTED_EDGE('',*,*,#10086,.F.);
#10161 = ORIENTED_EDGE('',*,*,#401,.F.);
#10162 = ADVANCED_FACE('',(#10163),#1071,.T.);
#10163 = FACE_BOUND('',#10164,.T.);
#10164 = EDGE_LOOP('',(#10165,#10166,#10167,#10188));
#10165 = ORIENTED_EDGE('',*,*,#10114,.T.);
#10166 = ORIENTED_EDGE('',*,*,#6209,.T.);
#10167 = ORIENTED_EDGE('',*,*,#10168,.F.);
#10168 = EDGE_CURVE('',#1023,#6182,#10169,.T.);
#10169 = SURFACE_CURVE('',#10170,(#10174,#10181),.PCURVE_S1.);
#10170 = LINE('',#10171,#10172);
#10171 = CARTESIAN_POINT('',(223.75841625756,-26.43200000705,1.51));
#10172 = VECTOR('',#10173,1.);
#10173 = DIRECTION('',(0.,0.,1.));
#10174 = PCURVE('',#1071,#10175);
#10175 = DEFINITIONAL_REPRESENTATION('',(#10176),#10180);
#10176 = LINE('',#10177,#10178);
#10177 = CARTESIAN_POINT('',(29.96075575668,0.));
#10178 = VECTOR('',#10179,1.);
#10179 = DIRECTION('',(0.,-1.));
#10180 = ( GEOMETRIC_REPRESENTATION_CONTEXT(2) 
PARAMETRIC_REPRESENTATION_CONTEXT() REPRESENTATION_CONTEXT('2D SPACE',''
  ) );
#10181 = PCURVE('',#1043,#10182);
#10182 = DEFINITIONAL_REPRESENTATION('',(#10183),#10187);
#10183 = LINE('',#10184,#10185);
#10184 = CARTESIAN_POINT('',(6.283218777193,0.));
#10185 = VECTOR('',#10186,1.);
#10186 = DIRECTION('',(0.,-1.));
#10187 = ( GEOMETRIC_REPRESENTATION_CONTEXT(2) 
PARAMETRIC_REPRESENTATION_CONTEXT() REPRESENTATION_CONTEXT('2D SPACE',''
  ) );
#10188 = ORIENTED_EDGE('',*,*,#1055,.F.);
#10189 = ADVANCED_FACE('',(#10190),#450,.T.);
#10190 = FACE_BOUND('',#10191,.T.);
#10191 = EDGE_LOOP('',(#10192,#10213,#10214,#10215));
#10192 = ORIENTED_EDGE('',*,*,#10193,.T.);
#10193 = EDGE_CURVE('',#435,#5689,#10194,.T.);
#10194 = SURFACE_CURVE('',#10195,(#10199,#10206),.PCURVE_S1.);
#10195 = LINE('',#10196,#10197);
#10196 = CARTESIAN_POINT('',(134.61200039789,-82.22126398625,1.51));
#10197 = VECTOR('',#10198,1.);
#10198 = DIRECTION('',(0.,0.,1.));
#10199 = PCURVE('',#450,#10200);
#10200 = DEFINITIONAL_REPRESENTATION('',(#10201),#10205);
#10201 = LINE('',#10202,#10203);
#10202 = CARTESIAN_POINT('',(0.,0.));
#10203 = VECTOR('',#10204,1.);
#10204 = DIRECTION('',(0.,-1.));
#10205 = ( GEOMETRIC_REPRESENTATION_CONTEXT(2) 
PARAMETRIC_REPRESENTATION_CONTEXT() REPRESENTATION_CONTEXT('2D SPACE',''
  ) );
#10206 = PCURVE('',#483,#10207);
#10207 = DEFINITIONAL_REPRESENTATION('',(#10208),#10212);
#10208 = LINE('',#10209,#10210);
#10209 = CARTESIAN_POINT('',(1.824451720663,0.));
#10210 = VECTOR('',#10211,1.);
#10211 = DIRECTION('',(0.,-1.));
#10212 = ( GEOMETRIC_REPRESENTATION_CONTEXT(2) 
PARAMETRIC_REPRESENTATION_CONTEXT() REPRESENTATION_CONTEXT('2D SPACE',''
  ) );
#10213 = ORIENTED_EDGE('',*,*,#5688,.T.);
#10214 = ORIENTED_EDGE('',*,*,#10139,.F.);
#10215 = ORIENTED_EDGE('',*,*,#434,.F.);
#10216 = ADVANCED_FACE('',(#10217),#1043,.T.);
#10217 = FACE_BOUND('',#10218,.T.);
#10218 = EDGE_LOOP('',(#10219,#10220,#10221,#10242));
#10219 = ORIENTED_EDGE('',*,*,#10168,.T.);
#10220 = ORIENTED_EDGE('',*,*,#6181,.T.);
#10221 = ORIENTED_EDGE('',*,*,#10222,.F.);
#10222 = EDGE_CURVE('',#995,#6159,#10223,.T.);
#10223 = SURFACE_CURVE('',#10224,(#10228,#10235),.PCURVE_S1.);
#10224 = LINE('',#10225,#10226);
#10225 = CARTESIAN_POINT('',(232.94574947725,-30.49001348752,1.51));
#10226 = VECTOR('',#10227,1.);
#10227 = DIRECTION('',(0.,0.,1.));
#10228 = PCURVE('',#1043,#10229);
#10229 = DEFINITIONAL_REPRESENTATION('',(#10230),#10234);
#10230 = LINE('',#10231,#10232);
#10231 = CARTESIAN_POINT('',(7.115006119131,0.));
#10232 = VECTOR('',#10233,1.);
#10233 = DIRECTION('',(0.,-1.));
#10234 = ( GEOMETRIC_REPRESENTATION_CONTEXT(2) 
PARAMETRIC_REPRESENTATION_CONTEXT() REPRESENTATION_CONTEXT('2D SPACE',''
  ) );
#10235 = PCURVE('',#1010,#10236);
#10236 = DEFINITIONAL_REPRESENTATION('',(#10237),#10241);
#10237 = LINE('',#10238,#10239);
#10238 = CARTESIAN_POINT('',(1.024102870998E-14,0.));
#10239 = VECTOR('',#10240,1.);
#10240 = DIRECTION('',(0.,-1.));
#10241 = ( GEOMETRIC_REPRESENTATION_CONTEXT(2) 
PARAMETRIC_REPRESENTATION_CONTEXT() REPRESENTATION_CONTEXT('2D SPACE',''
  ) );
#10242 = ORIENTED_EDGE('',*,*,#1022,.F.);
#10243 = ADVANCED_FACE('',(#10244),#483,.T.);
#10244 = FACE_BOUND('',#10245,.T.);
#10245 = EDGE_LOOP('',(#10246,#10267,#10268,#10269));
#10246 = ORIENTED_EDGE('',*,*,#10247,.T.);
#10247 = EDGE_CURVE('',#463,#5712,#10248,.T.);
#10248 = SURFACE_CURVE('',#10249,(#10253,#10260),.PCURVE_S1.);
#10249 = LINE('',#10250,#10251);
#10250 = CARTESIAN_POINT('',(134.6218394185,-82.36119695198,1.51));
#10251 = VECTOR('',#10252,1.);
#10252 = DIRECTION('',(0.,0.,1.));
#10253 = PCURVE('',#483,#10254);
#10254 = DEFINITIONAL_REPRESENTATION('',(#10255),#10259);
#10255 = LINE('',#10256,#10257);
#10256 = CARTESIAN_POINT('',(1.68405800665,0.));
#10257 = VECTOR('',#10258,1.);
#10258 = DIRECTION('',(0.,-1.));
#10259 = ( GEOMETRIC_REPRESENTATION_CONTEXT(2) 
PARAMETRIC_REPRESENTATION_CONTEXT() REPRESENTATION_CONTEXT('2D SPACE',''
  ) );
#10260 = PCURVE('',#516,#10261);
#10261 = DEFINITIONAL_REPRESENTATION('',(#10262),#10266);
#10262 = LINE('',#10263,#10264);
#10263 = CARTESIAN_POINT('',(3.076349424879,0.));
#10264 = VECTOR('',#10265,1.);
#10265 = DIRECTION('',(0.,-1.));
#10266 = ( GEOMETRIC_REPRESENTATION_CONTEXT(2) 
PARAMETRIC_REPRESENTATION_CONTEXT() REPRESENTATION_CONTEXT('2D SPACE',''
  ) );
#10267 = ORIENTED_EDGE('',*,*,#5711,.T.);
#10268 = ORIENTED_EDGE('',*,*,#10193,.F.);
#10269 = ORIENTED_EDGE('',*,*,#462,.F.);
#10270 = ADVANCED_FACE('',(#10271),#1010,.T.);
#10271 = FACE_BOUND('',#10272,.T.);
#10272 = EDGE_LOOP('',(#10273,#10274,#10275,#10296));
#10273 = ORIENTED_EDGE('',*,*,#10222,.T.);
#10274 = ORIENTED_EDGE('',*,*,#6158,.T.);
#10275 = ORIENTED_EDGE('',*,*,#10276,.F.);
#10276 = EDGE_CURVE('',#962,#6131,#10277,.T.);
#10277 = SURFACE_CURVE('',#10278,(#10282,#10289),.PCURVE_S1.);
#10278 = LINE('',#10279,#10280);
#10279 = CARTESIAN_POINT('',(253.09231778826,-51.43127160736,1.51));
#10280 = VECTOR('',#10281,1.);
#10281 = DIRECTION('',(0.,0.,1.));
#10282 = PCURVE('',#1010,#10283);
#10283 = DEFINITIONAL_REPRESENTATION('',(#10284),#10288);
#10284 = LINE('',#10285,#10286);
#10285 = CARTESIAN_POINT('',(29.058914404227,0.));
#10286 = VECTOR('',#10287,1.);
#10287 = DIRECTION('',(0.,-1.));
#10288 = ( GEOMETRIC_REPRESENTATION_CONTEXT(2) 
PARAMETRIC_REPRESENTATION_CONTEXT() REPRESENTATION_CONTEXT('2D SPACE',''
  ) );
#10289 = PCURVE('',#982,#10290);
#10290 = DEFINITIONAL_REPRESENTATION('',(#10291),#10295);
#10291 = LINE('',#10292,#10293);
#10292 = CARTESIAN_POINT('',(6.284732155951,0.));
#10293 = VECTOR('',#10294,1.);
#10294 = DIRECTION('',(0.,-1.));
#10295 = ( GEOMETRIC_REPRESENTATION_CONTEXT(2) 
PARAMETRIC_REPRESENTATION_CONTEXT() REPRESENTATION_CONTEXT('2D SPACE',''
  ) );
#10296 = ORIENTED_EDGE('',*,*,#994,.F.);
#10297 = ADVANCED_FACE('',(#10298),#516,.T.);
#10298 = FACE_BOUND('',#10299,.T.);
#10299 = EDGE_LOOP('',(#10300,#10301,#10322,#10323));
#10300 = ORIENTED_EDGE('',*,*,#495,.F.);
#10301 = ORIENTED_EDGE('',*,*,#10302,.T.);
#10302 = EDGE_CURVE('',#496,#5740,#10303,.T.);
#10303 = SURFACE_CURVE('',#10304,(#10308,#10315),.PCURVE_S1.);
#10304 = LINE('',#10305,#10306);
#10305 = CARTESIAN_POINT('',(134.65501591696,-82.55936626169,1.51));
#10306 = VECTOR('',#10307,1.);
#10307 = DIRECTION('',(-0.,-0.,1.));
#10308 = PCURVE('',#516,#10309);
#10309 = DEFINITIONAL_REPRESENTATION('',(#10310),#10314);
#10310 = LINE('',#10311,#10312);
#10311 = CARTESIAN_POINT('',(2.875082650464,0.));
#10312 = VECTOR('',#10313,1.);
#10313 = DIRECTION('',(-0.,-1.));
#10314 = ( GEOMETRIC_REPRESENTATION_CONTEXT(2) 
PARAMETRIC_REPRESENTATION_CONTEXT() REPRESENTATION_CONTEXT('2D SPACE',''
  ) );
#10315 = PCURVE('',#549,#10316);
#10316 = DEFINITIONAL_REPRESENTATION('',(#10317),#10321);
#10317 = LINE('',#10318,#10319);
#10318 = CARTESIAN_POINT('',(-0.,0.));
#10319 = VECTOR('',#10320,1.);
#10320 = DIRECTION('',(-0.,1.));
#10321 = ( GEOMETRIC_REPRESENTATION_CONTEXT(2) 
PARAMETRIC_REPRESENTATION_CONTEXT() REPRESENTATION_CONTEXT('2D SPACE',''
  ) );
#10322 = ORIENTED_EDGE('',*,*,#5739,.T.);
#10323 = ORIENTED_EDGE('',*,*,#10247,.F.);
#10324 = ADVANCED_FACE('',(#10325),#982,.T.);
#10325 = FACE_BOUND('',#10326,.T.);
#10326 = EDGE_LOOP('',(#10327,#10328,#10329,#10350));
#10327 = ORIENTED_EDGE('',*,*,#10276,.T.);
#10328 = ORIENTED_EDGE('',*,*,#6130,.T.);
#10329 = ORIENTED_EDGE('',*,*,#10330,.F.);
#10330 = EDGE_CURVE('',#934,#6108,#10331,.T.);
#10331 = SURFACE_CURVE('',#10332,(#10336,#10343),.PCURVE_S1.);
#10332 = LINE('',#10333,#10334);
#10333 = CARTESIAN_POINT('',(254.68862482545,-58.10794410651,1.51));
#10334 = VECTOR('',#10335,1.);
#10335 = DIRECTION('',(0.,0.,1.));
#10336 = PCURVE('',#982,#10337);
#10337 = DEFINITIONAL_REPRESENTATION('',(#10338),#10342);
#10338 = LINE('',#10339,#10340);
#10339 = CARTESIAN_POINT('',(7.383456142919,0.));
#10340 = VECTOR('',#10341,1.);
#10341 = DIRECTION('',(0.,-1.));
#10342 = ( GEOMETRIC_REPRESENTATION_CONTEXT(2) 
PARAMETRIC_REPRESENTATION_CONTEXT() REPRESENTATION_CONTEXT('2D SPACE',''
  ) );
#10343 = PCURVE('',#949,#10344);
#10344 = DEFINITIONAL_REPRESENTATION('',(#10345),#10349);
#10345 = LINE('',#10346,#10347);
#10346 = CARTESIAN_POINT('',(-6.861189524422E-15,0.));
#10347 = VECTOR('',#10348,1.);
#10348 = DIRECTION('',(0.,-1.));
#10349 = ( GEOMETRIC_REPRESENTATION_CONTEXT(2) 
PARAMETRIC_REPRESENTATION_CONTEXT() REPRESENTATION_CONTEXT('2D SPACE',''
  ) );
#10350 = ORIENTED_EDGE('',*,*,#961,.F.);
#10351 = ADVANCED_FACE('',(#10352),#549,.F.);
#10352 = FACE_BOUND('',#10353,.T.);
#10353 = EDGE_LOOP('',(#10354,#10355,#10376,#10377));
#10354 = ORIENTED_EDGE('',*,*,#528,.T.);
#10355 = ORIENTED_EDGE('',*,*,#10356,.T.);
#10356 = EDGE_CURVE('',#529,#5768,#10357,.T.);
#10357 = SURFACE_CURVE('',#10358,(#10362,#10369),.PCURVE_S1.);
#10358 = LINE('',#10359,#10360);
#10359 = CARTESIAN_POINT('',(134.69032,-82.82273252339,1.51));
#10360 = VECTOR('',#10361,1.);
#10361 = DIRECTION('',(-0.,-0.,1.));
#10362 = PCURVE('',#549,#10363);
#10363 = DEFINITIONAL_REPRESENTATION('',(#10364),#10368);
#10364 = LINE('',#10365,#10366);
#10365 = CARTESIAN_POINT('',(-0.266510003126,0.));
#10366 = VECTOR('',#10367,1.);
#10367 = DIRECTION('',(-0.,1.));
#10368 = ( GEOMETRIC_REPRESENTATION_CONTEXT(2) 
PARAMETRIC_REPRESENTATION_CONTEXT() REPRESENTATION_CONTEXT('2D SPACE',''
  ) );
#10369 = PCURVE('',#577,#10370);
#10370 = DEFINITIONAL_REPRESENTATION('',(#10371),#10375);
#10371 = LINE('',#10372,#10373);
#10372 = CARTESIAN_POINT('',(0.157637929773,0.));
#10373 = VECTOR('',#10374,1.);
#10374 = DIRECTION('',(0.,-1.));
#10375 = ( GEOMETRIC_REPRESENTATION_CONTEXT(2) 
PARAMETRIC_REPRESENTATION_CONTEXT() REPRESENTATION_CONTEXT('2D SPACE',''
  ) );
#10376 = ORIENTED_EDGE('',*,*,#5767,.F.);
#10377 = ORIENTED_EDGE('',*,*,#10302,.F.);
#10378 = ADVANCED_FACE('',(#10379),#949,.T.);
#10379 = FACE_BOUND('',#10380,.T.);
#10380 = EDGE_LOOP('',(#10381,#10382,#10383,#10404));
#10381 = ORIENTED_EDGE('',*,*,#10330,.T.);
#10382 = ORIENTED_EDGE('',*,*,#6107,.T.);
#10383 = ORIENTED_EDGE('',*,*,#10384,.F.);
#10384 = EDGE_CURVE('',#901,#6080,#10385,.T.);
#10385 = SURFACE_CURVE('',#10386,(#10390,#10397),.PCURVE_S1.);
#10386 = LINE('',#10387,#10388);
#10387 = CARTESIAN_POINT('',(241.22922858079,-108.108279273,1.51));
#10388 = VECTOR('',#10389,1.);
#10389 = DIRECTION('',(0.,0.,1.));
#10390 = PCURVE('',#949,#10391);
#10391 = DEFINITIONAL_REPRESENTATION('',(#10392),#10396);
#10392 = LINE('',#10393,#10394);
#10393 = CARTESIAN_POINT('',(51.780197605199,0.));
#10394 = VECTOR('',#10395,1.);
#10395 = DIRECTION('',(0.,-1.));
#10396 = ( GEOMETRIC_REPRESENTATION_CONTEXT(2) 
PARAMETRIC_REPRESENTATION_CONTEXT() REPRESENTATION_CONTEXT('2D SPACE',''
  ) );
#10397 = PCURVE('',#921,#10398);
#10398 = DEFINITIONAL_REPRESENTATION('',(#10399),#10403);
#10399 = LINE('',#10400,#10401);
#10400 = CARTESIAN_POINT('',(1.570796326729,0.));
#10401 = VECTOR('',#10402,1.);
#10402 = DIRECTION('',(0.,-1.));
#10403 = ( GEOMETRIC_REPRESENTATION_CONTEXT(2) 
PARAMETRIC_REPRESENTATION_CONTEXT() REPRESENTATION_CONTEXT('2D SPACE',''
  ) );
#10404 = ORIENTED_EDGE('',*,*,#933,.F.);
#10405 = ADVANCED_FACE('',(#10406),#577,.F.);
#10406 = FACE_BOUND('',#10407,.F.);
#10407 = EDGE_LOOP('',(#10408,#10409,#10410,#10411));
#10408 = ORIENTED_EDGE('',*,*,#561,.F.);
#10409 = ORIENTED_EDGE('',*,*,#10356,.T.);
#10410 = ORIENTED_EDGE('',*,*,#5795,.T.);
#10411 = ORIENTED_EDGE('',*,*,#10412,.F.);
#10412 = EDGE_CURVE('',#562,#5796,#10413,.T.);
#10413 = SURFACE_CURVE('',#10414,(#10418,#10425),.PCURVE_S1.);
#10414 = LINE('',#10415,#10416);
#10415 = CARTESIAN_POINT('',(134.69031999999,-108.4580000777,1.51));
#10416 = VECTOR('',#10417,1.);
#10417 = DIRECTION('',(0.,0.,1.));
#10418 = PCURVE('',#577,#10419);
#10419 = DEFINITIONAL_REPRESENTATION('',(#10420),#10424);
#10420 = LINE('',#10421,#10422);
#10421 = CARTESIAN_POINT('',(25.792905484077,0.));
#10422 = VECTOR('',#10423,1.);
#10423 = DIRECTION('',(0.,-1.));
#10424 = ( GEOMETRIC_REPRESENTATION_CONTEXT(2) 
PARAMETRIC_REPRESENTATION_CONTEXT() REPRESENTATION_CONTEXT('2D SPACE',''
  ) );
#10425 = PCURVE('',#610,#10426);
#10426 = DEFINITIONAL_REPRESENTATION('',(#10427),#10431);
#10427 = LINE('',#10428,#10429);
#10428 = CARTESIAN_POINT('',(7.780470154737,0.));
#10429 = VECTOR('',#10430,1.);
#10430 = DIRECTION('',(0.,-1.));
#10431 = ( GEOMETRIC_REPRESENTATION_CONTEXT(2) 
PARAMETRIC_REPRESENTATION_CONTEXT() REPRESENTATION_CONTEXT('2D SPACE',''
  ) );
#10432 = ADVANCED_FACE('',(#10433),#921,.T.);
#10433 = FACE_BOUND('',#10434,.T.);
#10434 = EDGE_LOOP('',(#10435,#10436,#10437,#10458));
#10435 = ORIENTED_EDGE('',*,*,#10384,.T.);
#10436 = ORIENTED_EDGE('',*,*,#6079,.T.);
#10437 = ORIENTED_EDGE('',*,*,#10438,.F.);
#10438 = EDGE_CURVE('',#868,#6052,#10439,.T.);
#10439 = SURFACE_CURVE('',#10440,(#10444,#10451),.PCURVE_S1.);
#10440 = LINE('',#10441,#10442);
#10441 = CARTESIAN_POINT('',(241.07354426885,-108.4348556086,1.51));
#10442 = VECTOR('',#10443,1.);
#10443 = DIRECTION('',(0.,0.,1.));
#10444 = PCURVE('',#921,#10445);
#10445 = DEFINITIONAL_REPRESENTATION('',(#10446),#10450);
#10446 = LINE('',#10447,#10448);
#10447 = CARTESIAN_POINT('',(1.934585876728,0.));
#10448 = VECTOR('',#10449,1.);
#10449 = DIRECTION('',(0.,-1.));
#10450 = ( GEOMETRIC_REPRESENTATION_CONTEXT(2) 
PARAMETRIC_REPRESENTATION_CONTEXT() REPRESENTATION_CONTEXT('2D SPACE',''
  ) );
#10451 = PCURVE('',#888,#10452);
#10452 = DEFINITIONAL_REPRESENTATION('',(#10453),#10457);
#10453 = LINE('',#10454,#10455);
#10454 = CARTESIAN_POINT('',(6.28318530718,0.));
#10455 = VECTOR('',#10456,1.);
#10456 = DIRECTION('',(0.,-1.));
#10457 = ( GEOMETRIC_REPRESENTATION_CONTEXT(2) 
PARAMETRIC_REPRESENTATION_CONTEXT() REPRESENTATION_CONTEXT('2D SPACE',''
  ) );
#10458 = ORIENTED_EDGE('',*,*,#900,.F.);
#10459 = ADVANCED_FACE('',(#10460),#610,.T.);
#10460 = FACE_BOUND('',#10461,.T.);
#10461 = EDGE_LOOP('',(#10462,#10483,#10484,#10485));
#10462 = ORIENTED_EDGE('',*,*,#10463,.T.);
#10463 = EDGE_CURVE('',#590,#5819,#10464,.T.);
#10464 = SURFACE_CURVE('',#10465,(#10469,#10476),.PCURVE_S1.);
#10465 = LINE('',#10466,#10467);
#10466 = CARTESIAN_POINT('',(139.86455471144,-114.0272992477,1.51));
#10467 = VECTOR('',#10468,1.);
#10468 = DIRECTION('',(0.,0.,1.));
#10469 = PCURVE('',#610,#10470);
#10470 = DEFINITIONAL_REPRESENTATION('',(#10471),#10475);
#10471 = LINE('',#10472,#10473);
#10472 = CARTESIAN_POINT('',(6.28318530718,0.));
#10473 = VECTOR('',#10474,1.);
#10474 = DIRECTION('',(0.,-1.));
#10475 = ( GEOMETRIC_REPRESENTATION_CONTEXT(2) 
PARAMETRIC_REPRESENTATION_CONTEXT() REPRESENTATION_CONTEXT('2D SPACE',''
  ) );
#10476 = PCURVE('',#643,#10477);
#10477 = DEFINITIONAL_REPRESENTATION('',(#10478),#10482);
#10478 = LINE('',#10479,#10480);
#10479 = CARTESIAN_POINT('',(1.579978579475,0.));
#10480 = VECTOR('',#10481,1.);
#10481 = DIRECTION('',(0.,-1.));
#10482 = ( GEOMETRIC_REPRESENTATION_CONTEXT(2) 
PARAMETRIC_REPRESENTATION_CONTEXT() REPRESENTATION_CONTEXT('2D SPACE',''
  ) );
#10483 = ORIENTED_EDGE('',*,*,#5818,.T.);
#10484 = ORIENTED_EDGE('',*,*,#10412,.F.);
#10485 = ORIENTED_EDGE('',*,*,#589,.F.);
#10486 = ADVANCED_FACE('',(#10487),#888,.T.);
#10487 = FACE_BOUND('',#10488,.T.);
#10488 = EDGE_LOOP('',(#10489,#10490,#10491,#10512));
#10489 = ORIENTED_EDGE('',*,*,#10438,.T.);
#10490 = ORIENTED_EDGE('',*,*,#6051,.T.);
#10491 = ORIENTED_EDGE('',*,*,#10492,.F.);
#10492 = EDGE_CURVE('',#835,#6024,#10493,.T.);
#10493 = SURFACE_CURVE('',#10494,(#10498,#10505),.PCURVE_S1.);
#10494 = LINE('',#10495,#10496);
#10495 = CARTESIAN_POINT('',(233.75942767568,-112.5719658314,1.51));
#10496 = VECTOR('',#10497,1.);
#10497 = DIRECTION('',(0.,0.,1.));
#10498 = PCURVE('',#888,#10499);
#10499 = DEFINITIONAL_REPRESENTATION('',(#10500),#10504);
#10500 = LINE('',#10501,#10502);
#10501 = CARTESIAN_POINT('',(7.141759249237,0.));
#10502 = VECTOR('',#10503,1.);
#10503 = DIRECTION('',(0.,-1.));
#10504 = ( GEOMETRIC_REPRESENTATION_CONTEXT(2) 
PARAMETRIC_REPRESENTATION_CONTEXT() REPRESENTATION_CONTEXT('2D SPACE',''
  ) );
#10505 = PCURVE('',#855,#10506);
#10506 = DEFINITIONAL_REPRESENTATION('',(#10507),#10511);
#10507 = LINE('',#10508,#10509);
#10508 = CARTESIAN_POINT('',(1.570796326795,0.));
#10509 = VECTOR('',#10510,1.);
#10510 = DIRECTION('',(0.,-1.));
#10511 = ( GEOMETRIC_REPRESENTATION_CONTEXT(2) 
PARAMETRIC_REPRESENTATION_CONTEXT() REPRESENTATION_CONTEXT('2D SPACE',''
  ) );
#10512 = ORIENTED_EDGE('',*,*,#867,.F.);
#10513 = ADVANCED_FACE('',(#10514),#643,.T.);
#10514 = FACE_BOUND('',#10515,.T.);
#10515 = EDGE_LOOP('',(#10516,#10537,#10538,#10539));
#10516 = ORIENTED_EDGE('',*,*,#10517,.T.);
#10517 = EDGE_CURVE('',#623,#5847,#10518,.T.);
#10518 = SURFACE_CURVE('',#10519,(#10523,#10530),.PCURVE_S1.);
#10519 = LINE('',#10520,#10521);
#10520 = CARTESIAN_POINT('',(139.87371513264,-114.0279315887,1.51));
#10521 = VECTOR('',#10522,1.);
#10522 = DIRECTION('',(0.,0.,1.));
#10523 = PCURVE('',#643,#10524);
#10524 = DEFINITIONAL_REPRESENTATION('',(#10525),#10529);
#10525 = LINE('',#10526,#10527);
#10526 = CARTESIAN_POINT('',(1.570796326801,0.));
#10527 = VECTOR('',#10528,1.);
#10528 = DIRECTION('',(0.,-1.));
#10529 = ( GEOMETRIC_REPRESENTATION_CONTEXT(2) 
PARAMETRIC_REPRESENTATION_CONTEXT() REPRESENTATION_CONTEXT('2D SPACE',''
  ) );
#10530 = PCURVE('',#671,#10531);
#10531 = DEFINITIONAL_REPRESENTATION('',(#10532),#10536);
#10532 = LINE('',#10533,#10534);
#10533 = CARTESIAN_POINT('',(32.053877237224,0.));
#10534 = VECTOR('',#10535,1.);
#10535 = DIRECTION('',(0.,-1.));
#10536 = ( GEOMETRIC_REPRESENTATION_CONTEXT(2) 
PARAMETRIC_REPRESENTATION_CONTEXT() REPRESENTATION_CONTEXT('2D SPACE',''
  ) );
#10537 = ORIENTED_EDGE('',*,*,#5846,.T.);
#10538 = ORIENTED_EDGE('',*,*,#10463,.F.);
#10539 = ORIENTED_EDGE('',*,*,#622,.F.);
#10540 = ADVANCED_FACE('',(#10541),#855,.T.);
#10541 = FACE_BOUND('',#10542,.T.);
#10542 = EDGE_LOOP('',(#10543,#10544,#10545,#10566));
#10543 = ORIENTED_EDGE('',*,*,#10492,.T.);
#10544 = ORIENTED_EDGE('',*,*,#6023,.T.);
#10545 = ORIENTED_EDGE('',*,*,#10546,.F.);
#10546 = EDGE_CURVE('',#807,#6001,#10547,.T.);
#10547 = SURFACE_CURVE('',#10548,(#10552,#10559),.PCURVE_S1.);
#10548 = LINE('',#10549,#10550);
#10549 = CARTESIAN_POINT('',(233.63750379517,-112.5749488911,1.51));
#10550 = VECTOR('',#10551,1.);
#10551 = DIRECTION('',(0.,0.,1.));
#10552 = PCURVE('',#855,#10553);
#10553 = DEFINITIONAL_REPRESENTATION('',(#10554),#10558);
#10554 = LINE('',#10555,#10556);
#10555 = CARTESIAN_POINT('',(1.692832407852,0.));
#10556 = VECTOR('',#10557,1.);
#10557 = DIRECTION('',(0.,-1.));
#10558 = ( GEOMETRIC_REPRESENTATION_CONTEXT(2) 
PARAMETRIC_REPRESENTATION_CONTEXT() REPRESENTATION_CONTEXT('2D SPACE',''
  ) );
#10559 = PCURVE('',#822,#10560);
#10560 = DEFINITIONAL_REPRESENTATION('',(#10561),#10565);
#10561 = LINE('',#10562,#10563);
#10562 = CARTESIAN_POINT('',(0.,0.));
#10563 = VECTOR('',#10564,1.);
#10564 = DIRECTION('',(0.,-1.));
#10565 = ( GEOMETRIC_REPRESENTATION_CONTEXT(2) 
PARAMETRIC_REPRESENTATION_CONTEXT() REPRESENTATION_CONTEXT('2D SPACE',''
  ) );
#10566 = ORIENTED_EDGE('',*,*,#834,.F.);
#10567 = ADVANCED_FACE('',(#10568),#671,.T.);
#10568 = FACE_BOUND('',#10569,.T.);
#10569 = EDGE_LOOP('',(#10570,#10591,#10592,#10593));
#10570 = ORIENTED_EDGE('',*,*,#10571,.T.);
#10571 = EDGE_CURVE('',#656,#5875,#10572,.T.);
#10572 = SURFACE_CURVE('',#10573,(#10577,#10584),.PCURVE_S1.);
#10573 = LINE('',#10574,#10575);
#10574 = CARTESIAN_POINT('',(171.86129176967,-116.0885108348,1.51));
#10575 = VECTOR('',#10576,1.);
#10576 = DIRECTION('',(0.,0.,1.));
#10577 = PCURVE('',#671,#10578);
#10578 = DEFINITIONAL_REPRESENTATION('',(#10579),#10583);
#10579 = LINE('',#10580,#10581);
#10580 = CARTESIAN_POINT('',(0.,0.));
#10581 = VECTOR('',#10582,1.);
#10582 = DIRECTION('',(0.,-1.));
#10583 = ( GEOMETRIC_REPRESENTATION_CONTEXT(2) 
PARAMETRIC_REPRESENTATION_CONTEXT() REPRESENTATION_CONTEXT('2D SPACE',''
  ) );
#10584 = PCURVE('',#704,#10585);
#10585 = DEFINITIONAL_REPRESENTATION('',(#10586),#10590);
#10586 = LINE('',#10587,#10588);
#10587 = CARTESIAN_POINT('',(6.582343394037,0.));
#10588 = VECTOR('',#10589,1.);
#10589 = DIRECTION('',(0.,-1.));
#10590 = ( GEOMETRIC_REPRESENTATION_CONTEXT(2) 
PARAMETRIC_REPRESENTATION_CONTEXT() REPRESENTATION_CONTEXT('2D SPACE',''
  ) );
#10591 = ORIENTED_EDGE('',*,*,#5874,.T.);
#10592 = ORIENTED_EDGE('',*,*,#10517,.F.);
#10593 = ORIENTED_EDGE('',*,*,#655,.F.);
#10594 = ADVANCED_FACE('',(#10595),#822,.T.);
#10595 = FACE_BOUND('',#10596,.T.);
#10596 = EDGE_LOOP('',(#10597,#10598,#10599,#10620));
#10597 = ORIENTED_EDGE('',*,*,#10546,.T.);
#10598 = ORIENTED_EDGE('',*,*,#6000,.T.);
#10599 = ORIENTED_EDGE('',*,*,#10600,.F.);
#10600 = EDGE_CURVE('',#778,#5977,#10601,.T.);
#10601 = SURFACE_CURVE('',#10602,(#10606,#10613),.PCURVE_S1.);
#10602 = LINE('',#10603,#10604);
#10603 = CARTESIAN_POINT('',(210.4112075147,-111.7255019343,1.51));
#10604 = VECTOR('',#10605,1.);
#10605 = DIRECTION('',(0.,0.,1.));
#10606 = PCURVE('',#822,#10607);
#10607 = DEFINITIONAL_REPRESENTATION('',(#10608),#10612);
#10608 = LINE('',#10609,#10610);
#10609 = CARTESIAN_POINT('',(23.241824348367,0.));
#10610 = VECTOR('',#10611,1.);
#10611 = DIRECTION('',(0.,-1.));
#10612 = ( GEOMETRIC_REPRESENTATION_CONTEXT(2) 
PARAMETRIC_REPRESENTATION_CONTEXT() REPRESENTATION_CONTEXT('2D SPACE',''
  ) );
#10613 = PCURVE('',#794,#10614);
#10614 = DEFINITIONAL_REPRESENTATION('',(#10615),#10619);
#10615 = LINE('',#10616,#10617);
#10616 = CARTESIAN_POINT('',(-6.283244837169,0.));
#10617 = VECTOR('',#10618,1.);
#10618 = DIRECTION('',(-0.,-1.));
#10619 = ( GEOMETRIC_REPRESENTATION_CONTEXT(2) 
PARAMETRIC_REPRESENTATION_CONTEXT() REPRESENTATION_CONTEXT('2D SPACE',''
  ) );
#10620 = ORIENTED_EDGE('',*,*,#806,.F.);
#10621 = ADVANCED_FACE('',(#10622),#704,.T.);
#10622 = FACE_BOUND('',#10623,.T.);
#10623 = EDGE_LOOP('',(#10624,#10645,#10646,#10647));
#10624 = ORIENTED_EDGE('',*,*,#10625,.T.);
#10625 = EDGE_CURVE('',#684,#5898,#10626,.T.);
#10626 = SURFACE_CURVE('',#10627,(#10631,#10638),.PCURVE_S1.);
#10627 = LINE('',#10628,#10629);
#10628 = CARTESIAN_POINT('',(172.63855149474,-116.0442005136,1.51));
#10629 = VECTOR('',#10630,1.);
#10630 = DIRECTION('',(0.,0.,1.));
#10631 = PCURVE('',#704,#10632);
#10632 = DEFINITIONAL_REPRESENTATION('',(#10633),#10637);
#10633 = LINE('',#10634,#10635);
#10634 = CARTESIAN_POINT('',(6.290918859513,0.));
#10635 = VECTOR('',#10636,1.);
#10636 = DIRECTION('',(0.,-1.));
#10637 = ( GEOMETRIC_REPRESENTATION_CONTEXT(2) 
PARAMETRIC_REPRESENTATION_CONTEXT() REPRESENTATION_CONTEXT('2D SPACE',''
  ) );
#10638 = PCURVE('',#732,#10639);
#10639 = DEFINITIONAL_REPRESENTATION('',(#10640),#10644);
#10640 = LINE('',#10641,#10642);
#10641 = CARTESIAN_POINT('',(10.297984859596,0.));
#10642 = VECTOR('',#10643,1.);
#10643 = DIRECTION('',(0.,-1.));
#10644 = ( GEOMETRIC_REPRESENTATION_CONTEXT(2) 
PARAMETRIC_REPRESENTATION_CONTEXT() REPRESENTATION_CONTEXT('2D SPACE',''
  ) );
#10645 = ORIENTED_EDGE('',*,*,#5897,.T.);
#10646 = ORIENTED_EDGE('',*,*,#10571,.F.);
#10647 = ORIENTED_EDGE('',*,*,#683,.F.);
#10648 = ADVANCED_FACE('',(#10649),#794,.F.);
#10649 = FACE_BOUND('',#10650,.T.);
#10650 = EDGE_LOOP('',(#10651,#10652,#10653,#10674));
#10651 = ORIENTED_EDGE('',*,*,#10600,.T.);
#10652 = ORIENTED_EDGE('',*,*,#5976,.T.);
#10653 = ORIENTED_EDGE('',*,*,#10654,.F.);
#10654 = EDGE_CURVE('',#745,#5949,#10655,.T.);
#10655 = SURFACE_CURVE('',#10656,(#10660,#10667),.PCURVE_S1.);
#10656 = LINE('',#10657,#10658);
#10657 = CARTESIAN_POINT('',(182.81385339271,-114.2630014271,1.51));
#10658 = VECTOR('',#10659,1.);
#10659 = DIRECTION('',(0.,0.,1.));
#10660 = PCURVE('',#794,#10661);
#10661 = DEFINITIONAL_REPRESENTATION('',(#10662),#10666);
#10662 = LINE('',#10663,#10664);
#10663 = CARTESIAN_POINT('',(-6.510450778981,0.));
#10664 = VECTOR('',#10665,1.);
#10665 = DIRECTION('',(-0.,-1.));
#10666 = ( GEOMETRIC_REPRESENTATION_CONTEXT(2) 
PARAMETRIC_REPRESENTATION_CONTEXT() REPRESENTATION_CONTEXT('2D SPACE',''
  ) );
#10667 = PCURVE('',#765,#10668);
#10668 = DEFINITIONAL_REPRESENTATION('',(#10669),#10673);
#10669 = LINE('',#10670,#10671);
#10670 = CARTESIAN_POINT('',(1.570796326795,0.));
#10671 = VECTOR('',#10672,1.);
#10672 = DIRECTION('',(0.,-1.));
#10673 = ( GEOMETRIC_REPRESENTATION_CONTEXT(2) 
PARAMETRIC_REPRESENTATION_CONTEXT() REPRESENTATION_CONTEXT('2D SPACE',''
  ) );
#10674 = ORIENTED_EDGE('',*,*,#777,.F.);
#10675 = ADVANCED_FACE('',(#10676),#732,.T.);
#10676 = FACE_BOUND('',#10677,.T.);
#10677 = EDGE_LOOP('',(#10678,#10699,#10700,#10701));
#10678 = ORIENTED_EDGE('',*,*,#10679,.T.);
#10679 = EDGE_CURVE('',#717,#5926,#10680,.T.);
#10680 = SURFACE_CURVE('',#10681,(#10685,#10692),.PCURVE_S1.);
#10681 = LINE('',#10682,#10683);
#10682 = CARTESIAN_POINT('',(182.78238033175,-114.2690304671,1.51));
#10683 = VECTOR('',#10684,1.);
#10684 = DIRECTION('',(0.,0.,1.));
#10685 = PCURVE('',#732,#10686);
#10686 = DEFINITIONAL_REPRESENTATION('',(#10687),#10691);
#10687 = LINE('',#10688,#10689);
#10688 = CARTESIAN_POINT('',(-2.79962497176E-14,0.));
#10689 = VECTOR('',#10690,1.);
#10690 = DIRECTION('',(0.,-1.));
#10691 = ( GEOMETRIC_REPRESENTATION_CONTEXT(2) 
PARAMETRIC_REPRESENTATION_CONTEXT() REPRESENTATION_CONTEXT('2D SPACE',''
  ) );
#10692 = PCURVE('',#765,#10693);
#10693 = DEFINITIONAL_REPRESENTATION('',(#10694),#10698);
#10694 = LINE('',#10695,#10696);
#10695 = CARTESIAN_POINT('',(1.602843023659,0.));
#10696 = VECTOR('',#10697,1.);
#10697 = DIRECTION('',(0.,-1.));
#10698 = ( GEOMETRIC_REPRESENTATION_CONTEXT(2) 
PARAMETRIC_REPRESENTATION_CONTEXT() REPRESENTATION_CONTEXT('2D SPACE',''
  ) );
#10699 = ORIENTED_EDGE('',*,*,#5925,.T.);
#10700 = ORIENTED_EDGE('',*,*,#10625,.F.);
#10701 = ORIENTED_EDGE('',*,*,#716,.F.);
#10702 = ADVANCED_FACE('',(#10703),#765,.T.);
#10703 = FACE_BOUND('',#10704,.T.);
#10704 = EDGE_LOOP('',(#10705,#10706,#10707,#10708));
#10705 = ORIENTED_EDGE('',*,*,#10654,.T.);
#10706 = ORIENTED_EDGE('',*,*,#5948,.T.);
#10707 = ORIENTED_EDGE('',*,*,#10679,.F.);
#10708 = ORIENTED_EDGE('',*,*,#744,.F.);
#10709 = ADVANCED_FACE('',(#10710),#1443,.F.);
#10710 = FACE_BOUND('',#10711,.F.);
#10711 = EDGE_LOOP('',(#10712,#10735,#10762,#10763));
#10712 = ORIENTED_EDGE('',*,*,#10713,.T.);
#10713 = EDGE_CURVE('',#1427,#10714,#10716,.T.);
#10714 = VERTEX_POINT('',#10715);
#10715 = CARTESIAN_POINT('',(141.86200039789,-110.09906578,2.));
#10716 = SEAM_CURVE('',#10717,(#10721,#10728),.PCURVE_S1.);
#10717 = LINE('',#10718,#10719);
#10718 = CARTESIAN_POINT('',(141.86200039789,-110.09906578,-0.5));
#10719 = VECTOR('',#10720,1.);
#10720 = DIRECTION('',(0.,0.,1.));
#10721 = PCURVE('',#1443,#10722);
#10722 = DEFINITIONAL_REPRESENTATION('',(#10723),#10727);
#10723 = LINE('',#10724,#10725);
#10724 = CARTESIAN_POINT('',(6.28318530718,-0.));
#10725 = VECTOR('',#10726,1.);
#10726 = DIRECTION('',(0.,1.));
#10727 = ( GEOMETRIC_REPRESENTATION_CONTEXT(2) 
PARAMETRIC_REPRESENTATION_CONTEXT() REPRESENTATION_CONTEXT('2D SPACE',''
  ) );
#10728 = PCURVE('',#1443,#10729);
#10729 = DEFINITIONAL_REPRESENTATION('',(#10730),#10734);
#10730 = LINE('',#10731,#10732);
#10731 = CARTESIAN_POINT('',(0.,-0.));
#10732 = VECTOR('',#10733,1.);
#10733 = DIRECTION('',(0.,1.));
#10734 = ( GEOMETRIC_REPRESENTATION_CONTEXT(2) 
PARAMETRIC_REPRESENTATION_CONTEXT() REPRESENTATION_CONTEXT('2D SPACE',''
  ) );
#10735 = ORIENTED_EDGE('',*,*,#10736,.F.);
#10736 = EDGE_CURVE('',#10714,#10714,#10737,.T.);
#10737 = SURFACE_CURVE('',#10738,(#10743,#10750),.PCURVE_S1.);
#10738 = CIRCLE('',#10739,1.25);
#10739 = AXIS2_PLACEMENT_3D('',#10740,#10741,#10742);
#10740 = CARTESIAN_POINT('',(140.61200039789,-110.09906578,2.));
#10741 = DIRECTION('',(0.,0.,1.));
#10742 = DIRECTION('',(1.,0.,0.));
#10743 = PCURVE('',#1443,#10744);
#10744 = DEFINITIONAL_REPRESENTATION('',(#10745),#10749);
#10745 = LINE('',#10746,#10747);
#10746 = CARTESIAN_POINT('',(0.,2.5));
#10747 = VECTOR('',#10748,1.);
#10748 = DIRECTION('',(1.,0.));
#10749 = ( GEOMETRIC_REPRESENTATION_CONTEXT(2) 
PARAMETRIC_REPRESENTATION_CONTEXT() REPRESENTATION_CONTEXT('2D SPACE',''
  ) );
#10750 = PCURVE('',#10751,#10756);
#10751 = PLANE('',#10752);
#10752 = AXIS2_PLACEMENT_3D('',#10753,#10754,#10755);
#10753 = CARTESIAN_POINT('',(140.61200039789,-110.09906578,2.));
#10754 = DIRECTION('',(0.,0.,1.));
#10755 = DIRECTION('',(1.,0.,0.));
#10756 = DEFINITIONAL_REPRESENTATION('',(#10757),#10761);
#10757 = CIRCLE('',#10758,1.25);
#10758 = AXIS2_PLACEMENT_2D('',#10759,#10760);
#10759 = CARTESIAN_POINT('',(0.,0.));
#10760 = DIRECTION('',(1.,0.));
#10761 = ( GEOMETRIC_REPRESENTATION_CONTEXT(2) 
PARAMETRIC_REPRESENTATION_CONTEXT() REPRESENTATION_CONTEXT('2D SPACE',''
  ) );
#10762 = ORIENTED_EDGE('',*,*,#10713,.F.);
#10763 = ORIENTED_EDGE('',*,*,#1426,.T.);
#10764 = ADVANCED_FACE('',(#10765),#1474,.T.);
#10765 = FACE_BOUND('',#10766,.T.);
#10766 = EDGE_LOOP('',(#10767,#10768,#10789,#10790));
#10767 = ORIENTED_EDGE('',*,*,#1457,.T.);
#10768 = ORIENTED_EDGE('',*,*,#10769,.T.);
#10769 = EDGE_CURVE('',#1460,#6504,#10770,.T.);
#10770 = SURFACE_CURVE('',#10771,(#10775,#10782),.PCURVE_S1.);
#10771 = LINE('',#10772,#10773);
#10772 = CARTESIAN_POINT('',(171.084,-110.694,1.51));
#10773 = VECTOR('',#10774,1.);
#10774 = DIRECTION('',(0.,0.,1.));
#10775 = PCURVE('',#1474,#10776);
#10776 = DEFINITIONAL_REPRESENTATION('',(#10777),#10781);
#10777 = LINE('',#10778,#10779);
#10778 = CARTESIAN_POINT('',(1.,-1.));
#10779 = VECTOR('',#10780,1.);
#10780 = DIRECTION('',(0.,-1.));
#10781 = ( GEOMETRIC_REPRESENTATION_CONTEXT(2) 
PARAMETRIC_REPRESENTATION_CONTEXT() REPRESENTATION_CONTEXT('2D SPACE',''
  ) );
#10782 = PCURVE('',#1506,#10783);
#10783 = DEFINITIONAL_REPRESENTATION('',(#10784),#10788);
#10784 = LINE('',#10785,#10786);
#10785 = CARTESIAN_POINT('',(-0.,0.));
#10786 = VECTOR('',#10787,1.);
#10787 = DIRECTION('',(-0.,1.));
#10788 = ( GEOMETRIC_REPRESENTATION_CONTEXT(2) 
PARAMETRIC_REPRESENTATION_CONTEXT() REPRESENTATION_CONTEXT('2D SPACE',''
  ) );
#10789 = ORIENTED_EDGE('',*,*,#6501,.F.);
#10790 = ORIENTED_EDGE('',*,*,#10791,.F.);
#10791 = EDGE_CURVE('',#1458,#6502,#10792,.T.);
#10792 = SURFACE_CURVE('',#10793,(#10797,#10804),.PCURVE_S1.);
#10793 = LINE('',#10794,#10795);
#10794 = CARTESIAN_POINT('',(171.084,-98.694,1.51));
#10795 = VECTOR('',#10796,1.);
#10796 = DIRECTION('',(0.,0.,1.));
#10797 = PCURVE('',#1474,#10798);
#10798 = DEFINITIONAL_REPRESENTATION('',(#10799),#10803);
#10799 = LINE('',#10800,#10801);
#10800 = CARTESIAN_POINT('',(13.,-1.));
#10801 = VECTOR('',#10802,1.);
#10802 = DIRECTION('',(0.,-1.));
#10803 = ( GEOMETRIC_REPRESENTATION_CONTEXT(2) 
PARAMETRIC_REPRESENTATION_CONTEXT() REPRESENTATION_CONTEXT('2D SPACE',''
  ) );
#10804 = PCURVE('',#1673,#10805);
#10805 = DEFINITIONAL_REPRESENTATION('',(#10806),#10810);
#10806 = LINE('',#10807,#10808);
#10807 = CARTESIAN_POINT('',(0.,0.));
#10808 = VECTOR('',#10809,1.);
#10809 = DIRECTION('',(0.,1.));
#10810 = ( GEOMETRIC_REPRESENTATION_CONTEXT(2) 
PARAMETRIC_REPRESENTATION_CONTEXT() REPRESENTATION_CONTEXT('2D SPACE',''
  ) );
#10811 = ADVANCED_FACE('',(#10812),#1673,.F.);
#10812 = FACE_BOUND('',#10813,.F.);
#10813 = EDGE_LOOP('',(#10814,#10815,#10836,#10837));
#10814 = ORIENTED_EDGE('',*,*,#1658,.T.);
#10815 = ORIENTED_EDGE('',*,*,#10816,.T.);
#10816 = EDGE_CURVE('',#1633,#6647,#10817,.T.);
#10817 = SURFACE_CURVE('',#10818,(#10822,#10829),.PCURVE_S1.);
#10818 = LINE('',#10819,#10820);
#10819 = CARTESIAN_POINT('',(170.084,-97.694,1.51));
#10820 = VECTOR('',#10821,1.);
#10821 = DIRECTION('',(0.,0.,1.));
#10822 = PCURVE('',#1673,#10823);
#10823 = DEFINITIONAL_REPRESENTATION('',(#10824),#10828);
#10824 = LINE('',#10825,#10826);
#10825 = CARTESIAN_POINT('',(1.570796326795,0.));
#10826 = VECTOR('',#10827,1.);
#10827 = DIRECTION('',(0.,1.));
#10828 = ( GEOMETRIC_REPRESENTATION_CONTEXT(2) 
PARAMETRIC_REPRESENTATION_CONTEXT() REPRESENTATION_CONTEXT('2D SPACE',''
  ) );
#10829 = PCURVE('',#1647,#10830);
#10830 = DEFINITIONAL_REPRESENTATION('',(#10831),#10835);
#10831 = LINE('',#10832,#10833);
#10832 = CARTESIAN_POINT('',(1.,-1.));
#10833 = VECTOR('',#10834,1.);
#10834 = DIRECTION('',(0.,-1.));
#10835 = ( GEOMETRIC_REPRESENTATION_CONTEXT(2) 
PARAMETRIC_REPRESENTATION_CONTEXT() REPRESENTATION_CONTEXT('2D SPACE',''
  ) );
#10836 = ORIENTED_EDGE('',*,*,#6667,.F.);
#10837 = ORIENTED_EDGE('',*,*,#10791,.F.);
#10838 = ADVANCED_FACE('',(#10839),#1506,.F.);
#10839 = FACE_BOUND('',#10840,.T.);
#10840 = EDGE_LOOP('',(#10841,#10842,#10863,#10864));
#10841 = ORIENTED_EDGE('',*,*,#1485,.T.);
#10842 = ORIENTED_EDGE('',*,*,#10843,.T.);
#10843 = EDGE_CURVE('',#1486,#6525,#10844,.T.);
#10844 = SURFACE_CURVE('',#10845,(#10849,#10856),.PCURVE_S1.);
#10845 = LINE('',#10846,#10847);
#10846 = CARTESIAN_POINT('',(170.084,-111.694,1.51));
#10847 = VECTOR('',#10848,1.);
#10848 = DIRECTION('',(0.,0.,1.));
#10849 = PCURVE('',#1506,#10850);
#10850 = DEFINITIONAL_REPRESENTATION('',(#10851),#10855);
#10851 = LINE('',#10852,#10853);
#10852 = CARTESIAN_POINT('',(-1.570796326795,0.));
#10853 = VECTOR('',#10854,1.);
#10854 = DIRECTION('',(-0.,1.));
#10855 = ( GEOMETRIC_REPRESENTATION_CONTEXT(2) 
PARAMETRIC_REPRESENTATION_CONTEXT() REPRESENTATION_CONTEXT('2D SPACE',''
  ) );
#10856 = PCURVE('',#1533,#10857);
#10857 = DEFINITIONAL_REPRESENTATION('',(#10858),#10862);
#10858 = LINE('',#10859,#10860);
#10859 = CARTESIAN_POINT('',(13.,-1.));
#10860 = VECTOR('',#10861,1.);
#10861 = DIRECTION('',(0.,-1.));
#10862 = ( GEOMETRIC_REPRESENTATION_CONTEXT(2) 
PARAMETRIC_REPRESENTATION_CONTEXT() REPRESENTATION_CONTEXT('2D SPACE',''
  ) );
#10863 = ORIENTED_EDGE('',*,*,#6524,.F.);
#10864 = ORIENTED_EDGE('',*,*,#10769,.F.);
#10865 = ADVANCED_FACE('',(#10866),#1647,.T.);
#10866 = FACE_BOUND('',#10867,.T.);
#10867 = EDGE_LOOP('',(#10868,#10869,#10870,#10871));
#10868 = ORIENTED_EDGE('',*,*,#1632,.T.);
#10869 = ORIENTED_EDGE('',*,*,#10816,.T.);
#10870 = ORIENTED_EDGE('',*,*,#6646,.F.);
#10871 = ORIENTED_EDGE('',*,*,#10872,.F.);
#10872 = EDGE_CURVE('',#1604,#6623,#10873,.T.);
#10873 = SURFACE_CURVE('',#10874,(#10878,#10885),.PCURVE_S1.);
#10874 = LINE('',#10875,#10876);
#10875 = CARTESIAN_POINT('',(158.084,-97.694,1.51));
#10876 = VECTOR('',#10877,1.);
#10877 = DIRECTION('',(0.,0.,1.));
#10878 = PCURVE('',#1647,#10879);
#10879 = DEFINITIONAL_REPRESENTATION('',(#10880),#10884);
#10880 = LINE('',#10881,#10882);
#10881 = CARTESIAN_POINT('',(13.,-1.));
#10882 = VECTOR('',#10883,1.);
#10883 = DIRECTION('',(0.,-1.));
#10884 = ( GEOMETRIC_REPRESENTATION_CONTEXT(2) 
PARAMETRIC_REPRESENTATION_CONTEXT() REPRESENTATION_CONTEXT('2D SPACE',''
  ) );
#10885 = PCURVE('',#1620,#10886);
#10886 = DEFINITIONAL_REPRESENTATION('',(#10887),#10891);
#10887 = LINE('',#10888,#10889);
#10888 = CARTESIAN_POINT('',(0.,0.));
#10889 = VECTOR('',#10890,1.);
#10890 = DIRECTION('',(0.,1.));
#10891 = ( GEOMETRIC_REPRESENTATION_CONTEXT(2) 
PARAMETRIC_REPRESENTATION_CONTEXT() REPRESENTATION_CONTEXT('2D SPACE',''
  ) );
#10892 = ADVANCED_FACE('',(#10893),#1533,.T.);
#10893 = FACE_BOUND('',#10894,.T.);
#10894 = EDGE_LOOP('',(#10895,#10896,#10917,#10918));
#10895 = ORIENTED_EDGE('',*,*,#1518,.T.);
#10896 = ORIENTED_EDGE('',*,*,#10897,.T.);
#10897 = EDGE_CURVE('',#1519,#6553,#10898,.T.);
#10898 = SURFACE_CURVE('',#10899,(#10903,#10910),.PCURVE_S1.);
#10899 = LINE('',#10900,#10901);
#10900 = CARTESIAN_POINT('',(158.084,-111.694,1.51));
#10901 = VECTOR('',#10902,1.);
#10902 = DIRECTION('',(0.,0.,1.));
#10903 = PCURVE('',#1533,#10904);
#10904 = DEFINITIONAL_REPRESENTATION('',(#10905),#10909);
#10905 = LINE('',#10906,#10907);
#10906 = CARTESIAN_POINT('',(1.,-1.));
#10907 = VECTOR('',#10908,1.);
#10908 = DIRECTION('',(0.,-1.));
#10909 = ( GEOMETRIC_REPRESENTATION_CONTEXT(2) 
PARAMETRIC_REPRESENTATION_CONTEXT() REPRESENTATION_CONTEXT('2D SPACE',''
  ) );
#10910 = PCURVE('',#1565,#10911);
#10911 = DEFINITIONAL_REPRESENTATION('',(#10912),#10916);
#10912 = LINE('',#10913,#10914);
#10913 = CARTESIAN_POINT('',(-0.,0.));
#10914 = VECTOR('',#10915,1.);
#10915 = DIRECTION('',(-0.,1.));
#10916 = ( GEOMETRIC_REPRESENTATION_CONTEXT(2) 
PARAMETRIC_REPRESENTATION_CONTEXT() REPRESENTATION_CONTEXT('2D SPACE',''
  ) );
#10917 = ORIENTED_EDGE('',*,*,#6552,.F.);
#10918 = ORIENTED_EDGE('',*,*,#10843,.F.);
#10919 = ADVANCED_FACE('',(#10920),#1620,.F.);
#10920 = FACE_BOUND('',#10921,.F.);
#10921 = EDGE_LOOP('',(#10922,#10923,#10944,#10945));
#10922 = ORIENTED_EDGE('',*,*,#1603,.T.);
#10923 = ORIENTED_EDGE('',*,*,#10924,.T.);
#10924 = EDGE_CURVE('',#1578,#6602,#10925,.T.);
#10925 = SURFACE_CURVE('',#10926,(#10930,#10937),.PCURVE_S1.);
#10926 = LINE('',#10927,#10928);
#10927 = CARTESIAN_POINT('',(157.084,-98.694,1.51));
#10928 = VECTOR('',#10929,1.);
#10929 = DIRECTION('',(0.,0.,1.));
#10930 = PCURVE('',#1620,#10931);
#10931 = DEFINITIONAL_REPRESENTATION('',(#10932),#10936);
#10932 = LINE('',#10933,#10934);
#10933 = CARTESIAN_POINT('',(1.570796326795,0.));
#10934 = VECTOR('',#10935,1.);
#10935 = DIRECTION('',(0.,1.));
#10936 = ( GEOMETRIC_REPRESENTATION_CONTEXT(2) 
PARAMETRIC_REPRESENTATION_CONTEXT() REPRESENTATION_CONTEXT('2D SPACE',''
  ) );
#10937 = PCURVE('',#1592,#10938);
#10938 = DEFINITIONAL_REPRESENTATION('',(#10939),#10943);
#10939 = LINE('',#10940,#10941);
#10940 = CARTESIAN_POINT('',(1.,-1.));
#10941 = VECTOR('',#10942,1.);
#10942 = DIRECTION('',(0.,-1.));
#10943 = ( GEOMETRIC_REPRESENTATION_CONTEXT(2) 
PARAMETRIC_REPRESENTATION_CONTEXT() REPRESENTATION_CONTEXT('2D SPACE',''
  ) );
#10944 = ORIENTED_EDGE('',*,*,#6622,.F.);
#10945 = ORIENTED_EDGE('',*,*,#10872,.F.);
#10946 = ADVANCED_FACE('',(#10947),#1565,.F.);
#10947 = FACE_BOUND('',#10948,.T.);
#10948 = EDGE_LOOP('',(#10949,#10950,#10971,#10972));
#10949 = ORIENTED_EDGE('',*,*,#1544,.T.);
#10950 = ORIENTED_EDGE('',*,*,#10951,.T.);
#10951 = EDGE_CURVE('',#1545,#6574,#10952,.T.);
#10952 = SURFACE_CURVE('',#10953,(#10957,#10964),.PCURVE_S1.);
#10953 = LINE('',#10954,#10955);
#10954 = CARTESIAN_POINT('',(157.084,-110.694,1.51));
#10955 = VECTOR('',#10956,1.);
#10956 = DIRECTION('',(0.,0.,1.));
#10957 = PCURVE('',#1565,#10958);
#10958 = DEFINITIONAL_REPRESENTATION('',(#10959),#10963);
#10959 = LINE('',#10960,#10961);
#10960 = CARTESIAN_POINT('',(-1.570796326795,0.));
#10961 = VECTOR('',#10962,1.);
#10962 = DIRECTION('',(-0.,1.));
#10963 = ( GEOMETRIC_REPRESENTATION_CONTEXT(2) 
PARAMETRIC_REPRESENTATION_CONTEXT() REPRESENTATION_CONTEXT('2D SPACE',''
  ) );
#10964 = PCURVE('',#1592,#10965);
#10965 = DEFINITIONAL_REPRESENTATION('',(#10966),#10970);
#10966 = LINE('',#10967,#10968);
#10967 = CARTESIAN_POINT('',(13.,-1.));
#10968 = VECTOR('',#10969,1.);
#10969 = DIRECTION('',(0.,-1.));
#10970 = ( GEOMETRIC_REPRESENTATION_CONTEXT(2) 
PARAMETRIC_REPRESENTATION_CONTEXT() REPRESENTATION_CONTEXT('2D SPACE',''
  ) );
#10971 = ORIENTED_EDGE('',*,*,#6573,.F.);
#10972 = ORIENTED_EDGE('',*,*,#10897,.F.);
#10973 = ADVANCED_FACE('',(#10974),#1592,.T.);
#10974 = FACE_BOUND('',#10975,.T.);
#10975 = EDGE_LOOP('',(#10976,#10977,#10978,#10979));
#10976 = ORIENTED_EDGE('',*,*,#1577,.T.);
#10977 = ORIENTED_EDGE('',*,*,#10924,.T.);
#10978 = ORIENTED_EDGE('',*,*,#6601,.F.);
#10979 = ORIENTED_EDGE('',*,*,#10951,.F.);
#10980 = ADVANCED_FACE('',(#10981),#1704,.T.);
#10981 = FACE_BOUND('',#10982,.T.);
#10982 = EDGE_LOOP('',(#10983,#10984,#11005,#11006));
#10983 = ORIENTED_EDGE('',*,*,#1687,.T.);
#10984 = ORIENTED_EDGE('',*,*,#10985,.T.);
#10985 = EDGE_CURVE('',#1690,#6694,#10986,.T.);
#10986 = SURFACE_CURVE('',#10987,(#10991,#10998),.PCURVE_S1.);
#10987 = LINE('',#10988,#10989);
#10988 = CARTESIAN_POINT('',(152.018,-103.836,1.51));
#10989 = VECTOR('',#10990,1.);
#10990 = DIRECTION('',(0.,0.,1.));
#10991 = PCURVE('',#1704,#10992);
#10992 = DEFINITIONAL_REPRESENTATION('',(#10993),#10997);
#10993 = LINE('',#10994,#10995);
#10994 = CARTESIAN_POINT('',(1.,-1.));
#10995 = VECTOR('',#10996,1.);
#10996 = DIRECTION('',(0.,-1.));
#10997 = ( GEOMETRIC_REPRESENTATION_CONTEXT(2) 
PARAMETRIC_REPRESENTATION_CONTEXT() REPRESENTATION_CONTEXT('2D SPACE',''
  ) );
#10998 = PCURVE('',#1736,#10999);
#10999 = DEFINITIONAL_REPRESENTATION('',(#11000),#11004);
#11000 = LINE('',#11001,#11002);
#11001 = CARTESIAN_POINT('',(-0.,0.));
#11002 = VECTOR('',#11003,1.);
#11003 = DIRECTION('',(-0.,1.));
#11004 = ( GEOMETRIC_REPRESENTATION_CONTEXT(2) 
PARAMETRIC_REPRESENTATION_CONTEXT() REPRESENTATION_CONTEXT('2D SPACE',''
  ) );
#11005 = ORIENTED_EDGE('',*,*,#6691,.F.);
#11006 = ORIENTED_EDGE('',*,*,#11007,.F.);
#11007 = EDGE_CURVE('',#1688,#6692,#11008,.T.);
#11008 = SURFACE_CURVE('',#11009,(#11013,#11020),.PCURVE_S1.);
#11009 = LINE('',#11010,#11011);
#11010 = CARTESIAN_POINT('',(152.018,-91.836,1.51));
#11011 = VECTOR('',#11012,1.);
#11012 = DIRECTION('',(0.,0.,1.));
#11013 = PCURVE('',#1704,#11014);
#11014 = DEFINITIONAL_REPRESENTATION('',(#11015),#11019);
#11015 = LINE('',#11016,#11017);
#11016 = CARTESIAN_POINT('',(13.,-1.));
#11017 = VECTOR('',#11018,1.);
#11018 = DIRECTION('',(0.,-1.));
#11019 = ( GEOMETRIC_REPRESENTATION_CONTEXT(2) 
PARAMETRIC_REPRESENTATION_CONTEXT() REPRESENTATION_CONTEXT('2D SPACE',''
  ) );
#11020 = PCURVE('',#1903,#11021);
#11021 = DEFINITIONAL_REPRESENTATION('',(#11022),#11026);
#11022 = LINE('',#11023,#11024);
#11023 = CARTESIAN_POINT('',(0.,0.));
#11024 = VECTOR('',#11025,1.);
#11025 = DIRECTION('',(0.,1.));
#11026 = ( GEOMETRIC_REPRESENTATION_CONTEXT(2) 
PARAMETRIC_REPRESENTATION_CONTEXT() REPRESENTATION_CONTEXT('2D SPACE',''
  ) );
#11027 = ADVANCED_FACE('',(#11028),#1903,.F.);
#11028 = FACE_BOUND('',#11029,.F.);
#11029 = EDGE_LOOP('',(#11030,#11031,#11052,#11053));
#11030 = ORIENTED_EDGE('',*,*,#1888,.T.);
#11031 = ORIENTED_EDGE('',*,*,#11032,.T.);
#11032 = EDGE_CURVE('',#1863,#6837,#11033,.T.);
#11033 = SURFACE_CURVE('',#11034,(#11038,#11045),.PCURVE_S1.);
#11034 = LINE('',#11035,#11036);
#11035 = CARTESIAN_POINT('',(151.018,-90.836,1.51));
#11036 = VECTOR('',#11037,1.);
#11037 = DIRECTION('',(0.,0.,1.));
#11038 = PCURVE('',#1903,#11039);
#11039 = DEFINITIONAL_REPRESENTATION('',(#11040),#11044);
#11040 = LINE('',#11041,#11042);
#11041 = CARTESIAN_POINT('',(1.570796326795,0.));
#11042 = VECTOR('',#11043,1.);
#11043 = DIRECTION('',(0.,1.));
#11044 = ( GEOMETRIC_REPRESENTATION_CONTEXT(2) 
PARAMETRIC_REPRESENTATION_CONTEXT() REPRESENTATION_CONTEXT('2D SPACE',''
  ) );
#11045 = PCURVE('',#1877,#11046);
#11046 = DEFINITIONAL_REPRESENTATION('',(#11047),#11051);
#11047 = LINE('',#11048,#11049);
#11048 = CARTESIAN_POINT('',(1.,-1.));
#11049 = VECTOR('',#11050,1.);
#11050 = DIRECTION('',(0.,-1.));
#11051 = ( GEOMETRIC_REPRESENTATION_CONTEXT(2) 
PARAMETRIC_REPRESENTATION_CONTEXT() REPRESENTATION_CONTEXT('2D SPACE',''
  ) );
#11052 = ORIENTED_EDGE('',*,*,#6857,.F.);
#11053 = ORIENTED_EDGE('',*,*,#11007,.F.);
#11054 = ADVANCED_FACE('',(#11055),#1736,.F.);
#11055 = FACE_BOUND('',#11056,.T.);
#11056 = EDGE_LOOP('',(#11057,#11058,#11079,#11080));
#11057 = ORIENTED_EDGE('',*,*,#1715,.T.);
#11058 = ORIENTED_EDGE('',*,*,#11059,.T.);
#11059 = EDGE_CURVE('',#1716,#6715,#11060,.T.);
#11060 = SURFACE_CURVE('',#11061,(#11065,#11072),.PCURVE_S1.);
#11061 = LINE('',#11062,#11063);
#11062 = CARTESIAN_POINT('',(151.018,-104.836,1.51));
#11063 = VECTOR('',#11064,1.);
#11064 = DIRECTION('',(0.,0.,1.));
#11065 = PCURVE('',#1736,#11066);
#11066 = DEFINITIONAL_REPRESENTATION('',(#11067),#11071);
#11067 = LINE('',#11068,#11069);
#11068 = CARTESIAN_POINT('',(-1.570796326795,0.));
#11069 = VECTOR('',#11070,1.);
#11070 = DIRECTION('',(-0.,1.));
#11071 = ( GEOMETRIC_REPRESENTATION_CONTEXT(2) 
PARAMETRIC_REPRESENTATION_CONTEXT() REPRESENTATION_CONTEXT('2D SPACE',''
  ) );
#11072 = PCURVE('',#1763,#11073);
#11073 = DEFINITIONAL_REPRESENTATION('',(#11074),#11078);
#11074 = LINE('',#11075,#11076);
#11075 = CARTESIAN_POINT('',(13.,-1.));
#11076 = VECTOR('',#11077,1.);
#11077 = DIRECTION('',(0.,-1.));
#11078 = ( GEOMETRIC_REPRESENTATION_CONTEXT(2) 
PARAMETRIC_REPRESENTATION_CONTEXT() REPRESENTATION_CONTEXT('2D SPACE',''
  ) );
#11079 = ORIENTED_EDGE('',*,*,#6714,.F.);
#11080 = ORIENTED_EDGE('',*,*,#10985,.F.);
#11081 = ADVANCED_FACE('',(#11082),#1877,.T.);
#11082 = FACE_BOUND('',#11083,.T.);
#11083 = EDGE_LOOP('',(#11084,#11085,#11086,#11087));
#11084 = ORIENTED_EDGE('',*,*,#1862,.T.);
#11085 = ORIENTED_EDGE('',*,*,#11032,.T.);
#11086 = ORIENTED_EDGE('',*,*,#6836,.F.);
#11087 = ORIENTED_EDGE('',*,*,#11088,.F.);
#11088 = EDGE_CURVE('',#1834,#6813,#11089,.T.);
#11089 = SURFACE_CURVE('',#11090,(#11094,#11101),.PCURVE_S1.);
#11090 = LINE('',#11091,#11092);
#11091 = CARTESIAN_POINT('',(139.018,-90.836,1.51));
#11092 = VECTOR('',#11093,1.);
#11093 = DIRECTION('',(0.,0.,1.));
#11094 = PCURVE('',#1877,#11095);
#11095 = DEFINITIONAL_REPRESENTATION('',(#11096),#11100);
#11096 = LINE('',#11097,#11098);
#11097 = CARTESIAN_POINT('',(13.,-1.));
#11098 = VECTOR('',#11099,1.);
#11099 = DIRECTION('',(0.,-1.));
#11100 = ( GEOMETRIC_REPRESENTATION_CONTEXT(2) 
PARAMETRIC_REPRESENTATION_CONTEXT() REPRESENTATION_CONTEXT('2D SPACE',''
  ) );
#11101 = PCURVE('',#1850,#11102);
#11102 = DEFINITIONAL_REPRESENTATION('',(#11103),#11107);
#11103 = LINE('',#11104,#11105);
#11104 = CARTESIAN_POINT('',(0.,0.));
#11105 = VECTOR('',#11106,1.);
#11106 = DIRECTION('',(0.,1.));
#11107 = ( GEOMETRIC_REPRESENTATION_CONTEXT(2) 
PARAMETRIC_REPRESENTATION_CONTEXT() REPRESENTATION_CONTEXT('2D SPACE',''
  ) );
#11108 = ADVANCED_FACE('',(#11109),#1763,.T.);
#11109 = FACE_BOUND('',#11110,.T.);
#11110 = EDGE_LOOP('',(#11111,#11112,#11133,#11134));
#11111 = ORIENTED_EDGE('',*,*,#1748,.T.);
#11112 = ORIENTED_EDGE('',*,*,#11113,.T.);
#11113 = EDGE_CURVE('',#1749,#6743,#11114,.T.);
#11114 = SURFACE_CURVE('',#11115,(#11119,#11126),.PCURVE_S1.);
#11115 = LINE('',#11116,#11117);
#11116 = CARTESIAN_POINT('',(139.018,-104.836,1.51));
#11117 = VECTOR('',#11118,1.);
#11118 = DIRECTION('',(0.,0.,1.));
#11119 = PCURVE('',#1763,#11120);
#11120 = DEFINITIONAL_REPRESENTATION('',(#11121),#11125);
#11121 = LINE('',#11122,#11123);
#11122 = CARTESIAN_POINT('',(1.,-1.));
#11123 = VECTOR('',#11124,1.);
#11124 = DIRECTION('',(0.,-1.));
#11125 = ( GEOMETRIC_REPRESENTATION_CONTEXT(2) 
PARAMETRIC_REPRESENTATION_CONTEXT() REPRESENTATION_CONTEXT('2D SPACE',''
  ) );
#11126 = PCURVE('',#1795,#11127);
#11127 = DEFINITIONAL_REPRESENTATION('',(#11128),#11132);
#11128 = LINE('',#11129,#11130);
#11129 = CARTESIAN_POINT('',(-0.,0.));
#11130 = VECTOR('',#11131,1.);
#11131 = DIRECTION('',(-0.,1.));
#11132 = ( GEOMETRIC_REPRESENTATION_CONTEXT(2) 
PARAMETRIC_REPRESENTATION_CONTEXT() REPRESENTATION_CONTEXT('2D SPACE',''
  ) );
#11133 = ORIENTED_EDGE('',*,*,#6742,.F.);
#11134 = ORIENTED_EDGE('',*,*,#11059,.F.);
#11135 = ADVANCED_FACE('',(#11136),#1850,.F.);
#11136 = FACE_BOUND('',#11137,.F.);
#11137 = EDGE_LOOP('',(#11138,#11139,#11160,#11161));
#11138 = ORIENTED_EDGE('',*,*,#1833,.T.);
#11139 = ORIENTED_EDGE('',*,*,#11140,.T.);
#11140 = EDGE_CURVE('',#1808,#6792,#11141,.T.);
#11141 = SURFACE_CURVE('',#11142,(#11146,#11153),.PCURVE_S1.);
#11142 = LINE('',#11143,#11144);
#11143 = CARTESIAN_POINT('',(138.018,-91.836,1.51));
#11144 = VECTOR('',#11145,1.);
#11145 = DIRECTION('',(0.,0.,1.));
#11146 = PCURVE('',#1850,#11147);
#11147 = DEFINITIONAL_REPRESENTATION('',(#11148),#11152);
#11148 = LINE('',#11149,#11150);
#11149 = CARTESIAN_POINT('',(1.570796326795,0.));
#11150 = VECTOR('',#11151,1.);
#11151 = DIRECTION('',(0.,1.));
#11152 = ( GEOMETRIC_REPRESENTATION_CONTEXT(2) 
PARAMETRIC_REPRESENTATION_CONTEXT() REPRESENTATION_CONTEXT('2D SPACE',''
  ) );
#11153 = PCURVE('',#1822,#11154);
#11154 = DEFINITIONAL_REPRESENTATION('',(#11155),#11159);
#11155 = LINE('',#11156,#11157);
#11156 = CARTESIAN_POINT('',(1.,-1.));
#11157 = VECTOR('',#11158,1.);
#11158 = DIRECTION('',(0.,-1.));
#11159 = ( GEOMETRIC_REPRESENTATION_CONTEXT(2) 
PARAMETRIC_REPRESENTATION_CONTEXT() REPRESENTATION_CONTEXT('2D SPACE',''
  ) );
#11160 = ORIENTED_EDGE('',*,*,#6812,.F.);
#11161 = ORIENTED_EDGE('',*,*,#11088,.F.);
#11162 = ADVANCED_FACE('',(#11163),#1795,.F.);
#11163 = FACE_BOUND('',#11164,.T.);
#11164 = EDGE_LOOP('',(#11165,#11166,#11187,#11188));
#11165 = ORIENTED_EDGE('',*,*,#1774,.T.);
#11166 = ORIENTED_EDGE('',*,*,#11167,.T.);
#11167 = EDGE_CURVE('',#1775,#6764,#11168,.T.);
#11168 = SURFACE_CURVE('',#11169,(#11173,#11180),.PCURVE_S1.);
#11169 = LINE('',#11170,#11171);
#11170 = CARTESIAN_POINT('',(138.018,-103.836,1.51));
#11171 = VECTOR('',#11172,1.);
#11172 = DIRECTION('',(0.,0.,1.));
#11173 = PCURVE('',#1795,#11174);
#11174 = DEFINITIONAL_REPRESENTATION('',(#11175),#11179);
#11175 = LINE('',#11176,#11177);
#11176 = CARTESIAN_POINT('',(-1.570796326795,0.));
#11177 = VECTOR('',#11178,1.);
#11178 = DIRECTION('',(-0.,1.));
#11179 = ( GEOMETRIC_REPRESENTATION_CONTEXT(2) 
PARAMETRIC_REPRESENTATION_CONTEXT() REPRESENTATION_CONTEXT('2D SPACE',''
  ) );
#11180 = PCURVE('',#1822,#11181);
#11181 = DEFINITIONAL_REPRESENTATION('',(#11182),#11186);
#11182 = LINE('',#11183,#11184);
#11183 = CARTESIAN_POINT('',(13.,-1.));
#11184 = VECTOR('',#11185,1.);
#11185 = DIRECTION('',(0.,-1.));
#11186 = ( GEOMETRIC_REPRESENTATION_CONTEXT(2) 
PARAMETRIC_REPRESENTATION_CONTEXT() REPRESENTATION_CONTEXT('2D SPACE',''
  ) );
#11187 = ORIENTED_EDGE('',*,*,#6763,.F.);
#11188 = ORIENTED_EDGE('',*,*,#11113,.F.);
#11189 = ADVANCED_FACE('',(#11190),#1822,.T.);
#11190 = FACE_BOUND('',#11191,.T.);
#11191 = EDGE_LOOP('',(#11192,#11193,#11194,#11195));
#11192 = ORIENTED_EDGE('',*,*,#1807,.T.);
#11193 = ORIENTED_EDGE('',*,*,#11140,.T.);
#11194 = ORIENTED_EDGE('',*,*,#6791,.F.);
#11195 = ORIENTED_EDGE('',*,*,#11167,.F.);
#11196 = ADVANCED_FACE('',(#11197),#1934,.T.);
#11197 = FACE_BOUND('',#11198,.T.);
#11198 = EDGE_LOOP('',(#11199,#11200,#11221,#11222));
#11199 = ORIENTED_EDGE('',*,*,#1917,.T.);
#11200 = ORIENTED_EDGE('',*,*,#11201,.T.);
#11201 = EDGE_CURVE('',#1920,#6884,#11202,.T.);
#11202 = SURFACE_CURVE('',#11203,(#11207,#11214),.PCURVE_S1.);
#11203 = LINE('',#11204,#11205);
#11204 = CARTESIAN_POINT('',(170.478,-84.232,1.51));
#11205 = VECTOR('',#11206,1.);
#11206 = DIRECTION('',(0.,0.,1.));
#11207 = PCURVE('',#1934,#11208);
#11208 = DEFINITIONAL_REPRESENTATION('',(#11209),#11213);
#11209 = LINE('',#11210,#11211);
#11210 = CARTESIAN_POINT('',(1.,-1.));
#11211 = VECTOR('',#11212,1.);
#11212 = DIRECTION('',(0.,-1.));
#11213 = ( GEOMETRIC_REPRESENTATION_CONTEXT(2) 
PARAMETRIC_REPRESENTATION_CONTEXT() REPRESENTATION_CONTEXT('2D SPACE',''
  ) );
#11214 = PCURVE('',#1966,#11215);
#11215 = DEFINITIONAL_REPRESENTATION('',(#11216),#11220);
#11216 = LINE('',#11217,#11218);
#11217 = CARTESIAN_POINT('',(-0.,0.));
#11218 = VECTOR('',#11219,1.);
#11219 = DIRECTION('',(-0.,1.));
#11220 = ( GEOMETRIC_REPRESENTATION_CONTEXT(2) 
PARAMETRIC_REPRESENTATION_CONTEXT() REPRESENTATION_CONTEXT('2D SPACE',''
  ) );
#11221 = ORIENTED_EDGE('',*,*,#6881,.F.);
#11222 = ORIENTED_EDGE('',*,*,#11223,.F.);
#11223 = EDGE_CURVE('',#1918,#6882,#11224,.T.);
#11224 = SURFACE_CURVE('',#11225,(#11229,#11236),.PCURVE_S1.);
#11225 = LINE('',#11226,#11227);
#11226 = CARTESIAN_POINT('',(170.478,-72.232,1.51));
#11227 = VECTOR('',#11228,1.);
#11228 = DIRECTION('',(0.,0.,1.));
#11229 = PCURVE('',#1934,#11230);
#11230 = DEFINITIONAL_REPRESENTATION('',(#11231),#11235);
#11231 = LINE('',#11232,#11233);
#11232 = CARTESIAN_POINT('',(13.,-1.));
#11233 = VECTOR('',#11234,1.);
#11234 = DIRECTION('',(0.,-1.));
#11235 = ( GEOMETRIC_REPRESENTATION_CONTEXT(2) 
PARAMETRIC_REPRESENTATION_CONTEXT() REPRESENTATION_CONTEXT('2D SPACE',''
  ) );
#11236 = PCURVE('',#2133,#11237);
#11237 = DEFINITIONAL_REPRESENTATION('',(#11238),#11242);
#11238 = LINE('',#11239,#11240);
#11239 = CARTESIAN_POINT('',(0.,0.));
#11240 = VECTOR('',#11241,1.);
#11241 = DIRECTION('',(0.,1.));
#11242 = ( GEOMETRIC_REPRESENTATION_CONTEXT(2) 
PARAMETRIC_REPRESENTATION_CONTEXT() REPRESENTATION_CONTEXT('2D SPACE',''
  ) );
#11243 = ADVANCED_FACE('',(#11244),#2133,.F.);
#11244 = FACE_BOUND('',#11245,.F.);
#11245 = EDGE_LOOP('',(#11246,#11247,#11268,#11269));
#11246 = ORIENTED_EDGE('',*,*,#2118,.T.);
#11247 = ORIENTED_EDGE('',*,*,#11248,.T.);
#11248 = EDGE_CURVE('',#2093,#7027,#11249,.T.);
#11249 = SURFACE_CURVE('',#11250,(#11254,#11261),.PCURVE_S1.);
#11250 = LINE('',#11251,#11252);
#11251 = CARTESIAN_POINT('',(169.478,-71.232,1.51));
#11252 = VECTOR('',#11253,1.);
#11253 = DIRECTION('',(0.,0.,1.));
#11254 = PCURVE('',#2133,#11255);
#11255 = DEFINITIONAL_REPRESENTATION('',(#11256),#11260);
#11256 = LINE('',#11257,#11258);
#11257 = CARTESIAN_POINT('',(1.570796326795,0.));
#11258 = VECTOR('',#11259,1.);
#11259 = DIRECTION('',(0.,1.));
#11260 = ( GEOMETRIC_REPRESENTATION_CONTEXT(2) 
PARAMETRIC_REPRESENTATION_CONTEXT() REPRESENTATION_CONTEXT('2D SPACE',''
  ) );
#11261 = PCURVE('',#2107,#11262);
#11262 = DEFINITIONAL_REPRESENTATION('',(#11263),#11267);
#11263 = LINE('',#11264,#11265);
#11264 = CARTESIAN_POINT('',(1.,-1.));
#11265 = VECTOR('',#11266,1.);
#11266 = DIRECTION('',(0.,-1.));
#11267 = ( GEOMETRIC_REPRESENTATION_CONTEXT(2) 
PARAMETRIC_REPRESENTATION_CONTEXT() REPRESENTATION_CONTEXT('2D SPACE',''
  ) );
#11268 = ORIENTED_EDGE('',*,*,#7047,.F.);
#11269 = ORIENTED_EDGE('',*,*,#11223,.F.);
#11270 = ADVANCED_FACE('',(#11271),#1966,.F.);
#11271 = FACE_BOUND('',#11272,.T.);
#11272 = EDGE_LOOP('',(#11273,#11274,#11295,#11296));
#11273 = ORIENTED_EDGE('',*,*,#1945,.T.);
#11274 = ORIENTED_EDGE('',*,*,#11275,.T.);
#11275 = EDGE_CURVE('',#1946,#6905,#11276,.T.);
#11276 = SURFACE_CURVE('',#11277,(#11281,#11288),.PCURVE_S1.);
#11277 = LINE('',#11278,#11279);
#11278 = CARTESIAN_POINT('',(169.478,-85.232,1.51));
#11279 = VECTOR('',#11280,1.);
#11280 = DIRECTION('',(0.,0.,1.));
#11281 = PCURVE('',#1966,#11282);
#11282 = DEFINITIONAL_REPRESENTATION('',(#11283),#11287);
#11283 = LINE('',#11284,#11285);
#11284 = CARTESIAN_POINT('',(-1.570796326795,0.));
#11285 = VECTOR('',#11286,1.);
#11286 = DIRECTION('',(-0.,1.));
#11287 = ( GEOMETRIC_REPRESENTATION_CONTEXT(2) 
PARAMETRIC_REPRESENTATION_CONTEXT() REPRESENTATION_CONTEXT('2D SPACE',''
  ) );
#11288 = PCURVE('',#1993,#11289);
#11289 = DEFINITIONAL_REPRESENTATION('',(#11290),#11294);
#11290 = LINE('',#11291,#11292);
#11291 = CARTESIAN_POINT('',(13.,-1.));
#11292 = VECTOR('',#11293,1.);
#11293 = DIRECTION('',(0.,-1.));
#11294 = ( GEOMETRIC_REPRESENTATION_CONTEXT(2) 
PARAMETRIC_REPRESENTATION_CONTEXT() REPRESENTATION_CONTEXT('2D SPACE',''
  ) );
#11295 = ORIENTED_EDGE('',*,*,#6904,.F.);
#11296 = ORIENTED_EDGE('',*,*,#11201,.F.);
#11297 = ADVANCED_FACE('',(#11298),#2107,.T.);
#11298 = FACE_BOUND('',#11299,.T.);
#11299 = EDGE_LOOP('',(#11300,#11301,#11302,#11303));
#11300 = ORIENTED_EDGE('',*,*,#2092,.T.);
#11301 = ORIENTED_EDGE('',*,*,#11248,.T.);
#11302 = ORIENTED_EDGE('',*,*,#7026,.F.);
#11303 = ORIENTED_EDGE('',*,*,#11304,.F.);
#11304 = EDGE_CURVE('',#2064,#7003,#11305,.T.);
#11305 = SURFACE_CURVE('',#11306,(#11310,#11317),.PCURVE_S1.);
#11306 = LINE('',#11307,#11308);
#11307 = CARTESIAN_POINT('',(157.478,-71.232,1.51));
#11308 = VECTOR('',#11309,1.);
#11309 = DIRECTION('',(0.,0.,1.));
#11310 = PCURVE('',#2107,#11311);
#11311 = DEFINITIONAL_REPRESENTATION('',(#11312),#11316);
#11312 = LINE('',#11313,#11314);
#11313 = CARTESIAN_POINT('',(13.,-1.));
#11314 = VECTOR('',#11315,1.);
#11315 = DIRECTION('',(0.,-1.));
#11316 = ( GEOMETRIC_REPRESENTATION_CONTEXT(2) 
PARAMETRIC_REPRESENTATION_CONTEXT() REPRESENTATION_CONTEXT('2D SPACE',''
  ) );
#11317 = PCURVE('',#2080,#11318);
#11318 = DEFINITIONAL_REPRESENTATION('',(#11319),#11323);
#11319 = LINE('',#11320,#11321);
#11320 = CARTESIAN_POINT('',(0.,0.));
#11321 = VECTOR('',#11322,1.);
#11322 = DIRECTION('',(0.,1.));
#11323 = ( GEOMETRIC_REPRESENTATION_CONTEXT(2) 
PARAMETRIC_REPRESENTATION_CONTEXT() REPRESENTATION_CONTEXT('2D SPACE',''
  ) );
#11324 = ADVANCED_FACE('',(#11325),#1993,.T.);
#11325 = FACE_BOUND('',#11326,.T.);
#11326 = EDGE_LOOP('',(#11327,#11328,#11349,#11350));
#11327 = ORIENTED_EDGE('',*,*,#1978,.T.);
#11328 = ORIENTED_EDGE('',*,*,#11329,.T.);
#11329 = EDGE_CURVE('',#1979,#6933,#11330,.T.);
#11330 = SURFACE_CURVE('',#11331,(#11335,#11342),.PCURVE_S1.);
#11331 = LINE('',#11332,#11333);
#11332 = CARTESIAN_POINT('',(157.478,-85.232,1.51));
#11333 = VECTOR('',#11334,1.);
#11334 = DIRECTION('',(0.,0.,1.));
#11335 = PCURVE('',#1993,#11336);
#11336 = DEFINITIONAL_REPRESENTATION('',(#11337),#11341);
#11337 = LINE('',#11338,#11339);
#11338 = CARTESIAN_POINT('',(1.,-1.));
#11339 = VECTOR('',#11340,1.);
#11340 = DIRECTION('',(0.,-1.));
#11341 = ( GEOMETRIC_REPRESENTATION_CONTEXT(2) 
PARAMETRIC_REPRESENTATION_CONTEXT() REPRESENTATION_CONTEXT('2D SPACE',''
  ) );
#11342 = PCURVE('',#2025,#11343);
#11343 = DEFINITIONAL_REPRESENTATION('',(#11344),#11348);
#11344 = LINE('',#11345,#11346);
#11345 = CARTESIAN_POINT('',(-0.,0.));
#11346 = VECTOR('',#11347,1.);
#11347 = DIRECTION('',(-0.,1.));
#11348 = ( GEOMETRIC_REPRESENTATION_CONTEXT(2) 
PARAMETRIC_REPRESENTATION_CONTEXT() REPRESENTATION_CONTEXT('2D SPACE',''
  ) );
#11349 = ORIENTED_EDGE('',*,*,#6932,.F.);
#11350 = ORIENTED_EDGE('',*,*,#11275,.F.);
#11351 = ADVANCED_FACE('',(#11352),#2080,.F.);
#11352 = FACE_BOUND('',#11353,.F.);
#11353 = EDGE_LOOP('',(#11354,#11355,#11376,#11377));
#11354 = ORIENTED_EDGE('',*,*,#2063,.T.);
#11355 = ORIENTED_EDGE('',*,*,#11356,.T.);
#11356 = EDGE_CURVE('',#2038,#6982,#11357,.T.);
#11357 = SURFACE_CURVE('',#11358,(#11362,#11369),.PCURVE_S1.);
#11358 = LINE('',#11359,#11360);
#11359 = CARTESIAN_POINT('',(156.478,-72.232,1.51));
#11360 = VECTOR('',#11361,1.);
#11361 = DIRECTION('',(0.,0.,1.));
#11362 = PCURVE('',#2080,#11363);
#11363 = DEFINITIONAL_REPRESENTATION('',(#11364),#11368);
#11364 = LINE('',#11365,#11366);
#11365 = CARTESIAN_POINT('',(1.570796326795,0.));
#11366 = VECTOR('',#11367,1.);
#11367 = DIRECTION('',(0.,1.));
#11368 = ( GEOMETRIC_REPRESENTATION_CONTEXT(2) 
PARAMETRIC_REPRESENTATION_CONTEXT() REPRESENTATION_CONTEXT('2D SPACE',''
  ) );
#11369 = PCURVE('',#2052,#11370);
#11370 = DEFINITIONAL_REPRESENTATION('',(#11371),#11375);
#11371 = LINE('',#11372,#11373);
#11372 = CARTESIAN_POINT('',(1.,-1.));
#11373 = VECTOR('',#11374,1.);
#11374 = DIRECTION('',(0.,-1.));
#11375 = ( GEOMETRIC_REPRESENTATION_CONTEXT(2) 
PARAMETRIC_REPRESENTATION_CONTEXT() REPRESENTATION_CONTEXT('2D SPACE',''
  ) );
#11376 = ORIENTED_EDGE('',*,*,#7002,.F.);
#11377 = ORIENTED_EDGE('',*,*,#11304,.F.);
#11378 = ADVANCED_FACE('',(#11379),#2025,.F.);
#11379 = FACE_BOUND('',#11380,.T.);
#11380 = EDGE_LOOP('',(#11381,#11382,#11403,#11404));
#11381 = ORIENTED_EDGE('',*,*,#2004,.T.);
#11382 = ORIENTED_EDGE('',*,*,#11383,.T.);
#11383 = EDGE_CURVE('',#2005,#6954,#11384,.T.);
#11384 = SURFACE_CURVE('',#11385,(#11389,#11396),.PCURVE_S1.);
#11385 = LINE('',#11386,#11387);
#11386 = CARTESIAN_POINT('',(156.478,-84.232,1.51));
#11387 = VECTOR('',#11388,1.);
#11388 = DIRECTION('',(0.,0.,1.));
#11389 = PCURVE('',#2025,#11390);
#11390 = DEFINITIONAL_REPRESENTATION('',(#11391),#11395);
#11391 = LINE('',#11392,#11393);
#11392 = CARTESIAN_POINT('',(-1.570796326795,0.));
#11393 = VECTOR('',#11394,1.);
#11394 = DIRECTION('',(-0.,1.));
#11395 = ( GEOMETRIC_REPRESENTATION_CONTEXT(2) 
PARAMETRIC_REPRESENTATION_CONTEXT() REPRESENTATION_CONTEXT('2D SPACE',''
  ) );
#11396 = PCURVE('',#2052,#11397);
#11397 = DEFINITIONAL_REPRESENTATION('',(#11398),#11402);
#11398 = LINE('',#11399,#11400);
#11399 = CARTESIAN_POINT('',(13.,-1.));
#11400 = VECTOR('',#11401,1.);
#11401 = DIRECTION('',(0.,-1.));
#11402 = ( GEOMETRIC_REPRESENTATION_CONTEXT(2) 
PARAMETRIC_REPRESENTATION_CONTEXT() REPRESENTATION_CONTEXT('2D SPACE',''
  ) );
#11403 = ORIENTED_EDGE('',*,*,#6953,.F.);
#11404 = ORIENTED_EDGE('',*,*,#11329,.F.);
#11405 = ADVANCED_FACE('',(#11406),#2052,.T.);
#11406 = FACE_BOUND('',#11407,.T.);
#11407 = EDGE_LOOP('',(#11408,#11409,#11410,#11411));
#11408 = ORIENTED_EDGE('',*,*,#2037,.T.);
#11409 = ORIENTED_EDGE('',*,*,#11356,.T.);
#11410 = ORIENTED_EDGE('',*,*,#6981,.F.);
#11411 = ORIENTED_EDGE('',*,*,#11383,.F.);
#11412 = ADVANCED_FACE('',(#11413),#2164,.T.);
#11413 = FACE_BOUND('',#11414,.T.);
#11414 = EDGE_LOOP('',(#11415,#11416,#11437,#11438));
#11415 = ORIENTED_EDGE('',*,*,#2147,.T.);
#11416 = ORIENTED_EDGE('',*,*,#11417,.T.);
#11417 = EDGE_CURVE('',#2150,#7074,#11418,.T.);
#11418 = SURFACE_CURVE('',#11419,(#11423,#11430),.PCURVE_S1.);
#11419 = LINE('',#11420,#11421);
#11420 = CARTESIAN_POINT('',(188.492,-81.692,1.51));
#11421 = VECTOR('',#11422,1.);
#11422 = DIRECTION('',(0.,0.,1.));
#11423 = PCURVE('',#2164,#11424);
#11424 = DEFINITIONAL_REPRESENTATION('',(#11425),#11429);
#11425 = LINE('',#11426,#11427);
#11426 = CARTESIAN_POINT('',(1.,-1.));
#11427 = VECTOR('',#11428,1.);
#11428 = DIRECTION('',(0.,-1.));
#11429 = ( GEOMETRIC_REPRESENTATION_CONTEXT(2) 
PARAMETRIC_REPRESENTATION_CONTEXT() REPRESENTATION_CONTEXT('2D SPACE',''
  ) );
#11430 = PCURVE('',#2196,#11431);
#11431 = DEFINITIONAL_REPRESENTATION('',(#11432),#11436);
#11432 = LINE('',#11433,#11434);
#11433 = CARTESIAN_POINT('',(-0.,0.));
#11434 = VECTOR('',#11435,1.);
#11435 = DIRECTION('',(-0.,1.));
#11436 = ( GEOMETRIC_REPRESENTATION_CONTEXT(2) 
PARAMETRIC_REPRESENTATION_CONTEXT() REPRESENTATION_CONTEXT('2D SPACE',''
  ) );
#11437 = ORIENTED_EDGE('',*,*,#7071,.F.);
#11438 = ORIENTED_EDGE('',*,*,#11439,.F.);
#11439 = EDGE_CURVE('',#2148,#7072,#11440,.T.);
#11440 = SURFACE_CURVE('',#11441,(#11445,#11452),.PCURVE_S1.);
#11441 = LINE('',#11442,#11443);
#11442 = CARTESIAN_POINT('',(188.492,-69.692,1.51));
#11443 = VECTOR('',#11444,1.);
#11444 = DIRECTION('',(0.,0.,1.));
#11445 = PCURVE('',#2164,#11446);
#11446 = DEFINITIONAL_REPRESENTATION('',(#11447),#11451);
#11447 = LINE('',#11448,#11449);
#11448 = CARTESIAN_POINT('',(13.,-1.));
#11449 = VECTOR('',#11450,1.);
#11450 = DIRECTION('',(0.,-1.));
#11451 = ( GEOMETRIC_REPRESENTATION_CONTEXT(2) 
PARAMETRIC_REPRESENTATION_CONTEXT() REPRESENTATION_CONTEXT('2D SPACE',''
  ) );
#11452 = PCURVE('',#2363,#11453);
#11453 = DEFINITIONAL_REPRESENTATION('',(#11454),#11458);
#11454 = LINE('',#11455,#11456);
#11455 = CARTESIAN_POINT('',(0.,0.));
#11456 = VECTOR('',#11457,1.);
#11457 = DIRECTION('',(0.,1.));
#11458 = ( GEOMETRIC_REPRESENTATION_CONTEXT(2) 
PARAMETRIC_REPRESENTATION_CONTEXT() REPRESENTATION_CONTEXT('2D SPACE',''
  ) );
#11459 = ADVANCED_FACE('',(#11460),#2363,.F.);
#11460 = FACE_BOUND('',#11461,.F.);
#11461 = EDGE_LOOP('',(#11462,#11463,#11484,#11485));
#11462 = ORIENTED_EDGE('',*,*,#2348,.T.);
#11463 = ORIENTED_EDGE('',*,*,#11464,.T.);
#11464 = EDGE_CURVE('',#2323,#7217,#11465,.T.);
#11465 = SURFACE_CURVE('',#11466,(#11470,#11477),.PCURVE_S1.);
#11466 = LINE('',#11467,#11468);
#11467 = CARTESIAN_POINT('',(187.492,-68.692,1.51));
#11468 = VECTOR('',#11469,1.);
#11469 = DIRECTION('',(0.,0.,1.));
#11470 = PCURVE('',#2363,#11471);
#11471 = DEFINITIONAL_REPRESENTATION('',(#11472),#11476);
#11472 = LINE('',#11473,#11474);
#11473 = CARTESIAN_POINT('',(1.570796326795,0.));
#11474 = VECTOR('',#11475,1.);
#11475 = DIRECTION('',(0.,1.));
#11476 = ( GEOMETRIC_REPRESENTATION_CONTEXT(2) 
PARAMETRIC_REPRESENTATION_CONTEXT() REPRESENTATION_CONTEXT('2D SPACE',''
  ) );
#11477 = PCURVE('',#2337,#11478);
#11478 = DEFINITIONAL_REPRESENTATION('',(#11479),#11483);
#11479 = LINE('',#11480,#11481);
#11480 = CARTESIAN_POINT('',(1.,-1.));
#11481 = VECTOR('',#11482,1.);
#11482 = DIRECTION('',(0.,-1.));
#11483 = ( GEOMETRIC_REPRESENTATION_CONTEXT(2) 
PARAMETRIC_REPRESENTATION_CONTEXT() REPRESENTATION_CONTEXT('2D SPACE',''
  ) );
#11484 = ORIENTED_EDGE('',*,*,#7237,.F.);
#11485 = ORIENTED_EDGE('',*,*,#11439,.F.);
#11486 = ADVANCED_FACE('',(#11487),#2196,.F.);
#11487 = FACE_BOUND('',#11488,.T.);
#11488 = EDGE_LOOP('',(#11489,#11490,#11511,#11512));
#11489 = ORIENTED_EDGE('',*,*,#2175,.T.);
#11490 = ORIENTED_EDGE('',*,*,#11491,.T.);
#11491 = EDGE_CURVE('',#2176,#7095,#11492,.T.);
#11492 = SURFACE_CURVE('',#11493,(#11497,#11504),.PCURVE_S1.);
#11493 = LINE('',#11494,#11495);
#11494 = CARTESIAN_POINT('',(187.492,-82.692,1.51));
#11495 = VECTOR('',#11496,1.);
#11496 = DIRECTION('',(0.,0.,1.));
#11497 = PCURVE('',#2196,#11498);
#11498 = DEFINITIONAL_REPRESENTATION('',(#11499),#11503);
#11499 = LINE('',#11500,#11501);
#11500 = CARTESIAN_POINT('',(-1.570796326795,0.));
#11501 = VECTOR('',#11502,1.);
#11502 = DIRECTION('',(-0.,1.));
#11503 = ( GEOMETRIC_REPRESENTATION_CONTEXT(2) 
PARAMETRIC_REPRESENTATION_CONTEXT() REPRESENTATION_CONTEXT('2D SPACE',''
  ) );
#11504 = PCURVE('',#2223,#11505);
#11505 = DEFINITIONAL_REPRESENTATION('',(#11506),#11510);
#11506 = LINE('',#11507,#11508);
#11507 = CARTESIAN_POINT('',(13.,-1.));
#11508 = VECTOR('',#11509,1.);
#11509 = DIRECTION('',(0.,-1.));
#11510 = ( GEOMETRIC_REPRESENTATION_CONTEXT(2) 
PARAMETRIC_REPRESENTATION_CONTEXT() REPRESENTATION_CONTEXT('2D SPACE',''
  ) );
#11511 = ORIENTED_EDGE('',*,*,#7094,.F.);
#11512 = ORIENTED_EDGE('',*,*,#11417,.F.);
#11513 = ADVANCED_FACE('',(#11514),#2337,.T.);
#11514 = FACE_BOUND('',#11515,.T.);
#11515 = EDGE_LOOP('',(#11516,#11517,#11518,#11519));
#11516 = ORIENTED_EDGE('',*,*,#2322,.T.);
#11517 = ORIENTED_EDGE('',*,*,#11464,.T.);
#11518 = ORIENTED_EDGE('',*,*,#7216,.F.);
#11519 = ORIENTED_EDGE('',*,*,#11520,.F.);
#11520 = EDGE_CURVE('',#2294,#7193,#11521,.T.);
#11521 = SURFACE_CURVE('',#11522,(#11526,#11533),.PCURVE_S1.);
#11522 = LINE('',#11523,#11524);
#11523 = CARTESIAN_POINT('',(175.492,-68.692,1.51));
#11524 = VECTOR('',#11525,1.);
#11525 = DIRECTION('',(0.,0.,1.));
#11526 = PCURVE('',#2337,#11527);
#11527 = DEFINITIONAL_REPRESENTATION('',(#11528),#11532);
#11528 = LINE('',#11529,#11530);
#11529 = CARTESIAN_POINT('',(13.,-1.));
#11530 = VECTOR('',#11531,1.);
#11531 = DIRECTION('',(0.,-1.));
#11532 = ( GEOMETRIC_REPRESENTATION_CONTEXT(2) 
PARAMETRIC_REPRESENTATION_CONTEXT() REPRESENTATION_CONTEXT('2D SPACE',''
  ) );
#11533 = PCURVE('',#2310,#11534);
#11534 = DEFINITIONAL_REPRESENTATION('',(#11535),#11539);
#11535 = LINE('',#11536,#11537);
#11536 = CARTESIAN_POINT('',(0.,0.));
#11537 = VECTOR('',#11538,1.);
#11538 = DIRECTION('',(0.,1.));
#11539 = ( GEOMETRIC_REPRESENTATION_CONTEXT(2) 
PARAMETRIC_REPRESENTATION_CONTEXT() REPRESENTATION_CONTEXT('2D SPACE',''
  ) );
#11540 = ADVANCED_FACE('',(#11541),#2223,.T.);
#11541 = FACE_BOUND('',#11542,.T.);
#11542 = EDGE_LOOP('',(#11543,#11544,#11565,#11566));
#11543 = ORIENTED_EDGE('',*,*,#2208,.T.);
#11544 = ORIENTED_EDGE('',*,*,#11545,.T.);
#11545 = EDGE_CURVE('',#2209,#7123,#11546,.T.);
#11546 = SURFACE_CURVE('',#11547,(#11551,#11558),.PCURVE_S1.);
#11547 = LINE('',#11548,#11549);
#11548 = CARTESIAN_POINT('',(175.492,-82.692,1.51));
#11549 = VECTOR('',#11550,1.);
#11550 = DIRECTION('',(0.,0.,1.));
#11551 = PCURVE('',#2223,#11552);
#11552 = DEFINITIONAL_REPRESENTATION('',(#11553),#11557);
#11553 = LINE('',#11554,#11555);
#11554 = CARTESIAN_POINT('',(1.,-1.));
#11555 = VECTOR('',#11556,1.);
#11556 = DIRECTION('',(0.,-1.));
#11557 = ( GEOMETRIC_REPRESENTATION_CONTEXT(2) 
PARAMETRIC_REPRESENTATION_CONTEXT() REPRESENTATION_CONTEXT('2D SPACE',''
  ) );
#11558 = PCURVE('',#2255,#11559);
#11559 = DEFINITIONAL_REPRESENTATION('',(#11560),#11564);
#11560 = LINE('',#11561,#11562);
#11561 = CARTESIAN_POINT('',(-0.,0.));
#11562 = VECTOR('',#11563,1.);
#11563 = DIRECTION('',(-0.,1.));
#11564 = ( GEOMETRIC_REPRESENTATION_CONTEXT(2) 
PARAMETRIC_REPRESENTATION_CONTEXT() REPRESENTATION_CONTEXT('2D SPACE',''
  ) );
#11565 = ORIENTED_EDGE('',*,*,#7122,.F.);
#11566 = ORIENTED_EDGE('',*,*,#11491,.F.);
#11567 = ADVANCED_FACE('',(#11568),#2310,.F.);
#11568 = FACE_BOUND('',#11569,.F.);
#11569 = EDGE_LOOP('',(#11570,#11571,#11592,#11593));
#11570 = ORIENTED_EDGE('',*,*,#2293,.T.);
#11571 = ORIENTED_EDGE('',*,*,#11572,.T.);
#11572 = EDGE_CURVE('',#2268,#7172,#11573,.T.);
#11573 = SURFACE_CURVE('',#11574,(#11578,#11585),.PCURVE_S1.);
#11574 = LINE('',#11575,#11576);
#11575 = CARTESIAN_POINT('',(174.492,-69.692,1.51));
#11576 = VECTOR('',#11577,1.);
#11577 = DIRECTION('',(0.,0.,1.));
#11578 = PCURVE('',#2310,#11579);
#11579 = DEFINITIONAL_REPRESENTATION('',(#11580),#11584);
#11580 = LINE('',#11581,#11582);
#11581 = CARTESIAN_POINT('',(1.570796326795,0.));
#11582 = VECTOR('',#11583,1.);
#11583 = DIRECTION('',(0.,1.));
#11584 = ( GEOMETRIC_REPRESENTATION_CONTEXT(2) 
PARAMETRIC_REPRESENTATION_CONTEXT() REPRESENTATION_CONTEXT('2D SPACE',''
  ) );
#11585 = PCURVE('',#2282,#11586);
#11586 = DEFINITIONAL_REPRESENTATION('',(#11587),#11591);
#11587 = LINE('',#11588,#11589);
#11588 = CARTESIAN_POINT('',(1.,-1.));
#11589 = VECTOR('',#11590,1.);
#11590 = DIRECTION('',(0.,-1.));
#11591 = ( GEOMETRIC_REPRESENTATION_CONTEXT(2) 
PARAMETRIC_REPRESENTATION_CONTEXT() REPRESENTATION_CONTEXT('2D SPACE',''
  ) );
#11592 = ORIENTED_EDGE('',*,*,#7192,.F.);
#11593 = ORIENTED_EDGE('',*,*,#11520,.F.);
#11594 = ADVANCED_FACE('',(#11595),#2255,.F.);
#11595 = FACE_BOUND('',#11596,.T.);
#11596 = EDGE_LOOP('',(#11597,#11598,#11619,#11620));
#11597 = ORIENTED_EDGE('',*,*,#2234,.T.);
#11598 = ORIENTED_EDGE('',*,*,#11599,.T.);
#11599 = EDGE_CURVE('',#2235,#7144,#11600,.T.);
#11600 = SURFACE_CURVE('',#11601,(#11605,#11612),.PCURVE_S1.);
#11601 = LINE('',#11602,#11603);
#11602 = CARTESIAN_POINT('',(174.492,-81.692,1.51));
#11603 = VECTOR('',#11604,1.);
#11604 = DIRECTION('',(0.,0.,1.));
#11605 = PCURVE('',#2255,#11606);
#11606 = DEFINITIONAL_REPRESENTATION('',(#11607),#11611);
#11607 = LINE('',#11608,#11609);
#11608 = CARTESIAN_POINT('',(-1.570796326795,0.));
#11609 = VECTOR('',#11610,1.);
#11610 = DIRECTION('',(-0.,1.));
#11611 = ( GEOMETRIC_REPRESENTATION_CONTEXT(2) 
PARAMETRIC_REPRESENTATION_CONTEXT() REPRESENTATION_CONTEXT('2D SPACE',''
  ) );
#11612 = PCURVE('',#2282,#11613);
#11613 = DEFINITIONAL_REPRESENTATION('',(#11614),#11618);
#11614 = LINE('',#11615,#11616);
#11615 = CARTESIAN_POINT('',(13.,-1.));
#11616 = VECTOR('',#11617,1.);
#11617 = DIRECTION('',(0.,-1.));
#11618 = ( GEOMETRIC_REPRESENTATION_CONTEXT(2) 
PARAMETRIC_REPRESENTATION_CONTEXT() REPRESENTATION_CONTEXT('2D SPACE',''
  ) );
#11619 = ORIENTED_EDGE('',*,*,#7143,.F.);
#11620 = ORIENTED_EDGE('',*,*,#11545,.F.);
#11621 = ADVANCED_FACE('',(#11622),#2282,.T.);
#11622 = FACE_BOUND('',#11623,.T.);
#11623 = EDGE_LOOP('',(#11624,#11625,#11626,#11627));
#11624 = ORIENTED_EDGE('',*,*,#2267,.T.);
#11625 = ORIENTED_EDGE('',*,*,#11572,.T.);
#11626 = ORIENTED_EDGE('',*,*,#7171,.F.);
#11627 = ORIENTED_EDGE('',*,*,#11599,.F.);
#11628 = ADVANCED_FACE('',(#11629),#2394,.T.);
#11629 = FACE_BOUND('',#11630,.T.);
#11630 = EDGE_LOOP('',(#11631,#11632,#11653,#11654));
#11631 = ORIENTED_EDGE('',*,*,#2377,.T.);
#11632 = ORIENTED_EDGE('',*,*,#11633,.T.);
#11633 = EDGE_CURVE('',#2380,#7264,#11634,.T.);
#11634 = SURFACE_CURVE('',#11635,(#11639,#11646),.PCURVE_S1.);
#11635 = LINE('',#11636,#11637);
#11636 = CARTESIAN_POINT('',(240.025469,-101.234653,1.51));
#11637 = VECTOR('',#11638,1.);
#11638 = DIRECTION('',(0.,0.,1.));
#11639 = PCURVE('',#2394,#11640);
#11640 = DEFINITIONAL_REPRESENTATION('',(#11641),#11645);
#11641 = LINE('',#11642,#11643);
#11642 = CARTESIAN_POINT('',(1.,-1.));
#11643 = VECTOR('',#11644,1.);
#11644 = DIRECTION('',(0.,-1.));
#11645 = ( GEOMETRIC_REPRESENTATION_CONTEXT(2) 
PARAMETRIC_REPRESENTATION_CONTEXT() REPRESENTATION_CONTEXT('2D SPACE',''
  ) );
#11646 = PCURVE('',#2426,#11647);
#11647 = DEFINITIONAL_REPRESENTATION('',(#11648),#11652);
#11648 = LINE('',#11649,#11650);
#11649 = CARTESIAN_POINT('',(-0.,0.));
#11650 = VECTOR('',#11651,1.);
#11651 = DIRECTION('',(-0.,1.));
#11652 = ( GEOMETRIC_REPRESENTATION_CONTEXT(2) 
PARAMETRIC_REPRESENTATION_CONTEXT() REPRESENTATION_CONTEXT('2D SPACE',''
  ) );
#11653 = ORIENTED_EDGE('',*,*,#7261,.F.);
#11654 = ORIENTED_EDGE('',*,*,#11655,.F.);
#11655 = EDGE_CURVE('',#2378,#7262,#11656,.T.);
#11656 = SURFACE_CURVE('',#11657,(#11661,#11668),.PCURVE_S1.);
#11657 = LINE('',#11658,#11659);
#11658 = CARTESIAN_POINT('',(240.025469,-89.234653,1.51));
#11659 = VECTOR('',#11660,1.);
#11660 = DIRECTION('',(0.,0.,1.));
#11661 = PCURVE('',#2394,#11662);
#11662 = DEFINITIONAL_REPRESENTATION('',(#11663),#11667);
#11663 = LINE('',#11664,#11665);
#11664 = CARTESIAN_POINT('',(13.,-1.));
#11665 = VECTOR('',#11666,1.);
#11666 = DIRECTION('',(0.,-1.));
#11667 = ( GEOMETRIC_REPRESENTATION_CONTEXT(2) 
PARAMETRIC_REPRESENTATION_CONTEXT() REPRESENTATION_CONTEXT('2D SPACE',''
  ) );
#11668 = PCURVE('',#2593,#11669);
#11669 = DEFINITIONAL_REPRESENTATION('',(#11670),#11674);
#11670 = LINE('',#11671,#11672);
#11671 = CARTESIAN_POINT('',(0.,0.));
#11672 = VECTOR('',#11673,1.);
#11673 = DIRECTION('',(0.,1.));
#11674 = ( GEOMETRIC_REPRESENTATION_CONTEXT(2) 
PARAMETRIC_REPRESENTATION_CONTEXT() REPRESENTATION_CONTEXT('2D SPACE',''
  ) );
#11675 = ADVANCED_FACE('',(#11676),#2593,.F.);
#11676 = FACE_BOUND('',#11677,.F.);
#11677 = EDGE_LOOP('',(#11678,#11679,#11700,#11701));
#11678 = ORIENTED_EDGE('',*,*,#2578,.T.);
#11679 = ORIENTED_EDGE('',*,*,#11680,.T.);
#11680 = EDGE_CURVE('',#2553,#7407,#11681,.T.);
#11681 = SURFACE_CURVE('',#11682,(#11686,#11693),.PCURVE_S1.);
#11682 = LINE('',#11683,#11684);
#11683 = CARTESIAN_POINT('',(239.025469,-88.234653,1.51));
#11684 = VECTOR('',#11685,1.);
#11685 = DIRECTION('',(0.,0.,1.));
#11686 = PCURVE('',#2593,#11687);
#11687 = DEFINITIONAL_REPRESENTATION('',(#11688),#11692);
#11688 = LINE('',#11689,#11690);
#11689 = CARTESIAN_POINT('',(1.570796326795,0.));
#11690 = VECTOR('',#11691,1.);
#11691 = DIRECTION('',(0.,1.));
#11692 = ( GEOMETRIC_REPRESENTATION_CONTEXT(2) 
PARAMETRIC_REPRESENTATION_CONTEXT() REPRESENTATION_CONTEXT('2D SPACE',''
  ) );
#11693 = PCURVE('',#2567,#11694);
#11694 = DEFINITIONAL_REPRESENTATION('',(#11695),#11699);
#11695 = LINE('',#11696,#11697);
#11696 = CARTESIAN_POINT('',(1.,-1.));
#11697 = VECTOR('',#11698,1.);
#11698 = DIRECTION('',(0.,-1.));
#11699 = ( GEOMETRIC_REPRESENTATION_CONTEXT(2) 
PARAMETRIC_REPRESENTATION_CONTEXT() REPRESENTATION_CONTEXT('2D SPACE',''
  ) );
#11700 = ORIENTED_EDGE('',*,*,#7427,.F.);
#11701 = ORIENTED_EDGE('',*,*,#11655,.F.);
#11702 = ADVANCED_FACE('',(#11703),#2426,.F.);
#11703 = FACE_BOUND('',#11704,.T.);
#11704 = EDGE_LOOP('',(#11705,#11706,#11727,#11728));
#11705 = ORIENTED_EDGE('',*,*,#2405,.T.);
#11706 = ORIENTED_EDGE('',*,*,#11707,.T.);
#11707 = EDGE_CURVE('',#2406,#7285,#11708,.T.);
#11708 = SURFACE_CURVE('',#11709,(#11713,#11720),.PCURVE_S1.);
#11709 = LINE('',#11710,#11711);
#11710 = CARTESIAN_POINT('',(239.025469,-102.234653,1.51));
#11711 = VECTOR('',#11712,1.);
#11712 = DIRECTION('',(0.,0.,1.));
#11713 = PCURVE('',#2426,#11714);
#11714 = DEFINITIONAL_REPRESENTATION('',(#11715),#11719);
#11715 = LINE('',#11716,#11717);
#11716 = CARTESIAN_POINT('',(-1.570796326795,0.));
#11717 = VECTOR('',#11718,1.);
#11718 = DIRECTION('',(-0.,1.));
#11719 = ( GEOMETRIC_REPRESENTATION_CONTEXT(2) 
PARAMETRIC_REPRESENTATION_CONTEXT() REPRESENTATION_CONTEXT('2D SPACE',''
  ) );
#11720 = PCURVE('',#2453,#11721);
#11721 = DEFINITIONAL_REPRESENTATION('',(#11722),#11726);
#11722 = LINE('',#11723,#11724);
#11723 = CARTESIAN_POINT('',(13.,-1.));
#11724 = VECTOR('',#11725,1.);
#11725 = DIRECTION('',(0.,-1.));
#11726 = ( GEOMETRIC_REPRESENTATION_CONTEXT(2) 
PARAMETRIC_REPRESENTATION_CONTEXT() REPRESENTATION_CONTEXT('2D SPACE',''
  ) );
#11727 = ORIENTED_EDGE('',*,*,#7284,.F.);
#11728 = ORIENTED_EDGE('',*,*,#11633,.F.);
#11729 = ADVANCED_FACE('',(#11730),#2567,.T.);
#11730 = FACE_BOUND('',#11731,.T.);
#11731 = EDGE_LOOP('',(#11732,#11733,#11734,#11735));
#11732 = ORIENTED_EDGE('',*,*,#2552,.T.);
#11733 = ORIENTED_EDGE('',*,*,#11680,.T.);
#11734 = ORIENTED_EDGE('',*,*,#7406,.F.);
#11735 = ORIENTED_EDGE('',*,*,#11736,.F.);
#11736 = EDGE_CURVE('',#2524,#7383,#11737,.T.);
#11737 = SURFACE_CURVE('',#11738,(#11742,#11749),.PCURVE_S1.);
#11738 = LINE('',#11739,#11740);
#11739 = CARTESIAN_POINT('',(227.025469,-88.234653,1.51));
#11740 = VECTOR('',#11741,1.);
#11741 = DIRECTION('',(0.,0.,1.));
#11742 = PCURVE('',#2567,#11743);
#11743 = DEFINITIONAL_REPRESENTATION('',(#11744),#11748);
#11744 = LINE('',#11745,#11746);
#11745 = CARTESIAN_POINT('',(13.,-1.));
#11746 = VECTOR('',#11747,1.);
#11747 = DIRECTION('',(0.,-1.));
#11748 = ( GEOMETRIC_REPRESENTATION_CONTEXT(2) 
PARAMETRIC_REPRESENTATION_CONTEXT() REPRESENTATION_CONTEXT('2D SPACE',''
  ) );
#11749 = PCURVE('',#2540,#11750);
#11750 = DEFINITIONAL_REPRESENTATION('',(#11751),#11755);
#11751 = LINE('',#11752,#11753);
#11752 = CARTESIAN_POINT('',(0.,0.));
#11753 = VECTOR('',#11754,1.);
#11754 = DIRECTION('',(0.,1.));
#11755 = ( GEOMETRIC_REPRESENTATION_CONTEXT(2) 
PARAMETRIC_REPRESENTATION_CONTEXT() REPRESENTATION_CONTEXT('2D SPACE',''
  ) );
#11756 = ADVANCED_FACE('',(#11757),#2453,.T.);
#11757 = FACE_BOUND('',#11758,.T.);
#11758 = EDGE_LOOP('',(#11759,#11760,#11781,#11782));
#11759 = ORIENTED_EDGE('',*,*,#2438,.T.);
#11760 = ORIENTED_EDGE('',*,*,#11761,.T.);
#11761 = EDGE_CURVE('',#2439,#7313,#11762,.T.);
#11762 = SURFACE_CURVE('',#11763,(#11767,#11774),.PCURVE_S1.);
#11763 = LINE('',#11764,#11765);
#11764 = CARTESIAN_POINT('',(227.025469,-102.234653,1.51));
#11765 = VECTOR('',#11766,1.);
#11766 = DIRECTION('',(0.,0.,1.));
#11767 = PCURVE('',#2453,#11768);
#11768 = DEFINITIONAL_REPRESENTATION('',(#11769),#11773);
#11769 = LINE('',#11770,#11771);
#11770 = CARTESIAN_POINT('',(1.,-1.));
#11771 = VECTOR('',#11772,1.);
#11772 = DIRECTION('',(0.,-1.));
#11773 = ( GEOMETRIC_REPRESENTATION_CONTEXT(2) 
PARAMETRIC_REPRESENTATION_CONTEXT() REPRESENTATION_CONTEXT('2D SPACE',''
  ) );
#11774 = PCURVE('',#2485,#11775);
#11775 = DEFINITIONAL_REPRESENTATION('',(#11776),#11780);
#11776 = LINE('',#11777,#11778);
#11777 = CARTESIAN_POINT('',(-0.,0.));
#11778 = VECTOR('',#11779,1.);
#11779 = DIRECTION('',(-0.,1.));
#11780 = ( GEOMETRIC_REPRESENTATION_CONTEXT(2) 
PARAMETRIC_REPRESENTATION_CONTEXT() REPRESENTATION_CONTEXT('2D SPACE',''
  ) );
#11781 = ORIENTED_EDGE('',*,*,#7312,.F.);
#11782 = ORIENTED_EDGE('',*,*,#11707,.F.);
#11783 = ADVANCED_FACE('',(#11784),#2540,.F.);
#11784 = FACE_BOUND('',#11785,.F.);
#11785 = EDGE_LOOP('',(#11786,#11787,#11808,#11809));
#11786 = ORIENTED_EDGE('',*,*,#2523,.T.);
#11787 = ORIENTED_EDGE('',*,*,#11788,.T.);
#11788 = EDGE_CURVE('',#2498,#7362,#11789,.T.);
#11789 = SURFACE_CURVE('',#11790,(#11794,#11801),.PCURVE_S1.);
#11790 = LINE('',#11791,#11792);
#11791 = CARTESIAN_POINT('',(226.025469,-89.234653,1.51));
#11792 = VECTOR('',#11793,1.);
#11793 = DIRECTION('',(0.,0.,1.));
#11794 = PCURVE('',#2540,#11795);
#11795 = DEFINITIONAL_REPRESENTATION('',(#11796),#11800);
#11796 = LINE('',#11797,#11798);
#11797 = CARTESIAN_POINT('',(1.570796326795,0.));
#11798 = VECTOR('',#11799,1.);
#11799 = DIRECTION('',(0.,1.));
#11800 = ( GEOMETRIC_REPRESENTATION_CONTEXT(2) 
PARAMETRIC_REPRESENTATION_CONTEXT() REPRESENTATION_CONTEXT('2D SPACE',''
  ) );
#11801 = PCURVE('',#2512,#11802);
#11802 = DEFINITIONAL_REPRESENTATION('',(#11803),#11807);
#11803 = LINE('',#11804,#11805);
#11804 = CARTESIAN_POINT('',(1.,-1.));
#11805 = VECTOR('',#11806,1.);
#11806 = DIRECTION('',(0.,-1.));
#11807 = ( GEOMETRIC_REPRESENTATION_CONTEXT(2) 
PARAMETRIC_REPRESENTATION_CONTEXT() REPRESENTATION_CONTEXT('2D SPACE',''
  ) );
#11808 = ORIENTED_EDGE('',*,*,#7382,.F.);
#11809 = ORIENTED_EDGE('',*,*,#11736,.F.);
#11810 = ADVANCED_FACE('',(#11811),#2485,.F.);
#11811 = FACE_BOUND('',#11812,.T.);
#11812 = EDGE_LOOP('',(#11813,#11814,#11835,#11836));
#11813 = ORIENTED_EDGE('',*,*,#2464,.T.);
#11814 = ORIENTED_EDGE('',*,*,#11815,.T.);
#11815 = EDGE_CURVE('',#2465,#7334,#11816,.T.);
#11816 = SURFACE_CURVE('',#11817,(#11821,#11828),.PCURVE_S1.);
#11817 = LINE('',#11818,#11819);
#11818 = CARTESIAN_POINT('',(226.025469,-101.234653,1.51));
#11819 = VECTOR('',#11820,1.);
#11820 = DIRECTION('',(0.,0.,1.));
#11821 = PCURVE('',#2485,#11822);
#11822 = DEFINITIONAL_REPRESENTATION('',(#11823),#11827);
#11823 = LINE('',#11824,#11825);
#11824 = CARTESIAN_POINT('',(-1.570796326795,0.));
#11825 = VECTOR('',#11826,1.);
#11826 = DIRECTION('',(-0.,1.));
#11827 = ( GEOMETRIC_REPRESENTATION_CONTEXT(2) 
PARAMETRIC_REPRESENTATION_CONTEXT() REPRESENTATION_CONTEXT('2D SPACE',''
  ) );
#11828 = PCURVE('',#2512,#11829);
#11829 = DEFINITIONAL_REPRESENTATION('',(#11830),#11834);
#11830 = LINE('',#11831,#11832);
#11831 = CARTESIAN_POINT('',(13.,-1.));
#11832 = VECTOR('',#11833,1.);
#11833 = DIRECTION('',(0.,-1.));
#11834 = ( GEOMETRIC_REPRESENTATION_CONTEXT(2) 
PARAMETRIC_REPRESENTATION_CONTEXT() REPRESENTATION_CONTEXT('2D SPACE',''
  ) );
#11835 = ORIENTED_EDGE('',*,*,#7333,.F.);
#11836 = ORIENTED_EDGE('',*,*,#11761,.F.);
#11837 = ADVANCED_FACE('',(#11838),#2512,.T.);
#11838 = FACE_BOUND('',#11839,.T.);
#11839 = EDGE_LOOP('',(#11840,#11841,#11842,#11843));
#11840 = ORIENTED_EDGE('',*,*,#2497,.T.);
#11841 = ORIENTED_EDGE('',*,*,#11788,.T.);
#11842 = ORIENTED_EDGE('',*,*,#7361,.F.);
#11843 = ORIENTED_EDGE('',*,*,#11815,.F.);
#11844 = ADVANCED_FACE('',(#11845),#2624,.T.);
#11845 = FACE_BOUND('',#11846,.T.);
#11846 = EDGE_LOOP('',(#11847,#11848,#11869,#11870));
#11847 = ORIENTED_EDGE('',*,*,#2607,.T.);
#11848 = ORIENTED_EDGE('',*,*,#11849,.T.);
#11849 = EDGE_CURVE('',#2610,#7454,#11850,.T.);
#11850 = SURFACE_CURVE('',#11851,(#11855,#11862),.PCURVE_S1.);
#11851 = LINE('',#11852,#11853);
#11852 = CARTESIAN_POINT('',(224.86487,-82.41334,1.51));
#11853 = VECTOR('',#11854,1.);
#11854 = DIRECTION('',(0.,0.,1.));
#11855 = PCURVE('',#2624,#11856);
#11856 = DEFINITIONAL_REPRESENTATION('',(#11857),#11861);
#11857 = LINE('',#11858,#11859);
#11858 = CARTESIAN_POINT('',(1.,-1.));
#11859 = VECTOR('',#11860,1.);
#11860 = DIRECTION('',(0.,-1.));
#11861 = ( GEOMETRIC_REPRESENTATION_CONTEXT(2) 
PARAMETRIC_REPRESENTATION_CONTEXT() REPRESENTATION_CONTEXT('2D SPACE',''
  ) );
#11862 = PCURVE('',#2656,#11863);
#11863 = DEFINITIONAL_REPRESENTATION('',(#11864),#11868);
#11864 = LINE('',#11865,#11866);
#11865 = CARTESIAN_POINT('',(-0.,0.));
#11866 = VECTOR('',#11867,1.);
#11867 = DIRECTION('',(-0.,1.));
#11868 = ( GEOMETRIC_REPRESENTATION_CONTEXT(2) 
PARAMETRIC_REPRESENTATION_CONTEXT() REPRESENTATION_CONTEXT('2D SPACE',''
  ) );
#11869 = ORIENTED_EDGE('',*,*,#7451,.F.);
#11870 = ORIENTED_EDGE('',*,*,#11871,.F.);
#11871 = EDGE_CURVE('',#2608,#7452,#11872,.T.);
#11872 = SURFACE_CURVE('',#11873,(#11877,#11884),.PCURVE_S1.);
#11873 = LINE('',#11874,#11875);
#11874 = CARTESIAN_POINT('',(224.86487,-70.41334,1.51));
#11875 = VECTOR('',#11876,1.);
#11876 = DIRECTION('',(0.,0.,1.));
#11877 = PCURVE('',#2624,#11878);
#11878 = DEFINITIONAL_REPRESENTATION('',(#11879),#11883);
#11879 = LINE('',#11880,#11881);
#11880 = CARTESIAN_POINT('',(13.,-1.));
#11881 = VECTOR('',#11882,1.);
#11882 = DIRECTION('',(0.,-1.));
#11883 = ( GEOMETRIC_REPRESENTATION_CONTEXT(2) 
PARAMETRIC_REPRESENTATION_CONTEXT() REPRESENTATION_CONTEXT('2D SPACE',''
  ) );
#11884 = PCURVE('',#2823,#11885);
#11885 = DEFINITIONAL_REPRESENTATION('',(#11886),#11890);
#11886 = LINE('',#11887,#11888);
#11887 = CARTESIAN_POINT('',(0.,0.));
#11888 = VECTOR('',#11889,1.);
#11889 = DIRECTION('',(0.,1.));
#11890 = ( GEOMETRIC_REPRESENTATION_CONTEXT(2) 
PARAMETRIC_REPRESENTATION_CONTEXT() REPRESENTATION_CONTEXT('2D SPACE',''
  ) );
#11891 = ADVANCED_FACE('',(#11892),#2823,.F.);
#11892 = FACE_BOUND('',#11893,.F.);
#11893 = EDGE_LOOP('',(#11894,#11895,#11916,#11917));
#11894 = ORIENTED_EDGE('',*,*,#2808,.T.);
#11895 = ORIENTED_EDGE('',*,*,#11896,.T.);
#11896 = EDGE_CURVE('',#2783,#7597,#11897,.T.);
#11897 = SURFACE_CURVE('',#11898,(#11902,#11909),.PCURVE_S1.);
#11898 = LINE('',#11899,#11900);
#11899 = CARTESIAN_POINT('',(223.86487,-69.41334,1.51));
#11900 = VECTOR('',#11901,1.);
#11901 = DIRECTION('',(0.,0.,1.));
#11902 = PCURVE('',#2823,#11903);
#11903 = DEFINITIONAL_REPRESENTATION('',(#11904),#11908);
#11904 = LINE('',#11905,#11906);
#11905 = CARTESIAN_POINT('',(1.570796326795,0.));
#11906 = VECTOR('',#11907,1.);
#11907 = DIRECTION('',(0.,1.));
#11908 = ( GEOMETRIC_REPRESENTATION_CONTEXT(2) 
PARAMETRIC_REPRESENTATION_CONTEXT() REPRESENTATION_CONTEXT('2D SPACE',''
  ) );
#11909 = PCURVE('',#2797,#11910);
#11910 = DEFINITIONAL_REPRESENTATION('',(#11911),#11915);
#11911 = LINE('',#11912,#11913);
#11912 = CARTESIAN_POINT('',(1.,-1.));
#11913 = VECTOR('',#11914,1.);
#11914 = DIRECTION('',(0.,-1.));
#11915 = ( GEOMETRIC_REPRESENTATION_CONTEXT(2) 
PARAMETRIC_REPRESENTATION_CONTEXT() REPRESENTATION_CONTEXT('2D SPACE',''
  ) );
#11916 = ORIENTED_EDGE('',*,*,#7617,.F.);
#11917 = ORIENTED_EDGE('',*,*,#11871,.F.);
#11918 = ADVANCED_FACE('',(#11919),#2656,.F.);
#11919 = FACE_BOUND('',#11920,.T.);
#11920 = EDGE_LOOP('',(#11921,#11922,#11943,#11944));
#11921 = ORIENTED_EDGE('',*,*,#2635,.T.);
#11922 = ORIENTED_EDGE('',*,*,#11923,.T.);
#11923 = EDGE_CURVE('',#2636,#7475,#11924,.T.);
#11924 = SURFACE_CURVE('',#11925,(#11929,#11936),.PCURVE_S1.);
#11925 = LINE('',#11926,#11927);
#11926 = CARTESIAN_POINT('',(223.86487,-83.41334,1.51));
#11927 = VECTOR('',#11928,1.);
#11928 = DIRECTION('',(0.,0.,1.));
#11929 = PCURVE('',#2656,#11930);
#11930 = DEFINITIONAL_REPRESENTATION('',(#11931),#11935);
#11931 = LINE('',#11932,#11933);
#11932 = CARTESIAN_POINT('',(-1.570796326795,0.));
#11933 = VECTOR('',#11934,1.);
#11934 = DIRECTION('',(-0.,1.));
#11935 = ( GEOMETRIC_REPRESENTATION_CONTEXT(2) 
PARAMETRIC_REPRESENTATION_CONTEXT() REPRESENTATION_CONTEXT('2D SPACE',''
  ) );
#11936 = PCURVE('',#2683,#11937);
#11937 = DEFINITIONAL_REPRESENTATION('',(#11938),#11942);
#11938 = LINE('',#11939,#11940);
#11939 = CARTESIAN_POINT('',(13.,-1.));
#11940 = VECTOR('',#11941,1.);
#11941 = DIRECTION('',(0.,-1.));
#11942 = ( GEOMETRIC_REPRESENTATION_CONTEXT(2) 
PARAMETRIC_REPRESENTATION_CONTEXT() REPRESENTATION_CONTEXT('2D SPACE',''
  ) );
#11943 = ORIENTED_EDGE('',*,*,#7474,.F.);
#11944 = ORIENTED_EDGE('',*,*,#11849,.F.);
#11945 = ADVANCED_FACE('',(#11946),#2797,.T.);
#11946 = FACE_BOUND('',#11947,.T.);
#11947 = EDGE_LOOP('',(#11948,#11949,#11950,#11951));
#11948 = ORIENTED_EDGE('',*,*,#2782,.T.);
#11949 = ORIENTED_EDGE('',*,*,#11896,.T.);
#11950 = ORIENTED_EDGE('',*,*,#7596,.F.);
#11951 = ORIENTED_EDGE('',*,*,#11952,.F.);
#11952 = EDGE_CURVE('',#2754,#7573,#11953,.T.);
#11953 = SURFACE_CURVE('',#11954,(#11958,#11965),.PCURVE_S1.);
#11954 = LINE('',#11955,#11956);
#11955 = CARTESIAN_POINT('',(211.86487,-69.41334,1.51));
#11956 = VECTOR('',#11957,1.);
#11957 = DIRECTION('',(0.,0.,1.));
#11958 = PCURVE('',#2797,#11959);
#11959 = DEFINITIONAL_REPRESENTATION('',(#11960),#11964);
#11960 = LINE('',#11961,#11962);
#11961 = CARTESIAN_POINT('',(13.,-1.));
#11962 = VECTOR('',#11963,1.);
#11963 = DIRECTION('',(0.,-1.));
#11964 = ( GEOMETRIC_REPRESENTATION_CONTEXT(2) 
PARAMETRIC_REPRESENTATION_CONTEXT() REPRESENTATION_CONTEXT('2D SPACE',''
  ) );
#11965 = PCURVE('',#2770,#11966);
#11966 = DEFINITIONAL_REPRESENTATION('',(#11967),#11971);
#11967 = LINE('',#11968,#11969);
#11968 = CARTESIAN_POINT('',(0.,0.));
#11969 = VECTOR('',#11970,1.);
#11970 = DIRECTION('',(0.,1.));
#11971 = ( GEOMETRIC_REPRESENTATION_CONTEXT(2) 
PARAMETRIC_REPRESENTATION_CONTEXT() REPRESENTATION_CONTEXT('2D SPACE',''
  ) );
#11972 = ADVANCED_FACE('',(#11973),#2683,.T.);
#11973 = FACE_BOUND('',#11974,.T.);
#11974 = EDGE_LOOP('',(#11975,#11976,#11997,#11998));
#11975 = ORIENTED_EDGE('',*,*,#2668,.T.);
#11976 = ORIENTED_EDGE('',*,*,#11977,.T.);
#11977 = EDGE_CURVE('',#2669,#7503,#11978,.T.);
#11978 = SURFACE_CURVE('',#11979,(#11983,#11990),.PCURVE_S1.);
#11979 = LINE('',#11980,#11981);
#11980 = CARTESIAN_POINT('',(211.86487,-83.41334,1.51));
#11981 = VECTOR('',#11982,1.);
#11982 = DIRECTION('',(0.,0.,1.));
#11983 = PCURVE('',#2683,#11984);
#11984 = DEFINITIONAL_REPRESENTATION('',(#11985),#11989);
#11985 = LINE('',#11986,#11987);
#11986 = CARTESIAN_POINT('',(1.,-1.));
#11987 = VECTOR('',#11988,1.);
#11988 = DIRECTION('',(0.,-1.));
#11989 = ( GEOMETRIC_REPRESENTATION_CONTEXT(2) 
PARAMETRIC_REPRESENTATION_CONTEXT() REPRESENTATION_CONTEXT('2D SPACE',''
  ) );
#11990 = PCURVE('',#2715,#11991);
#11991 = DEFINITIONAL_REPRESENTATION('',(#11992),#11996);
#11992 = LINE('',#11993,#11994);
#11993 = CARTESIAN_POINT('',(-0.,0.));
#11994 = VECTOR('',#11995,1.);
#11995 = DIRECTION('',(-0.,1.));
#11996 = ( GEOMETRIC_REPRESENTATION_CONTEXT(2) 
PARAMETRIC_REPRESENTATION_CONTEXT() REPRESENTATION_CONTEXT('2D SPACE',''
  ) );
#11997 = ORIENTED_EDGE('',*,*,#7502,.F.);
#11998 = ORIENTED_EDGE('',*,*,#11923,.F.);
#11999 = ADVANCED_FACE('',(#12000),#2770,.F.);
#12000 = FACE_BOUND('',#12001,.F.);
#12001 = EDGE_LOOP('',(#12002,#12003,#12024,#12025));
#12002 = ORIENTED_EDGE('',*,*,#2753,.T.);
#12003 = ORIENTED_EDGE('',*,*,#12004,.T.);
#12004 = EDGE_CURVE('',#2728,#7552,#12005,.T.);
#12005 = SURFACE_CURVE('',#12006,(#12010,#12017),.PCURVE_S1.);
#12006 = LINE('',#12007,#12008);
#12007 = CARTESIAN_POINT('',(210.86487,-70.41334,1.51));
#12008 = VECTOR('',#12009,1.);
#12009 = DIRECTION('',(0.,0.,1.));
#12010 = PCURVE('',#2770,#12011);
#12011 = DEFINITIONAL_REPRESENTATION('',(#12012),#12016);
#12012 = LINE('',#12013,#12014);
#12013 = CARTESIAN_POINT('',(1.570796326795,0.));
#12014 = VECTOR('',#12015,1.);
#12015 = DIRECTION('',(0.,1.));
#12016 = ( GEOMETRIC_REPRESENTATION_CONTEXT(2) 
PARAMETRIC_REPRESENTATION_CONTEXT() REPRESENTATION_CONTEXT('2D SPACE',''
  ) );
#12017 = PCURVE('',#2742,#12018);
#12018 = DEFINITIONAL_REPRESENTATION('',(#12019),#12023);
#12019 = LINE('',#12020,#12021);
#12020 = CARTESIAN_POINT('',(1.,-1.));
#12021 = VECTOR('',#12022,1.);
#12022 = DIRECTION('',(0.,-1.));
#12023 = ( GEOMETRIC_REPRESENTATION_CONTEXT(2) 
PARAMETRIC_REPRESENTATION_CONTEXT() REPRESENTATION_CONTEXT('2D SPACE',''
  ) );
#12024 = ORIENTED_EDGE('',*,*,#7572,.F.);
#12025 = ORIENTED_EDGE('',*,*,#11952,.F.);
#12026 = ADVANCED_FACE('',(#12027),#2715,.F.);
#12027 = FACE_BOUND('',#12028,.T.);
#12028 = EDGE_LOOP('',(#12029,#12030,#12051,#12052));
#12029 = ORIENTED_EDGE('',*,*,#2694,.T.);
#12030 = ORIENTED_EDGE('',*,*,#12031,.T.);
#12031 = EDGE_CURVE('',#2695,#7524,#12032,.T.);
#12032 = SURFACE_CURVE('',#12033,(#12037,#12044),.PCURVE_S1.);
#12033 = LINE('',#12034,#12035);
#12034 = CARTESIAN_POINT('',(210.86487,-82.41334,1.51));
#12035 = VECTOR('',#12036,1.);
#12036 = DIRECTION('',(0.,0.,1.));
#12037 = PCURVE('',#2715,#12038);
#12038 = DEFINITIONAL_REPRESENTATION('',(#12039),#12043);
#12039 = LINE('',#12040,#12041);
#12040 = CARTESIAN_POINT('',(-1.570796326795,0.));
#12041 = VECTOR('',#12042,1.);
#12042 = DIRECTION('',(-0.,1.));
#12043 = ( GEOMETRIC_REPRESENTATION_CONTEXT(2) 
PARAMETRIC_REPRESENTATION_CONTEXT() REPRESENTATION_CONTEXT('2D SPACE',''
  ) );
#12044 = PCURVE('',#2742,#12045);
#12045 = DEFINITIONAL_REPRESENTATION('',(#12046),#12050);
#12046 = LINE('',#12047,#12048);
#12047 = CARTESIAN_POINT('',(13.,-1.));
#12048 = VECTOR('',#12049,1.);
#12049 = DIRECTION('',(0.,-1.));
#12050 = ( GEOMETRIC_REPRESENTATION_CONTEXT(2) 
PARAMETRIC_REPRESENTATION_CONTEXT() REPRESENTATION_CONTEXT('2D SPACE',''
  ) );
#12051 = ORIENTED_EDGE('',*,*,#7523,.F.);
#12052 = ORIENTED_EDGE('',*,*,#11977,.F.);
#12053 = ADVANCED_FACE('',(#12054),#2742,.T.);
#12054 = FACE_BOUND('',#12055,.T.);
#12055 = EDGE_LOOP('',(#12056,#12057,#12058,#12059));
#12056 = ORIENTED_EDGE('',*,*,#2727,.T.);
#12057 = ORIENTED_EDGE('',*,*,#12004,.T.);
#12058 = ORIENTED_EDGE('',*,*,#7551,.F.);
#12059 = ORIENTED_EDGE('',*,*,#12031,.F.);
#12060 = ADVANCED_FACE('',(#12061),#2854,.T.);
#12061 = FACE_BOUND('',#12062,.T.);
#12062 = EDGE_LOOP('',(#12063,#12064,#12085,#12086));
#12063 = ORIENTED_EDGE('',*,*,#2837,.T.);
#12064 = ORIENTED_EDGE('',*,*,#12065,.T.);
#12065 = EDGE_CURVE('',#2840,#7644,#12066,.T.);
#12066 = SURFACE_CURVE('',#12067,(#12071,#12078),.PCURVE_S1.);
#12067 = LINE('',#12068,#12069);
#12068 = CARTESIAN_POINT('',(244.426604,-84.809395,1.51));
#12069 = VECTOR('',#12070,1.);
#12070 = DIRECTION('',(0.,0.,1.));
#12071 = PCURVE('',#2854,#12072);
#12072 = DEFINITIONAL_REPRESENTATION('',(#12073),#12077);
#12073 = LINE('',#12074,#12075);
#12074 = CARTESIAN_POINT('',(1.,-1.));
#12075 = VECTOR('',#12076,1.);
#12076 = DIRECTION('',(0.,-1.));
#12077 = ( GEOMETRIC_REPRESENTATION_CONTEXT(2) 
PARAMETRIC_REPRESENTATION_CONTEXT() REPRESENTATION_CONTEXT('2D SPACE',''
  ) );
#12078 = PCURVE('',#2886,#12079);
#12079 = DEFINITIONAL_REPRESENTATION('',(#12080),#12084);
#12080 = LINE('',#12081,#12082);
#12081 = CARTESIAN_POINT('',(-0.,0.));
#12082 = VECTOR('',#12083,1.);
#12083 = DIRECTION('',(-0.,1.));
#12084 = ( GEOMETRIC_REPRESENTATION_CONTEXT(2) 
PARAMETRIC_REPRESENTATION_CONTEXT() REPRESENTATION_CONTEXT('2D SPACE',''
  ) );
#12085 = ORIENTED_EDGE('',*,*,#7641,.F.);
#12086 = ORIENTED_EDGE('',*,*,#12087,.F.);
#12087 = EDGE_CURVE('',#2838,#7642,#12088,.T.);
#12088 = SURFACE_CURVE('',#12089,(#12093,#12100),.PCURVE_S1.);
#12089 = LINE('',#12090,#12091);
#12090 = CARTESIAN_POINT('',(244.426604,-72.809395,1.51));
#12091 = VECTOR('',#12092,1.);
#12092 = DIRECTION('',(0.,0.,1.));
#12093 = PCURVE('',#2854,#12094);
#12094 = DEFINITIONAL_REPRESENTATION('',(#12095),#12099);
#12095 = LINE('',#12096,#12097);
#12096 = CARTESIAN_POINT('',(13.,-1.));
#12097 = VECTOR('',#12098,1.);
#12098 = DIRECTION('',(0.,-1.));
#12099 = ( GEOMETRIC_REPRESENTATION_CONTEXT(2) 
PARAMETRIC_REPRESENTATION_CONTEXT() REPRESENTATION_CONTEXT('2D SPACE',''
  ) );
#12100 = PCURVE('',#3053,#12101);
#12101 = DEFINITIONAL_REPRESENTATION('',(#12102),#12106);
#12102 = LINE('',#12103,#12104);
#12103 = CARTESIAN_POINT('',(0.,0.));
#12104 = VECTOR('',#12105,1.);
#12105 = DIRECTION('',(0.,1.));
#12106 = ( GEOMETRIC_REPRESENTATION_CONTEXT(2) 
PARAMETRIC_REPRESENTATION_CONTEXT() REPRESENTATION_CONTEXT('2D SPACE',''
  ) );
#12107 = ADVANCED_FACE('',(#12108),#3053,.F.);
#12108 = FACE_BOUND('',#12109,.F.);
#12109 = EDGE_LOOP('',(#12110,#12111,#12132,#12133));
#12110 = ORIENTED_EDGE('',*,*,#3038,.T.);
#12111 = ORIENTED_EDGE('',*,*,#12112,.T.);
#12112 = EDGE_CURVE('',#3013,#7787,#12113,.T.);
#12113 = SURFACE_CURVE('',#12114,(#12118,#12125),.PCURVE_S1.);
#12114 = LINE('',#12115,#12116);
#12115 = CARTESIAN_POINT('',(243.426604,-71.809395,1.51));
#12116 = VECTOR('',#12117,1.);
#12117 = DIRECTION('',(0.,0.,1.));
#12118 = PCURVE('',#3053,#12119);
#12119 = DEFINITIONAL_REPRESENTATION('',(#12120),#12124);
#12120 = LINE('',#12121,#12122);
#12121 = CARTESIAN_POINT('',(1.570796326795,0.));
#12122 = VECTOR('',#12123,1.);
#12123 = DIRECTION('',(0.,1.));
#12124 = ( GEOMETRIC_REPRESENTATION_CONTEXT(2) 
PARAMETRIC_REPRESENTATION_CONTEXT() REPRESENTATION_CONTEXT('2D SPACE',''
  ) );
#12125 = PCURVE('',#3027,#12126);
#12126 = DEFINITIONAL_REPRESENTATION('',(#12127),#12131);
#12127 = LINE('',#12128,#12129);
#12128 = CARTESIAN_POINT('',(1.,-1.));
#12129 = VECTOR('',#12130,1.);
#12130 = DIRECTION('',(0.,-1.));
#12131 = ( GEOMETRIC_REPRESENTATION_CONTEXT(2) 
PARAMETRIC_REPRESENTATION_CONTEXT() REPRESENTATION_CONTEXT('2D SPACE',''
  ) );
#12132 = ORIENTED_EDGE('',*,*,#7807,.F.);
#12133 = ORIENTED_EDGE('',*,*,#12087,.F.);
#12134 = ADVANCED_FACE('',(#12135),#2886,.F.);
#12135 = FACE_BOUND('',#12136,.T.);
#12136 = EDGE_LOOP('',(#12137,#12138,#12159,#12160));
#12137 = ORIENTED_EDGE('',*,*,#2865,.T.);
#12138 = ORIENTED_EDGE('',*,*,#12139,.T.);
#12139 = EDGE_CURVE('',#2866,#7665,#12140,.T.);
#12140 = SURFACE_CURVE('',#12141,(#12145,#12152),.PCURVE_S1.);
#12141 = LINE('',#12142,#12143);
#12142 = CARTESIAN_POINT('',(243.426604,-85.809395,1.51));
#12143 = VECTOR('',#12144,1.);
#12144 = DIRECTION('',(0.,0.,1.));
#12145 = PCURVE('',#2886,#12146);
#12146 = DEFINITIONAL_REPRESENTATION('',(#12147),#12151);
#12147 = LINE('',#12148,#12149);
#12148 = CARTESIAN_POINT('',(-1.570796326795,0.));
#12149 = VECTOR('',#12150,1.);
#12150 = DIRECTION('',(-0.,1.));
#12151 = ( GEOMETRIC_REPRESENTATION_CONTEXT(2) 
PARAMETRIC_REPRESENTATION_CONTEXT() REPRESENTATION_CONTEXT('2D SPACE',''
  ) );
#12152 = PCURVE('',#2913,#12153);
#12153 = DEFINITIONAL_REPRESENTATION('',(#12154),#12158);
#12154 = LINE('',#12155,#12156);
#12155 = CARTESIAN_POINT('',(13.,-1.));
#12156 = VECTOR('',#12157,1.);
#12157 = DIRECTION('',(0.,-1.));
#12158 = ( GEOMETRIC_REPRESENTATION_CONTEXT(2) 
PARAMETRIC_REPRESENTATION_CONTEXT() REPRESENTATION_CONTEXT('2D SPACE',''
  ) );
#12159 = ORIENTED_EDGE('',*,*,#7664,.F.);
#12160 = ORIENTED_EDGE('',*,*,#12065,.F.);
#12161 = ADVANCED_FACE('',(#12162),#3027,.T.);
#12162 = FACE_BOUND('',#12163,.T.);
#12163 = EDGE_LOOP('',(#12164,#12165,#12166,#12167));
#12164 = ORIENTED_EDGE('',*,*,#3012,.T.);
#12165 = ORIENTED_EDGE('',*,*,#12112,.T.);
#12166 = ORIENTED_EDGE('',*,*,#7786,.F.);
#12167 = ORIENTED_EDGE('',*,*,#12168,.F.);
#12168 = EDGE_CURVE('',#2984,#7763,#12169,.T.);
#12169 = SURFACE_CURVE('',#12170,(#12174,#12181),.PCURVE_S1.);
#12170 = LINE('',#12171,#12172);
#12171 = CARTESIAN_POINT('',(231.426604,-71.809395,1.51));
#12172 = VECTOR('',#12173,1.);
#12173 = DIRECTION('',(0.,0.,1.));
#12174 = PCURVE('',#3027,#12175);
#12175 = DEFINITIONAL_REPRESENTATION('',(#12176),#12180);
#12176 = LINE('',#12177,#12178);
#12177 = CARTESIAN_POINT('',(13.,-1.));
#12178 = VECTOR('',#12179,1.);
#12179 = DIRECTION('',(0.,-1.));
#12180 = ( GEOMETRIC_REPRESENTATION_CONTEXT(2) 
PARAMETRIC_REPRESENTATION_CONTEXT() REPRESENTATION_CONTEXT('2D SPACE',''
  ) );
#12181 = PCURVE('',#3000,#12182);
#12182 = DEFINITIONAL_REPRESENTATION('',(#12183),#12187);
#12183 = LINE('',#12184,#12185);
#12184 = CARTESIAN_POINT('',(0.,0.));
#12185 = VECTOR('',#12186,1.);
#12186 = DIRECTION('',(0.,1.));
#12187 = ( GEOMETRIC_REPRESENTATION_CONTEXT(2) 
PARAMETRIC_REPRESENTATION_CONTEXT() REPRESENTATION_CONTEXT('2D SPACE',''
  ) );
#12188 = ADVANCED_FACE('',(#12189),#2913,.T.);
#12189 = FACE_BOUND('',#12190,.T.);
#12190 = EDGE_LOOP('',(#12191,#12192,#12213,#12214));
#12191 = ORIENTED_EDGE('',*,*,#2898,.T.);
#12192 = ORIENTED_EDGE('',*,*,#12193,.T.);
#12193 = EDGE_CURVE('',#2899,#7693,#12194,.T.);
#12194 = SURFACE_CURVE('',#12195,(#12199,#12206),.PCURVE_S1.);
#12195 = LINE('',#12196,#12197);
#12196 = CARTESIAN_POINT('',(231.426604,-85.809395,1.51));
#12197 = VECTOR('',#12198,1.);
#12198 = DIRECTION('',(0.,0.,1.));
#12199 = PCURVE('',#2913,#12200);
#12200 = DEFINITIONAL_REPRESENTATION('',(#12201),#12205);
#12201 = LINE('',#12202,#12203);
#12202 = CARTESIAN_POINT('',(1.,-1.));
#12203 = VECTOR('',#12204,1.);
#12204 = DIRECTION('',(0.,-1.));
#12205 = ( GEOMETRIC_REPRESENTATION_CONTEXT(2) 
PARAMETRIC_REPRESENTATION_CONTEXT() REPRESENTATION_CONTEXT('2D SPACE',''
  ) );
#12206 = PCURVE('',#2945,#12207);
#12207 = DEFINITIONAL_REPRESENTATION('',(#12208),#12212);
#12208 = LINE('',#12209,#12210);
#12209 = CARTESIAN_POINT('',(-0.,0.));
#12210 = VECTOR('',#12211,1.);
#12211 = DIRECTION('',(-0.,1.));
#12212 = ( GEOMETRIC_REPRESENTATION_CONTEXT(2) 
PARAMETRIC_REPRESENTATION_CONTEXT() REPRESENTATION_CONTEXT('2D SPACE',''
  ) );
#12213 = ORIENTED_EDGE('',*,*,#7692,.F.);
#12214 = ORIENTED_EDGE('',*,*,#12139,.F.);
#12215 = ADVANCED_FACE('',(#12216),#3000,.F.);
#12216 = FACE_BOUND('',#12217,.F.);
#12217 = EDGE_LOOP('',(#12218,#12219,#12240,#12241));
#12218 = ORIENTED_EDGE('',*,*,#2983,.T.);
#12219 = ORIENTED_EDGE('',*,*,#12220,.T.);
#12220 = EDGE_CURVE('',#2958,#7742,#12221,.T.);
#12221 = SURFACE_CURVE('',#12222,(#12226,#12233),.PCURVE_S1.);
#12222 = LINE('',#12223,#12224);
#12223 = CARTESIAN_POINT('',(230.426604,-72.809395,1.51));
#12224 = VECTOR('',#12225,1.);
#12225 = DIRECTION('',(0.,0.,1.));
#12226 = PCURVE('',#3000,#12227);
#12227 = DEFINITIONAL_REPRESENTATION('',(#12228),#12232);
#12228 = LINE('',#12229,#12230);
#12229 = CARTESIAN_POINT('',(1.570796326795,0.));
#12230 = VECTOR('',#12231,1.);
#12231 = DIRECTION('',(0.,1.));
#12232 = ( GEOMETRIC_REPRESENTATION_CONTEXT(2) 
PARAMETRIC_REPRESENTATION_CONTEXT() REPRESENTATION_CONTEXT('2D SPACE',''
  ) );
#12233 = PCURVE('',#2972,#12234);
#12234 = DEFINITIONAL_REPRESENTATION('',(#12235),#12239);
#12235 = LINE('',#12236,#12237);
#12236 = CARTESIAN_POINT('',(1.,-1.));
#12237 = VECTOR('',#12238,1.);
#12238 = DIRECTION('',(0.,-1.));
#12239 = ( GEOMETRIC_REPRESENTATION_CONTEXT(2) 
PARAMETRIC_REPRESENTATION_CONTEXT() REPRESENTATION_CONTEXT('2D SPACE',''
  ) );
#12240 = ORIENTED_EDGE('',*,*,#7762,.F.);
#12241 = ORIENTED_EDGE('',*,*,#12168,.F.);
#12242 = ADVANCED_FACE('',(#12243),#2945,.F.);
#12243 = FACE_BOUND('',#12244,.T.);
#12244 = EDGE_LOOP('',(#12245,#12246,#12267,#12268));
#12245 = ORIENTED_EDGE('',*,*,#2924,.T.);
#12246 = ORIENTED_EDGE('',*,*,#12247,.T.);
#12247 = EDGE_CURVE('',#2925,#7714,#12248,.T.);
#12248 = SURFACE_CURVE('',#12249,(#12253,#12260),.PCURVE_S1.);
#12249 = LINE('',#12250,#12251);
#12250 = CARTESIAN_POINT('',(230.426604,-84.809395,1.51));
#12251 = VECTOR('',#12252,1.);
#12252 = DIRECTION('',(0.,0.,1.));
#12253 = PCURVE('',#2945,#12254);
#12254 = DEFINITIONAL_REPRESENTATION('',(#12255),#12259);
#12255 = LINE('',#12256,#12257);
#12256 = CARTESIAN_POINT('',(-1.570796326795,0.));
#12257 = VECTOR('',#12258,1.);
#12258 = DIRECTION('',(-0.,1.));
#12259 = ( GEOMETRIC_REPRESENTATION_CONTEXT(2) 
PARAMETRIC_REPRESENTATION_CONTEXT() REPRESENTATION_CONTEXT('2D SPACE',''
  ) );
#12260 = PCURVE('',#2972,#12261);
#12261 = DEFINITIONAL_REPRESENTATION('',(#12262),#12266);
#12262 = LINE('',#12263,#12264);
#12263 = CARTESIAN_POINT('',(13.,-1.));
#12264 = VECTOR('',#12265,1.);
#12265 = DIRECTION('',(0.,-1.));
#12266 = ( GEOMETRIC_REPRESENTATION_CONTEXT(2) 
PARAMETRIC_REPRESENTATION_CONTEXT() REPRESENTATION_CONTEXT('2D SPACE',''
  ) );
#12267 = ORIENTED_EDGE('',*,*,#7713,.F.);
#12268 = ORIENTED_EDGE('',*,*,#12193,.F.);
#12269 = ADVANCED_FACE('',(#12270),#2972,.T.);
#12270 = FACE_BOUND('',#12271,.T.);
#12271 = EDGE_LOOP('',(#12272,#12273,#12274,#12275));
#12272 = ORIENTED_EDGE('',*,*,#2957,.T.);
#12273 = ORIENTED_EDGE('',*,*,#12220,.T.);
#12274 = ORIENTED_EDGE('',*,*,#7741,.F.);
#12275 = ORIENTED_EDGE('',*,*,#12247,.F.);
#12276 = ADVANCED_FACE('',(#12277),#3084,.T.);
#12277 = FACE_BOUND('',#12278,.T.);
#12278 = EDGE_LOOP('',(#12279,#12280,#12301,#12302));
#12279 = ORIENTED_EDGE('',*,*,#3067,.T.);
#12280 = ORIENTED_EDGE('',*,*,#12281,.T.);
#12281 = EDGE_CURVE('',#3070,#7834,#12282,.T.);
#12282 = SURFACE_CURVE('',#12283,(#12287,#12294),.PCURVE_S1.);
#12283 = LINE('',#12284,#12285);
#12284 = CARTESIAN_POINT('',(170.478,-67.214,1.51));
#12285 = VECTOR('',#12286,1.);
#12286 = DIRECTION('',(0.,0.,1.));
#12287 = PCURVE('',#3084,#12288);
#12288 = DEFINITIONAL_REPRESENTATION('',(#12289),#12293);
#12289 = LINE('',#12290,#12291);
#12290 = CARTESIAN_POINT('',(1.,-1.));
#12291 = VECTOR('',#12292,1.);
#12292 = DIRECTION('',(0.,-1.));
#12293 = ( GEOMETRIC_REPRESENTATION_CONTEXT(2) 
PARAMETRIC_REPRESENTATION_CONTEXT() REPRESENTATION_CONTEXT('2D SPACE',''
  ) );
#12294 = PCURVE('',#3116,#12295);
#12295 = DEFINITIONAL_REPRESENTATION('',(#12296),#12300);
#12296 = LINE('',#12297,#12298);
#12297 = CARTESIAN_POINT('',(-0.,0.));
#12298 = VECTOR('',#12299,1.);
#12299 = DIRECTION('',(-0.,1.));
#12300 = ( GEOMETRIC_REPRESENTATION_CONTEXT(2) 
PARAMETRIC_REPRESENTATION_CONTEXT() REPRESENTATION_CONTEXT('2D SPACE',''
  ) );
#12301 = ORIENTED_EDGE('',*,*,#7831,.F.);
#12302 = ORIENTED_EDGE('',*,*,#12303,.F.);
#12303 = EDGE_CURVE('',#3068,#7832,#12304,.T.);
#12304 = SURFACE_CURVE('',#12305,(#12309,#12316),.PCURVE_S1.);
#12305 = LINE('',#12306,#12307);
#12306 = CARTESIAN_POINT('',(170.478,-55.214,1.51));
#12307 = VECTOR('',#12308,1.);
#12308 = DIRECTION('',(0.,0.,1.));
#12309 = PCURVE('',#3084,#12310);
#12310 = DEFINITIONAL_REPRESENTATION('',(#12311),#12315);
#12311 = LINE('',#12312,#12313);
#12312 = CARTESIAN_POINT('',(13.,-1.));
#12313 = VECTOR('',#12314,1.);
#12314 = DIRECTION('',(0.,-1.));
#12315 = ( GEOMETRIC_REPRESENTATION_CONTEXT(2) 
PARAMETRIC_REPRESENTATION_CONTEXT() REPRESENTATION_CONTEXT('2D SPACE',''
  ) );
#12316 = PCURVE('',#3283,#12317);
#12317 = DEFINITIONAL_REPRESENTATION('',(#12318),#12322);
#12318 = LINE('',#12319,#12320);
#12319 = CARTESIAN_POINT('',(0.,0.));
#12320 = VECTOR('',#12321,1.);
#12321 = DIRECTION('',(0.,1.));
#12322 = ( GEOMETRIC_REPRESENTATION_CONTEXT(2) 
PARAMETRIC_REPRESENTATION_CONTEXT() REPRESENTATION_CONTEXT('2D SPACE',''
  ) );
#12323 = ADVANCED_FACE('',(#12324),#3283,.F.);
#12324 = FACE_BOUND('',#12325,.F.);
#12325 = EDGE_LOOP('',(#12326,#12327,#12348,#12349));
#12326 = ORIENTED_EDGE('',*,*,#3268,.T.);
#12327 = ORIENTED_EDGE('',*,*,#12328,.T.);
#12328 = EDGE_CURVE('',#3243,#7977,#12329,.T.);
#12329 = SURFACE_CURVE('',#12330,(#12334,#12341),.PCURVE_S1.);
#12330 = LINE('',#12331,#12332);
#12331 = CARTESIAN_POINT('',(169.478,-54.214,1.51));
#12332 = VECTOR('',#12333,1.);
#12333 = DIRECTION('',(0.,0.,1.));
#12334 = PCURVE('',#3283,#12335);
#12335 = DEFINITIONAL_REPRESENTATION('',(#12336),#12340);
#12336 = LINE('',#12337,#12338);
#12337 = CARTESIAN_POINT('',(1.570796326795,0.));
#12338 = VECTOR('',#12339,1.);
#12339 = DIRECTION('',(0.,1.));
#12340 = ( GEOMETRIC_REPRESENTATION_CONTEXT(2) 
PARAMETRIC_REPRESENTATION_CONTEXT() REPRESENTATION_CONTEXT('2D SPACE',''
  ) );
#12341 = PCURVE('',#3257,#12342);
#12342 = DEFINITIONAL_REPRESENTATION('',(#12343),#12347);
#12343 = LINE('',#12344,#12345);
#12344 = CARTESIAN_POINT('',(1.,-1.));
#12345 = VECTOR('',#12346,1.);
#12346 = DIRECTION('',(0.,-1.));
#12347 = ( GEOMETRIC_REPRESENTATION_CONTEXT(2) 
PARAMETRIC_REPRESENTATION_CONTEXT() REPRESENTATION_CONTEXT('2D SPACE',''
  ) );
#12348 = ORIENTED_EDGE('',*,*,#7997,.F.);
#12349 = ORIENTED_EDGE('',*,*,#12303,.F.);
#12350 = ADVANCED_FACE('',(#12351),#3116,.F.);
#12351 = FACE_BOUND('',#12352,.T.);
#12352 = EDGE_LOOP('',(#12353,#12354,#12375,#12376));
#12353 = ORIENTED_EDGE('',*,*,#3095,.T.);
#12354 = ORIENTED_EDGE('',*,*,#12355,.T.);
#12355 = EDGE_CURVE('',#3096,#7855,#12356,.T.);
#12356 = SURFACE_CURVE('',#12357,(#12361,#12368),.PCURVE_S1.);
#12357 = LINE('',#12358,#12359);
#12358 = CARTESIAN_POINT('',(169.478,-68.214,1.51));
#12359 = VECTOR('',#12360,1.);
#12360 = DIRECTION('',(0.,0.,1.));
#12361 = PCURVE('',#3116,#12362);
#12362 = DEFINITIONAL_REPRESENTATION('',(#12363),#12367);
#12363 = LINE('',#12364,#12365);
#12364 = CARTESIAN_POINT('',(-1.570796326795,0.));
#12365 = VECTOR('',#12366,1.);
#12366 = DIRECTION('',(-0.,1.));
#12367 = ( GEOMETRIC_REPRESENTATION_CONTEXT(2) 
PARAMETRIC_REPRESENTATION_CONTEXT() REPRESENTATION_CONTEXT('2D SPACE',''
  ) );
#12368 = PCURVE('',#3143,#12369);
#12369 = DEFINITIONAL_REPRESENTATION('',(#12370),#12374);
#12370 = LINE('',#12371,#12372);
#12371 = CARTESIAN_POINT('',(13.,-1.));
#12372 = VECTOR('',#12373,1.);
#12373 = DIRECTION('',(0.,-1.));
#12374 = ( GEOMETRIC_REPRESENTATION_CONTEXT(2) 
PARAMETRIC_REPRESENTATION_CONTEXT() REPRESENTATION_CONTEXT('2D SPACE',''
  ) );
#12375 = ORIENTED_EDGE('',*,*,#7854,.F.);
#12376 = ORIENTED_EDGE('',*,*,#12281,.F.);
#12377 = ADVANCED_FACE('',(#12378),#3257,.T.);
#12378 = FACE_BOUND('',#12379,.T.);
#12379 = EDGE_LOOP('',(#12380,#12381,#12382,#12383));
#12380 = ORIENTED_EDGE('',*,*,#3242,.T.);
#12381 = ORIENTED_EDGE('',*,*,#12328,.T.);
#12382 = ORIENTED_EDGE('',*,*,#7976,.F.);
#12383 = ORIENTED_EDGE('',*,*,#12384,.F.);
#12384 = EDGE_CURVE('',#3214,#7953,#12385,.T.);
#12385 = SURFACE_CURVE('',#12386,(#12390,#12397),.PCURVE_S1.);
#12386 = LINE('',#12387,#12388);
#12387 = CARTESIAN_POINT('',(157.478,-54.214,1.51));
#12388 = VECTOR('',#12389,1.);
#12389 = DIRECTION('',(0.,0.,1.));
#12390 = PCURVE('',#3257,#12391);
#12391 = DEFINITIONAL_REPRESENTATION('',(#12392),#12396);
#12392 = LINE('',#12393,#12394);
#12393 = CARTESIAN_POINT('',(13.,-1.));
#12394 = VECTOR('',#12395,1.);
#12395 = DIRECTION('',(0.,-1.));
#12396 = ( GEOMETRIC_REPRESENTATION_CONTEXT(2) 
PARAMETRIC_REPRESENTATION_CONTEXT() REPRESENTATION_CONTEXT('2D SPACE',''
  ) );
#12397 = PCURVE('',#3230,#12398);
#12398 = DEFINITIONAL_REPRESENTATION('',(#12399),#12403);
#12399 = LINE('',#12400,#12401);
#12400 = CARTESIAN_POINT('',(0.,0.));
#12401 = VECTOR('',#12402,1.);
#12402 = DIRECTION('',(0.,1.));
#12403 = ( GEOMETRIC_REPRESENTATION_CONTEXT(2) 
PARAMETRIC_REPRESENTATION_CONTEXT() REPRESENTATION_CONTEXT('2D SPACE',''
  ) );
#12404 = ADVANCED_FACE('',(#12405),#3143,.T.);
#12405 = FACE_BOUND('',#12406,.T.);
#12406 = EDGE_LOOP('',(#12407,#12408,#12429,#12430));
#12407 = ORIENTED_EDGE('',*,*,#3128,.T.);
#12408 = ORIENTED_EDGE('',*,*,#12409,.T.);
#12409 = EDGE_CURVE('',#3129,#7883,#12410,.T.);
#12410 = SURFACE_CURVE('',#12411,(#12415,#12422),.PCURVE_S1.);
#12411 = LINE('',#12412,#12413);
#12412 = CARTESIAN_POINT('',(157.478,-68.214,1.51));
#12413 = VECTOR('',#12414,1.);
#12414 = DIRECTION('',(0.,0.,1.));
#12415 = PCURVE('',#3143,#12416);
#12416 = DEFINITIONAL_REPRESENTATION('',(#12417),#12421);
#12417 = LINE('',#12418,#12419);
#12418 = CARTESIAN_POINT('',(1.,-1.));
#12419 = VECTOR('',#12420,1.);
#12420 = DIRECTION('',(0.,-1.));
#12421 = ( GEOMETRIC_REPRESENTATION_CONTEXT(2) 
PARAMETRIC_REPRESENTATION_CONTEXT() REPRESENTATION_CONTEXT('2D SPACE',''
  ) );
#12422 = PCURVE('',#3175,#12423);
#12423 = DEFINITIONAL_REPRESENTATION('',(#12424),#12428);
#12424 = LINE('',#12425,#12426);
#12425 = CARTESIAN_POINT('',(-0.,0.));
#12426 = VECTOR('',#12427,1.);
#12427 = DIRECTION('',(-0.,1.));
#12428 = ( GEOMETRIC_REPRESENTATION_CONTEXT(2) 
PARAMETRIC_REPRESENTATION_CONTEXT() REPRESENTATION_CONTEXT('2D SPACE',''
  ) );
#12429 = ORIENTED_EDGE('',*,*,#7882,.F.);
#12430 = ORIENTED_EDGE('',*,*,#12355,.F.);
#12431 = ADVANCED_FACE('',(#12432),#3230,.F.);
#12432 = FACE_BOUND('',#12433,.F.);
#12433 = EDGE_LOOP('',(#12434,#12435,#12456,#12457));
#12434 = ORIENTED_EDGE('',*,*,#3213,.T.);
#12435 = ORIENTED_EDGE('',*,*,#12436,.T.);
#12436 = EDGE_CURVE('',#3188,#7932,#12437,.T.);
#12437 = SURFACE_CURVE('',#12438,(#12442,#12449),.PCURVE_S1.);
#12438 = LINE('',#12439,#12440);
#12439 = CARTESIAN_POINT('',(156.478,-55.214,1.51));
#12440 = VECTOR('',#12441,1.);
#12441 = DIRECTION('',(0.,0.,1.));
#12442 = PCURVE('',#3230,#12443);
#12443 = DEFINITIONAL_REPRESENTATION('',(#12444),#12448);
#12444 = LINE('',#12445,#12446);
#12445 = CARTESIAN_POINT('',(1.570796326795,0.));
#12446 = VECTOR('',#12447,1.);
#12447 = DIRECTION('',(0.,1.));
#12448 = ( GEOMETRIC_REPRESENTATION_CONTEXT(2) 
PARAMETRIC_REPRESENTATION_CONTEXT() REPRESENTATION_CONTEXT('2D SPACE',''
  ) );
#12449 = PCURVE('',#3202,#12450);
#12450 = DEFINITIONAL_REPRESENTATION('',(#12451),#12455);
#12451 = LINE('',#12452,#12453);
#12452 = CARTESIAN_POINT('',(1.,-1.));
#12453 = VECTOR('',#12454,1.);
#12454 = DIRECTION('',(0.,-1.));
#12455 = ( GEOMETRIC_REPRESENTATION_CONTEXT(2) 
PARAMETRIC_REPRESENTATION_CONTEXT() REPRESENTATION_CONTEXT('2D SPACE',''
  ) );
#12456 = ORIENTED_EDGE('',*,*,#7952,.F.);
#12457 = ORIENTED_EDGE('',*,*,#12384,.F.);
#12458 = ADVANCED_FACE('',(#12459),#3175,.F.);
#12459 = FACE_BOUND('',#12460,.T.);
#12460 = EDGE_LOOP('',(#12461,#12462,#12483,#12484));
#12461 = ORIENTED_EDGE('',*,*,#3154,.T.);
#12462 = ORIENTED_EDGE('',*,*,#12463,.T.);
#12463 = EDGE_CURVE('',#3155,#7904,#12464,.T.);
#12464 = SURFACE_CURVE('',#12465,(#12469,#12476),.PCURVE_S1.);
#12465 = LINE('',#12466,#12467);
#12466 = CARTESIAN_POINT('',(156.478,-67.214,1.51));
#12467 = VECTOR('',#12468,1.);
#12468 = DIRECTION('',(0.,0.,1.));
#12469 = PCURVE('',#3175,#12470);
#12470 = DEFINITIONAL_REPRESENTATION('',(#12471),#12475);
#12471 = LINE('',#12472,#12473);
#12472 = CARTESIAN_POINT('',(-1.570796326795,0.));
#12473 = VECTOR('',#12474,1.);
#12474 = DIRECTION('',(-0.,1.));
#12475 = ( GEOMETRIC_REPRESENTATION_CONTEXT(2) 
PARAMETRIC_REPRESENTATION_CONTEXT() REPRESENTATION_CONTEXT('2D SPACE',''
  ) );
#12476 = PCURVE('',#3202,#12477);
#12477 = DEFINITIONAL_REPRESENTATION('',(#12478),#12482);
#12478 = LINE('',#12479,#12480);
#12479 = CARTESIAN_POINT('',(13.,-1.));
#12480 = VECTOR('',#12481,1.);
#12481 = DIRECTION('',(0.,-1.));
#12482 = ( GEOMETRIC_REPRESENTATION_CONTEXT(2) 
PARAMETRIC_REPRESENTATION_CONTEXT() REPRESENTATION_CONTEXT('2D SPACE',''
  ) );
#12483 = ORIENTED_EDGE('',*,*,#7903,.F.);
#12484 = ORIENTED_EDGE('',*,*,#12409,.F.);
#12485 = ADVANCED_FACE('',(#12486),#3202,.T.);
#12486 = FACE_BOUND('',#12487,.T.);
#12487 = EDGE_LOOP('',(#12488,#12489,#12490,#12491));
#12488 = ORIENTED_EDGE('',*,*,#3187,.T.);
#12489 = ORIENTED_EDGE('',*,*,#12436,.T.);
#12490 = ORIENTED_EDGE('',*,*,#7931,.F.);
#12491 = ORIENTED_EDGE('',*,*,#12463,.F.);
#12492 = ADVANCED_FACE('',(#12493),#3314,.T.);
#12493 = FACE_BOUND('',#12494,.T.);
#12494 = EDGE_LOOP('',(#12495,#12496,#12517,#12518));
#12495 = ORIENTED_EDGE('',*,*,#3297,.T.);
#12496 = ORIENTED_EDGE('',*,*,#12497,.T.);
#12497 = EDGE_CURVE('',#3300,#8024,#12498,.T.);
#12498 = SURFACE_CURVE('',#12499,(#12503,#12510),.PCURVE_S1.);
#12499 = LINE('',#12500,#12501);
#12500 = CARTESIAN_POINT('',(188.492,-64.674,1.51));
#12501 = VECTOR('',#12502,1.);
#12502 = DIRECTION('',(0.,0.,1.));
#12503 = PCURVE('',#3314,#12504);
#12504 = DEFINITIONAL_REPRESENTATION('',(#12505),#12509);
#12505 = LINE('',#12506,#12507);
#12506 = CARTESIAN_POINT('',(1.,-1.));
#12507 = VECTOR('',#12508,1.);
#12508 = DIRECTION('',(0.,-1.));
#12509 = ( GEOMETRIC_REPRESENTATION_CONTEXT(2) 
PARAMETRIC_REPRESENTATION_CONTEXT() REPRESENTATION_CONTEXT('2D SPACE',''
  ) );
#12510 = PCURVE('',#3346,#12511);
#12511 = DEFINITIONAL_REPRESENTATION('',(#12512),#12516);
#12512 = LINE('',#12513,#12514);
#12513 = CARTESIAN_POINT('',(-0.,0.));
#12514 = VECTOR('',#12515,1.);
#12515 = DIRECTION('',(-0.,1.));
#12516 = ( GEOMETRIC_REPRESENTATION_CONTEXT(2) 
PARAMETRIC_REPRESENTATION_CONTEXT() REPRESENTATION_CONTEXT('2D SPACE',''
  ) );
#12517 = ORIENTED_EDGE('',*,*,#8021,.F.);
#12518 = ORIENTED_EDGE('',*,*,#12519,.F.);
#12519 = EDGE_CURVE('',#3298,#8022,#12520,.T.);
#12520 = SURFACE_CURVE('',#12521,(#12525,#12532),.PCURVE_S1.);
#12521 = LINE('',#12522,#12523);
#12522 = CARTESIAN_POINT('',(188.492,-52.674,1.51));
#12523 = VECTOR('',#12524,1.);
#12524 = DIRECTION('',(0.,0.,1.));
#12525 = PCURVE('',#3314,#12526);
#12526 = DEFINITIONAL_REPRESENTATION('',(#12527),#12531);
#12527 = LINE('',#12528,#12529);
#12528 = CARTESIAN_POINT('',(13.,-1.));
#12529 = VECTOR('',#12530,1.);
#12530 = DIRECTION('',(0.,-1.));
#12531 = ( GEOMETRIC_REPRESENTATION_CONTEXT(2) 
PARAMETRIC_REPRESENTATION_CONTEXT() REPRESENTATION_CONTEXT('2D SPACE',''
  ) );
#12532 = PCURVE('',#3513,#12533);
#12533 = DEFINITIONAL_REPRESENTATION('',(#12534),#12538);
#12534 = LINE('',#12535,#12536);
#12535 = CARTESIAN_POINT('',(0.,0.));
#12536 = VECTOR('',#12537,1.);
#12537 = DIRECTION('',(0.,1.));
#12538 = ( GEOMETRIC_REPRESENTATION_CONTEXT(2) 
PARAMETRIC_REPRESENTATION_CONTEXT() REPRESENTATION_CONTEXT('2D SPACE',''
  ) );
#12539 = ADVANCED_FACE('',(#12540),#3513,.F.);
#12540 = FACE_BOUND('',#12541,.F.);
#12541 = EDGE_LOOP('',(#12542,#12543,#12564,#12565));
#12542 = ORIENTED_EDGE('',*,*,#3498,.T.);
#12543 = ORIENTED_EDGE('',*,*,#12544,.T.);
#12544 = EDGE_CURVE('',#3473,#8167,#12545,.T.);
#12545 = SURFACE_CURVE('',#12546,(#12550,#12557),.PCURVE_S1.);
#12546 = LINE('',#12547,#12548);
#12547 = CARTESIAN_POINT('',(187.492,-51.674,1.51));
#12548 = VECTOR('',#12549,1.);
#12549 = DIRECTION('',(0.,0.,1.));
#12550 = PCURVE('',#3513,#12551);
#12551 = DEFINITIONAL_REPRESENTATION('',(#12552),#12556);
#12552 = LINE('',#12553,#12554);
#12553 = CARTESIAN_POINT('',(1.570796326795,0.));
#12554 = VECTOR('',#12555,1.);
#12555 = DIRECTION('',(0.,1.));
#12556 = ( GEOMETRIC_REPRESENTATION_CONTEXT(2) 
PARAMETRIC_REPRESENTATION_CONTEXT() REPRESENTATION_CONTEXT('2D SPACE',''
  ) );
#12557 = PCURVE('',#3487,#12558);
#12558 = DEFINITIONAL_REPRESENTATION('',(#12559),#12563);
#12559 = LINE('',#12560,#12561);
#12560 = CARTESIAN_POINT('',(1.,-1.));
#12561 = VECTOR('',#12562,1.);
#12562 = DIRECTION('',(0.,-1.));
#12563 = ( GEOMETRIC_REPRESENTATION_CONTEXT(2) 
PARAMETRIC_REPRESENTATION_CONTEXT() REPRESENTATION_CONTEXT('2D SPACE',''
  ) );
#12564 = ORIENTED_EDGE('',*,*,#8187,.F.);
#12565 = ORIENTED_EDGE('',*,*,#12519,.F.);
#12566 = ADVANCED_FACE('',(#12567),#3346,.F.);
#12567 = FACE_BOUND('',#12568,.T.);
#12568 = EDGE_LOOP('',(#12569,#12570,#12591,#12592));
#12569 = ORIENTED_EDGE('',*,*,#3325,.T.);
#12570 = ORIENTED_EDGE('',*,*,#12571,.T.);
#12571 = EDGE_CURVE('',#3326,#8045,#12572,.T.);
#12572 = SURFACE_CURVE('',#12573,(#12577,#12584),.PCURVE_S1.);
#12573 = LINE('',#12574,#12575);
#12574 = CARTESIAN_POINT('',(187.492,-65.674,1.51));
#12575 = VECTOR('',#12576,1.);
#12576 = DIRECTION('',(0.,0.,1.));
#12577 = PCURVE('',#3346,#12578);
#12578 = DEFINITIONAL_REPRESENTATION('',(#12579),#12583);
#12579 = LINE('',#12580,#12581);
#12580 = CARTESIAN_POINT('',(-1.570796326795,0.));
#12581 = VECTOR('',#12582,1.);
#12582 = DIRECTION('',(-0.,1.));
#12583 = ( GEOMETRIC_REPRESENTATION_CONTEXT(2) 
PARAMETRIC_REPRESENTATION_CONTEXT() REPRESENTATION_CONTEXT('2D SPACE',''
  ) );
#12584 = PCURVE('',#3373,#12585);
#12585 = DEFINITIONAL_REPRESENTATION('',(#12586),#12590);
#12586 = LINE('',#12587,#12588);
#12587 = CARTESIAN_POINT('',(13.,-1.));
#12588 = VECTOR('',#12589,1.);
#12589 = DIRECTION('',(0.,-1.));
#12590 = ( GEOMETRIC_REPRESENTATION_CONTEXT(2) 
PARAMETRIC_REPRESENTATION_CONTEXT() REPRESENTATION_CONTEXT('2D SPACE',''
  ) );
#12591 = ORIENTED_EDGE('',*,*,#8044,.F.);
#12592 = ORIENTED_EDGE('',*,*,#12497,.F.);
#12593 = ADVANCED_FACE('',(#12594),#3487,.T.);
#12594 = FACE_BOUND('',#12595,.T.);
#12595 = EDGE_LOOP('',(#12596,#12597,#12598,#12599));
#12596 = ORIENTED_EDGE('',*,*,#3472,.T.);
#12597 = ORIENTED_EDGE('',*,*,#12544,.T.);
#12598 = ORIENTED_EDGE('',*,*,#8166,.F.);
#12599 = ORIENTED_EDGE('',*,*,#12600,.F.);
#12600 = EDGE_CURVE('',#3444,#8143,#12601,.T.);
#12601 = SURFACE_CURVE('',#12602,(#12606,#12613),.PCURVE_S1.);
#12602 = LINE('',#12603,#12604);
#12603 = CARTESIAN_POINT('',(175.492,-51.674,1.51));
#12604 = VECTOR('',#12605,1.);
#12605 = DIRECTION('',(0.,0.,1.));
#12606 = PCURVE('',#3487,#12607);
#12607 = DEFINITIONAL_REPRESENTATION('',(#12608),#12612);
#12608 = LINE('',#12609,#12610);
#12609 = CARTESIAN_POINT('',(13.,-1.));
#12610 = VECTOR('',#12611,1.);
#12611 = DIRECTION('',(0.,-1.));
#12612 = ( GEOMETRIC_REPRESENTATION_CONTEXT(2) 
PARAMETRIC_REPRESENTATION_CONTEXT() REPRESENTATION_CONTEXT('2D SPACE',''
  ) );
#12613 = PCURVE('',#3460,#12614);
#12614 = DEFINITIONAL_REPRESENTATION('',(#12615),#12619);
#12615 = LINE('',#12616,#12617);
#12616 = CARTESIAN_POINT('',(0.,0.));
#12617 = VECTOR('',#12618,1.);
#12618 = DIRECTION('',(0.,1.));
#12619 = ( GEOMETRIC_REPRESENTATION_CONTEXT(2) 
PARAMETRIC_REPRESENTATION_CONTEXT() REPRESENTATION_CONTEXT('2D SPACE',''
  ) );
#12620 = ADVANCED_FACE('',(#12621),#3373,.T.);
#12621 = FACE_BOUND('',#12622,.T.);
#12622 = EDGE_LOOP('',(#12623,#12624,#12645,#12646));
#12623 = ORIENTED_EDGE('',*,*,#3358,.T.);
#12624 = ORIENTED_EDGE('',*,*,#12625,.T.);
#12625 = EDGE_CURVE('',#3359,#8073,#12626,.T.);
#12626 = SURFACE_CURVE('',#12627,(#12631,#12638),.PCURVE_S1.);
#12627 = LINE('',#12628,#12629);
#12628 = CARTESIAN_POINT('',(175.492,-65.674,1.51));
#12629 = VECTOR('',#12630,1.);
#12630 = DIRECTION('',(0.,0.,1.));
#12631 = PCURVE('',#3373,#12632);
#12632 = DEFINITIONAL_REPRESENTATION('',(#12633),#12637);
#12633 = LINE('',#12634,#12635);
#12634 = CARTESIAN_POINT('',(1.,-1.));
#12635 = VECTOR('',#12636,1.);
#12636 = DIRECTION('',(0.,-1.));
#12637 = ( GEOMETRIC_REPRESENTATION_CONTEXT(2) 
PARAMETRIC_REPRESENTATION_CONTEXT() REPRESENTATION_CONTEXT('2D SPACE',''
  ) );
#12638 = PCURVE('',#3405,#12639);
#12639 = DEFINITIONAL_REPRESENTATION('',(#12640),#12644);
#12640 = LINE('',#12641,#12642);
#12641 = CARTESIAN_POINT('',(-0.,0.));
#12642 = VECTOR('',#12643,1.);
#12643 = DIRECTION('',(-0.,1.));
#12644 = ( GEOMETRIC_REPRESENTATION_CONTEXT(2) 
PARAMETRIC_REPRESENTATION_CONTEXT() REPRESENTATION_CONTEXT('2D SPACE',''
  ) );
#12645 = ORIENTED_EDGE('',*,*,#8072,.F.);
#12646 = ORIENTED_EDGE('',*,*,#12571,.F.);
#12647 = ADVANCED_FACE('',(#12648),#3460,.F.);
#12648 = FACE_BOUND('',#12649,.F.);
#12649 = EDGE_LOOP('',(#12650,#12651,#12672,#12673));
#12650 = ORIENTED_EDGE('',*,*,#3443,.T.);
#12651 = ORIENTED_EDGE('',*,*,#12652,.T.);
#12652 = EDGE_CURVE('',#3418,#8122,#12653,.T.);
#12653 = SURFACE_CURVE('',#12654,(#12658,#12665),.PCURVE_S1.);
#12654 = LINE('',#12655,#12656);
#12655 = CARTESIAN_POINT('',(174.492,-52.674,1.51));
#12656 = VECTOR('',#12657,1.);
#12657 = DIRECTION('',(0.,0.,1.));
#12658 = PCURVE('',#3460,#12659);
#12659 = DEFINITIONAL_REPRESENTATION('',(#12660),#12664);
#12660 = LINE('',#12661,#12662);
#12661 = CARTESIAN_POINT('',(1.570796326795,0.));
#12662 = VECTOR('',#12663,1.);
#12663 = DIRECTION('',(0.,1.));
#12664 = ( GEOMETRIC_REPRESENTATION_CONTEXT(2) 
PARAMETRIC_REPRESENTATION_CONTEXT() REPRESENTATION_CONTEXT('2D SPACE',''
  ) );
#12665 = PCURVE('',#3432,#12666);
#12666 = DEFINITIONAL_REPRESENTATION('',(#12667),#12671);
#12667 = LINE('',#12668,#12669);
#12668 = CARTESIAN_POINT('',(1.,-1.));
#12669 = VECTOR('',#12670,1.);
#12670 = DIRECTION('',(0.,-1.));
#12671 = ( GEOMETRIC_REPRESENTATION_CONTEXT(2) 
PARAMETRIC_REPRESENTATION_CONTEXT() REPRESENTATION_CONTEXT('2D SPACE',''
  ) );
#12672 = ORIENTED_EDGE('',*,*,#8142,.F.);
#12673 = ORIENTED_EDGE('',*,*,#12600,.F.);
#12674 = ADVANCED_FACE('',(#12675),#3405,.F.);
#12675 = FACE_BOUND('',#12676,.T.);
#12676 = EDGE_LOOP('',(#12677,#12678,#12699,#12700));
#12677 = ORIENTED_EDGE('',*,*,#3384,.T.);
#12678 = ORIENTED_EDGE('',*,*,#12679,.T.);
#12679 = EDGE_CURVE('',#3385,#8094,#12680,.T.);
#12680 = SURFACE_CURVE('',#12681,(#12685,#12692),.PCURVE_S1.);
#12681 = LINE('',#12682,#12683);
#12682 = CARTESIAN_POINT('',(174.492,-64.674,1.51));
#12683 = VECTOR('',#12684,1.);
#12684 = DIRECTION('',(0.,0.,1.));
#12685 = PCURVE('',#3405,#12686);
#12686 = DEFINITIONAL_REPRESENTATION('',(#12687),#12691);
#12687 = LINE('',#12688,#12689);
#12688 = CARTESIAN_POINT('',(-1.570796326795,0.));
#12689 = VECTOR('',#12690,1.);
#12690 = DIRECTION('',(-0.,1.));
#12691 = ( GEOMETRIC_REPRESENTATION_CONTEXT(2) 
PARAMETRIC_REPRESENTATION_CONTEXT() REPRESENTATION_CONTEXT('2D SPACE',''
  ) );
#12692 = PCURVE('',#3432,#12693);
#12693 = DEFINITIONAL_REPRESENTATION('',(#12694),#12698);
#12694 = LINE('',#12695,#12696);
#12695 = CARTESIAN_POINT('',(13.,-1.));
#12696 = VECTOR('',#12697,1.);
#12697 = DIRECTION('',(0.,-1.));
#12698 = ( GEOMETRIC_REPRESENTATION_CONTEXT(2) 
PARAMETRIC_REPRESENTATION_CONTEXT() REPRESENTATION_CONTEXT('2D SPACE',''
  ) );
#12699 = ORIENTED_EDGE('',*,*,#8093,.F.);
#12700 = ORIENTED_EDGE('',*,*,#12625,.F.);
#12701 = ADVANCED_FACE('',(#12702),#3432,.T.);
#12702 = FACE_BOUND('',#12703,.T.);
#12703 = EDGE_LOOP('',(#12704,#12705,#12706,#12707));
#12704 = ORIENTED_EDGE('',*,*,#3417,.T.);
#12705 = ORIENTED_EDGE('',*,*,#12652,.T.);
#12706 = ORIENTED_EDGE('',*,*,#8121,.F.);
#12707 = ORIENTED_EDGE('',*,*,#12679,.F.);
#12708 = ADVANCED_FACE('',(#12709),#3544,.T.);
#12709 = FACE_BOUND('',#12710,.T.);
#12710 = EDGE_LOOP('',(#12711,#12712,#12733,#12734));
#12711 = ORIENTED_EDGE('',*,*,#3527,.T.);
#12712 = ORIENTED_EDGE('',*,*,#12713,.T.);
#12713 = EDGE_CURVE('',#3530,#8214,#12714,.T.);
#12714 = SURFACE_CURVE('',#12715,(#12719,#12726),.PCURVE_S1.);
#12715 = LINE('',#12716,#12717);
#12716 = CARTESIAN_POINT('',(170.478,-50.224,1.51));
#12717 = VECTOR('',#12718,1.);
#12718 = DIRECTION('',(0.,0.,1.));
#12719 = PCURVE('',#3544,#12720);
#12720 = DEFINITIONAL_REPRESENTATION('',(#12721),#12725);
#12721 = LINE('',#12722,#12723);
#12722 = CARTESIAN_POINT('',(1.,-1.));
#12723 = VECTOR('',#12724,1.);
#12724 = DIRECTION('',(0.,-1.));
#12725 = ( GEOMETRIC_REPRESENTATION_CONTEXT(2) 
PARAMETRIC_REPRESENTATION_CONTEXT() REPRESENTATION_CONTEXT('2D SPACE',''
  ) );
#12726 = PCURVE('',#3576,#12727);
#12727 = DEFINITIONAL_REPRESENTATION('',(#12728),#12732);
#12728 = LINE('',#12729,#12730);
#12729 = CARTESIAN_POINT('',(-0.,0.));
#12730 = VECTOR('',#12731,1.);
#12731 = DIRECTION('',(-0.,1.));
#12732 = ( GEOMETRIC_REPRESENTATION_CONTEXT(2) 
PARAMETRIC_REPRESENTATION_CONTEXT() REPRESENTATION_CONTEXT('2D SPACE',''
  ) );
#12733 = ORIENTED_EDGE('',*,*,#8211,.F.);
#12734 = ORIENTED_EDGE('',*,*,#12735,.F.);
#12735 = EDGE_CURVE('',#3528,#8212,#12736,.T.);
#12736 = SURFACE_CURVE('',#12737,(#12741,#12748),.PCURVE_S1.);
#12737 = LINE('',#12738,#12739);
#12738 = CARTESIAN_POINT('',(170.478,-38.224,1.51));
#12739 = VECTOR('',#12740,1.);
#12740 = DIRECTION('',(0.,0.,1.));
#12741 = PCURVE('',#3544,#12742);
#12742 = DEFINITIONAL_REPRESENTATION('',(#12743),#12747);
#12743 = LINE('',#12744,#12745);
#12744 = CARTESIAN_POINT('',(13.,-1.));
#12745 = VECTOR('',#12746,1.);
#12746 = DIRECTION('',(0.,-1.));
#12747 = ( GEOMETRIC_REPRESENTATION_CONTEXT(2) 
PARAMETRIC_REPRESENTATION_CONTEXT() REPRESENTATION_CONTEXT('2D SPACE',''
  ) );
#12748 = PCURVE('',#3743,#12749);
#12749 = DEFINITIONAL_REPRESENTATION('',(#12750),#12754);
#12750 = LINE('',#12751,#12752);
#12751 = CARTESIAN_POINT('',(0.,0.));
#12752 = VECTOR('',#12753,1.);
#12753 = DIRECTION('',(0.,1.));
#12754 = ( GEOMETRIC_REPRESENTATION_CONTEXT(2) 
PARAMETRIC_REPRESENTATION_CONTEXT() REPRESENTATION_CONTEXT('2D SPACE',''
  ) );
#12755 = ADVANCED_FACE('',(#12756),#3743,.F.);
#12756 = FACE_BOUND('',#12757,.F.);
#12757 = EDGE_LOOP('',(#12758,#12759,#12780,#12781));
#12758 = ORIENTED_EDGE('',*,*,#3728,.T.);
#12759 = ORIENTED_EDGE('',*,*,#12760,.T.);
#12760 = EDGE_CURVE('',#3703,#8357,#12761,.T.);
#12761 = SURFACE_CURVE('',#12762,(#12766,#12773),.PCURVE_S1.);
#12762 = LINE('',#12763,#12764);
#12763 = CARTESIAN_POINT('',(169.478,-37.224,1.51));
#12764 = VECTOR('',#12765,1.);
#12765 = DIRECTION('',(0.,0.,1.));
#12766 = PCURVE('',#3743,#12767);
#12767 = DEFINITIONAL_REPRESENTATION('',(#12768),#12772);
#12768 = LINE('',#12769,#12770);
#12769 = CARTESIAN_POINT('',(1.570796326795,0.));
#12770 = VECTOR('',#12771,1.);
#12771 = DIRECTION('',(0.,1.));
#12772 = ( GEOMETRIC_REPRESENTATION_CONTEXT(2) 
PARAMETRIC_REPRESENTATION_CONTEXT() REPRESENTATION_CONTEXT('2D SPACE',''
  ) );
#12773 = PCURVE('',#3717,#12774);
#12774 = DEFINITIONAL_REPRESENTATION('',(#12775),#12779);
#12775 = LINE('',#12776,#12777);
#12776 = CARTESIAN_POINT('',(1.,-1.));
#12777 = VECTOR('',#12778,1.);
#12778 = DIRECTION('',(0.,-1.));
#12779 = ( GEOMETRIC_REPRESENTATION_CONTEXT(2) 
PARAMETRIC_REPRESENTATION_CONTEXT() REPRESENTATION_CONTEXT('2D SPACE',''
  ) );
#12780 = ORIENTED_EDGE('',*,*,#8377,.F.);
#12781 = ORIENTED_EDGE('',*,*,#12735,.F.);
#12782 = ADVANCED_FACE('',(#12783),#3576,.F.);
#12783 = FACE_BOUND('',#12784,.T.);
#12784 = EDGE_LOOP('',(#12785,#12786,#12807,#12808));
#12785 = ORIENTED_EDGE('',*,*,#3555,.T.);
#12786 = ORIENTED_EDGE('',*,*,#12787,.T.);
#12787 = EDGE_CURVE('',#3556,#8235,#12788,.T.);
#12788 = SURFACE_CURVE('',#12789,(#12793,#12800),.PCURVE_S1.);
#12789 = LINE('',#12790,#12791);
#12790 = CARTESIAN_POINT('',(169.478,-51.224,1.51));
#12791 = VECTOR('',#12792,1.);
#12792 = DIRECTION('',(0.,0.,1.));
#12793 = PCURVE('',#3576,#12794);
#12794 = DEFINITIONAL_REPRESENTATION('',(#12795),#12799);
#12795 = LINE('',#12796,#12797);
#12796 = CARTESIAN_POINT('',(-1.570796326795,0.));
#12797 = VECTOR('',#12798,1.);
#12798 = DIRECTION('',(-0.,1.));
#12799 = ( GEOMETRIC_REPRESENTATION_CONTEXT(2) 
PARAMETRIC_REPRESENTATION_CONTEXT() REPRESENTATION_CONTEXT('2D SPACE',''
  ) );
#12800 = PCURVE('',#3603,#12801);
#12801 = DEFINITIONAL_REPRESENTATION('',(#12802),#12806);
#12802 = LINE('',#12803,#12804);
#12803 = CARTESIAN_POINT('',(13.,-1.));
#12804 = VECTOR('',#12805,1.);
#12805 = DIRECTION('',(0.,-1.));
#12806 = ( GEOMETRIC_REPRESENTATION_CONTEXT(2) 
PARAMETRIC_REPRESENTATION_CONTEXT() REPRESENTATION_CONTEXT('2D SPACE',''
  ) );
#12807 = ORIENTED_EDGE('',*,*,#8234,.F.);
#12808 = ORIENTED_EDGE('',*,*,#12713,.F.);
#12809 = ADVANCED_FACE('',(#12810),#3717,.T.);
#12810 = FACE_BOUND('',#12811,.T.);
#12811 = EDGE_LOOP('',(#12812,#12813,#12814,#12815));
#12812 = ORIENTED_EDGE('',*,*,#3702,.T.);
#12813 = ORIENTED_EDGE('',*,*,#12760,.T.);
#12814 = ORIENTED_EDGE('',*,*,#8356,.F.);
#12815 = ORIENTED_EDGE('',*,*,#12816,.F.);
#12816 = EDGE_CURVE('',#3674,#8333,#12817,.T.);
#12817 = SURFACE_CURVE('',#12818,(#12822,#12829),.PCURVE_S1.);
#12818 = LINE('',#12819,#12820);
#12819 = CARTESIAN_POINT('',(157.478,-37.224,1.51));
#12820 = VECTOR('',#12821,1.);
#12821 = DIRECTION('',(0.,0.,1.));
#12822 = PCURVE('',#3717,#12823);
#12823 = DEFINITIONAL_REPRESENTATION('',(#12824),#12828);
#12824 = LINE('',#12825,#12826);
#12825 = CARTESIAN_POINT('',(13.,-1.));
#12826 = VECTOR('',#12827,1.);
#12827 = DIRECTION('',(0.,-1.));
#12828 = ( GEOMETRIC_REPRESENTATION_CONTEXT(2) 
PARAMETRIC_REPRESENTATION_CONTEXT() REPRESENTATION_CONTEXT('2D SPACE',''
  ) );
#12829 = PCURVE('',#3690,#12830);
#12830 = DEFINITIONAL_REPRESENTATION('',(#12831),#12835);
#12831 = LINE('',#12832,#12833);
#12832 = CARTESIAN_POINT('',(0.,0.));
#12833 = VECTOR('',#12834,1.);
#12834 = DIRECTION('',(0.,1.));
#12835 = ( GEOMETRIC_REPRESENTATION_CONTEXT(2) 
PARAMETRIC_REPRESENTATION_CONTEXT() REPRESENTATION_CONTEXT('2D SPACE',''
  ) );
#12836 = ADVANCED_FACE('',(#12837),#3603,.T.);
#12837 = FACE_BOUND('',#12838,.T.);
#12838 = EDGE_LOOP('',(#12839,#12840,#12861,#12862));
#12839 = ORIENTED_EDGE('',*,*,#3588,.T.);
#12840 = ORIENTED_EDGE('',*,*,#12841,.T.);
#12841 = EDGE_CURVE('',#3589,#8263,#12842,.T.);
#12842 = SURFACE_CURVE('',#12843,(#12847,#12854),.PCURVE_S1.);
#12843 = LINE('',#12844,#12845);
#12844 = CARTESIAN_POINT('',(157.478,-51.224,1.51));
#12845 = VECTOR('',#12846,1.);
#12846 = DIRECTION('',(0.,0.,1.));
#12847 = PCURVE('',#3603,#12848);
#12848 = DEFINITIONAL_REPRESENTATION('',(#12849),#12853);
#12849 = LINE('',#12850,#12851);
#12850 = CARTESIAN_POINT('',(1.,-1.));
#12851 = VECTOR('',#12852,1.);
#12852 = DIRECTION('',(0.,-1.));
#12853 = ( GEOMETRIC_REPRESENTATION_CONTEXT(2) 
PARAMETRIC_REPRESENTATION_CONTEXT() REPRESENTATION_CONTEXT('2D SPACE',''
  ) );
#12854 = PCURVE('',#3635,#12855);
#12855 = DEFINITIONAL_REPRESENTATION('',(#12856),#12860);
#12856 = LINE('',#12857,#12858);
#12857 = CARTESIAN_POINT('',(-0.,0.));
#12858 = VECTOR('',#12859,1.);
#12859 = DIRECTION('',(-0.,1.));
#12860 = ( GEOMETRIC_REPRESENTATION_CONTEXT(2) 
PARAMETRIC_REPRESENTATION_CONTEXT() REPRESENTATION_CONTEXT('2D SPACE',''
  ) );
#12861 = ORIENTED_EDGE('',*,*,#8262,.F.);
#12862 = ORIENTED_EDGE('',*,*,#12787,.F.);
#12863 = ADVANCED_FACE('',(#12864),#3690,.F.);
#12864 = FACE_BOUND('',#12865,.F.);
#12865 = EDGE_LOOP('',(#12866,#12867,#12888,#12889));
#12866 = ORIENTED_EDGE('',*,*,#3673,.T.);
#12867 = ORIENTED_EDGE('',*,*,#12868,.T.);
#12868 = EDGE_CURVE('',#3648,#8312,#12869,.T.);
#12869 = SURFACE_CURVE('',#12870,(#12874,#12881),.PCURVE_S1.);
#12870 = LINE('',#12871,#12872);
#12871 = CARTESIAN_POINT('',(156.478,-38.224,1.51));
#12872 = VECTOR('',#12873,1.);
#12873 = DIRECTION('',(0.,0.,1.));
#12874 = PCURVE('',#3690,#12875);
#12875 = DEFINITIONAL_REPRESENTATION('',(#12876),#12880);
#12876 = LINE('',#12877,#12878);
#12877 = CARTESIAN_POINT('',(1.570796326795,0.));
#12878 = VECTOR('',#12879,1.);
#12879 = DIRECTION('',(0.,1.));
#12880 = ( GEOMETRIC_REPRESENTATION_CONTEXT(2) 
PARAMETRIC_REPRESENTATION_CONTEXT() REPRESENTATION_CONTEXT('2D SPACE',''
  ) );
#12881 = PCURVE('',#3662,#12882);
#12882 = DEFINITIONAL_REPRESENTATION('',(#12883),#12887);
#12883 = LINE('',#12884,#12885);
#12884 = CARTESIAN_POINT('',(1.,-1.));
#12885 = VECTOR('',#12886,1.);
#12886 = DIRECTION('',(0.,-1.));
#12887 = ( GEOMETRIC_REPRESENTATION_CONTEXT(2) 
PARAMETRIC_REPRESENTATION_CONTEXT() REPRESENTATION_CONTEXT('2D SPACE',''
  ) );
#12888 = ORIENTED_EDGE('',*,*,#8332,.F.);
#12889 = ORIENTED_EDGE('',*,*,#12816,.F.);
#12890 = ADVANCED_FACE('',(#12891),#3635,.F.);
#12891 = FACE_BOUND('',#12892,.T.);
#12892 = EDGE_LOOP('',(#12893,#12894,#12915,#12916));
#12893 = ORIENTED_EDGE('',*,*,#3614,.T.);
#12894 = ORIENTED_EDGE('',*,*,#12895,.T.);
#12895 = EDGE_CURVE('',#3615,#8284,#12896,.T.);
#12896 = SURFACE_CURVE('',#12897,(#12901,#12908),.PCURVE_S1.);
#12897 = LINE('',#12898,#12899);
#12898 = CARTESIAN_POINT('',(156.478,-50.224,1.51));
#12899 = VECTOR('',#12900,1.);
#12900 = DIRECTION('',(0.,0.,1.));
#12901 = PCURVE('',#3635,#12902);
#12902 = DEFINITIONAL_REPRESENTATION('',(#12903),#12907);
#12903 = LINE('',#12904,#12905);
#12904 = CARTESIAN_POINT('',(-1.570796326795,0.));
#12905 = VECTOR('',#12906,1.);
#12906 = DIRECTION('',(-0.,1.));
#12907 = ( GEOMETRIC_REPRESENTATION_CONTEXT(2) 
PARAMETRIC_REPRESENTATION_CONTEXT() REPRESENTATION_CONTEXT('2D SPACE',''
  ) );
#12908 = PCURVE('',#3662,#12909);
#12909 = DEFINITIONAL_REPRESENTATION('',(#12910),#12914);
#12910 = LINE('',#12911,#12912);
#12911 = CARTESIAN_POINT('',(13.,-1.));
#12912 = VECTOR('',#12913,1.);
#12913 = DIRECTION('',(0.,-1.));
#12914 = ( GEOMETRIC_REPRESENTATION_CONTEXT(2) 
PARAMETRIC_REPRESENTATION_CONTEXT() REPRESENTATION_CONTEXT('2D SPACE',''
  ) );
#12915 = ORIENTED_EDGE('',*,*,#8283,.F.);
#12916 = ORIENTED_EDGE('',*,*,#12841,.F.);
#12917 = ADVANCED_FACE('',(#12918),#3662,.T.);
#12918 = FACE_BOUND('',#12919,.T.);
#12919 = EDGE_LOOP('',(#12920,#12921,#12922,#12923));
#12920 = ORIENTED_EDGE('',*,*,#3647,.T.);
#12921 = ORIENTED_EDGE('',*,*,#12868,.T.);
#12922 = ORIENTED_EDGE('',*,*,#8311,.F.);
#12923 = ORIENTED_EDGE('',*,*,#12895,.F.);
#12924 = ADVANCED_FACE('',(#12925),#3774,.T.);
#12925 = FACE_BOUND('',#12926,.T.);
#12926 = EDGE_LOOP('',(#12927,#12928,#12949,#12950));
#12927 = ORIENTED_EDGE('',*,*,#3757,.T.);
#12928 = ORIENTED_EDGE('',*,*,#12929,.T.);
#12929 = EDGE_CURVE('',#3760,#8404,#12930,.T.);
#12930 = SURFACE_CURVE('',#12931,(#12935,#12942),.PCURVE_S1.);
#12931 = LINE('',#12932,#12933);
#12932 = CARTESIAN_POINT('',(188.492,-47.724,1.51));
#12933 = VECTOR('',#12934,1.);
#12934 = DIRECTION('',(0.,0.,1.));
#12935 = PCURVE('',#3774,#12936);
#12936 = DEFINITIONAL_REPRESENTATION('',(#12937),#12941);
#12937 = LINE('',#12938,#12939);
#12938 = CARTESIAN_POINT('',(1.,-1.));
#12939 = VECTOR('',#12940,1.);
#12940 = DIRECTION('',(0.,-1.));
#12941 = ( GEOMETRIC_REPRESENTATION_CONTEXT(2) 
PARAMETRIC_REPRESENTATION_CONTEXT() REPRESENTATION_CONTEXT('2D SPACE',''
  ) );
#12942 = PCURVE('',#3806,#12943);
#12943 = DEFINITIONAL_REPRESENTATION('',(#12944),#12948);
#12944 = LINE('',#12945,#12946);
#12945 = CARTESIAN_POINT('',(-0.,0.));
#12946 = VECTOR('',#12947,1.);
#12947 = DIRECTION('',(-0.,1.));
#12948 = ( GEOMETRIC_REPRESENTATION_CONTEXT(2) 
PARAMETRIC_REPRESENTATION_CONTEXT() REPRESENTATION_CONTEXT('2D SPACE',''
  ) );
#12949 = ORIENTED_EDGE('',*,*,#8401,.F.);
#12950 = ORIENTED_EDGE('',*,*,#12951,.F.);
#12951 = EDGE_CURVE('',#3758,#8402,#12952,.T.);
#12952 = SURFACE_CURVE('',#12953,(#12957,#12964),.PCURVE_S1.);
#12953 = LINE('',#12954,#12955);
#12954 = CARTESIAN_POINT('',(188.492,-35.724,1.51));
#12955 = VECTOR('',#12956,1.);
#12956 = DIRECTION('',(0.,0.,1.));
#12957 = PCURVE('',#3774,#12958);
#12958 = DEFINITIONAL_REPRESENTATION('',(#12959),#12963);
#12959 = LINE('',#12960,#12961);
#12960 = CARTESIAN_POINT('',(13.,-1.));
#12961 = VECTOR('',#12962,1.);
#12962 = DIRECTION('',(0.,-1.));
#12963 = ( GEOMETRIC_REPRESENTATION_CONTEXT(2) 
PARAMETRIC_REPRESENTATION_CONTEXT() REPRESENTATION_CONTEXT('2D SPACE',''
  ) );
#12964 = PCURVE('',#3973,#12965);
#12965 = DEFINITIONAL_REPRESENTATION('',(#12966),#12970);
#12966 = LINE('',#12967,#12968);
#12967 = CARTESIAN_POINT('',(0.,0.));
#12968 = VECTOR('',#12969,1.);
#12969 = DIRECTION('',(0.,1.));
#12970 = ( GEOMETRIC_REPRESENTATION_CONTEXT(2) 
PARAMETRIC_REPRESENTATION_CONTEXT() REPRESENTATION_CONTEXT('2D SPACE',''
  ) );
#12971 = ADVANCED_FACE('',(#12972),#3973,.F.);
#12972 = FACE_BOUND('',#12973,.F.);
#12973 = EDGE_LOOP('',(#12974,#12975,#12996,#12997));
#12974 = ORIENTED_EDGE('',*,*,#3958,.T.);
#12975 = ORIENTED_EDGE('',*,*,#12976,.T.);
#12976 = EDGE_CURVE('',#3933,#8547,#12977,.T.);
#12977 = SURFACE_CURVE('',#12978,(#12982,#12989),.PCURVE_S1.);
#12978 = LINE('',#12979,#12980);
#12979 = CARTESIAN_POINT('',(187.492,-34.724,1.51));
#12980 = VECTOR('',#12981,1.);
#12981 = DIRECTION('',(0.,0.,1.));
#12982 = PCURVE('',#3973,#12983);
#12983 = DEFINITIONAL_REPRESENTATION('',(#12984),#12988);
#12984 = LINE('',#12985,#12986);
#12985 = CARTESIAN_POINT('',(1.570796326795,0.));
#12986 = VECTOR('',#12987,1.);
#12987 = DIRECTION('',(0.,1.));
#12988 = ( GEOMETRIC_REPRESENTATION_CONTEXT(2) 
PARAMETRIC_REPRESENTATION_CONTEXT() REPRESENTATION_CONTEXT('2D SPACE',''
  ) );
#12989 = PCURVE('',#3947,#12990);
#12990 = DEFINITIONAL_REPRESENTATION('',(#12991),#12995);
#12991 = LINE('',#12992,#12993);
#12992 = CARTESIAN_POINT('',(1.,-1.));
#12993 = VECTOR('',#12994,1.);
#12994 = DIRECTION('',(0.,-1.));
#12995 = ( GEOMETRIC_REPRESENTATION_CONTEXT(2) 
PARAMETRIC_REPRESENTATION_CONTEXT() REPRESENTATION_CONTEXT('2D SPACE',''
  ) );
#12996 = ORIENTED_EDGE('',*,*,#8567,.F.);
#12997 = ORIENTED_EDGE('',*,*,#12951,.F.);
#12998 = ADVANCED_FACE('',(#12999),#3806,.F.);
#12999 = FACE_BOUND('',#13000,.T.);
#13000 = EDGE_LOOP('',(#13001,#13002,#13023,#13024));
#13001 = ORIENTED_EDGE('',*,*,#3785,.T.);
#13002 = ORIENTED_EDGE('',*,*,#13003,.T.);
#13003 = EDGE_CURVE('',#3786,#8425,#13004,.T.);
#13004 = SURFACE_CURVE('',#13005,(#13009,#13016),.PCURVE_S1.);
#13005 = LINE('',#13006,#13007);
#13006 = CARTESIAN_POINT('',(187.492,-48.724,1.51));
#13007 = VECTOR('',#13008,1.);
#13008 = DIRECTION('',(0.,0.,1.));
#13009 = PCURVE('',#3806,#13010);
#13010 = DEFINITIONAL_REPRESENTATION('',(#13011),#13015);
#13011 = LINE('',#13012,#13013);
#13012 = CARTESIAN_POINT('',(-1.570796326795,0.));
#13013 = VECTOR('',#13014,1.);
#13014 = DIRECTION('',(-0.,1.));
#13015 = ( GEOMETRIC_REPRESENTATION_CONTEXT(2) 
PARAMETRIC_REPRESENTATION_CONTEXT() REPRESENTATION_CONTEXT('2D SPACE',''
  ) );
#13016 = PCURVE('',#3833,#13017);
#13017 = DEFINITIONAL_REPRESENTATION('',(#13018),#13022);
#13018 = LINE('',#13019,#13020);
#13019 = CARTESIAN_POINT('',(13.,-1.));
#13020 = VECTOR('',#13021,1.);
#13021 = DIRECTION('',(0.,-1.));
#13022 = ( GEOMETRIC_REPRESENTATION_CONTEXT(2) 
PARAMETRIC_REPRESENTATION_CONTEXT() REPRESENTATION_CONTEXT('2D SPACE',''
  ) );
#13023 = ORIENTED_EDGE('',*,*,#8424,.F.);
#13024 = ORIENTED_EDGE('',*,*,#12929,.F.);
#13025 = ADVANCED_FACE('',(#13026),#3947,.T.);
#13026 = FACE_BOUND('',#13027,.T.);
#13027 = EDGE_LOOP('',(#13028,#13029,#13030,#13031));
#13028 = ORIENTED_EDGE('',*,*,#3932,.T.);
#13029 = ORIENTED_EDGE('',*,*,#12976,.T.);
#13030 = ORIENTED_EDGE('',*,*,#8546,.F.);
#13031 = ORIENTED_EDGE('',*,*,#13032,.F.);
#13032 = EDGE_CURVE('',#3904,#8523,#13033,.T.);
#13033 = SURFACE_CURVE('',#13034,(#13038,#13045),.PCURVE_S1.);
#13034 = LINE('',#13035,#13036);
#13035 = CARTESIAN_POINT('',(175.492,-34.724,1.51));
#13036 = VECTOR('',#13037,1.);
#13037 = DIRECTION('',(0.,0.,1.));
#13038 = PCURVE('',#3947,#13039);
#13039 = DEFINITIONAL_REPRESENTATION('',(#13040),#13044);
#13040 = LINE('',#13041,#13042);
#13041 = CARTESIAN_POINT('',(13.,-1.));
#13042 = VECTOR('',#13043,1.);
#13043 = DIRECTION('',(0.,-1.));
#13044 = ( GEOMETRIC_REPRESENTATION_CONTEXT(2) 
PARAMETRIC_REPRESENTATION_CONTEXT() REPRESENTATION_CONTEXT('2D SPACE',''
  ) );
#13045 = PCURVE('',#3920,#13046);
#13046 = DEFINITIONAL_REPRESENTATION('',(#13047),#13051);
#13047 = LINE('',#13048,#13049);
#13048 = CARTESIAN_POINT('',(0.,0.));
#13049 = VECTOR('',#13050,1.);
#13050 = DIRECTION('',(0.,1.));
#13051 = ( GEOMETRIC_REPRESENTATION_CONTEXT(2) 
PARAMETRIC_REPRESENTATION_CONTEXT() REPRESENTATION_CONTEXT('2D SPACE',''
  ) );
#13052 = ADVANCED_FACE('',(#13053),#3833,.T.);
#13053 = FACE_BOUND('',#13054,.T.);
#13054 = EDGE_LOOP('',(#13055,#13056,#13077,#13078));
#13055 = ORIENTED_EDGE('',*,*,#3818,.T.);
#13056 = ORIENTED_EDGE('',*,*,#13057,.T.);
#13057 = EDGE_CURVE('',#3819,#8453,#13058,.T.);
#13058 = SURFACE_CURVE('',#13059,(#13063,#13070),.PCURVE_S1.);
#13059 = LINE('',#13060,#13061);
#13060 = CARTESIAN_POINT('',(175.492,-48.724,1.51));
#13061 = VECTOR('',#13062,1.);
#13062 = DIRECTION('',(0.,0.,1.));
#13063 = PCURVE('',#3833,#13064);
#13064 = DEFINITIONAL_REPRESENTATION('',(#13065),#13069);
#13065 = LINE('',#13066,#13067);
#13066 = CARTESIAN_POINT('',(1.,-1.));
#13067 = VECTOR('',#13068,1.);
#13068 = DIRECTION('',(0.,-1.));
#13069 = ( GEOMETRIC_REPRESENTATION_CONTEXT(2) 
PARAMETRIC_REPRESENTATION_CONTEXT() REPRESENTATION_CONTEXT('2D SPACE',''
  ) );
#13070 = PCURVE('',#3865,#13071);
#13071 = DEFINITIONAL_REPRESENTATION('',(#13072),#13076);
#13072 = LINE('',#13073,#13074);
#13073 = CARTESIAN_POINT('',(-0.,0.));
#13074 = VECTOR('',#13075,1.);
#13075 = DIRECTION('',(-0.,1.));
#13076 = ( GEOMETRIC_REPRESENTATION_CONTEXT(2) 
PARAMETRIC_REPRESENTATION_CONTEXT() REPRESENTATION_CONTEXT('2D SPACE',''
  ) );
#13077 = ORIENTED_EDGE('',*,*,#8452,.F.);
#13078 = ORIENTED_EDGE('',*,*,#13003,.F.);
#13079 = ADVANCED_FACE('',(#13080),#3920,.F.);
#13080 = FACE_BOUND('',#13081,.F.);
#13081 = EDGE_LOOP('',(#13082,#13083,#13104,#13105));
#13082 = ORIENTED_EDGE('',*,*,#3903,.T.);
#13083 = ORIENTED_EDGE('',*,*,#13084,.T.);
#13084 = EDGE_CURVE('',#3878,#8502,#13085,.T.);
#13085 = SURFACE_CURVE('',#13086,(#13090,#13097),.PCURVE_S1.);
#13086 = LINE('',#13087,#13088);
#13087 = CARTESIAN_POINT('',(174.492,-35.724,1.51));
#13088 = VECTOR('',#13089,1.);
#13089 = DIRECTION('',(0.,0.,1.));
#13090 = PCURVE('',#3920,#13091);
#13091 = DEFINITIONAL_REPRESENTATION('',(#13092),#13096);
#13092 = LINE('',#13093,#13094);
#13093 = CARTESIAN_POINT('',(1.570796326795,0.));
#13094 = VECTOR('',#13095,1.);
#13095 = DIRECTION('',(0.,1.));
#13096 = ( GEOMETRIC_REPRESENTATION_CONTEXT(2) 
PARAMETRIC_REPRESENTATION_CONTEXT() REPRESENTATION_CONTEXT('2D SPACE',''
  ) );
#13097 = PCURVE('',#3892,#13098);
#13098 = DEFINITIONAL_REPRESENTATION('',(#13099),#13103);
#13099 = LINE('',#13100,#13101);
#13100 = CARTESIAN_POINT('',(1.,-1.));
#13101 = VECTOR('',#13102,1.);
#13102 = DIRECTION('',(0.,-1.));
#13103 = ( GEOMETRIC_REPRESENTATION_CONTEXT(2) 
PARAMETRIC_REPRESENTATION_CONTEXT() REPRESENTATION_CONTEXT('2D SPACE',''
  ) );
#13104 = ORIENTED_EDGE('',*,*,#8522,.F.);
#13105 = ORIENTED_EDGE('',*,*,#13032,.F.);
#13106 = ADVANCED_FACE('',(#13107),#3865,.F.);
#13107 = FACE_BOUND('',#13108,.T.);
#13108 = EDGE_LOOP('',(#13109,#13110,#13131,#13132));
#13109 = ORIENTED_EDGE('',*,*,#3844,.T.);
#13110 = ORIENTED_EDGE('',*,*,#13111,.T.);
#13111 = EDGE_CURVE('',#3845,#8474,#13112,.T.);
#13112 = SURFACE_CURVE('',#13113,(#13117,#13124),.PCURVE_S1.);
#13113 = LINE('',#13114,#13115);
#13114 = CARTESIAN_POINT('',(174.492,-47.724,1.51));
#13115 = VECTOR('',#13116,1.);
#13116 = DIRECTION('',(0.,0.,1.));
#13117 = PCURVE('',#3865,#13118);
#13118 = DEFINITIONAL_REPRESENTATION('',(#13119),#13123);
#13119 = LINE('',#13120,#13121);
#13120 = CARTESIAN_POINT('',(-1.570796326795,0.));
#13121 = VECTOR('',#13122,1.);
#13122 = DIRECTION('',(-0.,1.));
#13123 = ( GEOMETRIC_REPRESENTATION_CONTEXT(2) 
PARAMETRIC_REPRESENTATION_CONTEXT() REPRESENTATION_CONTEXT('2D SPACE',''
  ) );
#13124 = PCURVE('',#3892,#13125);
#13125 = DEFINITIONAL_REPRESENTATION('',(#13126),#13130);
#13126 = LINE('',#13127,#13128);
#13127 = CARTESIAN_POINT('',(13.,-1.));
#13128 = VECTOR('',#13129,1.);
#13129 = DIRECTION('',(0.,-1.));
#13130 = ( GEOMETRIC_REPRESENTATION_CONTEXT(2) 
PARAMETRIC_REPRESENTATION_CONTEXT() REPRESENTATION_CONTEXT('2D SPACE',''
  ) );
#13131 = ORIENTED_EDGE('',*,*,#8473,.F.);
#13132 = ORIENTED_EDGE('',*,*,#13057,.F.);
#13133 = ADVANCED_FACE('',(#13134),#3892,.T.);
#13134 = FACE_BOUND('',#13135,.T.);
#13135 = EDGE_LOOP('',(#13136,#13137,#13138,#13139));
#13136 = ORIENTED_EDGE('',*,*,#3877,.T.);
#13137 = ORIENTED_EDGE('',*,*,#13084,.T.);
#13138 = ORIENTED_EDGE('',*,*,#8501,.F.);
#13139 = ORIENTED_EDGE('',*,*,#13111,.F.);
#13140 = ADVANCED_FACE('',(#13141),#4004,.T.);
#13141 = FACE_BOUND('',#13142,.T.);
#13142 = EDGE_LOOP('',(#13143,#13144,#13165,#13166));
#13143 = ORIENTED_EDGE('',*,*,#3987,.T.);
#13144 = ORIENTED_EDGE('',*,*,#13145,.T.);
#13145 = EDGE_CURVE('',#3990,#8594,#13146,.T.);
#13146 = SURFACE_CURVE('',#13147,(#13151,#13158),.PCURVE_S1.);
#13147 = LINE('',#13148,#13149);
#13148 = CARTESIAN_POINT('',(206.48,-76.358,1.51));
#13149 = VECTOR('',#13150,1.);
#13150 = DIRECTION('',(0.,0.,1.));
#13151 = PCURVE('',#4004,#13152);
#13152 = DEFINITIONAL_REPRESENTATION('',(#13153),#13157);
#13153 = LINE('',#13154,#13155);
#13154 = CARTESIAN_POINT('',(1.,-1.));
#13155 = VECTOR('',#13156,1.);
#13156 = DIRECTION('',(0.,-1.));
#13157 = ( GEOMETRIC_REPRESENTATION_CONTEXT(2) 
PARAMETRIC_REPRESENTATION_CONTEXT() REPRESENTATION_CONTEXT('2D SPACE',''
  ) );
#13158 = PCURVE('',#4036,#13159);
#13159 = DEFINITIONAL_REPRESENTATION('',(#13160),#13164);
#13160 = LINE('',#13161,#13162);
#13161 = CARTESIAN_POINT('',(-0.,0.));
#13162 = VECTOR('',#13163,1.);
#13163 = DIRECTION('',(-0.,1.));
#13164 = ( GEOMETRIC_REPRESENTATION_CONTEXT(2) 
PARAMETRIC_REPRESENTATION_CONTEXT() REPRESENTATION_CONTEXT('2D SPACE',''
  ) );
#13165 = ORIENTED_EDGE('',*,*,#8591,.F.);
#13166 = ORIENTED_EDGE('',*,*,#13167,.F.);
#13167 = EDGE_CURVE('',#3988,#8592,#13168,.T.);
#13168 = SURFACE_CURVE('',#13169,(#13173,#13180),.PCURVE_S1.);
#13169 = LINE('',#13170,#13171);
#13170 = CARTESIAN_POINT('',(206.48,-64.358,1.51));
#13171 = VECTOR('',#13172,1.);
#13172 = DIRECTION('',(0.,0.,1.));
#13173 = PCURVE('',#4004,#13174);
#13174 = DEFINITIONAL_REPRESENTATION('',(#13175),#13179);
#13175 = LINE('',#13176,#13177);
#13176 = CARTESIAN_POINT('',(13.,-1.));
#13177 = VECTOR('',#13178,1.);
#13178 = DIRECTION('',(0.,-1.));
#13179 = ( GEOMETRIC_REPRESENTATION_CONTEXT(2) 
PARAMETRIC_REPRESENTATION_CONTEXT() REPRESENTATION_CONTEXT('2D SPACE',''
  ) );
#13180 = PCURVE('',#4203,#13181);
#13181 = DEFINITIONAL_REPRESENTATION('',(#13182),#13186);
#13182 = LINE('',#13183,#13184);
#13183 = CARTESIAN_POINT('',(0.,0.));
#13184 = VECTOR('',#13185,1.);
#13185 = DIRECTION('',(0.,1.));
#13186 = ( GEOMETRIC_REPRESENTATION_CONTEXT(2) 
PARAMETRIC_REPRESENTATION_CONTEXT() REPRESENTATION_CONTEXT('2D SPACE',''
  ) );
#13187 = ADVANCED_FACE('',(#13188),#4203,.F.);
#13188 = FACE_BOUND('',#13189,.F.);
#13189 = EDGE_LOOP('',(#13190,#13191,#13212,#13213));
#13190 = ORIENTED_EDGE('',*,*,#4188,.T.);
#13191 = ORIENTED_EDGE('',*,*,#13192,.T.);
#13192 = EDGE_CURVE('',#4163,#8737,#13193,.T.);
#13193 = SURFACE_CURVE('',#13194,(#13198,#13205),.PCURVE_S1.);
#13194 = LINE('',#13195,#13196);
#13195 = CARTESIAN_POINT('',(205.48,-63.358,1.51));
#13196 = VECTOR('',#13197,1.);
#13197 = DIRECTION('',(0.,0.,1.));
#13198 = PCURVE('',#4203,#13199);
#13199 = DEFINITIONAL_REPRESENTATION('',(#13200),#13204);
#13200 = LINE('',#13201,#13202);
#13201 = CARTESIAN_POINT('',(1.570796326795,0.));
#13202 = VECTOR('',#13203,1.);
#13203 = DIRECTION('',(0.,1.));
#13204 = ( GEOMETRIC_REPRESENTATION_CONTEXT(2) 
PARAMETRIC_REPRESENTATION_CONTEXT() REPRESENTATION_CONTEXT('2D SPACE',''
  ) );
#13205 = PCURVE('',#4177,#13206);
#13206 = DEFINITIONAL_REPRESENTATION('',(#13207),#13211);
#13207 = LINE('',#13208,#13209);
#13208 = CARTESIAN_POINT('',(1.,-1.));
#13209 = VECTOR('',#13210,1.);
#13210 = DIRECTION('',(0.,-1.));
#13211 = ( GEOMETRIC_REPRESENTATION_CONTEXT(2) 
PARAMETRIC_REPRESENTATION_CONTEXT() REPRESENTATION_CONTEXT('2D SPACE',''
  ) );
#13212 = ORIENTED_EDGE('',*,*,#8757,.F.);
#13213 = ORIENTED_EDGE('',*,*,#13167,.F.);
#13214 = ADVANCED_FACE('',(#13215),#4036,.F.);
#13215 = FACE_BOUND('',#13216,.T.);
#13216 = EDGE_LOOP('',(#13217,#13218,#13239,#13240));
#13217 = ORIENTED_EDGE('',*,*,#4015,.T.);
#13218 = ORIENTED_EDGE('',*,*,#13219,.T.);
#13219 = EDGE_CURVE('',#4016,#8615,#13220,.T.);
#13220 = SURFACE_CURVE('',#13221,(#13225,#13232),.PCURVE_S1.);
#13221 = LINE('',#13222,#13223);
#13222 = CARTESIAN_POINT('',(205.48,-77.358,1.51));
#13223 = VECTOR('',#13224,1.);
#13224 = DIRECTION('',(0.,0.,1.));
#13225 = PCURVE('',#4036,#13226);
#13226 = DEFINITIONAL_REPRESENTATION('',(#13227),#13231);
#13227 = LINE('',#13228,#13229);
#13228 = CARTESIAN_POINT('',(-1.570796326795,0.));
#13229 = VECTOR('',#13230,1.);
#13230 = DIRECTION('',(-0.,1.));
#13231 = ( GEOMETRIC_REPRESENTATION_CONTEXT(2) 
PARAMETRIC_REPRESENTATION_CONTEXT() REPRESENTATION_CONTEXT('2D SPACE',''
  ) );
#13232 = PCURVE('',#4063,#13233);
#13233 = DEFINITIONAL_REPRESENTATION('',(#13234),#13238);
#13234 = LINE('',#13235,#13236);
#13235 = CARTESIAN_POINT('',(13.,-1.));
#13236 = VECTOR('',#13237,1.);
#13237 = DIRECTION('',(0.,-1.));
#13238 = ( GEOMETRIC_REPRESENTATION_CONTEXT(2) 
PARAMETRIC_REPRESENTATION_CONTEXT() REPRESENTATION_CONTEXT('2D SPACE',''
  ) );
#13239 = ORIENTED_EDGE('',*,*,#8614,.F.);
#13240 = ORIENTED_EDGE('',*,*,#13145,.F.);
#13241 = ADVANCED_FACE('',(#13242),#4177,.T.);
#13242 = FACE_BOUND('',#13243,.T.);
#13243 = EDGE_LOOP('',(#13244,#13245,#13246,#13247));
#13244 = ORIENTED_EDGE('',*,*,#4162,.T.);
#13245 = ORIENTED_EDGE('',*,*,#13192,.T.);
#13246 = ORIENTED_EDGE('',*,*,#8736,.F.);
#13247 = ORIENTED_EDGE('',*,*,#13248,.F.);
#13248 = EDGE_CURVE('',#4134,#8713,#13249,.T.);
#13249 = SURFACE_CURVE('',#13250,(#13254,#13261),.PCURVE_S1.);
#13250 = LINE('',#13251,#13252);
#13251 = CARTESIAN_POINT('',(193.48,-63.358,1.51));
#13252 = VECTOR('',#13253,1.);
#13253 = DIRECTION('',(0.,0.,1.));
#13254 = PCURVE('',#4177,#13255);
#13255 = DEFINITIONAL_REPRESENTATION('',(#13256),#13260);
#13256 = LINE('',#13257,#13258);
#13257 = CARTESIAN_POINT('',(13.,-1.));
#13258 = VECTOR('',#13259,1.);
#13259 = DIRECTION('',(0.,-1.));
#13260 = ( GEOMETRIC_REPRESENTATION_CONTEXT(2) 
PARAMETRIC_REPRESENTATION_CONTEXT() REPRESENTATION_CONTEXT('2D SPACE',''
  ) );
#13261 = PCURVE('',#4150,#13262);
#13262 = DEFINITIONAL_REPRESENTATION('',(#13263),#13267);
#13263 = LINE('',#13264,#13265);
#13264 = CARTESIAN_POINT('',(0.,0.));
#13265 = VECTOR('',#13266,1.);
#13266 = DIRECTION('',(0.,1.));
#13267 = ( GEOMETRIC_REPRESENTATION_CONTEXT(2) 
PARAMETRIC_REPRESENTATION_CONTEXT() REPRESENTATION_CONTEXT('2D SPACE',''
  ) );
#13268 = ADVANCED_FACE('',(#13269),#4063,.T.);
#13269 = FACE_BOUND('',#13270,.T.);
#13270 = EDGE_LOOP('',(#13271,#13272,#13293,#13294));
#13271 = ORIENTED_EDGE('',*,*,#4048,.T.);
#13272 = ORIENTED_EDGE('',*,*,#13273,.T.);
#13273 = EDGE_CURVE('',#4049,#8643,#13274,.T.);
#13274 = SURFACE_CURVE('',#13275,(#13279,#13286),.PCURVE_S1.);
#13275 = LINE('',#13276,#13277);
#13276 = CARTESIAN_POINT('',(193.48,-77.358,1.51));
#13277 = VECTOR('',#13278,1.);
#13278 = DIRECTION('',(0.,0.,1.));
#13279 = PCURVE('',#4063,#13280);
#13280 = DEFINITIONAL_REPRESENTATION('',(#13281),#13285);
#13281 = LINE('',#13282,#13283);
#13282 = CARTESIAN_POINT('',(1.,-1.));
#13283 = VECTOR('',#13284,1.);
#13284 = DIRECTION('',(0.,-1.));
#13285 = ( GEOMETRIC_REPRESENTATION_CONTEXT(2) 
PARAMETRIC_REPRESENTATION_CONTEXT() REPRESENTATION_CONTEXT('2D SPACE',''
  ) );
#13286 = PCURVE('',#4095,#13287);
#13287 = DEFINITIONAL_REPRESENTATION('',(#13288),#13292);
#13288 = LINE('',#13289,#13290);
#13289 = CARTESIAN_POINT('',(-0.,0.));
#13290 = VECTOR('',#13291,1.);
#13291 = DIRECTION('',(-0.,1.));
#13292 = ( GEOMETRIC_REPRESENTATION_CONTEXT(2) 
PARAMETRIC_REPRESENTATION_CONTEXT() REPRESENTATION_CONTEXT('2D SPACE',''
  ) );
#13293 = ORIENTED_EDGE('',*,*,#8642,.F.);
#13294 = ORIENTED_EDGE('',*,*,#13219,.F.);
#13295 = ADVANCED_FACE('',(#13296),#4150,.F.);
#13296 = FACE_BOUND('',#13297,.F.);
#13297 = EDGE_LOOP('',(#13298,#13299,#13320,#13321));
#13298 = ORIENTED_EDGE('',*,*,#4133,.T.);
#13299 = ORIENTED_EDGE('',*,*,#13300,.T.);
#13300 = EDGE_CURVE('',#4108,#8692,#13301,.T.);
#13301 = SURFACE_CURVE('',#13302,(#13306,#13313),.PCURVE_S1.);
#13302 = LINE('',#13303,#13304);
#13303 = CARTESIAN_POINT('',(192.48,-64.358,1.51));
#13304 = VECTOR('',#13305,1.);
#13305 = DIRECTION('',(0.,0.,1.));
#13306 = PCURVE('',#4150,#13307);
#13307 = DEFINITIONAL_REPRESENTATION('',(#13308),#13312);
#13308 = LINE('',#13309,#13310);
#13309 = CARTESIAN_POINT('',(1.570796326795,0.));
#13310 = VECTOR('',#13311,1.);
#13311 = DIRECTION('',(0.,1.));
#13312 = ( GEOMETRIC_REPRESENTATION_CONTEXT(2) 
PARAMETRIC_REPRESENTATION_CONTEXT() REPRESENTATION_CONTEXT('2D SPACE',''
  ) );
#13313 = PCURVE('',#4122,#13314);
#13314 = DEFINITIONAL_REPRESENTATION('',(#13315),#13319);
#13315 = LINE('',#13316,#13317);
#13316 = CARTESIAN_POINT('',(1.,-1.));
#13317 = VECTOR('',#13318,1.);
#13318 = DIRECTION('',(0.,-1.));
#13319 = ( GEOMETRIC_REPRESENTATION_CONTEXT(2) 
PARAMETRIC_REPRESENTATION_CONTEXT() REPRESENTATION_CONTEXT('2D SPACE',''
  ) );
#13320 = ORIENTED_EDGE('',*,*,#8712,.F.);
#13321 = ORIENTED_EDGE('',*,*,#13248,.F.);
#13322 = ADVANCED_FACE('',(#13323),#4095,.F.);
#13323 = FACE_BOUND('',#13324,.T.);
#13324 = EDGE_LOOP('',(#13325,#13326,#13347,#13348));
#13325 = ORIENTED_EDGE('',*,*,#4074,.T.);
#13326 = ORIENTED_EDGE('',*,*,#13327,.T.);
#13327 = EDGE_CURVE('',#4075,#8664,#13328,.T.);
#13328 = SURFACE_CURVE('',#13329,(#13333,#13340),.PCURVE_S1.);
#13329 = LINE('',#13330,#13331);
#13330 = CARTESIAN_POINT('',(192.48,-76.358,1.51));
#13331 = VECTOR('',#13332,1.);
#13332 = DIRECTION('',(0.,0.,1.));
#13333 = PCURVE('',#4095,#13334);
#13334 = DEFINITIONAL_REPRESENTATION('',(#13335),#13339);
#13335 = LINE('',#13336,#13337);
#13336 = CARTESIAN_POINT('',(-1.570796326795,0.));
#13337 = VECTOR('',#13338,1.);
#13338 = DIRECTION('',(-0.,1.));
#13339 = ( GEOMETRIC_REPRESENTATION_CONTEXT(2) 
PARAMETRIC_REPRESENTATION_CONTEXT() REPRESENTATION_CONTEXT('2D SPACE',''
  ) );
#13340 = PCURVE('',#4122,#13341);
#13341 = DEFINITIONAL_REPRESENTATION('',(#13342),#13346);
#13342 = LINE('',#13343,#13344);
#13343 = CARTESIAN_POINT('',(13.,-1.));
#13344 = VECTOR('',#13345,1.);
#13345 = DIRECTION('',(0.,-1.));
#13346 = ( GEOMETRIC_REPRESENTATION_CONTEXT(2) 
PARAMETRIC_REPRESENTATION_CONTEXT() REPRESENTATION_CONTEXT('2D SPACE',''
  ) );
#13347 = ORIENTED_EDGE('',*,*,#8663,.F.);
#13348 = ORIENTED_EDGE('',*,*,#13273,.F.);
#13349 = ADVANCED_FACE('',(#13350),#4122,.T.);
#13350 = FACE_BOUND('',#13351,.T.);
#13351 = EDGE_LOOP('',(#13352,#13353,#13354,#13355));
#13352 = ORIENTED_EDGE('',*,*,#4107,.T.);
#13353 = ORIENTED_EDGE('',*,*,#13300,.T.);
#13354 = ORIENTED_EDGE('',*,*,#8691,.F.);
#13355 = ORIENTED_EDGE('',*,*,#13327,.F.);
#13356 = ADVANCED_FACE('',(#13357),#4234,.T.);
#13357 = FACE_BOUND('',#13358,.T.);
#13358 = EDGE_LOOP('',(#13359,#13360,#13381,#13382));
#13359 = ORIENTED_EDGE('',*,*,#4217,.T.);
#13360 = ORIENTED_EDGE('',*,*,#13361,.T.);
#13361 = EDGE_CURVE('',#4220,#8784,#13362,.T.);
#13362 = SURFACE_CURVE('',#13363,(#13367,#13374),.PCURVE_S1.);
#13363 = LINE('',#13364,#13365);
#13364 = CARTESIAN_POINT('',(206.48,-59.34,1.51));
#13365 = VECTOR('',#13366,1.);
#13366 = DIRECTION('',(0.,0.,1.));
#13367 = PCURVE('',#4234,#13368);
#13368 = DEFINITIONAL_REPRESENTATION('',(#13369),#13373);
#13369 = LINE('',#13370,#13371);
#13370 = CARTESIAN_POINT('',(1.,-1.));
#13371 = VECTOR('',#13372,1.);
#13372 = DIRECTION('',(0.,-1.));
#13373 = ( GEOMETRIC_REPRESENTATION_CONTEXT(2) 
PARAMETRIC_REPRESENTATION_CONTEXT() REPRESENTATION_CONTEXT('2D SPACE',''
  ) );
#13374 = PCURVE('',#4266,#13375);
#13375 = DEFINITIONAL_REPRESENTATION('',(#13376),#13380);
#13376 = LINE('',#13377,#13378);
#13377 = CARTESIAN_POINT('',(-0.,0.));
#13378 = VECTOR('',#13379,1.);
#13379 = DIRECTION('',(-0.,1.));
#13380 = ( GEOMETRIC_REPRESENTATION_CONTEXT(2) 
PARAMETRIC_REPRESENTATION_CONTEXT() REPRESENTATION_CONTEXT('2D SPACE',''
  ) );
#13381 = ORIENTED_EDGE('',*,*,#8781,.F.);
#13382 = ORIENTED_EDGE('',*,*,#13383,.F.);
#13383 = EDGE_CURVE('',#4218,#8782,#13384,.T.);
#13384 = SURFACE_CURVE('',#13385,(#13389,#13396),.PCURVE_S1.);
#13385 = LINE('',#13386,#13387);
#13386 = CARTESIAN_POINT('',(206.48,-47.34,1.51));
#13387 = VECTOR('',#13388,1.);
#13388 = DIRECTION('',(0.,0.,1.));
#13389 = PCURVE('',#4234,#13390);
#13390 = DEFINITIONAL_REPRESENTATION('',(#13391),#13395);
#13391 = LINE('',#13392,#13393);
#13392 = CARTESIAN_POINT('',(13.,-1.));
#13393 = VECTOR('',#13394,1.);
#13394 = DIRECTION('',(0.,-1.));
#13395 = ( GEOMETRIC_REPRESENTATION_CONTEXT(2) 
PARAMETRIC_REPRESENTATION_CONTEXT() REPRESENTATION_CONTEXT('2D SPACE',''
  ) );
#13396 = PCURVE('',#4433,#13397);
#13397 = DEFINITIONAL_REPRESENTATION('',(#13398),#13402);
#13398 = LINE('',#13399,#13400);
#13399 = CARTESIAN_POINT('',(0.,0.));
#13400 = VECTOR('',#13401,1.);
#13401 = DIRECTION('',(0.,1.));
#13402 = ( GEOMETRIC_REPRESENTATION_CONTEXT(2) 
PARAMETRIC_REPRESENTATION_CONTEXT() REPRESENTATION_CONTEXT('2D SPACE',''
  ) );
#13403 = ADVANCED_FACE('',(#13404),#4433,.F.);
#13404 = FACE_BOUND('',#13405,.F.);
#13405 = EDGE_LOOP('',(#13406,#13407,#13428,#13429));
#13406 = ORIENTED_EDGE('',*,*,#4418,.T.);
#13407 = ORIENTED_EDGE('',*,*,#13408,.T.);
#13408 = EDGE_CURVE('',#4393,#8927,#13409,.T.);
#13409 = SURFACE_CURVE('',#13410,(#13414,#13421),.PCURVE_S1.);
#13410 = LINE('',#13411,#13412);
#13411 = CARTESIAN_POINT('',(205.48,-46.34,1.51));
#13412 = VECTOR('',#13413,1.);
#13413 = DIRECTION('',(0.,0.,1.));
#13414 = PCURVE('',#4433,#13415);
#13415 = DEFINITIONAL_REPRESENTATION('',(#13416),#13420);
#13416 = LINE('',#13417,#13418);
#13417 = CARTESIAN_POINT('',(1.570796326795,0.));
#13418 = VECTOR('',#13419,1.);
#13419 = DIRECTION('',(0.,1.));
#13420 = ( GEOMETRIC_REPRESENTATION_CONTEXT(2) 
PARAMETRIC_REPRESENTATION_CONTEXT() REPRESENTATION_CONTEXT('2D SPACE',''
  ) );
#13421 = PCURVE('',#4407,#13422);
#13422 = DEFINITIONAL_REPRESENTATION('',(#13423),#13427);
#13423 = LINE('',#13424,#13425);
#13424 = CARTESIAN_POINT('',(1.,-1.));
#13425 = VECTOR('',#13426,1.);
#13426 = DIRECTION('',(0.,-1.));
#13427 = ( GEOMETRIC_REPRESENTATION_CONTEXT(2) 
PARAMETRIC_REPRESENTATION_CONTEXT() REPRESENTATION_CONTEXT('2D SPACE',''
  ) );
#13428 = ORIENTED_EDGE('',*,*,#8947,.F.);
#13429 = ORIENTED_EDGE('',*,*,#13383,.F.);
#13430 = ADVANCED_FACE('',(#13431),#4266,.F.);
#13431 = FACE_BOUND('',#13432,.T.);
#13432 = EDGE_LOOP('',(#13433,#13434,#13455,#13456));
#13433 = ORIENTED_EDGE('',*,*,#4245,.T.);
#13434 = ORIENTED_EDGE('',*,*,#13435,.T.);
#13435 = EDGE_CURVE('',#4246,#8805,#13436,.T.);
#13436 = SURFACE_CURVE('',#13437,(#13441,#13448),.PCURVE_S1.);
#13437 = LINE('',#13438,#13439);
#13438 = CARTESIAN_POINT('',(205.48,-60.34,1.51));
#13439 = VECTOR('',#13440,1.);
#13440 = DIRECTION('',(0.,0.,1.));
#13441 = PCURVE('',#4266,#13442);
#13442 = DEFINITIONAL_REPRESENTATION('',(#13443),#13447);
#13443 = LINE('',#13444,#13445);
#13444 = CARTESIAN_POINT('',(-1.570796326795,0.));
#13445 = VECTOR('',#13446,1.);
#13446 = DIRECTION('',(-0.,1.));
#13447 = ( GEOMETRIC_REPRESENTATION_CONTEXT(2) 
PARAMETRIC_REPRESENTATION_CONTEXT() REPRESENTATION_CONTEXT('2D SPACE',''
  ) );
#13448 = PCURVE('',#4293,#13449);
#13449 = DEFINITIONAL_REPRESENTATION('',(#13450),#13454);
#13450 = LINE('',#13451,#13452);
#13451 = CARTESIAN_POINT('',(13.,-1.));
#13452 = VECTOR('',#13453,1.);
#13453 = DIRECTION('',(0.,-1.));
#13454 = ( GEOMETRIC_REPRESENTATION_CONTEXT(2) 
PARAMETRIC_REPRESENTATION_CONTEXT() REPRESENTATION_CONTEXT('2D SPACE',''
  ) );
#13455 = ORIENTED_EDGE('',*,*,#8804,.F.);
#13456 = ORIENTED_EDGE('',*,*,#13361,.F.);
#13457 = ADVANCED_FACE('',(#13458),#4407,.T.);
#13458 = FACE_BOUND('',#13459,.T.);
#13459 = EDGE_LOOP('',(#13460,#13461,#13462,#13463));
#13460 = ORIENTED_EDGE('',*,*,#4392,.T.);
#13461 = ORIENTED_EDGE('',*,*,#13408,.T.);
#13462 = ORIENTED_EDGE('',*,*,#8926,.F.);
#13463 = ORIENTED_EDGE('',*,*,#13464,.F.);
#13464 = EDGE_CURVE('',#4364,#8903,#13465,.T.);
#13465 = SURFACE_CURVE('',#13466,(#13470,#13477),.PCURVE_S1.);
#13466 = LINE('',#13467,#13468);
#13467 = CARTESIAN_POINT('',(193.48,-46.34,1.51));
#13468 = VECTOR('',#13469,1.);
#13469 = DIRECTION('',(0.,0.,1.));
#13470 = PCURVE('',#4407,#13471);
#13471 = DEFINITIONAL_REPRESENTATION('',(#13472),#13476);
#13472 = LINE('',#13473,#13474);
#13473 = CARTESIAN_POINT('',(13.,-1.));
#13474 = VECTOR('',#13475,1.);
#13475 = DIRECTION('',(0.,-1.));
#13476 = ( GEOMETRIC_REPRESENTATION_CONTEXT(2) 
PARAMETRIC_REPRESENTATION_CONTEXT() REPRESENTATION_CONTEXT('2D SPACE',''
  ) );
#13477 = PCURVE('',#4380,#13478);
#13478 = DEFINITIONAL_REPRESENTATION('',(#13479),#13483);
#13479 = LINE('',#13480,#13481);
#13480 = CARTESIAN_POINT('',(0.,0.));
#13481 = VECTOR('',#13482,1.);
#13482 = DIRECTION('',(0.,1.));
#13483 = ( GEOMETRIC_REPRESENTATION_CONTEXT(2) 
PARAMETRIC_REPRESENTATION_CONTEXT() REPRESENTATION_CONTEXT('2D SPACE',''
  ) );
#13484 = ADVANCED_FACE('',(#13485),#4293,.T.);
#13485 = FACE_BOUND('',#13486,.T.);
#13486 = EDGE_LOOP('',(#13487,#13488,#13509,#13510));
#13487 = ORIENTED_EDGE('',*,*,#4278,.T.);
#13488 = ORIENTED_EDGE('',*,*,#13489,.T.);
#13489 = EDGE_CURVE('',#4279,#8833,#13490,.T.);
#13490 = SURFACE_CURVE('',#13491,(#13495,#13502),.PCURVE_S1.);
#13491 = LINE('',#13492,#13493);
#13492 = CARTESIAN_POINT('',(193.48,-60.34,1.51));
#13493 = VECTOR('',#13494,1.);
#13494 = DIRECTION('',(0.,0.,1.));
#13495 = PCURVE('',#4293,#13496);
#13496 = DEFINITIONAL_REPRESENTATION('',(#13497),#13501);
#13497 = LINE('',#13498,#13499);
#13498 = CARTESIAN_POINT('',(1.,-1.));
#13499 = VECTOR('',#13500,1.);
#13500 = DIRECTION('',(0.,-1.));
#13501 = ( GEOMETRIC_REPRESENTATION_CONTEXT(2) 
PARAMETRIC_REPRESENTATION_CONTEXT() REPRESENTATION_CONTEXT('2D SPACE',''
  ) );
#13502 = PCURVE('',#4325,#13503);
#13503 = DEFINITIONAL_REPRESENTATION('',(#13504),#13508);
#13504 = LINE('',#13505,#13506);
#13505 = CARTESIAN_POINT('',(-0.,0.));
#13506 = VECTOR('',#13507,1.);
#13507 = DIRECTION('',(-0.,1.));
#13508 = ( GEOMETRIC_REPRESENTATION_CONTEXT(2) 
PARAMETRIC_REPRESENTATION_CONTEXT() REPRESENTATION_CONTEXT('2D SPACE',''
  ) );
#13509 = ORIENTED_EDGE('',*,*,#8832,.F.);
#13510 = ORIENTED_EDGE('',*,*,#13435,.F.);
#13511 = ADVANCED_FACE('',(#13512),#4380,.F.);
#13512 = FACE_BOUND('',#13513,.F.);
#13513 = EDGE_LOOP('',(#13514,#13515,#13536,#13537));
#13514 = ORIENTED_EDGE('',*,*,#4363,.T.);
#13515 = ORIENTED_EDGE('',*,*,#13516,.T.);
#13516 = EDGE_CURVE('',#4338,#8882,#13517,.T.);
#13517 = SURFACE_CURVE('',#13518,(#13522,#13529),.PCURVE_S1.);
#13518 = LINE('',#13519,#13520);
#13519 = CARTESIAN_POINT('',(192.48,-47.34,1.51));
#13520 = VECTOR('',#13521,1.);
#13521 = DIRECTION('',(0.,0.,1.));
#13522 = PCURVE('',#4380,#13523);
#13523 = DEFINITIONAL_REPRESENTATION('',(#13524),#13528);
#13524 = LINE('',#13525,#13526);
#13525 = CARTESIAN_POINT('',(1.570796326795,0.));
#13526 = VECTOR('',#13527,1.);
#13527 = DIRECTION('',(0.,1.));
#13528 = ( GEOMETRIC_REPRESENTATION_CONTEXT(2) 
PARAMETRIC_REPRESENTATION_CONTEXT() REPRESENTATION_CONTEXT('2D SPACE',''
  ) );
#13529 = PCURVE('',#4352,#13530);
#13530 = DEFINITIONAL_REPRESENTATION('',(#13531),#13535);
#13531 = LINE('',#13532,#13533);
#13532 = CARTESIAN_POINT('',(1.,-1.));
#13533 = VECTOR('',#13534,1.);
#13534 = DIRECTION('',(0.,-1.));
#13535 = ( GEOMETRIC_REPRESENTATION_CONTEXT(2) 
PARAMETRIC_REPRESENTATION_CONTEXT() REPRESENTATION_CONTEXT('2D SPACE',''
  ) );
#13536 = ORIENTED_EDGE('',*,*,#8902,.F.);
#13537 = ORIENTED_EDGE('',*,*,#13464,.F.);
#13538 = ADVANCED_FACE('',(#13539),#4325,.F.);
#13539 = FACE_BOUND('',#13540,.T.);
#13540 = EDGE_LOOP('',(#13541,#13542,#13563,#13564));
#13541 = ORIENTED_EDGE('',*,*,#4304,.T.);
#13542 = ORIENTED_EDGE('',*,*,#13543,.T.);
#13543 = EDGE_CURVE('',#4305,#8854,#13544,.T.);
#13544 = SURFACE_CURVE('',#13545,(#13549,#13556),.PCURVE_S1.);
#13545 = LINE('',#13546,#13547);
#13546 = CARTESIAN_POINT('',(192.48,-59.34,1.51));
#13547 = VECTOR('',#13548,1.);
#13548 = DIRECTION('',(0.,0.,1.));
#13549 = PCURVE('',#4325,#13550);
#13550 = DEFINITIONAL_REPRESENTATION('',(#13551),#13555);
#13551 = LINE('',#13552,#13553);
#13552 = CARTESIAN_POINT('',(-1.570796326795,0.));
#13553 = VECTOR('',#13554,1.);
#13554 = DIRECTION('',(-0.,1.));
#13555 = ( GEOMETRIC_REPRESENTATION_CONTEXT(2) 
PARAMETRIC_REPRESENTATION_CONTEXT() REPRESENTATION_CONTEXT('2D SPACE',''
  ) );
#13556 = PCURVE('',#4352,#13557);
#13557 = DEFINITIONAL_REPRESENTATION('',(#13558),#13562);
#13558 = LINE('',#13559,#13560);
#13559 = CARTESIAN_POINT('',(13.,-1.));
#13560 = VECTOR('',#13561,1.);
#13561 = DIRECTION('',(0.,-1.));
#13562 = ( GEOMETRIC_REPRESENTATION_CONTEXT(2) 
PARAMETRIC_REPRESENTATION_CONTEXT() REPRESENTATION_CONTEXT('2D SPACE',''
  ) );
#13563 = ORIENTED_EDGE('',*,*,#8853,.F.);
#13564 = ORIENTED_EDGE('',*,*,#13489,.F.);
#13565 = ADVANCED_FACE('',(#13566),#4352,.T.);
#13566 = FACE_BOUND('',#13567,.T.);
#13567 = EDGE_LOOP('',(#13568,#13569,#13570,#13571));
#13568 = ORIENTED_EDGE('',*,*,#4337,.T.);
#13569 = ORIENTED_EDGE('',*,*,#13516,.T.);
#13570 = ORIENTED_EDGE('',*,*,#8881,.F.);
#13571 = ORIENTED_EDGE('',*,*,#13543,.F.);
#13572 = ADVANCED_FACE('',(#13573),#4464,.T.);
#13573 = FACE_BOUND('',#13574,.T.);
#13574 = EDGE_LOOP('',(#13575,#13576,#13597,#13598));
#13575 = ORIENTED_EDGE('',*,*,#4447,.T.);
#13576 = ORIENTED_EDGE('',*,*,#13577,.T.);
#13577 = EDGE_CURVE('',#4450,#8974,#13578,.T.);
#13578 = SURFACE_CURVE('',#13579,(#13583,#13590),.PCURVE_S1.);
#13579 = LINE('',#13580,#13581);
#13580 = CARTESIAN_POINT('',(226.051985,-65.436795,1.51));
#13581 = VECTOR('',#13582,1.);
#13582 = DIRECTION('',(0.,0.,1.));
#13583 = PCURVE('',#4464,#13584);
#13584 = DEFINITIONAL_REPRESENTATION('',(#13585),#13589);
#13585 = LINE('',#13586,#13587);
#13586 = CARTESIAN_POINT('',(1.,-1.));
#13587 = VECTOR('',#13588,1.);
#13588 = DIRECTION('',(0.,-1.));
#13589 = ( GEOMETRIC_REPRESENTATION_CONTEXT(2) 
PARAMETRIC_REPRESENTATION_CONTEXT() REPRESENTATION_CONTEXT('2D SPACE',''
  ) );
#13590 = PCURVE('',#4496,#13591);
#13591 = DEFINITIONAL_REPRESENTATION('',(#13592),#13596);
#13592 = LINE('',#13593,#13594);
#13593 = CARTESIAN_POINT('',(-0.,0.));
#13594 = VECTOR('',#13595,1.);
#13595 = DIRECTION('',(-0.,1.));
#13596 = ( GEOMETRIC_REPRESENTATION_CONTEXT(2) 
PARAMETRIC_REPRESENTATION_CONTEXT() REPRESENTATION_CONTEXT('2D SPACE',''
  ) );
#13597 = ORIENTED_EDGE('',*,*,#8971,.F.);
#13598 = ORIENTED_EDGE('',*,*,#13599,.F.);
#13599 = EDGE_CURVE('',#4448,#8972,#13600,.T.);
#13600 = SURFACE_CURVE('',#13601,(#13605,#13612),.PCURVE_S1.);
#13601 = LINE('',#13602,#13603);
#13602 = CARTESIAN_POINT('',(226.051985,-53.436795,1.51));
#13603 = VECTOR('',#13604,1.);
#13604 = DIRECTION('',(0.,0.,1.));
#13605 = PCURVE('',#4464,#13606);
#13606 = DEFINITIONAL_REPRESENTATION('',(#13607),#13611);
#13607 = LINE('',#13608,#13609);
#13608 = CARTESIAN_POINT('',(13.,-1.));
#13609 = VECTOR('',#13610,1.);
#13610 = DIRECTION('',(0.,-1.));
#13611 = ( GEOMETRIC_REPRESENTATION_CONTEXT(2) 
PARAMETRIC_REPRESENTATION_CONTEXT() REPRESENTATION_CONTEXT('2D SPACE',''
  ) );
#13612 = PCURVE('',#4663,#13613);
#13613 = DEFINITIONAL_REPRESENTATION('',(#13614),#13618);
#13614 = LINE('',#13615,#13616);
#13615 = CARTESIAN_POINT('',(0.,0.));
#13616 = VECTOR('',#13617,1.);
#13617 = DIRECTION('',(0.,1.));
#13618 = ( GEOMETRIC_REPRESENTATION_CONTEXT(2) 
PARAMETRIC_REPRESENTATION_CONTEXT() REPRESENTATION_CONTEXT('2D SPACE',''
  ) );
#13619 = ADVANCED_FACE('',(#13620),#4663,.F.);
#13620 = FACE_BOUND('',#13621,.F.);
#13621 = EDGE_LOOP('',(#13622,#13623,#13644,#13645));
#13622 = ORIENTED_EDGE('',*,*,#4648,.T.);
#13623 = ORIENTED_EDGE('',*,*,#13624,.T.);
#13624 = EDGE_CURVE('',#4623,#9117,#13625,.T.);
#13625 = SURFACE_CURVE('',#13626,(#13630,#13637),.PCURVE_S1.);
#13626 = LINE('',#13627,#13628);
#13627 = CARTESIAN_POINT('',(225.051985,-52.436795,1.51));
#13628 = VECTOR('',#13629,1.);
#13629 = DIRECTION('',(0.,0.,1.));
#13630 = PCURVE('',#4663,#13631);
#13631 = DEFINITIONAL_REPRESENTATION('',(#13632),#13636);
#13632 = LINE('',#13633,#13634);
#13633 = CARTESIAN_POINT('',(1.570796326795,0.));
#13634 = VECTOR('',#13635,1.);
#13635 = DIRECTION('',(0.,1.));
#13636 = ( GEOMETRIC_REPRESENTATION_CONTEXT(2) 
PARAMETRIC_REPRESENTATION_CONTEXT() REPRESENTATION_CONTEXT('2D SPACE',''
  ) );
#13637 = PCURVE('',#4637,#13638);
#13638 = DEFINITIONAL_REPRESENTATION('',(#13639),#13643);
#13639 = LINE('',#13640,#13641);
#13640 = CARTESIAN_POINT('',(1.,-1.));
#13641 = VECTOR('',#13642,1.);
#13642 = DIRECTION('',(0.,-1.));
#13643 = ( GEOMETRIC_REPRESENTATION_CONTEXT(2) 
PARAMETRIC_REPRESENTATION_CONTEXT() REPRESENTATION_CONTEXT('2D SPACE',''
  ) );
#13644 = ORIENTED_EDGE('',*,*,#9137,.F.);
#13645 = ORIENTED_EDGE('',*,*,#13599,.F.);
#13646 = ADVANCED_FACE('',(#13647),#4496,.F.);
#13647 = FACE_BOUND('',#13648,.T.);
#13648 = EDGE_LOOP('',(#13649,#13650,#13671,#13672));
#13649 = ORIENTED_EDGE('',*,*,#4475,.T.);
#13650 = ORIENTED_EDGE('',*,*,#13651,.T.);
#13651 = EDGE_CURVE('',#4476,#8995,#13652,.T.);
#13652 = SURFACE_CURVE('',#13653,(#13657,#13664),.PCURVE_S1.);
#13653 = LINE('',#13654,#13655);
#13654 = CARTESIAN_POINT('',(225.051985,-66.436795,1.51));
#13655 = VECTOR('',#13656,1.);
#13656 = DIRECTION('',(0.,0.,1.));
#13657 = PCURVE('',#4496,#13658);
#13658 = DEFINITIONAL_REPRESENTATION('',(#13659),#13663);
#13659 = LINE('',#13660,#13661);
#13660 = CARTESIAN_POINT('',(-1.570796326795,0.));
#13661 = VECTOR('',#13662,1.);
#13662 = DIRECTION('',(-0.,1.));
#13663 = ( GEOMETRIC_REPRESENTATION_CONTEXT(2) 
PARAMETRIC_REPRESENTATION_CONTEXT() REPRESENTATION_CONTEXT('2D SPACE',''
  ) );
#13664 = PCURVE('',#4523,#13665);
#13665 = DEFINITIONAL_REPRESENTATION('',(#13666),#13670);
#13666 = LINE('',#13667,#13668);
#13667 = CARTESIAN_POINT('',(13.,-1.));
#13668 = VECTOR('',#13669,1.);
#13669 = DIRECTION('',(0.,-1.));
#13670 = ( GEOMETRIC_REPRESENTATION_CONTEXT(2) 
PARAMETRIC_REPRESENTATION_CONTEXT() REPRESENTATION_CONTEXT('2D SPACE',''
  ) );
#13671 = ORIENTED_EDGE('',*,*,#8994,.F.);
#13672 = ORIENTED_EDGE('',*,*,#13577,.F.);
#13673 = ADVANCED_FACE('',(#13674),#4637,.T.);
#13674 = FACE_BOUND('',#13675,.T.);
#13675 = EDGE_LOOP('',(#13676,#13677,#13678,#13679));
#13676 = ORIENTED_EDGE('',*,*,#4622,.T.);
#13677 = ORIENTED_EDGE('',*,*,#13624,.T.);
#13678 = ORIENTED_EDGE('',*,*,#9116,.F.);
#13679 = ORIENTED_EDGE('',*,*,#13680,.F.);
#13680 = EDGE_CURVE('',#4594,#9093,#13681,.T.);
#13681 = SURFACE_CURVE('',#13682,(#13686,#13693),.PCURVE_S1.);
#13682 = LINE('',#13683,#13684);
#13683 = CARTESIAN_POINT('',(213.051985,-52.436795,1.51));
#13684 = VECTOR('',#13685,1.);
#13685 = DIRECTION('',(0.,0.,1.));
#13686 = PCURVE('',#4637,#13687);
#13687 = DEFINITIONAL_REPRESENTATION('',(#13688),#13692);
#13688 = LINE('',#13689,#13690);
#13689 = CARTESIAN_POINT('',(13.,-1.));
#13690 = VECTOR('',#13691,1.);
#13691 = DIRECTION('',(0.,-1.));
#13692 = ( GEOMETRIC_REPRESENTATION_CONTEXT(2) 
PARAMETRIC_REPRESENTATION_CONTEXT() REPRESENTATION_CONTEXT('2D SPACE',''
  ) );
#13693 = PCURVE('',#4610,#13694);
#13694 = DEFINITIONAL_REPRESENTATION('',(#13695),#13699);
#13695 = LINE('',#13696,#13697);
#13696 = CARTESIAN_POINT('',(0.,0.));
#13697 = VECTOR('',#13698,1.);
#13698 = DIRECTION('',(0.,1.));
#13699 = ( GEOMETRIC_REPRESENTATION_CONTEXT(2) 
PARAMETRIC_REPRESENTATION_CONTEXT() REPRESENTATION_CONTEXT('2D SPACE',''
  ) );
#13700 = ADVANCED_FACE('',(#13701),#4523,.T.);
#13701 = FACE_BOUND('',#13702,.T.);
#13702 = EDGE_LOOP('',(#13703,#13704,#13725,#13726));
#13703 = ORIENTED_EDGE('',*,*,#4508,.T.);
#13704 = ORIENTED_EDGE('',*,*,#13705,.T.);
#13705 = EDGE_CURVE('',#4509,#9023,#13706,.T.);
#13706 = SURFACE_CURVE('',#13707,(#13711,#13718),.PCURVE_S1.);
#13707 = LINE('',#13708,#13709);
#13708 = CARTESIAN_POINT('',(213.051985,-66.436795,1.51));
#13709 = VECTOR('',#13710,1.);
#13710 = DIRECTION('',(0.,0.,1.));
#13711 = PCURVE('',#4523,#13712);
#13712 = DEFINITIONAL_REPRESENTATION('',(#13713),#13717);
#13713 = LINE('',#13714,#13715);
#13714 = CARTESIAN_POINT('',(1.,-1.));
#13715 = VECTOR('',#13716,1.);
#13716 = DIRECTION('',(0.,-1.));
#13717 = ( GEOMETRIC_REPRESENTATION_CONTEXT(2) 
PARAMETRIC_REPRESENTATION_CONTEXT() REPRESENTATION_CONTEXT('2D SPACE',''
  ) );
#13718 = PCURVE('',#4555,#13719);
#13719 = DEFINITIONAL_REPRESENTATION('',(#13720),#13724);
#13720 = LINE('',#13721,#13722);
#13721 = CARTESIAN_POINT('',(-0.,0.));
#13722 = VECTOR('',#13723,1.);
#13723 = DIRECTION('',(-0.,1.));
#13724 = ( GEOMETRIC_REPRESENTATION_CONTEXT(2) 
PARAMETRIC_REPRESENTATION_CONTEXT() REPRESENTATION_CONTEXT('2D SPACE',''
  ) );
#13725 = ORIENTED_EDGE('',*,*,#9022,.F.);
#13726 = ORIENTED_EDGE('',*,*,#13651,.F.);
#13727 = ADVANCED_FACE('',(#13728),#4610,.F.);
#13728 = FACE_BOUND('',#13729,.F.);
#13729 = EDGE_LOOP('',(#13730,#13731,#13752,#13753));
#13730 = ORIENTED_EDGE('',*,*,#4593,.T.);
#13731 = ORIENTED_EDGE('',*,*,#13732,.T.);
#13732 = EDGE_CURVE('',#4568,#9072,#13733,.T.);
#13733 = SURFACE_CURVE('',#13734,(#13738,#13745),.PCURVE_S1.);
#13734 = LINE('',#13735,#13736);
#13735 = CARTESIAN_POINT('',(212.051985,-53.436795,1.51));
#13736 = VECTOR('',#13737,1.);
#13737 = DIRECTION('',(0.,0.,1.));
#13738 = PCURVE('',#4610,#13739);
#13739 = DEFINITIONAL_REPRESENTATION('',(#13740),#13744);
#13740 = LINE('',#13741,#13742);
#13741 = CARTESIAN_POINT('',(1.570796326795,0.));
#13742 = VECTOR('',#13743,1.);
#13743 = DIRECTION('',(0.,1.));
#13744 = ( GEOMETRIC_REPRESENTATION_CONTEXT(2) 
PARAMETRIC_REPRESENTATION_CONTEXT() REPRESENTATION_CONTEXT('2D SPACE',''
  ) );
#13745 = PCURVE('',#4582,#13746);
#13746 = DEFINITIONAL_REPRESENTATION('',(#13747),#13751);
#13747 = LINE('',#13748,#13749);
#13748 = CARTESIAN_POINT('',(1.,-1.));
#13749 = VECTOR('',#13750,1.);
#13750 = DIRECTION('',(0.,-1.));
#13751 = ( GEOMETRIC_REPRESENTATION_CONTEXT(2) 
PARAMETRIC_REPRESENTATION_CONTEXT() REPRESENTATION_CONTEXT('2D SPACE',''
  ) );
#13752 = ORIENTED_EDGE('',*,*,#9092,.F.);
#13753 = ORIENTED_EDGE('',*,*,#13680,.F.);
#13754 = ADVANCED_FACE('',(#13755),#4555,.F.);
#13755 = FACE_BOUND('',#13756,.T.);
#13756 = EDGE_LOOP('',(#13757,#13758,#13779,#13780));
#13757 = ORIENTED_EDGE('',*,*,#4534,.T.);
#13758 = ORIENTED_EDGE('',*,*,#13759,.T.);
#13759 = EDGE_CURVE('',#4535,#9044,#13760,.T.);
#13760 = SURFACE_CURVE('',#13761,(#13765,#13772),.PCURVE_S1.);
#13761 = LINE('',#13762,#13763);
#13762 = CARTESIAN_POINT('',(212.051985,-65.436795,1.51));
#13763 = VECTOR('',#13764,1.);
#13764 = DIRECTION('',(0.,0.,1.));
#13765 = PCURVE('',#4555,#13766);
#13766 = DEFINITIONAL_REPRESENTATION('',(#13767),#13771);
#13767 = LINE('',#13768,#13769);
#13768 = CARTESIAN_POINT('',(-1.570796326795,0.));
#13769 = VECTOR('',#13770,1.);
#13770 = DIRECTION('',(-0.,1.));
#13771 = ( GEOMETRIC_REPRESENTATION_CONTEXT(2) 
PARAMETRIC_REPRESENTATION_CONTEXT() REPRESENTATION_CONTEXT('2D SPACE',''
  ) );
#13772 = PCURVE('',#4582,#13773);
#13773 = DEFINITIONAL_REPRESENTATION('',(#13774),#13778);
#13774 = LINE('',#13775,#13776);
#13775 = CARTESIAN_POINT('',(13.,-1.));
#13776 = VECTOR('',#13777,1.);
#13777 = DIRECTION('',(0.,-1.));
#13778 = ( GEOMETRIC_REPRESENTATION_CONTEXT(2) 
PARAMETRIC_REPRESENTATION_CONTEXT() REPRESENTATION_CONTEXT('2D SPACE',''
  ) );
#13779 = ORIENTED_EDGE('',*,*,#9043,.F.);
#13780 = ORIENTED_EDGE('',*,*,#13705,.F.);
#13781 = ADVANCED_FACE('',(#13782),#4582,.T.);
#13782 = FACE_BOUND('',#13783,.T.);
#13783 = EDGE_LOOP('',(#13784,#13785,#13786,#13787));
#13784 = ORIENTED_EDGE('',*,*,#4567,.T.);
#13785 = ORIENTED_EDGE('',*,*,#13732,.T.);
#13786 = ORIENTED_EDGE('',*,*,#9071,.F.);
#13787 = ORIENTED_EDGE('',*,*,#13759,.F.);
#13788 = ADVANCED_FACE('',(#13789),#4694,.T.);
#13789 = FACE_BOUND('',#13790,.T.);
#13790 = EDGE_LOOP('',(#13791,#13792,#13813,#13814));
#13791 = ORIENTED_EDGE('',*,*,#4677,.T.);
#13792 = ORIENTED_EDGE('',*,*,#13793,.T.);
#13793 = EDGE_CURVE('',#4680,#9164,#13794,.T.);
#13794 = SURFACE_CURVE('',#13795,(#13799,#13806),.PCURVE_S1.);
#13795 = LINE('',#13796,#13797);
#13796 = CARTESIAN_POINT('',(248.823707,-68.399183,1.51));
#13797 = VECTOR('',#13798,1.);
#13798 = DIRECTION('',(0.,0.,1.));
#13799 = PCURVE('',#4694,#13800);
#13800 = DEFINITIONAL_REPRESENTATION('',(#13801),#13805);
#13801 = LINE('',#13802,#13803);
#13802 = CARTESIAN_POINT('',(1.,-1.));
#13803 = VECTOR('',#13804,1.);
#13804 = DIRECTION('',(0.,-1.));
#13805 = ( GEOMETRIC_REPRESENTATION_CONTEXT(2) 
PARAMETRIC_REPRESENTATION_CONTEXT() REPRESENTATION_CONTEXT('2D SPACE',''
  ) );
#13806 = PCURVE('',#4726,#13807);
#13807 = DEFINITIONAL_REPRESENTATION('',(#13808),#13812);
#13808 = LINE('',#13809,#13810);
#13809 = CARTESIAN_POINT('',(-0.,0.));
#13810 = VECTOR('',#13811,1.);
#13811 = DIRECTION('',(-0.,1.));
#13812 = ( GEOMETRIC_REPRESENTATION_CONTEXT(2) 
PARAMETRIC_REPRESENTATION_CONTEXT() REPRESENTATION_CONTEXT('2D SPACE',''
  ) );
#13813 = ORIENTED_EDGE('',*,*,#9161,.F.);
#13814 = ORIENTED_EDGE('',*,*,#13815,.F.);
#13815 = EDGE_CURVE('',#4678,#9162,#13816,.T.);
#13816 = SURFACE_CURVE('',#13817,(#13821,#13828),.PCURVE_S1.);
#13817 = LINE('',#13818,#13819);
#13818 = CARTESIAN_POINT('',(248.823707,-56.399183,1.51));
#13819 = VECTOR('',#13820,1.);
#13820 = DIRECTION('',(0.,0.,1.));
#13821 = PCURVE('',#4694,#13822);
#13822 = DEFINITIONAL_REPRESENTATION('',(#13823),#13827);
#13823 = LINE('',#13824,#13825);
#13824 = CARTESIAN_POINT('',(13.,-1.));
#13825 = VECTOR('',#13826,1.);
#13826 = DIRECTION('',(0.,-1.));
#13827 = ( GEOMETRIC_REPRESENTATION_CONTEXT(2) 
PARAMETRIC_REPRESENTATION_CONTEXT() REPRESENTATION_CONTEXT('2D SPACE',''
  ) );
#13828 = PCURVE('',#4893,#13829);
#13829 = DEFINITIONAL_REPRESENTATION('',(#13830),#13834);
#13830 = LINE('',#13831,#13832);
#13831 = CARTESIAN_POINT('',(0.,0.));
#13832 = VECTOR('',#13833,1.);
#13833 = DIRECTION('',(0.,1.));
#13834 = ( GEOMETRIC_REPRESENTATION_CONTEXT(2) 
PARAMETRIC_REPRESENTATION_CONTEXT() REPRESENTATION_CONTEXT('2D SPACE',''
  ) );
#13835 = ADVANCED_FACE('',(#13836),#4893,.F.);
#13836 = FACE_BOUND('',#13837,.F.);
#13837 = EDGE_LOOP('',(#13838,#13839,#13860,#13861));
#13838 = ORIENTED_EDGE('',*,*,#4878,.T.);
#13839 = ORIENTED_EDGE('',*,*,#13840,.T.);
#13840 = EDGE_CURVE('',#4853,#9307,#13841,.T.);
#13841 = SURFACE_CURVE('',#13842,(#13846,#13853),.PCURVE_S1.);
#13842 = LINE('',#13843,#13844);
#13843 = CARTESIAN_POINT('',(247.823707,-55.399183,1.51));
#13844 = VECTOR('',#13845,1.);
#13845 = DIRECTION('',(0.,0.,1.));
#13846 = PCURVE('',#4893,#13847);
#13847 = DEFINITIONAL_REPRESENTATION('',(#13848),#13852);
#13848 = LINE('',#13849,#13850);
#13849 = CARTESIAN_POINT('',(1.570796326795,0.));
#13850 = VECTOR('',#13851,1.);
#13851 = DIRECTION('',(0.,1.));
#13852 = ( GEOMETRIC_REPRESENTATION_CONTEXT(2) 
PARAMETRIC_REPRESENTATION_CONTEXT() REPRESENTATION_CONTEXT('2D SPACE',''
  ) );
#13853 = PCURVE('',#4867,#13854);
#13854 = DEFINITIONAL_REPRESENTATION('',(#13855),#13859);
#13855 = LINE('',#13856,#13857);
#13856 = CARTESIAN_POINT('',(1.,-1.));
#13857 = VECTOR('',#13858,1.);
#13858 = DIRECTION('',(0.,-1.));
#13859 = ( GEOMETRIC_REPRESENTATION_CONTEXT(2) 
PARAMETRIC_REPRESENTATION_CONTEXT() REPRESENTATION_CONTEXT('2D SPACE',''
  ) );
#13860 = ORIENTED_EDGE('',*,*,#9327,.F.);
#13861 = ORIENTED_EDGE('',*,*,#13815,.F.);
#13862 = ADVANCED_FACE('',(#13863),#4726,.F.);
#13863 = FACE_BOUND('',#13864,.T.);
#13864 = EDGE_LOOP('',(#13865,#13866,#13887,#13888));
#13865 = ORIENTED_EDGE('',*,*,#4705,.T.);
#13866 = ORIENTED_EDGE('',*,*,#13867,.T.);
#13867 = EDGE_CURVE('',#4706,#9185,#13868,.T.);
#13868 = SURFACE_CURVE('',#13869,(#13873,#13880),.PCURVE_S1.);
#13869 = LINE('',#13870,#13871);
#13870 = CARTESIAN_POINT('',(247.823707,-69.399183,1.51));
#13871 = VECTOR('',#13872,1.);
#13872 = DIRECTION('',(0.,0.,1.));
#13873 = PCURVE('',#4726,#13874);
#13874 = DEFINITIONAL_REPRESENTATION('',(#13875),#13879);
#13875 = LINE('',#13876,#13877);
#13876 = CARTESIAN_POINT('',(-1.570796326795,0.));
#13877 = VECTOR('',#13878,1.);
#13878 = DIRECTION('',(-0.,1.));
#13879 = ( GEOMETRIC_REPRESENTATION_CONTEXT(2) 
PARAMETRIC_REPRESENTATION_CONTEXT() REPRESENTATION_CONTEXT('2D SPACE',''
  ) );
#13880 = PCURVE('',#4753,#13881);
#13881 = DEFINITIONAL_REPRESENTATION('',(#13882),#13886);
#13882 = LINE('',#13883,#13884);
#13883 = CARTESIAN_POINT('',(13.,-1.));
#13884 = VECTOR('',#13885,1.);
#13885 = DIRECTION('',(0.,-1.));
#13886 = ( GEOMETRIC_REPRESENTATION_CONTEXT(2) 
PARAMETRIC_REPRESENTATION_CONTEXT() REPRESENTATION_CONTEXT('2D SPACE',''
  ) );
#13887 = ORIENTED_EDGE('',*,*,#9184,.F.);
#13888 = ORIENTED_EDGE('',*,*,#13793,.F.);
#13889 = ADVANCED_FACE('',(#13890),#4867,.T.);
#13890 = FACE_BOUND('',#13891,.T.);
#13891 = EDGE_LOOP('',(#13892,#13893,#13894,#13895));
#13892 = ORIENTED_EDGE('',*,*,#4852,.T.);
#13893 = ORIENTED_EDGE('',*,*,#13840,.T.);
#13894 = ORIENTED_EDGE('',*,*,#9306,.F.);
#13895 = ORIENTED_EDGE('',*,*,#13896,.F.);
#13896 = EDGE_CURVE('',#4824,#9283,#13897,.T.);
#13897 = SURFACE_CURVE('',#13898,(#13902,#13909),.PCURVE_S1.);
#13898 = LINE('',#13899,#13900);
#13899 = CARTESIAN_POINT('',(235.823707,-55.399183,1.51));
#13900 = VECTOR('',#13901,1.);
#13901 = DIRECTION('',(0.,0.,1.));
#13902 = PCURVE('',#4867,#13903);
#13903 = DEFINITIONAL_REPRESENTATION('',(#13904),#13908);
#13904 = LINE('',#13905,#13906);
#13905 = CARTESIAN_POINT('',(13.,-1.));
#13906 = VECTOR('',#13907,1.);
#13907 = DIRECTION('',(0.,-1.));
#13908 = ( GEOMETRIC_REPRESENTATION_CONTEXT(2) 
PARAMETRIC_REPRESENTATION_CONTEXT() REPRESENTATION_CONTEXT('2D SPACE',''
  ) );
#13909 = PCURVE('',#4840,#13910);
#13910 = DEFINITIONAL_REPRESENTATION('',(#13911),#13915);
#13911 = LINE('',#13912,#13913);
#13912 = CARTESIAN_POINT('',(0.,0.));
#13913 = VECTOR('',#13914,1.);
#13914 = DIRECTION('',(0.,1.));
#13915 = ( GEOMETRIC_REPRESENTATION_CONTEXT(2) 
PARAMETRIC_REPRESENTATION_CONTEXT() REPRESENTATION_CONTEXT('2D SPACE',''
  ) );
#13916 = ADVANCED_FACE('',(#13917),#4753,.T.);
#13917 = FACE_BOUND('',#13918,.T.);
#13918 = EDGE_LOOP('',(#13919,#13920,#13941,#13942));
#13919 = ORIENTED_EDGE('',*,*,#4738,.T.);
#13920 = ORIENTED_EDGE('',*,*,#13921,.T.);
#13921 = EDGE_CURVE('',#4739,#9213,#13922,.T.);
#13922 = SURFACE_CURVE('',#13923,(#13927,#13934),.PCURVE_S1.);
#13923 = LINE('',#13924,#13925);
#13924 = CARTESIAN_POINT('',(235.823707,-69.399183,1.51));
#13925 = VECTOR('',#13926,1.);
#13926 = DIRECTION('',(0.,0.,1.));
#13927 = PCURVE('',#4753,#13928);
#13928 = DEFINITIONAL_REPRESENTATION('',(#13929),#13933);
#13929 = LINE('',#13930,#13931);
#13930 = CARTESIAN_POINT('',(1.,-1.));
#13931 = VECTOR('',#13932,1.);
#13932 = DIRECTION('',(0.,-1.));
#13933 = ( GEOMETRIC_REPRESENTATION_CONTEXT(2) 
PARAMETRIC_REPRESENTATION_CONTEXT() REPRESENTATION_CONTEXT('2D SPACE',''
  ) );
#13934 = PCURVE('',#4785,#13935);
#13935 = DEFINITIONAL_REPRESENTATION('',(#13936),#13940);
#13936 = LINE('',#13937,#13938);
#13937 = CARTESIAN_POINT('',(-0.,0.));
#13938 = VECTOR('',#13939,1.);
#13939 = DIRECTION('',(-0.,1.));
#13940 = ( GEOMETRIC_REPRESENTATION_CONTEXT(2) 
PARAMETRIC_REPRESENTATION_CONTEXT() REPRESENTATION_CONTEXT('2D SPACE',''
  ) );
#13941 = ORIENTED_EDGE('',*,*,#9212,.F.);
#13942 = ORIENTED_EDGE('',*,*,#13867,.F.);
#13943 = ADVANCED_FACE('',(#13944),#4840,.F.);
#13944 = FACE_BOUND('',#13945,.F.);
#13945 = EDGE_LOOP('',(#13946,#13947,#13968,#13969));
#13946 = ORIENTED_EDGE('',*,*,#4823,.T.);
#13947 = ORIENTED_EDGE('',*,*,#13948,.T.);
#13948 = EDGE_CURVE('',#4798,#9262,#13949,.T.);
#13949 = SURFACE_CURVE('',#13950,(#13954,#13961),.PCURVE_S1.);
#13950 = LINE('',#13951,#13952);
#13951 = CARTESIAN_POINT('',(234.823707,-56.399183,1.51));
#13952 = VECTOR('',#13953,1.);
#13953 = DIRECTION('',(0.,0.,1.));
#13954 = PCURVE('',#4840,#13955);
#13955 = DEFINITIONAL_REPRESENTATION('',(#13956),#13960);
#13956 = LINE('',#13957,#13958);
#13957 = CARTESIAN_POINT('',(1.570796326795,0.));
#13958 = VECTOR('',#13959,1.);
#13959 = DIRECTION('',(0.,1.));
#13960 = ( GEOMETRIC_REPRESENTATION_CONTEXT(2) 
PARAMETRIC_REPRESENTATION_CONTEXT() REPRESENTATION_CONTEXT('2D SPACE',''
  ) );
#13961 = PCURVE('',#4812,#13962);
#13962 = DEFINITIONAL_REPRESENTATION('',(#13963),#13967);
#13963 = LINE('',#13964,#13965);
#13964 = CARTESIAN_POINT('',(1.,-1.));
#13965 = VECTOR('',#13966,1.);
#13966 = DIRECTION('',(0.,-1.));
#13967 = ( GEOMETRIC_REPRESENTATION_CONTEXT(2) 
PARAMETRIC_REPRESENTATION_CONTEXT() REPRESENTATION_CONTEXT('2D SPACE',''
  ) );
#13968 = ORIENTED_EDGE('',*,*,#9282,.F.);
#13969 = ORIENTED_EDGE('',*,*,#13896,.F.);
#13970 = ADVANCED_FACE('',(#13971),#4785,.F.);
#13971 = FACE_BOUND('',#13972,.T.);
#13972 = EDGE_LOOP('',(#13973,#13974,#13995,#13996));
#13973 = ORIENTED_EDGE('',*,*,#4764,.T.);
#13974 = ORIENTED_EDGE('',*,*,#13975,.T.);
#13975 = EDGE_CURVE('',#4765,#9234,#13976,.T.);
#13976 = SURFACE_CURVE('',#13977,(#13981,#13988),.PCURVE_S1.);
#13977 = LINE('',#13978,#13979);
#13978 = CARTESIAN_POINT('',(234.823707,-68.399183,1.51));
#13979 = VECTOR('',#13980,1.);
#13980 = DIRECTION('',(0.,0.,1.));
#13981 = PCURVE('',#4785,#13982);
#13982 = DEFINITIONAL_REPRESENTATION('',(#13983),#13987);
#13983 = LINE('',#13984,#13985);
#13984 = CARTESIAN_POINT('',(-1.570796326795,0.));
#13985 = VECTOR('',#13986,1.);
#13986 = DIRECTION('',(-0.,1.));
#13987 = ( GEOMETRIC_REPRESENTATION_CONTEXT(2) 
PARAMETRIC_REPRESENTATION_CONTEXT() REPRESENTATION_CONTEXT('2D SPACE',''
  ) );
#13988 = PCURVE('',#4812,#13989);
#13989 = DEFINITIONAL_REPRESENTATION('',(#13990),#13994);
#13990 = LINE('',#13991,#13992);
#13991 = CARTESIAN_POINT('',(13.,-1.));
#13992 = VECTOR('',#13993,1.);
#13993 = DIRECTION('',(0.,-1.));
#13994 = ( GEOMETRIC_REPRESENTATION_CONTEXT(2) 
PARAMETRIC_REPRESENTATION_CONTEXT() REPRESENTATION_CONTEXT('2D SPACE',''
  ) );
#13995 = ORIENTED_EDGE('',*,*,#9233,.F.);
#13996 = ORIENTED_EDGE('',*,*,#13921,.F.);
#13997 = ADVANCED_FACE('',(#13998),#4812,.T.);
#13998 = FACE_BOUND('',#13999,.T.);
#13999 = EDGE_LOOP('',(#14000,#14001,#14002,#14003));
#14000 = ORIENTED_EDGE('',*,*,#4797,.T.);
#14001 = ORIENTED_EDGE('',*,*,#13948,.T.);
#14002 = ORIENTED_EDGE('',*,*,#9261,.F.);
#14003 = ORIENTED_EDGE('',*,*,#13975,.F.);
#14004 = ADVANCED_FACE('',(#14005),#4924,.T.);
#14005 = FACE_BOUND('',#14006,.T.);
#14006 = EDGE_LOOP('',(#14007,#14008,#14029,#14030));
#14007 = ORIENTED_EDGE('',*,*,#4907,.T.);
#14008 = ORIENTED_EDGE('',*,*,#14009,.T.);
#14009 = EDGE_CURVE('',#4910,#9354,#14010,.T.);
#14010 = SURFACE_CURVE('',#14011,(#14015,#14022),.PCURVE_S1.);
#14011 = LINE('',#14012,#14013);
#14012 = CARTESIAN_POINT('',(227.236032,-48.504143,1.51));
#14013 = VECTOR('',#14014,1.);
#14014 = DIRECTION('',(0.,0.,1.));
#14015 = PCURVE('',#4924,#14016);
#14016 = DEFINITIONAL_REPRESENTATION('',(#14017),#14021);
#14017 = LINE('',#14018,#14019);
#14018 = CARTESIAN_POINT('',(1.,-1.));
#14019 = VECTOR('',#14020,1.);
#14020 = DIRECTION('',(0.,-1.));
#14021 = ( GEOMETRIC_REPRESENTATION_CONTEXT(2) 
PARAMETRIC_REPRESENTATION_CONTEXT() REPRESENTATION_CONTEXT('2D SPACE',''
  ) );
#14022 = PCURVE('',#4956,#14023);
#14023 = DEFINITIONAL_REPRESENTATION('',(#14024),#14028);
#14024 = LINE('',#14025,#14026);
#14025 = CARTESIAN_POINT('',(-0.,0.));
#14026 = VECTOR('',#14027,1.);
#14027 = DIRECTION('',(-0.,1.));
#14028 = ( GEOMETRIC_REPRESENTATION_CONTEXT(2) 
PARAMETRIC_REPRESENTATION_CONTEXT() REPRESENTATION_CONTEXT('2D SPACE',''
  ) );
#14029 = ORIENTED_EDGE('',*,*,#9351,.F.);
#14030 = ORIENTED_EDGE('',*,*,#14031,.F.);
#14031 = EDGE_CURVE('',#4908,#9352,#14032,.T.);
#14032 = SURFACE_CURVE('',#14033,(#14037,#14044),.PCURVE_S1.);
#14033 = LINE('',#14034,#14035);
#14034 = CARTESIAN_POINT('',(227.236032,-36.504143,1.51));
#14035 = VECTOR('',#14036,1.);
#14036 = DIRECTION('',(0.,0.,1.));
#14037 = PCURVE('',#4924,#14038);
#14038 = DEFINITIONAL_REPRESENTATION('',(#14039),#14043);
#14039 = LINE('',#14040,#14041);
#14040 = CARTESIAN_POINT('',(13.,-1.));
#14041 = VECTOR('',#14042,1.);
#14042 = DIRECTION('',(0.,-1.));
#14043 = ( GEOMETRIC_REPRESENTATION_CONTEXT(2) 
PARAMETRIC_REPRESENTATION_CONTEXT() REPRESENTATION_CONTEXT('2D SPACE',''
  ) );
#14044 = PCURVE('',#5123,#14045);
#14045 = DEFINITIONAL_REPRESENTATION('',(#14046),#14050);
#14046 = LINE('',#14047,#14048);
#14047 = CARTESIAN_POINT('',(0.,0.));
#14048 = VECTOR('',#14049,1.);
#14049 = DIRECTION('',(0.,1.));
#14050 = ( GEOMETRIC_REPRESENTATION_CONTEXT(2) 
PARAMETRIC_REPRESENTATION_CONTEXT() REPRESENTATION_CONTEXT('2D SPACE',''
  ) );
#14051 = ADVANCED_FACE('',(#14052),#5123,.F.);
#14052 = FACE_BOUND('',#14053,.F.);
#14053 = EDGE_LOOP('',(#14054,#14055,#14076,#14077));
#14054 = ORIENTED_EDGE('',*,*,#5108,.T.);
#14055 = ORIENTED_EDGE('',*,*,#14056,.T.);
#14056 = EDGE_CURVE('',#5083,#9497,#14057,.T.);
#14057 = SURFACE_CURVE('',#14058,(#14062,#14069),.PCURVE_S1.);
#14058 = LINE('',#14059,#14060);
#14059 = CARTESIAN_POINT('',(226.236032,-35.504143,1.51));
#14060 = VECTOR('',#14061,1.);
#14061 = DIRECTION('',(0.,0.,1.));
#14062 = PCURVE('',#5123,#14063);
#14063 = DEFINITIONAL_REPRESENTATION('',(#14064),#14068);
#14064 = LINE('',#14065,#14066);
#14065 = CARTESIAN_POINT('',(1.570796326795,0.));
#14066 = VECTOR('',#14067,1.);
#14067 = DIRECTION('',(0.,1.));
#14068 = ( GEOMETRIC_REPRESENTATION_CONTEXT(2) 
PARAMETRIC_REPRESENTATION_CONTEXT() REPRESENTATION_CONTEXT('2D SPACE',''
  ) );
#14069 = PCURVE('',#5097,#14070);
#14070 = DEFINITIONAL_REPRESENTATION('',(#14071),#14075);
#14071 = LINE('',#14072,#14073);
#14072 = CARTESIAN_POINT('',(1.,-1.));
#14073 = VECTOR('',#14074,1.);
#14074 = DIRECTION('',(0.,-1.));
#14075 = ( GEOMETRIC_REPRESENTATION_CONTEXT(2) 
PARAMETRIC_REPRESENTATION_CONTEXT() REPRESENTATION_CONTEXT('2D SPACE',''
  ) );
#14076 = ORIENTED_EDGE('',*,*,#9517,.F.);
#14077 = ORIENTED_EDGE('',*,*,#14031,.F.);
#14078 = ADVANCED_FACE('',(#14079),#4956,.F.);
#14079 = FACE_BOUND('',#14080,.T.);
#14080 = EDGE_LOOP('',(#14081,#14082,#14103,#14104));
#14081 = ORIENTED_EDGE('',*,*,#4935,.T.);
#14082 = ORIENTED_EDGE('',*,*,#14083,.T.);
#14083 = EDGE_CURVE('',#4936,#9375,#14084,.T.);
#14084 = SURFACE_CURVE('',#14085,(#14089,#14096),.PCURVE_S1.);
#14085 = LINE('',#14086,#14087);
#14086 = CARTESIAN_POINT('',(226.236032,-49.504143,1.51));
#14087 = VECTOR('',#14088,1.);
#14088 = DIRECTION('',(0.,0.,1.));
#14089 = PCURVE('',#4956,#14090);
#14090 = DEFINITIONAL_REPRESENTATION('',(#14091),#14095);
#14091 = LINE('',#14092,#14093);
#14092 = CARTESIAN_POINT('',(-1.570796326795,0.));
#14093 = VECTOR('',#14094,1.);
#14094 = DIRECTION('',(-0.,1.));
#14095 = ( GEOMETRIC_REPRESENTATION_CONTEXT(2) 
PARAMETRIC_REPRESENTATION_CONTEXT() REPRESENTATION_CONTEXT('2D SPACE',''
  ) );
#14096 = PCURVE('',#4983,#14097);
#14097 = DEFINITIONAL_REPRESENTATION('',(#14098),#14102);
#14098 = LINE('',#14099,#14100);
#14099 = CARTESIAN_POINT('',(13.,-1.));
#14100 = VECTOR('',#14101,1.);
#14101 = DIRECTION('',(0.,-1.));
#14102 = ( GEOMETRIC_REPRESENTATION_CONTEXT(2) 
PARAMETRIC_REPRESENTATION_CONTEXT() REPRESENTATION_CONTEXT('2D SPACE',''
  ) );
#14103 = ORIENTED_EDGE('',*,*,#9374,.F.);
#14104 = ORIENTED_EDGE('',*,*,#14009,.F.);
#14105 = ADVANCED_FACE('',(#14106),#5097,.T.);
#14106 = FACE_BOUND('',#14107,.T.);
#14107 = EDGE_LOOP('',(#14108,#14109,#14110,#14111));
#14108 = ORIENTED_EDGE('',*,*,#5082,.T.);
#14109 = ORIENTED_EDGE('',*,*,#14056,.T.);
#14110 = ORIENTED_EDGE('',*,*,#9496,.F.);
#14111 = ORIENTED_EDGE('',*,*,#14112,.F.);
#14112 = EDGE_CURVE('',#5054,#9473,#14113,.T.);
#14113 = SURFACE_CURVE('',#14114,(#14118,#14125),.PCURVE_S1.);
#14114 = LINE('',#14115,#14116);
#14115 = CARTESIAN_POINT('',(214.236032,-35.504143,1.51));
#14116 = VECTOR('',#14117,1.);
#14117 = DIRECTION('',(0.,0.,1.));
#14118 = PCURVE('',#5097,#14119);
#14119 = DEFINITIONAL_REPRESENTATION('',(#14120),#14124);
#14120 = LINE('',#14121,#14122);
#14121 = CARTESIAN_POINT('',(13.,-1.));
#14122 = VECTOR('',#14123,1.);
#14123 = DIRECTION('',(0.,-1.));
#14124 = ( GEOMETRIC_REPRESENTATION_CONTEXT(2) 
PARAMETRIC_REPRESENTATION_CONTEXT() REPRESENTATION_CONTEXT('2D SPACE',''
  ) );
#14125 = PCURVE('',#5070,#14126);
#14126 = DEFINITIONAL_REPRESENTATION('',(#14127),#14131);
#14127 = LINE('',#14128,#14129);
#14128 = CARTESIAN_POINT('',(0.,0.));
#14129 = VECTOR('',#14130,1.);
#14130 = DIRECTION('',(0.,1.));
#14131 = ( GEOMETRIC_REPRESENTATION_CONTEXT(2) 
PARAMETRIC_REPRESENTATION_CONTEXT() REPRESENTATION_CONTEXT('2D SPACE',''
  ) );
#14132 = ADVANCED_FACE('',(#14133),#4983,.T.);
#14133 = FACE_BOUND('',#14134,.T.);
#14134 = EDGE_LOOP('',(#14135,#14136,#14157,#14158));
#14135 = ORIENTED_EDGE('',*,*,#4968,.T.);
#14136 = ORIENTED_EDGE('',*,*,#14137,.T.);
#14137 = EDGE_CURVE('',#4969,#9403,#14138,.T.);
#14138 = SURFACE_CURVE('',#14139,(#14143,#14150),.PCURVE_S1.);
#14139 = LINE('',#14140,#14141);
#14140 = CARTESIAN_POINT('',(214.236032,-49.504143,1.51));
#14141 = VECTOR('',#14142,1.);
#14142 = DIRECTION('',(0.,0.,1.));
#14143 = PCURVE('',#4983,#14144);
#14144 = DEFINITIONAL_REPRESENTATION('',(#14145),#14149);
#14145 = LINE('',#14146,#14147);
#14146 = CARTESIAN_POINT('',(1.,-1.));
#14147 = VECTOR('',#14148,1.);
#14148 = DIRECTION('',(0.,-1.));
#14149 = ( GEOMETRIC_REPRESENTATION_CONTEXT(2) 
PARAMETRIC_REPRESENTATION_CONTEXT() REPRESENTATION_CONTEXT('2D SPACE',''
  ) );
#14150 = PCURVE('',#5015,#14151);
#14151 = DEFINITIONAL_REPRESENTATION('',(#14152),#14156);
#14152 = LINE('',#14153,#14154);
#14153 = CARTESIAN_POINT('',(-0.,0.));
#14154 = VECTOR('',#14155,1.);
#14155 = DIRECTION('',(-0.,1.));
#14156 = ( GEOMETRIC_REPRESENTATION_CONTEXT(2) 
PARAMETRIC_REPRESENTATION_CONTEXT() REPRESENTATION_CONTEXT('2D SPACE',''
  ) );
#14157 = ORIENTED_EDGE('',*,*,#9402,.F.);
#14158 = ORIENTED_EDGE('',*,*,#14083,.F.);
#14159 = ADVANCED_FACE('',(#14160),#5070,.F.);
#14160 = FACE_BOUND('',#14161,.F.);
#14161 = EDGE_LOOP('',(#14162,#14163,#14184,#14185));
#14162 = ORIENTED_EDGE('',*,*,#5053,.T.);
#14163 = ORIENTED_EDGE('',*,*,#14164,.T.);
#14164 = EDGE_CURVE('',#5028,#9452,#14165,.T.);
#14165 = SURFACE_CURVE('',#14166,(#14170,#14177),.PCURVE_S1.);
#14166 = LINE('',#14167,#14168);
#14167 = CARTESIAN_POINT('',(213.236032,-36.504143,1.51));
#14168 = VECTOR('',#14169,1.);
#14169 = DIRECTION('',(0.,0.,1.));
#14170 = PCURVE('',#5070,#14171);
#14171 = DEFINITIONAL_REPRESENTATION('',(#14172),#14176);
#14172 = LINE('',#14173,#14174);
#14173 = CARTESIAN_POINT('',(1.570796326795,0.));
#14174 = VECTOR('',#14175,1.);
#14175 = DIRECTION('',(0.,1.));
#14176 = ( GEOMETRIC_REPRESENTATION_CONTEXT(2) 
PARAMETRIC_REPRESENTATION_CONTEXT() REPRESENTATION_CONTEXT('2D SPACE',''
  ) );
#14177 = PCURVE('',#5042,#14178);
#14178 = DEFINITIONAL_REPRESENTATION('',(#14179),#14183);
#14179 = LINE('',#14180,#14181);
#14180 = CARTESIAN_POINT('',(1.,-1.));
#14181 = VECTOR('',#14182,1.);
#14182 = DIRECTION('',(0.,-1.));
#14183 = ( GEOMETRIC_REPRESENTATION_CONTEXT(2) 
PARAMETRIC_REPRESENTATION_CONTEXT() REPRESENTATION_CONTEXT('2D SPACE',''
  ) );
#14184 = ORIENTED_EDGE('',*,*,#9472,.F.);
#14185 = ORIENTED_EDGE('',*,*,#14112,.F.);
#14186 = ADVANCED_FACE('',(#14187),#5015,.F.);
#14187 = FACE_BOUND('',#14188,.T.);
#14188 = EDGE_LOOP('',(#14189,#14190,#14211,#14212));
#14189 = ORIENTED_EDGE('',*,*,#4994,.T.);
#14190 = ORIENTED_EDGE('',*,*,#14191,.T.);
#14191 = EDGE_CURVE('',#4995,#9424,#14192,.T.);
#14192 = SURFACE_CURVE('',#14193,(#14197,#14204),.PCURVE_S1.);
#14193 = LINE('',#14194,#14195);
#14194 = CARTESIAN_POINT('',(213.236032,-48.504143,1.51));
#14195 = VECTOR('',#14196,1.);
#14196 = DIRECTION('',(0.,0.,1.));
#14197 = PCURVE('',#5015,#14198);
#14198 = DEFINITIONAL_REPRESENTATION('',(#14199),#14203);
#14199 = LINE('',#14200,#14201);
#14200 = CARTESIAN_POINT('',(-1.570796326795,0.));
#14201 = VECTOR('',#14202,1.);
#14202 = DIRECTION('',(-0.,1.));
#14203 = ( GEOMETRIC_REPRESENTATION_CONTEXT(2) 
PARAMETRIC_REPRESENTATION_CONTEXT() REPRESENTATION_CONTEXT('2D SPACE',''
  ) );
#14204 = PCURVE('',#5042,#14205);
#14205 = DEFINITIONAL_REPRESENTATION('',(#14206),#14210);
#14206 = LINE('',#14207,#14208);
#14207 = CARTESIAN_POINT('',(13.,-1.));
#14208 = VECTOR('',#14209,1.);
#14209 = DIRECTION('',(0.,-1.));
#14210 = ( GEOMETRIC_REPRESENTATION_CONTEXT(2) 
PARAMETRIC_REPRESENTATION_CONTEXT() REPRESENTATION_CONTEXT('2D SPACE',''
  ) );
#14211 = ORIENTED_EDGE('',*,*,#9423,.F.);
#14212 = ORIENTED_EDGE('',*,*,#14137,.F.);
#14213 = ADVANCED_FACE('',(#14214),#5042,.T.);
#14214 = FACE_BOUND('',#14215,.T.);
#14215 = EDGE_LOOP('',(#14216,#14217,#14218,#14219));
#14216 = ORIENTED_EDGE('',*,*,#5027,.T.);
#14217 = ORIENTED_EDGE('',*,*,#14164,.T.);
#14218 = ORIENTED_EDGE('',*,*,#9451,.F.);
#14219 = ORIENTED_EDGE('',*,*,#14191,.F.);
#14220 = ADVANCED_FACE('',(#14221),#5154,.T.);
#14221 = FACE_BOUND('',#14222,.T.);
#14222 = EDGE_LOOP('',(#14223,#14224,#14245,#14246));
#14223 = ORIENTED_EDGE('',*,*,#5137,.T.);
#14224 = ORIENTED_EDGE('',*,*,#14225,.T.);
#14225 = EDGE_CURVE('',#5140,#9544,#14226,.T.);
#14226 = SURFACE_CURVE('',#14227,(#14231,#14238),.PCURVE_S1.);
#14227 = LINE('',#14228,#14229);
#14228 = CARTESIAN_POINT('',(206.48,-42.224,1.51));
#14229 = VECTOR('',#14230,1.);
#14230 = DIRECTION('',(0.,0.,1.));
#14231 = PCURVE('',#5154,#14232);
#14232 = DEFINITIONAL_REPRESENTATION('',(#14233),#14237);
#14233 = LINE('',#14234,#14235);
#14234 = CARTESIAN_POINT('',(1.,-1.));
#14235 = VECTOR('',#14236,1.);
#14236 = DIRECTION('',(0.,-1.));
#14237 = ( GEOMETRIC_REPRESENTATION_CONTEXT(2) 
PARAMETRIC_REPRESENTATION_CONTEXT() REPRESENTATION_CONTEXT('2D SPACE',''
  ) );
#14238 = PCURVE('',#5186,#14239);
#14239 = DEFINITIONAL_REPRESENTATION('',(#14240),#14244);
#14240 = LINE('',#14241,#14242);
#14241 = CARTESIAN_POINT('',(-0.,0.));
#14242 = VECTOR('',#14243,1.);
#14243 = DIRECTION('',(-0.,1.));
#14244 = ( GEOMETRIC_REPRESENTATION_CONTEXT(2) 
PARAMETRIC_REPRESENTATION_CONTEXT() REPRESENTATION_CONTEXT('2D SPACE',''
  ) );
#14245 = ORIENTED_EDGE('',*,*,#9541,.F.);
#14246 = ORIENTED_EDGE('',*,*,#14247,.F.);
#14247 = EDGE_CURVE('',#5138,#9542,#14248,.T.);
#14248 = SURFACE_CURVE('',#14249,(#14253,#14260),.PCURVE_S1.);
#14249 = LINE('',#14250,#14251);
#14250 = CARTESIAN_POINT('',(206.48,-30.224,1.51));
#14251 = VECTOR('',#14252,1.);
#14252 = DIRECTION('',(0.,0.,1.));
#14253 = PCURVE('',#5154,#14254);
#14254 = DEFINITIONAL_REPRESENTATION('',(#14255),#14259);
#14255 = LINE('',#14256,#14257);
#14256 = CARTESIAN_POINT('',(13.,-1.));
#14257 = VECTOR('',#14258,1.);
#14258 = DIRECTION('',(0.,-1.));
#14259 = ( GEOMETRIC_REPRESENTATION_CONTEXT(2) 
PARAMETRIC_REPRESENTATION_CONTEXT() REPRESENTATION_CONTEXT('2D SPACE',''
  ) );
#14260 = PCURVE('',#5353,#14261);
#14261 = DEFINITIONAL_REPRESENTATION('',(#14262),#14266);
#14262 = LINE('',#14263,#14264);
#14263 = CARTESIAN_POINT('',(0.,0.));
#14264 = VECTOR('',#14265,1.);
#14265 = DIRECTION('',(0.,1.));
#14266 = ( GEOMETRIC_REPRESENTATION_CONTEXT(2) 
PARAMETRIC_REPRESENTATION_CONTEXT() REPRESENTATION_CONTEXT('2D SPACE',''
  ) );
#14267 = ADVANCED_FACE('',(#14268),#5353,.F.);
#14268 = FACE_BOUND('',#14269,.F.);
#14269 = EDGE_LOOP('',(#14270,#14271,#14292,#14293));
#14270 = ORIENTED_EDGE('',*,*,#5338,.T.);
#14271 = ORIENTED_EDGE('',*,*,#14272,.T.);
#14272 = EDGE_CURVE('',#5313,#9687,#14273,.T.);
#14273 = SURFACE_CURVE('',#14274,(#14278,#14285),.PCURVE_S1.);
#14274 = LINE('',#14275,#14276);
#14275 = CARTESIAN_POINT('',(205.48,-29.224,1.51));
#14276 = VECTOR('',#14277,1.);
#14277 = DIRECTION('',(0.,0.,1.));
#14278 = PCURVE('',#5353,#14279);
#14279 = DEFINITIONAL_REPRESENTATION('',(#14280),#14284);
#14280 = LINE('',#14281,#14282);
#14281 = CARTESIAN_POINT('',(1.570796326795,0.));
#14282 = VECTOR('',#14283,1.);
#14283 = DIRECTION('',(0.,1.));
#14284 = ( GEOMETRIC_REPRESENTATION_CONTEXT(2) 
PARAMETRIC_REPRESENTATION_CONTEXT() REPRESENTATION_CONTEXT('2D SPACE',''
  ) );
#14285 = PCURVE('',#5327,#14286);
#14286 = DEFINITIONAL_REPRESENTATION('',(#14287),#14291);
#14287 = LINE('',#14288,#14289);
#14288 = CARTESIAN_POINT('',(1.,-1.));
#14289 = VECTOR('',#14290,1.);
#14290 = DIRECTION('',(0.,-1.));
#14291 = ( GEOMETRIC_REPRESENTATION_CONTEXT(2) 
PARAMETRIC_REPRESENTATION_CONTEXT() REPRESENTATION_CONTEXT('2D SPACE',''
  ) );
#14292 = ORIENTED_EDGE('',*,*,#9707,.F.);
#14293 = ORIENTED_EDGE('',*,*,#14247,.F.);
#14294 = ADVANCED_FACE('',(#14295),#5186,.F.);
#14295 = FACE_BOUND('',#14296,.T.);
#14296 = EDGE_LOOP('',(#14297,#14298,#14319,#14320));
#14297 = ORIENTED_EDGE('',*,*,#5165,.T.);
#14298 = ORIENTED_EDGE('',*,*,#14299,.T.);
#14299 = EDGE_CURVE('',#5166,#9565,#14300,.T.);
#14300 = SURFACE_CURVE('',#14301,(#14305,#14312),.PCURVE_S1.);
#14301 = LINE('',#14302,#14303);
#14302 = CARTESIAN_POINT('',(205.48,-43.224,1.51));
#14303 = VECTOR('',#14304,1.);
#14304 = DIRECTION('',(0.,0.,1.));
#14305 = PCURVE('',#5186,#14306);
#14306 = DEFINITIONAL_REPRESENTATION('',(#14307),#14311);
#14307 = LINE('',#14308,#14309);
#14308 = CARTESIAN_POINT('',(-1.570796326795,0.));
#14309 = VECTOR('',#14310,1.);
#14310 = DIRECTION('',(-0.,1.));
#14311 = ( GEOMETRIC_REPRESENTATION_CONTEXT(2) 
PARAMETRIC_REPRESENTATION_CONTEXT() REPRESENTATION_CONTEXT('2D SPACE',''
  ) );
#14312 = PCURVE('',#5213,#14313);
#14313 = DEFINITIONAL_REPRESENTATION('',(#14314),#14318);
#14314 = LINE('',#14315,#14316);
#14315 = CARTESIAN_POINT('',(13.,-1.));
#14316 = VECTOR('',#14317,1.);
#14317 = DIRECTION('',(0.,-1.));
#14318 = ( GEOMETRIC_REPRESENTATION_CONTEXT(2) 
PARAMETRIC_REPRESENTATION_CONTEXT() REPRESENTATION_CONTEXT('2D SPACE',''
  ) );
#14319 = ORIENTED_EDGE('',*,*,#9564,.F.);
#14320 = ORIENTED_EDGE('',*,*,#14225,.F.);
#14321 = ADVANCED_FACE('',(#14322),#5327,.T.);
#14322 = FACE_BOUND('',#14323,.T.);
#14323 = EDGE_LOOP('',(#14324,#14325,#14326,#14327));
#14324 = ORIENTED_EDGE('',*,*,#5312,.T.);
#14325 = ORIENTED_EDGE('',*,*,#14272,.T.);
#14326 = ORIENTED_EDGE('',*,*,#9686,.F.);
#14327 = ORIENTED_EDGE('',*,*,#14328,.F.);
#14328 = EDGE_CURVE('',#5284,#9663,#14329,.T.);
#14329 = SURFACE_CURVE('',#14330,(#14334,#14341),.PCURVE_S1.);
#14330 = LINE('',#14331,#14332);
#14331 = CARTESIAN_POINT('',(193.48,-29.224,1.51));
#14332 = VECTOR('',#14333,1.);
#14333 = DIRECTION('',(0.,0.,1.));
#14334 = PCURVE('',#5327,#14335);
#14335 = DEFINITIONAL_REPRESENTATION('',(#14336),#14340);
#14336 = LINE('',#14337,#14338);
#14337 = CARTESIAN_POINT('',(13.,-1.));
#14338 = VECTOR('',#14339,1.);
#14339 = DIRECTION('',(0.,-1.));
#14340 = ( GEOMETRIC_REPRESENTATION_CONTEXT(2) 
PARAMETRIC_REPRESENTATION_CONTEXT() REPRESENTATION_CONTEXT('2D SPACE',''
  ) );
#14341 = PCURVE('',#5300,#14342);
#14342 = DEFINITIONAL_REPRESENTATION('',(#14343),#14347);
#14343 = LINE('',#14344,#14345);
#14344 = CARTESIAN_POINT('',(0.,0.));
#14345 = VECTOR('',#14346,1.);
#14346 = DIRECTION('',(0.,1.));
#14347 = ( GEOMETRIC_REPRESENTATION_CONTEXT(2) 
PARAMETRIC_REPRESENTATION_CONTEXT() REPRESENTATION_CONTEXT('2D SPACE',''
  ) );
#14348 = ADVANCED_FACE('',(#14349),#5213,.T.);
#14349 = FACE_BOUND('',#14350,.T.);
#14350 = EDGE_LOOP('',(#14351,#14352,#14373,#14374));
#14351 = ORIENTED_EDGE('',*,*,#5198,.T.);
#14352 = ORIENTED_EDGE('',*,*,#14353,.T.);
#14353 = EDGE_CURVE('',#5199,#9593,#14354,.T.);
#14354 = SURFACE_CURVE('',#14355,(#14359,#14366),.PCURVE_S1.);
#14355 = LINE('',#14356,#14357);
#14356 = CARTESIAN_POINT('',(193.48,-43.224,1.51));
#14357 = VECTOR('',#14358,1.);
#14358 = DIRECTION('',(0.,0.,1.));
#14359 = PCURVE('',#5213,#14360);
#14360 = DEFINITIONAL_REPRESENTATION('',(#14361),#14365);
#14361 = LINE('',#14362,#14363);
#14362 = CARTESIAN_POINT('',(1.,-1.));
#14363 = VECTOR('',#14364,1.);
#14364 = DIRECTION('',(0.,-1.));
#14365 = ( GEOMETRIC_REPRESENTATION_CONTEXT(2) 
PARAMETRIC_REPRESENTATION_CONTEXT() REPRESENTATION_CONTEXT('2D SPACE',''
  ) );
#14366 = PCURVE('',#5245,#14367);
#14367 = DEFINITIONAL_REPRESENTATION('',(#14368),#14372);
#14368 = LINE('',#14369,#14370);
#14369 = CARTESIAN_POINT('',(-0.,0.));
#14370 = VECTOR('',#14371,1.);
#14371 = DIRECTION('',(-0.,1.));
#14372 = ( GEOMETRIC_REPRESENTATION_CONTEXT(2) 
PARAMETRIC_REPRESENTATION_CONTEXT() REPRESENTATION_CONTEXT('2D SPACE',''
  ) );
#14373 = ORIENTED_EDGE('',*,*,#9592,.F.);
#14374 = ORIENTED_EDGE('',*,*,#14299,.F.);
#14375 = ADVANCED_FACE('',(#14376),#5300,.F.);
#14376 = FACE_BOUND('',#14377,.F.);
#14377 = EDGE_LOOP('',(#14378,#14379,#14400,#14401));
#14378 = ORIENTED_EDGE('',*,*,#5283,.T.);
#14379 = ORIENTED_EDGE('',*,*,#14380,.T.);
#14380 = EDGE_CURVE('',#5258,#9642,#14381,.T.);
#14381 = SURFACE_CURVE('',#14382,(#14386,#14393),.PCURVE_S1.);
#14382 = LINE('',#14383,#14384);
#14383 = CARTESIAN_POINT('',(192.48,-30.224,1.51));
#14384 = VECTOR('',#14385,1.);
#14385 = DIRECTION('',(0.,0.,1.));
#14386 = PCURVE('',#5300,#14387);
#14387 = DEFINITIONAL_REPRESENTATION('',(#14388),#14392);
#14388 = LINE('',#14389,#14390);
#14389 = CARTESIAN_POINT('',(1.570796326795,0.));
#14390 = VECTOR('',#14391,1.);
#14391 = DIRECTION('',(0.,1.));
#14392 = ( GEOMETRIC_REPRESENTATION_CONTEXT(2) 
PARAMETRIC_REPRESENTATION_CONTEXT() REPRESENTATION_CONTEXT('2D SPACE',''
  ) );
#14393 = PCURVE('',#5272,#14394);
#14394 = DEFINITIONAL_REPRESENTATION('',(#14395),#14399);
#14395 = LINE('',#14396,#14397);
#14396 = CARTESIAN_POINT('',(1.,-1.));
#14397 = VECTOR('',#14398,1.);
#14398 = DIRECTION('',(0.,-1.));
#14399 = ( GEOMETRIC_REPRESENTATION_CONTEXT(2) 
PARAMETRIC_REPRESENTATION_CONTEXT() REPRESENTATION_CONTEXT('2D SPACE',''
  ) );
#14400 = ORIENTED_EDGE('',*,*,#9662,.F.);
#14401 = ORIENTED_EDGE('',*,*,#14328,.F.);
#14402 = ADVANCED_FACE('',(#14403),#5245,.F.);
#14403 = FACE_BOUND('',#14404,.T.);
#14404 = EDGE_LOOP('',(#14405,#14406,#14427,#14428));
#14405 = ORIENTED_EDGE('',*,*,#5224,.T.);
#14406 = ORIENTED_EDGE('',*,*,#14407,.T.);
#14407 = EDGE_CURVE('',#5225,#9614,#14408,.T.);
#14408 = SURFACE_CURVE('',#14409,(#14413,#14420),.PCURVE_S1.);
#14409 = LINE('',#14410,#14411);
#14410 = CARTESIAN_POINT('',(192.48,-42.224,1.51));
#14411 = VECTOR('',#14412,1.);
#14412 = DIRECTION('',(0.,0.,1.));
#14413 = PCURVE('',#5245,#14414);
#14414 = DEFINITIONAL_REPRESENTATION('',(#14415),#14419);
#14415 = LINE('',#14416,#14417);
#14416 = CARTESIAN_POINT('',(-1.570796326795,0.));
#14417 = VECTOR('',#14418,1.);
#14418 = DIRECTION('',(-0.,1.));
#14419 = ( GEOMETRIC_REPRESENTATION_CONTEXT(2) 
PARAMETRIC_REPRESENTATION_CONTEXT() REPRESENTATION_CONTEXT('2D SPACE',''
  ) );
#14420 = PCURVE('',#5272,#14421);
#14421 = DEFINITIONAL_REPRESENTATION('',(#14422),#14426);
#14422 = LINE('',#14423,#14424);
#14423 = CARTESIAN_POINT('',(13.,-1.));
#14424 = VECTOR('',#14425,1.);
#14425 = DIRECTION('',(0.,-1.));
#14426 = ( GEOMETRIC_REPRESENTATION_CONTEXT(2) 
PARAMETRIC_REPRESENTATION_CONTEXT() REPRESENTATION_CONTEXT('2D SPACE',''
  ) );
#14427 = ORIENTED_EDGE('',*,*,#9613,.F.);
#14428 = ORIENTED_EDGE('',*,*,#14353,.F.);
#14429 = ADVANCED_FACE('',(#14430),#5272,.T.);
#14430 = FACE_BOUND('',#14431,.T.);
#14431 = EDGE_LOOP('',(#14432,#14433,#14434,#14435));
#14432 = ORIENTED_EDGE('',*,*,#5257,.T.);
#14433 = ORIENTED_EDGE('',*,*,#14380,.T.);
#14434 = ORIENTED_EDGE('',*,*,#9641,.F.);
#14435 = ORIENTED_EDGE('',*,*,#14407,.F.);
#14436 = ADVANCED_FACE('',(#14437),#10751,.F.);
#14437 = FACE_BOUND('',#14438,.F.);
#14438 = EDGE_LOOP('',(#14439));
#14439 = ORIENTED_EDGE('',*,*,#10736,.T.);
#14440 = ( GEOMETRIC_REPRESENTATION_CONTEXT(3) 
GLOBAL_UNCERTAINTY_ASSIGNED_CONTEXT((#14444)) 
GLOBAL_UNIT_ASSIGNED_CONTEXT((#14441,#14442,#14443)) 
REPRESENTATION_CONTEXT('Context #1',
  '3D Context with UNIT and UNCERTAINTY') );
#14441 = ( LENGTH_UNIT() NAMED_UNIT(*) SI_UNIT(.MILLI.,.METRE.) );
#14442 = ( NAMED_UNIT(*) PLANE_ANGLE_UNIT() SI_UNIT($,.RADIAN.) );
#14443 = ( NAMED_UNIT(*) SI_UNIT($,.STERADIAN.) SOLID_ANGLE_UNIT() );
#14444 = UNCERTAINTY_MEASURE_WITH_UNIT(LENGTH_MEASURE(1.E-07),#14441,
  'distance_accuracy_value','confusion accuracy');
#14445 = PRODUCT_RELATED_PRODUCT_CATEGORY('part',$,(#7));
ENDSEC;
END-ISO-10303-21;
