ISO-10303-21;
HEADER;
FILE_DESCRIPTION(('Open CASCADE Model'),'2;1');
FILE_NAME('Open CASCADE Shape Model','2025-11-14T12:00:23',('Author'),(
    'Open CASCADE'),'Open CASCADE STEP processor 7.8','Open CASCADE 7.8'
  ,'Unknown');
FILE_SCHEMA(('AUTOMOTIVE_DESIGN { 1 0 10303 214 1 1 1 1 }'));
ENDSEC;
DATA;
#1 = APPLICATION_PROTOCOL_DEFINITION('international standard',
  'automotive_design',2000,#2);
#2 = APPLICATION_CONTEXT(
  'core data for automotive mechanical design processes');
#3 = SHAPE_DEFINITION_REPRESENTATION(#4,#10);
#4 = PRODUCT_DEFINITION_SHAPE('','',#5);
#5 = PRODUCT_DEFINITION('design','',#6,#9);
#6 = PRODUCT_DEFINITION_FORMATION('','',#7);
#7 = PRODUCT('Open CASCADE STEP translator 7.8 3',
  'Open CASCADE STEP translator 7.8 3','',(#8));
#8 = PRODUCT_CONTEXT('',#2,'mechanical');
#9 = PRODUCT_DEFINITION_CONTEXT('part definition',#2,'design');
#10 = ADVANCED_BREP_SHAPE_REPRESENTATION('',(#11,#15),#17429);
#11 = AXIS2_PLACEMENT_3D('',#12,#13,#14);
#12 = CARTESIAN_POINT('',(0.,0.,0.));
#13 = DIRECTION('',(0.,0.,1.));
#14 = DIRECTION('',(1.,0.,-0.));
#15 = MANIFOLD_SOLID_BREP('',#16);
#16 = CLOSED_SHELL('',(#17,#147,#223,#6723,#6772,#12300,#12327,#12354,
    #12381,#12408,#12435,#12462,#12489,#12514,#12539,#12566,#12593,
    #12618,#12643,#12670,#12697,#12724,#12751,#12778,#12805,#12832,
    #12859,#12886,#12913,#12940,#12947,#12974,#13001,#13028,#13055,
    #13082,#13109,#13136,#13163,#13190,#13217,#13244,#13271,#13298,
    #13325,#13352,#13379,#13406,#13433,#13460,#13487,#13514,#13541,
    #13568,#13595,#13622,#13649,#13676,#13703,#13730,#13757,#13784,
    #13811,#13838,#13865,#13892,#13919,#13946,#13973,#14000,#14027,
    #14054,#14081,#14108,#14135,#14162,#14189,#14216,#14263,#14290,
    #14317,#14324,#14371,#14398,#14425,#14432,#14479,#14506,#14533,
    #14540,#14567,#14594,#14621,#14648,#14675,#14702,#14749,#14776,
    #14803,#14810,#14837,#14864,#14891,#14918,#14945,#14972,#14999,
    #15026,#15053,#15080,#15107,#15134,#15161,#15188,#15215,#15242,
    #15269,#15296,#15323,#15350,#15377,#15404,#15431,#15458,#15485,
    #15512,#15539,#15566,#15593,#15620,#15647,#15674,#15701,#15728,
    #15755,#15782,#15809,#15836,#15863,#15890,#15917,#15944,#15971,
    #15998,#16025,#16052,#16079,#16106,#16133,#16160,#16187,#16214,
    #16241,#16268,#16295,#16322,#16349,#16376,#16403,#16430,#16457,
    #16484,#16511,#16538,#16565,#16592,#16619,#16646,#16673,#16700,
    #16727,#16754,#16781,#16808,#16835,#16862,#16889,#16916,#16943,
    #16970,#16997,#17024,#17051,#17078,#17105,#17132,#17159,#17186,
    #17213,#17240,#17267,#17294,#17321,#17348,#17375,#17402));
#17 = ADVANCED_FACE('',(#18),#32,.T.);
#18 = FACE_BOUND('',#19,.T.);
#19 = EDGE_LOOP('',(#20,#55,#88,#116));
#20 = ORIENTED_EDGE('',*,*,#21,.T.);
#21 = EDGE_CURVE('',#22,#24,#26,.T.);
#22 = VERTEX_POINT('',#23);
#23 = CARTESIAN_POINT('',(75.437472,-27.407567,0.));
#24 = VERTEX_POINT('',#25);
#25 = CARTESIAN_POINT('',(75.437472,-27.407567,1.51));
#26 = SURFACE_CURVE('',#27,(#31,#43),.PCURVE_S1.);
#27 = LINE('',#28,#29);
#28 = CARTESIAN_POINT('',(75.437472,-27.407567,0.));
#29 = VECTOR('',#30,1.);
#30 = DIRECTION('',(0.,0.,1.));
#31 = PCURVE('',#32,#37);
#32 = CYLINDRICAL_SURFACE('',#33,36.395751903927);
#33 = AXIS2_PLACEMENT_3D('',#34,#35,#36);
#34 = CARTESIAN_POINT('',(76.223918956891,-63.79482105737,0.));
#35 = DIRECTION('',(0.,0.,-1.));
#36 = DIRECTION('',(-2.160820743495E-02,0.999766515428,0.));
#37 = DEFINITIONAL_REPRESENTATION('',(#38),#42);
#38 = LINE('',#39,#40);
#39 = CARTESIAN_POINT('',(0.,0.));
#40 = VECTOR('',#41,1.);
#41 = DIRECTION('',(0.,-1.));
#42 = ( GEOMETRIC_REPRESENTATION_CONTEXT(2) 
PARAMETRIC_REPRESENTATION_CONTEXT() REPRESENTATION_CONTEXT('2D SPACE',''
  ) );
#43 = PCURVE('',#44,#49);
#44 = PLANE('',#45);
#45 = AXIS2_PLACEMENT_3D('',#46,#47,#48);
#46 = CARTESIAN_POINT('',(45.466,-27.432,0.));
#47 = DIRECTION('',(-8.152082714301E-04,0.999999667718,0.));
#48 = DIRECTION('',(0.999999667718,8.152082714301E-04,0.));
#49 = DEFINITIONAL_REPRESENTATION('',(#50),#54);
#50 = LINE('',#51,#52);
#51 = CARTESIAN_POINT('',(29.971481958994,0.));
#52 = VECTOR('',#53,1.);
#53 = DIRECTION('',(0.,-1.));
#54 = ( GEOMETRIC_REPRESENTATION_CONTEXT(2) 
PARAMETRIC_REPRESENTATION_CONTEXT() REPRESENTATION_CONTEXT('2D SPACE',''
  ) );
#55 = ORIENTED_EDGE('',*,*,#56,.T.);
#56 = EDGE_CURVE('',#24,#57,#59,.T.);
#57 = VERTEX_POINT('',#58);
#58 = CARTESIAN_POINT('',(84.365607,-28.321399,1.51));
#59 = SURFACE_CURVE('',#60,(#65,#72),.PCURVE_S1.);
#60 = CIRCLE('',#61,36.395751903927);
#61 = AXIS2_PLACEMENT_3D('',#62,#63,#64);
#62 = CARTESIAN_POINT('',(76.223918956891,-63.79482105737,1.51));
#63 = DIRECTION('',(0.,0.,-1.));
#64 = DIRECTION('',(-2.160820743495E-02,0.999766515428,0.));
#65 = PCURVE('',#32,#66);
#66 = DEFINITIONAL_REPRESENTATION('',(#67),#71);
#67 = LINE('',#68,#69);
#68 = CARTESIAN_POINT('',(0.,-1.51));
#69 = VECTOR('',#70,1.);
#70 = DIRECTION('',(1.,0.));
#71 = ( GEOMETRIC_REPRESENTATION_CONTEXT(2) 
PARAMETRIC_REPRESENTATION_CONTEXT() REPRESENTATION_CONTEXT('2D SPACE',''
  ) );
#72 = PCURVE('',#73,#78);
#73 = PLANE('',#74);
#74 = AXIS2_PLACEMENT_3D('',#75,#76,#77);
#75 = CARTESIAN_POINT('',(0.,0.,1.51));
#76 = DIRECTION('',(0.,0.,1.));
#77 = DIRECTION('',(1.,0.,0.));
#78 = DEFINITIONAL_REPRESENTATION('',(#79),#87);
#79 = ( BOUNDED_CURVE() B_SPLINE_CURVE(2,(#80,#81,#82,#83,#84,#85,#86),
.UNSPECIFIED.,.T.,.F.) B_SPLINE_CURVE_WITH_KNOTS((1,2,2,2,2,1),(
    -2.094395102393,0.,2.094395102393,4.188790204786,6.28318530718,
8.377580409573),.UNSPECIFIED.) CURVE() GEOMETRIC_REPRESENTATION_ITEM() 
RATIONAL_B_SPLINE_CURVE((1.,0.5,1.,0.5,1.,0.5,1.)) REPRESENTATION_ITEM(
  '') );
#80 = CARTESIAN_POINT('',(75.437472,-27.40756699999));
#81 = CARTESIAN_POINT('',(138.46204477529,-26.04540091319));
#82 = CARTESIAN_POINT('',(108.12942882298,-81.30736504266));
#83 = CARTESIAN_POINT('',(77.796812870673,-136.5693291721));
#84 = CARTESIAN_POINT('',(45.104856047689,-82.66953112945));
#85 = CARTESIAN_POINT('',(12.412899224704,-28.76973308678));
#86 = CARTESIAN_POINT('',(75.437472,-27.40756699999));
#87 = ( GEOMETRIC_REPRESENTATION_CONTEXT(2) 
PARAMETRIC_REPRESENTATION_CONTEXT() REPRESENTATION_CONTEXT('2D SPACE',''
  ) );
#88 = ORIENTED_EDGE('',*,*,#89,.F.);
#89 = EDGE_CURVE('',#90,#57,#92,.T.);
#90 = VERTEX_POINT('',#91);
#91 = CARTESIAN_POINT('',(84.365607,-28.321399,0.));
#92 = SURFACE_CURVE('',#93,(#97,#104),.PCURVE_S1.);
#93 = LINE('',#94,#95);
#94 = CARTESIAN_POINT('',(84.365607,-28.321399,0.));
#95 = VECTOR('',#96,1.);
#96 = DIRECTION('',(0.,0.,1.));
#97 = PCURVE('',#32,#98);
#98 = DEFINITIONAL_REPRESENTATION('',(#99),#103);
#99 = LINE('',#100,#101);
#100 = CARTESIAN_POINT('',(0.247217745419,0.));
#101 = VECTOR('',#102,1.);
#102 = DIRECTION('',(0.,-1.));
#103 = ( GEOMETRIC_REPRESENTATION_CONTEXT(2) 
PARAMETRIC_REPRESENTATION_CONTEXT() REPRESENTATION_CONTEXT('2D SPACE',''
  ) );
#104 = PCURVE('',#105,#110);
#105 = PLANE('',#106);
#106 = AXIS2_PLACEMENT_3D('',#107,#108,#109);
#107 = CARTESIAN_POINT('',(84.365607,-28.321399,0.));
#108 = DIRECTION('',(0.192738668596,0.981250123887,0.));
#109 = DIRECTION('',(0.981250123887,-0.192738668596,0.));
#110 = DEFINITIONAL_REPRESENTATION('',(#111),#115);
#111 = LINE('',#112,#113);
#112 = CARTESIAN_POINT('',(0.,0.));
#113 = VECTOR('',#114,1.);
#114 = DIRECTION('',(0.,-1.));
#115 = ( GEOMETRIC_REPRESENTATION_CONTEXT(2) 
PARAMETRIC_REPRESENTATION_CONTEXT() REPRESENTATION_CONTEXT('2D SPACE',''
  ) );
#116 = ORIENTED_EDGE('',*,*,#117,.F.);
#117 = EDGE_CURVE('',#22,#90,#118,.T.);
#118 = SURFACE_CURVE('',#119,(#124,#131),.PCURVE_S1.);
#119 = CIRCLE('',#120,36.395751903927);
#120 = AXIS2_PLACEMENT_3D('',#121,#122,#123);
#121 = CARTESIAN_POINT('',(76.223918956891,-63.79482105737,0.));
#122 = DIRECTION('',(0.,0.,-1.));
#123 = DIRECTION('',(-2.160820743495E-02,0.999766515428,0.));
#124 = PCURVE('',#32,#125);
#125 = DEFINITIONAL_REPRESENTATION('',(#126),#130);
#126 = LINE('',#127,#128);
#127 = CARTESIAN_POINT('',(0.,0.));
#128 = VECTOR('',#129,1.);
#129 = DIRECTION('',(1.,0.));
#130 = ( GEOMETRIC_REPRESENTATION_CONTEXT(2) 
PARAMETRIC_REPRESENTATION_CONTEXT() REPRESENTATION_CONTEXT('2D SPACE',''
  ) );
#131 = PCURVE('',#132,#137);
#132 = PLANE('',#133);
#133 = AXIS2_PLACEMENT_3D('',#134,#135,#136);
#134 = CARTESIAN_POINT('',(0.,0.,0.));
#135 = DIRECTION('',(0.,0.,1.));
#136 = DIRECTION('',(1.,0.,0.));
#137 = DEFINITIONAL_REPRESENTATION('',(#138),#146);
#138 = ( BOUNDED_CURVE() B_SPLINE_CURVE(2,(#139,#140,#141,#142,#143,#144
,#145),.UNSPECIFIED.,.T.,.F.) B_SPLINE_CURVE_WITH_KNOTS((1,2,2,2,2,1),(
    -2.094395102393,0.,2.094395102393,4.188790204786,6.28318530718,
8.377580409573),.UNSPECIFIED.) CURVE() GEOMETRIC_REPRESENTATION_ITEM() 
RATIONAL_B_SPLINE_CURVE((1.,0.5,1.,0.5,1.,0.5,1.)) REPRESENTATION_ITEM(
  '') );
#139 = CARTESIAN_POINT('',(75.437472,-27.40756699999));
#140 = CARTESIAN_POINT('',(138.46204477529,-26.04540091319));
#141 = CARTESIAN_POINT('',(108.12942882298,-81.30736504266));
#142 = CARTESIAN_POINT('',(77.796812870673,-136.5693291721));
#143 = CARTESIAN_POINT('',(45.104856047689,-82.66953112945));
#144 = CARTESIAN_POINT('',(12.412899224704,-28.76973308678));
#145 = CARTESIAN_POINT('',(75.437472,-27.40756699999));
#146 = ( GEOMETRIC_REPRESENTATION_CONTEXT(2) 
PARAMETRIC_REPRESENTATION_CONTEXT() REPRESENTATION_CONTEXT('2D SPACE',''
  ) );
#147 = ADVANCED_FACE('',(#148),#44,.T.);
#148 = FACE_BOUND('',#149,.T.);
#149 = EDGE_LOOP('',(#150,#180,#201,#202));
#150 = ORIENTED_EDGE('',*,*,#151,.T.);
#151 = EDGE_CURVE('',#152,#154,#156,.T.);
#152 = VERTEX_POINT('',#153);
#153 = CARTESIAN_POINT('',(45.466,-27.432,0.));
#154 = VERTEX_POINT('',#155);
#155 = CARTESIAN_POINT('',(45.466,-27.432,1.51));
#156 = SURFACE_CURVE('',#157,(#161,#168),.PCURVE_S1.);
#157 = LINE('',#158,#159);
#158 = CARTESIAN_POINT('',(45.466,-27.432,0.));
#159 = VECTOR('',#160,1.);
#160 = DIRECTION('',(0.,0.,1.));
#161 = PCURVE('',#44,#162);
#162 = DEFINITIONAL_REPRESENTATION('',(#163),#167);
#163 = LINE('',#164,#165);
#164 = CARTESIAN_POINT('',(0.,0.));
#165 = VECTOR('',#166,1.);
#166 = DIRECTION('',(0.,-1.));
#167 = ( GEOMETRIC_REPRESENTATION_CONTEXT(2) 
PARAMETRIC_REPRESENTATION_CONTEXT() REPRESENTATION_CONTEXT('2D SPACE',''
  ) );
#168 = PCURVE('',#169,#174);
#169 = CYLINDRICAL_SURFACE('',#170,11.430005655952);
#170 = AXIS2_PLACEMENT_3D('',#171,#172,#173);
#171 = CARTESIAN_POINT('',(45.4660025731,-38.86200565595,0.));
#172 = DIRECTION('',(0.,0.,-1.));
#173 = DIRECTION('',(-0.739939928962,0.672672952874,0.));
#174 = DEFINITIONAL_REPRESENTATION('',(#175),#179);
#175 = LINE('',#176,#177);
#176 = CARTESIAN_POINT('',(0.83298082684,0.));
#177 = VECTOR('',#178,1.);
#178 = DIRECTION('',(0.,-1.));
#179 = ( GEOMETRIC_REPRESENTATION_CONTEXT(2) 
PARAMETRIC_REPRESENTATION_CONTEXT() REPRESENTATION_CONTEXT('2D SPACE',''
  ) );
#180 = ORIENTED_EDGE('',*,*,#181,.T.);
#181 = EDGE_CURVE('',#154,#24,#182,.T.);
#182 = SURFACE_CURVE('',#183,(#187,#194),.PCURVE_S1.);
#183 = LINE('',#184,#185);
#184 = CARTESIAN_POINT('',(45.466,-27.432,1.51));
#185 = VECTOR('',#186,1.);
#186 = DIRECTION('',(0.999999667718,8.152082714301E-04,0.));
#187 = PCURVE('',#44,#188);
#188 = DEFINITIONAL_REPRESENTATION('',(#189),#193);
#189 = LINE('',#190,#191);
#190 = CARTESIAN_POINT('',(0.,-1.51));
#191 = VECTOR('',#192,1.);
#192 = DIRECTION('',(1.,0.));
#193 = ( GEOMETRIC_REPRESENTATION_CONTEXT(2) 
PARAMETRIC_REPRESENTATION_CONTEXT() REPRESENTATION_CONTEXT('2D SPACE',''
  ) );
#194 = PCURVE('',#73,#195);
#195 = DEFINITIONAL_REPRESENTATION('',(#196),#200);
#196 = LINE('',#197,#198);
#197 = CARTESIAN_POINT('',(45.466,-27.432));
#198 = VECTOR('',#199,1.);
#199 = DIRECTION('',(0.999999667718,8.152082714301E-04));
#200 = ( GEOMETRIC_REPRESENTATION_CONTEXT(2) 
PARAMETRIC_REPRESENTATION_CONTEXT() REPRESENTATION_CONTEXT('2D SPACE',''
  ) );
#201 = ORIENTED_EDGE('',*,*,#21,.F.);
#202 = ORIENTED_EDGE('',*,*,#203,.F.);
#203 = EDGE_CURVE('',#152,#22,#204,.T.);
#204 = SURFACE_CURVE('',#205,(#209,#216),.PCURVE_S1.);
#205 = LINE('',#206,#207);
#206 = CARTESIAN_POINT('',(45.466,-27.432,0.));
#207 = VECTOR('',#208,1.);
#208 = DIRECTION('',(0.999999667718,8.152082714301E-04,0.));
#209 = PCURVE('',#44,#210);
#210 = DEFINITIONAL_REPRESENTATION('',(#211),#215);
#211 = LINE('',#212,#213);
#212 = CARTESIAN_POINT('',(0.,0.));
#213 = VECTOR('',#214,1.);
#214 = DIRECTION('',(1.,0.));
#215 = ( GEOMETRIC_REPRESENTATION_CONTEXT(2) 
PARAMETRIC_REPRESENTATION_CONTEXT() REPRESENTATION_CONTEXT('2D SPACE',''
  ) );
#216 = PCURVE('',#132,#217);
#217 = DEFINITIONAL_REPRESENTATION('',(#218),#222);
#218 = LINE('',#219,#220);
#219 = CARTESIAN_POINT('',(45.466,-27.432));
#220 = VECTOR('',#221,1.);
#221 = DIRECTION('',(0.999999667718,8.152082714301E-04));
#222 = ( GEOMETRIC_REPRESENTATION_CONTEXT(2) 
PARAMETRIC_REPRESENTATION_CONTEXT() REPRESENTATION_CONTEXT('2D SPACE',''
  ) );
#223 = ADVANCED_FACE('',(#224,#977,#1012,#1047,#1082,#1117,#1152,#1187,
    #1222,#1257,#1292,#1327,#1362,#1397,#1432,#1467,#1502,#1537,#1572,
    #1607,#1642,#1677,#1712,#1747,#1782,#1817,#1852,#1887,#1922,#1957,
    #1992,#2027,#2062,#2097,#2132,#2167,#2202,#2237,#2272,#2307,#2342,
    #2377,#2412,#2447,#2482,#2517,#2552,#2587,#2622,#2746,#2870,#2994,
    #3029,#3064,#3099,#3134,#3169,#3204,#3328,#3363,#3398,#3433,#3468,
    #3503,#3538,#3573,#3608,#3643,#3678,#3713,#3748,#3783,#3818,#3853,
    #3888,#3923,#3958,#3993,#4028,#4063,#4098,#4133,#4168,#4203,#4238,
    #4273,#4308,#4343,#4378,#4413,#4448,#4483,#4518,#4553,#4588,#4623,
    #4658,#4693,#4728,#4763,#4798,#4833,#4868,#4903,#4938,#4973,#5008,
    #5043,#5078,#5113,#5148,#5183,#5218,#5253,#5288,#5323,#5358,#5393,
    #5428,#5463,#5498,#5533,#5568,#5603,#5638,#5673,#5708,#5743,#5778,
    #5813,#5848,#5883,#5918,#5953,#5988,#6023,#6058,#6093,#6128,#6163,
    #6198,#6233,#6268,#6303,#6338,#6373,#6408,#6443,#6478,#6513,#6548,
    #6583,#6618,#6653,#6688),#73,.T.);
#224 = FACE_BOUND('',#225,.T.);
#225 = EDGE_LOOP('',(#226,#227,#228,#256,#284,#317,#345,#378,#406,#435,
    #463,#496,#524,#557,#585,#613,#639,#667,#695,#723,#749,#777,#805,
    #838,#866,#895,#923,#956));
#226 = ORIENTED_EDGE('',*,*,#56,.F.);
#227 = ORIENTED_EDGE('',*,*,#181,.F.);
#228 = ORIENTED_EDGE('',*,*,#229,.F.);
#229 = EDGE_CURVE('',#230,#154,#232,.T.);
#230 = VERTEX_POINT('',#231);
#231 = CARTESIAN_POINT('',(37.008485,-31.17335,1.51));
#232 = SURFACE_CURVE('',#233,(#238,#249),.PCURVE_S1.);
#233 = CIRCLE('',#234,11.430005655952);
#234 = AXIS2_PLACEMENT_3D('',#235,#236,#237);
#235 = CARTESIAN_POINT('',(45.4660025731,-38.86200565595,1.51));
#236 = DIRECTION('',(0.,0.,-1.));
#237 = DIRECTION('',(-0.739939928962,0.672672952874,0.));
#238 = PCURVE('',#73,#239);
#239 = DEFINITIONAL_REPRESENTATION('',(#240),#248);
#240 = ( BOUNDED_CURVE() B_SPLINE_CURVE(2,(#241,#242,#243,#244,#245,#246
,#247),.UNSPECIFIED.,.T.,.F.) B_SPLINE_CURVE_WITH_KNOTS((1,2,2,2,2,1),(
    -2.094395102393,0.,2.094395102393,4.188790204786,6.28318530718,
8.377580409573),.UNSPECIFIED.) CURVE() GEOMETRIC_REPRESENTATION_ITEM() 
RATIONAL_B_SPLINE_CURVE((1.,0.5,1.,0.5,1.,0.5,1.)) REPRESENTATION_ITEM(
  '') );
#241 = CARTESIAN_POINT('',(37.008485000002,-31.17334999999));
#242 = CARTESIAN_POINT('',(50.325627238016,-16.52449985748));
#243 = CARTESIAN_POINT('',(56.353332478656,-35.38190841267));
#244 = CARTESIAN_POINT('',(62.381037719296,-54.23931696785));
#245 = CARTESIAN_POINT('',(43.036190240642,-50.03075855518));
#246 = CARTESIAN_POINT('',(23.691342761988,-45.8222001425));
#247 = CARTESIAN_POINT('',(37.008485000002,-31.17334999999));
#248 = ( GEOMETRIC_REPRESENTATION_CONTEXT(2) 
PARAMETRIC_REPRESENTATION_CONTEXT() REPRESENTATION_CONTEXT('2D SPACE',''
  ) );
#249 = PCURVE('',#169,#250);
#250 = DEFINITIONAL_REPRESENTATION('',(#251),#255);
#251 = LINE('',#252,#253);
#252 = CARTESIAN_POINT('',(0.,-1.51));
#253 = VECTOR('',#254,1.);
#254 = DIRECTION('',(1.,0.));
#255 = ( GEOMETRIC_REPRESENTATION_CONTEXT(2) 
PARAMETRIC_REPRESENTATION_CONTEXT() REPRESENTATION_CONTEXT('2D SPACE',''
  ) );
#256 = ORIENTED_EDGE('',*,*,#257,.F.);
#257 = EDGE_CURVE('',#258,#230,#260,.T.);
#258 = VERTEX_POINT('',#259);
#259 = CARTESIAN_POINT('',(16.845839,-52.13132,1.51));
#260 = SURFACE_CURVE('',#261,(#265,#272),.PCURVE_S1.);
#261 = LINE('',#262,#263);
#262 = CARTESIAN_POINT('',(16.845839,-52.13132,1.51));
#263 = VECTOR('',#264,1.);
#264 = DIRECTION('',(0.693300789932,0.720648329409,0.));
#265 = PCURVE('',#73,#266);
#266 = DEFINITIONAL_REPRESENTATION('',(#267),#271);
#267 = LINE('',#268,#269);
#268 = CARTESIAN_POINT('',(16.845839,-52.13132));
#269 = VECTOR('',#270,1.);
#270 = DIRECTION('',(0.693300789932,0.720648329409));
#271 = ( GEOMETRIC_REPRESENTATION_CONTEXT(2) 
PARAMETRIC_REPRESENTATION_CONTEXT() REPRESENTATION_CONTEXT('2D SPACE',''
  ) );
#272 = PCURVE('',#273,#278);
#273 = PLANE('',#274);
#274 = AXIS2_PLACEMENT_3D('',#275,#276,#277);
#275 = CARTESIAN_POINT('',(16.845839,-52.13132,0.));
#276 = DIRECTION('',(-0.720648329409,0.693300789932,0.));
#277 = DIRECTION('',(0.693300789932,0.720648329409,0.));
#278 = DEFINITIONAL_REPRESENTATION('',(#279),#283);
#279 = LINE('',#280,#281);
#280 = CARTESIAN_POINT('',(0.,-1.51));
#281 = VECTOR('',#282,1.);
#282 = DIRECTION('',(1.,0.));
#283 = ( GEOMETRIC_REPRESENTATION_CONTEXT(2) 
PARAMETRIC_REPRESENTATION_CONTEXT() REPRESENTATION_CONTEXT('2D SPACE',''
  ) );
#284 = ORIENTED_EDGE('',*,*,#285,.F.);
#285 = EDGE_CURVE('',#286,#258,#288,.T.);
#286 = VERTEX_POINT('',#287);
#287 = CARTESIAN_POINT('',(15.494,-57.822,1.51));
#288 = SURFACE_CURVE('',#289,(#294,#305),.PCURVE_S1.);
#289 = CIRCLE('',#290,5.573727986832);
#290 = AXIS2_PLACEMENT_3D('',#291,#292,#293);
#291 = CARTESIAN_POINT('',(20.786303882554,-56.07329668442,1.51));
#292 = DIRECTION('',(0.,0.,-1.));
#293 = DIRECTION('',(-0.94950881978,-0.313740340344,-0.));
#294 = PCURVE('',#73,#295);
#295 = DEFINITIONAL_REPRESENTATION('',(#296),#304);
#296 = ( BOUNDED_CURVE() B_SPLINE_CURVE(2,(#297,#298,#299,#300,#301,#302
,#303),.UNSPECIFIED.,.T.,.F.) B_SPLINE_CURVE_WITH_KNOTS((1,2,2,2,2,1),(
    -2.094395102393,0.,2.094395102393,4.188790204786,6.28318530718,
8.377580409573),.UNSPECIFIED.) CURVE() GEOMETRIC_REPRESENTATION_ITEM() 
RATIONAL_B_SPLINE_CURVE((1.,0.5,1.,0.5,1.,0.5,1.)) REPRESENTATION_ITEM(
  '') );
#297 = CARTESIAN_POINT('',(15.494,-57.82199999999));
#298 = CARTESIAN_POINT('',(12.465157010061,-48.65546078631));
#299 = CARTESIAN_POINT('',(21.918034328862,-50.61567541979));
#300 = CARTESIAN_POINT('',(31.370911647662,-52.57589005327));
#301 = CARTESIAN_POINT('',(24.9468773188,-59.78221463347));
#302 = CARTESIAN_POINT('',(18.522842989939,-66.98853921367));
#303 = CARTESIAN_POINT('',(15.494,-57.82199999999));
#304 = ( GEOMETRIC_REPRESENTATION_CONTEXT(2) 
PARAMETRIC_REPRESENTATION_CONTEXT() REPRESENTATION_CONTEXT('2D SPACE',''
  ) );
#305 = PCURVE('',#306,#311);
#306 = CYLINDRICAL_SURFACE('',#307,5.573727986832);
#307 = AXIS2_PLACEMENT_3D('',#308,#309,#310);
#308 = CARTESIAN_POINT('',(20.786303882554,-56.07329668442,0.));
#309 = DIRECTION('',(0.,0.,-1.));
#310 = DIRECTION('',(-0.94950881978,-0.313740340344,-0.));
#311 = DEFINITIONAL_REPRESENTATION('',(#312),#316);
#312 = LINE('',#313,#314);
#313 = CARTESIAN_POINT('',(0.,-1.51));
#314 = VECTOR('',#315,1.);
#315 = DIRECTION('',(1.,0.));
#316 = ( GEOMETRIC_REPRESENTATION_CONTEXT(2) 
PARAMETRIC_REPRESENTATION_CONTEXT() REPRESENTATION_CONTEXT('2D SPACE',''
  ) );
#317 = ORIENTED_EDGE('',*,*,#318,.F.);
#318 = EDGE_CURVE('',#319,#286,#321,.T.);
#319 = VERTEX_POINT('',#320);
#320 = CARTESIAN_POINT('',(28.960398,-107.848346,1.51));
#321 = SURFACE_CURVE('',#322,(#326,#333),.PCURVE_S1.);
#322 = LINE('',#323,#324);
#323 = CARTESIAN_POINT('',(28.960398,-107.848346,1.51));
#324 = VECTOR('',#325,1.);
#325 = DIRECTION('',(-0.259933273088,0.965626580797,0.));
#326 = PCURVE('',#73,#327);
#327 = DEFINITIONAL_REPRESENTATION('',(#328),#332);
#328 = LINE('',#329,#330);
#329 = CARTESIAN_POINT('',(28.960398,-107.848346));
#330 = VECTOR('',#331,1.);
#331 = DIRECTION('',(-0.259933273088,0.965626580797));
#332 = ( GEOMETRIC_REPRESENTATION_CONTEXT(2) 
PARAMETRIC_REPRESENTATION_CONTEXT() REPRESENTATION_CONTEXT('2D SPACE',''
  ) );
#333 = PCURVE('',#334,#339);
#334 = PLANE('',#335);
#335 = AXIS2_PLACEMENT_3D('',#336,#337,#338);
#336 = CARTESIAN_POINT('',(28.960398,-107.848346,0.));
#337 = DIRECTION('',(-0.965626580797,-0.259933273088,0.));
#338 = DIRECTION('',(-0.259933273088,0.965626580797,0.));
#339 = DEFINITIONAL_REPRESENTATION('',(#340),#344);
#340 = LINE('',#341,#342);
#341 = CARTESIAN_POINT('',(0.,-1.51));
#342 = VECTOR('',#343,1.);
#343 = DIRECTION('',(1.,0.));
#344 = ( GEOMETRIC_REPRESENTATION_CONTEXT(2) 
PARAMETRIC_REPRESENTATION_CONTEXT() REPRESENTATION_CONTEXT('2D SPACE',''
  ) );
#345 = ORIENTED_EDGE('',*,*,#346,.F.);
#346 = EDGE_CURVE('',#347,#319,#349,.T.);
#347 = VERTEX_POINT('',#348);
#348 = CARTESIAN_POINT('',(35.549948,-111.575617,1.51));
#349 = SURFACE_CURVE('',#350,(#355,#366),.PCURVE_S1.);
#350 = CIRCLE('',#351,9.094476114345);
#351 = AXIS2_PLACEMENT_3D('',#352,#353,#354);
#352 = CARTESIAN_POINT('',(36.326397293409,-102.5143465433,1.51));
#353 = DIRECTION('',(0.,0.,-1.));
#354 = DIRECTION('',(-8.53759231039E-02,-0.996348810284,-0.));
#355 = PCURVE('',#73,#356);
#356 = DEFINITIONAL_REPRESENTATION('',(#357),#365);
#357 = ( BOUNDED_CURVE() B_SPLINE_CURVE(2,(#358,#359,#360,#361,#362,#363
,#364),.UNSPECIFIED.,.T.,.F.) B_SPLINE_CURVE_WITH_KNOTS((1,2,2,2,2,1),(
    -2.094395102393,0.,2.094395102393,4.188790204786,6.28318530718,
8.377580409573),.UNSPECIFIED.) CURVE() GEOMETRIC_REPRESENTATION_ITEM() 
RATIONAL_B_SPLINE_CURVE((1.,0.5,1.,0.5,1.,0.5,1.)) REPRESENTATION_ITEM(
  '') );
#358 = CARTESIAN_POINT('',(35.549948,-111.5756169999));
#359 = CARTESIAN_POINT('',(19.855367187903,-110.2307673742));
#360 = CARTESIAN_POINT('',(28.867331534064,-97.31128650211));
#361 = CARTESIAN_POINT('',(37.879295880226,-84.39180562993));
#362 = CARTESIAN_POINT('',(44.561912346162,-98.6561361278));
#363 = CARTESIAN_POINT('',(51.244528812098,-112.9204666256));
#364 = CARTESIAN_POINT('',(35.549948,-111.5756169999));
#365 = ( GEOMETRIC_REPRESENTATION_CONTEXT(2) 
PARAMETRIC_REPRESENTATION_CONTEXT() REPRESENTATION_CONTEXT('2D SPACE',''
  ) );
#366 = PCURVE('',#367,#372);
#367 = CYLINDRICAL_SURFACE('',#368,9.094476114345);
#368 = AXIS2_PLACEMENT_3D('',#369,#370,#371);
#369 = CARTESIAN_POINT('',(36.326397293409,-102.5143465433,0.));
#370 = DIRECTION('',(0.,0.,-1.));
#371 = DIRECTION('',(-8.53759231039E-02,-0.996348810284,-0.));
#372 = DEFINITIONAL_REPRESENTATION('',(#373),#377);
#373 = LINE('',#374,#375);
#374 = CARTESIAN_POINT('',(0.,-1.51));
#375 = VECTOR('',#376,1.);
#376 = DIRECTION('',(1.,0.));
#377 = ( GEOMETRIC_REPRESENTATION_CONTEXT(2) 
PARAMETRIC_REPRESENTATION_CONTEXT() REPRESENTATION_CONTEXT('2D SPACE',''
  ) );
#378 = ORIENTED_EDGE('',*,*,#379,.F.);
#379 = EDGE_CURVE('',#380,#347,#382,.T.);
#380 = VERTEX_POINT('',#381);
#381 = CARTESIAN_POINT('',(58.783546,-110.725903,1.51));
#382 = SURFACE_CURVE('',#383,(#387,#394),.PCURVE_S1.);
#383 = LINE('',#384,#385);
#384 = CARTESIAN_POINT('',(58.783546,-110.725903,1.51));
#385 = VECTOR('',#386,1.);
#386 = DIRECTION('',(-0.999331891177,-3.654820482734E-02,0.));
#387 = PCURVE('',#73,#388);
#388 = DEFINITIONAL_REPRESENTATION('',(#389),#393);
#389 = LINE('',#390,#391);
#390 = CARTESIAN_POINT('',(58.783546,-110.725903));
#391 = VECTOR('',#392,1.);
#392 = DIRECTION('',(-0.999331891177,-3.654820482734E-02));
#393 = ( GEOMETRIC_REPRESENTATION_CONTEXT(2) 
PARAMETRIC_REPRESENTATION_CONTEXT() REPRESENTATION_CONTEXT('2D SPACE',''
  ) );
#394 = PCURVE('',#395,#400);
#395 = PLANE('',#396);
#396 = AXIS2_PLACEMENT_3D('',#397,#398,#399);
#397 = CARTESIAN_POINT('',(58.783546,-110.725903,0.));
#398 = DIRECTION('',(3.654820482734E-02,-0.999331891177,0.));
#399 = DIRECTION('',(-0.999331891177,-3.654820482734E-02,0.));
#400 = DEFINITIONAL_REPRESENTATION('',(#401),#405);
#401 = LINE('',#402,#403);
#402 = CARTESIAN_POINT('',(0.,-1.51));
#403 = VECTOR('',#404,1.);
#404 = DIRECTION('',(1.,0.));
#405 = ( GEOMETRIC_REPRESENTATION_CONTEXT(2) 
PARAMETRIC_REPRESENTATION_CONTEXT() REPRESENTATION_CONTEXT('2D SPACE',''
  ) );
#406 = ORIENTED_EDGE('',*,*,#407,.F.);
#407 = EDGE_CURVE('',#408,#380,#410,.T.);
#408 = VERTEX_POINT('',#409);
#409 = CARTESIAN_POINT('',(86.614,-113.284,1.51));
#410 = SURFACE_CURVE('',#411,(#416,#423),.PCURVE_S1.);
#411 = CIRCLE('',#412,123.23917588978);
#412 = AXIS2_PLACEMENT_3D('',#413,#414,#415);
#413 = CARTESIAN_POINT('',(61.491275879228,-233.9353290716,1.51));
#414 = DIRECTION('',(0.,-0.,1.));
#415 = DIRECTION('',(0.203853392717,0.979001427107,0.));
#416 = PCURVE('',#73,#417);
#417 = DEFINITIONAL_REPRESENTATION('',(#418),#422);
#418 = CIRCLE('',#419,123.23917588978);
#419 = AXIS2_PLACEMENT_2D('',#420,#421);
#420 = CARTESIAN_POINT('',(61.491275879228,-233.9353290716));
#421 = DIRECTION('',(0.203853392717,0.979001427107));
#422 = ( GEOMETRIC_REPRESENTATION_CONTEXT(2) 
PARAMETRIC_REPRESENTATION_CONTEXT() REPRESENTATION_CONTEXT('2D SPACE',''
  ) );
#423 = PCURVE('',#424,#429);
#424 = CYLINDRICAL_SURFACE('',#425,123.23917588978);
#425 = AXIS2_PLACEMENT_3D('',#426,#427,#428);
#426 = CARTESIAN_POINT('',(61.491275879228,-233.9353290716,0.));
#427 = DIRECTION('',(-0.,-0.,-1.));
#428 = DIRECTION('',(0.203853392717,0.979001427107,0.));
#429 = DEFINITIONAL_REPRESENTATION('',(#430),#434);
#430 = LINE('',#431,#432);
#431 = CARTESIAN_POINT('',(6.28318530718,-1.51));
#432 = VECTOR('',#433,1.);
#433 = DIRECTION('',(-1.,0.));
#434 = ( GEOMETRIC_REPRESENTATION_CONTEXT(2) 
PARAMETRIC_REPRESENTATION_CONTEXT() REPRESENTATION_CONTEXT('2D SPACE',''
  ) );
#435 = ORIENTED_EDGE('',*,*,#436,.F.);
#436 = EDGE_CURVE('',#437,#408,#439,.T.);
#437 = VERTEX_POINT('',#438);
#438 = CARTESIAN_POINT('',(96.774,-115.062,1.51));
#439 = SURFACE_CURVE('',#440,(#444,#451),.PCURVE_S1.);
#440 = LINE('',#441,#442);
#441 = CARTESIAN_POINT('',(96.774,-115.062,1.51));
#442 = VECTOR('',#443,1.);
#443 = DIRECTION('',(-0.985030467156,0.172380331752,0.));
#444 = PCURVE('',#73,#445);
#445 = DEFINITIONAL_REPRESENTATION('',(#446),#450);
#446 = LINE('',#447,#448);
#447 = CARTESIAN_POINT('',(96.774,-115.062));
#448 = VECTOR('',#449,1.);
#449 = DIRECTION('',(-0.985030467156,0.172380331752));
#450 = ( GEOMETRIC_REPRESENTATION_CONTEXT(2) 
PARAMETRIC_REPRESENTATION_CONTEXT() REPRESENTATION_CONTEXT('2D SPACE',''
  ) );
#451 = PCURVE('',#452,#457);
#452 = PLANE('',#453);
#453 = AXIS2_PLACEMENT_3D('',#454,#455,#456);
#454 = CARTESIAN_POINT('',(96.774,-115.062,0.));
#455 = DIRECTION('',(-0.172380331752,-0.985030467156,0.));
#456 = DIRECTION('',(-0.985030467156,0.172380331752,0.));
#457 = DEFINITIONAL_REPRESENTATION('',(#458),#462);
#458 = LINE('',#459,#460);
#459 = CARTESIAN_POINT('',(0.,-1.51));
#460 = VECTOR('',#461,1.);
#461 = DIRECTION('',(1.,0.));
#462 = ( GEOMETRIC_REPRESENTATION_CONTEXT(2) 
PARAMETRIC_REPRESENTATION_CONTEXT() REPRESENTATION_CONTEXT('2D SPACE',''
  ) );
#463 = ORIENTED_EDGE('',*,*,#464,.F.);
#464 = EDGE_CURVE('',#465,#437,#467,.T.);
#465 = VERTEX_POINT('',#466);
#466 = CARTESIAN_POINT('',(97.284813,-115.091456,1.51));
#467 = SURFACE_CURVE('',#468,(#473,#484),.PCURVE_S1.);
#468 = CIRCLE('',#469,1.680911916124);
#469 = AXIS2_PLACEMENT_3D('',#470,#471,#472);
#470 = CARTESIAN_POINT('',(97.125048074805,-113.4181538639,1.51));
#471 = DIRECTION('',(0.,-0.,-1.));
#472 = DIRECTION('',(9.50465777905E-02,-0.995472826375,0.));
#473 = PCURVE('',#73,#474);
#474 = DEFINITIONAL_REPRESENTATION('',(#475),#483);
#475 = ( BOUNDED_CURVE() B_SPLINE_CURVE(2,(#476,#477,#478,#479,#480,#481
,#482),.UNSPECIFIED.,.T.,.F.) B_SPLINE_CURVE_WITH_KNOTS((1,2,2,2,2,1),(
    -2.094395102393,0.,2.094395102393,4.188790204786,6.28318530718,
8.377580409573),.UNSPECIFIED.) CURVE() GEOMETRIC_REPRESENTATION_ITEM() 
RATIONAL_B_SPLINE_CURVE((1.,0.5,1.,0.5,1.,0.5,1.)) REPRESENTATION_ITEM(
  '') );
#476 = CARTESIAN_POINT('',(97.284813,-115.0914559999));
#477 = CARTESIAN_POINT('',(94.386568683981,-115.3681769676));
#478 = CARTESIAN_POINT('',(95.596043454198,-112.7198632797));
#479 = CARTESIAN_POINT('',(96.805518224415,-110.0715495918));
#480 = CARTESIAN_POINT('',(98.494287770217,-112.443142312));
#481 = CARTESIAN_POINT('',(100.18305731601,-114.8147350322));
#482 = CARTESIAN_POINT('',(97.284813,-115.0914559999));
#483 = ( GEOMETRIC_REPRESENTATION_CONTEXT(2) 
PARAMETRIC_REPRESENTATION_CONTEXT() REPRESENTATION_CONTEXT('2D SPACE',''
  ) );
#484 = PCURVE('',#485,#490);
#485 = CYLINDRICAL_SURFACE('',#486,1.680911916124);
#486 = AXIS2_PLACEMENT_3D('',#487,#488,#489);
#487 = CARTESIAN_POINT('',(97.125048074805,-113.4181538639,0.));
#488 = DIRECTION('',(0.,0.,-1.));
#489 = DIRECTION('',(9.50465777905E-02,-0.995472826375,0.));
#490 = DEFINITIONAL_REPRESENTATION('',(#491),#495);
#491 = LINE('',#492,#493);
#492 = CARTESIAN_POINT('',(0.,-1.51));
#493 = VECTOR('',#494,1.);
#494 = DIRECTION('',(1.,0.));
#495 = ( GEOMETRIC_REPRESENTATION_CONTEXT(2) 
PARAMETRIC_REPRESENTATION_CONTEXT() REPRESENTATION_CONTEXT('2D SPACE',''
  ) );
#496 = ORIENTED_EDGE('',*,*,#497,.F.);
#497 = EDGE_CURVE('',#498,#465,#500,.T.);
#498 = VERTEX_POINT('',#499);
#499 = CARTESIAN_POINT('',(129.286,-113.03,1.51));
#500 = SURFACE_CURVE('',#501,(#505,#512),.PCURVE_S1.);
#501 = LINE('',#502,#503);
#502 = CARTESIAN_POINT('',(129.286,-113.03,1.51));
#503 = VECTOR('',#504,1.);
#504 = DIRECTION('',(-0.997931588753,-6.428486734641E-02,0.));
#505 = PCURVE('',#73,#506);
#506 = DEFINITIONAL_REPRESENTATION('',(#507),#511);
#507 = LINE('',#508,#509);
#508 = CARTESIAN_POINT('',(129.286,-113.03));
#509 = VECTOR('',#510,1.);
#510 = DIRECTION('',(-0.997931588753,-6.428486734641E-02));
#511 = ( GEOMETRIC_REPRESENTATION_CONTEXT(2) 
PARAMETRIC_REPRESENTATION_CONTEXT() REPRESENTATION_CONTEXT('2D SPACE',''
  ) );
#512 = PCURVE('',#513,#518);
#513 = PLANE('',#514);
#514 = AXIS2_PLACEMENT_3D('',#515,#516,#517);
#515 = CARTESIAN_POINT('',(129.286,-113.03,0.));
#516 = DIRECTION('',(6.428486734641E-02,-0.997931588753,0.));
#517 = DIRECTION('',(-0.997931588753,-6.428486734641E-02,0.));
#518 = DEFINITIONAL_REPRESENTATION('',(#519),#523);
#519 = LINE('',#520,#521);
#520 = CARTESIAN_POINT('',(0.,-1.51));
#521 = VECTOR('',#522,1.);
#522 = DIRECTION('',(1.,0.));
#523 = ( GEOMETRIC_REPRESENTATION_CONTEXT(2) 
PARAMETRIC_REPRESENTATION_CONTEXT() REPRESENTATION_CONTEXT('2D SPACE',''
  ) );
#524 = ORIENTED_EDGE('',*,*,#525,.F.);
#525 = EDGE_CURVE('',#526,#498,#528,.T.);
#526 = VERTEX_POINT('',#527);
#527 = CARTESIAN_POINT('',(133.53368,-108.458,1.51));
#528 = SURFACE_CURVE('',#529,(#534,#545),.PCURVE_S1.);
#529 = CIRCLE('',#530,4.584381200066);
#530 = AXIS2_PLACEMENT_3D('',#531,#532,#533);
#531 = CARTESIAN_POINT('',(128.94929879993,-108.4580000777,1.51));
#532 = DIRECTION('',(0.,0.,-1.));
#533 = DIRECTION('',(1.,1.695173387593E-08,0.));
#534 = PCURVE('',#73,#535);
#535 = DEFINITIONAL_REPRESENTATION('',(#536),#544);
#536 = ( BOUNDED_CURVE() B_SPLINE_CURVE(2,(#537,#538,#539,#540,#541,#542
,#543),.UNSPECIFIED.,.T.,.F.) B_SPLINE_CURVE_WITH_KNOTS((1,2,2,2,2,1),(
    -2.094395102393,0.,2.094395102393,4.188790204786,6.28318530718,
8.377580409573),.UNSPECIFIED.) CURVE() GEOMETRIC_REPRESENTATION_ITEM() 
RATIONAL_B_SPLINE_CURVE((1.,0.5,1.,0.5,1.,0.5,1.)) REPRESENTATION_ITEM(
  '') );
#537 = CARTESIAN_POINT('',(133.53367999999,-108.4579999999));
#538 = CARTESIAN_POINT('',(133.53368013459,-116.3983811597));
#539 = CARTESIAN_POINT('',(126.65710826719,-112.4281906964));
#540 = CARTESIAN_POINT('',(119.78053639979,-108.4580002331));
#541 = CARTESIAN_POINT('',(126.65710813259,-104.4878095366));
#542 = CARTESIAN_POINT('',(133.53367986539,-100.5176188402));
#543 = CARTESIAN_POINT('',(133.53367999999,-108.4579999999));
#544 = ( GEOMETRIC_REPRESENTATION_CONTEXT(2) 
PARAMETRIC_REPRESENTATION_CONTEXT() REPRESENTATION_CONTEXT('2D SPACE',''
  ) );
#545 = PCURVE('',#546,#551);
#546 = CYLINDRICAL_SURFACE('',#547,4.584381200066);
#547 = AXIS2_PLACEMENT_3D('',#548,#549,#550);
#548 = CARTESIAN_POINT('',(128.94929879993,-108.4580000777,0.));
#549 = DIRECTION('',(0.,0.,-1.));
#550 = DIRECTION('',(1.,1.695173387593E-08,0.));
#551 = DEFINITIONAL_REPRESENTATION('',(#552),#556);
#552 = LINE('',#553,#554);
#553 = CARTESIAN_POINT('',(0.,-1.51));
#554 = VECTOR('',#555,1.);
#555 = DIRECTION('',(1.,0.));
#556 = ( GEOMETRIC_REPRESENTATION_CONTEXT(2) 
PARAMETRIC_REPRESENTATION_CONTEXT() REPRESENTATION_CONTEXT('2D SPACE',''
  ) );
#557 = ORIENTED_EDGE('',*,*,#558,.T.);
#558 = EDGE_CURVE('',#526,#559,#561,.T.);
#559 = VERTEX_POINT('',#560);
#560 = CARTESIAN_POINT('',(133.53368,-82.296,1.51));
#561 = SURFACE_CURVE('',#562,(#566,#573),.PCURVE_S1.);
#562 = LINE('',#563,#564);
#563 = CARTESIAN_POINT('',(133.53368,-108.458,1.51));
#564 = VECTOR('',#565,1.);
#565 = DIRECTION('',(0.,1.,0.));
#566 = PCURVE('',#73,#567);
#567 = DEFINITIONAL_REPRESENTATION('',(#568),#572);
#568 = LINE('',#569,#570);
#569 = CARTESIAN_POINT('',(133.53368,-108.458));
#570 = VECTOR('',#571,1.);
#571 = DIRECTION('',(0.,1.));
#572 = ( GEOMETRIC_REPRESENTATION_CONTEXT(2) 
PARAMETRIC_REPRESENTATION_CONTEXT() REPRESENTATION_CONTEXT('2D SPACE',''
  ) );
#573 = PCURVE('',#574,#579);
#574 = PLANE('',#575);
#575 = AXIS2_PLACEMENT_3D('',#576,#577,#578);
#576 = CARTESIAN_POINT('',(133.53368,-82.296,0.));
#577 = DIRECTION('',(1.,0.,0.));
#578 = DIRECTION('',(0.,-1.,0.));
#579 = DEFINITIONAL_REPRESENTATION('',(#580),#584);
#580 = LINE('',#581,#582);
#581 = CARTESIAN_POINT('',(26.162,-1.51));
#582 = VECTOR('',#583,1.);
#583 = DIRECTION('',(-1.,0.));
#584 = ( GEOMETRIC_REPRESENTATION_CONTEXT(2) 
PARAMETRIC_REPRESENTATION_CONTEXT() REPRESENTATION_CONTEXT('2D SPACE',''
  ) );
#585 = ORIENTED_EDGE('',*,*,#586,.F.);
#586 = EDGE_CURVE('',#587,#559,#589,.T.);
#587 = VERTEX_POINT('',#588);
#588 = CARTESIAN_POINT('',(133.61200039789,-82.296,1.51));
#589 = SURFACE_CURVE('',#590,(#594,#601),.PCURVE_S1.);
#590 = LINE('',#591,#592);
#591 = CARTESIAN_POINT('',(135.69032,-82.296,1.51));
#592 = VECTOR('',#593,1.);
#593 = DIRECTION('',(-1.,0.,0.));
#594 = PCURVE('',#73,#595);
#595 = DEFINITIONAL_REPRESENTATION('',(#596),#600);
#596 = LINE('',#597,#598);
#597 = CARTESIAN_POINT('',(135.69032,-82.296));
#598 = VECTOR('',#599,1.);
#599 = DIRECTION('',(-1.,0.));
#600 = ( GEOMETRIC_REPRESENTATION_CONTEXT(2) 
PARAMETRIC_REPRESENTATION_CONTEXT() REPRESENTATION_CONTEXT('2D SPACE',''
  ) );
#601 = PCURVE('',#602,#607);
#602 = PLANE('',#603);
#603 = AXIS2_PLACEMENT_3D('',#604,#605,#606);
#604 = CARTESIAN_POINT('',(135.69032,-82.296,0.));
#605 = DIRECTION('',(0.,-1.,0.));
#606 = DIRECTION('',(-1.,0.,0.));
#607 = DEFINITIONAL_REPRESENTATION('',(#608),#612);
#608 = LINE('',#609,#610);
#609 = CARTESIAN_POINT('',(0.,-1.51));
#610 = VECTOR('',#611,1.);
#611 = DIRECTION('',(1.,0.));
#612 = ( GEOMETRIC_REPRESENTATION_CONTEXT(2) 
PARAMETRIC_REPRESENTATION_CONTEXT() REPRESENTATION_CONTEXT('2D SPACE',''
  ) );
#613 = ORIENTED_EDGE('',*,*,#614,.T.);
#614 = EDGE_CURVE('',#587,#615,#617,.T.);
#615 = VERTEX_POINT('',#616);
#616 = CARTESIAN_POINT('',(133.61200039789,-80.772,1.51));
#617 = SURFACE_CURVE('',#618,(#622,#628),.PCURVE_S1.);
#618 = LINE('',#619,#620);
#619 = CARTESIAN_POINT('',(133.61200039789,-60.04953289001,1.51));
#620 = VECTOR('',#621,1.);
#621 = DIRECTION('',(0.,1.,0.));
#622 = PCURVE('',#73,#623);
#623 = DEFINITIONAL_REPRESENTATION('',(#624),#627);
#624 = B_SPLINE_CURVE_WITH_KNOTS('',1,(#625,#626),.UNSPECIFIED.,.F.,.F.,
  (2,2),(-55.04953289001,32.650463736569),.PIECEWISE_BEZIER_KNOTS.);
#625 = CARTESIAN_POINT('',(133.61200039789,-115.09906578));
#626 = CARTESIAN_POINT('',(133.61200039789,-27.39906915344));
#627 = ( GEOMETRIC_REPRESENTATION_CONTEXT(2) 
PARAMETRIC_REPRESENTATION_CONTEXT() REPRESENTATION_CONTEXT('2D SPACE',''
  ) );
#628 = PCURVE('',#629,#634);
#629 = PLANE('',#630);
#630 = AXIS2_PLACEMENT_3D('',#631,#632,#633);
#631 = CARTESIAN_POINT('',(133.61200039789,-120.09906578,-1.));
#632 = DIRECTION('',(1.,0.,0.));
#633 = DIRECTION('',(0.,0.,1.));
#634 = DEFINITIONAL_REPRESENTATION('',(#635),#638);
#635 = B_SPLINE_CURVE_WITH_KNOTS('',1,(#636,#637),.UNSPECIFIED.,.F.,.F.,
  (2,2),(-55.04953289001,32.650463736569),.PIECEWISE_BEZIER_KNOTS.);
#636 = CARTESIAN_POINT('',(2.51,-5.));
#637 = CARTESIAN_POINT('',(2.51,-92.69999662658));
#638 = ( GEOMETRIC_REPRESENTATION_CONTEXT(2) 
PARAMETRIC_REPRESENTATION_CONTEXT() REPRESENTATION_CONTEXT('2D SPACE',''
  ) );
#639 = ORIENTED_EDGE('',*,*,#640,.F.);
#640 = EDGE_CURVE('',#641,#615,#643,.T.);
#641 = VERTEX_POINT('',#642);
#642 = CARTESIAN_POINT('',(133.53368,-80.772,1.51));
#643 = SURFACE_CURVE('',#644,(#648,#655),.PCURVE_S1.);
#644 = LINE('',#645,#646);
#645 = CARTESIAN_POINT('',(133.53368,-80.772,1.51));
#646 = VECTOR('',#647,1.);
#647 = DIRECTION('',(1.,0.,0.));
#648 = PCURVE('',#73,#649);
#649 = DEFINITIONAL_REPRESENTATION('',(#650),#654);
#650 = LINE('',#651,#652);
#651 = CARTESIAN_POINT('',(133.53368,-80.772));
#652 = VECTOR('',#653,1.);
#653 = DIRECTION('',(1.,0.));
#654 = ( GEOMETRIC_REPRESENTATION_CONTEXT(2) 
PARAMETRIC_REPRESENTATION_CONTEXT() REPRESENTATION_CONTEXT('2D SPACE',''
  ) );
#655 = PCURVE('',#656,#661);
#656 = PLANE('',#657);
#657 = AXIS2_PLACEMENT_3D('',#658,#659,#660);
#658 = CARTESIAN_POINT('',(133.53368,-80.772,0.));
#659 = DIRECTION('',(0.,1.,0.));
#660 = DIRECTION('',(1.,0.,0.));
#661 = DEFINITIONAL_REPRESENTATION('',(#662),#666);
#662 = LINE('',#663,#664);
#663 = CARTESIAN_POINT('',(0.,-1.51));
#664 = VECTOR('',#665,1.);
#665 = DIRECTION('',(1.,0.));
#666 = ( GEOMETRIC_REPRESENTATION_CONTEXT(2) 
PARAMETRIC_REPRESENTATION_CONTEXT() REPRESENTATION_CONTEXT('2D SPACE',''
  ) );
#667 = ORIENTED_EDGE('',*,*,#668,.F.);
#668 = EDGE_CURVE('',#669,#641,#671,.T.);
#669 = VERTEX_POINT('',#670);
#670 = CARTESIAN_POINT('',(133.53368,-50.8,1.51));
#671 = SURFACE_CURVE('',#672,(#676,#683),.PCURVE_S1.);
#672 = LINE('',#673,#674);
#673 = CARTESIAN_POINT('',(133.53368,-50.8,1.51));
#674 = VECTOR('',#675,1.);
#675 = DIRECTION('',(0.,-1.,0.));
#676 = PCURVE('',#73,#677);
#677 = DEFINITIONAL_REPRESENTATION('',(#678),#682);
#678 = LINE('',#679,#680);
#679 = CARTESIAN_POINT('',(133.53368,-50.8));
#680 = VECTOR('',#681,1.);
#681 = DIRECTION('',(0.,-1.));
#682 = ( GEOMETRIC_REPRESENTATION_CONTEXT(2) 
PARAMETRIC_REPRESENTATION_CONTEXT() REPRESENTATION_CONTEXT('2D SPACE',''
  ) );
#683 = PCURVE('',#684,#689);
#684 = PLANE('',#685);
#685 = AXIS2_PLACEMENT_3D('',#686,#687,#688);
#686 = CARTESIAN_POINT('',(133.53368,-50.8,0.));
#687 = DIRECTION('',(1.,0.,0.));
#688 = DIRECTION('',(0.,-1.,0.));
#689 = DEFINITIONAL_REPRESENTATION('',(#690),#694);
#690 = LINE('',#691,#692);
#691 = CARTESIAN_POINT('',(0.,-1.51));
#692 = VECTOR('',#693,1.);
#693 = DIRECTION('',(1.,0.));
#694 = ( GEOMETRIC_REPRESENTATION_CONTEXT(2) 
PARAMETRIC_REPRESENTATION_CONTEXT() REPRESENTATION_CONTEXT('2D SPACE',''
  ) );
#695 = ORIENTED_EDGE('',*,*,#696,.F.);
#696 = EDGE_CURVE('',#697,#669,#699,.T.);
#697 = VERTEX_POINT('',#698);
#698 = CARTESIAN_POINT('',(133.61200039789,-50.8,1.51));
#699 = SURFACE_CURVE('',#700,(#704,#711),.PCURVE_S1.);
#700 = LINE('',#701,#702);
#701 = CARTESIAN_POINT('',(135.69032,-50.8,1.51));
#702 = VECTOR('',#703,1.);
#703 = DIRECTION('',(-1.,0.,0.));
#704 = PCURVE('',#73,#705);
#705 = DEFINITIONAL_REPRESENTATION('',(#706),#710);
#706 = LINE('',#707,#708);
#707 = CARTESIAN_POINT('',(135.69032,-50.8));
#708 = VECTOR('',#709,1.);
#709 = DIRECTION('',(-1.,0.));
#710 = ( GEOMETRIC_REPRESENTATION_CONTEXT(2) 
PARAMETRIC_REPRESENTATION_CONTEXT() REPRESENTATION_CONTEXT('2D SPACE',''
  ) );
#711 = PCURVE('',#712,#717);
#712 = PLANE('',#713);
#713 = AXIS2_PLACEMENT_3D('',#714,#715,#716);
#714 = CARTESIAN_POINT('',(135.69032,-50.8,0.));
#715 = DIRECTION('',(0.,-1.,0.));
#716 = DIRECTION('',(-1.,0.,0.));
#717 = DEFINITIONAL_REPRESENTATION('',(#718),#722);
#718 = LINE('',#719,#720);
#719 = CARTESIAN_POINT('',(0.,-1.51));
#720 = VECTOR('',#721,1.);
#721 = DIRECTION('',(1.,0.));
#722 = ( GEOMETRIC_REPRESENTATION_CONTEXT(2) 
PARAMETRIC_REPRESENTATION_CONTEXT() REPRESENTATION_CONTEXT('2D SPACE',''
  ) );
#723 = ORIENTED_EDGE('',*,*,#724,.T.);
#724 = EDGE_CURVE('',#697,#725,#727,.T.);
#725 = VERTEX_POINT('',#726);
#726 = CARTESIAN_POINT('',(133.61200039789,-49.276,1.51));
#727 = SURFACE_CURVE('',#728,(#732,#738),.PCURVE_S1.);
#728 = LINE('',#729,#730);
#729 = CARTESIAN_POINT('',(133.61200039789,-60.04953289001,1.51));
#730 = VECTOR('',#731,1.);
#731 = DIRECTION('',(0.,1.,0.));
#732 = PCURVE('',#73,#733);
#733 = DEFINITIONAL_REPRESENTATION('',(#734),#737);
#734 = B_SPLINE_CURVE_WITH_KNOTS('',1,(#735,#736),.UNSPECIFIED.,.F.,.F.,
  (2,2),(-55.04953289001,32.650463736569),.PIECEWISE_BEZIER_KNOTS.);
#735 = CARTESIAN_POINT('',(133.61200039789,-115.09906578));
#736 = CARTESIAN_POINT('',(133.61200039789,-27.39906915344));
#737 = ( GEOMETRIC_REPRESENTATION_CONTEXT(2) 
PARAMETRIC_REPRESENTATION_CONTEXT() REPRESENTATION_CONTEXT('2D SPACE',''
  ) );
#738 = PCURVE('',#739,#744);
#739 = PLANE('',#740);
#740 = AXIS2_PLACEMENT_3D('',#741,#742,#743);
#741 = CARTESIAN_POINT('',(133.61200039789,-120.09906578,-1.));
#742 = DIRECTION('',(1.,0.,0.));
#743 = DIRECTION('',(0.,0.,1.));
#744 = DEFINITIONAL_REPRESENTATION('',(#745),#748);
#745 = B_SPLINE_CURVE_WITH_KNOTS('',1,(#746,#747),.UNSPECIFIED.,.F.,.F.,
  (2,2),(-55.04953289001,32.650463736569),.PIECEWISE_BEZIER_KNOTS.);
#746 = CARTESIAN_POINT('',(2.51,-5.));
#747 = CARTESIAN_POINT('',(2.51,-92.69999662658));
#748 = ( GEOMETRIC_REPRESENTATION_CONTEXT(2) 
PARAMETRIC_REPRESENTATION_CONTEXT() REPRESENTATION_CONTEXT('2D SPACE',''
  ) );
#749 = ORIENTED_EDGE('',*,*,#750,.F.);
#750 = EDGE_CURVE('',#751,#725,#753,.T.);
#751 = VERTEX_POINT('',#752);
#752 = CARTESIAN_POINT('',(133.53368,-49.276,1.51));
#753 = SURFACE_CURVE('',#754,(#758,#765),.PCURVE_S1.);
#754 = LINE('',#755,#756);
#755 = CARTESIAN_POINT('',(133.53368,-49.276,1.51));
#756 = VECTOR('',#757,1.);
#757 = DIRECTION('',(1.,0.,0.));
#758 = PCURVE('',#73,#759);
#759 = DEFINITIONAL_REPRESENTATION('',(#760),#764);
#760 = LINE('',#761,#762);
#761 = CARTESIAN_POINT('',(133.53368,-49.276));
#762 = VECTOR('',#763,1.);
#763 = DIRECTION('',(1.,0.));
#764 = ( GEOMETRIC_REPRESENTATION_CONTEXT(2) 
PARAMETRIC_REPRESENTATION_CONTEXT() REPRESENTATION_CONTEXT('2D SPACE',''
  ) );
#765 = PCURVE('',#766,#771);
#766 = PLANE('',#767);
#767 = AXIS2_PLACEMENT_3D('',#768,#769,#770);
#768 = CARTESIAN_POINT('',(133.53368,-49.276,0.));
#769 = DIRECTION('',(0.,1.,0.));
#770 = DIRECTION('',(1.,0.,0.));
#771 = DEFINITIONAL_REPRESENTATION('',(#772),#776);
#772 = LINE('',#773,#774);
#773 = CARTESIAN_POINT('',(0.,-1.51));
#774 = VECTOR('',#775,1.);
#775 = DIRECTION('',(1.,0.));
#776 = ( GEOMETRIC_REPRESENTATION_CONTEXT(2) 
PARAMETRIC_REPRESENTATION_CONTEXT() REPRESENTATION_CONTEXT('2D SPACE',''
  ) );
#777 = ORIENTED_EDGE('',*,*,#778,.F.);
#778 = EDGE_CURVE('',#779,#751,#781,.T.);
#779 = VERTEX_POINT('',#780);
#780 = CARTESIAN_POINT('',(133.53368,-42.926,1.51));
#781 = SURFACE_CURVE('',#782,(#786,#793),.PCURVE_S1.);
#782 = LINE('',#783,#784);
#783 = CARTESIAN_POINT('',(133.53368,-42.926,1.51));
#784 = VECTOR('',#785,1.);
#785 = DIRECTION('',(0.,-1.,0.));
#786 = PCURVE('',#73,#787);
#787 = DEFINITIONAL_REPRESENTATION('',(#788),#792);
#788 = LINE('',#789,#790);
#789 = CARTESIAN_POINT('',(133.53368,-42.926));
#790 = VECTOR('',#791,1.);
#791 = DIRECTION('',(0.,-1.));
#792 = ( GEOMETRIC_REPRESENTATION_CONTEXT(2) 
PARAMETRIC_REPRESENTATION_CONTEXT() REPRESENTATION_CONTEXT('2D SPACE',''
  ) );
#793 = PCURVE('',#794,#799);
#794 = PLANE('',#795);
#795 = AXIS2_PLACEMENT_3D('',#796,#797,#798);
#796 = CARTESIAN_POINT('',(133.53368,-42.926,0.));
#797 = DIRECTION('',(1.,0.,0.));
#798 = DIRECTION('',(0.,-1.,0.));
#799 = DEFINITIONAL_REPRESENTATION('',(#800),#804);
#800 = LINE('',#801,#802);
#801 = CARTESIAN_POINT('',(0.,-1.51));
#802 = VECTOR('',#803,1.);
#803 = DIRECTION('',(1.,0.));
#804 = ( GEOMETRIC_REPRESENTATION_CONTEXT(2) 
PARAMETRIC_REPRESENTATION_CONTEXT() REPRESENTATION_CONTEXT('2D SPACE',''
  ) );
#805 = ORIENTED_EDGE('',*,*,#806,.F.);
#806 = EDGE_CURVE('',#807,#779,#809,.T.);
#807 = VERTEX_POINT('',#808);
#808 = CARTESIAN_POINT('',(132.183836,-41.648473,1.51));
#809 = SURFACE_CURVE('',#810,(#815,#826),.PCURVE_S1.);
#810 = CIRCLE('',#811,1.270040628742);
#811 = AXIS2_PLACEMENT_3D('',#812,#813,#814);
#812 = CARTESIAN_POINT('',(132.26367872937,-42.91600143645,1.51));
#813 = DIRECTION('',(0.,0.,-1.));
#814 = DIRECTION('',(-6.286627968464E-02,0.998021959116,0.));
#815 = PCURVE('',#73,#816);
#816 = DEFINITIONAL_REPRESENTATION('',(#817),#825);
#817 = ( BOUNDED_CURVE() B_SPLINE_CURVE(2,(#818,#819,#820,#821,#822,#823
,#824),.UNSPECIFIED.,.T.,.F.) B_SPLINE_CURVE_WITH_KNOTS((1,2,2,2,2,1),(
    -2.094395102393,0.,2.094395102393,4.188790204786,6.28318530718,
8.377580409573),.UNSPECIFIED.) CURVE() GEOMETRIC_REPRESENTATION_ITEM() 
RATIONAL_B_SPLINE_CURVE((1.,0.5,1.,0.5,1.,0.5,1.)) REPRESENTATION_ITEM(
  '') );
#818 = CARTESIAN_POINT('',(132.18383599999,-41.64847299999));
#819 = CARTESIAN_POINT('',(134.37925965197,-41.51018133609));
#820 = CARTESIAN_POINT('',(133.40131192004,-43.48061982272));
#821 = CARTESIAN_POINT('',(132.42336418812,-45.45105830935));
#822 = CARTESIAN_POINT('',(131.20588826807,-43.61891148662));
#823 = CARTESIAN_POINT('',(129.98841234801,-41.78676466389));
#824 = CARTESIAN_POINT('',(132.18383599999,-41.64847299999));
#825 = ( GEOMETRIC_REPRESENTATION_CONTEXT(2) 
PARAMETRIC_REPRESENTATION_CONTEXT() REPRESENTATION_CONTEXT('2D SPACE',''
  ) );
#826 = PCURVE('',#827,#832);
#827 = CYLINDRICAL_SURFACE('',#828,1.270040628742);
#828 = AXIS2_PLACEMENT_3D('',#829,#830,#831);
#829 = CARTESIAN_POINT('',(132.26367872937,-42.91600143645,0.));
#830 = DIRECTION('',(0.,0.,-1.));
#831 = DIRECTION('',(-6.286627968464E-02,0.998021959116,0.));
#832 = DEFINITIONAL_REPRESENTATION('',(#833),#837);
#833 = LINE('',#834,#835);
#834 = CARTESIAN_POINT('',(0.,-1.51));
#835 = VECTOR('',#836,1.);
#836 = DIRECTION('',(1.,0.));
#837 = ( GEOMETRIC_REPRESENTATION_CONTEXT(2) 
PARAMETRIC_REPRESENTATION_CONTEXT() REPRESENTATION_CONTEXT('2D SPACE',''
  ) );
#838 = ORIENTED_EDGE('',*,*,#839,.F.);
#839 = EDGE_CURVE('',#840,#807,#842,.T.);
#840 = VERTEX_POINT('',#841);
#841 = CARTESIAN_POINT('',(116.121405,-41.625211,1.51));
#842 = SURFACE_CURVE('',#843,(#847,#854),.PCURVE_S1.);
#843 = LINE('',#844,#845);
#844 = CARTESIAN_POINT('',(116.121405,-41.625211,1.51));
#845 = VECTOR('',#846,1.);
#846 = DIRECTION('',(0.999998951325,-1.448222601282E-03,0.));
#847 = PCURVE('',#73,#848);
#848 = DEFINITIONAL_REPRESENTATION('',(#849),#853);
#849 = LINE('',#850,#851);
#850 = CARTESIAN_POINT('',(116.121405,-41.625211));
#851 = VECTOR('',#852,1.);
#852 = DIRECTION('',(0.999998951325,-1.448222601282E-03));
#853 = ( GEOMETRIC_REPRESENTATION_CONTEXT(2) 
PARAMETRIC_REPRESENTATION_CONTEXT() REPRESENTATION_CONTEXT('2D SPACE',''
  ) );
#854 = PCURVE('',#855,#860);
#855 = PLANE('',#856);
#856 = AXIS2_PLACEMENT_3D('',#857,#858,#859);
#857 = CARTESIAN_POINT('',(116.121405,-41.625211,0.));
#858 = DIRECTION('',(1.448222601282E-03,0.999998951325,0.));
#859 = DIRECTION('',(0.999998951325,-1.448222601282E-03,0.));
#860 = DEFINITIONAL_REPRESENTATION('',(#861),#865);
#861 = LINE('',#862,#863);
#862 = CARTESIAN_POINT('',(0.,-1.51));
#863 = VECTOR('',#864,1.);
#864 = DIRECTION('',(1.,0.));
#865 = ( GEOMETRIC_REPRESENTATION_CONTEXT(2) 
PARAMETRIC_REPRESENTATION_CONTEXT() REPRESENTATION_CONTEXT('2D SPACE',''
  ) );
#866 = ORIENTED_EDGE('',*,*,#867,.F.);
#867 = EDGE_CURVE('',#868,#840,#870,.T.);
#868 = VERTEX_POINT('',#869);
#869 = CARTESIAN_POINT('',(115.062,-40.64,1.51));
#870 = SURFACE_CURVE('',#871,(#876,#883),.PCURVE_S1.);
#871 = CIRCLE('',#872,1.016451989888);
#872 = AXIS2_PLACEMENT_3D('',#873,#874,#875);
#873 = CARTESIAN_POINT('',(116.0779998625,-40.60968618898,1.51));
#874 = DIRECTION('',(0.,0.,1.));
#875 = DIRECTION('',(-0.999555190616,-2.982316067631E-02,0.));
#876 = PCURVE('',#73,#877);
#877 = DEFINITIONAL_REPRESENTATION('',(#878),#882);
#878 = CIRCLE('',#879,1.016451989888);
#879 = AXIS2_PLACEMENT_2D('',#880,#881);
#880 = CARTESIAN_POINT('',(116.0779998625,-40.60968618898));
#881 = DIRECTION('',(-0.999555190616,-2.982316067631E-02));
#882 = ( GEOMETRIC_REPRESENTATION_CONTEXT(2) 
PARAMETRIC_REPRESENTATION_CONTEXT() REPRESENTATION_CONTEXT('2D SPACE',''
  ) );
#883 = PCURVE('',#884,#889);
#884 = CYLINDRICAL_SURFACE('',#885,1.016451989888);
#885 = AXIS2_PLACEMENT_3D('',#886,#887,#888);
#886 = CARTESIAN_POINT('',(116.0779998625,-40.60968618898,0.));
#887 = DIRECTION('',(-0.,-0.,-1.));
#888 = DIRECTION('',(-0.999555190616,-2.982316067631E-02,0.));
#889 = DEFINITIONAL_REPRESENTATION('',(#890),#894);
#890 = LINE('',#891,#892);
#891 = CARTESIAN_POINT('',(6.28318530718,-1.51));
#892 = VECTOR('',#893,1.);
#893 = DIRECTION('',(-1.,0.));
#894 = ( GEOMETRIC_REPRESENTATION_CONTEXT(2) 
PARAMETRIC_REPRESENTATION_CONTEXT() REPRESENTATION_CONTEXT('2D SPACE',''
  ) );
#895 = ORIENTED_EDGE('',*,*,#896,.F.);
#896 = EDGE_CURVE('',#897,#868,#899,.T.);
#897 = VERTEX_POINT('',#898);
#898 = CARTESIAN_POINT('',(115.065179,-38.841439,1.51));
#899 = SURFACE_CURVE('',#900,(#904,#911),.PCURVE_S1.);
#900 = LINE('',#901,#902);
#901 = CARTESIAN_POINT('',(115.065179,-38.841439,1.51));
#902 = VECTOR('',#903,1.);
#903 = DIRECTION('',(-1.767521387482E-03,-0.999998437933,0.));
#904 = PCURVE('',#73,#905);
#905 = DEFINITIONAL_REPRESENTATION('',(#906),#910);
#906 = LINE('',#907,#908);
#907 = CARTESIAN_POINT('',(115.065179,-38.841439));
#908 = VECTOR('',#909,1.);
#909 = DIRECTION('',(-1.767521387482E-03,-0.999998437933));
#910 = ( GEOMETRIC_REPRESENTATION_CONTEXT(2) 
PARAMETRIC_REPRESENTATION_CONTEXT() REPRESENTATION_CONTEXT('2D SPACE',''
  ) );
#911 = PCURVE('',#912,#917);
#912 = PLANE('',#913);
#913 = AXIS2_PLACEMENT_3D('',#914,#915,#916);
#914 = CARTESIAN_POINT('',(115.065179,-38.841439,0.));
#915 = DIRECTION('',(0.999998437933,-1.767521387482E-03,0.));
#916 = DIRECTION('',(-1.767521387482E-03,-0.999998437933,0.));
#917 = DEFINITIONAL_REPRESENTATION('',(#918),#922);
#918 = LINE('',#919,#920);
#919 = CARTESIAN_POINT('',(0.,-1.51));
#920 = VECTOR('',#921,1.);
#921 = DIRECTION('',(1.,0.));
#922 = ( GEOMETRIC_REPRESENTATION_CONTEXT(2) 
PARAMETRIC_REPRESENTATION_CONTEXT() REPRESENTATION_CONTEXT('2D SPACE',''
  ) );
#923 = ORIENTED_EDGE('',*,*,#924,.F.);
#924 = EDGE_CURVE('',#925,#897,#927,.T.);
#925 = VERTEX_POINT('',#926);
#926 = CARTESIAN_POINT('',(110.747799,-33.50343,1.51));
#927 = SURFACE_CURVE('',#928,(#933,#944),.PCURVE_S1.);
#928 = CIRCLE('',#929,5.105867468502);
#929 = AXIS2_PLACEMENT_3D('',#930,#931,#932);
#930 = CARTESIAN_POINT('',(109.96767320487,-38.54934779062,1.51));
#931 = DIRECTION('',(0.,0.,-1.));
#932 = DIRECTION('',(0.152790059659,0.988258669413,0.));
#933 = PCURVE('',#73,#934);
#934 = DEFINITIONAL_REPRESENTATION('',(#935),#943);
#935 = ( BOUNDED_CURVE() B_SPLINE_CURVE(2,(#936,#937,#938,#939,#940,#941
,#942),.UNSPECIFIED.,.T.,.F.) B_SPLINE_CURVE_WITH_KNOTS((1,2,2,2,2,1),(
    -2.094395102393,0.,2.094395102393,4.188790204786,6.28318530718,
8.377580409573),.UNSPECIFIED.) CURVE() GEOMETRIC_REPRESENTATION_ITEM() 
RATIONAL_B_SPLINE_CURVE((1.,0.5,1.,0.5,1.,0.5,1.)) REPRESENTATION_ITEM(
  '') );
#936 = CARTESIAN_POINT('',(110.74779899999,-33.50343));
#937 = CARTESIAN_POINT('',(119.48758498416,-34.85464751344));
#938 = CARTESIAN_POINT('',(113.94750329939,-41.74791544265));
#939 = CARTESIAN_POINT('',(108.40742161462,-48.64118337185));
#940 = CARTESIAN_POINT('',(105.20771731522,-40.3966979292));
#941 = CARTESIAN_POINT('',(102.00801301582,-32.15221248655));
#942 = CARTESIAN_POINT('',(110.74779899999,-33.50343));
#943 = ( GEOMETRIC_REPRESENTATION_CONTEXT(2) 
PARAMETRIC_REPRESENTATION_CONTEXT() REPRESENTATION_CONTEXT('2D SPACE',''
  ) );
#944 = PCURVE('',#945,#950);
#945 = CYLINDRICAL_SURFACE('',#946,5.105867468502);
#946 = AXIS2_PLACEMENT_3D('',#947,#948,#949);
#947 = CARTESIAN_POINT('',(109.96767320487,-38.54934779062,0.));
#948 = DIRECTION('',(0.,0.,-1.));
#949 = DIRECTION('',(0.152790059659,0.988258669413,0.));
#950 = DEFINITIONAL_REPRESENTATION('',(#951),#955);
#951 = LINE('',#952,#953);
#952 = CARTESIAN_POINT('',(0.,-1.51));
#953 = VECTOR('',#954,1.);
#954 = DIRECTION('',(1.,0.));
#955 = ( GEOMETRIC_REPRESENTATION_CONTEXT(2) 
PARAMETRIC_REPRESENTATION_CONTEXT() REPRESENTATION_CONTEXT('2D SPACE',''
  ) );
#956 = ORIENTED_EDGE('',*,*,#957,.F.);
#957 = EDGE_CURVE('',#57,#925,#958,.T.);
#958 = SURFACE_CURVE('',#959,(#963,#970),.PCURVE_S1.);
#959 = LINE('',#960,#961);
#960 = CARTESIAN_POINT('',(84.365607,-28.321399,1.51));
#961 = VECTOR('',#962,1.);
#962 = DIRECTION('',(0.981250123887,-0.192738668596,0.));
#963 = PCURVE('',#73,#964);
#964 = DEFINITIONAL_REPRESENTATION('',(#965),#969);
#965 = LINE('',#966,#967);
#966 = CARTESIAN_POINT('',(84.365607,-28.321399));
#967 = VECTOR('',#968,1.);
#968 = DIRECTION('',(0.981250123887,-0.192738668596));
#969 = ( GEOMETRIC_REPRESENTATION_CONTEXT(2) 
PARAMETRIC_REPRESENTATION_CONTEXT() REPRESENTATION_CONTEXT('2D SPACE',''
  ) );
#970 = PCURVE('',#105,#971);
#971 = DEFINITIONAL_REPRESENTATION('',(#972),#976);
#972 = LINE('',#973,#974);
#973 = CARTESIAN_POINT('',(0.,-1.51));
#974 = VECTOR('',#975,1.);
#975 = DIRECTION('',(1.,0.));
#976 = ( GEOMETRIC_REPRESENTATION_CONTEXT(2) 
PARAMETRIC_REPRESENTATION_CONTEXT() REPRESENTATION_CONTEXT('2D SPACE',''
  ) );
#977 = FACE_BOUND('',#978,.T.);
#978 = EDGE_LOOP('',(#979));
#979 = ORIENTED_EDGE('',*,*,#980,.T.);
#980 = EDGE_CURVE('',#981,#981,#983,.T.);
#981 = VERTEX_POINT('',#982);
#982 = CARTESIAN_POINT('',(32.579945,-100.604442,1.51));
#983 = SURFACE_CURVE('',#984,(#989,#1000),.PCURVE_S1.);
#984 = CIRCLE('',#985,0.635);
#985 = AXIS2_PLACEMENT_3D('',#986,#987,#988);
#986 = CARTESIAN_POINT('',(32.579945,-99.969442,1.51));
#987 = DIRECTION('',(-0.,-0.,-1.));
#988 = DIRECTION('',(0.,-1.,0.));
#989 = PCURVE('',#73,#990);
#990 = DEFINITIONAL_REPRESENTATION('',(#991),#999);
#991 = ( BOUNDED_CURVE() B_SPLINE_CURVE(2,(#992,#993,#994,#995,#996,#997
,#998),.UNSPECIFIED.,.T.,.F.) B_SPLINE_CURVE_WITH_KNOTS((1,2,2,2,2,1),(
    -2.094395102393,0.,2.094395102393,4.188790204786,6.28318530718,
8.377580409573),.UNSPECIFIED.) CURVE() GEOMETRIC_REPRESENTATION_ITEM() 
RATIONAL_B_SPLINE_CURVE((1.,0.5,1.,0.5,1.,0.5,1.)) REPRESENTATION_ITEM(
  '') );
#992 = CARTESIAN_POINT('',(32.579945,-100.604442));
#993 = CARTESIAN_POINT('',(31.480092737194,-100.604442));
#994 = CARTESIAN_POINT('',(32.030018868597,-99.651942));
#995 = CARTESIAN_POINT('',(32.579945,-98.699442));
#996 = CARTESIAN_POINT('',(33.129871131403,-99.651942));
#997 = CARTESIAN_POINT('',(33.679797262806,-100.604442));
#998 = CARTESIAN_POINT('',(32.579945,-100.604442));
#999 = ( GEOMETRIC_REPRESENTATION_CONTEXT(2) 
PARAMETRIC_REPRESENTATION_CONTEXT() REPRESENTATION_CONTEXT('2D SPACE',''
  ) );
#1000 = PCURVE('',#1001,#1006);
#1001 = CYLINDRICAL_SURFACE('',#1002,0.635);
#1002 = AXIS2_PLACEMENT_3D('',#1003,#1004,#1005);
#1003 = CARTESIAN_POINT('',(32.579945,-99.969442,-4.6E-02));
#1004 = DIRECTION('',(-0.,-0.,-1.));
#1005 = DIRECTION('',(0.,-1.,0.));
#1006 = DEFINITIONAL_REPRESENTATION('',(#1007),#1011);
#1007 = LINE('',#1008,#1009);
#1008 = CARTESIAN_POINT('',(0.,-1.556));
#1009 = VECTOR('',#1010,1.);
#1010 = DIRECTION('',(1.,0.));
#1011 = ( GEOMETRIC_REPRESENTATION_CONTEXT(2) 
PARAMETRIC_REPRESENTATION_CONTEXT() REPRESENTATION_CONTEXT('2D SPACE',''
  ) );
#1012 = FACE_BOUND('',#1013,.T.);
#1013 = EDGE_LOOP('',(#1014));
#1014 = ORIENTED_EDGE('',*,*,#1015,.T.);
#1015 = EDGE_CURVE('',#1016,#1016,#1018,.T.);
#1016 = VERTEX_POINT('',#1017);
#1017 = CARTESIAN_POINT('',(31.11347,-97.279234,1.51));
#1018 = SURFACE_CURVE('',#1019,(#1024,#1035),.PCURVE_S1.);
#1019 = CIRCLE('',#1020,0.8509);
#1020 = AXIS2_PLACEMENT_3D('',#1021,#1022,#1023);
#1021 = CARTESIAN_POINT('',(31.11347,-96.428334,1.51));
#1022 = DIRECTION('',(-0.,-0.,-1.));
#1023 = DIRECTION('',(0.,-1.,0.));
#1024 = PCURVE('',#73,#1025);
#1025 = DEFINITIONAL_REPRESENTATION('',(#1026),#1034);
#1026 = ( BOUNDED_CURVE() B_SPLINE_CURVE(2,(#1027,#1028,#1029,#1030,
#1031,#1032,#1033),.UNSPECIFIED.,.T.,.F.) B_SPLINE_CURVE_WITH_KNOTS((1,2
    ,2,2,2,1),(-2.094395102393,0.,2.094395102393,4.188790204786,
6.28318530718,8.377580409573),.UNSPECIFIED.) CURVE() 
GEOMETRIC_REPRESENTATION_ITEM() RATIONAL_B_SPLINE_CURVE((1.,0.5,1.,0.5,
1.,0.5,1.)) REPRESENTATION_ITEM('') );
#1027 = CARTESIAN_POINT('',(31.11347,-97.279234));
#1028 = CARTESIAN_POINT('',(29.63966796784,-97.279234));
#1029 = CARTESIAN_POINT('',(30.37656898392,-96.002884));
#1030 = CARTESIAN_POINT('',(31.11347,-94.726534));
#1031 = CARTESIAN_POINT('',(31.85037101608,-96.002884));
#1032 = CARTESIAN_POINT('',(32.58727203216,-97.279234));
#1033 = CARTESIAN_POINT('',(31.11347,-97.279234));
#1034 = ( GEOMETRIC_REPRESENTATION_CONTEXT(2) 
PARAMETRIC_REPRESENTATION_CONTEXT() REPRESENTATION_CONTEXT('2D SPACE',''
  ) );
#1035 = PCURVE('',#1036,#1041);
#1036 = CYLINDRICAL_SURFACE('',#1037,0.8509);
#1037 = AXIS2_PLACEMENT_3D('',#1038,#1039,#1040);
#1038 = CARTESIAN_POINT('',(31.11347,-96.428334,-4.6E-02));
#1039 = DIRECTION('',(-0.,-0.,-1.));
#1040 = DIRECTION('',(0.,-1.,0.));
#1041 = DEFINITIONAL_REPRESENTATION('',(#1042),#1046);
#1042 = LINE('',#1043,#1044);
#1043 = CARTESIAN_POINT('',(0.,-1.556));
#1044 = VECTOR('',#1045,1.);
#1045 = DIRECTION('',(1.,0.));
#1046 = ( GEOMETRIC_REPRESENTATION_CONTEXT(2) 
PARAMETRIC_REPRESENTATION_CONTEXT() REPRESENTATION_CONTEXT('2D SPACE',''
  ) );
#1047 = FACE_BOUND('',#1048,.T.);
#1048 = EDGE_LOOP('',(#1049));
#1049 = ORIENTED_EDGE('',*,*,#1050,.T.);
#1050 = EDGE_CURVE('',#1051,#1051,#1053,.T.);
#1051 = VERTEX_POINT('',#1052);
#1052 = CARTESIAN_POINT('',(30.296889,-92.794276,1.51));
#1053 = SURFACE_CURVE('',#1054,(#1059,#1070),.PCURVE_S1.);
#1054 = CIRCLE('',#1055,0.4953);
#1055 = AXIS2_PLACEMENT_3D('',#1056,#1057,#1058);
#1056 = CARTESIAN_POINT('',(30.296889,-92.298976,1.51));
#1057 = DIRECTION('',(-0.,-0.,-1.));
#1058 = DIRECTION('',(0.,-1.,0.));
#1059 = PCURVE('',#73,#1060);
#1060 = DEFINITIONAL_REPRESENTATION('',(#1061),#1069);
#1061 = ( BOUNDED_CURVE() B_SPLINE_CURVE(2,(#1062,#1063,#1064,#1065,
#1066,#1067,#1068),.UNSPECIFIED.,.T.,.F.) B_SPLINE_CURVE_WITH_KNOTS((1,2
    ,2,2,2,1),(-2.094395102393,0.,2.094395102393,4.188790204786,
6.28318530718,8.377580409573),.UNSPECIFIED.) CURVE() 
GEOMETRIC_REPRESENTATION_ITEM() RATIONAL_B_SPLINE_CURVE((1.,0.5,1.,0.5,
1.,0.5,1.)) REPRESENTATION_ITEM('') );
#1062 = CARTESIAN_POINT('',(30.296889,-92.794276));
#1063 = CARTESIAN_POINT('',(29.439004235011,-92.794276));
#1064 = CARTESIAN_POINT('',(29.867946617506,-92.051326));
#1065 = CARTESIAN_POINT('',(30.296889,-91.308376));
#1066 = CARTESIAN_POINT('',(30.725831382494,-92.051326));
#1067 = CARTESIAN_POINT('',(31.154773764989,-92.794276));
#1068 = CARTESIAN_POINT('',(30.296889,-92.794276));
#1069 = ( GEOMETRIC_REPRESENTATION_CONTEXT(2) 
PARAMETRIC_REPRESENTATION_CONTEXT() REPRESENTATION_CONTEXT('2D SPACE',''
  ) );
#1070 = PCURVE('',#1071,#1076);
#1071 = CYLINDRICAL_SURFACE('',#1072,0.4953);
#1072 = AXIS2_PLACEMENT_3D('',#1073,#1074,#1075);
#1073 = CARTESIAN_POINT('',(30.296889,-92.298976,-4.6E-02));
#1074 = DIRECTION('',(-0.,-0.,-1.));
#1075 = DIRECTION('',(0.,-1.,0.));
#1076 = DEFINITIONAL_REPRESENTATION('',(#1077),#1081);
#1077 = LINE('',#1078,#1079);
#1078 = CARTESIAN_POINT('',(0.,-1.556));
#1079 = VECTOR('',#1080,1.);
#1080 = DIRECTION('',(1.,0.));
#1081 = ( GEOMETRIC_REPRESENTATION_CONTEXT(2) 
PARAMETRIC_REPRESENTATION_CONTEXT() REPRESENTATION_CONTEXT('2D SPACE',''
  ) );
#1082 = FACE_BOUND('',#1083,.T.);
#1083 = EDGE_LOOP('',(#1084));
#1084 = ORIENTED_EDGE('',*,*,#1085,.T.);
#1085 = EDGE_CURVE('',#1086,#1086,#1088,.T.);
#1086 = VERTEX_POINT('',#1087);
#1087 = CARTESIAN_POINT('',(37.953094,-101.338791,1.51));
#1088 = SURFACE_CURVE('',#1089,(#1094,#1105),.PCURVE_S1.);
#1089 = CIRCLE('',#1090,0.635);
#1090 = AXIS2_PLACEMENT_3D('',#1091,#1092,#1093);
#1091 = CARTESIAN_POINT('',(37.953094,-100.703791,1.51));
#1092 = DIRECTION('',(-0.,-0.,-1.));
#1093 = DIRECTION('',(0.,-1.,0.));
#1094 = PCURVE('',#73,#1095);
#1095 = DEFINITIONAL_REPRESENTATION('',(#1096),#1104);
#1096 = ( BOUNDED_CURVE() B_SPLINE_CURVE(2,(#1097,#1098,#1099,#1100,
#1101,#1102,#1103),.UNSPECIFIED.,.T.,.F.) B_SPLINE_CURVE_WITH_KNOTS((1,2
    ,2,2,2,1),(-2.094395102393,0.,2.094395102393,4.188790204786,
6.28318530718,8.377580409573),.UNSPECIFIED.) CURVE() 
GEOMETRIC_REPRESENTATION_ITEM() RATIONAL_B_SPLINE_CURVE((1.,0.5,1.,0.5,
1.,0.5,1.)) REPRESENTATION_ITEM('') );
#1097 = CARTESIAN_POINT('',(37.953094,-101.338791));
#1098 = CARTESIAN_POINT('',(36.853241737194,-101.338791));
#1099 = CARTESIAN_POINT('',(37.403167868597,-100.386291));
#1100 = CARTESIAN_POINT('',(37.953094,-99.433791));
#1101 = CARTESIAN_POINT('',(38.503020131403,-100.386291));
#1102 = CARTESIAN_POINT('',(39.052946262806,-101.338791));
#1103 = CARTESIAN_POINT('',(37.953094,-101.338791));
#1104 = ( GEOMETRIC_REPRESENTATION_CONTEXT(2) 
PARAMETRIC_REPRESENTATION_CONTEXT() REPRESENTATION_CONTEXT('2D SPACE',''
  ) );
#1105 = PCURVE('',#1106,#1111);
#1106 = CYLINDRICAL_SURFACE('',#1107,0.635);
#1107 = AXIS2_PLACEMENT_3D('',#1108,#1109,#1110);
#1108 = CARTESIAN_POINT('',(37.953094,-100.703791,-4.6E-02));
#1109 = DIRECTION('',(-0.,-0.,-1.));
#1110 = DIRECTION('',(0.,-1.,0.));
#1111 = DEFINITIONAL_REPRESENTATION('',(#1112),#1116);
#1112 = LINE('',#1113,#1114);
#1113 = CARTESIAN_POINT('',(0.,-1.556));
#1114 = VECTOR('',#1115,1.);
#1115 = DIRECTION('',(1.,0.));
#1116 = ( GEOMETRIC_REPRESENTATION_CONTEXT(2) 
PARAMETRIC_REPRESENTATION_CONTEXT() REPRESENTATION_CONTEXT('2D SPACE',''
  ) );
#1117 = FACE_BOUND('',#1118,.T.);
#1118 = EDGE_LOOP('',(#1119));
#1119 = ORIENTED_EDGE('',*,*,#1120,.T.);
#1120 = EDGE_CURVE('',#1121,#1121,#1123,.T.);
#1121 = VERTEX_POINT('',#1122);
#1122 = CARTESIAN_POINT('',(36.426062,-96.719329,1.51));
#1123 = SURFACE_CURVE('',#1124,(#1129,#1140),.PCURVE_S1.);
#1124 = CIRCLE('',#1125,1.7145);
#1125 = AXIS2_PLACEMENT_3D('',#1126,#1127,#1128);
#1126 = CARTESIAN_POINT('',(36.426062,-95.004829,1.51));
#1127 = DIRECTION('',(-0.,-0.,-1.));
#1128 = DIRECTION('',(0.,-1.,0.));
#1129 = PCURVE('',#73,#1130);
#1130 = DEFINITIONAL_REPRESENTATION('',(#1131),#1139);
#1131 = ( BOUNDED_CURVE() B_SPLINE_CURVE(2,(#1132,#1133,#1134,#1135,
#1136,#1137,#1138),.UNSPECIFIED.,.T.,.F.) B_SPLINE_CURVE_WITH_KNOTS((1,2
    ,2,2,2,1),(-2.094395102393,0.,2.094395102393,4.188790204786,
6.28318530718,8.377580409573),.UNSPECIFIED.) CURVE() 
GEOMETRIC_REPRESENTATION_ITEM() RATIONAL_B_SPLINE_CURVE((1.,0.5,1.,0.5,
1.,0.5,1.)) REPRESENTATION_ITEM('') );
#1132 = CARTESIAN_POINT('',(36.426062,-96.719329));
#1133 = CARTESIAN_POINT('',(33.456460890423,-96.719329));
#1134 = CARTESIAN_POINT('',(34.941261445212,-94.147579));
#1135 = CARTESIAN_POINT('',(36.426062,-91.575829));
#1136 = CARTESIAN_POINT('',(37.910862554788,-94.147579));
#1137 = CARTESIAN_POINT('',(39.395663109577,-96.719329));
#1138 = CARTESIAN_POINT('',(36.426062,-96.719329));
#1139 = ( GEOMETRIC_REPRESENTATION_CONTEXT(2) 
PARAMETRIC_REPRESENTATION_CONTEXT() REPRESENTATION_CONTEXT('2D SPACE',''
  ) );
#1140 = PCURVE('',#1141,#1146);
#1141 = CYLINDRICAL_SURFACE('',#1142,1.7145);
#1142 = AXIS2_PLACEMENT_3D('',#1143,#1144,#1145);
#1143 = CARTESIAN_POINT('',(36.426062,-95.004829,-4.6E-02));
#1144 = DIRECTION('',(-0.,-0.,-1.));
#1145 = DIRECTION('',(0.,-1.,0.));
#1146 = DEFINITIONAL_REPRESENTATION('',(#1147),#1151);
#1147 = LINE('',#1148,#1149);
#1148 = CARTESIAN_POINT('',(0.,-1.556));
#1149 = VECTOR('',#1150,1.);
#1150 = DIRECTION('',(1.,0.));
#1151 = ( GEOMETRIC_REPRESENTATION_CONTEXT(2) 
PARAMETRIC_REPRESENTATION_CONTEXT() REPRESENTATION_CONTEXT('2D SPACE',''
  ) );
#1152 = FACE_BOUND('',#1153,.T.);
#1153 = EDGE_LOOP('',(#1154));
#1154 = ORIENTED_EDGE('',*,*,#1155,.T.);
#1155 = EDGE_CURVE('',#1156,#1156,#1158,.T.);
#1156 = VERTEX_POINT('',#1157);
#1157 = CARTESIAN_POINT('',(41.738654,-94.432224,1.51));
#1158 = SURFACE_CURVE('',#1159,(#1164,#1175),.PCURVE_S1.);
#1159 = CIRCLE('',#1160,0.8509);
#1160 = AXIS2_PLACEMENT_3D('',#1161,#1162,#1163);
#1161 = CARTESIAN_POINT('',(41.738654,-93.581324,1.51));
#1162 = DIRECTION('',(-0.,-0.,-1.));
#1163 = DIRECTION('',(0.,-1.,0.));
#1164 = PCURVE('',#73,#1165);
#1165 = DEFINITIONAL_REPRESENTATION('',(#1166),#1174);
#1166 = ( BOUNDED_CURVE() B_SPLINE_CURVE(2,(#1167,#1168,#1169,#1170,
#1171,#1172,#1173),.UNSPECIFIED.,.T.,.F.) B_SPLINE_CURVE_WITH_KNOTS((1,2
    ,2,2,2,1),(-2.094395102393,0.,2.094395102393,4.188790204786,
6.28318530718,8.377580409573),.UNSPECIFIED.) CURVE() 
GEOMETRIC_REPRESENTATION_ITEM() RATIONAL_B_SPLINE_CURVE((1.,0.5,1.,0.5,
1.,0.5,1.)) REPRESENTATION_ITEM('') );
#1167 = CARTESIAN_POINT('',(41.738654,-94.432224));
#1168 = CARTESIAN_POINT('',(40.26485196784,-94.432224));
#1169 = CARTESIAN_POINT('',(41.00175298392,-93.155874));
#1170 = CARTESIAN_POINT('',(41.738654,-91.879524));
#1171 = CARTESIAN_POINT('',(42.47555501608,-93.155874));
#1172 = CARTESIAN_POINT('',(43.21245603216,-94.432224));
#1173 = CARTESIAN_POINT('',(41.738654,-94.432224));
#1174 = ( GEOMETRIC_REPRESENTATION_CONTEXT(2) 
PARAMETRIC_REPRESENTATION_CONTEXT() REPRESENTATION_CONTEXT('2D SPACE',''
  ) );
#1175 = PCURVE('',#1176,#1181);
#1176 = CYLINDRICAL_SURFACE('',#1177,0.8509);
#1177 = AXIS2_PLACEMENT_3D('',#1178,#1179,#1180);
#1178 = CARTESIAN_POINT('',(41.738654,-93.581324,-4.6E-02));
#1179 = DIRECTION('',(-0.,-0.,-1.));
#1180 = DIRECTION('',(0.,-1.,0.));
#1181 = DEFINITIONAL_REPRESENTATION('',(#1182),#1186);
#1182 = LINE('',#1183,#1184);
#1183 = CARTESIAN_POINT('',(0.,-1.556));
#1184 = VECTOR('',#1185,1.);
#1185 = DIRECTION('',(1.,0.));
#1186 = ( GEOMETRIC_REPRESENTATION_CONTEXT(2) 
PARAMETRIC_REPRESENTATION_CONTEXT() REPRESENTATION_CONTEXT('2D SPACE',''
  ) );
#1187 = FACE_BOUND('',#1188,.T.);
#1188 = EDGE_LOOP('',(#1189));
#1189 = ORIENTED_EDGE('',*,*,#1190,.T.);
#1190 = EDGE_CURVE('',#1191,#1191,#1193,.T.);
#1191 = VERTEX_POINT('',#1192);
#1192 = CARTESIAN_POINT('',(28.180021,-84.183703,1.51));
#1193 = SURFACE_CURVE('',#1194,(#1199,#1210),.PCURVE_S1.);
#1194 = CIRCLE('',#1195,0.635);
#1195 = AXIS2_PLACEMENT_3D('',#1196,#1197,#1198);
#1196 = CARTESIAN_POINT('',(28.180021,-83.548703,1.51));
#1197 = DIRECTION('',(-0.,-0.,-1.));
#1198 = DIRECTION('',(0.,-1.,0.));
#1199 = PCURVE('',#73,#1200);
#1200 = DEFINITIONAL_REPRESENTATION('',(#1201),#1209);
#1201 = ( BOUNDED_CURVE() B_SPLINE_CURVE(2,(#1202,#1203,#1204,#1205,
#1206,#1207,#1208),.UNSPECIFIED.,.T.,.F.) B_SPLINE_CURVE_WITH_KNOTS((1,2
    ,2,2,2,1),(-2.094395102393,0.,2.094395102393,4.188790204786,
6.28318530718,8.377580409573),.UNSPECIFIED.) CURVE() 
GEOMETRIC_REPRESENTATION_ITEM() RATIONAL_B_SPLINE_CURVE((1.,0.5,1.,0.5,
1.,0.5,1.)) REPRESENTATION_ITEM('') );
#1202 = CARTESIAN_POINT('',(28.180021,-84.183703));
#1203 = CARTESIAN_POINT('',(27.080168737194,-84.183703));
#1204 = CARTESIAN_POINT('',(27.630094868597,-83.231203));
#1205 = CARTESIAN_POINT('',(28.180021,-82.278703));
#1206 = CARTESIAN_POINT('',(28.729947131403,-83.231203));
#1207 = CARTESIAN_POINT('',(29.279873262806,-84.183703));
#1208 = CARTESIAN_POINT('',(28.180021,-84.183703));
#1209 = ( GEOMETRIC_REPRESENTATION_CONTEXT(2) 
PARAMETRIC_REPRESENTATION_CONTEXT() REPRESENTATION_CONTEXT('2D SPACE',''
  ) );
#1210 = PCURVE('',#1211,#1216);
#1211 = CYLINDRICAL_SURFACE('',#1212,0.635);
#1212 = AXIS2_PLACEMENT_3D('',#1213,#1214,#1215);
#1213 = CARTESIAN_POINT('',(28.180021,-83.548703,-4.6E-02));
#1214 = DIRECTION('',(-0.,-0.,-1.));
#1215 = DIRECTION('',(0.,-1.,0.));
#1216 = DEFINITIONAL_REPRESENTATION('',(#1217),#1221);
#1217 = LINE('',#1218,#1219);
#1218 = CARTESIAN_POINT('',(0.,-1.556));
#1219 = VECTOR('',#1220,1.);
#1220 = DIRECTION('',(1.,0.));
#1221 = ( GEOMETRIC_REPRESENTATION_CONTEXT(2) 
PARAMETRIC_REPRESENTATION_CONTEXT() REPRESENTATION_CONTEXT('2D SPACE',''
  ) );
#1222 = FACE_BOUND('',#1223,.T.);
#1223 = EDGE_LOOP('',(#1224));
#1224 = ORIENTED_EDGE('',*,*,#1225,.T.);
#1225 = EDGE_CURVE('',#1226,#1226,#1228,.T.);
#1226 = VERTEX_POINT('',#1227);
#1227 = CARTESIAN_POINT('',(33.55317,-84.918052,1.51));
#1228 = SURFACE_CURVE('',#1229,(#1234,#1245),.PCURVE_S1.);
#1229 = CIRCLE('',#1230,0.635);
#1230 = AXIS2_PLACEMENT_3D('',#1231,#1232,#1233);
#1231 = CARTESIAN_POINT('',(33.55317,-84.283052,1.51));
#1232 = DIRECTION('',(-0.,-0.,-1.));
#1233 = DIRECTION('',(0.,-1.,0.));
#1234 = PCURVE('',#73,#1235);
#1235 = DEFINITIONAL_REPRESENTATION('',(#1236),#1244);
#1236 = ( BOUNDED_CURVE() B_SPLINE_CURVE(2,(#1237,#1238,#1239,#1240,
#1241,#1242,#1243),.UNSPECIFIED.,.T.,.F.) B_SPLINE_CURVE_WITH_KNOTS((1,2
    ,2,2,2,1),(-2.094395102393,0.,2.094395102393,4.188790204786,
6.28318530718,8.377580409573),.UNSPECIFIED.) CURVE() 
GEOMETRIC_REPRESENTATION_ITEM() RATIONAL_B_SPLINE_CURVE((1.,0.5,1.,0.5,
1.,0.5,1.)) REPRESENTATION_ITEM('') );
#1237 = CARTESIAN_POINT('',(33.55317,-84.918052));
#1238 = CARTESIAN_POINT('',(32.453317737194,-84.918052));
#1239 = CARTESIAN_POINT('',(33.003243868597,-83.965552));
#1240 = CARTESIAN_POINT('',(33.55317,-83.013052));
#1241 = CARTESIAN_POINT('',(34.103096131403,-83.965552));
#1242 = CARTESIAN_POINT('',(34.653022262806,-84.918052));
#1243 = CARTESIAN_POINT('',(33.55317,-84.918052));
#1244 = ( GEOMETRIC_REPRESENTATION_CONTEXT(2) 
PARAMETRIC_REPRESENTATION_CONTEXT() REPRESENTATION_CONTEXT('2D SPACE',''
  ) );
#1245 = PCURVE('',#1246,#1251);
#1246 = CYLINDRICAL_SURFACE('',#1247,0.635);
#1247 = AXIS2_PLACEMENT_3D('',#1248,#1249,#1250);
#1248 = CARTESIAN_POINT('',(33.55317,-84.283052,-4.6E-02));
#1249 = DIRECTION('',(-0.,-0.,-1.));
#1250 = DIRECTION('',(0.,-1.,0.));
#1251 = DEFINITIONAL_REPRESENTATION('',(#1252),#1256);
#1252 = LINE('',#1253,#1254);
#1253 = CARTESIAN_POINT('',(0.,-1.556));
#1254 = VECTOR('',#1255,1.);
#1255 = DIRECTION('',(1.,0.));
#1256 = ( GEOMETRIC_REPRESENTATION_CONTEXT(2) 
PARAMETRIC_REPRESENTATION_CONTEXT() REPRESENTATION_CONTEXT('2D SPACE',''
  ) );
#1257 = FACE_BOUND('',#1258,.T.);
#1258 = EDGE_LOOP('',(#1259));
#1259 = ORIENTED_EDGE('',*,*,#1260,.T.);
#1260 = EDGE_CURVE('',#1261,#1261,#1263,.T.);
#1261 = VERTEX_POINT('',#1262);
#1262 = CARTESIAN_POINT('',(40.381155,-90.092205,1.51));
#1263 = SURFACE_CURVE('',#1264,(#1269,#1280),.PCURVE_S1.);
#1264 = CIRCLE('',#1265,0.4953);
#1265 = AXIS2_PLACEMENT_3D('',#1266,#1267,#1268);
#1266 = CARTESIAN_POINT('',(40.381155,-89.596905,1.51));
#1267 = DIRECTION('',(-0.,-0.,-1.));
#1268 = DIRECTION('',(0.,-1.,0.));
#1269 = PCURVE('',#73,#1270);
#1270 = DEFINITIONAL_REPRESENTATION('',(#1271),#1279);
#1271 = ( BOUNDED_CURVE() B_SPLINE_CURVE(2,(#1272,#1273,#1274,#1275,
#1276,#1277,#1278),.UNSPECIFIED.,.T.,.F.) B_SPLINE_CURVE_WITH_KNOTS((1,2
    ,2,2,2,1),(-2.094395102393,0.,2.094395102393,4.188790204786,
6.28318530718,8.377580409573),.UNSPECIFIED.) CURVE() 
GEOMETRIC_REPRESENTATION_ITEM() RATIONAL_B_SPLINE_CURVE((1.,0.5,1.,0.5,
1.,0.5,1.)) REPRESENTATION_ITEM('') );
#1272 = CARTESIAN_POINT('',(40.381155,-90.092205));
#1273 = CARTESIAN_POINT('',(39.523270235011,-90.092205));
#1274 = CARTESIAN_POINT('',(39.952212617506,-89.349255));
#1275 = CARTESIAN_POINT('',(40.381155,-88.606305));
#1276 = CARTESIAN_POINT('',(40.810097382494,-89.349255));
#1277 = CARTESIAN_POINT('',(41.239039764989,-90.092205));
#1278 = CARTESIAN_POINT('',(40.381155,-90.092205));
#1279 = ( GEOMETRIC_REPRESENTATION_CONTEXT(2) 
PARAMETRIC_REPRESENTATION_CONTEXT() REPRESENTATION_CONTEXT('2D SPACE',''
  ) );
#1280 = PCURVE('',#1281,#1286);
#1281 = CYLINDRICAL_SURFACE('',#1282,0.4953);
#1282 = AXIS2_PLACEMENT_3D('',#1283,#1284,#1285);
#1283 = CARTESIAN_POINT('',(40.381155,-89.596905,-4.6E-02));
#1284 = DIRECTION('',(-0.,-0.,-1.));
#1285 = DIRECTION('',(0.,-1.,0.));
#1286 = DEFINITIONAL_REPRESENTATION('',(#1287),#1291);
#1287 = LINE('',#1288,#1289);
#1288 = CARTESIAN_POINT('',(0.,-1.556));
#1289 = VECTOR('',#1290,1.);
#1290 = DIRECTION('',(1.,0.));
#1291 = ( GEOMETRIC_REPRESENTATION_CONTEXT(2) 
PARAMETRIC_REPRESENTATION_CONTEXT() REPRESENTATION_CONTEXT('2D SPACE',''
  ) );
#1292 = FACE_BOUND('',#1293,.T.);
#1293 = EDGE_LOOP('',(#1294));
#1294 = ORIENTED_EDGE('',*,*,#1295,.T.);
#1295 = EDGE_CURVE('',#1296,#1296,#1298,.T.);
#1296 = VERTEX_POINT('',#1297);
#1297 = CARTESIAN_POINT('',(26.713546,-80.858495,1.51));
#1298 = SURFACE_CURVE('',#1299,(#1304,#1315),.PCURVE_S1.);
#1299 = CIRCLE('',#1300,0.8509);
#1300 = AXIS2_PLACEMENT_3D('',#1301,#1302,#1303);
#1301 = CARTESIAN_POINT('',(26.713546,-80.007595,1.51));
#1302 = DIRECTION('',(-0.,-0.,-1.));
#1303 = DIRECTION('',(0.,-1.,0.));
#1304 = PCURVE('',#73,#1305);
#1305 = DEFINITIONAL_REPRESENTATION('',(#1306),#1314);
#1306 = ( BOUNDED_CURVE() B_SPLINE_CURVE(2,(#1307,#1308,#1309,#1310,
#1311,#1312,#1313),.UNSPECIFIED.,.T.,.F.) B_SPLINE_CURVE_WITH_KNOTS((1,2
    ,2,2,2,1),(-2.094395102393,0.,2.094395102393,4.188790204786,
6.28318530718,8.377580409573),.UNSPECIFIED.) CURVE() 
GEOMETRIC_REPRESENTATION_ITEM() RATIONAL_B_SPLINE_CURVE((1.,0.5,1.,0.5,
1.,0.5,1.)) REPRESENTATION_ITEM('') );
#1307 = CARTESIAN_POINT('',(26.713546,-80.858495));
#1308 = CARTESIAN_POINT('',(25.23974396784,-80.858495));
#1309 = CARTESIAN_POINT('',(25.97664498392,-79.582145));
#1310 = CARTESIAN_POINT('',(26.713546,-78.305795));
#1311 = CARTESIAN_POINT('',(27.45044701608,-79.582145));
#1312 = CARTESIAN_POINT('',(28.18734803216,-80.858495));
#1313 = CARTESIAN_POINT('',(26.713546,-80.858495));
#1314 = ( GEOMETRIC_REPRESENTATION_CONTEXT(2) 
PARAMETRIC_REPRESENTATION_CONTEXT() REPRESENTATION_CONTEXT('2D SPACE',''
  ) );
#1315 = PCURVE('',#1316,#1321);
#1316 = CYLINDRICAL_SURFACE('',#1317,0.8509);
#1317 = AXIS2_PLACEMENT_3D('',#1318,#1319,#1320);
#1318 = CARTESIAN_POINT('',(26.713546,-80.007595,-4.6E-02));
#1319 = DIRECTION('',(-0.,-0.,-1.));
#1320 = DIRECTION('',(0.,-1.,0.));
#1321 = DEFINITIONAL_REPRESENTATION('',(#1322),#1326);
#1322 = LINE('',#1323,#1324);
#1323 = CARTESIAN_POINT('',(0.,-1.556));
#1324 = VECTOR('',#1325,1.);
#1325 = DIRECTION('',(1.,0.));
#1326 = ( GEOMETRIC_REPRESENTATION_CONTEXT(2) 
PARAMETRIC_REPRESENTATION_CONTEXT() REPRESENTATION_CONTEXT('2D SPACE',''
  ) );
#1327 = FACE_BOUND('',#1328,.T.);
#1328 = EDGE_LOOP('',(#1329));
#1329 = ORIENTED_EDGE('',*,*,#1330,.T.);
#1330 = EDGE_CURVE('',#1331,#1331,#1333,.T.);
#1331 = VERTEX_POINT('',#1332);
#1332 = CARTESIAN_POINT('',(32.026138,-80.29859,1.51));
#1333 = SURFACE_CURVE('',#1334,(#1339,#1350),.PCURVE_S1.);
#1334 = CIRCLE('',#1335,1.7145);
#1335 = AXIS2_PLACEMENT_3D('',#1336,#1337,#1338);
#1336 = CARTESIAN_POINT('',(32.026138,-78.58409,1.51));
#1337 = DIRECTION('',(0.,-0.,-1.));
#1338 = DIRECTION('',(4.144314585944E-15,-1.,0.));
#1339 = PCURVE('',#73,#1340);
#1340 = DEFINITIONAL_REPRESENTATION('',(#1341),#1349);
#1341 = ( BOUNDED_CURVE() B_SPLINE_CURVE(2,(#1342,#1343,#1344,#1345,
#1346,#1347,#1348),.UNSPECIFIED.,.T.,.F.) B_SPLINE_CURVE_WITH_KNOTS((1,2
    ,2,2,2,1),(-2.094395102393,0.,2.094395102393,4.188790204786,
6.28318530718,8.377580409573),.UNSPECIFIED.) CURVE() 
GEOMETRIC_REPRESENTATION_ITEM() RATIONAL_B_SPLINE_CURVE((1.,0.5,1.,0.5,
1.,0.5,1.)) REPRESENTATION_ITEM('') );
#1342 = CARTESIAN_POINT('',(32.026138,-80.29859));
#1343 = CARTESIAN_POINT('',(29.056536890423,-80.29859));
#1344 = CARTESIAN_POINT('',(30.541337445212,-77.72684));
#1345 = CARTESIAN_POINT('',(32.026138,-75.15509));
#1346 = CARTESIAN_POINT('',(33.510938554788,-77.72684));
#1347 = CARTESIAN_POINT('',(34.995739109577,-80.29859));
#1348 = CARTESIAN_POINT('',(32.026138,-80.29859));
#1349 = ( GEOMETRIC_REPRESENTATION_CONTEXT(2) 
PARAMETRIC_REPRESENTATION_CONTEXT() REPRESENTATION_CONTEXT('2D SPACE',''
  ) );
#1350 = PCURVE('',#1351,#1356);
#1351 = CYLINDRICAL_SURFACE('',#1352,1.7145);
#1352 = AXIS2_PLACEMENT_3D('',#1353,#1354,#1355);
#1353 = CARTESIAN_POINT('',(32.026138,-78.58409,-4.6E-02));
#1354 = DIRECTION('',(0.,0.,-1.));
#1355 = DIRECTION('',(4.144314585944E-15,-1.,0.));
#1356 = DEFINITIONAL_REPRESENTATION('',(#1357),#1361);
#1357 = LINE('',#1358,#1359);
#1358 = CARTESIAN_POINT('',(0.,-1.556));
#1359 = VECTOR('',#1360,1.);
#1360 = DIRECTION('',(1.,0.));
#1361 = ( GEOMETRIC_REPRESENTATION_CONTEXT(2) 
PARAMETRIC_REPRESENTATION_CONTEXT() REPRESENTATION_CONTEXT('2D SPACE',''
  ) );
#1362 = FACE_BOUND('',#1363,.T.);
#1363 = EDGE_LOOP('',(#1364));
#1364 = ORIENTED_EDGE('',*,*,#1365,.T.);
#1365 = EDGE_CURVE('',#1366,#1366,#1368,.T.);
#1366 = VERTEX_POINT('',#1367);
#1367 = CARTESIAN_POINT('',(25.896965,-76.373537,1.51));
#1368 = SURFACE_CURVE('',#1369,(#1374,#1385),.PCURVE_S1.);
#1369 = CIRCLE('',#1370,0.4953);
#1370 = AXIS2_PLACEMENT_3D('',#1371,#1372,#1373);
#1371 = CARTESIAN_POINT('',(25.896965,-75.878237,1.51));
#1372 = DIRECTION('',(-0.,-0.,-1.));
#1373 = DIRECTION('',(0.,-1.,0.));
#1374 = PCURVE('',#73,#1375);
#1375 = DEFINITIONAL_REPRESENTATION('',(#1376),#1384);
#1376 = ( BOUNDED_CURVE() B_SPLINE_CURVE(2,(#1377,#1378,#1379,#1380,
#1381,#1382,#1383),.UNSPECIFIED.,.T.,.F.) B_SPLINE_CURVE_WITH_KNOTS((1,2
    ,2,2,2,1),(-2.094395102393,0.,2.094395102393,4.188790204786,
6.28318530718,8.377580409573),.UNSPECIFIED.) CURVE() 
GEOMETRIC_REPRESENTATION_ITEM() RATIONAL_B_SPLINE_CURVE((1.,0.5,1.,0.5,
1.,0.5,1.)) REPRESENTATION_ITEM('') );
#1377 = CARTESIAN_POINT('',(25.896965,-76.373537));
#1378 = CARTESIAN_POINT('',(25.039080235011,-76.373537));
#1379 = CARTESIAN_POINT('',(25.468022617506,-75.630587));
#1380 = CARTESIAN_POINT('',(25.896965,-74.887637));
#1381 = CARTESIAN_POINT('',(26.325907382494,-75.630587));
#1382 = CARTESIAN_POINT('',(26.754849764989,-76.373537));
#1383 = CARTESIAN_POINT('',(25.896965,-76.373537));
#1384 = ( GEOMETRIC_REPRESENTATION_CONTEXT(2) 
PARAMETRIC_REPRESENTATION_CONTEXT() REPRESENTATION_CONTEXT('2D SPACE',''
  ) );
#1385 = PCURVE('',#1386,#1391);
#1386 = CYLINDRICAL_SURFACE('',#1387,0.4953);
#1387 = AXIS2_PLACEMENT_3D('',#1388,#1389,#1390);
#1388 = CARTESIAN_POINT('',(25.896965,-75.878237,-4.6E-02));
#1389 = DIRECTION('',(-0.,-0.,-1.));
#1390 = DIRECTION('',(0.,-1.,0.));
#1391 = DEFINITIONAL_REPRESENTATION('',(#1392),#1396);
#1392 = LINE('',#1393,#1394);
#1393 = CARTESIAN_POINT('',(0.,-1.556));
#1394 = VECTOR('',#1395,1.);
#1395 = DIRECTION('',(1.,0.));
#1396 = ( GEOMETRIC_REPRESENTATION_CONTEXT(2) 
PARAMETRIC_REPRESENTATION_CONTEXT() REPRESENTATION_CONTEXT('2D SPACE',''
  ) );
#1397 = FACE_BOUND('',#1398,.T.);
#1398 = EDGE_LOOP('',(#1399));
#1399 = ORIENTED_EDGE('',*,*,#1400,.T.);
#1400 = EDGE_CURVE('',#1401,#1401,#1403,.T.);
#1401 = VERTEX_POINT('',#1402);
#1402 = CARTESIAN_POINT('',(37.33873,-78.011485,1.51));
#1403 = SURFACE_CURVE('',#1404,(#1409,#1420),.PCURVE_S1.);
#1404 = CIRCLE('',#1405,0.8509);
#1405 = AXIS2_PLACEMENT_3D('',#1406,#1407,#1408);
#1406 = CARTESIAN_POINT('',(37.33873,-77.160585,1.51));
#1407 = DIRECTION('',(-0.,-0.,-1.));
#1408 = DIRECTION('',(0.,-1.,0.));
#1409 = PCURVE('',#73,#1410);
#1410 = DEFINITIONAL_REPRESENTATION('',(#1411),#1419);
#1411 = ( BOUNDED_CURVE() B_SPLINE_CURVE(2,(#1412,#1413,#1414,#1415,
#1416,#1417,#1418),.UNSPECIFIED.,.T.,.F.) B_SPLINE_CURVE_WITH_KNOTS((1,2
    ,2,2,2,1),(-2.094395102393,0.,2.094395102393,4.188790204786,
6.28318530718,8.377580409573),.UNSPECIFIED.) CURVE() 
GEOMETRIC_REPRESENTATION_ITEM() RATIONAL_B_SPLINE_CURVE((1.,0.5,1.,0.5,
1.,0.5,1.)) REPRESENTATION_ITEM('') );
#1412 = CARTESIAN_POINT('',(37.33873,-78.011485));
#1413 = CARTESIAN_POINT('',(35.86492796784,-78.011485));
#1414 = CARTESIAN_POINT('',(36.60182898392,-76.735135));
#1415 = CARTESIAN_POINT('',(37.33873,-75.458785));
#1416 = CARTESIAN_POINT('',(38.07563101608,-76.735135));
#1417 = CARTESIAN_POINT('',(38.81253203216,-78.011485));
#1418 = CARTESIAN_POINT('',(37.33873,-78.011485));
#1419 = ( GEOMETRIC_REPRESENTATION_CONTEXT(2) 
PARAMETRIC_REPRESENTATION_CONTEXT() REPRESENTATION_CONTEXT('2D SPACE',''
  ) );
#1420 = PCURVE('',#1421,#1426);
#1421 = CYLINDRICAL_SURFACE('',#1422,0.8509);
#1422 = AXIS2_PLACEMENT_3D('',#1423,#1424,#1425);
#1423 = CARTESIAN_POINT('',(37.33873,-77.160585,-4.6E-02));
#1424 = DIRECTION('',(-0.,-0.,-1.));
#1425 = DIRECTION('',(0.,-1.,0.));
#1426 = DEFINITIONAL_REPRESENTATION('',(#1427),#1431);
#1427 = LINE('',#1428,#1429);
#1428 = CARTESIAN_POINT('',(0.,-1.556));
#1429 = VECTOR('',#1430,1.);
#1430 = DIRECTION('',(1.,0.));
#1431 = ( GEOMETRIC_REPRESENTATION_CONTEXT(2) 
PARAMETRIC_REPRESENTATION_CONTEXT() REPRESENTATION_CONTEXT('2D SPACE',''
  ) );
#1432 = FACE_BOUND('',#1433,.T.);
#1433 = EDGE_LOOP('',(#1434));
#1434 = ORIENTED_EDGE('',*,*,#1435,.T.);
#1435 = EDGE_CURVE('',#1436,#1436,#1438,.T.);
#1436 = VERTEX_POINT('',#1437);
#1437 = CARTESIAN_POINT('',(46.856386,-81.187866,1.51));
#1438 = SURFACE_CURVE('',#1439,(#1444,#1455),.PCURVE_S1.);
#1439 = CIRCLE('',#1440,0.635);
#1440 = AXIS2_PLACEMENT_3D('',#1441,#1442,#1443);
#1441 = CARTESIAN_POINT('',(46.856386,-80.552866,1.51));
#1442 = DIRECTION('',(-0.,-0.,-1.));
#1443 = DIRECTION('',(0.,-1.,0.));
#1444 = PCURVE('',#73,#1445);
#1445 = DEFINITIONAL_REPRESENTATION('',(#1446),#1454);
#1446 = ( BOUNDED_CURVE() B_SPLINE_CURVE(2,(#1447,#1448,#1449,#1450,
#1451,#1452,#1453),.UNSPECIFIED.,.T.,.F.) B_SPLINE_CURVE_WITH_KNOTS((1,2
    ,2,2,2,1),(-2.094395102393,0.,2.094395102393,4.188790204786,
6.28318530718,8.377580409573),.UNSPECIFIED.) CURVE() 
GEOMETRIC_REPRESENTATION_ITEM() RATIONAL_B_SPLINE_CURVE((1.,0.5,1.,0.5,
1.,0.5,1.)) REPRESENTATION_ITEM('') );
#1447 = CARTESIAN_POINT('',(46.856386,-81.187866));
#1448 = CARTESIAN_POINT('',(45.756533737194,-81.187866));
#1449 = CARTESIAN_POINT('',(46.306459868597,-80.235366));
#1450 = CARTESIAN_POINT('',(46.856386,-79.282866));
#1451 = CARTESIAN_POINT('',(47.406312131403,-80.235366));
#1452 = CARTESIAN_POINT('',(47.956238262806,-81.187866));
#1453 = CARTESIAN_POINT('',(46.856386,-81.187866));
#1454 = ( GEOMETRIC_REPRESENTATION_CONTEXT(2) 
PARAMETRIC_REPRESENTATION_CONTEXT() REPRESENTATION_CONTEXT('2D SPACE',''
  ) );
#1455 = PCURVE('',#1456,#1461);
#1456 = CYLINDRICAL_SURFACE('',#1457,0.635);
#1457 = AXIS2_PLACEMENT_3D('',#1458,#1459,#1460);
#1458 = CARTESIAN_POINT('',(46.856386,-80.552866,-4.6E-02));
#1459 = DIRECTION('',(-0.,-0.,-1.));
#1460 = DIRECTION('',(0.,-1.,0.));
#1461 = DEFINITIONAL_REPRESENTATION('',(#1462),#1466);
#1462 = LINE('',#1463,#1464);
#1463 = CARTESIAN_POINT('',(0.,-1.556));
#1464 = VECTOR('',#1465,1.);
#1465 = DIRECTION('',(1.,0.));
#1466 = ( GEOMETRIC_REPRESENTATION_CONTEXT(2) 
PARAMETRIC_REPRESENTATION_CONTEXT() REPRESENTATION_CONTEXT('2D SPACE',''
  ) );
#1467 = FACE_BOUND('',#1468,.T.);
#1468 = EDGE_LOOP('',(#1469));
#1469 = ORIENTED_EDGE('',*,*,#1470,.T.);
#1470 = EDGE_CURVE('',#1471,#1471,#1473,.T.);
#1471 = VERTEX_POINT('',#1472);
#1472 = CARTESIAN_POINT('',(46.09253,-77.647901,1.51));
#1473 = SURFACE_CURVE('',#1474,(#1479,#1490),.PCURVE_S1.);
#1474 = CIRCLE('',#1475,0.8509);
#1475 = AXIS2_PLACEMENT_3D('',#1476,#1477,#1478);
#1476 = CARTESIAN_POINT('',(46.09253,-76.797001,1.51));
#1477 = DIRECTION('',(-0.,-0.,-1.));
#1478 = DIRECTION('',(0.,-1.,0.));
#1479 = PCURVE('',#73,#1480);
#1480 = DEFINITIONAL_REPRESENTATION('',(#1481),#1489);
#1481 = ( BOUNDED_CURVE() B_SPLINE_CURVE(2,(#1482,#1483,#1484,#1485,
#1486,#1487,#1488),.UNSPECIFIED.,.T.,.F.) B_SPLINE_CURVE_WITH_KNOTS((1,2
    ,2,2,2,1),(-2.094395102393,0.,2.094395102393,4.188790204786,
6.28318530718,8.377580409573),.UNSPECIFIED.) CURVE() 
GEOMETRIC_REPRESENTATION_ITEM() RATIONAL_B_SPLINE_CURVE((1.,0.5,1.,0.5,
1.,0.5,1.)) REPRESENTATION_ITEM('') );
#1482 = CARTESIAN_POINT('',(46.09253,-77.647901));
#1483 = CARTESIAN_POINT('',(44.61872796784,-77.647901));
#1484 = CARTESIAN_POINT('',(45.35562898392,-76.371551));
#1485 = CARTESIAN_POINT('',(46.09253,-75.095201));
#1486 = CARTESIAN_POINT('',(46.82943101608,-76.371551));
#1487 = CARTESIAN_POINT('',(47.56633203216,-77.647901));
#1488 = CARTESIAN_POINT('',(46.09253,-77.647901));
#1489 = ( GEOMETRIC_REPRESENTATION_CONTEXT(2) 
PARAMETRIC_REPRESENTATION_CONTEXT() REPRESENTATION_CONTEXT('2D SPACE',''
  ) );
#1490 = PCURVE('',#1491,#1496);
#1491 = CYLINDRICAL_SURFACE('',#1492,0.8509);
#1492 = AXIS2_PLACEMENT_3D('',#1493,#1494,#1495);
#1493 = CARTESIAN_POINT('',(46.09253,-76.797001,-4.6E-02));
#1494 = DIRECTION('',(-0.,-0.,-1.));
#1495 = DIRECTION('',(0.,-1.,0.));
#1496 = DEFINITIONAL_REPRESENTATION('',(#1497),#1501);
#1497 = LINE('',#1498,#1499);
#1498 = CARTESIAN_POINT('',(0.,-1.556));
#1499 = VECTOR('',#1500,1.);
#1500 = DIRECTION('',(1.,0.));
#1501 = ( GEOMETRIC_REPRESENTATION_CONTEXT(2) 
PARAMETRIC_REPRESENTATION_CONTEXT() REPRESENTATION_CONTEXT('2D SPACE',''
  ) );
#1502 = FACE_BOUND('',#1503,.T.);
#1503 = EDGE_LOOP('',(#1504));
#1504 = ORIENTED_EDGE('',*,*,#1505,.T.);
#1505 = EDGE_CURVE('',#1506,#1506,#1508,.T.);
#1506 = VERTEX_POINT('',#1507);
#1507 = CARTESIAN_POINT('',(35.981231,-73.671466,1.51));
#1508 = SURFACE_CURVE('',#1509,(#1514,#1525),.PCURVE_S1.);
#1509 = CIRCLE('',#1510,0.4953);
#1510 = AXIS2_PLACEMENT_3D('',#1511,#1512,#1513);
#1511 = CARTESIAN_POINT('',(35.981231,-73.176166,1.51));
#1512 = DIRECTION('',(-0.,-0.,-1.));
#1513 = DIRECTION('',(0.,-1.,0.));
#1514 = PCURVE('',#73,#1515);
#1515 = DEFINITIONAL_REPRESENTATION('',(#1516),#1524);
#1516 = ( BOUNDED_CURVE() B_SPLINE_CURVE(2,(#1517,#1518,#1519,#1520,
#1521,#1522,#1523),.UNSPECIFIED.,.T.,.F.) B_SPLINE_CURVE_WITH_KNOTS((1,2
    ,2,2,2,1),(-2.094395102393,0.,2.094395102393,4.188790204786,
6.28318530718,8.377580409573),.UNSPECIFIED.) CURVE() 
GEOMETRIC_REPRESENTATION_ITEM() RATIONAL_B_SPLINE_CURVE((1.,0.5,1.,0.5,
1.,0.5,1.)) REPRESENTATION_ITEM('') );
#1517 = CARTESIAN_POINT('',(35.981231,-73.671466));
#1518 = CARTESIAN_POINT('',(35.123346235011,-73.671466));
#1519 = CARTESIAN_POINT('',(35.552288617506,-72.928516));
#1520 = CARTESIAN_POINT('',(35.981231,-72.185566));
#1521 = CARTESIAN_POINT('',(36.410173382494,-72.928516));
#1522 = CARTESIAN_POINT('',(36.839115764989,-73.671466));
#1523 = CARTESIAN_POINT('',(35.981231,-73.671466));
#1524 = ( GEOMETRIC_REPRESENTATION_CONTEXT(2) 
PARAMETRIC_REPRESENTATION_CONTEXT() REPRESENTATION_CONTEXT('2D SPACE',''
  ) );
#1525 = PCURVE('',#1526,#1531);
#1526 = CYLINDRICAL_SURFACE('',#1527,0.4953);
#1527 = AXIS2_PLACEMENT_3D('',#1528,#1529,#1530);
#1528 = CARTESIAN_POINT('',(35.981231,-73.176166,-4.6E-02));
#1529 = DIRECTION('',(-0.,-0.,-1.));
#1530 = DIRECTION('',(0.,-1.,0.));
#1531 = DEFINITIONAL_REPRESENTATION('',(#1532),#1536);
#1532 = LINE('',#1533,#1534);
#1533 = CARTESIAN_POINT('',(0.,-1.556));
#1534 = VECTOR('',#1535,1.);
#1535 = DIRECTION('',(1.,0.));
#1536 = ( GEOMETRIC_REPRESENTATION_CONTEXT(2) 
PARAMETRIC_REPRESENTATION_CONTEXT() REPRESENTATION_CONTEXT('2D SPACE',''
  ) );
#1537 = FACE_BOUND('',#1538,.T.);
#1538 = EDGE_LOOP('',(#1539));
#1539 = ORIENTED_EDGE('',*,*,#1540,.T.);
#1540 = EDGE_CURVE('',#1541,#1541,#1543,.T.);
#1541 = VERTEX_POINT('',#1542);
#1542 = CARTESIAN_POINT('',(46.07887,-73.083,1.51));
#1543 = SURFACE_CURVE('',#1544,(#1549,#1560),.PCURVE_S1.);
#1544 = CIRCLE('',#1545,0.4953);
#1545 = AXIS2_PLACEMENT_3D('',#1546,#1547,#1548);
#1546 = CARTESIAN_POINT('',(46.07887,-72.5877,1.51));
#1547 = DIRECTION('',(-0.,-0.,-1.));
#1548 = DIRECTION('',(0.,-1.,0.));
#1549 = PCURVE('',#73,#1550);
#1550 = DEFINITIONAL_REPRESENTATION('',(#1551),#1559);
#1551 = ( BOUNDED_CURVE() B_SPLINE_CURVE(2,(#1552,#1553,#1554,#1555,
#1556,#1557,#1558),.UNSPECIFIED.,.T.,.F.) B_SPLINE_CURVE_WITH_KNOTS((1,2
    ,2,2,2,1),(-2.094395102393,0.,2.094395102393,4.188790204786,
6.28318530718,8.377580409573),.UNSPECIFIED.) CURVE() 
GEOMETRIC_REPRESENTATION_ITEM() RATIONAL_B_SPLINE_CURVE((1.,0.5,1.,0.5,
1.,0.5,1.)) REPRESENTATION_ITEM('') );
#1552 = CARTESIAN_POINT('',(46.07887,-73.083));
#1553 = CARTESIAN_POINT('',(45.220985235011,-73.083));
#1554 = CARTESIAN_POINT('',(45.649927617506,-72.34005));
#1555 = CARTESIAN_POINT('',(46.07887,-71.5971));
#1556 = CARTESIAN_POINT('',(46.507812382494,-72.34005));
#1557 = CARTESIAN_POINT('',(46.936754764989,-73.083));
#1558 = CARTESIAN_POINT('',(46.07887,-73.083));
#1559 = ( GEOMETRIC_REPRESENTATION_CONTEXT(2) 
PARAMETRIC_REPRESENTATION_CONTEXT() REPRESENTATION_CONTEXT('2D SPACE',''
  ) );
#1560 = PCURVE('',#1561,#1566);
#1561 = CYLINDRICAL_SURFACE('',#1562,0.4953);
#1562 = AXIS2_PLACEMENT_3D('',#1563,#1564,#1565);
#1563 = CARTESIAN_POINT('',(46.07887,-72.5877,-4.6E-02));
#1564 = DIRECTION('',(-0.,-0.,-1.));
#1565 = DIRECTION('',(0.,-1.,0.));
#1566 = DEFINITIONAL_REPRESENTATION('',(#1567),#1571);
#1567 = LINE('',#1568,#1569);
#1568 = CARTESIAN_POINT('',(0.,-1.556));
#1569 = VECTOR('',#1570,1.);
#1570 = DIRECTION('',(1.,0.));
#1571 = ( GEOMETRIC_REPRESENTATION_CONTEXT(2) 
PARAMETRIC_REPRESENTATION_CONTEXT() REPRESENTATION_CONTEXT('2D SPACE',''
  ) );
#1572 = FACE_BOUND('',#1573,.T.);
#1573 = EDGE_LOOP('',(#1574));
#1574 = ORIENTED_EDGE('',*,*,#1575,.T.);
#1575 = EDGE_CURVE('',#1576,#1576,#1578,.T.);
#1576 = VERTEX_POINT('',#1577);
#1577 = CARTESIAN_POINT('',(51.990695,-82.933968,1.51));
#1578 = SURFACE_CURVE('',#1579,(#1584,#1595),.PCURVE_S1.);
#1579 = CIRCLE('',#1580,0.635);
#1580 = AXIS2_PLACEMENT_3D('',#1581,#1582,#1583);
#1581 = CARTESIAN_POINT('',(51.990695,-82.298968,1.51));
#1582 = DIRECTION('',(-0.,-0.,-1.));
#1583 = DIRECTION('',(0.,-1.,0.));
#1584 = PCURVE('',#73,#1585);
#1585 = DEFINITIONAL_REPRESENTATION('',(#1586),#1594);
#1586 = ( BOUNDED_CURVE() B_SPLINE_CURVE(2,(#1587,#1588,#1589,#1590,
#1591,#1592,#1593),.UNSPECIFIED.,.T.,.F.) B_SPLINE_CURVE_WITH_KNOTS((1,2
    ,2,2,2,1),(-2.094395102393,0.,2.094395102393,4.188790204786,
6.28318530718,8.377580409573),.UNSPECIFIED.) CURVE() 
GEOMETRIC_REPRESENTATION_ITEM() RATIONAL_B_SPLINE_CURVE((1.,0.5,1.,0.5,
1.,0.5,1.)) REPRESENTATION_ITEM('') );
#1587 = CARTESIAN_POINT('',(51.990695,-82.933968));
#1588 = CARTESIAN_POINT('',(50.890842737194,-82.933968));
#1589 = CARTESIAN_POINT('',(51.440768868597,-81.981468));
#1590 = CARTESIAN_POINT('',(51.990695,-81.028968));
#1591 = CARTESIAN_POINT('',(52.540621131403,-81.981468));
#1592 = CARTESIAN_POINT('',(53.090547262806,-82.933968));
#1593 = CARTESIAN_POINT('',(51.990695,-82.933968));
#1594 = ( GEOMETRIC_REPRESENTATION_CONTEXT(2) 
PARAMETRIC_REPRESENTATION_CONTEXT() REPRESENTATION_CONTEXT('2D SPACE',''
  ) );
#1595 = PCURVE('',#1596,#1601);
#1596 = CYLINDRICAL_SURFACE('',#1597,0.635);
#1597 = AXIS2_PLACEMENT_3D('',#1598,#1599,#1600);
#1598 = CARTESIAN_POINT('',(51.990695,-82.298968,-4.6E-02));
#1599 = DIRECTION('',(-0.,-0.,-1.));
#1600 = DIRECTION('',(0.,-1.,0.));
#1601 = DEFINITIONAL_REPRESENTATION('',(#1602),#1606);
#1602 = LINE('',#1603,#1604);
#1603 = CARTESIAN_POINT('',(0.,-1.556));
#1604 = VECTOR('',#1605,1.);
#1605 = DIRECTION('',(1.,0.));
#1606 = ( GEOMETRIC_REPRESENTATION_CONTEXT(2) 
PARAMETRIC_REPRESENTATION_CONTEXT() REPRESENTATION_CONTEXT('2D SPACE',''
  ) );
#1607 = FACE_BOUND('',#1608,.T.);
#1608 = EDGE_LOOP('',(#1609));
#1609 = ORIENTED_EDGE('',*,*,#1610,.T.);
#1610 = EDGE_CURVE('',#1611,#1611,#1613,.T.);
#1611 = VERTEX_POINT('',#1612);
#1612 = CARTESIAN_POINT('',(51.579132,-78.12784,1.51));
#1613 = SURFACE_CURVE('',#1614,(#1619,#1630),.PCURVE_S1.);
#1614 = CIRCLE('',#1615,1.7145);
#1615 = AXIS2_PLACEMENT_3D('',#1616,#1617,#1618);
#1616 = CARTESIAN_POINT('',(51.579132,-76.41334,1.51));
#1617 = DIRECTION('',(-0.,-0.,-1.));
#1618 = DIRECTION('',(0.,-1.,0.));
#1619 = PCURVE('',#73,#1620);
#1620 = DEFINITIONAL_REPRESENTATION('',(#1621),#1629);
#1621 = ( BOUNDED_CURVE() B_SPLINE_CURVE(2,(#1622,#1623,#1624,#1625,
#1626,#1627,#1628),.UNSPECIFIED.,.T.,.F.) B_SPLINE_CURVE_WITH_KNOTS((1,2
    ,2,2,2,1),(-2.094395102393,0.,2.094395102393,4.188790204786,
6.28318530718,8.377580409573),.UNSPECIFIED.) CURVE() 
GEOMETRIC_REPRESENTATION_ITEM() RATIONAL_B_SPLINE_CURVE((1.,0.5,1.,0.5,
1.,0.5,1.)) REPRESENTATION_ITEM('') );
#1622 = CARTESIAN_POINT('',(51.579132,-78.12784));
#1623 = CARTESIAN_POINT('',(48.609530890423,-78.12784));
#1624 = CARTESIAN_POINT('',(50.094331445212,-75.55609));
#1625 = CARTESIAN_POINT('',(51.579132,-72.98434));
#1626 = CARTESIAN_POINT('',(53.063932554788,-75.55609));
#1627 = CARTESIAN_POINT('',(54.548733109577,-78.12784));
#1628 = CARTESIAN_POINT('',(51.579132,-78.12784));
#1629 = ( GEOMETRIC_REPRESENTATION_CONTEXT(2) 
PARAMETRIC_REPRESENTATION_CONTEXT() REPRESENTATION_CONTEXT('2D SPACE',''
  ) );
#1630 = PCURVE('',#1631,#1636);
#1631 = CYLINDRICAL_SURFACE('',#1632,1.7145);
#1632 = AXIS2_PLACEMENT_3D('',#1633,#1634,#1635);
#1633 = CARTESIAN_POINT('',(51.579132,-76.41334,-4.6E-02));
#1634 = DIRECTION('',(-0.,-0.,-1.));
#1635 = DIRECTION('',(0.,-1.,0.));
#1636 = DEFINITIONAL_REPRESENTATION('',(#1637),#1641);
#1637 = LINE('',#1638,#1639);
#1638 = CARTESIAN_POINT('',(0.,-1.556));
#1639 = VECTOR('',#1640,1.);
#1640 = DIRECTION('',(1.,0.));
#1641 = ( GEOMETRIC_REPRESENTATION_CONTEXT(2) 
PARAMETRIC_REPRESENTATION_CONTEXT() REPRESENTATION_CONTEXT('2D SPACE',''
  ) );
#1642 = FACE_BOUND('',#1643,.T.);
#1643 = EDGE_LOOP('',(#1644));
#1644 = ORIENTED_EDGE('',*,*,#1645,.T.);
#1645 = EDGE_CURVE('',#1646,#1646,#1648,.T.);
#1646 = VERTEX_POINT('',#1647);
#1647 = CARTESIAN_POINT('',(57.065734,-76.880579,1.51));
#1648 = SURFACE_CURVE('',#1649,(#1654,#1665),.PCURVE_S1.);
#1649 = CIRCLE('',#1650,0.8509);
#1650 = AXIS2_PLACEMENT_3D('',#1651,#1652,#1653);
#1651 = CARTESIAN_POINT('',(57.065734,-76.029679,1.51));
#1652 = DIRECTION('',(-0.,0.,-1.));
#1653 = DIRECTION('',(-8.350484613469E-15,-1.,0.));
#1654 = PCURVE('',#73,#1655);
#1655 = DEFINITIONAL_REPRESENTATION('',(#1656),#1664);
#1656 = ( BOUNDED_CURVE() B_SPLINE_CURVE(2,(#1657,#1658,#1659,#1660,
#1661,#1662,#1663),.UNSPECIFIED.,.T.,.F.) B_SPLINE_CURVE_WITH_KNOTS((1,2
    ,2,2,2,1),(-2.094395102393,0.,2.094395102393,4.188790204786,
6.28318530718,8.377580409573),.UNSPECIFIED.) CURVE() 
GEOMETRIC_REPRESENTATION_ITEM() RATIONAL_B_SPLINE_CURVE((1.,0.5,1.,0.5,
1.,0.5,1.)) REPRESENTATION_ITEM('') );
#1657 = CARTESIAN_POINT('',(57.065734,-76.880579));
#1658 = CARTESIAN_POINT('',(55.59193196784,-76.880579));
#1659 = CARTESIAN_POINT('',(56.32883298392,-75.604229));
#1660 = CARTESIAN_POINT('',(57.065734,-74.327879));
#1661 = CARTESIAN_POINT('',(57.80263501608,-75.604229));
#1662 = CARTESIAN_POINT('',(58.53953603216,-76.880579));
#1663 = CARTESIAN_POINT('',(57.065734,-76.880579));
#1664 = ( GEOMETRIC_REPRESENTATION_CONTEXT(2) 
PARAMETRIC_REPRESENTATION_CONTEXT() REPRESENTATION_CONTEXT('2D SPACE',''
  ) );
#1665 = PCURVE('',#1666,#1671);
#1666 = CYLINDRICAL_SURFACE('',#1667,0.8509);
#1667 = AXIS2_PLACEMENT_3D('',#1668,#1669,#1670);
#1668 = CARTESIAN_POINT('',(57.065734,-76.029679,-4.6E-02));
#1669 = DIRECTION('',(-0.,-0.,-1.));
#1670 = DIRECTION('',(-8.350484613469E-15,-1.,0.));
#1671 = DEFINITIONAL_REPRESENTATION('',(#1672),#1676);
#1672 = LINE('',#1673,#1674);
#1673 = CARTESIAN_POINT('',(0.,-1.556));
#1674 = VECTOR('',#1675,1.);
#1675 = DIRECTION('',(1.,0.));
#1676 = ( GEOMETRIC_REPRESENTATION_CONTEXT(2) 
PARAMETRIC_REPRESENTATION_CONTEXT() REPRESENTATION_CONTEXT('2D SPACE',''
  ) );
#1677 = FACE_BOUND('',#1678,.T.);
#1678 = EDGE_LOOP('',(#1679));
#1679 = ORIENTED_EDGE('',*,*,#1680,.T.);
#1680 = EDGE_CURVE('',#1681,#1681,#1683,.T.);
#1681 = VERTEX_POINT('',#1682);
#1682 = CARTESIAN_POINT('',(56.493439,-72.354742,1.51));
#1683 = SURFACE_CURVE('',#1684,(#1689,#1700),.PCURVE_S1.);
#1684 = CIRCLE('',#1685,0.4953);
#1685 = AXIS2_PLACEMENT_3D('',#1686,#1687,#1688);
#1686 = CARTESIAN_POINT('',(56.493439,-71.859442,1.51));
#1687 = DIRECTION('',(-0.,-0.,-1.));
#1688 = DIRECTION('',(0.,-1.,0.));
#1689 = PCURVE('',#73,#1690);
#1690 = DEFINITIONAL_REPRESENTATION('',(#1691),#1699);
#1691 = ( BOUNDED_CURVE() B_SPLINE_CURVE(2,(#1692,#1693,#1694,#1695,
#1696,#1697,#1698),.UNSPECIFIED.,.T.,.F.) B_SPLINE_CURVE_WITH_KNOTS((1,2
    ,2,2,2,1),(-2.094395102393,0.,2.094395102393,4.188790204786,
6.28318530718,8.377580409573),.UNSPECIFIED.) CURVE() 
GEOMETRIC_REPRESENTATION_ITEM() RATIONAL_B_SPLINE_CURVE((1.,0.5,1.,0.5,
1.,0.5,1.)) REPRESENTATION_ITEM('') );
#1692 = CARTESIAN_POINT('',(56.493439,-72.354742));
#1693 = CARTESIAN_POINT('',(55.635554235011,-72.354742));
#1694 = CARTESIAN_POINT('',(56.064496617506,-71.611792));
#1695 = CARTESIAN_POINT('',(56.493439,-70.868842));
#1696 = CARTESIAN_POINT('',(56.922381382494,-71.611792));
#1697 = CARTESIAN_POINT('',(57.351323764989,-72.354742));
#1698 = CARTESIAN_POINT('',(56.493439,-72.354742));
#1699 = ( GEOMETRIC_REPRESENTATION_CONTEXT(2) 
PARAMETRIC_REPRESENTATION_CONTEXT() REPRESENTATION_CONTEXT('2D SPACE',''
  ) );
#1700 = PCURVE('',#1701,#1706);
#1701 = CYLINDRICAL_SURFACE('',#1702,0.4953);
#1702 = AXIS2_PLACEMENT_3D('',#1703,#1704,#1705);
#1703 = CARTESIAN_POINT('',(56.493439,-71.859442,-4.6E-02));
#1704 = DIRECTION('',(-0.,-0.,-1.));
#1705 = DIRECTION('',(0.,-1.,0.));
#1706 = DEFINITIONAL_REPRESENTATION('',(#1707),#1711);
#1707 = LINE('',#1708,#1709);
#1708 = CARTESIAN_POINT('',(0.,-1.556));
#1709 = VECTOR('',#1710,1.);
#1710 = DIRECTION('',(1.,0.));
#1711 = ( GEOMETRIC_REPRESENTATION_CONTEXT(2) 
PARAMETRIC_REPRESENTATION_CONTEXT() REPRESENTATION_CONTEXT('2D SPACE',''
  ) );
#1712 = FACE_BOUND('',#1713,.T.);
#1713 = EDGE_LOOP('',(#1714));
#1714 = ORIENTED_EDGE('',*,*,#1715,.T.);
#1715 = EDGE_CURVE('',#1716,#1716,#1718,.T.);
#1716 = VERTEX_POINT('',#1717);
#1717 = CARTESIAN_POINT('',(69.938,-76.893,1.51));
#1718 = SURFACE_CURVE('',#1719,(#1724,#1735),.PCURVE_S1.);
#1719 = CIRCLE('',#1720,0.635);
#1720 = AXIS2_PLACEMENT_3D('',#1721,#1722,#1723);
#1721 = CARTESIAN_POINT('',(69.938,-76.258,1.51));
#1722 = DIRECTION('',(0.,-0.,-1.));
#1723 = DIRECTION('',(2.23792987641E-14,-1.,0.));
#1724 = PCURVE('',#73,#1725);
#1725 = DEFINITIONAL_REPRESENTATION('',(#1726),#1734);
#1726 = ( BOUNDED_CURVE() B_SPLINE_CURVE(2,(#1727,#1728,#1729,#1730,
#1731,#1732,#1733),.UNSPECIFIED.,.T.,.F.) B_SPLINE_CURVE_WITH_KNOTS((1,2
    ,2,2,2,1),(-2.094395102393,0.,2.094395102393,4.188790204786,
6.28318530718,8.377580409573),.UNSPECIFIED.) CURVE() 
GEOMETRIC_REPRESENTATION_ITEM() RATIONAL_B_SPLINE_CURVE((1.,0.5,1.,0.5,
1.,0.5,1.)) REPRESENTATION_ITEM('') );
#1727 = CARTESIAN_POINT('',(69.938,-76.893));
#1728 = CARTESIAN_POINT('',(68.838147737194,-76.893));
#1729 = CARTESIAN_POINT('',(69.388073868597,-75.9405));
#1730 = CARTESIAN_POINT('',(69.938,-74.988));
#1731 = CARTESIAN_POINT('',(70.487926131403,-75.9405));
#1732 = CARTESIAN_POINT('',(71.037852262806,-76.893));
#1733 = CARTESIAN_POINT('',(69.938,-76.893));
#1734 = ( GEOMETRIC_REPRESENTATION_CONTEXT(2) 
PARAMETRIC_REPRESENTATION_CONTEXT() REPRESENTATION_CONTEXT('2D SPACE',''
  ) );
#1735 = PCURVE('',#1736,#1741);
#1736 = CYLINDRICAL_SURFACE('',#1737,0.635);
#1737 = AXIS2_PLACEMENT_3D('',#1738,#1739,#1740);
#1738 = CARTESIAN_POINT('',(69.938,-76.258,-4.6E-02));
#1739 = DIRECTION('',(0.,0.,-1.));
#1740 = DIRECTION('',(2.23792987641E-14,-1.,0.));
#1741 = DEFINITIONAL_REPRESENTATION('',(#1742),#1746);
#1742 = LINE('',#1743,#1744);
#1743 = CARTESIAN_POINT('',(0.,-1.556));
#1744 = VECTOR('',#1745,1.);
#1745 = DIRECTION('',(1.,0.));
#1746 = ( GEOMETRIC_REPRESENTATION_CONTEXT(2) 
PARAMETRIC_REPRESENTATION_CONTEXT() REPRESENTATION_CONTEXT('2D SPACE',''
  ) );
#1747 = FACE_BOUND('',#1748,.T.);
#1748 = EDGE_LOOP('',(#1749));
#1749 = ORIENTED_EDGE('',*,*,#1750,.T.);
#1750 = EDGE_CURVE('',#1751,#1751,#1753,.T.);
#1751 = VERTEX_POINT('',#1752);
#1752 = CARTESIAN_POINT('',(64.938,-74.793,1.51));
#1753 = SURFACE_CURVE('',#1754,(#1759,#1770),.PCURVE_S1.);
#1754 = CIRCLE('',#1755,0.635);
#1755 = AXIS2_PLACEMENT_3D('',#1756,#1757,#1758);
#1756 = CARTESIAN_POINT('',(64.938,-74.158,1.51));
#1757 = DIRECTION('',(0.,-0.,-1.));
#1758 = DIRECTION('',(2.23792987641E-14,-1.,0.));
#1759 = PCURVE('',#73,#1760);
#1760 = DEFINITIONAL_REPRESENTATION('',(#1761),#1769);
#1761 = ( BOUNDED_CURVE() B_SPLINE_CURVE(2,(#1762,#1763,#1764,#1765,
#1766,#1767,#1768),.UNSPECIFIED.,.T.,.F.) B_SPLINE_CURVE_WITH_KNOTS((1,2
    ,2,2,2,1),(-2.094395102393,0.,2.094395102393,4.188790204786,
6.28318530718,8.377580409573),.UNSPECIFIED.) CURVE() 
GEOMETRIC_REPRESENTATION_ITEM() RATIONAL_B_SPLINE_CURVE((1.,0.5,1.,0.5,
1.,0.5,1.)) REPRESENTATION_ITEM('') );
#1762 = CARTESIAN_POINT('',(64.938,-74.793));
#1763 = CARTESIAN_POINT('',(63.838147737194,-74.793));
#1764 = CARTESIAN_POINT('',(64.388073868597,-73.8405));
#1765 = CARTESIAN_POINT('',(64.938,-72.888));
#1766 = CARTESIAN_POINT('',(65.487926131403,-73.8405));
#1767 = CARTESIAN_POINT('',(66.037852262806,-74.793));
#1768 = CARTESIAN_POINT('',(64.938,-74.793));
#1769 = ( GEOMETRIC_REPRESENTATION_CONTEXT(2) 
PARAMETRIC_REPRESENTATION_CONTEXT() REPRESENTATION_CONTEXT('2D SPACE',''
  ) );
#1770 = PCURVE('',#1771,#1776);
#1771 = CYLINDRICAL_SURFACE('',#1772,0.635);
#1772 = AXIS2_PLACEMENT_3D('',#1773,#1774,#1775);
#1773 = CARTESIAN_POINT('',(64.938,-74.158,-4.6E-02));
#1774 = DIRECTION('',(0.,0.,-1.));
#1775 = DIRECTION('',(2.23792987641E-14,-1.,0.));
#1776 = DEFINITIONAL_REPRESENTATION('',(#1777),#1781);
#1777 = LINE('',#1778,#1779);
#1778 = CARTESIAN_POINT('',(0.,-1.556));
#1779 = VECTOR('',#1780,1.);
#1780 = DIRECTION('',(1.,0.));
#1781 = ( GEOMETRIC_REPRESENTATION_CONTEXT(2) 
PARAMETRIC_REPRESENTATION_CONTEXT() REPRESENTATION_CONTEXT('2D SPACE',''
  ) );
#1782 = FACE_BOUND('',#1783,.T.);
#1783 = EDGE_LOOP('',(#1784));
#1784 = ORIENTED_EDGE('',*,*,#1785,.T.);
#1785 = EDGE_CURVE('',#1786,#1786,#1788,.T.);
#1786 = VERTEX_POINT('',#1787);
#1787 = CARTESIAN_POINT('',(100.972938,-110.013228,1.51));
#1788 = SURFACE_CURVE('',#1789,(#1794,#1805),.PCURVE_S1.);
#1789 = CIRCLE('',#1790,0.635);
#1790 = AXIS2_PLACEMENT_3D('',#1791,#1792,#1793);
#1791 = CARTESIAN_POINT('',(100.972938,-109.378228,1.51));
#1792 = DIRECTION('',(-0.,-0.,-1.));
#1793 = DIRECTION('',(0.,-1.,0.));
#1794 = PCURVE('',#73,#1795);
#1795 = DEFINITIONAL_REPRESENTATION('',(#1796),#1804);
#1796 = ( BOUNDED_CURVE() B_SPLINE_CURVE(2,(#1797,#1798,#1799,#1800,
#1801,#1802,#1803),.UNSPECIFIED.,.T.,.F.) B_SPLINE_CURVE_WITH_KNOTS((1,2
    ,2,2,2,1),(-2.094395102393,0.,2.094395102393,4.188790204786,
6.28318530718,8.377580409573),.UNSPECIFIED.) CURVE() 
GEOMETRIC_REPRESENTATION_ITEM() RATIONAL_B_SPLINE_CURVE((1.,0.5,1.,0.5,
1.,0.5,1.)) REPRESENTATION_ITEM('') );
#1797 = CARTESIAN_POINT('',(100.972938,-110.013228));
#1798 = CARTESIAN_POINT('',(99.873085737194,-110.013228));
#1799 = CARTESIAN_POINT('',(100.42301186859,-109.060728));
#1800 = CARTESIAN_POINT('',(100.972938,-108.108228));
#1801 = CARTESIAN_POINT('',(101.5228641314,-109.060728));
#1802 = CARTESIAN_POINT('',(102.0727902628,-110.013228));
#1803 = CARTESIAN_POINT('',(100.972938,-110.013228));
#1804 = ( GEOMETRIC_REPRESENTATION_CONTEXT(2) 
PARAMETRIC_REPRESENTATION_CONTEXT() REPRESENTATION_CONTEXT('2D SPACE',''
  ) );
#1805 = PCURVE('',#1806,#1811);
#1806 = CYLINDRICAL_SURFACE('',#1807,0.635);
#1807 = AXIS2_PLACEMENT_3D('',#1808,#1809,#1810);
#1808 = CARTESIAN_POINT('',(100.972938,-109.378228,-4.6E-02));
#1809 = DIRECTION('',(-0.,-0.,-1.));
#1810 = DIRECTION('',(0.,-1.,0.));
#1811 = DEFINITIONAL_REPRESENTATION('',(#1812),#1816);
#1812 = LINE('',#1813,#1814);
#1813 = CARTESIAN_POINT('',(0.,-1.556));
#1814 = VECTOR('',#1815,1.);
#1815 = DIRECTION('',(1.,0.));
#1816 = ( GEOMETRIC_REPRESENTATION_CONTEXT(2) 
PARAMETRIC_REPRESENTATION_CONTEXT() REPRESENTATION_CONTEXT('2D SPACE',''
  ) );
#1817 = FACE_BOUND('',#1818,.T.);
#1818 = EDGE_LOOP('',(#1819));
#1819 = ORIENTED_EDGE('',*,*,#1820,.T.);
#1820 = EDGE_CURVE('',#1821,#1821,#1823,.T.);
#1821 = VERTEX_POINT('',#1822);
#1822 = CARTESIAN_POINT('',(99.75705,-106.594348,1.51));
#1823 = SURFACE_CURVE('',#1824,(#1829,#1840),.PCURVE_S1.);
#1824 = CIRCLE('',#1825,0.8509);
#1825 = AXIS2_PLACEMENT_3D('',#1826,#1827,#1828);
#1826 = CARTESIAN_POINT('',(99.75705,-105.743448,1.51));
#1827 = DIRECTION('',(0.,-0.,-1.));
#1828 = DIRECTION('',(1.670096922694E-14,-1.,0.));
#1829 = PCURVE('',#73,#1830);
#1830 = DEFINITIONAL_REPRESENTATION('',(#1831),#1839);
#1831 = ( BOUNDED_CURVE() B_SPLINE_CURVE(2,(#1832,#1833,#1834,#1835,
#1836,#1837,#1838),.UNSPECIFIED.,.T.,.F.) B_SPLINE_CURVE_WITH_KNOTS((1,2
    ,2,2,2,1),(-2.094395102393,0.,2.094395102393,4.188790204786,
6.28318530718,8.377580409573),.UNSPECIFIED.) CURVE() 
GEOMETRIC_REPRESENTATION_ITEM() RATIONAL_B_SPLINE_CURVE((1.,0.5,1.,0.5,
1.,0.5,1.)) REPRESENTATION_ITEM('') );
#1832 = CARTESIAN_POINT('',(99.75705,-106.594348));
#1833 = CARTESIAN_POINT('',(98.28324796784,-106.594348));
#1834 = CARTESIAN_POINT('',(99.02014898392,-105.317998));
#1835 = CARTESIAN_POINT('',(99.75705,-104.041648));
#1836 = CARTESIAN_POINT('',(100.49395101608,-105.317998));
#1837 = CARTESIAN_POINT('',(101.23085203216,-106.594348));
#1838 = CARTESIAN_POINT('',(99.75705,-106.594348));
#1839 = ( GEOMETRIC_REPRESENTATION_CONTEXT(2) 
PARAMETRIC_REPRESENTATION_CONTEXT() REPRESENTATION_CONTEXT('2D SPACE',''
  ) );
#1840 = PCURVE('',#1841,#1846);
#1841 = CYLINDRICAL_SURFACE('',#1842,0.8509);
#1842 = AXIS2_PLACEMENT_3D('',#1843,#1844,#1845);
#1843 = CARTESIAN_POINT('',(99.75705,-105.743448,-4.6E-02));
#1844 = DIRECTION('',(0.,0.,-1.));
#1845 = DIRECTION('',(1.670096922694E-14,-1.,0.));
#1846 = DEFINITIONAL_REPRESENTATION('',(#1847),#1851);
#1847 = LINE('',#1848,#1849);
#1848 = CARTESIAN_POINT('',(0.,-1.556));
#1849 = VECTOR('',#1850,1.);
#1850 = DIRECTION('',(1.,0.));
#1851 = ( GEOMETRIC_REPRESENTATION_CONTEXT(2) 
PARAMETRIC_REPRESENTATION_CONTEXT() REPRESENTATION_CONTEXT('2D SPACE',''
  ) );
#1852 = FACE_BOUND('',#1853,.T.);
#1853 = EDGE_LOOP('',(#1854));
#1854 = ORIENTED_EDGE('',*,*,#1855,.T.);
#1855 = EDGE_CURVE('',#1856,#1856,#1858,.T.);
#1856 = VERTEX_POINT('',#1857);
#1857 = CARTESIAN_POINT('',(99.230508,-102.062489,1.51));
#1858 = SURFACE_CURVE('',#1859,(#1864,#1875),.PCURVE_S1.);
#1859 = CIRCLE('',#1860,0.4953);
#1860 = AXIS2_PLACEMENT_3D('',#1861,#1862,#1863);
#1861 = CARTESIAN_POINT('',(99.230508,-101.567189,1.51));
#1862 = DIRECTION('',(-0.,-0.,-1.));
#1863 = DIRECTION('',(0.,-1.,0.));
#1864 = PCURVE('',#73,#1865);
#1865 = DEFINITIONAL_REPRESENTATION('',(#1866),#1874);
#1866 = ( BOUNDED_CURVE() B_SPLINE_CURVE(2,(#1867,#1868,#1869,#1870,
#1871,#1872,#1873),.UNSPECIFIED.,.T.,.F.) B_SPLINE_CURVE_WITH_KNOTS((1,2
    ,2,2,2,1),(-2.094395102393,0.,2.094395102393,4.188790204786,
6.28318530718,8.377580409573),.UNSPECIFIED.) CURVE() 
GEOMETRIC_REPRESENTATION_ITEM() RATIONAL_B_SPLINE_CURVE((1.,0.5,1.,0.5,
1.,0.5,1.)) REPRESENTATION_ITEM('') );
#1867 = CARTESIAN_POINT('',(99.230508,-102.062489));
#1868 = CARTESIAN_POINT('',(98.372623235011,-102.062489));
#1869 = CARTESIAN_POINT('',(98.801565617506,-101.319539));
#1870 = CARTESIAN_POINT('',(99.230508,-100.576589));
#1871 = CARTESIAN_POINT('',(99.659450382494,-101.319539));
#1872 = CARTESIAN_POINT('',(100.08839276498,-102.062489));
#1873 = CARTESIAN_POINT('',(99.230508,-102.062489));
#1874 = ( GEOMETRIC_REPRESENTATION_CONTEXT(2) 
PARAMETRIC_REPRESENTATION_CONTEXT() REPRESENTATION_CONTEXT('2D SPACE',''
  ) );
#1875 = PCURVE('',#1876,#1881);
#1876 = CYLINDRICAL_SURFACE('',#1877,0.4953);
#1877 = AXIS2_PLACEMENT_3D('',#1878,#1879,#1880);
#1878 = CARTESIAN_POINT('',(99.230508,-101.567189,-4.6E-02));
#1879 = DIRECTION('',(-0.,-0.,-1.));
#1880 = DIRECTION('',(0.,-1.,0.));
#1881 = DEFINITIONAL_REPRESENTATION('',(#1882),#1886);
#1882 = LINE('',#1883,#1884);
#1883 = CARTESIAN_POINT('',(0.,-1.556));
#1884 = VECTOR('',#1885,1.);
#1885 = DIRECTION('',(1.,0.));
#1886 = ( GEOMETRIC_REPRESENTATION_CONTEXT(2) 
PARAMETRIC_REPRESENTATION_CONTEXT() REPRESENTATION_CONTEXT('2D SPACE',''
  ) );
#1887 = FACE_BOUND('',#1888,.T.);
#1888 = EDGE_LOOP('',(#1889));
#1889 = ORIENTED_EDGE('',*,*,#1890,.T.);
#1890 = EDGE_CURVE('',#1891,#1891,#1893,.T.);
#1891 = VERTEX_POINT('',#1892);
#1892 = CARTESIAN_POINT('',(106.281773,-111.1206,1.51));
#1893 = SURFACE_CURVE('',#1894,(#1899,#1910),.PCURVE_S1.);
#1894 = CIRCLE('',#1895,0.635);
#1895 = AXIS2_PLACEMENT_3D('',#1896,#1897,#1898);
#1896 = CARTESIAN_POINT('',(106.281773,-110.4856,1.51));
#1897 = DIRECTION('',(-0.,-0.,-1.));
#1898 = DIRECTION('',(0.,-1.,0.));
#1899 = PCURVE('',#73,#1900);
#1900 = DEFINITIONAL_REPRESENTATION('',(#1901),#1909);
#1901 = ( BOUNDED_CURVE() B_SPLINE_CURVE(2,(#1902,#1903,#1904,#1905,
#1906,#1907,#1908),.UNSPECIFIED.,.T.,.F.) B_SPLINE_CURVE_WITH_KNOTS((1,2
    ,2,2,2,1),(-2.094395102393,0.,2.094395102393,4.188790204786,
6.28318530718,8.377580409573),.UNSPECIFIED.) CURVE() 
GEOMETRIC_REPRESENTATION_ITEM() RATIONAL_B_SPLINE_CURVE((1.,0.5,1.,0.5,
1.,0.5,1.)) REPRESENTATION_ITEM('') );
#1902 = CARTESIAN_POINT('',(106.281773,-111.1206));
#1903 = CARTESIAN_POINT('',(105.18192073719,-111.1206));
#1904 = CARTESIAN_POINT('',(105.73184686859,-110.1681));
#1905 = CARTESIAN_POINT('',(106.281773,-109.2156));
#1906 = CARTESIAN_POINT('',(106.8316991314,-110.1681));
#1907 = CARTESIAN_POINT('',(107.3816252628,-111.1206));
#1908 = CARTESIAN_POINT('',(106.281773,-111.1206));
#1909 = ( GEOMETRIC_REPRESENTATION_CONTEXT(2) 
PARAMETRIC_REPRESENTATION_CONTEXT() REPRESENTATION_CONTEXT('2D SPACE',''
  ) );
#1910 = PCURVE('',#1911,#1916);
#1911 = CYLINDRICAL_SURFACE('',#1912,0.635);
#1912 = AXIS2_PLACEMENT_3D('',#1913,#1914,#1915);
#1913 = CARTESIAN_POINT('',(106.281773,-110.4856,-4.6E-02));
#1914 = DIRECTION('',(-0.,-0.,-1.));
#1915 = DIRECTION('',(0.,-1.,0.));
#1916 = DEFINITIONAL_REPRESENTATION('',(#1917),#1921);
#1917 = LINE('',#1918,#1919);
#1918 = CARTESIAN_POINT('',(0.,-1.556));
#1919 = VECTOR('',#1920,1.);
#1920 = DIRECTION('',(1.,0.));
#1921 = ( GEOMETRIC_REPRESENTATION_CONTEXT(2) 
PARAMETRIC_REPRESENTATION_CONTEXT() REPRESENTATION_CONTEXT('2D SPACE',''
  ) );
#1922 = FACE_BOUND('',#1923,.T.);
#1923 = EDGE_LOOP('',(#1924));
#1924 = ORIENTED_EDGE('',*,*,#1925,.T.);
#1925 = EDGE_CURVE('',#1926,#1926,#1928,.T.);
#1926 = VERTEX_POINT('',#1927);
#1927 = CARTESIAN_POINT('',(105.156,-106.4085,1.51));
#1928 = SURFACE_CURVE('',#1929,(#1934,#1945),.PCURVE_S1.);
#1929 = CIRCLE('',#1930,1.7145);
#1930 = AXIS2_PLACEMENT_3D('',#1931,#1932,#1933);
#1931 = CARTESIAN_POINT('',(105.156,-104.694,1.51));
#1932 = DIRECTION('',(-0.,-0.,-1.));
#1933 = DIRECTION('',(0.,-1.,0.));
#1934 = PCURVE('',#73,#1935);
#1935 = DEFINITIONAL_REPRESENTATION('',(#1936),#1944);
#1936 = ( BOUNDED_CURVE() B_SPLINE_CURVE(2,(#1937,#1938,#1939,#1940,
#1941,#1942,#1943),.UNSPECIFIED.,.T.,.F.) B_SPLINE_CURVE_WITH_KNOTS((1,2
    ,2,2,2,1),(-2.094395102393,0.,2.094395102393,4.188790204786,
6.28318530718,8.377580409573),.UNSPECIFIED.) CURVE() 
GEOMETRIC_REPRESENTATION_ITEM() RATIONAL_B_SPLINE_CURVE((1.,0.5,1.,0.5,
1.,0.5,1.)) REPRESENTATION_ITEM('') );
#1937 = CARTESIAN_POINT('',(105.156,-106.4085));
#1938 = CARTESIAN_POINT('',(102.18639889042,-106.4085));
#1939 = CARTESIAN_POINT('',(103.67119944521,-103.83675));
#1940 = CARTESIAN_POINT('',(105.156,-101.265));
#1941 = CARTESIAN_POINT('',(106.64080055478,-103.83675));
#1942 = CARTESIAN_POINT('',(108.12560110957,-106.4085));
#1943 = CARTESIAN_POINT('',(105.156,-106.4085));
#1944 = ( GEOMETRIC_REPRESENTATION_CONTEXT(2) 
PARAMETRIC_REPRESENTATION_CONTEXT() REPRESENTATION_CONTEXT('2D SPACE',''
  ) );
#1945 = PCURVE('',#1946,#1951);
#1946 = CYLINDRICAL_SURFACE('',#1947,1.7145);
#1947 = AXIS2_PLACEMENT_3D('',#1948,#1949,#1950);
#1948 = CARTESIAN_POINT('',(105.156,-104.694,-4.6E-02));
#1949 = DIRECTION('',(-0.,-0.,-1.));
#1950 = DIRECTION('',(0.,-1.,0.));
#1951 = DEFINITIONAL_REPRESENTATION('',(#1952),#1956);
#1952 = LINE('',#1953,#1954);
#1953 = CARTESIAN_POINT('',(0.,-1.556));
#1954 = VECTOR('',#1955,1.);
#1955 = DIRECTION('',(1.,0.));
#1956 = ( GEOMETRIC_REPRESENTATION_CONTEXT(2) 
PARAMETRIC_REPRESENTATION_CONTEXT() REPRESENTATION_CONTEXT('2D SPACE',''
  ) );
#1957 = FACE_BOUND('',#1958,.T.);
#1958 = EDGE_LOOP('',(#1959));
#1959 = ORIENTED_EDGE('',*,*,#1960,.T.);
#1960 = EDGE_CURVE('',#1961,#1961,#1963,.T.);
#1961 = VERTEX_POINT('',#1962);
#1962 = CARTESIAN_POINT('',(110.55495,-104.495452,1.51));
#1963 = SURFACE_CURVE('',#1964,(#1969,#1980),.PCURVE_S1.);
#1964 = CIRCLE('',#1965,0.8509);
#1965 = AXIS2_PLACEMENT_3D('',#1966,#1967,#1968);
#1966 = CARTESIAN_POINT('',(110.55495,-103.644552,1.51));
#1967 = DIRECTION('',(0.,-0.,-1.));
#1968 = DIRECTION('',(1.670096922694E-14,-1.,0.));
#1969 = PCURVE('',#73,#1970);
#1970 = DEFINITIONAL_REPRESENTATION('',(#1971),#1979);
#1971 = ( BOUNDED_CURVE() B_SPLINE_CURVE(2,(#1972,#1973,#1974,#1975,
#1976,#1977,#1978),.UNSPECIFIED.,.T.,.F.) B_SPLINE_CURVE_WITH_KNOTS((1,2
    ,2,2,2,1),(-2.094395102393,0.,2.094395102393,4.188790204786,
6.28318530718,8.377580409573),.UNSPECIFIED.) CURVE() 
GEOMETRIC_REPRESENTATION_ITEM() RATIONAL_B_SPLINE_CURVE((1.,0.5,1.,0.5,
1.,0.5,1.)) REPRESENTATION_ITEM('') );
#1972 = CARTESIAN_POINT('',(110.55495,-104.495452));
#1973 = CARTESIAN_POINT('',(109.08114796784,-104.495452));
#1974 = CARTESIAN_POINT('',(109.81804898392,-103.219102));
#1975 = CARTESIAN_POINT('',(110.55495,-101.942752));
#1976 = CARTESIAN_POINT('',(111.29185101608,-103.219102));
#1977 = CARTESIAN_POINT('',(112.02875203216,-104.495452));
#1978 = CARTESIAN_POINT('',(110.55495,-104.495452));
#1979 = ( GEOMETRIC_REPRESENTATION_CONTEXT(2) 
PARAMETRIC_REPRESENTATION_CONTEXT() REPRESENTATION_CONTEXT('2D SPACE',''
  ) );
#1980 = PCURVE('',#1981,#1986);
#1981 = CYLINDRICAL_SURFACE('',#1982,0.8509);
#1982 = AXIS2_PLACEMENT_3D('',#1983,#1984,#1985);
#1983 = CARTESIAN_POINT('',(110.55495,-103.644552,-4.6E-02));
#1984 = DIRECTION('',(0.,0.,-1.));
#1985 = DIRECTION('',(1.670096922694E-14,-1.,0.));
#1986 = DEFINITIONAL_REPRESENTATION('',(#1987),#1991);
#1987 = LINE('',#1988,#1989);
#1988 = CARTESIAN_POINT('',(0.,-1.556));
#1989 = VECTOR('',#1990,1.);
#1990 = DIRECTION('',(1.,0.));
#1991 = ( GEOMETRIC_REPRESENTATION_CONTEXT(2) 
PARAMETRIC_REPRESENTATION_CONTEXT() REPRESENTATION_CONTEXT('2D SPACE',''
  ) );
#1992 = FACE_BOUND('',#1993,.T.);
#1993 = EDGE_LOOP('',(#1994));
#1994 = ORIENTED_EDGE('',*,*,#1995,.T.);
#1995 = EDGE_CURVE('',#1996,#1996,#1998,.T.);
#1996 = VERTEX_POINT('',#1997);
#1997 = CARTESIAN_POINT('',(124.206,-104.1869,1.51));
#1998 = SURFACE_CURVE('',#1999,(#2004,#2015),.PCURVE_S1.);
#1999 = CIRCLE('',#2000,0.8509);
#2000 = AXIS2_PLACEMENT_3D('',#2001,#2002,#2003);
#2001 = CARTESIAN_POINT('',(124.206,-103.336,1.51));
#2002 = DIRECTION('',(0.,-0.,-1.));
#2003 = DIRECTION('',(1.670096922694E-14,-1.,0.));
#2004 = PCURVE('',#73,#2005);
#2005 = DEFINITIONAL_REPRESENTATION('',(#2006),#2014);
#2006 = ( BOUNDED_CURVE() B_SPLINE_CURVE(2,(#2007,#2008,#2009,#2010,
#2011,#2012,#2013),.UNSPECIFIED.,.T.,.F.) B_SPLINE_CURVE_WITH_KNOTS((1,2
    ,2,2,2,1),(-2.094395102393,0.,2.094395102393,4.188790204786,
6.28318530718,8.377580409573),.UNSPECIFIED.) CURVE() 
GEOMETRIC_REPRESENTATION_ITEM() RATIONAL_B_SPLINE_CURVE((1.,0.5,1.,0.5,
1.,0.5,1.)) REPRESENTATION_ITEM('') );
#2007 = CARTESIAN_POINT('',(124.206,-104.1869));
#2008 = CARTESIAN_POINT('',(122.73219796784,-104.1869));
#2009 = CARTESIAN_POINT('',(123.46909898392,-102.91055));
#2010 = CARTESIAN_POINT('',(124.206,-101.6342));
#2011 = CARTESIAN_POINT('',(124.94290101608,-102.91055));
#2012 = CARTESIAN_POINT('',(125.67980203216,-104.1869));
#2013 = CARTESIAN_POINT('',(124.206,-104.1869));
#2014 = ( GEOMETRIC_REPRESENTATION_CONTEXT(2) 
PARAMETRIC_REPRESENTATION_CONTEXT() REPRESENTATION_CONTEXT('2D SPACE',''
  ) );
#2015 = PCURVE('',#2016,#2021);
#2016 = CYLINDRICAL_SURFACE('',#2017,0.8509);
#2017 = AXIS2_PLACEMENT_3D('',#2018,#2019,#2020);
#2018 = CARTESIAN_POINT('',(124.206,-103.336,-4.6E-02));
#2019 = DIRECTION('',(0.,0.,-1.));
#2020 = DIRECTION('',(1.670096922694E-14,-1.,0.));
#2021 = DEFINITIONAL_REPRESENTATION('',(#2022),#2026);
#2022 = LINE('',#2023,#2024);
#2023 = CARTESIAN_POINT('',(0.,-1.556));
#2024 = VECTOR('',#2025,1.);
#2025 = DIRECTION('',(1.,0.));
#2026 = ( GEOMETRIC_REPRESENTATION_CONTEXT(2) 
PARAMETRIC_REPRESENTATION_CONTEXT() REPRESENTATION_CONTEXT('2D SPACE',''
  ) );
#2027 = FACE_BOUND('',#2028,.T.);
#2028 = EDGE_LOOP('',(#2029));
#2029 = ORIENTED_EDGE('',*,*,#2030,.T.);
#2030 = EDGE_CURVE('',#2031,#2031,#2033,.T.);
#2031 = VERTEX_POINT('',#2032);
#2032 = CARTESIAN_POINT('',(128.006,-103.471,1.51));
#2033 = SURFACE_CURVE('',#2034,(#2039,#2050),.PCURVE_S1.);
#2034 = CIRCLE('',#2035,0.635);
#2035 = AXIS2_PLACEMENT_3D('',#2036,#2037,#2038);
#2036 = CARTESIAN_POINT('',(128.006,-102.836,1.51));
#2037 = DIRECTION('',(-0.,-0.,-1.));
#2038 = DIRECTION('',(0.,-1.,0.));
#2039 = PCURVE('',#73,#2040);
#2040 = DEFINITIONAL_REPRESENTATION('',(#2041),#2049);
#2041 = ( BOUNDED_CURVE() B_SPLINE_CURVE(2,(#2042,#2043,#2044,#2045,
#2046,#2047,#2048),.UNSPECIFIED.,.T.,.F.) B_SPLINE_CURVE_WITH_KNOTS((1,2
    ,2,2,2,1),(-2.094395102393,0.,2.094395102393,4.188790204786,
6.28318530718,8.377580409573),.UNSPECIFIED.) CURVE() 
GEOMETRIC_REPRESENTATION_ITEM() RATIONAL_B_SPLINE_CURVE((1.,0.5,1.,0.5,
1.,0.5,1.)) REPRESENTATION_ITEM('') );
#2042 = CARTESIAN_POINT('',(128.006,-103.471));
#2043 = CARTESIAN_POINT('',(126.90614773719,-103.471));
#2044 = CARTESIAN_POINT('',(127.45607386859,-102.5185));
#2045 = CARTESIAN_POINT('',(128.006,-101.566));
#2046 = CARTESIAN_POINT('',(128.5559261314,-102.5185));
#2047 = CARTESIAN_POINT('',(129.1058522628,-103.471));
#2048 = CARTESIAN_POINT('',(128.006,-103.471));
#2049 = ( GEOMETRIC_REPRESENTATION_CONTEXT(2) 
PARAMETRIC_REPRESENTATION_CONTEXT() REPRESENTATION_CONTEXT('2D SPACE',''
  ) );
#2050 = PCURVE('',#2051,#2056);
#2051 = CYLINDRICAL_SURFACE('',#2052,0.635);
#2052 = AXIS2_PLACEMENT_3D('',#2053,#2054,#2055);
#2053 = CARTESIAN_POINT('',(128.006,-102.836,-4.6E-02));
#2054 = DIRECTION('',(-0.,-0.,-1.));
#2055 = DIRECTION('',(0.,-1.,0.));
#2056 = DEFINITIONAL_REPRESENTATION('',(#2057),#2061);
#2057 = LINE('',#2058,#2059);
#2058 = CARTESIAN_POINT('',(0.,-1.556));
#2059 = VECTOR('',#2060,1.);
#2060 = DIRECTION('',(1.,0.));
#2061 = ( GEOMETRIC_REPRESENTATION_CONTEXT(2) 
PARAMETRIC_REPRESENTATION_CONTEXT() REPRESENTATION_CONTEXT('2D SPACE',''
  ) );
#2062 = FACE_BOUND('',#2063,.T.);
#2063 = EDGE_LOOP('',(#2064));
#2064 = ORIENTED_EDGE('',*,*,#2065,.T.);
#2065 = EDGE_CURVE('',#2066,#2066,#2068,.T.);
#2066 = VERTEX_POINT('',#2067);
#2067 = CARTESIAN_POINT('',(109.478696,-100.070443,1.51));
#2068 = SURFACE_CURVE('',#2069,(#2074,#2085),.PCURVE_S1.);
#2069 = CIRCLE('',#2070,0.4953);
#2070 = AXIS2_PLACEMENT_3D('',#2071,#2072,#2073);
#2071 = CARTESIAN_POINT('',(109.478696,-99.575143,1.51));
#2072 = DIRECTION('',(-0.,-0.,-1.));
#2073 = DIRECTION('',(0.,-1.,0.));
#2074 = PCURVE('',#73,#2075);
#2075 = DEFINITIONAL_REPRESENTATION('',(#2076),#2084);
#2076 = ( BOUNDED_CURVE() B_SPLINE_CURVE(2,(#2077,#2078,#2079,#2080,
#2081,#2082,#2083),.UNSPECIFIED.,.T.,.F.) B_SPLINE_CURVE_WITH_KNOTS((1,2
    ,2,2,2,1),(-2.094395102393,0.,2.094395102393,4.188790204786,
6.28318530718,8.377580409573),.UNSPECIFIED.) CURVE() 
GEOMETRIC_REPRESENTATION_ITEM() RATIONAL_B_SPLINE_CURVE((1.,0.5,1.,0.5,
1.,0.5,1.)) REPRESENTATION_ITEM('') );
#2077 = CARTESIAN_POINT('',(109.478696,-100.070443));
#2078 = CARTESIAN_POINT('',(108.62081123501,-100.070443));
#2079 = CARTESIAN_POINT('',(109.0497536175,-99.327493));
#2080 = CARTESIAN_POINT('',(109.478696,-98.584543));
#2081 = CARTESIAN_POINT('',(109.90763838249,-99.327493));
#2082 = CARTESIAN_POINT('',(110.33658076498,-100.070443));
#2083 = CARTESIAN_POINT('',(109.478696,-100.070443));
#2084 = ( GEOMETRIC_REPRESENTATION_CONTEXT(2) 
PARAMETRIC_REPRESENTATION_CONTEXT() REPRESENTATION_CONTEXT('2D SPACE',''
  ) );
#2085 = PCURVE('',#2086,#2091);
#2086 = CYLINDRICAL_SURFACE('',#2087,0.4953);
#2087 = AXIS2_PLACEMENT_3D('',#2088,#2089,#2090);
#2088 = CARTESIAN_POINT('',(109.478696,-99.575143,-4.6E-02));
#2089 = DIRECTION('',(-0.,-0.,-1.));
#2090 = DIRECTION('',(0.,-1.,0.));
#2091 = DEFINITIONAL_REPRESENTATION('',(#2092),#2096);
#2092 = LINE('',#2093,#2094);
#2093 = CARTESIAN_POINT('',(0.,-1.556));
#2094 = VECTOR('',#2095,1.);
#2095 = DIRECTION('',(1.,0.));
#2096 = ( GEOMETRIC_REPRESENTATION_CONTEXT(2) 
PARAMETRIC_REPRESENTATION_CONTEXT() REPRESENTATION_CONTEXT('2D SPACE',''
  ) );
#2097 = FACE_BOUND('',#2098,.T.);
#2098 = EDGE_LOOP('',(#2099));
#2099 = ORIENTED_EDGE('',*,*,#2100,.T.);
#2100 = EDGE_CURVE('',#2101,#2101,#2103,.T.);
#2101 = VERTEX_POINT('',#2102);
#2102 = CARTESIAN_POINT('',(124.206,-99.5505,1.51));
#2103 = SURFACE_CURVE('',#2104,(#2109,#2120),.PCURVE_S1.);
#2104 = CIRCLE('',#2105,1.7145);
#2105 = AXIS2_PLACEMENT_3D('',#2106,#2107,#2108);
#2106 = CARTESIAN_POINT('',(124.206,-97.836,1.51));
#2107 = DIRECTION('',(-0.,-0.,-1.));
#2108 = DIRECTION('',(0.,-1.,0.));
#2109 = PCURVE('',#73,#2110);
#2110 = DEFINITIONAL_REPRESENTATION('',(#2111),#2119);
#2111 = ( BOUNDED_CURVE() B_SPLINE_CURVE(2,(#2112,#2113,#2114,#2115,
#2116,#2117,#2118),.UNSPECIFIED.,.T.,.F.) B_SPLINE_CURVE_WITH_KNOTS((1,2
    ,2,2,2,1),(-2.094395102393,0.,2.094395102393,4.188790204786,
6.28318530718,8.377580409573),.UNSPECIFIED.) CURVE() 
GEOMETRIC_REPRESENTATION_ITEM() RATIONAL_B_SPLINE_CURVE((1.,0.5,1.,0.5,
1.,0.5,1.)) REPRESENTATION_ITEM('') );
#2112 = CARTESIAN_POINT('',(124.206,-99.5505));
#2113 = CARTESIAN_POINT('',(121.23639889042,-99.5505));
#2114 = CARTESIAN_POINT('',(122.72119944521,-96.97875));
#2115 = CARTESIAN_POINT('',(124.206,-94.407));
#2116 = CARTESIAN_POINT('',(125.69080055478,-96.97875));
#2117 = CARTESIAN_POINT('',(127.17560110957,-99.5505));
#2118 = CARTESIAN_POINT('',(124.206,-99.5505));
#2119 = ( GEOMETRIC_REPRESENTATION_CONTEXT(2) 
PARAMETRIC_REPRESENTATION_CONTEXT() REPRESENTATION_CONTEXT('2D SPACE',''
  ) );
#2120 = PCURVE('',#2121,#2126);
#2121 = CYLINDRICAL_SURFACE('',#2122,1.7145);
#2122 = AXIS2_PLACEMENT_3D('',#2123,#2124,#2125);
#2123 = CARTESIAN_POINT('',(124.206,-97.836,-4.6E-02));
#2124 = DIRECTION('',(-0.,-0.,-1.));
#2125 = DIRECTION('',(0.,-1.,0.));
#2126 = DEFINITIONAL_REPRESENTATION('',(#2127),#2131);
#2127 = LINE('',#2128,#2129);
#2128 = CARTESIAN_POINT('',(0.,-1.556));
#2129 = VECTOR('',#2130,1.);
#2130 = DIRECTION('',(1.,0.));
#2131 = ( GEOMETRIC_REPRESENTATION_CONTEXT(2) 
PARAMETRIC_REPRESENTATION_CONTEXT() REPRESENTATION_CONTEXT('2D SPACE',''
  ) );
#2132 = FACE_BOUND('',#2133,.T.);
#2133 = EDGE_LOOP('',(#2134));
#2134 = ORIENTED_EDGE('',*,*,#2135,.T.);
#2135 = EDGE_CURVE('',#2136,#2136,#2138,.T.);
#2136 = VERTEX_POINT('',#2137);
#2137 = CARTESIAN_POINT('',(130.106,-98.471,1.51));
#2138 = SURFACE_CURVE('',#2139,(#2144,#2155),.PCURVE_S1.);
#2139 = CIRCLE('',#2140,0.635);
#2140 = AXIS2_PLACEMENT_3D('',#2141,#2142,#2143);
#2141 = CARTESIAN_POINT('',(130.106,-97.836,1.51));
#2142 = DIRECTION('',(-0.,-0.,-1.));
#2143 = DIRECTION('',(0.,-1.,0.));
#2144 = PCURVE('',#73,#2145);
#2145 = DEFINITIONAL_REPRESENTATION('',(#2146),#2154);
#2146 = ( BOUNDED_CURVE() B_SPLINE_CURVE(2,(#2147,#2148,#2149,#2150,
#2151,#2152,#2153),.UNSPECIFIED.,.T.,.F.) B_SPLINE_CURVE_WITH_KNOTS((1,2
    ,2,2,2,1),(-2.094395102393,0.,2.094395102393,4.188790204786,
6.28318530718,8.377580409573),.UNSPECIFIED.) CURVE() 
GEOMETRIC_REPRESENTATION_ITEM() RATIONAL_B_SPLINE_CURVE((1.,0.5,1.,0.5,
1.,0.5,1.)) REPRESENTATION_ITEM('') );
#2147 = CARTESIAN_POINT('',(130.106,-98.471));
#2148 = CARTESIAN_POINT('',(129.00614773719,-98.471));
#2149 = CARTESIAN_POINT('',(129.55607386859,-97.5185));
#2150 = CARTESIAN_POINT('',(130.106,-96.566));
#2151 = CARTESIAN_POINT('',(130.6559261314,-97.5185));
#2152 = CARTESIAN_POINT('',(131.2058522628,-98.471));
#2153 = CARTESIAN_POINT('',(130.106,-98.471));
#2154 = ( GEOMETRIC_REPRESENTATION_CONTEXT(2) 
PARAMETRIC_REPRESENTATION_CONTEXT() REPRESENTATION_CONTEXT('2D SPACE',''
  ) );
#2155 = PCURVE('',#2156,#2161);
#2156 = CYLINDRICAL_SURFACE('',#2157,0.635);
#2157 = AXIS2_PLACEMENT_3D('',#2158,#2159,#2160);
#2158 = CARTESIAN_POINT('',(130.106,-97.836,-4.6E-02));
#2159 = DIRECTION('',(-0.,-0.,-1.));
#2160 = DIRECTION('',(0.,-1.,0.));
#2161 = DEFINITIONAL_REPRESENTATION('',(#2162),#2166);
#2162 = LINE('',#2163,#2164);
#2163 = CARTESIAN_POINT('',(0.,-1.556));
#2164 = VECTOR('',#2165,1.);
#2165 = DIRECTION('',(1.,0.));
#2166 = ( GEOMETRIC_REPRESENTATION_CONTEXT(2) 
PARAMETRIC_REPRESENTATION_CONTEXT() REPRESENTATION_CONTEXT('2D SPACE',''
  ) );
#2167 = FACE_BOUND('',#2168,.T.);
#2168 = EDGE_LOOP('',(#2169));
#2169 = ORIENTED_EDGE('',*,*,#2170,.T.);
#2170 = EDGE_CURVE('',#2171,#2171,#2173,.T.);
#2171 = VERTEX_POINT('',#2172);
#2172 = CARTESIAN_POINT('',(124.206,-93.1869,1.51));
#2173 = SURFACE_CURVE('',#2174,(#2179,#2190),.PCURVE_S1.);
#2174 = CIRCLE('',#2175,0.8509);
#2175 = AXIS2_PLACEMENT_3D('',#2176,#2177,#2178);
#2176 = CARTESIAN_POINT('',(124.206,-92.336,1.51));
#2177 = DIRECTION('',(0.,-0.,-1.));
#2178 = DIRECTION('',(1.670096922694E-14,-1.,0.));
#2179 = PCURVE('',#73,#2180);
#2180 = DEFINITIONAL_REPRESENTATION('',(#2181),#2189);
#2181 = ( BOUNDED_CURVE() B_SPLINE_CURVE(2,(#2182,#2183,#2184,#2185,
#2186,#2187,#2188),.UNSPECIFIED.,.T.,.F.) B_SPLINE_CURVE_WITH_KNOTS((1,2
    ,2,2,2,1),(-2.094395102393,0.,2.094395102393,4.188790204786,
6.28318530718,8.377580409573),.UNSPECIFIED.) CURVE() 
GEOMETRIC_REPRESENTATION_ITEM() RATIONAL_B_SPLINE_CURVE((1.,0.5,1.,0.5,
1.,0.5,1.)) REPRESENTATION_ITEM('') );
#2182 = CARTESIAN_POINT('',(124.206,-93.1869));
#2183 = CARTESIAN_POINT('',(122.73219796784,-93.1869));
#2184 = CARTESIAN_POINT('',(123.46909898392,-91.91055));
#2185 = CARTESIAN_POINT('',(124.206,-90.6342));
#2186 = CARTESIAN_POINT('',(124.94290101608,-91.91055));
#2187 = CARTESIAN_POINT('',(125.67980203216,-93.1869));
#2188 = CARTESIAN_POINT('',(124.206,-93.1869));
#2189 = ( GEOMETRIC_REPRESENTATION_CONTEXT(2) 
PARAMETRIC_REPRESENTATION_CONTEXT() REPRESENTATION_CONTEXT('2D SPACE',''
  ) );
#2190 = PCURVE('',#2191,#2196);
#2191 = CYLINDRICAL_SURFACE('',#2192,0.8509);
#2192 = AXIS2_PLACEMENT_3D('',#2193,#2194,#2195);
#2193 = CARTESIAN_POINT('',(124.206,-92.336,-4.6E-02));
#2194 = DIRECTION('',(0.,0.,-1.));
#2195 = DIRECTION('',(1.670096922694E-14,-1.,0.));
#2196 = DEFINITIONAL_REPRESENTATION('',(#2197),#2201);
#2197 = LINE('',#2198,#2199);
#2198 = CARTESIAN_POINT('',(0.,-1.556));
#2199 = VECTOR('',#2200,1.);
#2200 = DIRECTION('',(1.,0.));
#2201 = ( GEOMETRIC_REPRESENTATION_CONTEXT(2) 
PARAMETRIC_REPRESENTATION_CONTEXT() REPRESENTATION_CONTEXT('2D SPACE',''
  ) );
#2202 = FACE_BOUND('',#2203,.T.);
#2203 = EDGE_LOOP('',(#2204));
#2204 = ORIENTED_EDGE('',*,*,#2205,.T.);
#2205 = EDGE_CURVE('',#2206,#2206,#2208,.T.);
#2206 = VERTEX_POINT('',#2207);
#2207 = CARTESIAN_POINT('',(87.938,-82.227,1.51));
#2208 = SURFACE_CURVE('',#2209,(#2214,#2225),.PCURVE_S1.);
#2209 = CIRCLE('',#2210,0.635);
#2210 = AXIS2_PLACEMENT_3D('',#2211,#2212,#2213);
#2211 = CARTESIAN_POINT('',(87.938,-81.592,1.51));
#2212 = DIRECTION('',(0.,-0.,-1.));
#2213 = DIRECTION('',(2.23792987641E-14,-1.,0.));
#2214 = PCURVE('',#73,#2215);
#2215 = DEFINITIONAL_REPRESENTATION('',(#2216),#2224);
#2216 = ( BOUNDED_CURVE() B_SPLINE_CURVE(2,(#2217,#2218,#2219,#2220,
#2221,#2222,#2223),.UNSPECIFIED.,.T.,.F.) B_SPLINE_CURVE_WITH_KNOTS((1,2
    ,2,2,2,1),(-2.094395102393,0.,2.094395102393,4.188790204786,
6.28318530718,8.377580409573),.UNSPECIFIED.) CURVE() 
GEOMETRIC_REPRESENTATION_ITEM() RATIONAL_B_SPLINE_CURVE((1.,0.5,1.,0.5,
1.,0.5,1.)) REPRESENTATION_ITEM('') );
#2217 = CARTESIAN_POINT('',(87.938,-82.227));
#2218 = CARTESIAN_POINT('',(86.838147737194,-82.227));
#2219 = CARTESIAN_POINT('',(87.388073868597,-81.2745));
#2220 = CARTESIAN_POINT('',(87.938,-80.322));
#2221 = CARTESIAN_POINT('',(88.487926131403,-81.2745));
#2222 = CARTESIAN_POINT('',(89.037852262806,-82.227));
#2223 = CARTESIAN_POINT('',(87.938,-82.227));
#2224 = ( GEOMETRIC_REPRESENTATION_CONTEXT(2) 
PARAMETRIC_REPRESENTATION_CONTEXT() REPRESENTATION_CONTEXT('2D SPACE',''
  ) );
#2225 = PCURVE('',#2226,#2231);
#2226 = CYLINDRICAL_SURFACE('',#2227,0.635);
#2227 = AXIS2_PLACEMENT_3D('',#2228,#2229,#2230);
#2228 = CARTESIAN_POINT('',(87.938,-81.592,-4.6E-02));
#2229 = DIRECTION('',(0.,0.,-1.));
#2230 = DIRECTION('',(2.23792987641E-14,-1.,0.));
#2231 = DEFINITIONAL_REPRESENTATION('',(#2232),#2236);
#2232 = LINE('',#2233,#2234);
#2233 = CARTESIAN_POINT('',(0.,-1.556));
#2234 = VECTOR('',#2235,1.);
#2235 = DIRECTION('',(1.,0.));
#2236 = ( GEOMETRIC_REPRESENTATION_CONTEXT(2) 
PARAMETRIC_REPRESENTATION_CONTEXT() REPRESENTATION_CONTEXT('2D SPACE',''
  ) );
#2237 = FACE_BOUND('',#2238,.T.);
#2238 = EDGE_LOOP('',(#2239));
#2239 = ORIENTED_EDGE('',*,*,#2240,.T.);
#2240 = EDGE_CURVE('',#2241,#2241,#2243,.T.);
#2241 = VERTEX_POINT('',#2242);
#2242 = CARTESIAN_POINT('',(100.918,-82.667,1.51));
#2243 = SURFACE_CURVE('',#2244,(#2249,#2260),.PCURVE_S1.);
#2244 = CIRCLE('',#2245,0.635);
#2245 = AXIS2_PLACEMENT_3D('',#2246,#2247,#2248);
#2246 = CARTESIAN_POINT('',(100.918,-82.032,1.51));
#2247 = DIRECTION('',(-0.,-0.,-1.));
#2248 = DIRECTION('',(0.,-1.,0.));
#2249 = PCURVE('',#73,#2250);
#2250 = DEFINITIONAL_REPRESENTATION('',(#2251),#2259);
#2251 = ( BOUNDED_CURVE() B_SPLINE_CURVE(2,(#2252,#2253,#2254,#2255,
#2256,#2257,#2258),.UNSPECIFIED.,.T.,.F.) B_SPLINE_CURVE_WITH_KNOTS((1,2
    ,2,2,2,1),(-2.094395102393,0.,2.094395102393,4.188790204786,
6.28318530718,8.377580409573),.UNSPECIFIED.) CURVE() 
GEOMETRIC_REPRESENTATION_ITEM() RATIONAL_B_SPLINE_CURVE((1.,0.5,1.,0.5,
1.,0.5,1.)) REPRESENTATION_ITEM('') );
#2252 = CARTESIAN_POINT('',(100.918,-82.667));
#2253 = CARTESIAN_POINT('',(99.818147737194,-82.667));
#2254 = CARTESIAN_POINT('',(100.36807386859,-81.7145));
#2255 = CARTESIAN_POINT('',(100.918,-80.762));
#2256 = CARTESIAN_POINT('',(101.4679261314,-81.7145));
#2257 = CARTESIAN_POINT('',(102.0178522628,-82.667));
#2258 = CARTESIAN_POINT('',(100.918,-82.667));
#2259 = ( GEOMETRIC_REPRESENTATION_CONTEXT(2) 
PARAMETRIC_REPRESENTATION_CONTEXT() REPRESENTATION_CONTEXT('2D SPACE',''
  ) );
#2260 = PCURVE('',#2261,#2266);
#2261 = CYLINDRICAL_SURFACE('',#2262,0.635);
#2262 = AXIS2_PLACEMENT_3D('',#2263,#2264,#2265);
#2263 = CARTESIAN_POINT('',(100.918,-82.032,-4.6E-02));
#2264 = DIRECTION('',(-0.,-0.,-1.));
#2265 = DIRECTION('',(0.,-1.,0.));
#2266 = DEFINITIONAL_REPRESENTATION('',(#2267),#2271);
#2267 = LINE('',#2268,#2269);
#2268 = CARTESIAN_POINT('',(0.,-1.556));
#2269 = VECTOR('',#2270,1.);
#2270 = DIRECTION('',(1.,0.));
#2271 = ( GEOMETRIC_REPRESENTATION_CONTEXT(2) 
PARAMETRIC_REPRESENTATION_CONTEXT() REPRESENTATION_CONTEXT('2D SPACE',''
  ) );
#2272 = FACE_BOUND('',#2273,.T.);
#2273 = EDGE_LOOP('',(#2274));
#2274 = ORIENTED_EDGE('',*,*,#2275,.T.);
#2275 = EDGE_CURVE('',#2276,#2276,#2278,.T.);
#2276 = VERTEX_POINT('',#2277);
#2277 = CARTESIAN_POINT('',(82.938,-80.127,1.51));
#2278 = SURFACE_CURVE('',#2279,(#2284,#2295),.PCURVE_S1.);
#2279 = CIRCLE('',#2280,0.635);
#2280 = AXIS2_PLACEMENT_3D('',#2281,#2282,#2283);
#2281 = CARTESIAN_POINT('',(82.938,-79.492,1.51));
#2282 = DIRECTION('',(0.,-0.,-1.));
#2283 = DIRECTION('',(2.23792987641E-14,-1.,0.));
#2284 = PCURVE('',#73,#2285);
#2285 = DEFINITIONAL_REPRESENTATION('',(#2286),#2294);
#2286 = ( BOUNDED_CURVE() B_SPLINE_CURVE(2,(#2287,#2288,#2289,#2290,
#2291,#2292,#2293),.UNSPECIFIED.,.T.,.F.) B_SPLINE_CURVE_WITH_KNOTS((1,2
    ,2,2,2,1),(-2.094395102393,0.,2.094395102393,4.188790204786,
6.28318530718,8.377580409573),.UNSPECIFIED.) CURVE() 
GEOMETRIC_REPRESENTATION_ITEM() RATIONAL_B_SPLINE_CURVE((1.,0.5,1.,0.5,
1.,0.5,1.)) REPRESENTATION_ITEM('') );
#2287 = CARTESIAN_POINT('',(82.938,-80.127));
#2288 = CARTESIAN_POINT('',(81.838147737194,-80.127));
#2289 = CARTESIAN_POINT('',(82.388073868597,-79.1745));
#2290 = CARTESIAN_POINT('',(82.938,-78.222));
#2291 = CARTESIAN_POINT('',(83.487926131403,-79.1745));
#2292 = CARTESIAN_POINT('',(84.037852262806,-80.127));
#2293 = CARTESIAN_POINT('',(82.938,-80.127));
#2294 = ( GEOMETRIC_REPRESENTATION_CONTEXT(2) 
PARAMETRIC_REPRESENTATION_CONTEXT() REPRESENTATION_CONTEXT('2D SPACE',''
  ) );
#2295 = PCURVE('',#2296,#2301);
#2296 = CYLINDRICAL_SURFACE('',#2297,0.635);
#2297 = AXIS2_PLACEMENT_3D('',#2298,#2299,#2300);
#2298 = CARTESIAN_POINT('',(82.938,-79.492,-4.6E-02));
#2299 = DIRECTION('',(0.,0.,-1.));
#2300 = DIRECTION('',(2.23792987641E-14,-1.,0.));
#2301 = DEFINITIONAL_REPRESENTATION('',(#2302),#2306);
#2302 = LINE('',#2303,#2304);
#2303 = CARTESIAN_POINT('',(0.,-1.556));
#2304 = VECTOR('',#2305,1.);
#2305 = DIRECTION('',(1.,0.));
#2306 = ( GEOMETRIC_REPRESENTATION_CONTEXT(2) 
PARAMETRIC_REPRESENTATION_CONTEXT() REPRESENTATION_CONTEXT('2D SPACE',''
  ) );
#2307 = FACE_BOUND('',#2308,.T.);
#2308 = EDGE_LOOP('',(#2309));
#2309 = ORIENTED_EDGE('',*,*,#2310,.T.);
#2310 = EDGE_CURVE('',#2311,#2311,#2313,.T.);
#2311 = VERTEX_POINT('',#2312);
#2312 = CARTESIAN_POINT('',(82.438,-76.5429,1.51));
#2313 = SURFACE_CURVE('',#2314,(#2319,#2330),.PCURVE_S1.);
#2314 = CIRCLE('',#2315,0.8509);
#2315 = AXIS2_PLACEMENT_3D('',#2316,#2317,#2318);
#2316 = CARTESIAN_POINT('',(82.438,-75.692,1.51));
#2317 = DIRECTION('',(-0.,-0.,-1.));
#2318 = DIRECTION('',(0.,-1.,0.));
#2319 = PCURVE('',#73,#2320);
#2320 = DEFINITIONAL_REPRESENTATION('',(#2321),#2329);
#2321 = ( BOUNDED_CURVE() B_SPLINE_CURVE(2,(#2322,#2323,#2324,#2325,
#2326,#2327,#2328),.UNSPECIFIED.,.T.,.F.) B_SPLINE_CURVE_WITH_KNOTS((1,2
    ,2,2,2,1),(-2.094395102393,0.,2.094395102393,4.188790204786,
6.28318530718,8.377580409573),.UNSPECIFIED.) CURVE() 
GEOMETRIC_REPRESENTATION_ITEM() RATIONAL_B_SPLINE_CURVE((1.,0.5,1.,0.5,
1.,0.5,1.)) REPRESENTATION_ITEM('') );
#2322 = CARTESIAN_POINT('',(82.438,-76.5429));
#2323 = CARTESIAN_POINT('',(80.96419796784,-76.5429));
#2324 = CARTESIAN_POINT('',(81.70109898392,-75.26655));
#2325 = CARTESIAN_POINT('',(82.438,-73.9902));
#2326 = CARTESIAN_POINT('',(83.17490101608,-75.26655));
#2327 = CARTESIAN_POINT('',(83.91180203216,-76.5429));
#2328 = CARTESIAN_POINT('',(82.438,-76.5429));
#2329 = ( GEOMETRIC_REPRESENTATION_CONTEXT(2) 
PARAMETRIC_REPRESENTATION_CONTEXT() REPRESENTATION_CONTEXT('2D SPACE',''
  ) );
#2330 = PCURVE('',#2331,#2336);
#2331 = CYLINDRICAL_SURFACE('',#2332,0.8509);
#2332 = AXIS2_PLACEMENT_3D('',#2333,#2334,#2335);
#2333 = CARTESIAN_POINT('',(82.438,-75.692,-4.6E-02));
#2334 = DIRECTION('',(-0.,-0.,-1.));
#2335 = DIRECTION('',(0.,-1.,0.));
#2336 = DEFINITIONAL_REPRESENTATION('',(#2337),#2341);
#2337 = LINE('',#2338,#2339);
#2338 = CARTESIAN_POINT('',(0.,-1.556));
#2339 = VECTOR('',#2340,1.);
#2340 = DIRECTION('',(1.,0.));
#2341 = ( GEOMETRIC_REPRESENTATION_CONTEXT(2) 
PARAMETRIC_REPRESENTATION_CONTEXT() REPRESENTATION_CONTEXT('2D SPACE',''
  ) );
#2342 = FACE_BOUND('',#2343,.T.);
#2343 = EDGE_LOOP('',(#2344));
#2344 = ORIENTED_EDGE('',*,*,#2345,.T.);
#2345 = EDGE_CURVE('',#2346,#2346,#2348,.T.);
#2346 = VERTEX_POINT('',#2347);
#2347 = CARTESIAN_POINT('',(79.438,-72.274,1.51));
#2348 = SURFACE_CURVE('',#2349,(#2354,#2365),.PCURVE_S1.);
#2349 = CIRCLE('',#2350,1.1);
#2350 = AXIS2_PLACEMENT_3D('',#2351,#2352,#2353);
#2351 = CARTESIAN_POINT('',(79.438,-71.174,1.51));
#2352 = DIRECTION('',(0.,-0.,-1.));
#2353 = DIRECTION('',(1.2918958832E-14,-1.,0.));
#2354 = PCURVE('',#73,#2355);
#2355 = DEFINITIONAL_REPRESENTATION('',(#2356),#2364);
#2356 = ( BOUNDED_CURVE() B_SPLINE_CURVE(2,(#2357,#2358,#2359,#2360,
#2361,#2362,#2363),.UNSPECIFIED.,.T.,.F.) B_SPLINE_CURVE_WITH_KNOTS((1,2
    ,2,2,2,1),(-2.094395102393,0.,2.094395102393,4.188790204786,
6.28318530718,8.377580409573),.UNSPECIFIED.) CURVE() 
GEOMETRIC_REPRESENTATION_ITEM() RATIONAL_B_SPLINE_CURVE((1.,0.5,1.,0.5,
1.,0.5,1.)) REPRESENTATION_ITEM('') );
#2357 = CARTESIAN_POINT('',(79.438,-72.274));
#2358 = CARTESIAN_POINT('',(77.532744111674,-72.274));
#2359 = CARTESIAN_POINT('',(78.485372055837,-70.624));
#2360 = CARTESIAN_POINT('',(79.438,-68.974));
#2361 = CARTESIAN_POINT('',(80.390627944163,-70.624));
#2362 = CARTESIAN_POINT('',(81.343255888326,-72.274));
#2363 = CARTESIAN_POINT('',(79.438,-72.274));
#2364 = ( GEOMETRIC_REPRESENTATION_CONTEXT(2) 
PARAMETRIC_REPRESENTATION_CONTEXT() REPRESENTATION_CONTEXT('2D SPACE',''
  ) );
#2365 = PCURVE('',#2366,#2371);
#2366 = CYLINDRICAL_SURFACE('',#2367,1.1);
#2367 = AXIS2_PLACEMENT_3D('',#2368,#2369,#2370);
#2368 = CARTESIAN_POINT('',(79.438,-71.174,-4.6E-02));
#2369 = DIRECTION('',(0.,0.,-1.));
#2370 = DIRECTION('',(1.2918958832E-14,-1.,0.));
#2371 = DEFINITIONAL_REPRESENTATION('',(#2372),#2376);
#2372 = LINE('',#2373,#2374);
#2373 = CARTESIAN_POINT('',(0.,-1.556));
#2374 = VECTOR('',#2375,1.);
#2375 = DIRECTION('',(1.,0.));
#2376 = ( GEOMETRIC_REPRESENTATION_CONTEXT(2) 
PARAMETRIC_REPRESENTATION_CONTEXT() REPRESENTATION_CONTEXT('2D SPACE',''
  ) );
#2377 = FACE_BOUND('',#2378,.T.);
#2378 = EDGE_LOOP('',(#2379));
#2379 = ORIENTED_EDGE('',*,*,#2380,.T.);
#2380 = EDGE_CURVE('',#2381,#2381,#2383,.T.);
#2381 = VERTEX_POINT('',#2382);
#2382 = CARTESIAN_POINT('',(82.718,-71.9873,1.51));
#2383 = SURFACE_CURVE('',#2384,(#2389,#2400),.PCURVE_S1.);
#2384 = CIRCLE('',#2385,0.4953);
#2385 = AXIS2_PLACEMENT_3D('',#2386,#2387,#2388);
#2386 = CARTESIAN_POINT('',(82.718,-71.492,1.51));
#2387 = DIRECTION('',(-0.,-0.,-1.));
#2388 = DIRECTION('',(0.,-1.,0.));
#2389 = PCURVE('',#73,#2390);
#2390 = DEFINITIONAL_REPRESENTATION('',(#2391),#2399);
#2391 = ( BOUNDED_CURVE() B_SPLINE_CURVE(2,(#2392,#2393,#2394,#2395,
#2396,#2397,#2398),.UNSPECIFIED.,.T.,.F.) B_SPLINE_CURVE_WITH_KNOTS((1,2
    ,2,2,2,1),(-2.094395102393,0.,2.094395102393,4.188790204786,
6.28318530718,8.377580409573),.UNSPECIFIED.) CURVE() 
GEOMETRIC_REPRESENTATION_ITEM() RATIONAL_B_SPLINE_CURVE((1.,0.5,1.,0.5,
1.,0.5,1.)) REPRESENTATION_ITEM('') );
#2392 = CARTESIAN_POINT('',(82.718,-71.9873));
#2393 = CARTESIAN_POINT('',(81.860115235011,-71.9873));
#2394 = CARTESIAN_POINT('',(82.289057617506,-71.24435));
#2395 = CARTESIAN_POINT('',(82.718,-70.5014));
#2396 = CARTESIAN_POINT('',(83.146942382494,-71.24435));
#2397 = CARTESIAN_POINT('',(83.575884764989,-71.9873));
#2398 = CARTESIAN_POINT('',(82.718,-71.9873));
#2399 = ( GEOMETRIC_REPRESENTATION_CONTEXT(2) 
PARAMETRIC_REPRESENTATION_CONTEXT() REPRESENTATION_CONTEXT('2D SPACE',''
  ) );
#2400 = PCURVE('',#2401,#2406);
#2401 = CYLINDRICAL_SURFACE('',#2402,0.4953);
#2402 = AXIS2_PLACEMENT_3D('',#2403,#2404,#2405);
#2403 = CARTESIAN_POINT('',(82.718,-71.492,-4.6E-02));
#2404 = DIRECTION('',(-0.,-0.,-1.));
#2405 = DIRECTION('',(0.,-1.,0.));
#2406 = DEFINITIONAL_REPRESENTATION('',(#2407),#2411);
#2407 = LINE('',#2408,#2409);
#2408 = CARTESIAN_POINT('',(0.,-1.556));
#2409 = VECTOR('',#2410,1.);
#2410 = DIRECTION('',(1.,0.));
#2411 = ( GEOMETRIC_REPRESENTATION_CONTEXT(2) 
PARAMETRIC_REPRESENTATION_CONTEXT() REPRESENTATION_CONTEXT('2D SPACE',''
  ) );
#2412 = FACE_BOUND('',#2413,.T.);
#2413 = EDGE_LOOP('',(#2414));
#2414 = ORIENTED_EDGE('',*,*,#2415,.T.);
#2415 = EDGE_CURVE('',#2416,#2416,#2418,.T.);
#2416 = VERTEX_POINT('',#2417);
#2417 = CARTESIAN_POINT('',(87.938,-77.4065,1.51));
#2418 = SURFACE_CURVE('',#2419,(#2424,#2435),.PCURVE_S1.);
#2419 = CIRCLE('',#2420,1.7145);
#2420 = AXIS2_PLACEMENT_3D('',#2421,#2422,#2423);
#2421 = CARTESIAN_POINT('',(87.938,-75.692,1.51));
#2422 = DIRECTION('',(-0.,-0.,-1.));
#2423 = DIRECTION('',(0.,-1.,0.));
#2424 = PCURVE('',#73,#2425);
#2425 = DEFINITIONAL_REPRESENTATION('',(#2426),#2434);
#2426 = ( BOUNDED_CURVE() B_SPLINE_CURVE(2,(#2427,#2428,#2429,#2430,
#2431,#2432,#2433),.UNSPECIFIED.,.T.,.F.) B_SPLINE_CURVE_WITH_KNOTS((1,2
    ,2,2,2,1),(-2.094395102393,0.,2.094395102393,4.188790204786,
6.28318530718,8.377580409573),.UNSPECIFIED.) CURVE() 
GEOMETRIC_REPRESENTATION_ITEM() RATIONAL_B_SPLINE_CURVE((1.,0.5,1.,0.5,
1.,0.5,1.)) REPRESENTATION_ITEM('') );
#2427 = CARTESIAN_POINT('',(87.938,-77.4065));
#2428 = CARTESIAN_POINT('',(84.968398890423,-77.4065));
#2429 = CARTESIAN_POINT('',(86.453199445212,-74.83475));
#2430 = CARTESIAN_POINT('',(87.938,-72.263));
#2431 = CARTESIAN_POINT('',(89.422800554788,-74.83475));
#2432 = CARTESIAN_POINT('',(90.907601109577,-77.4065));
#2433 = CARTESIAN_POINT('',(87.938,-77.4065));
#2434 = ( GEOMETRIC_REPRESENTATION_CONTEXT(2) 
PARAMETRIC_REPRESENTATION_CONTEXT() REPRESENTATION_CONTEXT('2D SPACE',''
  ) );
#2435 = PCURVE('',#2436,#2441);
#2436 = CYLINDRICAL_SURFACE('',#2437,1.7145);
#2437 = AXIS2_PLACEMENT_3D('',#2438,#2439,#2440);
#2438 = CARTESIAN_POINT('',(87.938,-75.692,-4.6E-02));
#2439 = DIRECTION('',(-0.,-0.,-1.));
#2440 = DIRECTION('',(0.,-1.,0.));
#2441 = DEFINITIONAL_REPRESENTATION('',(#2442),#2446);
#2442 = LINE('',#2443,#2444);
#2443 = CARTESIAN_POINT('',(0.,-1.556));
#2444 = VECTOR('',#2445,1.);
#2445 = DIRECTION('',(1.,0.));
#2446 = ( GEOMETRIC_REPRESENTATION_CONTEXT(2) 
PARAMETRIC_REPRESENTATION_CONTEXT() REPRESENTATION_CONTEXT('2D SPACE',''
  ) );
#2447 = FACE_BOUND('',#2448,.T.);
#2448 = EDGE_LOOP('',(#2449));
#2449 = ORIENTED_EDGE('',*,*,#2450,.T.);
#2450 = EDGE_CURVE('',#2451,#2451,#2453,.T.);
#2451 = VERTEX_POINT('',#2452);
#2452 = CARTESIAN_POINT('',(100.418,-79.0829,1.51));
#2453 = SURFACE_CURVE('',#2454,(#2459,#2470),.PCURVE_S1.);
#2454 = CIRCLE('',#2455,0.8509);
#2455 = AXIS2_PLACEMENT_3D('',#2456,#2457,#2458);
#2456 = CARTESIAN_POINT('',(100.418,-78.232,1.51));
#2457 = DIRECTION('',(-0.,-0.,-1.));
#2458 = DIRECTION('',(0.,-1.,0.));
#2459 = PCURVE('',#73,#2460);
#2460 = DEFINITIONAL_REPRESENTATION('',(#2461),#2469);
#2461 = ( BOUNDED_CURVE() B_SPLINE_CURVE(2,(#2462,#2463,#2464,#2465,
#2466,#2467,#2468),.UNSPECIFIED.,.T.,.F.) B_SPLINE_CURVE_WITH_KNOTS((1,2
    ,2,2,2,1),(-2.094395102393,0.,2.094395102393,4.188790204786,
6.28318530718,8.377580409573),.UNSPECIFIED.) CURVE() 
GEOMETRIC_REPRESENTATION_ITEM() RATIONAL_B_SPLINE_CURVE((1.,0.5,1.,0.5,
1.,0.5,1.)) REPRESENTATION_ITEM('') );
#2462 = CARTESIAN_POINT('',(100.418,-79.0829));
#2463 = CARTESIAN_POINT('',(98.94419796784,-79.0829));
#2464 = CARTESIAN_POINT('',(99.68109898392,-77.80655));
#2465 = CARTESIAN_POINT('',(100.418,-76.5302));
#2466 = CARTESIAN_POINT('',(101.15490101608,-77.80655));
#2467 = CARTESIAN_POINT('',(101.89180203216,-79.0829));
#2468 = CARTESIAN_POINT('',(100.418,-79.0829));
#2469 = ( GEOMETRIC_REPRESENTATION_CONTEXT(2) 
PARAMETRIC_REPRESENTATION_CONTEXT() REPRESENTATION_CONTEXT('2D SPACE',''
  ) );
#2470 = PCURVE('',#2471,#2476);
#2471 = CYLINDRICAL_SURFACE('',#2472,0.8509);
#2472 = AXIS2_PLACEMENT_3D('',#2473,#2474,#2475);
#2473 = CARTESIAN_POINT('',(100.418,-78.232,-4.6E-02));
#2474 = DIRECTION('',(-0.,-0.,-1.));
#2475 = DIRECTION('',(0.,-1.,0.));
#2476 = DEFINITIONAL_REPRESENTATION('',(#2477),#2481);
#2477 = LINE('',#2478,#2479);
#2478 = CARTESIAN_POINT('',(0.,-1.556));
#2479 = VECTOR('',#2480,1.);
#2480 = DIRECTION('',(1.,0.));
#2481 = ( GEOMETRIC_REPRESENTATION_CONTEXT(2) 
PARAMETRIC_REPRESENTATION_CONTEXT() REPRESENTATION_CONTEXT('2D SPACE',''
  ) );
#2482 = FACE_BOUND('',#2483,.T.);
#2483 = EDGE_LOOP('',(#2484));
#2484 = ORIENTED_EDGE('',*,*,#2485,.T.);
#2485 = EDGE_CURVE('',#2486,#2486,#2488,.T.);
#2486 = VERTEX_POINT('',#2487);
#2487 = CARTESIAN_POINT('',(93.438,-76.5429,1.51));
#2488 = SURFACE_CURVE('',#2489,(#2494,#2505),.PCURVE_S1.);
#2489 = CIRCLE('',#2490,0.8509);
#2490 = AXIS2_PLACEMENT_3D('',#2491,#2492,#2493);
#2491 = CARTESIAN_POINT('',(93.438,-75.692,1.51));
#2492 = DIRECTION('',(-0.,-0.,-1.));
#2493 = DIRECTION('',(0.,-1.,0.));
#2494 = PCURVE('',#73,#2495);
#2495 = DEFINITIONAL_REPRESENTATION('',(#2496),#2504);
#2496 = ( BOUNDED_CURVE() B_SPLINE_CURVE(2,(#2497,#2498,#2499,#2500,
#2501,#2502,#2503),.UNSPECIFIED.,.T.,.F.) B_SPLINE_CURVE_WITH_KNOTS((1,2
    ,2,2,2,1),(-2.094395102393,0.,2.094395102393,4.188790204786,
6.28318530718,8.377580409573),.UNSPECIFIED.) CURVE() 
GEOMETRIC_REPRESENTATION_ITEM() RATIONAL_B_SPLINE_CURVE((1.,0.5,1.,0.5,
1.,0.5,1.)) REPRESENTATION_ITEM('') );
#2497 = CARTESIAN_POINT('',(93.438,-76.5429));
#2498 = CARTESIAN_POINT('',(91.96419796784,-76.5429));
#2499 = CARTESIAN_POINT('',(92.70109898392,-75.26655));
#2500 = CARTESIAN_POINT('',(93.438,-73.9902));
#2501 = CARTESIAN_POINT('',(94.17490101608,-75.26655));
#2502 = CARTESIAN_POINT('',(94.91180203216,-76.5429));
#2503 = CARTESIAN_POINT('',(93.438,-76.5429));
#2504 = ( GEOMETRIC_REPRESENTATION_CONTEXT(2) 
PARAMETRIC_REPRESENTATION_CONTEXT() REPRESENTATION_CONTEXT('2D SPACE',''
  ) );
#2505 = PCURVE('',#2506,#2511);
#2506 = CYLINDRICAL_SURFACE('',#2507,0.8509);
#2507 = AXIS2_PLACEMENT_3D('',#2508,#2509,#2510);
#2508 = CARTESIAN_POINT('',(93.438,-75.692,-4.6E-02));
#2509 = DIRECTION('',(-0.,-0.,-1.));
#2510 = DIRECTION('',(0.,-1.,0.));
#2511 = DEFINITIONAL_REPRESENTATION('',(#2512),#2516);
#2512 = LINE('',#2513,#2514);
#2513 = CARTESIAN_POINT('',(0.,-1.556));
#2514 = VECTOR('',#2515,1.);
#2515 = DIRECTION('',(1.,0.));
#2516 = ( GEOMETRIC_REPRESENTATION_CONTEXT(2) 
PARAMETRIC_REPRESENTATION_CONTEXT() REPRESENTATION_CONTEXT('2D SPACE',''
  ) );
#2517 = FACE_BOUND('',#2518,.T.);
#2518 = EDGE_LOOP('',(#2519));
#2519 = ORIENTED_EDGE('',*,*,#2520,.T.);
#2520 = EDGE_CURVE('',#2521,#2521,#2523,.T.);
#2521 = VERTEX_POINT('',#2522);
#2522 = CARTESIAN_POINT('',(93.158,-71.9873,1.51));
#2523 = SURFACE_CURVE('',#2524,(#2529,#2540),.PCURVE_S1.);
#2524 = CIRCLE('',#2525,0.4953);
#2525 = AXIS2_PLACEMENT_3D('',#2526,#2527,#2528);
#2526 = CARTESIAN_POINT('',(93.158,-71.492,1.51));
#2527 = DIRECTION('',(-0.,-0.,-1.));
#2528 = DIRECTION('',(0.,-1.,0.));
#2529 = PCURVE('',#73,#2530);
#2530 = DEFINITIONAL_REPRESENTATION('',(#2531),#2539);
#2531 = ( BOUNDED_CURVE() B_SPLINE_CURVE(2,(#2532,#2533,#2534,#2535,
#2536,#2537,#2538),.UNSPECIFIED.,.T.,.F.) B_SPLINE_CURVE_WITH_KNOTS((1,2
    ,2,2,2,1),(-2.094395102393,0.,2.094395102393,4.188790204786,
6.28318530718,8.377580409573),.UNSPECIFIED.) CURVE() 
GEOMETRIC_REPRESENTATION_ITEM() RATIONAL_B_SPLINE_CURVE((1.,0.5,1.,0.5,
1.,0.5,1.)) REPRESENTATION_ITEM('') );
#2532 = CARTESIAN_POINT('',(93.158,-71.9873));
#2533 = CARTESIAN_POINT('',(92.300115235011,-71.9873));
#2534 = CARTESIAN_POINT('',(92.729057617506,-71.24435));
#2535 = CARTESIAN_POINT('',(93.158,-70.5014));
#2536 = CARTESIAN_POINT('',(93.586942382494,-71.24435));
#2537 = CARTESIAN_POINT('',(94.015884764989,-71.9873));
#2538 = CARTESIAN_POINT('',(93.158,-71.9873));
#2539 = ( GEOMETRIC_REPRESENTATION_CONTEXT(2) 
PARAMETRIC_REPRESENTATION_CONTEXT() REPRESENTATION_CONTEXT('2D SPACE',''
  ) );
#2540 = PCURVE('',#2541,#2546);
#2541 = CYLINDRICAL_SURFACE('',#2542,0.4953);
#2542 = AXIS2_PLACEMENT_3D('',#2543,#2544,#2545);
#2543 = CARTESIAN_POINT('',(93.158,-71.492,-4.6E-02));
#2544 = DIRECTION('',(-0.,-0.,-1.));
#2545 = DIRECTION('',(0.,-1.,0.));
#2546 = DEFINITIONAL_REPRESENTATION('',(#2547),#2551);
#2547 = LINE('',#2548,#2549);
#2548 = CARTESIAN_POINT('',(0.,-1.556));
#2549 = VECTOR('',#2550,1.);
#2550 = DIRECTION('',(1.,0.));
#2551 = ( GEOMETRIC_REPRESENTATION_CONTEXT(2) 
PARAMETRIC_REPRESENTATION_CONTEXT() REPRESENTATION_CONTEXT('2D SPACE',''
  ) );
#2552 = FACE_BOUND('',#2553,.T.);
#2553 = EDGE_LOOP('',(#2554));
#2554 = ORIENTED_EDGE('',*,*,#2555,.T.);
#2555 = EDGE_CURVE('',#2556,#2556,#2558,.T.);
#2556 = VERTEX_POINT('',#2557);
#2557 = CARTESIAN_POINT('',(100.698,-74.5273,1.51));
#2558 = SURFACE_CURVE('',#2559,(#2564,#2575),.PCURVE_S1.);
#2559 = CIRCLE('',#2560,0.4953);
#2560 = AXIS2_PLACEMENT_3D('',#2561,#2562,#2563);
#2561 = CARTESIAN_POINT('',(100.698,-74.032,1.51));
#2562 = DIRECTION('',(-0.,-0.,-1.));
#2563 = DIRECTION('',(0.,-1.,0.));
#2564 = PCURVE('',#73,#2565);
#2565 = DEFINITIONAL_REPRESENTATION('',(#2566),#2574);
#2566 = ( BOUNDED_CURVE() B_SPLINE_CURVE(2,(#2567,#2568,#2569,#2570,
#2571,#2572,#2573),.UNSPECIFIED.,.T.,.F.) B_SPLINE_CURVE_WITH_KNOTS((1,2
    ,2,2,2,1),(-2.094395102393,0.,2.094395102393,4.188790204786,
6.28318530718,8.377580409573),.UNSPECIFIED.) CURVE() 
GEOMETRIC_REPRESENTATION_ITEM() RATIONAL_B_SPLINE_CURVE((1.,0.5,1.,0.5,
1.,0.5,1.)) REPRESENTATION_ITEM('') );
#2567 = CARTESIAN_POINT('',(100.698,-74.5273));
#2568 = CARTESIAN_POINT('',(99.840115235011,-74.5273));
#2569 = CARTESIAN_POINT('',(100.2690576175,-73.78435));
#2570 = CARTESIAN_POINT('',(100.698,-73.0414));
#2571 = CARTESIAN_POINT('',(101.12694238249,-73.78435));
#2572 = CARTESIAN_POINT('',(101.55588476498,-74.5273));
#2573 = CARTESIAN_POINT('',(100.698,-74.5273));
#2574 = ( GEOMETRIC_REPRESENTATION_CONTEXT(2) 
PARAMETRIC_REPRESENTATION_CONTEXT() REPRESENTATION_CONTEXT('2D SPACE',''
  ) );
#2575 = PCURVE('',#2576,#2581);
#2576 = CYLINDRICAL_SURFACE('',#2577,0.4953);
#2577 = AXIS2_PLACEMENT_3D('',#2578,#2579,#2580);
#2578 = CARTESIAN_POINT('',(100.698,-74.032,-4.6E-02));
#2579 = DIRECTION('',(-0.,-0.,-1.));
#2580 = DIRECTION('',(0.,-1.,0.));
#2581 = DEFINITIONAL_REPRESENTATION('',(#2582),#2586);
#2582 = LINE('',#2583,#2584);
#2583 = CARTESIAN_POINT('',(0.,-1.556));
#2584 = VECTOR('',#2585,1.);
#2585 = DIRECTION('',(1.,0.));
#2586 = ( GEOMETRIC_REPRESENTATION_CONTEXT(2) 
PARAMETRIC_REPRESENTATION_CONTEXT() REPRESENTATION_CONTEXT('2D SPACE',''
  ) );
#2587 = FACE_BOUND('',#2588,.T.);
#2588 = EDGE_LOOP('',(#2589));
#2589 = ORIENTED_EDGE('',*,*,#2590,.T.);
#2590 = EDGE_CURVE('',#2591,#2591,#2593,.T.);
#2591 = VERTEX_POINT('',#2592);
#2592 = CARTESIAN_POINT('',(105.918,-84.767,1.51));
#2593 = SURFACE_CURVE('',#2594,(#2599,#2610),.PCURVE_S1.);
#2594 = CIRCLE('',#2595,0.635);
#2595 = AXIS2_PLACEMENT_3D('',#2596,#2597,#2598);
#2596 = CARTESIAN_POINT('',(105.918,-84.132,1.51));
#2597 = DIRECTION('',(-0.,-0.,-1.));
#2598 = DIRECTION('',(0.,-1.,0.));
#2599 = PCURVE('',#73,#2600);
#2600 = DEFINITIONAL_REPRESENTATION('',(#2601),#2609);
#2601 = ( BOUNDED_CURVE() B_SPLINE_CURVE(2,(#2602,#2603,#2604,#2605,
#2606,#2607,#2608),.UNSPECIFIED.,.T.,.F.) B_SPLINE_CURVE_WITH_KNOTS((1,2
    ,2,2,2,1),(-2.094395102393,0.,2.094395102393,4.188790204786,
6.28318530718,8.377580409573),.UNSPECIFIED.) CURVE() 
GEOMETRIC_REPRESENTATION_ITEM() RATIONAL_B_SPLINE_CURVE((1.,0.5,1.,0.5,
1.,0.5,1.)) REPRESENTATION_ITEM('') );
#2602 = CARTESIAN_POINT('',(105.918,-84.767));
#2603 = CARTESIAN_POINT('',(104.81814773719,-84.767));
#2604 = CARTESIAN_POINT('',(105.36807386859,-83.8145));
#2605 = CARTESIAN_POINT('',(105.918,-82.862));
#2606 = CARTESIAN_POINT('',(106.4679261314,-83.8145));
#2607 = CARTESIAN_POINT('',(107.0178522628,-84.767));
#2608 = CARTESIAN_POINT('',(105.918,-84.767));
#2609 = ( GEOMETRIC_REPRESENTATION_CONTEXT(2) 
PARAMETRIC_REPRESENTATION_CONTEXT() REPRESENTATION_CONTEXT('2D SPACE',''
  ) );
#2610 = PCURVE('',#2611,#2616);
#2611 = CYLINDRICAL_SURFACE('',#2612,0.635);
#2612 = AXIS2_PLACEMENT_3D('',#2613,#2614,#2615);
#2613 = CARTESIAN_POINT('',(105.918,-84.132,-4.6E-02));
#2614 = DIRECTION('',(-0.,-0.,-1.));
#2615 = DIRECTION('',(0.,-1.,0.));
#2616 = DEFINITIONAL_REPRESENTATION('',(#2617),#2621);
#2617 = LINE('',#2618,#2619);
#2618 = CARTESIAN_POINT('',(0.,-1.556));
#2619 = VECTOR('',#2620,1.);
#2620 = DIRECTION('',(1.,0.));
#2621 = ( GEOMETRIC_REPRESENTATION_CONTEXT(2) 
PARAMETRIC_REPRESENTATION_CONTEXT() REPRESENTATION_CONTEXT('2D SPACE',''
  ) );
#2622 = FACE_BOUND('',#2623,.T.);
#2623 = EDGE_LOOP('',(#2624,#2659,#2687,#2720));
#2624 = ORIENTED_EDGE('',*,*,#2625,.T.);
#2625 = EDGE_CURVE('',#2626,#2628,#2630,.T.);
#2626 = VERTEX_POINT('',#2627);
#2627 = CARTESIAN_POINT('',(121.172,-83.268,1.51));
#2628 = VERTEX_POINT('',#2629);
#2629 = CARTESIAN_POINT('',(121.172,-82.368,1.51));
#2630 = SURFACE_CURVE('',#2631,(#2636,#2647),.PCURVE_S1.);
#2631 = CIRCLE('',#2632,0.45);
#2632 = AXIS2_PLACEMENT_3D('',#2633,#2634,#2635);
#2633 = CARTESIAN_POINT('',(121.172,-82.818,1.51));
#2634 = DIRECTION('',(0.,0.,-1.));
#2635 = DIRECTION('',(-3.157967714489E-14,1.,0.));
#2636 = PCURVE('',#73,#2637);
#2637 = DEFINITIONAL_REPRESENTATION('',(#2638),#2646);
#2638 = ( BOUNDED_CURVE() B_SPLINE_CURVE(2,(#2639,#2640,#2641,#2642,
#2643,#2644,#2645),.UNSPECIFIED.,.T.,.F.) B_SPLINE_CURVE_WITH_KNOTS((1,2
    ,2,2,2,1),(-2.094395102393,0.,2.094395102393,4.188790204786,
6.28318530718,8.377580409573),.UNSPECIFIED.) CURVE() 
GEOMETRIC_REPRESENTATION_ITEM() RATIONAL_B_SPLINE_CURVE((1.,0.5,1.,0.5,
1.,0.5,1.)) REPRESENTATION_ITEM('') );
#2639 = CARTESIAN_POINT('',(121.172,-82.368));
#2640 = CARTESIAN_POINT('',(121.9514228634,-82.368));
#2641 = CARTESIAN_POINT('',(121.5617114317,-83.043));
#2642 = CARTESIAN_POINT('',(121.172,-83.718));
#2643 = CARTESIAN_POINT('',(120.78228856829,-83.043));
#2644 = CARTESIAN_POINT('',(120.39257713659,-82.368));
#2645 = CARTESIAN_POINT('',(121.172,-82.368));
#2646 = ( GEOMETRIC_REPRESENTATION_CONTEXT(2) 
PARAMETRIC_REPRESENTATION_CONTEXT() REPRESENTATION_CONTEXT('2D SPACE',''
  ) );
#2647 = PCURVE('',#2648,#2653);
#2648 = CYLINDRICAL_SURFACE('',#2649,0.45);
#2649 = AXIS2_PLACEMENT_3D('',#2650,#2651,#2652);
#2650 = CARTESIAN_POINT('',(121.172,-82.818,-4.6E-02));
#2651 = DIRECTION('',(-0.,-0.,-1.));
#2652 = DIRECTION('',(-3.157967714489E-14,1.,0.));
#2653 = DEFINITIONAL_REPRESENTATION('',(#2654),#2658);
#2654 = LINE('',#2655,#2656);
#2655 = CARTESIAN_POINT('',(0.,-1.556));
#2656 = VECTOR('',#2657,1.);
#2657 = DIRECTION('',(1.,0.));
#2658 = ( GEOMETRIC_REPRESENTATION_CONTEXT(2) 
PARAMETRIC_REPRESENTATION_CONTEXT() REPRESENTATION_CONTEXT('2D SPACE',''
  ) );
#2659 = ORIENTED_EDGE('',*,*,#2660,.T.);
#2660 = EDGE_CURVE('',#2628,#2661,#2663,.T.);
#2661 = VERTEX_POINT('',#2662);
#2662 = CARTESIAN_POINT('',(121.572,-82.368,1.51));
#2663 = SURFACE_CURVE('',#2664,(#2668,#2675),.PCURVE_S1.);
#2664 = LINE('',#2665,#2666);
#2665 = CARTESIAN_POINT('',(60.786,-82.368,1.51));
#2666 = VECTOR('',#2667,1.);
#2667 = DIRECTION('',(1.,0.,0.));
#2668 = PCURVE('',#73,#2669);
#2669 = DEFINITIONAL_REPRESENTATION('',(#2670),#2674);
#2670 = LINE('',#2671,#2672);
#2671 = CARTESIAN_POINT('',(60.786,-82.368));
#2672 = VECTOR('',#2673,1.);
#2673 = DIRECTION('',(1.,0.));
#2674 = ( GEOMETRIC_REPRESENTATION_CONTEXT(2) 
PARAMETRIC_REPRESENTATION_CONTEXT() REPRESENTATION_CONTEXT('2D SPACE',''
  ) );
#2675 = PCURVE('',#2676,#2681);
#2676 = PLANE('',#2677);
#2677 = AXIS2_PLACEMENT_3D('',#2678,#2679,#2680);
#2678 = CARTESIAN_POINT('',(121.572,-82.368,-4.6E-02));
#2679 = DIRECTION('',(0.,-1.,0.));
#2680 = DIRECTION('',(-1.,0.,0.));
#2681 = DEFINITIONAL_REPRESENTATION('',(#2682),#2686);
#2682 = LINE('',#2683,#2684);
#2683 = CARTESIAN_POINT('',(60.786,-1.556));
#2684 = VECTOR('',#2685,1.);
#2685 = DIRECTION('',(-1.,0.));
#2686 = ( GEOMETRIC_REPRESENTATION_CONTEXT(2) 
PARAMETRIC_REPRESENTATION_CONTEXT() REPRESENTATION_CONTEXT('2D SPACE',''
  ) );
#2687 = ORIENTED_EDGE('',*,*,#2688,.T.);
#2688 = EDGE_CURVE('',#2661,#2689,#2691,.T.);
#2689 = VERTEX_POINT('',#2690);
#2690 = CARTESIAN_POINT('',(121.572,-83.268,1.51));
#2691 = SURFACE_CURVE('',#2692,(#2697,#2708),.PCURVE_S1.);
#2692 = CIRCLE('',#2693,0.45);
#2693 = AXIS2_PLACEMENT_3D('',#2694,#2695,#2696);
#2694 = CARTESIAN_POINT('',(121.572,-82.818,1.51));
#2695 = DIRECTION('',(0.,-0.,-1.));
#2696 = DIRECTION('',(3.157967714489E-14,-1.,0.));
#2697 = PCURVE('',#73,#2698);
#2698 = DEFINITIONAL_REPRESENTATION('',(#2699),#2707);
#2699 = ( BOUNDED_CURVE() B_SPLINE_CURVE(2,(#2700,#2701,#2702,#2703,
#2704,#2705,#2706),.UNSPECIFIED.,.T.,.F.) B_SPLINE_CURVE_WITH_KNOTS((1,2
    ,2,2,2,1),(-2.094395102393,0.,2.094395102393,4.188790204786,
6.28318530718,8.377580409573),.UNSPECIFIED.) CURVE() 
GEOMETRIC_REPRESENTATION_ITEM() RATIONAL_B_SPLINE_CURVE((1.,0.5,1.,0.5,
1.,0.5,1.)) REPRESENTATION_ITEM('') );
#2700 = CARTESIAN_POINT('',(121.572,-83.268));
#2701 = CARTESIAN_POINT('',(120.79257713659,-83.268));
#2702 = CARTESIAN_POINT('',(121.18228856829,-82.593));
#2703 = CARTESIAN_POINT('',(121.572,-81.918));
#2704 = CARTESIAN_POINT('',(121.9617114317,-82.593));
#2705 = CARTESIAN_POINT('',(122.3514228634,-83.268));
#2706 = CARTESIAN_POINT('',(121.572,-83.268));
#2707 = ( GEOMETRIC_REPRESENTATION_CONTEXT(2) 
PARAMETRIC_REPRESENTATION_CONTEXT() REPRESENTATION_CONTEXT('2D SPACE',''
  ) );
#2708 = PCURVE('',#2709,#2714);
#2709 = CYLINDRICAL_SURFACE('',#2710,0.45);
#2710 = AXIS2_PLACEMENT_3D('',#2711,#2712,#2713);
#2711 = CARTESIAN_POINT('',(121.572,-82.818,-4.6E-02));
#2712 = DIRECTION('',(0.,0.,-1.));
#2713 = DIRECTION('',(3.157967714489E-14,-1.,0.));
#2714 = DEFINITIONAL_REPRESENTATION('',(#2715),#2719);
#2715 = LINE('',#2716,#2717);
#2716 = CARTESIAN_POINT('',(0.,-1.556));
#2717 = VECTOR('',#2718,1.);
#2718 = DIRECTION('',(1.,0.));
#2719 = ( GEOMETRIC_REPRESENTATION_CONTEXT(2) 
PARAMETRIC_REPRESENTATION_CONTEXT() REPRESENTATION_CONTEXT('2D SPACE',''
  ) );
#2720 = ORIENTED_EDGE('',*,*,#2721,.T.);
#2721 = EDGE_CURVE('',#2689,#2626,#2722,.T.);
#2722 = SURFACE_CURVE('',#2723,(#2727,#2734),.PCURVE_S1.);
#2723 = LINE('',#2724,#2725);
#2724 = CARTESIAN_POINT('',(60.586,-83.268,1.51));
#2725 = VECTOR('',#2726,1.);
#2726 = DIRECTION('',(-1.,0.,0.));
#2727 = PCURVE('',#73,#2728);
#2728 = DEFINITIONAL_REPRESENTATION('',(#2729),#2733);
#2729 = LINE('',#2730,#2731);
#2730 = CARTESIAN_POINT('',(60.586,-83.268));
#2731 = VECTOR('',#2732,1.);
#2732 = DIRECTION('',(-1.,0.));
#2733 = ( GEOMETRIC_REPRESENTATION_CONTEXT(2) 
PARAMETRIC_REPRESENTATION_CONTEXT() REPRESENTATION_CONTEXT('2D SPACE',''
  ) );
#2734 = PCURVE('',#2735,#2740);
#2735 = PLANE('',#2736);
#2736 = AXIS2_PLACEMENT_3D('',#2737,#2738,#2739);
#2737 = CARTESIAN_POINT('',(121.172,-83.268,-4.6E-02));
#2738 = DIRECTION('',(0.,1.,0.));
#2739 = DIRECTION('',(1.,0.,0.));
#2740 = DEFINITIONAL_REPRESENTATION('',(#2741),#2745);
#2741 = LINE('',#2742,#2743);
#2742 = CARTESIAN_POINT('',(-60.586,-1.556));
#2743 = VECTOR('',#2744,1.);
#2744 = DIRECTION('',(-1.,0.));
#2745 = ( GEOMETRIC_REPRESENTATION_CONTEXT(2) 
PARAMETRIC_REPRESENTATION_CONTEXT() REPRESENTATION_CONTEXT('2D SPACE',''
  ) );
#2746 = FACE_BOUND('',#2747,.T.);
#2747 = EDGE_LOOP('',(#2748,#2783,#2811,#2844));
#2748 = ORIENTED_EDGE('',*,*,#2749,.T.);
#2749 = EDGE_CURVE('',#2750,#2752,#2754,.T.);
#2750 = VERTEX_POINT('',#2751);
#2751 = CARTESIAN_POINT('',(125.172,-83.268,1.51));
#2752 = VERTEX_POINT('',#2753);
#2753 = CARTESIAN_POINT('',(125.172,-82.368,1.51));
#2754 = SURFACE_CURVE('',#2755,(#2760,#2771),.PCURVE_S1.);
#2755 = CIRCLE('',#2756,0.45);
#2756 = AXIS2_PLACEMENT_3D('',#2757,#2758,#2759);
#2757 = CARTESIAN_POINT('',(125.172,-82.818,1.51));
#2758 = DIRECTION('',(0.,0.,-1.));
#2759 = DIRECTION('',(-3.157967714489E-14,1.,0.));
#2760 = PCURVE('',#73,#2761);
#2761 = DEFINITIONAL_REPRESENTATION('',(#2762),#2770);
#2762 = ( BOUNDED_CURVE() B_SPLINE_CURVE(2,(#2763,#2764,#2765,#2766,
#2767,#2768,#2769),.UNSPECIFIED.,.T.,.F.) B_SPLINE_CURVE_WITH_KNOTS((1,2
    ,2,2,2,1),(-2.094395102393,0.,2.094395102393,4.188790204786,
6.28318530718,8.377580409573),.UNSPECIFIED.) CURVE() 
GEOMETRIC_REPRESENTATION_ITEM() RATIONAL_B_SPLINE_CURVE((1.,0.5,1.,0.5,
1.,0.5,1.)) REPRESENTATION_ITEM('') );
#2763 = CARTESIAN_POINT('',(125.172,-82.368));
#2764 = CARTESIAN_POINT('',(125.9514228634,-82.368));
#2765 = CARTESIAN_POINT('',(125.5617114317,-83.043));
#2766 = CARTESIAN_POINT('',(125.172,-83.718));
#2767 = CARTESIAN_POINT('',(124.78228856829,-83.043));
#2768 = CARTESIAN_POINT('',(124.39257713659,-82.368));
#2769 = CARTESIAN_POINT('',(125.172,-82.368));
#2770 = ( GEOMETRIC_REPRESENTATION_CONTEXT(2) 
PARAMETRIC_REPRESENTATION_CONTEXT() REPRESENTATION_CONTEXT('2D SPACE',''
  ) );
#2771 = PCURVE('',#2772,#2777);
#2772 = CYLINDRICAL_SURFACE('',#2773,0.45);
#2773 = AXIS2_PLACEMENT_3D('',#2774,#2775,#2776);
#2774 = CARTESIAN_POINT('',(125.172,-82.818,-4.6E-02));
#2775 = DIRECTION('',(-0.,-0.,-1.));
#2776 = DIRECTION('',(-3.157967714489E-14,1.,0.));
#2777 = DEFINITIONAL_REPRESENTATION('',(#2778),#2782);
#2778 = LINE('',#2779,#2780);
#2779 = CARTESIAN_POINT('',(0.,-1.556));
#2780 = VECTOR('',#2781,1.);
#2781 = DIRECTION('',(1.,0.));
#2782 = ( GEOMETRIC_REPRESENTATION_CONTEXT(2) 
PARAMETRIC_REPRESENTATION_CONTEXT() REPRESENTATION_CONTEXT('2D SPACE',''
  ) );
#2783 = ORIENTED_EDGE('',*,*,#2784,.T.);
#2784 = EDGE_CURVE('',#2752,#2785,#2787,.T.);
#2785 = VERTEX_POINT('',#2786);
#2786 = CARTESIAN_POINT('',(125.572,-82.368,1.51));
#2787 = SURFACE_CURVE('',#2788,(#2792,#2799),.PCURVE_S1.);
#2788 = LINE('',#2789,#2790);
#2789 = CARTESIAN_POINT('',(62.786,-82.368,1.51));
#2790 = VECTOR('',#2791,1.);
#2791 = DIRECTION('',(1.,0.,0.));
#2792 = PCURVE('',#73,#2793);
#2793 = DEFINITIONAL_REPRESENTATION('',(#2794),#2798);
#2794 = LINE('',#2795,#2796);
#2795 = CARTESIAN_POINT('',(62.786,-82.368));
#2796 = VECTOR('',#2797,1.);
#2797 = DIRECTION('',(1.,0.));
#2798 = ( GEOMETRIC_REPRESENTATION_CONTEXT(2) 
PARAMETRIC_REPRESENTATION_CONTEXT() REPRESENTATION_CONTEXT('2D SPACE',''
  ) );
#2799 = PCURVE('',#2800,#2805);
#2800 = PLANE('',#2801);
#2801 = AXIS2_PLACEMENT_3D('',#2802,#2803,#2804);
#2802 = CARTESIAN_POINT('',(125.572,-82.368,-4.6E-02));
#2803 = DIRECTION('',(0.,-1.,0.));
#2804 = DIRECTION('',(-1.,0.,0.));
#2805 = DEFINITIONAL_REPRESENTATION('',(#2806),#2810);
#2806 = LINE('',#2807,#2808);
#2807 = CARTESIAN_POINT('',(62.786,-1.556));
#2808 = VECTOR('',#2809,1.);
#2809 = DIRECTION('',(-1.,0.));
#2810 = ( GEOMETRIC_REPRESENTATION_CONTEXT(2) 
PARAMETRIC_REPRESENTATION_CONTEXT() REPRESENTATION_CONTEXT('2D SPACE',''
  ) );
#2811 = ORIENTED_EDGE('',*,*,#2812,.T.);
#2812 = EDGE_CURVE('',#2785,#2813,#2815,.T.);
#2813 = VERTEX_POINT('',#2814);
#2814 = CARTESIAN_POINT('',(125.572,-83.268,1.51));
#2815 = SURFACE_CURVE('',#2816,(#2821,#2832),.PCURVE_S1.);
#2816 = CIRCLE('',#2817,0.45);
#2817 = AXIS2_PLACEMENT_3D('',#2818,#2819,#2820);
#2818 = CARTESIAN_POINT('',(125.572,-82.818,1.51));
#2819 = DIRECTION('',(0.,-0.,-1.));
#2820 = DIRECTION('',(3.157967714489E-14,-1.,0.));
#2821 = PCURVE('',#73,#2822);
#2822 = DEFINITIONAL_REPRESENTATION('',(#2823),#2831);
#2823 = ( BOUNDED_CURVE() B_SPLINE_CURVE(2,(#2824,#2825,#2826,#2827,
#2828,#2829,#2830),.UNSPECIFIED.,.T.,.F.) B_SPLINE_CURVE_WITH_KNOTS((1,2
    ,2,2,2,1),(-2.094395102393,0.,2.094395102393,4.188790204786,
6.28318530718,8.377580409573),.UNSPECIFIED.) CURVE() 
GEOMETRIC_REPRESENTATION_ITEM() RATIONAL_B_SPLINE_CURVE((1.,0.5,1.,0.5,
1.,0.5,1.)) REPRESENTATION_ITEM('') );
#2824 = CARTESIAN_POINT('',(125.572,-83.268));
#2825 = CARTESIAN_POINT('',(124.79257713659,-83.268));
#2826 = CARTESIAN_POINT('',(125.18228856829,-82.593));
#2827 = CARTESIAN_POINT('',(125.572,-81.918));
#2828 = CARTESIAN_POINT('',(125.9617114317,-82.593));
#2829 = CARTESIAN_POINT('',(126.3514228634,-83.268));
#2830 = CARTESIAN_POINT('',(125.572,-83.268));
#2831 = ( GEOMETRIC_REPRESENTATION_CONTEXT(2) 
PARAMETRIC_REPRESENTATION_CONTEXT() REPRESENTATION_CONTEXT('2D SPACE',''
  ) );
#2832 = PCURVE('',#2833,#2838);
#2833 = CYLINDRICAL_SURFACE('',#2834,0.45);
#2834 = AXIS2_PLACEMENT_3D('',#2835,#2836,#2837);
#2835 = CARTESIAN_POINT('',(125.572,-82.818,-4.6E-02));
#2836 = DIRECTION('',(0.,0.,-1.));
#2837 = DIRECTION('',(3.157967714489E-14,-1.,0.));
#2838 = DEFINITIONAL_REPRESENTATION('',(#2839),#2843);
#2839 = LINE('',#2840,#2841);
#2840 = CARTESIAN_POINT('',(0.,-1.556));
#2841 = VECTOR('',#2842,1.);
#2842 = DIRECTION('',(1.,0.));
#2843 = ( GEOMETRIC_REPRESENTATION_CONTEXT(2) 
PARAMETRIC_REPRESENTATION_CONTEXT() REPRESENTATION_CONTEXT('2D SPACE',''
  ) );
#2844 = ORIENTED_EDGE('',*,*,#2845,.T.);
#2845 = EDGE_CURVE('',#2813,#2750,#2846,.T.);
#2846 = SURFACE_CURVE('',#2847,(#2851,#2858),.PCURVE_S1.);
#2847 = LINE('',#2848,#2849);
#2848 = CARTESIAN_POINT('',(62.586,-83.268,1.51));
#2849 = VECTOR('',#2850,1.);
#2850 = DIRECTION('',(-1.,0.,0.));
#2851 = PCURVE('',#73,#2852);
#2852 = DEFINITIONAL_REPRESENTATION('',(#2853),#2857);
#2853 = LINE('',#2854,#2855);
#2854 = CARTESIAN_POINT('',(62.586,-83.268));
#2855 = VECTOR('',#2856,1.);
#2856 = DIRECTION('',(-1.,0.));
#2857 = ( GEOMETRIC_REPRESENTATION_CONTEXT(2) 
PARAMETRIC_REPRESENTATION_CONTEXT() REPRESENTATION_CONTEXT('2D SPACE',''
  ) );
#2858 = PCURVE('',#2859,#2864);
#2859 = PLANE('',#2860);
#2860 = AXIS2_PLACEMENT_3D('',#2861,#2862,#2863);
#2861 = CARTESIAN_POINT('',(125.172,-83.268,-4.6E-02));
#2862 = DIRECTION('',(0.,1.,0.));
#2863 = DIRECTION('',(1.,0.,0.));
#2864 = DEFINITIONAL_REPRESENTATION('',(#2865),#2869);
#2865 = LINE('',#2866,#2867);
#2866 = CARTESIAN_POINT('',(-62.586,-1.556));
#2867 = VECTOR('',#2868,1.);
#2868 = DIRECTION('',(-1.,0.));
#2869 = ( GEOMETRIC_REPRESENTATION_CONTEXT(2) 
PARAMETRIC_REPRESENTATION_CONTEXT() REPRESENTATION_CONTEXT('2D SPACE',''
  ) );
#2870 = FACE_BOUND('',#2871,.T.);
#2871 = EDGE_LOOP('',(#2872,#2907,#2935,#2968));
#2872 = ORIENTED_EDGE('',*,*,#2873,.T.);
#2873 = EDGE_CURVE('',#2874,#2876,#2878,.T.);
#2874 = VERTEX_POINT('',#2875);
#2875 = CARTESIAN_POINT('',(128.172,-83.268,1.51));
#2876 = VERTEX_POINT('',#2877);
#2877 = CARTESIAN_POINT('',(128.172,-82.368,1.51));
#2878 = SURFACE_CURVE('',#2879,(#2884,#2895),.PCURVE_S1.);
#2879 = CIRCLE('',#2880,0.45);
#2880 = AXIS2_PLACEMENT_3D('',#2881,#2882,#2883);
#2881 = CARTESIAN_POINT('',(128.172,-82.818,1.51));
#2882 = DIRECTION('',(0.,0.,-1.));
#2883 = DIRECTION('',(-6.315935428979E-14,1.,0.));
#2884 = PCURVE('',#73,#2885);
#2885 = DEFINITIONAL_REPRESENTATION('',(#2886),#2894);
#2886 = ( BOUNDED_CURVE() B_SPLINE_CURVE(2,(#2887,#2888,#2889,#2890,
#2891,#2892,#2893),.UNSPECIFIED.,.T.,.F.) B_SPLINE_CURVE_WITH_KNOTS((1,2
    ,2,2,2,1),(-2.094395102393,0.,2.094395102393,4.188790204786,
6.28318530718,8.377580409573),.UNSPECIFIED.) CURVE() 
GEOMETRIC_REPRESENTATION_ITEM() RATIONAL_B_SPLINE_CURVE((1.,0.5,1.,0.5,
1.,0.5,1.)) REPRESENTATION_ITEM('') );
#2887 = CARTESIAN_POINT('',(128.172,-82.368));
#2888 = CARTESIAN_POINT('',(128.9514228634,-82.368));
#2889 = CARTESIAN_POINT('',(128.5617114317,-83.043));
#2890 = CARTESIAN_POINT('',(128.172,-83.718));
#2891 = CARTESIAN_POINT('',(127.78228856829,-83.043));
#2892 = CARTESIAN_POINT('',(127.39257713659,-82.368));
#2893 = CARTESIAN_POINT('',(128.172,-82.368));
#2894 = ( GEOMETRIC_REPRESENTATION_CONTEXT(2) 
PARAMETRIC_REPRESENTATION_CONTEXT() REPRESENTATION_CONTEXT('2D SPACE',''
  ) );
#2895 = PCURVE('',#2896,#2901);
#2896 = CYLINDRICAL_SURFACE('',#2897,0.45);
#2897 = AXIS2_PLACEMENT_3D('',#2898,#2899,#2900);
#2898 = CARTESIAN_POINT('',(128.172,-82.818,-4.6E-02));
#2899 = DIRECTION('',(-0.,-0.,-1.));
#2900 = DIRECTION('',(-6.315935428979E-14,1.,0.));
#2901 = DEFINITIONAL_REPRESENTATION('',(#2902),#2906);
#2902 = LINE('',#2903,#2904);
#2903 = CARTESIAN_POINT('',(0.,-1.556));
#2904 = VECTOR('',#2905,1.);
#2905 = DIRECTION('',(1.,0.));
#2906 = ( GEOMETRIC_REPRESENTATION_CONTEXT(2) 
PARAMETRIC_REPRESENTATION_CONTEXT() REPRESENTATION_CONTEXT('2D SPACE',''
  ) );
#2907 = ORIENTED_EDGE('',*,*,#2908,.T.);
#2908 = EDGE_CURVE('',#2876,#2909,#2911,.T.);
#2909 = VERTEX_POINT('',#2910);
#2910 = CARTESIAN_POINT('',(128.572,-82.368,1.51));
#2911 = SURFACE_CURVE('',#2912,(#2916,#2923),.PCURVE_S1.);
#2912 = LINE('',#2913,#2914);
#2913 = CARTESIAN_POINT('',(64.286,-82.368,1.51));
#2914 = VECTOR('',#2915,1.);
#2915 = DIRECTION('',(1.,0.,0.));
#2916 = PCURVE('',#73,#2917);
#2917 = DEFINITIONAL_REPRESENTATION('',(#2918),#2922);
#2918 = LINE('',#2919,#2920);
#2919 = CARTESIAN_POINT('',(64.286,-82.368));
#2920 = VECTOR('',#2921,1.);
#2921 = DIRECTION('',(1.,0.));
#2922 = ( GEOMETRIC_REPRESENTATION_CONTEXT(2) 
PARAMETRIC_REPRESENTATION_CONTEXT() REPRESENTATION_CONTEXT('2D SPACE',''
  ) );
#2923 = PCURVE('',#2924,#2929);
#2924 = PLANE('',#2925);
#2925 = AXIS2_PLACEMENT_3D('',#2926,#2927,#2928);
#2926 = CARTESIAN_POINT('',(128.572,-82.368,-4.6E-02));
#2927 = DIRECTION('',(0.,-1.,0.));
#2928 = DIRECTION('',(-1.,0.,0.));
#2929 = DEFINITIONAL_REPRESENTATION('',(#2930),#2934);
#2930 = LINE('',#2931,#2932);
#2931 = CARTESIAN_POINT('',(64.286,-1.556));
#2932 = VECTOR('',#2933,1.);
#2933 = DIRECTION('',(-1.,0.));
#2934 = ( GEOMETRIC_REPRESENTATION_CONTEXT(2) 
PARAMETRIC_REPRESENTATION_CONTEXT() REPRESENTATION_CONTEXT('2D SPACE',''
  ) );
#2935 = ORIENTED_EDGE('',*,*,#2936,.T.);
#2936 = EDGE_CURVE('',#2909,#2937,#2939,.T.);
#2937 = VERTEX_POINT('',#2938);
#2938 = CARTESIAN_POINT('',(128.572,-83.268,1.51));
#2939 = SURFACE_CURVE('',#2940,(#2945,#2956),.PCURVE_S1.);
#2940 = CIRCLE('',#2941,0.45);
#2941 = AXIS2_PLACEMENT_3D('',#2942,#2943,#2944);
#2942 = CARTESIAN_POINT('',(128.572,-82.818,1.51));
#2943 = DIRECTION('',(0.,-0.,-1.));
#2944 = DIRECTION('',(6.315935428979E-14,-1.,0.));
#2945 = PCURVE('',#73,#2946);
#2946 = DEFINITIONAL_REPRESENTATION('',(#2947),#2955);
#2947 = ( BOUNDED_CURVE() B_SPLINE_CURVE(2,(#2948,#2949,#2950,#2951,
#2952,#2953,#2954),.UNSPECIFIED.,.T.,.F.) B_SPLINE_CURVE_WITH_KNOTS((1,2
    ,2,2,2,1),(-2.094395102393,0.,2.094395102393,4.188790204786,
6.28318530718,8.377580409573),.UNSPECIFIED.) CURVE() 
GEOMETRIC_REPRESENTATION_ITEM() RATIONAL_B_SPLINE_CURVE((1.,0.5,1.,0.5,
1.,0.5,1.)) REPRESENTATION_ITEM('') );
#2948 = CARTESIAN_POINT('',(128.572,-83.268));
#2949 = CARTESIAN_POINT('',(127.79257713659,-83.268));
#2950 = CARTESIAN_POINT('',(128.18228856829,-82.593));
#2951 = CARTESIAN_POINT('',(128.572,-81.918));
#2952 = CARTESIAN_POINT('',(128.9617114317,-82.593));
#2953 = CARTESIAN_POINT('',(129.3514228634,-83.268));
#2954 = CARTESIAN_POINT('',(128.572,-83.268));
#2955 = ( GEOMETRIC_REPRESENTATION_CONTEXT(2) 
PARAMETRIC_REPRESENTATION_CONTEXT() REPRESENTATION_CONTEXT('2D SPACE',''
  ) );
#2956 = PCURVE('',#2957,#2962);
#2957 = CYLINDRICAL_SURFACE('',#2958,0.45);
#2958 = AXIS2_PLACEMENT_3D('',#2959,#2960,#2961);
#2959 = CARTESIAN_POINT('',(128.572,-82.818,-4.6E-02));
#2960 = DIRECTION('',(0.,0.,-1.));
#2961 = DIRECTION('',(6.315935428979E-14,-1.,0.));
#2962 = DEFINITIONAL_REPRESENTATION('',(#2963),#2967);
#2963 = LINE('',#2964,#2965);
#2964 = CARTESIAN_POINT('',(0.,-1.556));
#2965 = VECTOR('',#2966,1.);
#2966 = DIRECTION('',(1.,0.));
#2967 = ( GEOMETRIC_REPRESENTATION_CONTEXT(2) 
PARAMETRIC_REPRESENTATION_CONTEXT() REPRESENTATION_CONTEXT('2D SPACE',''
  ) );
#2968 = ORIENTED_EDGE('',*,*,#2969,.T.);
#2969 = EDGE_CURVE('',#2937,#2874,#2970,.T.);
#2970 = SURFACE_CURVE('',#2971,(#2975,#2982),.PCURVE_S1.);
#2971 = LINE('',#2972,#2973);
#2972 = CARTESIAN_POINT('',(64.086,-83.268,1.51));
#2973 = VECTOR('',#2974,1.);
#2974 = DIRECTION('',(-1.,0.,0.));
#2975 = PCURVE('',#73,#2976);
#2976 = DEFINITIONAL_REPRESENTATION('',(#2977),#2981);
#2977 = LINE('',#2978,#2979);
#2978 = CARTESIAN_POINT('',(64.086,-83.268));
#2979 = VECTOR('',#2980,1.);
#2980 = DIRECTION('',(-1.,0.));
#2981 = ( GEOMETRIC_REPRESENTATION_CONTEXT(2) 
PARAMETRIC_REPRESENTATION_CONTEXT() REPRESENTATION_CONTEXT('2D SPACE',''
  ) );
#2982 = PCURVE('',#2983,#2988);
#2983 = PLANE('',#2984);
#2984 = AXIS2_PLACEMENT_3D('',#2985,#2986,#2987);
#2985 = CARTESIAN_POINT('',(128.172,-83.268,-4.6E-02));
#2986 = DIRECTION('',(0.,1.,0.));
#2987 = DIRECTION('',(1.,0.,0.));
#2988 = DEFINITIONAL_REPRESENTATION('',(#2989),#2993);
#2989 = LINE('',#2990,#2991);
#2990 = CARTESIAN_POINT('',(-64.086,-1.556));
#2991 = VECTOR('',#2992,1.);
#2992 = DIRECTION('',(-1.,0.));
#2993 = ( GEOMETRIC_REPRESENTATION_CONTEXT(2) 
PARAMETRIC_REPRESENTATION_CONTEXT() REPRESENTATION_CONTEXT('2D SPACE',''
  ) );
#2994 = FACE_BOUND('',#2995,.T.);
#2995 = EDGE_LOOP('',(#2996));
#2996 = ORIENTED_EDGE('',*,*,#2997,.T.);
#2997 = EDGE_CURVE('',#2998,#2998,#3000,.T.);
#2998 = VERTEX_POINT('',#2999);
#2999 = CARTESIAN_POINT('',(105.918,-79.9465,1.51));
#3000 = SURFACE_CURVE('',#3001,(#3006,#3017),.PCURVE_S1.);
#3001 = CIRCLE('',#3002,1.7145);
#3002 = AXIS2_PLACEMENT_3D('',#3003,#3004,#3005);
#3003 = CARTESIAN_POINT('',(105.918,-78.232,1.51));
#3004 = DIRECTION('',(-0.,-0.,-1.));
#3005 = DIRECTION('',(0.,-1.,0.));
#3006 = PCURVE('',#73,#3007);
#3007 = DEFINITIONAL_REPRESENTATION('',(#3008),#3016);
#3008 = ( BOUNDED_CURVE() B_SPLINE_CURVE(2,(#3009,#3010,#3011,#3012,
#3013,#3014,#3015),.UNSPECIFIED.,.T.,.F.) B_SPLINE_CURVE_WITH_KNOTS((1,2
    ,2,2,2,1),(-2.094395102393,0.,2.094395102393,4.188790204786,
6.28318530718,8.377580409573),.UNSPECIFIED.) CURVE() 
GEOMETRIC_REPRESENTATION_ITEM() RATIONAL_B_SPLINE_CURVE((1.,0.5,1.,0.5,
1.,0.5,1.)) REPRESENTATION_ITEM('') );
#3009 = CARTESIAN_POINT('',(105.918,-79.9465));
#3010 = CARTESIAN_POINT('',(102.94839889042,-79.9465));
#3011 = CARTESIAN_POINT('',(104.43319944521,-77.37475));
#3012 = CARTESIAN_POINT('',(105.918,-74.803));
#3013 = CARTESIAN_POINT('',(107.40280055478,-77.37475));
#3014 = CARTESIAN_POINT('',(108.88760110957,-79.9465));
#3015 = CARTESIAN_POINT('',(105.918,-79.9465));
#3016 = ( GEOMETRIC_REPRESENTATION_CONTEXT(2) 
PARAMETRIC_REPRESENTATION_CONTEXT() REPRESENTATION_CONTEXT('2D SPACE',''
  ) );
#3017 = PCURVE('',#3018,#3023);
#3018 = CYLINDRICAL_SURFACE('',#3019,1.7145);
#3019 = AXIS2_PLACEMENT_3D('',#3020,#3021,#3022);
#3020 = CARTESIAN_POINT('',(105.918,-78.232,-4.6E-02));
#3021 = DIRECTION('',(-0.,-0.,-1.));
#3022 = DIRECTION('',(0.,-1.,0.));
#3023 = DEFINITIONAL_REPRESENTATION('',(#3024),#3028);
#3024 = LINE('',#3025,#3026);
#3025 = CARTESIAN_POINT('',(0.,-1.556));
#3026 = VECTOR('',#3027,1.);
#3027 = DIRECTION('',(1.,0.));
#3028 = ( GEOMETRIC_REPRESENTATION_CONTEXT(2) 
PARAMETRIC_REPRESENTATION_CONTEXT() REPRESENTATION_CONTEXT('2D SPACE',''
  ) );
#3029 = FACE_BOUND('',#3030,.T.);
#3030 = EDGE_LOOP('',(#3031));
#3031 = ORIENTED_EDGE('',*,*,#3032,.T.);
#3032 = EDGE_CURVE('',#3033,#3033,#3035,.T.);
#3033 = VERTEX_POINT('',#3034);
#3034 = CARTESIAN_POINT('',(111.418,-79.0829,1.51));
#3035 = SURFACE_CURVE('',#3036,(#3041,#3052),.PCURVE_S1.);
#3036 = CIRCLE('',#3037,0.8509);
#3037 = AXIS2_PLACEMENT_3D('',#3038,#3039,#3040);
#3038 = CARTESIAN_POINT('',(111.418,-78.232,1.51));
#3039 = DIRECTION('',(-0.,-0.,-1.));
#3040 = DIRECTION('',(0.,-1.,0.));
#3041 = PCURVE('',#73,#3042);
#3042 = DEFINITIONAL_REPRESENTATION('',(#3043),#3051);
#3043 = ( BOUNDED_CURVE() B_SPLINE_CURVE(2,(#3044,#3045,#3046,#3047,
#3048,#3049,#3050),.UNSPECIFIED.,.T.,.F.) B_SPLINE_CURVE_WITH_KNOTS((1,2
    ,2,2,2,1),(-2.094395102393,0.,2.094395102393,4.188790204786,
6.28318530718,8.377580409573),.UNSPECIFIED.) CURVE() 
GEOMETRIC_REPRESENTATION_ITEM() RATIONAL_B_SPLINE_CURVE((1.,0.5,1.,0.5,
1.,0.5,1.)) REPRESENTATION_ITEM('') );
#3044 = CARTESIAN_POINT('',(111.418,-79.0829));
#3045 = CARTESIAN_POINT('',(109.94419796784,-79.0829));
#3046 = CARTESIAN_POINT('',(110.68109898392,-77.80655));
#3047 = CARTESIAN_POINT('',(111.418,-76.5302));
#3048 = CARTESIAN_POINT('',(112.15490101608,-77.80655));
#3049 = CARTESIAN_POINT('',(112.89180203216,-79.0829));
#3050 = CARTESIAN_POINT('',(111.418,-79.0829));
#3051 = ( GEOMETRIC_REPRESENTATION_CONTEXT(2) 
PARAMETRIC_REPRESENTATION_CONTEXT() REPRESENTATION_CONTEXT('2D SPACE',''
  ) );
#3052 = PCURVE('',#3053,#3058);
#3053 = CYLINDRICAL_SURFACE('',#3054,0.8509);
#3054 = AXIS2_PLACEMENT_3D('',#3055,#3056,#3057);
#3055 = CARTESIAN_POINT('',(111.418,-78.232,-4.6E-02));
#3056 = DIRECTION('',(-0.,-0.,-1.));
#3057 = DIRECTION('',(0.,-1.,0.));
#3058 = DEFINITIONAL_REPRESENTATION('',(#3059),#3063);
#3059 = LINE('',#3060,#3061);
#3060 = CARTESIAN_POINT('',(0.,-1.556));
#3061 = VECTOR('',#3062,1.);
#3062 = DIRECTION('',(1.,0.));
#3063 = ( GEOMETRIC_REPRESENTATION_CONTEXT(2) 
PARAMETRIC_REPRESENTATION_CONTEXT() REPRESENTATION_CONTEXT('2D SPACE',''
  ) );
#3064 = FACE_BOUND('',#3065,.T.);
#3065 = EDGE_LOOP('',(#3066));
#3066 = ORIENTED_EDGE('',*,*,#3067,.T.);
#3067 = EDGE_CURVE('',#3068,#3068,#3070,.T.);
#3068 = VERTEX_POINT('',#3069);
#3069 = CARTESIAN_POINT('',(111.138,-74.5273,1.51));
#3070 = SURFACE_CURVE('',#3071,(#3076,#3087),.PCURVE_S1.);
#3071 = CIRCLE('',#3072,0.4953);
#3072 = AXIS2_PLACEMENT_3D('',#3073,#3074,#3075);
#3073 = CARTESIAN_POINT('',(111.138,-74.032,1.51));
#3074 = DIRECTION('',(-0.,-0.,-1.));
#3075 = DIRECTION('',(0.,-1.,0.));
#3076 = PCURVE('',#73,#3077);
#3077 = DEFINITIONAL_REPRESENTATION('',(#3078),#3086);
#3078 = ( BOUNDED_CURVE() B_SPLINE_CURVE(2,(#3079,#3080,#3081,#3082,
#3083,#3084,#3085),.UNSPECIFIED.,.T.,.F.) B_SPLINE_CURVE_WITH_KNOTS((1,2
    ,2,2,2,1),(-2.094395102393,0.,2.094395102393,4.188790204786,
6.28318530718,8.377580409573),.UNSPECIFIED.) CURVE() 
GEOMETRIC_REPRESENTATION_ITEM() RATIONAL_B_SPLINE_CURVE((1.,0.5,1.,0.5,
1.,0.5,1.)) REPRESENTATION_ITEM('') );
#3079 = CARTESIAN_POINT('',(111.138,-74.5273));
#3080 = CARTESIAN_POINT('',(110.28011523501,-74.5273));
#3081 = CARTESIAN_POINT('',(110.7090576175,-73.78435));
#3082 = CARTESIAN_POINT('',(111.138,-73.0414));
#3083 = CARTESIAN_POINT('',(111.56694238249,-73.78435));
#3084 = CARTESIAN_POINT('',(111.99588476498,-74.5273));
#3085 = CARTESIAN_POINT('',(111.138,-74.5273));
#3086 = ( GEOMETRIC_REPRESENTATION_CONTEXT(2) 
PARAMETRIC_REPRESENTATION_CONTEXT() REPRESENTATION_CONTEXT('2D SPACE',''
  ) );
#3087 = PCURVE('',#3088,#3093);
#3088 = CYLINDRICAL_SURFACE('',#3089,0.4953);
#3089 = AXIS2_PLACEMENT_3D('',#3090,#3091,#3092);
#3090 = CARTESIAN_POINT('',(111.138,-74.032,-4.6E-02));
#3091 = DIRECTION('',(-0.,-0.,-1.));
#3092 = DIRECTION('',(0.,-1.,0.));
#3093 = DEFINITIONAL_REPRESENTATION('',(#3094),#3098);
#3094 = LINE('',#3095,#3096);
#3095 = CARTESIAN_POINT('',(0.,-1.556));
#3096 = VECTOR('',#3097,1.);
#3097 = DIRECTION('',(1.,0.));
#3098 = ( GEOMETRIC_REPRESENTATION_CONTEXT(2) 
PARAMETRIC_REPRESENTATION_CONTEXT() REPRESENTATION_CONTEXT('2D SPACE',''
  ) );
#3099 = FACE_BOUND('',#3100,.T.);
#3100 = EDGE_LOOP('',(#3101));
#3101 = ORIENTED_EDGE('',*,*,#3102,.T.);
#3102 = EDGE_CURVE('',#3103,#3103,#3105,.T.);
#3103 = VERTEX_POINT('',#3104);
#3104 = CARTESIAN_POINT('',(117.0974,-74.5904,1.51));
#3105 = SURFACE_CURVE('',#3106,(#3111,#3122),.PCURVE_S1.);
#3106 = CIRCLE('',#3107,0.4064);
#3107 = AXIS2_PLACEMENT_3D('',#3108,#3109,#3110);
#3108 = CARTESIAN_POINT('',(117.0974,-74.184,1.51));
#3109 = DIRECTION('',(-0.,-0.,-1.));
#3110 = DIRECTION('',(0.,-1.,0.));
#3111 = PCURVE('',#73,#3112);
#3112 = DEFINITIONAL_REPRESENTATION('',(#3113),#3121);
#3113 = ( BOUNDED_CURVE() B_SPLINE_CURVE(2,(#3114,#3115,#3116,#3117,
#3118,#3119,#3120),.UNSPECIFIED.,.T.,.F.) B_SPLINE_CURVE_WITH_KNOTS((1,2
    ,2,2,2,1),(-2.094395102393,0.,2.094395102393,4.188790204786,
6.28318530718,8.377580409573),.UNSPECIFIED.) CURVE() 
GEOMETRIC_REPRESENTATION_ITEM() RATIONAL_B_SPLINE_CURVE((1.,0.5,1.,0.5,
1.,0.5,1.)) REPRESENTATION_ITEM('') );
#3114 = CARTESIAN_POINT('',(117.0974,-74.5904));
#3115 = CARTESIAN_POINT('',(116.3934945518,-74.5904));
#3116 = CARTESIAN_POINT('',(116.7454472759,-73.9808));
#3117 = CARTESIAN_POINT('',(117.0974,-73.3712));
#3118 = CARTESIAN_POINT('',(117.44935272409,-73.9808));
#3119 = CARTESIAN_POINT('',(117.80130544819,-74.5904));
#3120 = CARTESIAN_POINT('',(117.0974,-74.5904));
#3121 = ( GEOMETRIC_REPRESENTATION_CONTEXT(2) 
PARAMETRIC_REPRESENTATION_CONTEXT() REPRESENTATION_CONTEXT('2D SPACE',''
  ) );
#3122 = PCURVE('',#3123,#3128);
#3123 = CYLINDRICAL_SURFACE('',#3124,0.4064);
#3124 = AXIS2_PLACEMENT_3D('',#3125,#3126,#3127);
#3125 = CARTESIAN_POINT('',(117.0974,-74.184,-4.6E-02));
#3126 = DIRECTION('',(-0.,-0.,-1.));
#3127 = DIRECTION('',(0.,-1.,0.));
#3128 = DEFINITIONAL_REPRESENTATION('',(#3129),#3133);
#3129 = LINE('',#3130,#3131);
#3130 = CARTESIAN_POINT('',(0.,-1.556));
#3131 = VECTOR('',#3132,1.);
#3132 = DIRECTION('',(1.,0.));
#3133 = ( GEOMETRIC_REPRESENTATION_CONTEXT(2) 
PARAMETRIC_REPRESENTATION_CONTEXT() REPRESENTATION_CONTEXT('2D SPACE',''
  ) );
#3134 = FACE_BOUND('',#3135,.T.);
#3135 = EDGE_LOOP('',(#3136));
#3136 = ORIENTED_EDGE('',*,*,#3137,.T.);
#3137 = EDGE_CURVE('',#3138,#3138,#3140,.T.);
#3138 = VERTEX_POINT('',#3139);
#3139 = CARTESIAN_POINT('',(117.0974,-72.0504,1.51));
#3140 = SURFACE_CURVE('',#3141,(#3146,#3157),.PCURVE_S1.);
#3141 = CIRCLE('',#3142,0.4064);
#3142 = AXIS2_PLACEMENT_3D('',#3143,#3144,#3145);
#3143 = CARTESIAN_POINT('',(117.0974,-71.644,1.51));
#3144 = DIRECTION('',(-0.,-0.,-1.));
#3145 = DIRECTION('',(0.,-1.,0.));
#3146 = PCURVE('',#73,#3147);
#3147 = DEFINITIONAL_REPRESENTATION('',(#3148),#3156);
#3148 = ( BOUNDED_CURVE() B_SPLINE_CURVE(2,(#3149,#3150,#3151,#3152,
#3153,#3154,#3155),.UNSPECIFIED.,.T.,.F.) B_SPLINE_CURVE_WITH_KNOTS((1,2
    ,2,2,2,1),(-2.094395102393,0.,2.094395102393,4.188790204786,
6.28318530718,8.377580409573),.UNSPECIFIED.) CURVE() 
GEOMETRIC_REPRESENTATION_ITEM() RATIONAL_B_SPLINE_CURVE((1.,0.5,1.,0.5,
1.,0.5,1.)) REPRESENTATION_ITEM('') );
#3149 = CARTESIAN_POINT('',(117.0974,-72.0504));
#3150 = CARTESIAN_POINT('',(116.3934945518,-72.0504));
#3151 = CARTESIAN_POINT('',(116.7454472759,-71.4408));
#3152 = CARTESIAN_POINT('',(117.0974,-70.8312));
#3153 = CARTESIAN_POINT('',(117.44935272409,-71.4408));
#3154 = CARTESIAN_POINT('',(117.80130544819,-72.0504));
#3155 = CARTESIAN_POINT('',(117.0974,-72.0504));
#3156 = ( GEOMETRIC_REPRESENTATION_CONTEXT(2) 
PARAMETRIC_REPRESENTATION_CONTEXT() REPRESENTATION_CONTEXT('2D SPACE',''
  ) );
#3157 = PCURVE('',#3158,#3163);
#3158 = CYLINDRICAL_SURFACE('',#3159,0.4064);
#3159 = AXIS2_PLACEMENT_3D('',#3160,#3161,#3162);
#3160 = CARTESIAN_POINT('',(117.0974,-71.644,-4.6E-02));
#3161 = DIRECTION('',(-0.,-0.,-1.));
#3162 = DIRECTION('',(0.,-1.,0.));
#3163 = DEFINITIONAL_REPRESENTATION('',(#3164),#3168);
#3164 = LINE('',#3165,#3166);
#3165 = CARTESIAN_POINT('',(0.,-1.556));
#3166 = VECTOR('',#3167,1.);
#3167 = DIRECTION('',(1.,0.));
#3168 = ( GEOMETRIC_REPRESENTATION_CONTEXT(2) 
PARAMETRIC_REPRESENTATION_CONTEXT() REPRESENTATION_CONTEXT('2D SPACE',''
  ) );
#3169 = FACE_BOUND('',#3170,.T.);
#3170 = EDGE_LOOP('',(#3171));
#3171 = ORIENTED_EDGE('',*,*,#3172,.T.);
#3172 = EDGE_CURVE('',#3173,#3173,#3175,.T.);
#3173 = VERTEX_POINT('',#3174);
#3174 = CARTESIAN_POINT('',(122.972,-80.918,1.51));
#3175 = SURFACE_CURVE('',#3176,(#3181,#3192),.PCURVE_S1.);
#3176 = CIRCLE('',#3177,0.4);
#3177 = AXIS2_PLACEMENT_3D('',#3178,#3179,#3180);
#3178 = CARTESIAN_POINT('',(122.972,-80.518,1.51));
#3179 = DIRECTION('',(-0.,0.,-1.));
#3180 = DIRECTION('',(-3.552713678801E-14,-1.,0.));
#3181 = PCURVE('',#73,#3182);
#3182 = DEFINITIONAL_REPRESENTATION('',(#3183),#3191);
#3183 = ( BOUNDED_CURVE() B_SPLINE_CURVE(2,(#3184,#3185,#3186,#3187,
#3188,#3189,#3190),.UNSPECIFIED.,.T.,.F.) B_SPLINE_CURVE_WITH_KNOTS((1,2
    ,2,2,2,1),(-2.094395102393,0.,2.094395102393,4.188790204786,
6.28318530718,8.377580409573),.UNSPECIFIED.) CURVE() 
GEOMETRIC_REPRESENTATION_ITEM() RATIONAL_B_SPLINE_CURVE((1.,0.5,1.,0.5,
1.,0.5,1.)) REPRESENTATION_ITEM('') );
#3184 = CARTESIAN_POINT('',(122.972,-80.918));
#3185 = CARTESIAN_POINT('',(122.27917967697,-80.918));
#3186 = CARTESIAN_POINT('',(122.62558983848,-80.318));
#3187 = CARTESIAN_POINT('',(122.972,-79.718));
#3188 = CARTESIAN_POINT('',(123.31841016151,-80.318));
#3189 = CARTESIAN_POINT('',(123.66482032302,-80.918));
#3190 = CARTESIAN_POINT('',(122.972,-80.918));
#3191 = ( GEOMETRIC_REPRESENTATION_CONTEXT(2) 
PARAMETRIC_REPRESENTATION_CONTEXT() REPRESENTATION_CONTEXT('2D SPACE',''
  ) );
#3192 = PCURVE('',#3193,#3198);
#3193 = CYLINDRICAL_SURFACE('',#3194,0.4);
#3194 = AXIS2_PLACEMENT_3D('',#3195,#3196,#3197);
#3195 = CARTESIAN_POINT('',(122.972,-80.518,-4.6E-02));
#3196 = DIRECTION('',(-0.,-0.,-1.));
#3197 = DIRECTION('',(-3.552713678801E-14,-1.,0.));
#3198 = DEFINITIONAL_REPRESENTATION('',(#3199),#3203);
#3199 = LINE('',#3200,#3201);
#3200 = CARTESIAN_POINT('',(0.,-1.556));
#3201 = VECTOR('',#3202,1.);
#3202 = DIRECTION('',(1.,0.));
#3203 = ( GEOMETRIC_REPRESENTATION_CONTEXT(2) 
PARAMETRIC_REPRESENTATION_CONTEXT() REPRESENTATION_CONTEXT('2D SPACE',''
  ) );
#3204 = FACE_BOUND('',#3205,.T.);
#3205 = EDGE_LOOP('',(#3206,#3241,#3269,#3302));
#3206 = ORIENTED_EDGE('',*,*,#3207,.T.);
#3207 = EDGE_CURVE('',#3208,#3210,#3212,.T.);
#3208 = VERTEX_POINT('',#3209);
#3209 = CARTESIAN_POINT('',(120.072,-78.668,1.51));
#3210 = VERTEX_POINT('',#3211);
#3211 = CARTESIAN_POINT('',(120.072,-77.768,1.51));
#3212 = SURFACE_CURVE('',#3213,(#3218,#3229),.PCURVE_S1.);
#3213 = CIRCLE('',#3214,0.45);
#3214 = AXIS2_PLACEMENT_3D('',#3215,#3216,#3217);
#3215 = CARTESIAN_POINT('',(120.072,-78.218,1.51));
#3216 = DIRECTION('',(0.,0.,-1.));
#3217 = DIRECTION('',(-3.157967714489E-14,1.,0.));
#3218 = PCURVE('',#73,#3219);
#3219 = DEFINITIONAL_REPRESENTATION('',(#3220),#3228);
#3220 = ( BOUNDED_CURVE() B_SPLINE_CURVE(2,(#3221,#3222,#3223,#3224,
#3225,#3226,#3227),.UNSPECIFIED.,.T.,.F.) B_SPLINE_CURVE_WITH_KNOTS((1,2
    ,2,2,2,1),(-2.094395102393,0.,2.094395102393,4.188790204786,
6.28318530718,8.377580409573),.UNSPECIFIED.) CURVE() 
GEOMETRIC_REPRESENTATION_ITEM() RATIONAL_B_SPLINE_CURVE((1.,0.5,1.,0.5,
1.,0.5,1.)) REPRESENTATION_ITEM('') );
#3221 = CARTESIAN_POINT('',(120.072,-77.768));
#3222 = CARTESIAN_POINT('',(120.8514228634,-77.768));
#3223 = CARTESIAN_POINT('',(120.4617114317,-78.443));
#3224 = CARTESIAN_POINT('',(120.072,-79.118));
#3225 = CARTESIAN_POINT('',(119.68228856829,-78.443));
#3226 = CARTESIAN_POINT('',(119.29257713659,-77.768));
#3227 = CARTESIAN_POINT('',(120.072,-77.768));
#3228 = ( GEOMETRIC_REPRESENTATION_CONTEXT(2) 
PARAMETRIC_REPRESENTATION_CONTEXT() REPRESENTATION_CONTEXT('2D SPACE',''
  ) );
#3229 = PCURVE('',#3230,#3235);
#3230 = CYLINDRICAL_SURFACE('',#3231,0.45);
#3231 = AXIS2_PLACEMENT_3D('',#3232,#3233,#3234);
#3232 = CARTESIAN_POINT('',(120.072,-78.218,-4.6E-02));
#3233 = DIRECTION('',(-0.,-0.,-1.));
#3234 = DIRECTION('',(-3.157967714489E-14,1.,0.));
#3235 = DEFINITIONAL_REPRESENTATION('',(#3236),#3240);
#3236 = LINE('',#3237,#3238);
#3237 = CARTESIAN_POINT('',(0.,-1.556));
#3238 = VECTOR('',#3239,1.);
#3239 = DIRECTION('',(1.,0.));
#3240 = ( GEOMETRIC_REPRESENTATION_CONTEXT(2) 
PARAMETRIC_REPRESENTATION_CONTEXT() REPRESENTATION_CONTEXT('2D SPACE',''
  ) );
#3241 = ORIENTED_EDGE('',*,*,#3242,.T.);
#3242 = EDGE_CURVE('',#3210,#3243,#3245,.T.);
#3243 = VERTEX_POINT('',#3244);
#3244 = CARTESIAN_POINT('',(120.472,-77.768,1.51));
#3245 = SURFACE_CURVE('',#3246,(#3250,#3257),.PCURVE_S1.);
#3246 = LINE('',#3247,#3248);
#3247 = CARTESIAN_POINT('',(60.236,-77.768,1.51));
#3248 = VECTOR('',#3249,1.);
#3249 = DIRECTION('',(1.,0.,0.));
#3250 = PCURVE('',#73,#3251);
#3251 = DEFINITIONAL_REPRESENTATION('',(#3252),#3256);
#3252 = LINE('',#3253,#3254);
#3253 = CARTESIAN_POINT('',(60.236,-77.768));
#3254 = VECTOR('',#3255,1.);
#3255 = DIRECTION('',(1.,0.));
#3256 = ( GEOMETRIC_REPRESENTATION_CONTEXT(2) 
PARAMETRIC_REPRESENTATION_CONTEXT() REPRESENTATION_CONTEXT('2D SPACE',''
  ) );
#3257 = PCURVE('',#3258,#3263);
#3258 = PLANE('',#3259);
#3259 = AXIS2_PLACEMENT_3D('',#3260,#3261,#3262);
#3260 = CARTESIAN_POINT('',(120.472,-77.768,-4.6E-02));
#3261 = DIRECTION('',(0.,-1.,0.));
#3262 = DIRECTION('',(-1.,0.,0.));
#3263 = DEFINITIONAL_REPRESENTATION('',(#3264),#3268);
#3264 = LINE('',#3265,#3266);
#3265 = CARTESIAN_POINT('',(60.236,-1.556));
#3266 = VECTOR('',#3267,1.);
#3267 = DIRECTION('',(-1.,0.));
#3268 = ( GEOMETRIC_REPRESENTATION_CONTEXT(2) 
PARAMETRIC_REPRESENTATION_CONTEXT() REPRESENTATION_CONTEXT('2D SPACE',''
  ) );
#3269 = ORIENTED_EDGE('',*,*,#3270,.T.);
#3270 = EDGE_CURVE('',#3243,#3271,#3273,.T.);
#3271 = VERTEX_POINT('',#3272);
#3272 = CARTESIAN_POINT('',(120.472,-78.668,1.51));
#3273 = SURFACE_CURVE('',#3274,(#3279,#3290),.PCURVE_S1.);
#3274 = CIRCLE('',#3275,0.45);
#3275 = AXIS2_PLACEMENT_3D('',#3276,#3277,#3278);
#3276 = CARTESIAN_POINT('',(120.472,-78.218,1.51));
#3277 = DIRECTION('',(-0.,-0.,-1.));
#3278 = DIRECTION('',(0.,-1.,0.));
#3279 = PCURVE('',#73,#3280);
#3280 = DEFINITIONAL_REPRESENTATION('',(#3281),#3289);
#3281 = ( BOUNDED_CURVE() B_SPLINE_CURVE(2,(#3282,#3283,#3284,#3285,
#3286,#3287,#3288),.UNSPECIFIED.,.T.,.F.) B_SPLINE_CURVE_WITH_KNOTS((1,2
    ,2,2,2,1),(-2.094395102393,0.,2.094395102393,4.188790204786,
6.28318530718,8.377580409573),.UNSPECIFIED.) CURVE() 
GEOMETRIC_REPRESENTATION_ITEM() RATIONAL_B_SPLINE_CURVE((1.,0.5,1.,0.5,
1.,0.5,1.)) REPRESENTATION_ITEM('') );
#3282 = CARTESIAN_POINT('',(120.472,-78.668));
#3283 = CARTESIAN_POINT('',(119.69257713659,-78.668));
#3284 = CARTESIAN_POINT('',(120.08228856829,-77.993));
#3285 = CARTESIAN_POINT('',(120.472,-77.318));
#3286 = CARTESIAN_POINT('',(120.8617114317,-77.993));
#3287 = CARTESIAN_POINT('',(121.2514228634,-78.668));
#3288 = CARTESIAN_POINT('',(120.472,-78.668));
#3289 = ( GEOMETRIC_REPRESENTATION_CONTEXT(2) 
PARAMETRIC_REPRESENTATION_CONTEXT() REPRESENTATION_CONTEXT('2D SPACE',''
  ) );
#3290 = PCURVE('',#3291,#3296);
#3291 = CYLINDRICAL_SURFACE('',#3292,0.45);
#3292 = AXIS2_PLACEMENT_3D('',#3293,#3294,#3295);
#3293 = CARTESIAN_POINT('',(120.472,-78.218,-4.6E-02));
#3294 = DIRECTION('',(-0.,-0.,-1.));
#3295 = DIRECTION('',(0.,-1.,0.));
#3296 = DEFINITIONAL_REPRESENTATION('',(#3297),#3301);
#3297 = LINE('',#3298,#3299);
#3298 = CARTESIAN_POINT('',(0.,-1.556));
#3299 = VECTOR('',#3300,1.);
#3300 = DIRECTION('',(1.,0.));
#3301 = ( GEOMETRIC_REPRESENTATION_CONTEXT(2) 
PARAMETRIC_REPRESENTATION_CONTEXT() REPRESENTATION_CONTEXT('2D SPACE',''
  ) );
#3302 = ORIENTED_EDGE('',*,*,#3303,.T.);
#3303 = EDGE_CURVE('',#3271,#3208,#3304,.T.);
#3304 = SURFACE_CURVE('',#3305,(#3309,#3316),.PCURVE_S1.);
#3305 = LINE('',#3306,#3307);
#3306 = CARTESIAN_POINT('',(60.036,-78.668,1.51));
#3307 = VECTOR('',#3308,1.);
#3308 = DIRECTION('',(-1.,0.,0.));
#3309 = PCURVE('',#73,#3310);
#3310 = DEFINITIONAL_REPRESENTATION('',(#3311),#3315);
#3311 = LINE('',#3312,#3313);
#3312 = CARTESIAN_POINT('',(60.036,-78.668));
#3313 = VECTOR('',#3314,1.);
#3314 = DIRECTION('',(-1.,0.));
#3315 = ( GEOMETRIC_REPRESENTATION_CONTEXT(2) 
PARAMETRIC_REPRESENTATION_CONTEXT() REPRESENTATION_CONTEXT('2D SPACE',''
  ) );
#3316 = PCURVE('',#3317,#3322);
#3317 = PLANE('',#3318);
#3318 = AXIS2_PLACEMENT_3D('',#3319,#3320,#3321);
#3319 = CARTESIAN_POINT('',(120.072,-78.668,-4.6E-02));
#3320 = DIRECTION('',(0.,1.,0.));
#3321 = DIRECTION('',(1.,0.,0.));
#3322 = DEFINITIONAL_REPRESENTATION('',(#3323),#3327);
#3323 = LINE('',#3324,#3325);
#3324 = CARTESIAN_POINT('',(-60.036,-1.556));
#3325 = VECTOR('',#3326,1.);
#3326 = DIRECTION('',(-1.,0.));
#3327 = ( GEOMETRIC_REPRESENTATION_CONTEXT(2) 
PARAMETRIC_REPRESENTATION_CONTEXT() REPRESENTATION_CONTEXT('2D SPACE',''
  ) );
#3328 = FACE_BOUND('',#3329,.T.);
#3329 = EDGE_LOOP('',(#3330));
#3330 = ORIENTED_EDGE('',*,*,#3331,.T.);
#3331 = EDGE_CURVE('',#3332,#3332,#3334,.T.);
#3332 = VERTEX_POINT('',#3333);
#3333 = CARTESIAN_POINT('',(129.972,-80.918,1.51));
#3334 = SURFACE_CURVE('',#3335,(#3340,#3351),.PCURVE_S1.);
#3335 = CIRCLE('',#3336,0.4);
#3336 = AXIS2_PLACEMENT_3D('',#3337,#3338,#3339);
#3337 = CARTESIAN_POINT('',(129.972,-80.518,1.51));
#3338 = DIRECTION('',(-0.,-0.,-1.));
#3339 = DIRECTION('',(0.,-1.,0.));
#3340 = PCURVE('',#73,#3341);
#3341 = DEFINITIONAL_REPRESENTATION('',(#3342),#3350);
#3342 = ( BOUNDED_CURVE() B_SPLINE_CURVE(2,(#3343,#3344,#3345,#3346,
#3347,#3348,#3349),.UNSPECIFIED.,.T.,.F.) B_SPLINE_CURVE_WITH_KNOTS((1,2
    ,2,2,2,1),(-2.094395102393,0.,2.094395102393,4.188790204786,
6.28318530718,8.377580409573),.UNSPECIFIED.) CURVE() 
GEOMETRIC_REPRESENTATION_ITEM() RATIONAL_B_SPLINE_CURVE((1.,0.5,1.,0.5,
1.,0.5,1.)) REPRESENTATION_ITEM('') );
#3343 = CARTESIAN_POINT('',(129.972,-80.918));
#3344 = CARTESIAN_POINT('',(129.27917967697,-80.918));
#3345 = CARTESIAN_POINT('',(129.62558983848,-80.318));
#3346 = CARTESIAN_POINT('',(129.972,-79.718));
#3347 = CARTESIAN_POINT('',(130.31841016151,-80.318));
#3348 = CARTESIAN_POINT('',(130.66482032302,-80.918));
#3349 = CARTESIAN_POINT('',(129.972,-80.918));
#3350 = ( GEOMETRIC_REPRESENTATION_CONTEXT(2) 
PARAMETRIC_REPRESENTATION_CONTEXT() REPRESENTATION_CONTEXT('2D SPACE',''
  ) );
#3351 = PCURVE('',#3352,#3357);
#3352 = CYLINDRICAL_SURFACE('',#3353,0.4);
#3353 = AXIS2_PLACEMENT_3D('',#3354,#3355,#3356);
#3354 = CARTESIAN_POINT('',(129.972,-80.518,-4.6E-02));
#3355 = DIRECTION('',(-0.,-0.,-1.));
#3356 = DIRECTION('',(0.,-1.,0.));
#3357 = DEFINITIONAL_REPRESENTATION('',(#3358),#3362);
#3358 = LINE('',#3359,#3360);
#3359 = CARTESIAN_POINT('',(0.,-1.556));
#3360 = VECTOR('',#3361,1.);
#3361 = DIRECTION('',(1.,0.));
#3362 = ( GEOMETRIC_REPRESENTATION_CONTEXT(2) 
PARAMETRIC_REPRESENTATION_CONTEXT() REPRESENTATION_CONTEXT('2D SPACE',''
  ) );
#3363 = FACE_BOUND('',#3364,.T.);
#3364 = EDGE_LOOP('',(#3365));
#3365 = ORIENTED_EDGE('',*,*,#3366,.T.);
#3366 = EDGE_CURVE('',#3367,#3367,#3369,.T.);
#3367 = VERTEX_POINT('',#3368);
#3368 = CARTESIAN_POINT('',(132.3174,-74.5904,1.51));
#3369 = SURFACE_CURVE('',#3370,(#3375,#3386),.PCURVE_S1.);
#3370 = CIRCLE('',#3371,0.4064);
#3371 = AXIS2_PLACEMENT_3D('',#3372,#3373,#3374);
#3372 = CARTESIAN_POINT('',(132.3174,-74.184,1.51));
#3373 = DIRECTION('',(-0.,0.,-1.));
#3374 = DIRECTION('',(-6.993530863781E-14,-1.,0.));
#3375 = PCURVE('',#73,#3376);
#3376 = DEFINITIONAL_REPRESENTATION('',(#3377),#3385);
#3377 = ( BOUNDED_CURVE() B_SPLINE_CURVE(2,(#3378,#3379,#3380,#3381,
#3382,#3383,#3384),.UNSPECIFIED.,.T.,.F.) B_SPLINE_CURVE_WITH_KNOTS((1,2
    ,2,2,2,1),(-2.094395102393,0.,2.094395102393,4.188790204786,
6.28318530718,8.377580409573),.UNSPECIFIED.) CURVE() 
GEOMETRIC_REPRESENTATION_ITEM() RATIONAL_B_SPLINE_CURVE((1.,0.5,1.,0.5,
1.,0.5,1.)) REPRESENTATION_ITEM('') );
#3378 = CARTESIAN_POINT('',(132.3174,-74.5904));
#3379 = CARTESIAN_POINT('',(131.6134945518,-74.5904));
#3380 = CARTESIAN_POINT('',(131.9654472759,-73.9808));
#3381 = CARTESIAN_POINT('',(132.3174,-73.3712));
#3382 = CARTESIAN_POINT('',(132.66935272409,-73.9808));
#3383 = CARTESIAN_POINT('',(133.02130544819,-74.5904));
#3384 = CARTESIAN_POINT('',(132.3174,-74.5904));
#3385 = ( GEOMETRIC_REPRESENTATION_CONTEXT(2) 
PARAMETRIC_REPRESENTATION_CONTEXT() REPRESENTATION_CONTEXT('2D SPACE',''
  ) );
#3386 = PCURVE('',#3387,#3392);
#3387 = CYLINDRICAL_SURFACE('',#3388,0.4064);
#3388 = AXIS2_PLACEMENT_3D('',#3389,#3390,#3391);
#3389 = CARTESIAN_POINT('',(132.3174,-74.184,-4.6E-02));
#3390 = DIRECTION('',(-0.,-0.,-1.));
#3391 = DIRECTION('',(-6.993530863781E-14,-1.,0.));
#3392 = DEFINITIONAL_REPRESENTATION('',(#3393),#3397);
#3393 = LINE('',#3394,#3395);
#3394 = CARTESIAN_POINT('',(0.,-1.556));
#3395 = VECTOR('',#3396,1.);
#3396 = DIRECTION('',(1.,0.));
#3397 = ( GEOMETRIC_REPRESENTATION_CONTEXT(2) 
PARAMETRIC_REPRESENTATION_CONTEXT() REPRESENTATION_CONTEXT('2D SPACE',''
  ) );
#3398 = FACE_BOUND('',#3399,.T.);
#3399 = EDGE_LOOP('',(#3400));
#3400 = ORIENTED_EDGE('',*,*,#3401,.T.);
#3401 = EDGE_CURVE('',#3402,#3402,#3404,.T.);
#3402 = VERTEX_POINT('',#3403);
#3403 = CARTESIAN_POINT('',(132.3174,-72.0504,1.51));
#3404 = SURFACE_CURVE('',#3405,(#3410,#3421),.PCURVE_S1.);
#3405 = CIRCLE('',#3406,0.4064);
#3406 = AXIS2_PLACEMENT_3D('',#3407,#3408,#3409);
#3407 = CARTESIAN_POINT('',(132.3174,-71.644,1.51));
#3408 = DIRECTION('',(-0.,0.,-1.));
#3409 = DIRECTION('',(-6.993530863781E-14,-1.,0.));
#3410 = PCURVE('',#73,#3411);
#3411 = DEFINITIONAL_REPRESENTATION('',(#3412),#3420);
#3412 = ( BOUNDED_CURVE() B_SPLINE_CURVE(2,(#3413,#3414,#3415,#3416,
#3417,#3418,#3419),.UNSPECIFIED.,.T.,.F.) B_SPLINE_CURVE_WITH_KNOTS((1,2
    ,2,2,2,1),(-2.094395102393,0.,2.094395102393,4.188790204786,
6.28318530718,8.377580409573),.UNSPECIFIED.) CURVE() 
GEOMETRIC_REPRESENTATION_ITEM() RATIONAL_B_SPLINE_CURVE((1.,0.5,1.,0.5,
1.,0.5,1.)) REPRESENTATION_ITEM('') );
#3413 = CARTESIAN_POINT('',(132.3174,-72.0504));
#3414 = CARTESIAN_POINT('',(131.6134945518,-72.0504));
#3415 = CARTESIAN_POINT('',(131.9654472759,-71.4408));
#3416 = CARTESIAN_POINT('',(132.3174,-70.8312));
#3417 = CARTESIAN_POINT('',(132.66935272409,-71.4408));
#3418 = CARTESIAN_POINT('',(133.02130544819,-72.0504));
#3419 = CARTESIAN_POINT('',(132.3174,-72.0504));
#3420 = ( GEOMETRIC_REPRESENTATION_CONTEXT(2) 
PARAMETRIC_REPRESENTATION_CONTEXT() REPRESENTATION_CONTEXT('2D SPACE',''
  ) );
#3421 = PCURVE('',#3422,#3427);
#3422 = CYLINDRICAL_SURFACE('',#3423,0.4064);
#3423 = AXIS2_PLACEMENT_3D('',#3424,#3425,#3426);
#3424 = CARTESIAN_POINT('',(132.3174,-71.644,-4.6E-02));
#3425 = DIRECTION('',(-0.,-0.,-1.));
#3426 = DIRECTION('',(-6.993530863781E-14,-1.,0.));
#3427 = DEFINITIONAL_REPRESENTATION('',(#3428),#3432);
#3428 = LINE('',#3429,#3430);
#3429 = CARTESIAN_POINT('',(0.,-1.556));
#3430 = VECTOR('',#3431,1.);
#3431 = DIRECTION('',(1.,0.));
#3432 = ( GEOMETRIC_REPRESENTATION_CONTEXT(2) 
PARAMETRIC_REPRESENTATION_CONTEXT() REPRESENTATION_CONTEXT('2D SPACE',''
  ) );
#3433 = FACE_BOUND('',#3434,.T.);
#3434 = EDGE_LOOP('',(#3435));
#3435 = ORIENTED_EDGE('',*,*,#3436,.T.);
#3436 = EDGE_CURVE('',#3437,#3437,#3439,.T.);
#3437 = VERTEX_POINT('',#3438);
#3438 = CARTESIAN_POINT('',(23.780098,-67.762963,1.51));
#3439 = SURFACE_CURVE('',#3440,(#3445,#3456),.PCURVE_S1.);
#3440 = CIRCLE('',#3441,0.635);
#3441 = AXIS2_PLACEMENT_3D('',#3442,#3443,#3444);
#3442 = CARTESIAN_POINT('',(23.780098,-67.127963,1.51));
#3443 = DIRECTION('',(-0.,0.,-1.));
#3444 = DIRECTION('',(-5.594824691024E-15,-1.,0.));
#3445 = PCURVE('',#73,#3446);
#3446 = DEFINITIONAL_REPRESENTATION('',(#3447),#3455);
#3447 = ( BOUNDED_CURVE() B_SPLINE_CURVE(2,(#3448,#3449,#3450,#3451,
#3452,#3453,#3454),.UNSPECIFIED.,.T.,.F.) B_SPLINE_CURVE_WITH_KNOTS((1,2
    ,2,2,2,1),(-2.094395102393,0.,2.094395102393,4.188790204786,
6.28318530718,8.377580409573),.UNSPECIFIED.) CURVE() 
GEOMETRIC_REPRESENTATION_ITEM() RATIONAL_B_SPLINE_CURVE((1.,0.5,1.,0.5,
1.,0.5,1.)) REPRESENTATION_ITEM('') );
#3448 = CARTESIAN_POINT('',(23.780098,-67.762963));
#3449 = CARTESIAN_POINT('',(22.680245737194,-67.762963));
#3450 = CARTESIAN_POINT('',(23.230171868597,-66.810463));
#3451 = CARTESIAN_POINT('',(23.780098,-65.857963));
#3452 = CARTESIAN_POINT('',(24.330024131403,-66.810463));
#3453 = CARTESIAN_POINT('',(24.879950262806,-67.762963));
#3454 = CARTESIAN_POINT('',(23.780098,-67.762963));
#3455 = ( GEOMETRIC_REPRESENTATION_CONTEXT(2) 
PARAMETRIC_REPRESENTATION_CONTEXT() REPRESENTATION_CONTEXT('2D SPACE',''
  ) );
#3456 = PCURVE('',#3457,#3462);
#3457 = CYLINDRICAL_SURFACE('',#3458,0.635);
#3458 = AXIS2_PLACEMENT_3D('',#3459,#3460,#3461);
#3459 = CARTESIAN_POINT('',(23.780098,-67.127963,-4.6E-02));
#3460 = DIRECTION('',(-0.,-0.,-1.));
#3461 = DIRECTION('',(-5.594824691024E-15,-1.,0.));
#3462 = DEFINITIONAL_REPRESENTATION('',(#3463),#3467);
#3463 = LINE('',#3464,#3465);
#3464 = CARTESIAN_POINT('',(0.,-1.556));
#3465 = VECTOR('',#3466,1.);
#3466 = DIRECTION('',(1.,0.));
#3467 = ( GEOMETRIC_REPRESENTATION_CONTEXT(2) 
PARAMETRIC_REPRESENTATION_CONTEXT() REPRESENTATION_CONTEXT('2D SPACE',''
  ) );
#3468 = FACE_BOUND('',#3469,.T.);
#3469 = EDGE_LOOP('',(#3470));
#3470 = ORIENTED_EDGE('',*,*,#3471,.T.);
#3471 = EDGE_CURVE('',#3472,#3472,#3474,.T.);
#3472 = VERTEX_POINT('',#3473);
#3473 = CARTESIAN_POINT('',(29.153247,-68.497312,1.51));
#3474 = SURFACE_CURVE('',#3475,(#3480,#3491),.PCURVE_S1.);
#3475 = CIRCLE('',#3476,0.635);
#3476 = AXIS2_PLACEMENT_3D('',#3477,#3478,#3479);
#3477 = CARTESIAN_POINT('',(29.153247,-67.862312,1.51));
#3478 = DIRECTION('',(-0.,-0.,-1.));
#3479 = DIRECTION('',(0.,-1.,0.));
#3480 = PCURVE('',#73,#3481);
#3481 = DEFINITIONAL_REPRESENTATION('',(#3482),#3490);
#3482 = ( BOUNDED_CURVE() B_SPLINE_CURVE(2,(#3483,#3484,#3485,#3486,
#3487,#3488,#3489),.UNSPECIFIED.,.T.,.F.) B_SPLINE_CURVE_WITH_KNOTS((1,2
    ,2,2,2,1),(-2.094395102393,0.,2.094395102393,4.188790204786,
6.28318530718,8.377580409573),.UNSPECIFIED.) CURVE() 
GEOMETRIC_REPRESENTATION_ITEM() RATIONAL_B_SPLINE_CURVE((1.,0.5,1.,0.5,
1.,0.5,1.)) REPRESENTATION_ITEM('') );
#3483 = CARTESIAN_POINT('',(29.153247,-68.497312));
#3484 = CARTESIAN_POINT('',(28.053394737194,-68.497312));
#3485 = CARTESIAN_POINT('',(28.603320868597,-67.544812));
#3486 = CARTESIAN_POINT('',(29.153247,-66.592312));
#3487 = CARTESIAN_POINT('',(29.703173131403,-67.544812));
#3488 = CARTESIAN_POINT('',(30.253099262806,-68.497312));
#3489 = CARTESIAN_POINT('',(29.153247,-68.497312));
#3490 = ( GEOMETRIC_REPRESENTATION_CONTEXT(2) 
PARAMETRIC_REPRESENTATION_CONTEXT() REPRESENTATION_CONTEXT('2D SPACE',''
  ) );
#3491 = PCURVE('',#3492,#3497);
#3492 = CYLINDRICAL_SURFACE('',#3493,0.635);
#3493 = AXIS2_PLACEMENT_3D('',#3494,#3495,#3496);
#3494 = CARTESIAN_POINT('',(29.153247,-67.862312,-4.6E-02));
#3495 = DIRECTION('',(-0.,-0.,-1.));
#3496 = DIRECTION('',(0.,-1.,0.));
#3497 = DEFINITIONAL_REPRESENTATION('',(#3498),#3502);
#3498 = LINE('',#3499,#3500);
#3499 = CARTESIAN_POINT('',(0.,-1.556));
#3500 = VECTOR('',#3501,1.);
#3501 = DIRECTION('',(1.,0.));
#3502 = ( GEOMETRIC_REPRESENTATION_CONTEXT(2) 
PARAMETRIC_REPRESENTATION_CONTEXT() REPRESENTATION_CONTEXT('2D SPACE',''
  ) );
#3503 = FACE_BOUND('',#3504,.T.);
#3504 = EDGE_LOOP('',(#3505));
#3505 = ORIENTED_EDGE('',*,*,#3506,.T.);
#3506 = EDGE_CURVE('',#3507,#3507,#3509,.T.);
#3507 = VERTEX_POINT('',#3508);
#3508 = CARTESIAN_POINT('',(22.313623,-64.437755,1.51));
#3509 = SURFACE_CURVE('',#3510,(#3515,#3526),.PCURVE_S1.);
#3510 = CIRCLE('',#3511,0.8509);
#3511 = AXIS2_PLACEMENT_3D('',#3512,#3513,#3514);
#3512 = CARTESIAN_POINT('',(22.313623,-63.586855,1.51));
#3513 = DIRECTION('',(-0.,-0.,-1.));
#3514 = DIRECTION('',(0.,-1.,0.));
#3515 = PCURVE('',#73,#3516);
#3516 = DEFINITIONAL_REPRESENTATION('',(#3517),#3525);
#3517 = ( BOUNDED_CURVE() B_SPLINE_CURVE(2,(#3518,#3519,#3520,#3521,
#3522,#3523,#3524),.UNSPECIFIED.,.T.,.F.) B_SPLINE_CURVE_WITH_KNOTS((1,2
    ,2,2,2,1),(-2.094395102393,0.,2.094395102393,4.188790204786,
6.28318530718,8.377580409573),.UNSPECIFIED.) CURVE() 
GEOMETRIC_REPRESENTATION_ITEM() RATIONAL_B_SPLINE_CURVE((1.,0.5,1.,0.5,
1.,0.5,1.)) REPRESENTATION_ITEM('') );
#3518 = CARTESIAN_POINT('',(22.313623,-64.437755));
#3519 = CARTESIAN_POINT('',(20.83982096784,-64.437755));
#3520 = CARTESIAN_POINT('',(21.57672198392,-63.161405));
#3521 = CARTESIAN_POINT('',(22.313623,-61.885055));
#3522 = CARTESIAN_POINT('',(23.05052401608,-63.161405));
#3523 = CARTESIAN_POINT('',(23.78742503216,-64.437755));
#3524 = CARTESIAN_POINT('',(22.313623,-64.437755));
#3525 = ( GEOMETRIC_REPRESENTATION_CONTEXT(2) 
PARAMETRIC_REPRESENTATION_CONTEXT() REPRESENTATION_CONTEXT('2D SPACE',''
  ) );
#3526 = PCURVE('',#3527,#3532);
#3527 = CYLINDRICAL_SURFACE('',#3528,0.8509);
#3528 = AXIS2_PLACEMENT_3D('',#3529,#3530,#3531);
#3529 = CARTESIAN_POINT('',(22.313623,-63.586855,-4.6E-02));
#3530 = DIRECTION('',(-0.,-0.,-1.));
#3531 = DIRECTION('',(0.,-1.,0.));
#3532 = DEFINITIONAL_REPRESENTATION('',(#3533),#3537);
#3533 = LINE('',#3534,#3535);
#3534 = CARTESIAN_POINT('',(0.,-1.556));
#3535 = VECTOR('',#3536,1.);
#3536 = DIRECTION('',(1.,0.));
#3537 = ( GEOMETRIC_REPRESENTATION_CONTEXT(2) 
PARAMETRIC_REPRESENTATION_CONTEXT() REPRESENTATION_CONTEXT('2D SPACE',''
  ) );
#3538 = FACE_BOUND('',#3539,.T.);
#3539 = EDGE_LOOP('',(#3540));
#3540 = ORIENTED_EDGE('',*,*,#3541,.T.);
#3541 = EDGE_CURVE('',#3542,#3542,#3544,.T.);
#3542 = VERTEX_POINT('',#3543);
#3543 = CARTESIAN_POINT('',(27.626215,-63.87785,1.51));
#3544 = SURFACE_CURVE('',#3545,(#3550,#3561),.PCURVE_S1.);
#3545 = CIRCLE('',#3546,1.7145);
#3546 = AXIS2_PLACEMENT_3D('',#3547,#3548,#3549);
#3547 = CARTESIAN_POINT('',(27.626215,-62.16335,1.51));
#3548 = DIRECTION('',(-0.,0.,-1.));
#3549 = DIRECTION('',(-2.072157292972E-15,-1.,0.));
#3550 = PCURVE('',#73,#3551);
#3551 = DEFINITIONAL_REPRESENTATION('',(#3552),#3560);
#3552 = ( BOUNDED_CURVE() B_SPLINE_CURVE(2,(#3553,#3554,#3555,#3556,
#3557,#3558,#3559),.UNSPECIFIED.,.T.,.F.) B_SPLINE_CURVE_WITH_KNOTS((1,2
    ,2,2,2,1),(-2.094395102393,0.,2.094395102393,4.188790204786,
6.28318530718,8.377580409573),.UNSPECIFIED.) CURVE() 
GEOMETRIC_REPRESENTATION_ITEM() RATIONAL_B_SPLINE_CURVE((1.,0.5,1.,0.5,
1.,0.5,1.)) REPRESENTATION_ITEM('') );
#3553 = CARTESIAN_POINT('',(27.626215,-63.87785));
#3554 = CARTESIAN_POINT('',(24.656613890423,-63.87785));
#3555 = CARTESIAN_POINT('',(26.141414445212,-61.3061));
#3556 = CARTESIAN_POINT('',(27.626215,-58.73435));
#3557 = CARTESIAN_POINT('',(29.111015554788,-61.3061));
#3558 = CARTESIAN_POINT('',(30.595816109577,-63.87785));
#3559 = CARTESIAN_POINT('',(27.626215,-63.87785));
#3560 = ( GEOMETRIC_REPRESENTATION_CONTEXT(2) 
PARAMETRIC_REPRESENTATION_CONTEXT() REPRESENTATION_CONTEXT('2D SPACE',''
  ) );
#3561 = PCURVE('',#3562,#3567);
#3562 = CYLINDRICAL_SURFACE('',#3563,1.7145);
#3563 = AXIS2_PLACEMENT_3D('',#3564,#3565,#3566);
#3564 = CARTESIAN_POINT('',(27.626215,-62.16335,-4.6E-02));
#3565 = DIRECTION('',(-0.,-0.,-1.));
#3566 = DIRECTION('',(-2.072157292972E-15,-1.,0.));
#3567 = DEFINITIONAL_REPRESENTATION('',(#3568),#3572);
#3568 = LINE('',#3569,#3570);
#3569 = CARTESIAN_POINT('',(0.,-1.556));
#3570 = VECTOR('',#3571,1.);
#3571 = DIRECTION('',(1.,0.));
#3572 = ( GEOMETRIC_REPRESENTATION_CONTEXT(2) 
PARAMETRIC_REPRESENTATION_CONTEXT() REPRESENTATION_CONTEXT('2D SPACE',''
  ) );
#3573 = FACE_BOUND('',#3574,.T.);
#3574 = EDGE_LOOP('',(#3575));
#3575 = ORIENTED_EDGE('',*,*,#3576,.T.);
#3576 = EDGE_CURVE('',#3577,#3577,#3579,.T.);
#3577 = VERTEX_POINT('',#3578);
#3578 = CARTESIAN_POINT('',(45.669271,-64.211321,1.51));
#3579 = SURFACE_CURVE('',#3580,(#3585,#3596),.PCURVE_S1.);
#3580 = CIRCLE('',#3581,0.635);
#3581 = AXIS2_PLACEMENT_3D('',#3582,#3583,#3584);
#3582 = CARTESIAN_POINT('',(45.669271,-63.576321,1.51));
#3583 = DIRECTION('',(0.,-0.,-1.));
#3584 = DIRECTION('',(1.118964938205E-14,-1.,0.));
#3585 = PCURVE('',#73,#3586);
#3586 = DEFINITIONAL_REPRESENTATION('',(#3587),#3595);
#3587 = ( BOUNDED_CURVE() B_SPLINE_CURVE(2,(#3588,#3589,#3590,#3591,
#3592,#3593,#3594),.UNSPECIFIED.,.T.,.F.) B_SPLINE_CURVE_WITH_KNOTS((1,2
    ,2,2,2,1),(-2.094395102393,0.,2.094395102393,4.188790204786,
6.28318530718,8.377580409573),.UNSPECIFIED.) CURVE() 
GEOMETRIC_REPRESENTATION_ITEM() RATIONAL_B_SPLINE_CURVE((1.,0.5,1.,0.5,
1.,0.5,1.)) REPRESENTATION_ITEM('') );
#3588 = CARTESIAN_POINT('',(45.669271,-64.211321));
#3589 = CARTESIAN_POINT('',(44.569418737194,-64.211321));
#3590 = CARTESIAN_POINT('',(45.119344868597,-63.258821));
#3591 = CARTESIAN_POINT('',(45.669271,-62.306321));
#3592 = CARTESIAN_POINT('',(46.219197131403,-63.258821));
#3593 = CARTESIAN_POINT('',(46.769123262806,-64.211321));
#3594 = CARTESIAN_POINT('',(45.669271,-64.211321));
#3595 = ( GEOMETRIC_REPRESENTATION_CONTEXT(2) 
PARAMETRIC_REPRESENTATION_CONTEXT() REPRESENTATION_CONTEXT('2D SPACE',''
  ) );
#3596 = PCURVE('',#3597,#3602);
#3597 = CYLINDRICAL_SURFACE('',#3598,0.635);
#3598 = AXIS2_PLACEMENT_3D('',#3599,#3600,#3601);
#3599 = CARTESIAN_POINT('',(45.669271,-63.576321,-4.6E-02));
#3600 = DIRECTION('',(0.,0.,-1.));
#3601 = DIRECTION('',(1.118964938205E-14,-1.,0.));
#3602 = DEFINITIONAL_REPRESENTATION('',(#3603),#3607);
#3603 = LINE('',#3604,#3605);
#3604 = CARTESIAN_POINT('',(0.,-1.556));
#3605 = VECTOR('',#3606,1.);
#3606 = DIRECTION('',(1.,0.));
#3607 = ( GEOMETRIC_REPRESENTATION_CONTEXT(2) 
PARAMETRIC_REPRESENTATION_CONTEXT() REPRESENTATION_CONTEXT('2D SPACE',''
  ) );
#3608 = FACE_BOUND('',#3609,.T.);
#3609 = EDGE_LOOP('',(#3610));
#3610 = ORIENTED_EDGE('',*,*,#3611,.T.);
#3611 = EDGE_CURVE('',#3612,#3612,#3614,.T.);
#3612 = VERTEX_POINT('',#3613);
#3613 = CARTESIAN_POINT('',(21.497042,-59.952797,1.51));
#3614 = SURFACE_CURVE('',#3615,(#3620,#3631),.PCURVE_S1.);
#3615 = CIRCLE('',#3616,0.4953);
#3616 = AXIS2_PLACEMENT_3D('',#3617,#3618,#3619);
#3617 = CARTESIAN_POINT('',(21.497042,-59.457497,1.51));
#3618 = DIRECTION('',(-0.,-0.,-1.));
#3619 = DIRECTION('',(0.,-1.,0.));
#3620 = PCURVE('',#73,#3621);
#3621 = DEFINITIONAL_REPRESENTATION('',(#3622),#3630);
#3622 = ( BOUNDED_CURVE() B_SPLINE_CURVE(2,(#3623,#3624,#3625,#3626,
#3627,#3628,#3629),.UNSPECIFIED.,.T.,.F.) B_SPLINE_CURVE_WITH_KNOTS((1,2
    ,2,2,2,1),(-2.094395102393,0.,2.094395102393,4.188790204786,
6.28318530718,8.377580409573),.UNSPECIFIED.) CURVE() 
GEOMETRIC_REPRESENTATION_ITEM() RATIONAL_B_SPLINE_CURVE((1.,0.5,1.,0.5,
1.,0.5,1.)) REPRESENTATION_ITEM('') );
#3623 = CARTESIAN_POINT('',(21.497042,-59.952797));
#3624 = CARTESIAN_POINT('',(20.639157235011,-59.952797));
#3625 = CARTESIAN_POINT('',(21.068099617506,-59.209847));
#3626 = CARTESIAN_POINT('',(21.497042,-58.466897));
#3627 = CARTESIAN_POINT('',(21.925984382494,-59.209847));
#3628 = CARTESIAN_POINT('',(22.354926764989,-59.952797));
#3629 = CARTESIAN_POINT('',(21.497042,-59.952797));
#3630 = ( GEOMETRIC_REPRESENTATION_CONTEXT(2) 
PARAMETRIC_REPRESENTATION_CONTEXT() REPRESENTATION_CONTEXT('2D SPACE',''
  ) );
#3631 = PCURVE('',#3632,#3637);
#3632 = CYLINDRICAL_SURFACE('',#3633,0.4953);
#3633 = AXIS2_PLACEMENT_3D('',#3634,#3635,#3636);
#3634 = CARTESIAN_POINT('',(21.497042,-59.457497,-4.6E-02));
#3635 = DIRECTION('',(-0.,-0.,-1.));
#3636 = DIRECTION('',(0.,-1.,0.));
#3637 = DEFINITIONAL_REPRESENTATION('',(#3638),#3642);
#3638 = LINE('',#3639,#3640);
#3639 = CARTESIAN_POINT('',(0.,-1.556));
#3640 = VECTOR('',#3641,1.);
#3641 = DIRECTION('',(1.,0.));
#3642 = ( GEOMETRIC_REPRESENTATION_CONTEXT(2) 
PARAMETRIC_REPRESENTATION_CONTEXT() REPRESENTATION_CONTEXT('2D SPACE',''
  ) );
#3643 = FACE_BOUND('',#3644,.T.);
#3644 = EDGE_LOOP('',(#3645));
#3645 = ORIENTED_EDGE('',*,*,#3646,.T.);
#3646 = EDGE_CURVE('',#3647,#3647,#3649,.T.);
#3647 = VERTEX_POINT('',#3648);
#3648 = CARTESIAN_POINT('',(32.938807,-61.590745,1.51));
#3649 = SURFACE_CURVE('',#3650,(#3655,#3666),.PCURVE_S1.);
#3650 = CIRCLE('',#3651,0.8509);
#3651 = AXIS2_PLACEMENT_3D('',#3652,#3653,#3654);
#3652 = CARTESIAN_POINT('',(32.938807,-60.739845,1.51));
#3653 = DIRECTION('',(-0.,-0.,-1.));
#3654 = DIRECTION('',(0.,-1.,0.));
#3655 = PCURVE('',#73,#3656);
#3656 = DEFINITIONAL_REPRESENTATION('',(#3657),#3665);
#3657 = ( BOUNDED_CURVE() B_SPLINE_CURVE(2,(#3658,#3659,#3660,#3661,
#3662,#3663,#3664),.UNSPECIFIED.,.T.,.F.) B_SPLINE_CURVE_WITH_KNOTS((1,2
    ,2,2,2,1),(-2.094395102393,0.,2.094395102393,4.188790204786,
6.28318530718,8.377580409573),.UNSPECIFIED.) CURVE() 
GEOMETRIC_REPRESENTATION_ITEM() RATIONAL_B_SPLINE_CURVE((1.,0.5,1.,0.5,
1.,0.5,1.)) REPRESENTATION_ITEM('') );
#3658 = CARTESIAN_POINT('',(32.938807,-61.590745));
#3659 = CARTESIAN_POINT('',(31.46500496784,-61.590745));
#3660 = CARTESIAN_POINT('',(32.20190598392,-60.314395));
#3661 = CARTESIAN_POINT('',(32.938807,-59.038045));
#3662 = CARTESIAN_POINT('',(33.67570801608,-60.314395));
#3663 = CARTESIAN_POINT('',(34.41260903216,-61.590745));
#3664 = CARTESIAN_POINT('',(32.938807,-61.590745));
#3665 = ( GEOMETRIC_REPRESENTATION_CONTEXT(2) 
PARAMETRIC_REPRESENTATION_CONTEXT() REPRESENTATION_CONTEXT('2D SPACE',''
  ) );
#3666 = PCURVE('',#3667,#3672);
#3667 = CYLINDRICAL_SURFACE('',#3668,0.8509);
#3668 = AXIS2_PLACEMENT_3D('',#3669,#3670,#3671);
#3669 = CARTESIAN_POINT('',(32.938807,-60.739845,-4.6E-02));
#3670 = DIRECTION('',(-0.,-0.,-1.));
#3671 = DIRECTION('',(0.,-1.,0.));
#3672 = DEFINITIONAL_REPRESENTATION('',(#3673),#3677);
#3673 = LINE('',#3674,#3675);
#3674 = CARTESIAN_POINT('',(0.,-1.556));
#3675 = VECTOR('',#3676,1.);
#3676 = DIRECTION('',(1.,0.));
#3677 = ( GEOMETRIC_REPRESENTATION_CONTEXT(2) 
PARAMETRIC_REPRESENTATION_CONTEXT() REPRESENTATION_CONTEXT('2D SPACE',''
  ) );
#3678 = FACE_BOUND('',#3679,.T.);
#3679 = EDGE_LOOP('',(#3680));
#3680 = ORIENTED_EDGE('',*,*,#3681,.T.);
#3681 = EDGE_CURVE('',#3682,#3682,#3684,.T.);
#3682 = VERTEX_POINT('',#3683);
#3683 = CARTESIAN_POINT('',(31.581308,-57.250726,1.51));
#3684 = SURFACE_CURVE('',#3685,(#3690,#3701),.PCURVE_S1.);
#3685 = CIRCLE('',#3686,0.4953);
#3686 = AXIS2_PLACEMENT_3D('',#3687,#3688,#3689);
#3687 = CARTESIAN_POINT('',(31.581308,-56.755426,1.51));
#3688 = DIRECTION('',(-0.,-0.,-1.));
#3689 = DIRECTION('',(0.,-1.,0.));
#3690 = PCURVE('',#73,#3691);
#3691 = DEFINITIONAL_REPRESENTATION('',(#3692),#3700);
#3692 = ( BOUNDED_CURVE() B_SPLINE_CURVE(2,(#3693,#3694,#3695,#3696,
#3697,#3698,#3699),.UNSPECIFIED.,.T.,.F.) B_SPLINE_CURVE_WITH_KNOTS((1,2
    ,2,2,2,1),(-2.094395102393,0.,2.094395102393,4.188790204786,
6.28318530718,8.377580409573),.UNSPECIFIED.) CURVE() 
GEOMETRIC_REPRESENTATION_ITEM() RATIONAL_B_SPLINE_CURVE((1.,0.5,1.,0.5,
1.,0.5,1.)) REPRESENTATION_ITEM('') );
#3693 = CARTESIAN_POINT('',(31.581308,-57.250726));
#3694 = CARTESIAN_POINT('',(30.723423235011,-57.250726));
#3695 = CARTESIAN_POINT('',(31.152365617506,-56.507776));
#3696 = CARTESIAN_POINT('',(31.581308,-55.764826));
#3697 = CARTESIAN_POINT('',(32.010250382494,-56.507776));
#3698 = CARTESIAN_POINT('',(32.439192764989,-57.250726));
#3699 = CARTESIAN_POINT('',(31.581308,-57.250726));
#3700 = ( GEOMETRIC_REPRESENTATION_CONTEXT(2) 
PARAMETRIC_REPRESENTATION_CONTEXT() REPRESENTATION_CONTEXT('2D SPACE',''
  ) );
#3701 = PCURVE('',#3702,#3707);
#3702 = CYLINDRICAL_SURFACE('',#3703,0.4953);
#3703 = AXIS2_PLACEMENT_3D('',#3704,#3705,#3706);
#3704 = CARTESIAN_POINT('',(31.581308,-56.755426,-4.6E-02));
#3705 = DIRECTION('',(-0.,-0.,-1.));
#3706 = DIRECTION('',(0.,-1.,0.));
#3707 = DEFINITIONAL_REPRESENTATION('',(#3708),#3712);
#3708 = LINE('',#3709,#3710);
#3709 = CARTESIAN_POINT('',(0.,-1.556));
#3710 = VECTOR('',#3711,1.);
#3711 = DIRECTION('',(1.,0.));
#3712 = ( GEOMETRIC_REPRESENTATION_CONTEXT(2) 
PARAMETRIC_REPRESENTATION_CONTEXT() REPRESENTATION_CONTEXT('2D SPACE',''
  ) );
#3713 = FACE_BOUND('',#3714,.T.);
#3714 = EDGE_LOOP('',(#3715));
#3715 = ORIENTED_EDGE('',*,*,#3716,.T.);
#3716 = EDGE_CURVE('',#3717,#3717,#3719,.T.);
#3717 = VERTEX_POINT('',#3718);
#3718 = CARTESIAN_POINT('',(44.905415,-60.671356,1.51));
#3719 = SURFACE_CURVE('',#3720,(#3725,#3736),.PCURVE_S1.);
#3720 = CIRCLE('',#3721,0.8509);
#3721 = AXIS2_PLACEMENT_3D('',#3722,#3723,#3724);
#3722 = CARTESIAN_POINT('',(44.905415,-59.820456,1.51));
#3723 = DIRECTION('',(-0.,0.,-1.));
#3724 = DIRECTION('',(-8.350484613469E-15,-1.,0.));
#3725 = PCURVE('',#73,#3726);
#3726 = DEFINITIONAL_REPRESENTATION('',(#3727),#3735);
#3727 = ( BOUNDED_CURVE() B_SPLINE_CURVE(2,(#3728,#3729,#3730,#3731,
#3732,#3733,#3734),.UNSPECIFIED.,.T.,.F.) B_SPLINE_CURVE_WITH_KNOTS((1,2
    ,2,2,2,1),(-2.094395102393,0.,2.094395102393,4.188790204786,
6.28318530718,8.377580409573),.UNSPECIFIED.) CURVE() 
GEOMETRIC_REPRESENTATION_ITEM() RATIONAL_B_SPLINE_CURVE((1.,0.5,1.,0.5,
1.,0.5,1.)) REPRESENTATION_ITEM('') );
#3728 = CARTESIAN_POINT('',(44.905415,-60.671356));
#3729 = CARTESIAN_POINT('',(43.43161296784,-60.671356));
#3730 = CARTESIAN_POINT('',(44.16851398392,-59.395006));
#3731 = CARTESIAN_POINT('',(44.905415,-58.118656));
#3732 = CARTESIAN_POINT('',(45.64231601608,-59.395006));
#3733 = CARTESIAN_POINT('',(46.37921703216,-60.671356));
#3734 = CARTESIAN_POINT('',(44.905415,-60.671356));
#3735 = ( GEOMETRIC_REPRESENTATION_CONTEXT(2) 
PARAMETRIC_REPRESENTATION_CONTEXT() REPRESENTATION_CONTEXT('2D SPACE',''
  ) );
#3736 = PCURVE('',#3737,#3742);
#3737 = CYLINDRICAL_SURFACE('',#3738,0.8509);
#3738 = AXIS2_PLACEMENT_3D('',#3739,#3740,#3741);
#3739 = CARTESIAN_POINT('',(44.905415,-59.820456,-4.6E-02));
#3740 = DIRECTION('',(-0.,-0.,-1.));
#3741 = DIRECTION('',(-8.350484613469E-15,-1.,0.));
#3742 = DEFINITIONAL_REPRESENTATION('',(#3743),#3747);
#3743 = LINE('',#3744,#3745);
#3744 = CARTESIAN_POINT('',(0.,-1.556));
#3745 = VECTOR('',#3746,1.);
#3746 = DIRECTION('',(1.,0.));
#3747 = ( GEOMETRIC_REPRESENTATION_CONTEXT(2) 
PARAMETRIC_REPRESENTATION_CONTEXT() REPRESENTATION_CONTEXT('2D SPACE',''
  ) );
#3748 = FACE_BOUND('',#3749,.T.);
#3749 = EDGE_LOOP('',(#3750));
#3750 = ORIENTED_EDGE('',*,*,#3751,.T.);
#3751 = EDGE_CURVE('',#3752,#3752,#3754,.T.);
#3752 = VERTEX_POINT('',#3753);
#3753 = CARTESIAN_POINT('',(44.891755,-56.106455,1.51));
#3754 = SURFACE_CURVE('',#3755,(#3760,#3771),.PCURVE_S1.);
#3755 = CIRCLE('',#3756,0.4953);
#3756 = AXIS2_PLACEMENT_3D('',#3757,#3758,#3759);
#3757 = CARTESIAN_POINT('',(44.891755,-55.611155,1.51));
#3758 = DIRECTION('',(-0.,-0.,-1.));
#3759 = DIRECTION('',(0.,-1.,0.));
#3760 = PCURVE('',#73,#3761);
#3761 = DEFINITIONAL_REPRESENTATION('',(#3762),#3770);
#3762 = ( BOUNDED_CURVE() B_SPLINE_CURVE(2,(#3763,#3764,#3765,#3766,
#3767,#3768,#3769),.UNSPECIFIED.,.T.,.F.) B_SPLINE_CURVE_WITH_KNOTS((1,2
    ,2,2,2,1),(-2.094395102393,0.,2.094395102393,4.188790204786,
6.28318530718,8.377580409573),.UNSPECIFIED.) CURVE() 
GEOMETRIC_REPRESENTATION_ITEM() RATIONAL_B_SPLINE_CURVE((1.,0.5,1.,0.5,
1.,0.5,1.)) REPRESENTATION_ITEM('') );
#3763 = CARTESIAN_POINT('',(44.891755,-56.106455));
#3764 = CARTESIAN_POINT('',(44.033870235011,-56.106455));
#3765 = CARTESIAN_POINT('',(44.462812617506,-55.363505));
#3766 = CARTESIAN_POINT('',(44.891755,-54.620555));
#3767 = CARTESIAN_POINT('',(45.320697382494,-55.363505));
#3768 = CARTESIAN_POINT('',(45.749639764989,-56.106455));
#3769 = CARTESIAN_POINT('',(44.891755,-56.106455));
#3770 = ( GEOMETRIC_REPRESENTATION_CONTEXT(2) 
PARAMETRIC_REPRESENTATION_CONTEXT() REPRESENTATION_CONTEXT('2D SPACE',''
  ) );
#3771 = PCURVE('',#3772,#3777);
#3772 = CYLINDRICAL_SURFACE('',#3773,0.4953);
#3773 = AXIS2_PLACEMENT_3D('',#3774,#3775,#3776);
#3774 = CARTESIAN_POINT('',(44.891755,-55.611155,-4.6E-02));
#3775 = DIRECTION('',(-0.,-0.,-1.));
#3776 = DIRECTION('',(0.,-1.,0.));
#3777 = DEFINITIONAL_REPRESENTATION('',(#3778),#3782);
#3778 = LINE('',#3779,#3780);
#3779 = CARTESIAN_POINT('',(0.,-1.556));
#3780 = VECTOR('',#3781,1.);
#3781 = DIRECTION('',(1.,0.));
#3782 = ( GEOMETRIC_REPRESENTATION_CONTEXT(2) 
PARAMETRIC_REPRESENTATION_CONTEXT() REPRESENTATION_CONTEXT('2D SPACE',''
  ) );
#3783 = FACE_BOUND('',#3784,.T.);
#3784 = EDGE_LOOP('',(#3785));
#3785 = ORIENTED_EDGE('',*,*,#3786,.T.);
#3786 = EDGE_CURVE('',#3787,#3787,#3789,.T.);
#3787 = VERTEX_POINT('',#3788);
#3788 = CARTESIAN_POINT('',(50.80358,-65.957423,1.51));
#3789 = SURFACE_CURVE('',#3790,(#3795,#3806),.PCURVE_S1.);
#3790 = CIRCLE('',#3791,0.635);
#3791 = AXIS2_PLACEMENT_3D('',#3792,#3793,#3794);
#3792 = CARTESIAN_POINT('',(50.80358,-65.322423,1.51));
#3793 = DIRECTION('',(-0.,-0.,-1.));
#3794 = DIRECTION('',(0.,-1.,0.));
#3795 = PCURVE('',#73,#3796);
#3796 = DEFINITIONAL_REPRESENTATION('',(#3797),#3805);
#3797 = ( BOUNDED_CURVE() B_SPLINE_CURVE(2,(#3798,#3799,#3800,#3801,
#3802,#3803,#3804),.UNSPECIFIED.,.T.,.F.) B_SPLINE_CURVE_WITH_KNOTS((1,2
    ,2,2,2,1),(-2.094395102393,0.,2.094395102393,4.188790204786,
6.28318530718,8.377580409573),.UNSPECIFIED.) CURVE() 
GEOMETRIC_REPRESENTATION_ITEM() RATIONAL_B_SPLINE_CURVE((1.,0.5,1.,0.5,
1.,0.5,1.)) REPRESENTATION_ITEM('') );
#3798 = CARTESIAN_POINT('',(50.80358,-65.957423));
#3799 = CARTESIAN_POINT('',(49.703727737194,-65.957423));
#3800 = CARTESIAN_POINT('',(50.253653868597,-65.004923));
#3801 = CARTESIAN_POINT('',(50.80358,-64.052423));
#3802 = CARTESIAN_POINT('',(51.353506131403,-65.004923));
#3803 = CARTESIAN_POINT('',(51.903432262806,-65.957423));
#3804 = CARTESIAN_POINT('',(50.80358,-65.957423));
#3805 = ( GEOMETRIC_REPRESENTATION_CONTEXT(2) 
PARAMETRIC_REPRESENTATION_CONTEXT() REPRESENTATION_CONTEXT('2D SPACE',''
  ) );
#3806 = PCURVE('',#3807,#3812);
#3807 = CYLINDRICAL_SURFACE('',#3808,0.635);
#3808 = AXIS2_PLACEMENT_3D('',#3809,#3810,#3811);
#3809 = CARTESIAN_POINT('',(50.80358,-65.322423,-4.6E-02));
#3810 = DIRECTION('',(-0.,-0.,-1.));
#3811 = DIRECTION('',(0.,-1.,0.));
#3812 = DEFINITIONAL_REPRESENTATION('',(#3813),#3817);
#3813 = LINE('',#3814,#3815);
#3814 = CARTESIAN_POINT('',(0.,-1.556));
#3815 = VECTOR('',#3816,1.);
#3816 = DIRECTION('',(1.,0.));
#3817 = ( GEOMETRIC_REPRESENTATION_CONTEXT(2) 
PARAMETRIC_REPRESENTATION_CONTEXT() REPRESENTATION_CONTEXT('2D SPACE',''
  ) );
#3818 = FACE_BOUND('',#3819,.T.);
#3819 = EDGE_LOOP('',(#3820));
#3820 = ORIENTED_EDGE('',*,*,#3821,.T.);
#3821 = EDGE_CURVE('',#3822,#3822,#3824,.T.);
#3822 = VERTEX_POINT('',#3823);
#3823 = CARTESIAN_POINT('',(64.438,-71.2089,1.51));
#3824 = SURFACE_CURVE('',#3825,(#3830,#3841),.PCURVE_S1.);
#3825 = CIRCLE('',#3826,0.8509);
#3826 = AXIS2_PLACEMENT_3D('',#3827,#3828,#3829);
#3827 = CARTESIAN_POINT('',(64.438,-70.358,1.51));
#3828 = DIRECTION('',(-0.,-0.,-1.));
#3829 = DIRECTION('',(0.,-1.,0.));
#3830 = PCURVE('',#73,#3831);
#3831 = DEFINITIONAL_REPRESENTATION('',(#3832),#3840);
#3832 = ( BOUNDED_CURVE() B_SPLINE_CURVE(2,(#3833,#3834,#3835,#3836,
#3837,#3838,#3839),.UNSPECIFIED.,.T.,.F.) B_SPLINE_CURVE_WITH_KNOTS((1,2
    ,2,2,2,1),(-2.094395102393,0.,2.094395102393,4.188790204786,
6.28318530718,8.377580409573),.UNSPECIFIED.) CURVE() 
GEOMETRIC_REPRESENTATION_ITEM() RATIONAL_B_SPLINE_CURVE((1.,0.5,1.,0.5,
1.,0.5,1.)) REPRESENTATION_ITEM('') );
#3833 = CARTESIAN_POINT('',(64.438,-71.2089));
#3834 = CARTESIAN_POINT('',(62.96419796784,-71.2089));
#3835 = CARTESIAN_POINT('',(63.70109898392,-69.93255));
#3836 = CARTESIAN_POINT('',(64.438,-68.6562));
#3837 = CARTESIAN_POINT('',(65.17490101608,-69.93255));
#3838 = CARTESIAN_POINT('',(65.91180203216,-71.2089));
#3839 = CARTESIAN_POINT('',(64.438,-71.2089));
#3840 = ( GEOMETRIC_REPRESENTATION_CONTEXT(2) 
PARAMETRIC_REPRESENTATION_CONTEXT() REPRESENTATION_CONTEXT('2D SPACE',''
  ) );
#3841 = PCURVE('',#3842,#3847);
#3842 = CYLINDRICAL_SURFACE('',#3843,0.8509);
#3843 = AXIS2_PLACEMENT_3D('',#3844,#3845,#3846);
#3844 = CARTESIAN_POINT('',(64.438,-70.358,-4.6E-02));
#3845 = DIRECTION('',(-0.,-0.,-1.));
#3846 = DIRECTION('',(0.,-1.,0.));
#3847 = DEFINITIONAL_REPRESENTATION('',(#3848),#3852);
#3848 = LINE('',#3849,#3850);
#3849 = CARTESIAN_POINT('',(0.,-1.556));
#3850 = VECTOR('',#3851,1.);
#3851 = DIRECTION('',(1.,0.));
#3852 = ( GEOMETRIC_REPRESENTATION_CONTEXT(2) 
PARAMETRIC_REPRESENTATION_CONTEXT() REPRESENTATION_CONTEXT('2D SPACE',''
  ) );
#3853 = FACE_BOUND('',#3854,.T.);
#3854 = EDGE_LOOP('',(#3855));
#3855 = ORIENTED_EDGE('',*,*,#3856,.T.);
#3856 = EDGE_CURVE('',#3857,#3857,#3859,.T.);
#3857 = VERTEX_POINT('',#3858);
#3858 = CARTESIAN_POINT('',(64.718,-66.6533,1.51));
#3859 = SURFACE_CURVE('',#3860,(#3865,#3876),.PCURVE_S1.);
#3860 = CIRCLE('',#3861,0.4953);
#3861 = AXIS2_PLACEMENT_3D('',#3862,#3863,#3864);
#3862 = CARTESIAN_POINT('',(64.718,-66.158,1.51));
#3863 = DIRECTION('',(-0.,-0.,-1.));
#3864 = DIRECTION('',(0.,-1.,0.));
#3865 = PCURVE('',#73,#3866);
#3866 = DEFINITIONAL_REPRESENTATION('',(#3867),#3875);
#3867 = ( BOUNDED_CURVE() B_SPLINE_CURVE(2,(#3868,#3869,#3870,#3871,
#3872,#3873,#3874),.UNSPECIFIED.,.T.,.F.) B_SPLINE_CURVE_WITH_KNOTS((1,2
    ,2,2,2,1),(-2.094395102393,0.,2.094395102393,4.188790204786,
6.28318530718,8.377580409573),.UNSPECIFIED.) CURVE() 
GEOMETRIC_REPRESENTATION_ITEM() RATIONAL_B_SPLINE_CURVE((1.,0.5,1.,0.5,
1.,0.5,1.)) REPRESENTATION_ITEM('') );
#3868 = CARTESIAN_POINT('',(64.718,-66.6533));
#3869 = CARTESIAN_POINT('',(63.860115235011,-66.6533));
#3870 = CARTESIAN_POINT('',(64.289057617506,-65.91035));
#3871 = CARTESIAN_POINT('',(64.718,-65.1674));
#3872 = CARTESIAN_POINT('',(65.146942382494,-65.91035));
#3873 = CARTESIAN_POINT('',(65.575884764989,-66.6533));
#3874 = CARTESIAN_POINT('',(64.718,-66.6533));
#3875 = ( GEOMETRIC_REPRESENTATION_CONTEXT(2) 
PARAMETRIC_REPRESENTATION_CONTEXT() REPRESENTATION_CONTEXT('2D SPACE',''
  ) );
#3876 = PCURVE('',#3877,#3882);
#3877 = CYLINDRICAL_SURFACE('',#3878,0.4953);
#3878 = AXIS2_PLACEMENT_3D('',#3879,#3880,#3881);
#3879 = CARTESIAN_POINT('',(64.718,-66.158,-4.6E-02));
#3880 = DIRECTION('',(-0.,-0.,-1.));
#3881 = DIRECTION('',(0.,-1.,0.));
#3882 = DEFINITIONAL_REPRESENTATION('',(#3883),#3887);
#3883 = LINE('',#3884,#3885);
#3884 = CARTESIAN_POINT('',(0.,-1.556));
#3885 = VECTOR('',#3886,1.);
#3886 = DIRECTION('',(1.,0.));
#3887 = ( GEOMETRIC_REPRESENTATION_CONTEXT(2) 
PARAMETRIC_REPRESENTATION_CONTEXT() REPRESENTATION_CONTEXT('2D SPACE',''
  ) );
#3888 = FACE_BOUND('',#3889,.T.);
#3889 = EDGE_LOOP('',(#3890));
#3890 = ORIENTED_EDGE('',*,*,#3891,.T.);
#3891 = EDGE_CURVE('',#3892,#3892,#3894,.T.);
#3892 = VERTEX_POINT('',#3893);
#3893 = CARTESIAN_POINT('',(69.938,-72.0725,1.51));
#3894 = SURFACE_CURVE('',#3895,(#3900,#3911),.PCURVE_S1.);
#3895 = CIRCLE('',#3896,1.7145);
#3896 = AXIS2_PLACEMENT_3D('',#3897,#3898,#3899);
#3897 = CARTESIAN_POINT('',(69.938,-70.358,1.51));
#3898 = DIRECTION('',(-0.,-0.,-1.));
#3899 = DIRECTION('',(0.,-1.,0.));
#3900 = PCURVE('',#73,#3901);
#3901 = DEFINITIONAL_REPRESENTATION('',(#3902),#3910);
#3902 = ( BOUNDED_CURVE() B_SPLINE_CURVE(2,(#3903,#3904,#3905,#3906,
#3907,#3908,#3909),.UNSPECIFIED.,.T.,.F.) B_SPLINE_CURVE_WITH_KNOTS((1,2
    ,2,2,2,1),(-2.094395102393,0.,2.094395102393,4.188790204786,
6.28318530718,8.377580409573),.UNSPECIFIED.) CURVE() 
GEOMETRIC_REPRESENTATION_ITEM() RATIONAL_B_SPLINE_CURVE((1.,0.5,1.,0.5,
1.,0.5,1.)) REPRESENTATION_ITEM('') );
#3903 = CARTESIAN_POINT('',(69.938,-72.0725));
#3904 = CARTESIAN_POINT('',(66.968398890423,-72.0725));
#3905 = CARTESIAN_POINT('',(68.453199445212,-69.50075));
#3906 = CARTESIAN_POINT('',(69.938,-66.929));
#3907 = CARTESIAN_POINT('',(71.422800554788,-69.50075));
#3908 = CARTESIAN_POINT('',(72.907601109577,-72.0725));
#3909 = CARTESIAN_POINT('',(69.938,-72.0725));
#3910 = ( GEOMETRIC_REPRESENTATION_CONTEXT(2) 
PARAMETRIC_REPRESENTATION_CONTEXT() REPRESENTATION_CONTEXT('2D SPACE',''
  ) );
#3911 = PCURVE('',#3912,#3917);
#3912 = CYLINDRICAL_SURFACE('',#3913,1.7145);
#3913 = AXIS2_PLACEMENT_3D('',#3914,#3915,#3916);
#3914 = CARTESIAN_POINT('',(69.938,-70.358,-4.6E-02));
#3915 = DIRECTION('',(-0.,-0.,-1.));
#3916 = DIRECTION('',(0.,-1.,0.));
#3917 = DEFINITIONAL_REPRESENTATION('',(#3918),#3922);
#3918 = LINE('',#3919,#3920);
#3919 = CARTESIAN_POINT('',(0.,-1.556));
#3920 = VECTOR('',#3921,1.);
#3921 = DIRECTION('',(1.,0.));
#3922 = ( GEOMETRIC_REPRESENTATION_CONTEXT(2) 
PARAMETRIC_REPRESENTATION_CONTEXT() REPRESENTATION_CONTEXT('2D SPACE',''
  ) );
#3923 = FACE_BOUND('',#3924,.T.);
#3924 = EDGE_LOOP('',(#3925));
#3925 = ORIENTED_EDGE('',*,*,#3926,.T.);
#3926 = EDGE_CURVE('',#3927,#3927,#3929,.T.);
#3927 = VERTEX_POINT('',#3928);
#3928 = CARTESIAN_POINT('',(75.438,-71.2089,1.51));
#3929 = SURFACE_CURVE('',#3930,(#3935,#3946),.PCURVE_S1.);
#3930 = CIRCLE('',#3931,0.8509);
#3931 = AXIS2_PLACEMENT_3D('',#3932,#3933,#3934);
#3932 = CARTESIAN_POINT('',(75.438,-70.358,1.51));
#3933 = DIRECTION('',(-0.,-0.,-1.));
#3934 = DIRECTION('',(0.,-1.,0.));
#3935 = PCURVE('',#73,#3936);
#3936 = DEFINITIONAL_REPRESENTATION('',(#3937),#3945);
#3937 = ( BOUNDED_CURVE() B_SPLINE_CURVE(2,(#3938,#3939,#3940,#3941,
#3942,#3943,#3944),.UNSPECIFIED.,.T.,.F.) B_SPLINE_CURVE_WITH_KNOTS((1,2
    ,2,2,2,1),(-2.094395102393,0.,2.094395102393,4.188790204786,
6.28318530718,8.377580409573),.UNSPECIFIED.) CURVE() 
GEOMETRIC_REPRESENTATION_ITEM() RATIONAL_B_SPLINE_CURVE((1.,0.5,1.,0.5,
1.,0.5,1.)) REPRESENTATION_ITEM('') );
#3938 = CARTESIAN_POINT('',(75.438,-71.2089));
#3939 = CARTESIAN_POINT('',(73.96419796784,-71.2089));
#3940 = CARTESIAN_POINT('',(74.70109898392,-69.93255));
#3941 = CARTESIAN_POINT('',(75.438,-68.6562));
#3942 = CARTESIAN_POINT('',(76.17490101608,-69.93255));
#3943 = CARTESIAN_POINT('',(76.91180203216,-71.2089));
#3944 = CARTESIAN_POINT('',(75.438,-71.2089));
#3945 = ( GEOMETRIC_REPRESENTATION_CONTEXT(2) 
PARAMETRIC_REPRESENTATION_CONTEXT() REPRESENTATION_CONTEXT('2D SPACE',''
  ) );
#3946 = PCURVE('',#3947,#3952);
#3947 = CYLINDRICAL_SURFACE('',#3948,0.8509);
#3948 = AXIS2_PLACEMENT_3D('',#3949,#3950,#3951);
#3949 = CARTESIAN_POINT('',(75.438,-70.358,-4.6E-02));
#3950 = DIRECTION('',(-0.,-0.,-1.));
#3951 = DIRECTION('',(0.,-1.,0.));
#3952 = DEFINITIONAL_REPRESENTATION('',(#3953),#3957);
#3953 = LINE('',#3954,#3955);
#3954 = CARTESIAN_POINT('',(0.,-1.556));
#3955 = VECTOR('',#3956,1.);
#3956 = DIRECTION('',(1.,0.));
#3957 = ( GEOMETRIC_REPRESENTATION_CONTEXT(2) 
PARAMETRIC_REPRESENTATION_CONTEXT() REPRESENTATION_CONTEXT('2D SPACE',''
  ) );
#3958 = FACE_BOUND('',#3959,.T.);
#3959 = EDGE_LOOP('',(#3960));
#3960 = ORIENTED_EDGE('',*,*,#3961,.T.);
#3961 = EDGE_CURVE('',#3962,#3962,#3964,.T.);
#3962 = VERTEX_POINT('',#3963);
#3963 = CARTESIAN_POINT('',(75.158,-66.6533,1.51));
#3964 = SURFACE_CURVE('',#3965,(#3970,#3981),.PCURVE_S1.);
#3965 = CIRCLE('',#3966,0.4953);
#3966 = AXIS2_PLACEMENT_3D('',#3967,#3968,#3969);
#3967 = CARTESIAN_POINT('',(75.158,-66.158,1.51));
#3968 = DIRECTION('',(-0.,-0.,-1.));
#3969 = DIRECTION('',(0.,-1.,0.));
#3970 = PCURVE('',#73,#3971);
#3971 = DEFINITIONAL_REPRESENTATION('',(#3972),#3980);
#3972 = ( BOUNDED_CURVE() B_SPLINE_CURVE(2,(#3973,#3974,#3975,#3976,
#3977,#3978,#3979),.UNSPECIFIED.,.T.,.F.) B_SPLINE_CURVE_WITH_KNOTS((1,2
    ,2,2,2,1),(-2.094395102393,0.,2.094395102393,4.188790204786,
6.28318530718,8.377580409573),.UNSPECIFIED.) CURVE() 
GEOMETRIC_REPRESENTATION_ITEM() RATIONAL_B_SPLINE_CURVE((1.,0.5,1.,0.5,
1.,0.5,1.)) REPRESENTATION_ITEM('') );
#3973 = CARTESIAN_POINT('',(75.158,-66.6533));
#3974 = CARTESIAN_POINT('',(74.300115235011,-66.6533));
#3975 = CARTESIAN_POINT('',(74.729057617506,-65.91035));
#3976 = CARTESIAN_POINT('',(75.158,-65.1674));
#3977 = CARTESIAN_POINT('',(75.586942382494,-65.91035));
#3978 = CARTESIAN_POINT('',(76.015884764989,-66.6533));
#3979 = CARTESIAN_POINT('',(75.158,-66.6533));
#3980 = ( GEOMETRIC_REPRESENTATION_CONTEXT(2) 
PARAMETRIC_REPRESENTATION_CONTEXT() REPRESENTATION_CONTEXT('2D SPACE',''
  ) );
#3981 = PCURVE('',#3982,#3987);
#3982 = CYLINDRICAL_SURFACE('',#3983,0.4953);
#3983 = AXIS2_PLACEMENT_3D('',#3984,#3985,#3986);
#3984 = CARTESIAN_POINT('',(75.158,-66.158,-4.6E-02));
#3985 = DIRECTION('',(-0.,-0.,-1.));
#3986 = DIRECTION('',(0.,-1.,0.));
#3987 = DEFINITIONAL_REPRESENTATION('',(#3988),#3992);
#3988 = LINE('',#3989,#3990);
#3989 = CARTESIAN_POINT('',(0.,-1.556));
#3990 = VECTOR('',#3991,1.);
#3991 = DIRECTION('',(1.,0.));
#3992 = ( GEOMETRIC_REPRESENTATION_CONTEXT(2) 
PARAMETRIC_REPRESENTATION_CONTEXT() REPRESENTATION_CONTEXT('2D SPACE',''
  ) );
#3993 = FACE_BOUND('',#3994,.T.);
#3994 = EDGE_LOOP('',(#3995));
#3995 = ORIENTED_EDGE('',*,*,#3996,.T.);
#3996 = EDGE_CURVE('',#3997,#3997,#3999,.T.);
#3997 = VERTEX_POINT('',#3998);
#3998 = CARTESIAN_POINT('',(50.392017,-61.151295,1.51));
#3999 = SURFACE_CURVE('',#4000,(#4005,#4016),.PCURVE_S1.);
#4000 = CIRCLE('',#4001,1.7145);
#4001 = AXIS2_PLACEMENT_3D('',#4002,#4003,#4004);
#4002 = CARTESIAN_POINT('',(50.392017,-59.436795,1.51));
#4003 = DIRECTION('',(0.,-0.,-1.));
#4004 = DIRECTION('',(4.144314585944E-15,-1.,0.));
#4005 = PCURVE('',#73,#4006);
#4006 = DEFINITIONAL_REPRESENTATION('',(#4007),#4015);
#4007 = ( BOUNDED_CURVE() B_SPLINE_CURVE(2,(#4008,#4009,#4010,#4011,
#4012,#4013,#4014),.UNSPECIFIED.,.T.,.F.) B_SPLINE_CURVE_WITH_KNOTS((1,2
    ,2,2,2,1),(-2.094395102393,0.,2.094395102393,4.188790204786,
6.28318530718,8.377580409573),.UNSPECIFIED.) CURVE() 
GEOMETRIC_REPRESENTATION_ITEM() RATIONAL_B_SPLINE_CURVE((1.,0.5,1.,0.5,
1.,0.5,1.)) REPRESENTATION_ITEM('') );
#4008 = CARTESIAN_POINT('',(50.392017,-61.151295));
#4009 = CARTESIAN_POINT('',(47.422415890423,-61.151295));
#4010 = CARTESIAN_POINT('',(48.907216445212,-58.579545));
#4011 = CARTESIAN_POINT('',(50.392017,-56.007795));
#4012 = CARTESIAN_POINT('',(51.876817554788,-58.579545));
#4013 = CARTESIAN_POINT('',(53.361618109577,-61.151295));
#4014 = CARTESIAN_POINT('',(50.392017,-61.151295));
#4015 = ( GEOMETRIC_REPRESENTATION_CONTEXT(2) 
PARAMETRIC_REPRESENTATION_CONTEXT() REPRESENTATION_CONTEXT('2D SPACE',''
  ) );
#4016 = PCURVE('',#4017,#4022);
#4017 = CYLINDRICAL_SURFACE('',#4018,1.7145);
#4018 = AXIS2_PLACEMENT_3D('',#4019,#4020,#4021);
#4019 = CARTESIAN_POINT('',(50.392017,-59.436795,-4.6E-02));
#4020 = DIRECTION('',(0.,0.,-1.));
#4021 = DIRECTION('',(4.144314585944E-15,-1.,0.));
#4022 = DEFINITIONAL_REPRESENTATION('',(#4023),#4027);
#4023 = LINE('',#4024,#4025);
#4024 = CARTESIAN_POINT('',(0.,-1.556));
#4025 = VECTOR('',#4026,1.);
#4026 = DIRECTION('',(1.,0.));
#4027 = ( GEOMETRIC_REPRESENTATION_CONTEXT(2) 
PARAMETRIC_REPRESENTATION_CONTEXT() REPRESENTATION_CONTEXT('2D SPACE',''
  ) );
#4028 = FACE_BOUND('',#4029,.T.);
#4029 = EDGE_LOOP('',(#4030));
#4030 = ORIENTED_EDGE('',*,*,#4031,.T.);
#4031 = EDGE_CURVE('',#4032,#4032,#4034,.T.);
#4032 = VERTEX_POINT('',#4033);
#4033 = CARTESIAN_POINT('',(55.878619,-59.904034,1.51));
#4034 = SURFACE_CURVE('',#4035,(#4040,#4051),.PCURVE_S1.);
#4035 = CIRCLE('',#4036,0.8509);
#4036 = AXIS2_PLACEMENT_3D('',#4037,#4038,#4039);
#4037 = CARTESIAN_POINT('',(55.878619,-59.053134,1.51));
#4038 = DIRECTION('',(-0.,-0.,-1.));
#4039 = DIRECTION('',(0.,-1.,0.));
#4040 = PCURVE('',#73,#4041);
#4041 = DEFINITIONAL_REPRESENTATION('',(#4042),#4050);
#4042 = ( BOUNDED_CURVE() B_SPLINE_CURVE(2,(#4043,#4044,#4045,#4046,
#4047,#4048,#4049),.UNSPECIFIED.,.T.,.F.) B_SPLINE_CURVE_WITH_KNOTS((1,2
    ,2,2,2,1),(-2.094395102393,0.,2.094395102393,4.188790204786,
6.28318530718,8.377580409573),.UNSPECIFIED.) CURVE() 
GEOMETRIC_REPRESENTATION_ITEM() RATIONAL_B_SPLINE_CURVE((1.,0.5,1.,0.5,
1.,0.5,1.)) REPRESENTATION_ITEM('') );
#4043 = CARTESIAN_POINT('',(55.878619,-59.904034));
#4044 = CARTESIAN_POINT('',(54.40481696784,-59.904034));
#4045 = CARTESIAN_POINT('',(55.14171798392,-58.627684));
#4046 = CARTESIAN_POINT('',(55.878619,-57.351334));
#4047 = CARTESIAN_POINT('',(56.61552001608,-58.627684));
#4048 = CARTESIAN_POINT('',(57.35242103216,-59.904034));
#4049 = CARTESIAN_POINT('',(55.878619,-59.904034));
#4050 = ( GEOMETRIC_REPRESENTATION_CONTEXT(2) 
PARAMETRIC_REPRESENTATION_CONTEXT() REPRESENTATION_CONTEXT('2D SPACE',''
  ) );
#4051 = PCURVE('',#4052,#4057);
#4052 = CYLINDRICAL_SURFACE('',#4053,0.8509);
#4053 = AXIS2_PLACEMENT_3D('',#4054,#4055,#4056);
#4054 = CARTESIAN_POINT('',(55.878619,-59.053134,-4.6E-02));
#4055 = DIRECTION('',(-0.,-0.,-1.));
#4056 = DIRECTION('',(0.,-1.,0.));
#4057 = DEFINITIONAL_REPRESENTATION('',(#4058),#4062);
#4058 = LINE('',#4059,#4060);
#4059 = CARTESIAN_POINT('',(0.,-1.556));
#4060 = VECTOR('',#4061,1.);
#4061 = DIRECTION('',(1.,0.));
#4062 = ( GEOMETRIC_REPRESENTATION_CONTEXT(2) 
PARAMETRIC_REPRESENTATION_CONTEXT() REPRESENTATION_CONTEXT('2D SPACE',''
  ) );
#4063 = FACE_BOUND('',#4064,.T.);
#4064 = EDGE_LOOP('',(#4065));
#4065 = ORIENTED_EDGE('',*,*,#4066,.T.);
#4066 = EDGE_CURVE('',#4067,#4067,#4069,.T.);
#4067 = VERTEX_POINT('',#4068);
#4068 = CARTESIAN_POINT('',(55.306324,-55.378197,1.51));
#4069 = SURFACE_CURVE('',#4070,(#4075,#4086),.PCURVE_S1.);
#4070 = CIRCLE('',#4071,0.4953);
#4071 = AXIS2_PLACEMENT_3D('',#4072,#4073,#4074);
#4072 = CARTESIAN_POINT('',(55.306324,-54.882897,1.51));
#4073 = DIRECTION('',(-0.,0.,-1.));
#4074 = DIRECTION('',(-1.434570433596E-14,-1.,0.));
#4075 = PCURVE('',#73,#4076);
#4076 = DEFINITIONAL_REPRESENTATION('',(#4077),#4085);
#4077 = ( BOUNDED_CURVE() B_SPLINE_CURVE(2,(#4078,#4079,#4080,#4081,
#4082,#4083,#4084),.UNSPECIFIED.,.T.,.F.) B_SPLINE_CURVE_WITH_KNOTS((1,2
    ,2,2,2,1),(-2.094395102393,0.,2.094395102393,4.188790204786,
6.28318530718,8.377580409573),.UNSPECIFIED.) CURVE() 
GEOMETRIC_REPRESENTATION_ITEM() RATIONAL_B_SPLINE_CURVE((1.,0.5,1.,0.5,
1.,0.5,1.)) REPRESENTATION_ITEM('') );
#4078 = CARTESIAN_POINT('',(55.306324,-55.378197));
#4079 = CARTESIAN_POINT('',(54.448439235011,-55.378197));
#4080 = CARTESIAN_POINT('',(54.877381617506,-54.635247));
#4081 = CARTESIAN_POINT('',(55.306324,-53.892297));
#4082 = CARTESIAN_POINT('',(55.735266382494,-54.635247));
#4083 = CARTESIAN_POINT('',(56.164208764989,-55.378197));
#4084 = CARTESIAN_POINT('',(55.306324,-55.378197));
#4085 = ( GEOMETRIC_REPRESENTATION_CONTEXT(2) 
PARAMETRIC_REPRESENTATION_CONTEXT() REPRESENTATION_CONTEXT('2D SPACE',''
  ) );
#4086 = PCURVE('',#4087,#4092);
#4087 = CYLINDRICAL_SURFACE('',#4088,0.4953);
#4088 = AXIS2_PLACEMENT_3D('',#4089,#4090,#4091);
#4089 = CARTESIAN_POINT('',(55.306324,-54.882897,-4.6E-02));
#4090 = DIRECTION('',(-0.,-0.,-1.));
#4091 = DIRECTION('',(-1.434570433596E-14,-1.,0.));
#4092 = DEFINITIONAL_REPRESENTATION('',(#4093),#4097);
#4093 = LINE('',#4094,#4095);
#4094 = CARTESIAN_POINT('',(0.,-1.556));
#4095 = VECTOR('',#4096,1.);
#4096 = DIRECTION('',(1.,0.));
#4097 = ( GEOMETRIC_REPRESENTATION_CONTEXT(2) 
PARAMETRIC_REPRESENTATION_CONTEXT() REPRESENTATION_CONTEXT('2D SPACE',''
  ) );
#4098 = FACE_BOUND('',#4099,.T.);
#4099 = EDGE_LOOP('',(#4100));
#4100 = ORIENTED_EDGE('',*,*,#4101,.T.);
#4101 = EDGE_CURVE('',#4102,#4102,#4104,.T.);
#4102 = VERTEX_POINT('',#4103);
#4103 = CARTESIAN_POINT('',(60.388,-53.224,1.51));
#4104 = SURFACE_CURVE('',#4105,(#4110,#4121),.PCURVE_S1.);
#4105 = CIRCLE('',#4106,1.1);
#4106 = AXIS2_PLACEMENT_3D('',#4107,#4108,#4109);
#4107 = CARTESIAN_POINT('',(60.388,-52.124,1.51));
#4108 = DIRECTION('',(-0.,-0.,-1.));
#4109 = DIRECTION('',(0.,-1.,0.));
#4110 = PCURVE('',#73,#4111);
#4111 = DEFINITIONAL_REPRESENTATION('',(#4112),#4120);
#4112 = ( BOUNDED_CURVE() B_SPLINE_CURVE(2,(#4113,#4114,#4115,#4116,
#4117,#4118,#4119),.UNSPECIFIED.,.T.,.F.) B_SPLINE_CURVE_WITH_KNOTS((1,2
    ,2,2,2,1),(-2.094395102393,0.,2.094395102393,4.188790204786,
6.28318530718,8.377580409573),.UNSPECIFIED.) CURVE() 
GEOMETRIC_REPRESENTATION_ITEM() RATIONAL_B_SPLINE_CURVE((1.,0.5,1.,0.5,
1.,0.5,1.)) REPRESENTATION_ITEM('') );
#4113 = CARTESIAN_POINT('',(60.388,-53.224));
#4114 = CARTESIAN_POINT('',(58.482744111674,-53.224));
#4115 = CARTESIAN_POINT('',(59.435372055837,-51.574));
#4116 = CARTESIAN_POINT('',(60.388,-49.924));
#4117 = CARTESIAN_POINT('',(61.340627944163,-51.574));
#4118 = CARTESIAN_POINT('',(62.293255888326,-53.224));
#4119 = CARTESIAN_POINT('',(60.388,-53.224));
#4120 = ( GEOMETRIC_REPRESENTATION_CONTEXT(2) 
PARAMETRIC_REPRESENTATION_CONTEXT() REPRESENTATION_CONTEXT('2D SPACE',''
  ) );
#4121 = PCURVE('',#4122,#4127);
#4122 = CYLINDRICAL_SURFACE('',#4123,1.1);
#4123 = AXIS2_PLACEMENT_3D('',#4124,#4125,#4126);
#4124 = CARTESIAN_POINT('',(60.388,-52.124,-4.6E-02));
#4125 = DIRECTION('',(-0.,-0.,-1.));
#4126 = DIRECTION('',(0.,-1.,0.));
#4127 = DEFINITIONAL_REPRESENTATION('',(#4128),#4132);
#4128 = LINE('',#4129,#4130);
#4129 = CARTESIAN_POINT('',(0.,-1.556));
#4130 = VECTOR('',#4131,1.);
#4131 = DIRECTION('',(1.,0.));
#4132 = ( GEOMETRIC_REPRESENTATION_CONTEXT(2) 
PARAMETRIC_REPRESENTATION_CONTEXT() REPRESENTATION_CONTEXT('2D SPACE',''
  ) );
#4133 = FACE_BOUND('',#4134,.T.);
#4134 = EDGE_LOOP('',(#4135));
#4135 = ORIENTED_EDGE('',*,*,#4136,.T.);
#4136 = EDGE_CURVE('',#4137,#4137,#4139,.T.);
#4137 = VERTEX_POINT('',#4138);
#4138 = CARTESIAN_POINT('',(64.938,-57.775,1.51));
#4139 = SURFACE_CURVE('',#4140,(#4145,#4156),.PCURVE_S1.);
#4140 = CIRCLE('',#4141,0.635);
#4141 = AXIS2_PLACEMENT_3D('',#4142,#4143,#4144);
#4142 = CARTESIAN_POINT('',(64.938,-57.14,1.51));
#4143 = DIRECTION('',(0.,-0.,-1.));
#4144 = DIRECTION('',(2.23792987641E-14,-1.,0.));
#4145 = PCURVE('',#73,#4146);
#4146 = DEFINITIONAL_REPRESENTATION('',(#4147),#4155);
#4147 = ( BOUNDED_CURVE() B_SPLINE_CURVE(2,(#4148,#4149,#4150,#4151,
#4152,#4153,#4154),.UNSPECIFIED.,.T.,.F.) B_SPLINE_CURVE_WITH_KNOTS((1,2
    ,2,2,2,1),(-2.094395102393,0.,2.094395102393,4.188790204786,
6.28318530718,8.377580409573),.UNSPECIFIED.) CURVE() 
GEOMETRIC_REPRESENTATION_ITEM() RATIONAL_B_SPLINE_CURVE((1.,0.5,1.,0.5,
1.,0.5,1.)) REPRESENTATION_ITEM('') );
#4148 = CARTESIAN_POINT('',(64.938,-57.775));
#4149 = CARTESIAN_POINT('',(63.838147737194,-57.775));
#4150 = CARTESIAN_POINT('',(64.388073868597,-56.8225));
#4151 = CARTESIAN_POINT('',(64.938,-55.87));
#4152 = CARTESIAN_POINT('',(65.487926131403,-56.8225));
#4153 = CARTESIAN_POINT('',(66.037852262806,-57.775));
#4154 = CARTESIAN_POINT('',(64.938,-57.775));
#4155 = ( GEOMETRIC_REPRESENTATION_CONTEXT(2) 
PARAMETRIC_REPRESENTATION_CONTEXT() REPRESENTATION_CONTEXT('2D SPACE',''
  ) );
#4156 = PCURVE('',#4157,#4162);
#4157 = CYLINDRICAL_SURFACE('',#4158,0.635);
#4158 = AXIS2_PLACEMENT_3D('',#4159,#4160,#4161);
#4159 = CARTESIAN_POINT('',(64.938,-57.14,-4.6E-02));
#4160 = DIRECTION('',(0.,0.,-1.));
#4161 = DIRECTION('',(2.23792987641E-14,-1.,0.));
#4162 = DEFINITIONAL_REPRESENTATION('',(#4163),#4167);
#4163 = LINE('',#4164,#4165);
#4164 = CARTESIAN_POINT('',(0.,-1.556));
#4165 = VECTOR('',#4166,1.);
#4166 = DIRECTION('',(1.,0.));
#4167 = ( GEOMETRIC_REPRESENTATION_CONTEXT(2) 
PARAMETRIC_REPRESENTATION_CONTEXT() REPRESENTATION_CONTEXT('2D SPACE',''
  ) );
#4168 = FACE_BOUND('',#4169,.T.);
#4169 = EDGE_LOOP('',(#4170));
#4170 = ORIENTED_EDGE('',*,*,#4171,.T.);
#4171 = EDGE_CURVE('',#4172,#4172,#4174,.T.);
#4172 = VERTEX_POINT('',#4173);
#4173 = CARTESIAN_POINT('',(69.938,-59.875,1.51));
#4174 = SURFACE_CURVE('',#4175,(#4180,#4191),.PCURVE_S1.);
#4175 = CIRCLE('',#4176,0.635);
#4176 = AXIS2_PLACEMENT_3D('',#4177,#4178,#4179);
#4177 = CARTESIAN_POINT('',(69.938,-59.24,1.51));
#4178 = DIRECTION('',(0.,-0.,-1.));
#4179 = DIRECTION('',(2.23792987641E-14,-1.,0.));
#4180 = PCURVE('',#73,#4181);
#4181 = DEFINITIONAL_REPRESENTATION('',(#4182),#4190);
#4182 = ( BOUNDED_CURVE() B_SPLINE_CURVE(2,(#4183,#4184,#4185,#4186,
#4187,#4188,#4189),.UNSPECIFIED.,.T.,.F.) B_SPLINE_CURVE_WITH_KNOTS((1,2
    ,2,2,2,1),(-2.094395102393,0.,2.094395102393,4.188790204786,
6.28318530718,8.377580409573),.UNSPECIFIED.) CURVE() 
GEOMETRIC_REPRESENTATION_ITEM() RATIONAL_B_SPLINE_CURVE((1.,0.5,1.,0.5,
1.,0.5,1.)) REPRESENTATION_ITEM('') );
#4183 = CARTESIAN_POINT('',(69.938,-59.875));
#4184 = CARTESIAN_POINT('',(68.838147737194,-59.875));
#4185 = CARTESIAN_POINT('',(69.388073868597,-58.9225));
#4186 = CARTESIAN_POINT('',(69.938,-57.97));
#4187 = CARTESIAN_POINT('',(70.487926131403,-58.9225));
#4188 = CARTESIAN_POINT('',(71.037852262806,-59.875));
#4189 = CARTESIAN_POINT('',(69.938,-59.875));
#4190 = ( GEOMETRIC_REPRESENTATION_CONTEXT(2) 
PARAMETRIC_REPRESENTATION_CONTEXT() REPRESENTATION_CONTEXT('2D SPACE',''
  ) );
#4191 = PCURVE('',#4192,#4197);
#4192 = CYLINDRICAL_SURFACE('',#4193,0.635);
#4193 = AXIS2_PLACEMENT_3D('',#4194,#4195,#4196);
#4194 = CARTESIAN_POINT('',(69.938,-59.24,-4.6E-02));
#4195 = DIRECTION('',(0.,0.,-1.));
#4196 = DIRECTION('',(2.23792987641E-14,-1.,0.));
#4197 = DEFINITIONAL_REPRESENTATION('',(#4198),#4202);
#4198 = LINE('',#4199,#4200);
#4199 = CARTESIAN_POINT('',(0.,-1.556));
#4200 = VECTOR('',#4201,1.);
#4201 = DIRECTION('',(1.,0.));
#4202 = ( GEOMETRIC_REPRESENTATION_CONTEXT(2) 
PARAMETRIC_REPRESENTATION_CONTEXT() REPRESENTATION_CONTEXT('2D SPACE',''
  ) );
#4203 = FACE_BOUND('',#4204,.T.);
#4204 = EDGE_LOOP('',(#4205));
#4205 = ORIENTED_EDGE('',*,*,#4206,.T.);
#4206 = EDGE_CURVE('',#4207,#4207,#4209,.T.);
#4207 = VERTEX_POINT('',#4208);
#4208 = CARTESIAN_POINT('',(74.938,-57.775,1.51));
#4209 = SURFACE_CURVE('',#4210,(#4215,#4226),.PCURVE_S1.);
#4210 = CIRCLE('',#4211,0.635);
#4211 = AXIS2_PLACEMENT_3D('',#4212,#4213,#4214);
#4212 = CARTESIAN_POINT('',(74.938,-57.14,1.51));
#4213 = DIRECTION('',(0.,-0.,-1.));
#4214 = DIRECTION('',(2.23792987641E-14,-1.,0.));
#4215 = PCURVE('',#73,#4216);
#4216 = DEFINITIONAL_REPRESENTATION('',(#4217),#4225);
#4217 = ( BOUNDED_CURVE() B_SPLINE_CURVE(2,(#4218,#4219,#4220,#4221,
#4222,#4223,#4224),.UNSPECIFIED.,.T.,.F.) B_SPLINE_CURVE_WITH_KNOTS((1,2
    ,2,2,2,1),(-2.094395102393,0.,2.094395102393,4.188790204786,
6.28318530718,8.377580409573),.UNSPECIFIED.) CURVE() 
GEOMETRIC_REPRESENTATION_ITEM() RATIONAL_B_SPLINE_CURVE((1.,0.5,1.,0.5,
1.,0.5,1.)) REPRESENTATION_ITEM('') );
#4218 = CARTESIAN_POINT('',(74.938,-57.775));
#4219 = CARTESIAN_POINT('',(73.838147737194,-57.775));
#4220 = CARTESIAN_POINT('',(74.388073868597,-56.8225));
#4221 = CARTESIAN_POINT('',(74.938,-55.87));
#4222 = CARTESIAN_POINT('',(75.487926131403,-56.8225));
#4223 = CARTESIAN_POINT('',(76.037852262806,-57.775));
#4224 = CARTESIAN_POINT('',(74.938,-57.775));
#4225 = ( GEOMETRIC_REPRESENTATION_CONTEXT(2) 
PARAMETRIC_REPRESENTATION_CONTEXT() REPRESENTATION_CONTEXT('2D SPACE',''
  ) );
#4226 = PCURVE('',#4227,#4232);
#4227 = CYLINDRICAL_SURFACE('',#4228,0.635);
#4228 = AXIS2_PLACEMENT_3D('',#4229,#4230,#4231);
#4229 = CARTESIAN_POINT('',(74.938,-57.14,-4.6E-02));
#4230 = DIRECTION('',(0.,0.,-1.));
#4231 = DIRECTION('',(2.23792987641E-14,-1.,0.));
#4232 = DEFINITIONAL_REPRESENTATION('',(#4233),#4237);
#4233 = LINE('',#4234,#4235);
#4234 = CARTESIAN_POINT('',(0.,-1.556));
#4235 = VECTOR('',#4236,1.);
#4236 = DIRECTION('',(1.,0.));
#4237 = ( GEOMETRIC_REPRESENTATION_CONTEXT(2) 
PARAMETRIC_REPRESENTATION_CONTEXT() REPRESENTATION_CONTEXT('2D SPACE',''
  ) );
#4238 = FACE_BOUND('',#4239,.T.);
#4239 = EDGE_LOOP('',(#4240));
#4240 = ORIENTED_EDGE('',*,*,#4241,.T.);
#4241 = EDGE_CURVE('',#4242,#4242,#4244,.T.);
#4242 = VERTEX_POINT('',#4243);
#4243 = CARTESIAN_POINT('',(64.438,-54.1909,1.51));
#4244 = SURFACE_CURVE('',#4245,(#4250,#4261),.PCURVE_S1.);
#4245 = CIRCLE('',#4246,0.8509);
#4246 = AXIS2_PLACEMENT_3D('',#4247,#4248,#4249);
#4247 = CARTESIAN_POINT('',(64.438,-53.34,1.51));
#4248 = DIRECTION('',(-0.,-0.,-1.));
#4249 = DIRECTION('',(0.,-1.,0.));
#4250 = PCURVE('',#73,#4251);
#4251 = DEFINITIONAL_REPRESENTATION('',(#4252),#4260);
#4252 = ( BOUNDED_CURVE() B_SPLINE_CURVE(2,(#4253,#4254,#4255,#4256,
#4257,#4258,#4259),.UNSPECIFIED.,.T.,.F.) B_SPLINE_CURVE_WITH_KNOTS((1,2
    ,2,2,2,1),(-2.094395102393,0.,2.094395102393,4.188790204786,
6.28318530718,8.377580409573),.UNSPECIFIED.) CURVE() 
GEOMETRIC_REPRESENTATION_ITEM() RATIONAL_B_SPLINE_CURVE((1.,0.5,1.,0.5,
1.,0.5,1.)) REPRESENTATION_ITEM('') );
#4253 = CARTESIAN_POINT('',(64.438,-54.1909));
#4254 = CARTESIAN_POINT('',(62.96419796784,-54.1909));
#4255 = CARTESIAN_POINT('',(63.70109898392,-52.91455));
#4256 = CARTESIAN_POINT('',(64.438,-51.6382));
#4257 = CARTESIAN_POINT('',(65.17490101608,-52.91455));
#4258 = CARTESIAN_POINT('',(65.91180203216,-54.1909));
#4259 = CARTESIAN_POINT('',(64.438,-54.1909));
#4260 = ( GEOMETRIC_REPRESENTATION_CONTEXT(2) 
PARAMETRIC_REPRESENTATION_CONTEXT() REPRESENTATION_CONTEXT('2D SPACE',''
  ) );
#4261 = PCURVE('',#4262,#4267);
#4262 = CYLINDRICAL_SURFACE('',#4263,0.8509);
#4263 = AXIS2_PLACEMENT_3D('',#4264,#4265,#4266);
#4264 = CARTESIAN_POINT('',(64.438,-53.34,-4.6E-02));
#4265 = DIRECTION('',(-0.,-0.,-1.));
#4266 = DIRECTION('',(0.,-1.,0.));
#4267 = DEFINITIONAL_REPRESENTATION('',(#4268),#4272);
#4268 = LINE('',#4269,#4270);
#4269 = CARTESIAN_POINT('',(0.,-1.556));
#4270 = VECTOR('',#4271,1.);
#4271 = DIRECTION('',(1.,0.));
#4272 = ( GEOMETRIC_REPRESENTATION_CONTEXT(2) 
PARAMETRIC_REPRESENTATION_CONTEXT() REPRESENTATION_CONTEXT('2D SPACE',''
  ) );
#4273 = FACE_BOUND('',#4274,.T.);
#4274 = EDGE_LOOP('',(#4275));
#4275 = ORIENTED_EDGE('',*,*,#4276,.T.);
#4276 = EDGE_CURVE('',#4277,#4277,#4279,.T.);
#4277 = VERTEX_POINT('',#4278);
#4278 = CARTESIAN_POINT('',(69.938,-55.0545,1.51));
#4279 = SURFACE_CURVE('',#4280,(#4285,#4296),.PCURVE_S1.);
#4280 = CIRCLE('',#4281,1.7145);
#4281 = AXIS2_PLACEMENT_3D('',#4282,#4283,#4284);
#4282 = CARTESIAN_POINT('',(69.938,-53.34,1.51));
#4283 = DIRECTION('',(-0.,-0.,-1.));
#4284 = DIRECTION('',(0.,-1.,0.));
#4285 = PCURVE('',#73,#4286);
#4286 = DEFINITIONAL_REPRESENTATION('',(#4287),#4295);
#4287 = ( BOUNDED_CURVE() B_SPLINE_CURVE(2,(#4288,#4289,#4290,#4291,
#4292,#4293,#4294),.UNSPECIFIED.,.T.,.F.) B_SPLINE_CURVE_WITH_KNOTS((1,2
    ,2,2,2,1),(-2.094395102393,0.,2.094395102393,4.188790204786,
6.28318530718,8.377580409573),.UNSPECIFIED.) CURVE() 
GEOMETRIC_REPRESENTATION_ITEM() RATIONAL_B_SPLINE_CURVE((1.,0.5,1.,0.5,
1.,0.5,1.)) REPRESENTATION_ITEM('') );
#4288 = CARTESIAN_POINT('',(69.938,-55.0545));
#4289 = CARTESIAN_POINT('',(66.968398890423,-55.0545));
#4290 = CARTESIAN_POINT('',(68.453199445212,-52.48275));
#4291 = CARTESIAN_POINT('',(69.938,-49.911));
#4292 = CARTESIAN_POINT('',(71.422800554788,-52.48275));
#4293 = CARTESIAN_POINT('',(72.907601109577,-55.0545));
#4294 = CARTESIAN_POINT('',(69.938,-55.0545));
#4295 = ( GEOMETRIC_REPRESENTATION_CONTEXT(2) 
PARAMETRIC_REPRESENTATION_CONTEXT() REPRESENTATION_CONTEXT('2D SPACE',''
  ) );
#4296 = PCURVE('',#4297,#4302);
#4297 = CYLINDRICAL_SURFACE('',#4298,1.7145);
#4298 = AXIS2_PLACEMENT_3D('',#4299,#4300,#4301);
#4299 = CARTESIAN_POINT('',(69.938,-53.34,-4.6E-02));
#4300 = DIRECTION('',(-0.,-0.,-1.));
#4301 = DIRECTION('',(0.,-1.,0.));
#4302 = DEFINITIONAL_REPRESENTATION('',(#4303),#4307);
#4303 = LINE('',#4304,#4305);
#4304 = CARTESIAN_POINT('',(0.,-1.556));
#4305 = VECTOR('',#4306,1.);
#4306 = DIRECTION('',(1.,0.));
#4307 = ( GEOMETRIC_REPRESENTATION_CONTEXT(2) 
PARAMETRIC_REPRESENTATION_CONTEXT() REPRESENTATION_CONTEXT('2D SPACE',''
  ) );
#4308 = FACE_BOUND('',#4309,.T.);
#4309 = EDGE_LOOP('',(#4310));
#4310 = ORIENTED_EDGE('',*,*,#4311,.T.);
#4311 = EDGE_CURVE('',#4312,#4312,#4314,.T.);
#4312 = VERTEX_POINT('',#4313);
#4313 = CARTESIAN_POINT('',(75.438,-54.1909,1.51));
#4314 = SURFACE_CURVE('',#4315,(#4320,#4331),.PCURVE_S1.);
#4315 = CIRCLE('',#4316,0.8509);
#4316 = AXIS2_PLACEMENT_3D('',#4317,#4318,#4319);
#4317 = CARTESIAN_POINT('',(75.438,-53.34,1.51));
#4318 = DIRECTION('',(-0.,-0.,-1.));
#4319 = DIRECTION('',(0.,-1.,0.));
#4320 = PCURVE('',#73,#4321);
#4321 = DEFINITIONAL_REPRESENTATION('',(#4322),#4330);
#4322 = ( BOUNDED_CURVE() B_SPLINE_CURVE(2,(#4323,#4324,#4325,#4326,
#4327,#4328,#4329),.UNSPECIFIED.,.T.,.F.) B_SPLINE_CURVE_WITH_KNOTS((1,2
    ,2,2,2,1),(-2.094395102393,0.,2.094395102393,4.188790204786,
6.28318530718,8.377580409573),.UNSPECIFIED.) CURVE() 
GEOMETRIC_REPRESENTATION_ITEM() RATIONAL_B_SPLINE_CURVE((1.,0.5,1.,0.5,
1.,0.5,1.)) REPRESENTATION_ITEM('') );
#4323 = CARTESIAN_POINT('',(75.438,-54.1909));
#4324 = CARTESIAN_POINT('',(73.96419796784,-54.1909));
#4325 = CARTESIAN_POINT('',(74.70109898392,-52.91455));
#4326 = CARTESIAN_POINT('',(75.438,-51.6382));
#4327 = CARTESIAN_POINT('',(76.17490101608,-52.91455));
#4328 = CARTESIAN_POINT('',(76.91180203216,-54.1909));
#4329 = CARTESIAN_POINT('',(75.438,-54.1909));
#4330 = ( GEOMETRIC_REPRESENTATION_CONTEXT(2) 
PARAMETRIC_REPRESENTATION_CONTEXT() REPRESENTATION_CONTEXT('2D SPACE',''
  ) );
#4331 = PCURVE('',#4332,#4337);
#4332 = CYLINDRICAL_SURFACE('',#4333,0.8509);
#4333 = AXIS2_PLACEMENT_3D('',#4334,#4335,#4336);
#4334 = CARTESIAN_POINT('',(75.438,-53.34,-4.6E-02));
#4335 = DIRECTION('',(-0.,-0.,-1.));
#4336 = DIRECTION('',(0.,-1.,0.));
#4337 = DEFINITIONAL_REPRESENTATION('',(#4338),#4342);
#4338 = LINE('',#4339,#4340);
#4339 = CARTESIAN_POINT('',(0.,-1.556));
#4340 = VECTOR('',#4341,1.);
#4341 = DIRECTION('',(1.,0.));
#4342 = ( GEOMETRIC_REPRESENTATION_CONTEXT(2) 
PARAMETRIC_REPRESENTATION_CONTEXT() REPRESENTATION_CONTEXT('2D SPACE',''
  ) );
#4343 = FACE_BOUND('',#4344,.T.);
#4344 = EDGE_LOOP('',(#4345));
#4345 = ORIENTED_EDGE('',*,*,#4346,.T.);
#4346 = EDGE_CURVE('',#4347,#4347,#4349,.T.);
#4347 = VERTEX_POINT('',#4348);
#4348 = CARTESIAN_POINT('',(44.485224,-47.278669,1.51));
#4349 = SURFACE_CURVE('',#4350,(#4355,#4366),.PCURVE_S1.);
#4350 = CIRCLE('',#4351,0.635);
#4351 = AXIS2_PLACEMENT_3D('',#4352,#4353,#4354);
#4352 = CARTESIAN_POINT('',(44.485224,-46.643669,1.51));
#4353 = DIRECTION('',(-0.,-0.,-1.));
#4354 = DIRECTION('',(0.,-1.,0.));
#4355 = PCURVE('',#73,#4356);
#4356 = DEFINITIONAL_REPRESENTATION('',(#4357),#4365);
#4357 = ( BOUNDED_CURVE() B_SPLINE_CURVE(2,(#4358,#4359,#4360,#4361,
#4362,#4363,#4364),.UNSPECIFIED.,.T.,.F.) B_SPLINE_CURVE_WITH_KNOTS((1,2
    ,2,2,2,1),(-2.094395102393,0.,2.094395102393,4.188790204786,
6.28318530718,8.377580409573),.UNSPECIFIED.) CURVE() 
GEOMETRIC_REPRESENTATION_ITEM() RATIONAL_B_SPLINE_CURVE((1.,0.5,1.,0.5,
1.,0.5,1.)) REPRESENTATION_ITEM('') );
#4358 = CARTESIAN_POINT('',(44.485224,-47.278669));
#4359 = CARTESIAN_POINT('',(43.385371737194,-47.278669));
#4360 = CARTESIAN_POINT('',(43.935297868597,-46.326169));
#4361 = CARTESIAN_POINT('',(44.485224,-45.373669));
#4362 = CARTESIAN_POINT('',(45.035150131403,-46.326169));
#4363 = CARTESIAN_POINT('',(45.585076262806,-47.278669));
#4364 = CARTESIAN_POINT('',(44.485224,-47.278669));
#4365 = ( GEOMETRIC_REPRESENTATION_CONTEXT(2) 
PARAMETRIC_REPRESENTATION_CONTEXT() REPRESENTATION_CONTEXT('2D SPACE',''
  ) );
#4366 = PCURVE('',#4367,#4372);
#4367 = CYLINDRICAL_SURFACE('',#4368,0.635);
#4368 = AXIS2_PLACEMENT_3D('',#4369,#4370,#4371);
#4369 = CARTESIAN_POINT('',(44.485224,-46.643669,-4.6E-02));
#4370 = DIRECTION('',(-0.,-0.,-1.));
#4371 = DIRECTION('',(0.,-1.,0.));
#4372 = DEFINITIONAL_REPRESENTATION('',(#4373),#4377);
#4373 = LINE('',#4374,#4375);
#4374 = CARTESIAN_POINT('',(0.,-1.556));
#4375 = VECTOR('',#4376,1.);
#4376 = DIRECTION('',(1.,0.));
#4377 = ( GEOMETRIC_REPRESENTATION_CONTEXT(2) 
PARAMETRIC_REPRESENTATION_CONTEXT() REPRESENTATION_CONTEXT('2D SPACE',''
  ) );
#4378 = FACE_BOUND('',#4379,.T.);
#4379 = EDGE_LOOP('',(#4380));
#4380 = ORIENTED_EDGE('',*,*,#4381,.T.);
#4381 = EDGE_CURVE('',#4382,#4382,#4384,.T.);
#4382 = VERTEX_POINT('',#4383);
#4383 = CARTESIAN_POINT('',(43.721368,-43.738704,1.51));
#4384 = SURFACE_CURVE('',#4385,(#4390,#4401),.PCURVE_S1.);
#4385 = CIRCLE('',#4386,0.8509);
#4386 = AXIS2_PLACEMENT_3D('',#4387,#4388,#4389);
#4387 = CARTESIAN_POINT('',(43.721368,-42.887804,1.51));
#4388 = DIRECTION('',(-0.,-0.,-1.));
#4389 = DIRECTION('',(0.,-1.,0.));
#4390 = PCURVE('',#73,#4391);
#4391 = DEFINITIONAL_REPRESENTATION('',(#4392),#4400);
#4392 = ( BOUNDED_CURVE() B_SPLINE_CURVE(2,(#4393,#4394,#4395,#4396,
#4397,#4398,#4399),.UNSPECIFIED.,.T.,.F.) B_SPLINE_CURVE_WITH_KNOTS((1,2
    ,2,2,2,1),(-2.094395102393,0.,2.094395102393,4.188790204786,
6.28318530718,8.377580409573),.UNSPECIFIED.) CURVE() 
GEOMETRIC_REPRESENTATION_ITEM() RATIONAL_B_SPLINE_CURVE((1.,0.5,1.,0.5,
1.,0.5,1.)) REPRESENTATION_ITEM('') );
#4393 = CARTESIAN_POINT('',(43.721368,-43.738704));
#4394 = CARTESIAN_POINT('',(42.24756596784,-43.738704));
#4395 = CARTESIAN_POINT('',(42.98446698392,-42.462354));
#4396 = CARTESIAN_POINT('',(43.721368,-41.186004));
#4397 = CARTESIAN_POINT('',(44.45826901608,-42.462354));
#4398 = CARTESIAN_POINT('',(45.19517003216,-43.738704));
#4399 = CARTESIAN_POINT('',(43.721368,-43.738704));
#4400 = ( GEOMETRIC_REPRESENTATION_CONTEXT(2) 
PARAMETRIC_REPRESENTATION_CONTEXT() REPRESENTATION_CONTEXT('2D SPACE',''
  ) );
#4401 = PCURVE('',#4402,#4407);
#4402 = CYLINDRICAL_SURFACE('',#4403,0.8509);
#4403 = AXIS2_PLACEMENT_3D('',#4404,#4405,#4406);
#4404 = CARTESIAN_POINT('',(43.721368,-42.887804,-4.6E-02));
#4405 = DIRECTION('',(-0.,-0.,-1.));
#4406 = DIRECTION('',(0.,-1.,0.));
#4407 = DEFINITIONAL_REPRESENTATION('',(#4408),#4412);
#4408 = LINE('',#4409,#4410);
#4409 = CARTESIAN_POINT('',(0.,-1.556));
#4410 = VECTOR('',#4411,1.);
#4411 = DIRECTION('',(1.,0.));
#4412 = ( GEOMETRIC_REPRESENTATION_CONTEXT(2) 
PARAMETRIC_REPRESENTATION_CONTEXT() REPRESENTATION_CONTEXT('2D SPACE',''
  ) );
#4413 = FACE_BOUND('',#4414,.T.);
#4414 = EDGE_LOOP('',(#4415));
#4415 = ORIENTED_EDGE('',*,*,#4416,.T.);
#4416 = EDGE_CURVE('',#4417,#4417,#4419,.T.);
#4417 = VERTEX_POINT('',#4418);
#4418 = CARTESIAN_POINT('',(43.707708,-39.173803,1.51));
#4419 = SURFACE_CURVE('',#4420,(#4425,#4436),.PCURVE_S1.);
#4420 = CIRCLE('',#4421,0.4953);
#4421 = AXIS2_PLACEMENT_3D('',#4422,#4423,#4424);
#4422 = CARTESIAN_POINT('',(43.707708,-38.678503,1.51));
#4423 = DIRECTION('',(-0.,-0.,-1.));
#4424 = DIRECTION('',(0.,-1.,0.));
#4425 = PCURVE('',#73,#4426);
#4426 = DEFINITIONAL_REPRESENTATION('',(#4427),#4435);
#4427 = ( BOUNDED_CURVE() B_SPLINE_CURVE(2,(#4428,#4429,#4430,#4431,
#4432,#4433,#4434),.UNSPECIFIED.,.T.,.F.) B_SPLINE_CURVE_WITH_KNOTS((1,2
    ,2,2,2,1),(-2.094395102393,0.,2.094395102393,4.188790204786,
6.28318530718,8.377580409573),.UNSPECIFIED.) CURVE() 
GEOMETRIC_REPRESENTATION_ITEM() RATIONAL_B_SPLINE_CURVE((1.,0.5,1.,0.5,
1.,0.5,1.)) REPRESENTATION_ITEM('') );
#4428 = CARTESIAN_POINT('',(43.707708,-39.173803));
#4429 = CARTESIAN_POINT('',(42.849823235011,-39.173803));
#4430 = CARTESIAN_POINT('',(43.278765617506,-38.430853));
#4431 = CARTESIAN_POINT('',(43.707708,-37.687903));
#4432 = CARTESIAN_POINT('',(44.136650382494,-38.430853));
#4433 = CARTESIAN_POINT('',(44.565592764989,-39.173803));
#4434 = CARTESIAN_POINT('',(43.707708,-39.173803));
#4435 = ( GEOMETRIC_REPRESENTATION_CONTEXT(2) 
PARAMETRIC_REPRESENTATION_CONTEXT() REPRESENTATION_CONTEXT('2D SPACE',''
  ) );
#4436 = PCURVE('',#4437,#4442);
#4437 = CYLINDRICAL_SURFACE('',#4438,0.4953);
#4438 = AXIS2_PLACEMENT_3D('',#4439,#4440,#4441);
#4439 = CARTESIAN_POINT('',(43.707708,-38.678503,-4.6E-02));
#4440 = DIRECTION('',(-0.,-0.,-1.));
#4441 = DIRECTION('',(0.,-1.,0.));
#4442 = DEFINITIONAL_REPRESENTATION('',(#4443),#4447);
#4443 = LINE('',#4444,#4445);
#4444 = CARTESIAN_POINT('',(0.,-1.556));
#4445 = VECTOR('',#4446,1.);
#4446 = DIRECTION('',(1.,0.));
#4447 = ( GEOMETRIC_REPRESENTATION_CONTEXT(2) 
PARAMETRIC_REPRESENTATION_CONTEXT() REPRESENTATION_CONTEXT('2D SPACE',''
  ) );
#4448 = FACE_BOUND('',#4449,.T.);
#4449 = EDGE_LOOP('',(#4450));
#4450 = ORIENTED_EDGE('',*,*,#4451,.T.);
#4451 = EDGE_CURVE('',#4452,#4452,#4454,.T.);
#4452 = VERTEX_POINT('',#4453);
#4453 = CARTESIAN_POINT('',(49.619533,-49.024771,1.51));
#4454 = SURFACE_CURVE('',#4455,(#4460,#4471),.PCURVE_S1.);
#4455 = CIRCLE('',#4456,0.635);
#4456 = AXIS2_PLACEMENT_3D('',#4457,#4458,#4459);
#4457 = CARTESIAN_POINT('',(49.619533,-48.389771,1.51));
#4458 = DIRECTION('',(-0.,0.,-1.));
#4459 = DIRECTION('',(-1.118964938205E-14,-1.,0.));
#4460 = PCURVE('',#73,#4461);
#4461 = DEFINITIONAL_REPRESENTATION('',(#4462),#4470);
#4462 = ( BOUNDED_CURVE() B_SPLINE_CURVE(2,(#4463,#4464,#4465,#4466,
#4467,#4468,#4469),.UNSPECIFIED.,.T.,.F.) B_SPLINE_CURVE_WITH_KNOTS((1,2
    ,2,2,2,1),(-2.094395102393,0.,2.094395102393,4.188790204786,
6.28318530718,8.377580409573),.UNSPECIFIED.) CURVE() 
GEOMETRIC_REPRESENTATION_ITEM() RATIONAL_B_SPLINE_CURVE((1.,0.5,1.,0.5,
1.,0.5,1.)) REPRESENTATION_ITEM('') );
#4463 = CARTESIAN_POINT('',(49.619533,-49.024771));
#4464 = CARTESIAN_POINT('',(48.519680737194,-49.024771));
#4465 = CARTESIAN_POINT('',(49.069606868597,-48.072271));
#4466 = CARTESIAN_POINT('',(49.619533,-47.119771));
#4467 = CARTESIAN_POINT('',(50.169459131403,-48.072271));
#4468 = CARTESIAN_POINT('',(50.719385262806,-49.024771));
#4469 = CARTESIAN_POINT('',(49.619533,-49.024771));
#4470 = ( GEOMETRIC_REPRESENTATION_CONTEXT(2) 
PARAMETRIC_REPRESENTATION_CONTEXT() REPRESENTATION_CONTEXT('2D SPACE',''
  ) );
#4471 = PCURVE('',#4472,#4477);
#4472 = CYLINDRICAL_SURFACE('',#4473,0.635);
#4473 = AXIS2_PLACEMENT_3D('',#4474,#4475,#4476);
#4474 = CARTESIAN_POINT('',(49.619533,-48.389771,-4.6E-02));
#4475 = DIRECTION('',(-0.,-0.,-1.));
#4476 = DIRECTION('',(-1.118964938205E-14,-1.,0.));
#4477 = DEFINITIONAL_REPRESENTATION('',(#4478),#4482);
#4478 = LINE('',#4479,#4480);
#4479 = CARTESIAN_POINT('',(0.,-1.556));
#4480 = VECTOR('',#4481,1.);
#4481 = DIRECTION('',(1.,0.));
#4482 = ( GEOMETRIC_REPRESENTATION_CONTEXT(2) 
PARAMETRIC_REPRESENTATION_CONTEXT() REPRESENTATION_CONTEXT('2D SPACE',''
  ) );
#4483 = FACE_BOUND('',#4484,.T.);
#4484 = EDGE_LOOP('',(#4485));
#4485 = ORIENTED_EDGE('',*,*,#4486,.T.);
#4486 = EDGE_CURVE('',#4487,#4487,#4489,.T.);
#4487 = VERTEX_POINT('',#4488);
#4488 = CARTESIAN_POINT('',(49.20797,-44.218643,1.51));
#4489 = SURFACE_CURVE('',#4490,(#4495,#4506),.PCURVE_S1.);
#4490 = CIRCLE('',#4491,1.7145);
#4491 = AXIS2_PLACEMENT_3D('',#4492,#4493,#4494);
#4492 = CARTESIAN_POINT('',(49.20797,-42.504143,1.51));
#4493 = DIRECTION('',(-0.,-0.,-1.));
#4494 = DIRECTION('',(0.,-1.,0.));
#4495 = PCURVE('',#73,#4496);
#4496 = DEFINITIONAL_REPRESENTATION('',(#4497),#4505);
#4497 = ( BOUNDED_CURVE() B_SPLINE_CURVE(2,(#4498,#4499,#4500,#4501,
#4502,#4503,#4504),.UNSPECIFIED.,.T.,.F.) B_SPLINE_CURVE_WITH_KNOTS((1,2
    ,2,2,2,1),(-2.094395102393,0.,2.094395102393,4.188790204786,
6.28318530718,8.377580409573),.UNSPECIFIED.) CURVE() 
GEOMETRIC_REPRESENTATION_ITEM() RATIONAL_B_SPLINE_CURVE((1.,0.5,1.,0.5,
1.,0.5,1.)) REPRESENTATION_ITEM('') );
#4498 = CARTESIAN_POINT('',(49.20797,-44.218643));
#4499 = CARTESIAN_POINT('',(46.238368890423,-44.218643));
#4500 = CARTESIAN_POINT('',(47.723169445212,-41.646893));
#4501 = CARTESIAN_POINT('',(49.20797,-39.075143));
#4502 = CARTESIAN_POINT('',(50.692770554788,-41.646893));
#4503 = CARTESIAN_POINT('',(52.177571109577,-44.218643));
#4504 = CARTESIAN_POINT('',(49.20797,-44.218643));
#4505 = ( GEOMETRIC_REPRESENTATION_CONTEXT(2) 
PARAMETRIC_REPRESENTATION_CONTEXT() REPRESENTATION_CONTEXT('2D SPACE',''
  ) );
#4506 = PCURVE('',#4507,#4512);
#4507 = CYLINDRICAL_SURFACE('',#4508,1.7145);
#4508 = AXIS2_PLACEMENT_3D('',#4509,#4510,#4511);
#4509 = CARTESIAN_POINT('',(49.20797,-42.504143,-4.6E-02));
#4510 = DIRECTION('',(-0.,-0.,-1.));
#4511 = DIRECTION('',(0.,-1.,0.));
#4512 = DEFINITIONAL_REPRESENTATION('',(#4513),#4517);
#4513 = LINE('',#4514,#4515);
#4514 = CARTESIAN_POINT('',(0.,-1.556));
#4515 = VECTOR('',#4516,1.);
#4516 = DIRECTION('',(1.,0.));
#4517 = ( GEOMETRIC_REPRESENTATION_CONTEXT(2) 
PARAMETRIC_REPRESENTATION_CONTEXT() REPRESENTATION_CONTEXT('2D SPACE',''
  ) );
#4518 = FACE_BOUND('',#4519,.T.);
#4519 = EDGE_LOOP('',(#4520));
#4520 = ORIENTED_EDGE('',*,*,#4521,.T.);
#4521 = EDGE_CURVE('',#4522,#4522,#4524,.T.);
#4522 = VERTEX_POINT('',#4523);
#4523 = CARTESIAN_POINT('',(54.694572,-42.971382,1.51));
#4524 = SURFACE_CURVE('',#4525,(#4530,#4541),.PCURVE_S1.);
#4525 = CIRCLE('',#4526,0.8509);
#4526 = AXIS2_PLACEMENT_3D('',#4527,#4528,#4529);
#4527 = CARTESIAN_POINT('',(54.694572,-42.120482,1.51));
#4528 = DIRECTION('',(0.,-0.,-1.));
#4529 = DIRECTION('',(8.350484613469E-15,-1.,0.));
#4530 = PCURVE('',#73,#4531);
#4531 = DEFINITIONAL_REPRESENTATION('',(#4532),#4540);
#4532 = ( BOUNDED_CURVE() B_SPLINE_CURVE(2,(#4533,#4534,#4535,#4536,
#4537,#4538,#4539),.UNSPECIFIED.,.T.,.F.) B_SPLINE_CURVE_WITH_KNOTS((1,2
    ,2,2,2,1),(-2.094395102393,0.,2.094395102393,4.188790204786,
6.28318530718,8.377580409573),.UNSPECIFIED.) CURVE() 
GEOMETRIC_REPRESENTATION_ITEM() RATIONAL_B_SPLINE_CURVE((1.,0.5,1.,0.5,
1.,0.5,1.)) REPRESENTATION_ITEM('') );
#4533 = CARTESIAN_POINT('',(54.694572,-42.971382));
#4534 = CARTESIAN_POINT('',(53.22076996784,-42.971382));
#4535 = CARTESIAN_POINT('',(53.95767098392,-41.695032));
#4536 = CARTESIAN_POINT('',(54.694572,-40.418682));
#4537 = CARTESIAN_POINT('',(55.43147301608,-41.695032));
#4538 = CARTESIAN_POINT('',(56.16837403216,-42.971382));
#4539 = CARTESIAN_POINT('',(54.694572,-42.971382));
#4540 = ( GEOMETRIC_REPRESENTATION_CONTEXT(2) 
PARAMETRIC_REPRESENTATION_CONTEXT() REPRESENTATION_CONTEXT('2D SPACE',''
  ) );
#4541 = PCURVE('',#4542,#4547);
#4542 = CYLINDRICAL_SURFACE('',#4543,0.8509);
#4543 = AXIS2_PLACEMENT_3D('',#4544,#4545,#4546);
#4544 = CARTESIAN_POINT('',(54.694572,-42.120482,-4.6E-02));
#4545 = DIRECTION('',(0.,0.,-1.));
#4546 = DIRECTION('',(8.350484613469E-15,-1.,0.));
#4547 = DEFINITIONAL_REPRESENTATION('',(#4548),#4552);
#4548 = LINE('',#4549,#4550);
#4549 = CARTESIAN_POINT('',(0.,-1.556));
#4550 = VECTOR('',#4551,1.);
#4551 = DIRECTION('',(1.,0.));
#4552 = ( GEOMETRIC_REPRESENTATION_CONTEXT(2) 
PARAMETRIC_REPRESENTATION_CONTEXT() REPRESENTATION_CONTEXT('2D SPACE',''
  ) );
#4553 = FACE_BOUND('',#4554,.T.);
#4554 = EDGE_LOOP('',(#4555));
#4555 = ORIENTED_EDGE('',*,*,#4556,.T.);
#4556 = EDGE_CURVE('',#4557,#4557,#4559,.T.);
#4557 = VERTEX_POINT('',#4558);
#4558 = CARTESIAN_POINT('',(64.718,-49.6353,1.51));
#4559 = SURFACE_CURVE('',#4560,(#4565,#4576),.PCURVE_S1.);
#4560 = CIRCLE('',#4561,0.4953);
#4561 = AXIS2_PLACEMENT_3D('',#4562,#4563,#4564);
#4562 = CARTESIAN_POINT('',(64.718,-49.14,1.51));
#4563 = DIRECTION('',(-0.,-0.,-1.));
#4564 = DIRECTION('',(0.,-1.,0.));
#4565 = PCURVE('',#73,#4566);
#4566 = DEFINITIONAL_REPRESENTATION('',(#4567),#4575);
#4567 = ( BOUNDED_CURVE() B_SPLINE_CURVE(2,(#4568,#4569,#4570,#4571,
#4572,#4573,#4574),.UNSPECIFIED.,.T.,.F.) B_SPLINE_CURVE_WITH_KNOTS((1,2
    ,2,2,2,1),(-2.094395102393,0.,2.094395102393,4.188790204786,
6.28318530718,8.377580409573),.UNSPECIFIED.) CURVE() 
GEOMETRIC_REPRESENTATION_ITEM() RATIONAL_B_SPLINE_CURVE((1.,0.5,1.,0.5,
1.,0.5,1.)) REPRESENTATION_ITEM('') );
#4568 = CARTESIAN_POINT('',(64.718,-49.6353));
#4569 = CARTESIAN_POINT('',(63.860115235011,-49.6353));
#4570 = CARTESIAN_POINT('',(64.289057617506,-48.89235));
#4571 = CARTESIAN_POINT('',(64.718,-48.1494));
#4572 = CARTESIAN_POINT('',(65.146942382494,-48.89235));
#4573 = CARTESIAN_POINT('',(65.575884764989,-49.6353));
#4574 = CARTESIAN_POINT('',(64.718,-49.6353));
#4575 = ( GEOMETRIC_REPRESENTATION_CONTEXT(2) 
PARAMETRIC_REPRESENTATION_CONTEXT() REPRESENTATION_CONTEXT('2D SPACE',''
  ) );
#4576 = PCURVE('',#4577,#4582);
#4577 = CYLINDRICAL_SURFACE('',#4578,0.4953);
#4578 = AXIS2_PLACEMENT_3D('',#4579,#4580,#4581);
#4579 = CARTESIAN_POINT('',(64.718,-49.14,-4.6E-02));
#4580 = DIRECTION('',(-0.,-0.,-1.));
#4581 = DIRECTION('',(0.,-1.,0.));
#4582 = DEFINITIONAL_REPRESENTATION('',(#4583),#4587);
#4583 = LINE('',#4584,#4585);
#4584 = CARTESIAN_POINT('',(0.,-1.556));
#4585 = VECTOR('',#4586,1.);
#4586 = DIRECTION('',(1.,0.));
#4587 = ( GEOMETRIC_REPRESENTATION_CONTEXT(2) 
PARAMETRIC_REPRESENTATION_CONTEXT() REPRESENTATION_CONTEXT('2D SPACE',''
  ) );
#4588 = FACE_BOUND('',#4589,.T.);
#4589 = EDGE_LOOP('',(#4590));
#4590 = ORIENTED_EDGE('',*,*,#4591,.T.);
#4591 = EDGE_CURVE('',#4592,#4592,#4594,.T.);
#4592 = VERTEX_POINT('',#4593);
#4593 = CARTESIAN_POINT('',(75.158,-49.6353,1.51));
#4594 = SURFACE_CURVE('',#4595,(#4600,#4611),.PCURVE_S1.);
#4595 = CIRCLE('',#4596,0.4953);
#4596 = AXIS2_PLACEMENT_3D('',#4597,#4598,#4599);
#4597 = CARTESIAN_POINT('',(75.158,-49.14,1.51));
#4598 = DIRECTION('',(-0.,-0.,-1.));
#4599 = DIRECTION('',(0.,-1.,0.));
#4600 = PCURVE('',#73,#4601);
#4601 = DEFINITIONAL_REPRESENTATION('',(#4602),#4610);
#4602 = ( BOUNDED_CURVE() B_SPLINE_CURVE(2,(#4603,#4604,#4605,#4606,
#4607,#4608,#4609),.UNSPECIFIED.,.T.,.F.) B_SPLINE_CURVE_WITH_KNOTS((1,2
    ,2,2,2,1),(-2.094395102393,0.,2.094395102393,4.188790204786,
6.28318530718,8.377580409573),.UNSPECIFIED.) CURVE() 
GEOMETRIC_REPRESENTATION_ITEM() RATIONAL_B_SPLINE_CURVE((1.,0.5,1.,0.5,
1.,0.5,1.)) REPRESENTATION_ITEM('') );
#4603 = CARTESIAN_POINT('',(75.158,-49.6353));
#4604 = CARTESIAN_POINT('',(74.300115235011,-49.6353));
#4605 = CARTESIAN_POINT('',(74.729057617506,-48.89235));
#4606 = CARTESIAN_POINT('',(75.158,-48.1494));
#4607 = CARTESIAN_POINT('',(75.586942382494,-48.89235));
#4608 = CARTESIAN_POINT('',(76.015884764989,-49.6353));
#4609 = CARTESIAN_POINT('',(75.158,-49.6353));
#4610 = ( GEOMETRIC_REPRESENTATION_CONTEXT(2) 
PARAMETRIC_REPRESENTATION_CONTEXT() REPRESENTATION_CONTEXT('2D SPACE',''
  ) );
#4611 = PCURVE('',#4612,#4617);
#4612 = CYLINDRICAL_SURFACE('',#4613,0.4953);
#4613 = AXIS2_PLACEMENT_3D('',#4614,#4615,#4616);
#4614 = CARTESIAN_POINT('',(75.158,-49.14,-4.6E-02));
#4615 = DIRECTION('',(-0.,-0.,-1.));
#4616 = DIRECTION('',(0.,-1.,0.));
#4617 = DEFINITIONAL_REPRESENTATION('',(#4618),#4622);
#4618 = LINE('',#4619,#4620);
#4619 = CARTESIAN_POINT('',(0.,-1.556));
#4620 = VECTOR('',#4621,1.);
#4621 = DIRECTION('',(1.,0.));
#4622 = ( GEOMETRIC_REPRESENTATION_CONTEXT(2) 
PARAMETRIC_REPRESENTATION_CONTEXT() REPRESENTATION_CONTEXT('2D SPACE',''
  ) );
#4623 = FACE_BOUND('',#4624,.T.);
#4624 = EDGE_LOOP('',(#4625));
#4625 = ORIENTED_EDGE('',*,*,#4626,.T.);
#4626 = EDGE_CURVE('',#4627,#4627,#4629,.T.);
#4627 = VERTEX_POINT('',#4628);
#4628 = CARTESIAN_POINT('',(69.938,-42.759,1.51));
#4629 = SURFACE_CURVE('',#4630,(#4635,#4646),.PCURVE_S1.);
#4630 = CIRCLE('',#4631,0.635);
#4631 = AXIS2_PLACEMENT_3D('',#4632,#4633,#4634);
#4632 = CARTESIAN_POINT('',(69.938,-42.124,1.51));
#4633 = DIRECTION('',(0.,-0.,-1.));
#4634 = DIRECTION('',(2.23792987641E-14,-1.,0.));
#4635 = PCURVE('',#73,#4636);
#4636 = DEFINITIONAL_REPRESENTATION('',(#4637),#4645);
#4637 = ( BOUNDED_CURVE() B_SPLINE_CURVE(2,(#4638,#4639,#4640,#4641,
#4642,#4643,#4644),.UNSPECIFIED.,.T.,.F.) B_SPLINE_CURVE_WITH_KNOTS((1,2
    ,2,2,2,1),(-2.094395102393,0.,2.094395102393,4.188790204786,
6.28318530718,8.377580409573),.UNSPECIFIED.) CURVE() 
GEOMETRIC_REPRESENTATION_ITEM() RATIONAL_B_SPLINE_CURVE((1.,0.5,1.,0.5,
1.,0.5,1.)) REPRESENTATION_ITEM('') );
#4638 = CARTESIAN_POINT('',(69.938,-42.759));
#4639 = CARTESIAN_POINT('',(68.838147737194,-42.759));
#4640 = CARTESIAN_POINT('',(69.388073868597,-41.8065));
#4641 = CARTESIAN_POINT('',(69.938,-40.854));
#4642 = CARTESIAN_POINT('',(70.487926131403,-41.8065));
#4643 = CARTESIAN_POINT('',(71.037852262806,-42.759));
#4644 = CARTESIAN_POINT('',(69.938,-42.759));
#4645 = ( GEOMETRIC_REPRESENTATION_CONTEXT(2) 
PARAMETRIC_REPRESENTATION_CONTEXT() REPRESENTATION_CONTEXT('2D SPACE',''
  ) );
#4646 = PCURVE('',#4647,#4652);
#4647 = CYLINDRICAL_SURFACE('',#4648,0.635);
#4648 = AXIS2_PLACEMENT_3D('',#4649,#4650,#4651);
#4649 = CARTESIAN_POINT('',(69.938,-42.124,-4.6E-02));
#4650 = DIRECTION('',(0.,0.,-1.));
#4651 = DIRECTION('',(2.23792987641E-14,-1.,0.));
#4652 = DEFINITIONAL_REPRESENTATION('',(#4653),#4657);
#4653 = LINE('',#4654,#4655);
#4654 = CARTESIAN_POINT('',(0.,-1.556));
#4655 = VECTOR('',#4656,1.);
#4656 = DIRECTION('',(1.,0.));
#4657 = ( GEOMETRIC_REPRESENTATION_CONTEXT(2) 
PARAMETRIC_REPRESENTATION_CONTEXT() REPRESENTATION_CONTEXT('2D SPACE',''
  ) );
#4658 = FACE_BOUND('',#4659,.T.);
#4659 = EDGE_LOOP('',(#4660));
#4660 = ORIENTED_EDGE('',*,*,#4661,.T.);
#4661 = EDGE_CURVE('',#4662,#4662,#4664,.T.);
#4662 = VERTEX_POINT('',#4663);
#4663 = CARTESIAN_POINT('',(54.122277,-38.445545,1.51));
#4664 = SURFACE_CURVE('',#4665,(#4670,#4681),.PCURVE_S1.);
#4665 = CIRCLE('',#4666,0.4953);
#4666 = AXIS2_PLACEMENT_3D('',#4667,#4668,#4669);
#4667 = CARTESIAN_POINT('',(54.122277,-37.950245,1.51));
#4668 = DIRECTION('',(-0.,-0.,-1.));
#4669 = DIRECTION('',(0.,-1.,0.));
#4670 = PCURVE('',#73,#4671);
#4671 = DEFINITIONAL_REPRESENTATION('',(#4672),#4680);
#4672 = ( BOUNDED_CURVE() B_SPLINE_CURVE(2,(#4673,#4674,#4675,#4676,
#4677,#4678,#4679),.UNSPECIFIED.,.T.,.F.) B_SPLINE_CURVE_WITH_KNOTS((1,2
    ,2,2,2,1),(-2.094395102393,0.,2.094395102393,4.188790204786,
6.28318530718,8.377580409573),.UNSPECIFIED.) CURVE() 
GEOMETRIC_REPRESENTATION_ITEM() RATIONAL_B_SPLINE_CURVE((1.,0.5,1.,0.5,
1.,0.5,1.)) REPRESENTATION_ITEM('') );
#4673 = CARTESIAN_POINT('',(54.122277,-38.445545));
#4674 = CARTESIAN_POINT('',(53.264392235011,-38.445545));
#4675 = CARTESIAN_POINT('',(53.693334617506,-37.702595));
#4676 = CARTESIAN_POINT('',(54.122277,-36.959645));
#4677 = CARTESIAN_POINT('',(54.551219382494,-37.702595));
#4678 = CARTESIAN_POINT('',(54.980161764989,-38.445545));
#4679 = CARTESIAN_POINT('',(54.122277,-38.445545));
#4680 = ( GEOMETRIC_REPRESENTATION_CONTEXT(2) 
PARAMETRIC_REPRESENTATION_CONTEXT() REPRESENTATION_CONTEXT('2D SPACE',''
  ) );
#4681 = PCURVE('',#4682,#4687);
#4682 = CYLINDRICAL_SURFACE('',#4683,0.4953);
#4683 = AXIS2_PLACEMENT_3D('',#4684,#4685,#4686);
#4684 = CARTESIAN_POINT('',(54.122277,-37.950245,-4.6E-02));
#4685 = DIRECTION('',(-0.,-0.,-1.));
#4686 = DIRECTION('',(0.,-1.,0.));
#4687 = DEFINITIONAL_REPRESENTATION('',(#4688),#4692);
#4688 = LINE('',#4689,#4690);
#4689 = CARTESIAN_POINT('',(0.,-1.556));
#4690 = VECTOR('',#4691,1.);
#4691 = DIRECTION('',(1.,0.));
#4692 = ( GEOMETRIC_REPRESENTATION_CONTEXT(2) 
PARAMETRIC_REPRESENTATION_CONTEXT() REPRESENTATION_CONTEXT('2D SPACE',''
  ) );
#4693 = FACE_BOUND('',#4694,.T.);
#4694 = EDGE_LOOP('',(#4695));
#4695 = ORIENTED_EDGE('',*,*,#4696,.T.);
#4696 = EDGE_CURVE('',#4697,#4697,#4699,.T.);
#4697 = VERTEX_POINT('',#4698);
#4698 = CARTESIAN_POINT('',(64.938,-40.659,1.51));
#4699 = SURFACE_CURVE('',#4700,(#4705,#4716),.PCURVE_S1.);
#4700 = CIRCLE('',#4701,0.635);
#4701 = AXIS2_PLACEMENT_3D('',#4702,#4703,#4704);
#4702 = CARTESIAN_POINT('',(64.938,-40.024,1.51));
#4703 = DIRECTION('',(0.,-0.,-1.));
#4704 = DIRECTION('',(2.23792987641E-14,-1.,0.));
#4705 = PCURVE('',#73,#4706);
#4706 = DEFINITIONAL_REPRESENTATION('',(#4707),#4715);
#4707 = ( BOUNDED_CURVE() B_SPLINE_CURVE(2,(#4708,#4709,#4710,#4711,
#4712,#4713,#4714),.UNSPECIFIED.,.T.,.F.) B_SPLINE_CURVE_WITH_KNOTS((1,2
    ,2,2,2,1),(-2.094395102393,0.,2.094395102393,4.188790204786,
6.28318530718,8.377580409573),.UNSPECIFIED.) CURVE() 
GEOMETRIC_REPRESENTATION_ITEM() RATIONAL_B_SPLINE_CURVE((1.,0.5,1.,0.5,
1.,0.5,1.)) REPRESENTATION_ITEM('') );
#4708 = CARTESIAN_POINT('',(64.938,-40.659));
#4709 = CARTESIAN_POINT('',(63.838147737194,-40.659));
#4710 = CARTESIAN_POINT('',(64.388073868597,-39.7065));
#4711 = CARTESIAN_POINT('',(64.938,-38.754));
#4712 = CARTESIAN_POINT('',(65.487926131403,-39.7065));
#4713 = CARTESIAN_POINT('',(66.037852262806,-40.659));
#4714 = CARTESIAN_POINT('',(64.938,-40.659));
#4715 = ( GEOMETRIC_REPRESENTATION_CONTEXT(2) 
PARAMETRIC_REPRESENTATION_CONTEXT() REPRESENTATION_CONTEXT('2D SPACE',''
  ) );
#4716 = PCURVE('',#4717,#4722);
#4717 = CYLINDRICAL_SURFACE('',#4718,0.635);
#4718 = AXIS2_PLACEMENT_3D('',#4719,#4720,#4721);
#4719 = CARTESIAN_POINT('',(64.938,-40.024,-4.6E-02));
#4720 = DIRECTION('',(0.,0.,-1.));
#4721 = DIRECTION('',(2.23792987641E-14,-1.,0.));
#4722 = DEFINITIONAL_REPRESENTATION('',(#4723),#4727);
#4723 = LINE('',#4724,#4725);
#4724 = CARTESIAN_POINT('',(0.,-1.556));
#4725 = VECTOR('',#4726,1.);
#4726 = DIRECTION('',(1.,0.));
#4727 = ( GEOMETRIC_REPRESENTATION_CONTEXT(2) 
PARAMETRIC_REPRESENTATION_CONTEXT() REPRESENTATION_CONTEXT('2D SPACE',''
  ) );
#4728 = FACE_BOUND('',#4729,.T.);
#4729 = EDGE_LOOP('',(#4730));
#4730 = ORIENTED_EDGE('',*,*,#4731,.T.);
#4731 = EDGE_CURVE('',#4732,#4732,#4734,.T.);
#4732 = VERTEX_POINT('',#4733);
#4733 = CARTESIAN_POINT('',(64.438,-37.0749,1.51));
#4734 = SURFACE_CURVE('',#4735,(#4740,#4751),.PCURVE_S1.);
#4735 = CIRCLE('',#4736,0.8509);
#4736 = AXIS2_PLACEMENT_3D('',#4737,#4738,#4739);
#4737 = CARTESIAN_POINT('',(64.438,-36.224,1.51));
#4738 = DIRECTION('',(-0.,-0.,-1.));
#4739 = DIRECTION('',(0.,-1.,0.));
#4740 = PCURVE('',#73,#4741);
#4741 = DEFINITIONAL_REPRESENTATION('',(#4742),#4750);
#4742 = ( BOUNDED_CURVE() B_SPLINE_CURVE(2,(#4743,#4744,#4745,#4746,
#4747,#4748,#4749),.UNSPECIFIED.,.T.,.F.) B_SPLINE_CURVE_WITH_KNOTS((1,2
    ,2,2,2,1),(-2.094395102393,0.,2.094395102393,4.188790204786,
6.28318530718,8.377580409573),.UNSPECIFIED.) CURVE() 
GEOMETRIC_REPRESENTATION_ITEM() RATIONAL_B_SPLINE_CURVE((1.,0.5,1.,0.5,
1.,0.5,1.)) REPRESENTATION_ITEM('') );
#4743 = CARTESIAN_POINT('',(64.438,-37.0749));
#4744 = CARTESIAN_POINT('',(62.96419796784,-37.0749));
#4745 = CARTESIAN_POINT('',(63.70109898392,-35.79855));
#4746 = CARTESIAN_POINT('',(64.438,-34.5222));
#4747 = CARTESIAN_POINT('',(65.17490101608,-35.79855));
#4748 = CARTESIAN_POINT('',(65.91180203216,-37.0749));
#4749 = CARTESIAN_POINT('',(64.438,-37.0749));
#4750 = ( GEOMETRIC_REPRESENTATION_CONTEXT(2) 
PARAMETRIC_REPRESENTATION_CONTEXT() REPRESENTATION_CONTEXT('2D SPACE',''
  ) );
#4751 = PCURVE('',#4752,#4757);
#4752 = CYLINDRICAL_SURFACE('',#4753,0.8509);
#4753 = AXIS2_PLACEMENT_3D('',#4754,#4755,#4756);
#4754 = CARTESIAN_POINT('',(64.438,-36.224,-4.6E-02));
#4755 = DIRECTION('',(-0.,-0.,-1.));
#4756 = DIRECTION('',(0.,-1.,0.));
#4757 = DEFINITIONAL_REPRESENTATION('',(#4758),#4762);
#4758 = LINE('',#4759,#4760);
#4759 = CARTESIAN_POINT('',(0.,-1.556));
#4760 = VECTOR('',#4761,1.);
#4761 = DIRECTION('',(1.,0.));
#4762 = ( GEOMETRIC_REPRESENTATION_CONTEXT(2) 
PARAMETRIC_REPRESENTATION_CONTEXT() REPRESENTATION_CONTEXT('2D SPACE',''
  ) );
#4763 = FACE_BOUND('',#4764,.T.);
#4764 = EDGE_LOOP('',(#4765));
#4765 = ORIENTED_EDGE('',*,*,#4766,.T.);
#4766 = EDGE_CURVE('',#4767,#4767,#4769,.T.);
#4767 = VERTEX_POINT('',#4768);
#4768 = CARTESIAN_POINT('',(69.938,-37.9385,1.51));
#4769 = SURFACE_CURVE('',#4770,(#4775,#4786),.PCURVE_S1.);
#4770 = CIRCLE('',#4771,1.7145);
#4771 = AXIS2_PLACEMENT_3D('',#4772,#4773,#4774);
#4772 = CARTESIAN_POINT('',(69.938,-36.224,1.51));
#4773 = DIRECTION('',(-0.,-0.,-1.));
#4774 = DIRECTION('',(0.,-1.,0.));
#4775 = PCURVE('',#73,#4776);
#4776 = DEFINITIONAL_REPRESENTATION('',(#4777),#4785);
#4777 = ( BOUNDED_CURVE() B_SPLINE_CURVE(2,(#4778,#4779,#4780,#4781,
#4782,#4783,#4784),.UNSPECIFIED.,.T.,.F.) B_SPLINE_CURVE_WITH_KNOTS((1,2
    ,2,2,2,1),(-2.094395102393,0.,2.094395102393,4.188790204786,
6.28318530718,8.377580409573),.UNSPECIFIED.) CURVE() 
GEOMETRIC_REPRESENTATION_ITEM() RATIONAL_B_SPLINE_CURVE((1.,0.5,1.,0.5,
1.,0.5,1.)) REPRESENTATION_ITEM('') );
#4778 = CARTESIAN_POINT('',(69.938,-37.9385));
#4779 = CARTESIAN_POINT('',(66.968398890423,-37.9385));
#4780 = CARTESIAN_POINT('',(68.453199445212,-35.36675));
#4781 = CARTESIAN_POINT('',(69.938,-32.795));
#4782 = CARTESIAN_POINT('',(71.422800554788,-35.36675));
#4783 = CARTESIAN_POINT('',(72.907601109577,-37.9385));
#4784 = CARTESIAN_POINT('',(69.938,-37.9385));
#4785 = ( GEOMETRIC_REPRESENTATION_CONTEXT(2) 
PARAMETRIC_REPRESENTATION_CONTEXT() REPRESENTATION_CONTEXT('2D SPACE',''
  ) );
#4786 = PCURVE('',#4787,#4792);
#4787 = CYLINDRICAL_SURFACE('',#4788,1.7145);
#4788 = AXIS2_PLACEMENT_3D('',#4789,#4790,#4791);
#4789 = CARTESIAN_POINT('',(69.938,-36.224,-4.6E-02));
#4790 = DIRECTION('',(-0.,-0.,-1.));
#4791 = DIRECTION('',(0.,-1.,0.));
#4792 = DEFINITIONAL_REPRESENTATION('',(#4793),#4797);
#4793 = LINE('',#4794,#4795);
#4794 = CARTESIAN_POINT('',(0.,-1.556));
#4795 = VECTOR('',#4796,1.);
#4796 = DIRECTION('',(1.,0.));
#4797 = ( GEOMETRIC_REPRESENTATION_CONTEXT(2) 
PARAMETRIC_REPRESENTATION_CONTEXT() REPRESENTATION_CONTEXT('2D SPACE',''
  ) );
#4798 = FACE_BOUND('',#4799,.T.);
#4799 = EDGE_LOOP('',(#4800));
#4800 = ORIENTED_EDGE('',*,*,#4801,.T.);
#4801 = EDGE_CURVE('',#4802,#4802,#4804,.T.);
#4802 = VERTEX_POINT('',#4803);
#4803 = CARTESIAN_POINT('',(75.438,-37.0749,1.51));
#4804 = SURFACE_CURVE('',#4805,(#4810,#4821),.PCURVE_S1.);
#4805 = CIRCLE('',#4806,0.8509);
#4806 = AXIS2_PLACEMENT_3D('',#4807,#4808,#4809);
#4807 = CARTESIAN_POINT('',(75.438,-36.224,1.51));
#4808 = DIRECTION('',(-0.,-0.,-1.));
#4809 = DIRECTION('',(0.,-1.,0.));
#4810 = PCURVE('',#73,#4811);
#4811 = DEFINITIONAL_REPRESENTATION('',(#4812),#4820);
#4812 = ( BOUNDED_CURVE() B_SPLINE_CURVE(2,(#4813,#4814,#4815,#4816,
#4817,#4818,#4819),.UNSPECIFIED.,.T.,.F.) B_SPLINE_CURVE_WITH_KNOTS((1,2
    ,2,2,2,1),(-2.094395102393,0.,2.094395102393,4.188790204786,
6.28318530718,8.377580409573),.UNSPECIFIED.) CURVE() 
GEOMETRIC_REPRESENTATION_ITEM() RATIONAL_B_SPLINE_CURVE((1.,0.5,1.,0.5,
1.,0.5,1.)) REPRESENTATION_ITEM('') );
#4813 = CARTESIAN_POINT('',(75.438,-37.0749));
#4814 = CARTESIAN_POINT('',(73.96419796784,-37.0749));
#4815 = CARTESIAN_POINT('',(74.70109898392,-35.79855));
#4816 = CARTESIAN_POINT('',(75.438,-34.5222));
#4817 = CARTESIAN_POINT('',(76.17490101608,-35.79855));
#4818 = CARTESIAN_POINT('',(76.91180203216,-37.0749));
#4819 = CARTESIAN_POINT('',(75.438,-37.0749));
#4820 = ( GEOMETRIC_REPRESENTATION_CONTEXT(2) 
PARAMETRIC_REPRESENTATION_CONTEXT() REPRESENTATION_CONTEXT('2D SPACE',''
  ) );
#4821 = PCURVE('',#4822,#4827);
#4822 = CYLINDRICAL_SURFACE('',#4823,0.8509);
#4823 = AXIS2_PLACEMENT_3D('',#4824,#4825,#4826);
#4824 = CARTESIAN_POINT('',(75.438,-36.224,-4.6E-02));
#4825 = DIRECTION('',(-0.,-0.,-1.));
#4826 = DIRECTION('',(0.,-1.,0.));
#4827 = DEFINITIONAL_REPRESENTATION('',(#4828),#4832);
#4828 = LINE('',#4829,#4830);
#4829 = CARTESIAN_POINT('',(0.,-1.556));
#4830 = VECTOR('',#4831,1.);
#4831 = DIRECTION('',(1.,0.));
#4832 = ( GEOMETRIC_REPRESENTATION_CONTEXT(2) 
PARAMETRIC_REPRESENTATION_CONTEXT() REPRESENTATION_CONTEXT('2D SPACE',''
  ) );
#4833 = FACE_BOUND('',#4834,.T.);
#4834 = EDGE_LOOP('',(#4835));
#4835 = ORIENTED_EDGE('',*,*,#4836,.T.);
#4836 = EDGE_CURVE('',#4837,#4837,#4839,.T.);
#4837 = VERTEX_POINT('',#4838);
#4838 = CARTESIAN_POINT('',(64.718,-32.5193,1.51));
#4839 = SURFACE_CURVE('',#4840,(#4845,#4856),.PCURVE_S1.);
#4840 = CIRCLE('',#4841,0.4953);
#4841 = AXIS2_PLACEMENT_3D('',#4842,#4843,#4844);
#4842 = CARTESIAN_POINT('',(64.718,-32.024,1.51));
#4843 = DIRECTION('',(-0.,-0.,-1.));
#4844 = DIRECTION('',(0.,-1.,0.));
#4845 = PCURVE('',#73,#4846);
#4846 = DEFINITIONAL_REPRESENTATION('',(#4847),#4855);
#4847 = ( BOUNDED_CURVE() B_SPLINE_CURVE(2,(#4848,#4849,#4850,#4851,
#4852,#4853,#4854),.UNSPECIFIED.,.T.,.F.) B_SPLINE_CURVE_WITH_KNOTS((1,2
    ,2,2,2,1),(-2.094395102393,0.,2.094395102393,4.188790204786,
6.28318530718,8.377580409573),.UNSPECIFIED.) CURVE() 
GEOMETRIC_REPRESENTATION_ITEM() RATIONAL_B_SPLINE_CURVE((1.,0.5,1.,0.5,
1.,0.5,1.)) REPRESENTATION_ITEM('') );
#4848 = CARTESIAN_POINT('',(64.718,-32.5193));
#4849 = CARTESIAN_POINT('',(63.860115235011,-32.5193));
#4850 = CARTESIAN_POINT('',(64.289057617506,-31.77635));
#4851 = CARTESIAN_POINT('',(64.718,-31.0334));
#4852 = CARTESIAN_POINT('',(65.146942382494,-31.77635));
#4853 = CARTESIAN_POINT('',(65.575884764989,-32.5193));
#4854 = CARTESIAN_POINT('',(64.718,-32.5193));
#4855 = ( GEOMETRIC_REPRESENTATION_CONTEXT(2) 
PARAMETRIC_REPRESENTATION_CONTEXT() REPRESENTATION_CONTEXT('2D SPACE',''
  ) );
#4856 = PCURVE('',#4857,#4862);
#4857 = CYLINDRICAL_SURFACE('',#4858,0.4953);
#4858 = AXIS2_PLACEMENT_3D('',#4859,#4860,#4861);
#4859 = CARTESIAN_POINT('',(64.718,-32.024,-4.6E-02));
#4860 = DIRECTION('',(-0.,-0.,-1.));
#4861 = DIRECTION('',(0.,-1.,0.));
#4862 = DEFINITIONAL_REPRESENTATION('',(#4863),#4867);
#4863 = LINE('',#4864,#4865);
#4864 = CARTESIAN_POINT('',(0.,-1.556));
#4865 = VECTOR('',#4866,1.);
#4866 = DIRECTION('',(1.,0.));
#4867 = ( GEOMETRIC_REPRESENTATION_CONTEXT(2) 
PARAMETRIC_REPRESENTATION_CONTEXT() REPRESENTATION_CONTEXT('2D SPACE',''
  ) );
#4868 = FACE_BOUND('',#4869,.T.);
#4869 = EDGE_LOOP('',(#4870));
#4870 = ORIENTED_EDGE('',*,*,#4871,.T.);
#4871 = EDGE_CURVE('',#4872,#4872,#4874,.T.);
#4872 = VERTEX_POINT('',#4873);
#4873 = CARTESIAN_POINT('',(75.158,-32.5193,1.51));
#4874 = SURFACE_CURVE('',#4875,(#4880,#4891),.PCURVE_S1.);
#4875 = CIRCLE('',#4876,0.4953);
#4876 = AXIS2_PLACEMENT_3D('',#4877,#4878,#4879);
#4877 = CARTESIAN_POINT('',(75.158,-32.024,1.51));
#4878 = DIRECTION('',(-0.,-0.,-1.));
#4879 = DIRECTION('',(0.,-1.,0.));
#4880 = PCURVE('',#73,#4881);
#4881 = DEFINITIONAL_REPRESENTATION('',(#4882),#4890);
#4882 = ( BOUNDED_CURVE() B_SPLINE_CURVE(2,(#4883,#4884,#4885,#4886,
#4887,#4888,#4889),.UNSPECIFIED.,.T.,.F.) B_SPLINE_CURVE_WITH_KNOTS((1,2
    ,2,2,2,1),(-2.094395102393,0.,2.094395102393,4.188790204786,
6.28318530718,8.377580409573),.UNSPECIFIED.) CURVE() 
GEOMETRIC_REPRESENTATION_ITEM() RATIONAL_B_SPLINE_CURVE((1.,0.5,1.,0.5,
1.,0.5,1.)) REPRESENTATION_ITEM('') );
#4883 = CARTESIAN_POINT('',(75.158,-32.5193));
#4884 = CARTESIAN_POINT('',(74.300115235011,-32.5193));
#4885 = CARTESIAN_POINT('',(74.729057617506,-31.77635));
#4886 = CARTESIAN_POINT('',(75.158,-31.0334));
#4887 = CARTESIAN_POINT('',(75.586942382494,-31.77635));
#4888 = CARTESIAN_POINT('',(76.015884764989,-32.5193));
#4889 = CARTESIAN_POINT('',(75.158,-32.5193));
#4890 = ( GEOMETRIC_REPRESENTATION_CONTEXT(2) 
PARAMETRIC_REPRESENTATION_CONTEXT() REPRESENTATION_CONTEXT('2D SPACE',''
  ) );
#4891 = PCURVE('',#4892,#4897);
#4892 = CYLINDRICAL_SURFACE('',#4893,0.4953);
#4893 = AXIS2_PLACEMENT_3D('',#4894,#4895,#4896);
#4894 = CARTESIAN_POINT('',(75.158,-32.024,-4.6E-02));
#4895 = DIRECTION('',(-0.,-0.,-1.));
#4896 = DIRECTION('',(0.,-1.,0.));
#4897 = DEFINITIONAL_REPRESENTATION('',(#4898),#4902);
#4898 = LINE('',#4899,#4900);
#4899 = CARTESIAN_POINT('',(0.,-1.556));
#4900 = VECTOR('',#4901,1.);
#4901 = DIRECTION('',(1.,0.));
#4902 = ( GEOMETRIC_REPRESENTATION_CONTEXT(2) 
PARAMETRIC_REPRESENTATION_CONTEXT() REPRESENTATION_CONTEXT('2D SPACE',''
  ) );
#4903 = FACE_BOUND('',#4904,.T.);
#4904 = EDGE_LOOP('',(#4905));
#4905 = ORIENTED_EDGE('',*,*,#4906,.T.);
#4906 = EDGE_CURVE('',#4907,#4907,#4909,.T.);
#4907 = VERTEX_POINT('',#4908);
#4908 = CARTESIAN_POINT('',(82.938,-63.109,1.51));
#4909 = SURFACE_CURVE('',#4910,(#4915,#4926),.PCURVE_S1.);
#4910 = CIRCLE('',#4911,0.635);
#4911 = AXIS2_PLACEMENT_3D('',#4912,#4913,#4914);
#4912 = CARTESIAN_POINT('',(82.938,-62.474,1.51));
#4913 = DIRECTION('',(0.,-0.,-1.));
#4914 = DIRECTION('',(2.23792987641E-14,-1.,0.));
#4915 = PCURVE('',#73,#4916);
#4916 = DEFINITIONAL_REPRESENTATION('',(#4917),#4925);
#4917 = ( BOUNDED_CURVE() B_SPLINE_CURVE(2,(#4918,#4919,#4920,#4921,
#4922,#4923,#4924),.UNSPECIFIED.,.T.,.F.) B_SPLINE_CURVE_WITH_KNOTS((1,2
    ,2,2,2,1),(-2.094395102393,0.,2.094395102393,4.188790204786,
6.28318530718,8.377580409573),.UNSPECIFIED.) CURVE() 
GEOMETRIC_REPRESENTATION_ITEM() RATIONAL_B_SPLINE_CURVE((1.,0.5,1.,0.5,
1.,0.5,1.)) REPRESENTATION_ITEM('') );
#4918 = CARTESIAN_POINT('',(82.938,-63.109));
#4919 = CARTESIAN_POINT('',(81.838147737194,-63.109));
#4920 = CARTESIAN_POINT('',(82.388073868597,-62.1565));
#4921 = CARTESIAN_POINT('',(82.938,-61.204));
#4922 = CARTESIAN_POINT('',(83.487926131403,-62.1565));
#4923 = CARTESIAN_POINT('',(84.037852262806,-63.109));
#4924 = CARTESIAN_POINT('',(82.938,-63.109));
#4925 = ( GEOMETRIC_REPRESENTATION_CONTEXT(2) 
PARAMETRIC_REPRESENTATION_CONTEXT() REPRESENTATION_CONTEXT('2D SPACE',''
  ) );
#4926 = PCURVE('',#4927,#4932);
#4927 = CYLINDRICAL_SURFACE('',#4928,0.635);
#4928 = AXIS2_PLACEMENT_3D('',#4929,#4930,#4931);
#4929 = CARTESIAN_POINT('',(82.938,-62.474,-4.6E-02));
#4930 = DIRECTION('',(0.,0.,-1.));
#4931 = DIRECTION('',(2.23792987641E-14,-1.,0.));
#4932 = DEFINITIONAL_REPRESENTATION('',(#4933),#4937);
#4933 = LINE('',#4934,#4935);
#4934 = CARTESIAN_POINT('',(0.,-1.556));
#4935 = VECTOR('',#4936,1.);
#4936 = DIRECTION('',(1.,0.));
#4937 = ( GEOMETRIC_REPRESENTATION_CONTEXT(2) 
PARAMETRIC_REPRESENTATION_CONTEXT() REPRESENTATION_CONTEXT('2D SPACE',''
  ) );
#4938 = FACE_BOUND('',#4939,.T.);
#4939 = EDGE_LOOP('',(#4940));
#4940 = ORIENTED_EDGE('',*,*,#4941,.T.);
#4941 = EDGE_CURVE('',#4942,#4942,#4944,.T.);
#4942 = VERTEX_POINT('',#4943);
#4943 = CARTESIAN_POINT('',(87.938,-65.209,1.51));
#4944 = SURFACE_CURVE('',#4945,(#4950,#4961),.PCURVE_S1.);
#4945 = CIRCLE('',#4946,0.635);
#4946 = AXIS2_PLACEMENT_3D('',#4947,#4948,#4949);
#4947 = CARTESIAN_POINT('',(87.938,-64.574,1.51));
#4948 = DIRECTION('',(0.,-0.,-1.));
#4949 = DIRECTION('',(2.23792987641E-14,-1.,0.));
#4950 = PCURVE('',#73,#4951);
#4951 = DEFINITIONAL_REPRESENTATION('',(#4952),#4960);
#4952 = ( BOUNDED_CURVE() B_SPLINE_CURVE(2,(#4953,#4954,#4955,#4956,
#4957,#4958,#4959),.UNSPECIFIED.,.T.,.F.) B_SPLINE_CURVE_WITH_KNOTS((1,2
    ,2,2,2,1),(-2.094395102393,0.,2.094395102393,4.188790204786,
6.28318530718,8.377580409573),.UNSPECIFIED.) CURVE() 
GEOMETRIC_REPRESENTATION_ITEM() RATIONAL_B_SPLINE_CURVE((1.,0.5,1.,0.5,
1.,0.5,1.)) REPRESENTATION_ITEM('') );
#4953 = CARTESIAN_POINT('',(87.938,-65.209));
#4954 = CARTESIAN_POINT('',(86.838147737194,-65.209));
#4955 = CARTESIAN_POINT('',(87.388073868597,-64.2565));
#4956 = CARTESIAN_POINT('',(87.938,-63.304));
#4957 = CARTESIAN_POINT('',(88.487926131403,-64.2565));
#4958 = CARTESIAN_POINT('',(89.037852262806,-65.209));
#4959 = CARTESIAN_POINT('',(87.938,-65.209));
#4960 = ( GEOMETRIC_REPRESENTATION_CONTEXT(2) 
PARAMETRIC_REPRESENTATION_CONTEXT() REPRESENTATION_CONTEXT('2D SPACE',''
  ) );
#4961 = PCURVE('',#4962,#4967);
#4962 = CYLINDRICAL_SURFACE('',#4963,0.635);
#4963 = AXIS2_PLACEMENT_3D('',#4964,#4965,#4966);
#4964 = CARTESIAN_POINT('',(87.938,-64.574,-4.6E-02));
#4965 = DIRECTION('',(0.,0.,-1.));
#4966 = DIRECTION('',(2.23792987641E-14,-1.,0.));
#4967 = DEFINITIONAL_REPRESENTATION('',(#4968),#4972);
#4968 = LINE('',#4969,#4970);
#4969 = CARTESIAN_POINT('',(0.,-1.556));
#4970 = VECTOR('',#4971,1.);
#4971 = DIRECTION('',(1.,0.));
#4972 = ( GEOMETRIC_REPRESENTATION_CONTEXT(2) 
PARAMETRIC_REPRESENTATION_CONTEXT() REPRESENTATION_CONTEXT('2D SPACE',''
  ) );
#4973 = FACE_BOUND('',#4974,.T.);
#4974 = EDGE_LOOP('',(#4975));
#4975 = ORIENTED_EDGE('',*,*,#4976,.T.);
#4976 = EDGE_CURVE('',#4977,#4977,#4979,.T.);
#4977 = VERTEX_POINT('',#4978);
#4978 = CARTESIAN_POINT('',(100.918,-65.649,1.51));
#4979 = SURFACE_CURVE('',#4980,(#4985,#4996),.PCURVE_S1.);
#4980 = CIRCLE('',#4981,0.635);
#4981 = AXIS2_PLACEMENT_3D('',#4982,#4983,#4984);
#4982 = CARTESIAN_POINT('',(100.918,-65.014,1.51));
#4983 = DIRECTION('',(-0.,-0.,-1.));
#4984 = DIRECTION('',(0.,-1.,0.));
#4985 = PCURVE('',#73,#4986);
#4986 = DEFINITIONAL_REPRESENTATION('',(#4987),#4995);
#4987 = ( BOUNDED_CURVE() B_SPLINE_CURVE(2,(#4988,#4989,#4990,#4991,
#4992,#4993,#4994),.UNSPECIFIED.,.T.,.F.) B_SPLINE_CURVE_WITH_KNOTS((1,2
    ,2,2,2,1),(-2.094395102393,0.,2.094395102393,4.188790204786,
6.28318530718,8.377580409573),.UNSPECIFIED.) CURVE() 
GEOMETRIC_REPRESENTATION_ITEM() RATIONAL_B_SPLINE_CURVE((1.,0.5,1.,0.5,
1.,0.5,1.)) REPRESENTATION_ITEM('') );
#4988 = CARTESIAN_POINT('',(100.918,-65.649));
#4989 = CARTESIAN_POINT('',(99.818147737194,-65.649));
#4990 = CARTESIAN_POINT('',(100.36807386859,-64.6965));
#4991 = CARTESIAN_POINT('',(100.918,-63.744));
#4992 = CARTESIAN_POINT('',(101.4679261314,-64.6965));
#4993 = CARTESIAN_POINT('',(102.0178522628,-65.649));
#4994 = CARTESIAN_POINT('',(100.918,-65.649));
#4995 = ( GEOMETRIC_REPRESENTATION_CONTEXT(2) 
PARAMETRIC_REPRESENTATION_CONTEXT() REPRESENTATION_CONTEXT('2D SPACE',''
  ) );
#4996 = PCURVE('',#4997,#5002);
#4997 = CYLINDRICAL_SURFACE('',#4998,0.635);
#4998 = AXIS2_PLACEMENT_3D('',#4999,#5000,#5001);
#4999 = CARTESIAN_POINT('',(100.918,-65.014,-4.6E-02));
#5000 = DIRECTION('',(-0.,-0.,-1.));
#5001 = DIRECTION('',(0.,-1.,0.));
#5002 = DEFINITIONAL_REPRESENTATION('',(#5003),#5007);
#5003 = LINE('',#5004,#5005);
#5004 = CARTESIAN_POINT('',(0.,-1.556));
#5005 = VECTOR('',#5006,1.);
#5006 = DIRECTION('',(1.,0.));
#5007 = ( GEOMETRIC_REPRESENTATION_CONTEXT(2) 
PARAMETRIC_REPRESENTATION_CONTEXT() REPRESENTATION_CONTEXT('2D SPACE',''
  ) );
#5008 = FACE_BOUND('',#5009,.T.);
#5009 = EDGE_LOOP('',(#5010));
#5010 = ORIENTED_EDGE('',*,*,#5011,.T.);
#5011 = EDGE_CURVE('',#5012,#5012,#5014,.T.);
#5012 = VERTEX_POINT('',#5013);
#5013 = CARTESIAN_POINT('',(100.418,-62.0649,1.51));
#5014 = SURFACE_CURVE('',#5015,(#5020,#5031),.PCURVE_S1.);
#5015 = CIRCLE('',#5016,0.8509);
#5016 = AXIS2_PLACEMENT_3D('',#5017,#5018,#5019);
#5017 = CARTESIAN_POINT('',(100.418,-61.214,1.51));
#5018 = DIRECTION('',(-0.,-0.,-1.));
#5019 = DIRECTION('',(0.,-1.,0.));
#5020 = PCURVE('',#73,#5021);
#5021 = DEFINITIONAL_REPRESENTATION('',(#5022),#5030);
#5022 = ( BOUNDED_CURVE() B_SPLINE_CURVE(2,(#5023,#5024,#5025,#5026,
#5027,#5028,#5029),.UNSPECIFIED.,.T.,.F.) B_SPLINE_CURVE_WITH_KNOTS((1,2
    ,2,2,2,1),(-2.094395102393,0.,2.094395102393,4.188790204786,
6.28318530718,8.377580409573),.UNSPECIFIED.) CURVE() 
GEOMETRIC_REPRESENTATION_ITEM() RATIONAL_B_SPLINE_CURVE((1.,0.5,1.,0.5,
1.,0.5,1.)) REPRESENTATION_ITEM('') );
#5023 = CARTESIAN_POINT('',(100.418,-62.0649));
#5024 = CARTESIAN_POINT('',(98.94419796784,-62.0649));
#5025 = CARTESIAN_POINT('',(99.68109898392,-60.78855));
#5026 = CARTESIAN_POINT('',(100.418,-59.5122));
#5027 = CARTESIAN_POINT('',(101.15490101608,-60.78855));
#5028 = CARTESIAN_POINT('',(101.89180203216,-62.0649));
#5029 = CARTESIAN_POINT('',(100.418,-62.0649));
#5030 = ( GEOMETRIC_REPRESENTATION_CONTEXT(2) 
PARAMETRIC_REPRESENTATION_CONTEXT() REPRESENTATION_CONTEXT('2D SPACE',''
  ) );
#5031 = PCURVE('',#5032,#5037);
#5032 = CYLINDRICAL_SURFACE('',#5033,0.8509);
#5033 = AXIS2_PLACEMENT_3D('',#5034,#5035,#5036);
#5034 = CARTESIAN_POINT('',(100.418,-61.214,-4.6E-02));
#5035 = DIRECTION('',(-0.,-0.,-1.));
#5036 = DIRECTION('',(0.,-1.,0.));
#5037 = DEFINITIONAL_REPRESENTATION('',(#5038),#5042);
#5038 = LINE('',#5039,#5040);
#5039 = CARTESIAN_POINT('',(0.,-1.556));
#5040 = VECTOR('',#5041,1.);
#5041 = DIRECTION('',(1.,0.));
#5042 = ( GEOMETRIC_REPRESENTATION_CONTEXT(2) 
PARAMETRIC_REPRESENTATION_CONTEXT() REPRESENTATION_CONTEXT('2D SPACE',''
  ) );
#5043 = FACE_BOUND('',#5044,.T.);
#5044 = EDGE_LOOP('',(#5045));
#5045 = ORIENTED_EDGE('',*,*,#5046,.T.);
#5046 = EDGE_CURVE('',#5047,#5047,#5049,.T.);
#5047 = VERTEX_POINT('',#5048);
#5048 = CARTESIAN_POINT('',(82.438,-59.5249,1.51));
#5049 = SURFACE_CURVE('',#5050,(#5055,#5066),.PCURVE_S1.);
#5050 = CIRCLE('',#5051,0.8509);
#5051 = AXIS2_PLACEMENT_3D('',#5052,#5053,#5054);
#5052 = CARTESIAN_POINT('',(82.438,-58.674,1.51));
#5053 = DIRECTION('',(-0.,-0.,-1.));
#5054 = DIRECTION('',(0.,-1.,0.));
#5055 = PCURVE('',#73,#5056);
#5056 = DEFINITIONAL_REPRESENTATION('',(#5057),#5065);
#5057 = ( BOUNDED_CURVE() B_SPLINE_CURVE(2,(#5058,#5059,#5060,#5061,
#5062,#5063,#5064),.UNSPECIFIED.,.T.,.F.) B_SPLINE_CURVE_WITH_KNOTS((1,2
    ,2,2,2,1),(-2.094395102393,0.,2.094395102393,4.188790204786,
6.28318530718,8.377580409573),.UNSPECIFIED.) CURVE() 
GEOMETRIC_REPRESENTATION_ITEM() RATIONAL_B_SPLINE_CURVE((1.,0.5,1.,0.5,
1.,0.5,1.)) REPRESENTATION_ITEM('') );
#5058 = CARTESIAN_POINT('',(82.438,-59.5249));
#5059 = CARTESIAN_POINT('',(80.96419796784,-59.5249));
#5060 = CARTESIAN_POINT('',(81.70109898392,-58.24855));
#5061 = CARTESIAN_POINT('',(82.438,-56.9722));
#5062 = CARTESIAN_POINT('',(83.17490101608,-58.24855));
#5063 = CARTESIAN_POINT('',(83.91180203216,-59.5249));
#5064 = CARTESIAN_POINT('',(82.438,-59.5249));
#5065 = ( GEOMETRIC_REPRESENTATION_CONTEXT(2) 
PARAMETRIC_REPRESENTATION_CONTEXT() REPRESENTATION_CONTEXT('2D SPACE',''
  ) );
#5066 = PCURVE('',#5067,#5072);
#5067 = CYLINDRICAL_SURFACE('',#5068,0.8509);
#5068 = AXIS2_PLACEMENT_3D('',#5069,#5070,#5071);
#5069 = CARTESIAN_POINT('',(82.438,-58.674,-4.6E-02));
#5070 = DIRECTION('',(-0.,-0.,-1.));
#5071 = DIRECTION('',(0.,-1.,0.));
#5072 = DEFINITIONAL_REPRESENTATION('',(#5073),#5077);
#5073 = LINE('',#5074,#5075);
#5074 = CARTESIAN_POINT('',(0.,-1.556));
#5075 = VECTOR('',#5076,1.);
#5076 = DIRECTION('',(1.,0.));
#5077 = ( GEOMETRIC_REPRESENTATION_CONTEXT(2) 
PARAMETRIC_REPRESENTATION_CONTEXT() REPRESENTATION_CONTEXT('2D SPACE',''
  ) );
#5078 = FACE_BOUND('',#5079,.T.);
#5079 = EDGE_LOOP('',(#5080));
#5080 = ORIENTED_EDGE('',*,*,#5081,.T.);
#5081 = EDGE_CURVE('',#5082,#5082,#5084,.T.);
#5082 = VERTEX_POINT('',#5083);
#5083 = CARTESIAN_POINT('',(87.938,-60.3885,1.51));
#5084 = SURFACE_CURVE('',#5085,(#5090,#5101),.PCURVE_S1.);
#5085 = CIRCLE('',#5086,1.7145);
#5086 = AXIS2_PLACEMENT_3D('',#5087,#5088,#5089);
#5087 = CARTESIAN_POINT('',(87.938,-58.674,1.51));
#5088 = DIRECTION('',(-0.,-0.,-1.));
#5089 = DIRECTION('',(0.,-1.,0.));
#5090 = PCURVE('',#73,#5091);
#5091 = DEFINITIONAL_REPRESENTATION('',(#5092),#5100);
#5092 = ( BOUNDED_CURVE() B_SPLINE_CURVE(2,(#5093,#5094,#5095,#5096,
#5097,#5098,#5099),.UNSPECIFIED.,.T.,.F.) B_SPLINE_CURVE_WITH_KNOTS((1,2
    ,2,2,2,1),(-2.094395102393,0.,2.094395102393,4.188790204786,
6.28318530718,8.377580409573),.UNSPECIFIED.) CURVE() 
GEOMETRIC_REPRESENTATION_ITEM() RATIONAL_B_SPLINE_CURVE((1.,0.5,1.,0.5,
1.,0.5,1.)) REPRESENTATION_ITEM('') );
#5093 = CARTESIAN_POINT('',(87.938,-60.3885));
#5094 = CARTESIAN_POINT('',(84.968398890423,-60.3885));
#5095 = CARTESIAN_POINT('',(86.453199445212,-57.81675));
#5096 = CARTESIAN_POINT('',(87.938,-55.245));
#5097 = CARTESIAN_POINT('',(89.422800554788,-57.81675));
#5098 = CARTESIAN_POINT('',(90.907601109577,-60.3885));
#5099 = CARTESIAN_POINT('',(87.938,-60.3885));
#5100 = ( GEOMETRIC_REPRESENTATION_CONTEXT(2) 
PARAMETRIC_REPRESENTATION_CONTEXT() REPRESENTATION_CONTEXT('2D SPACE',''
  ) );
#5101 = PCURVE('',#5102,#5107);
#5102 = CYLINDRICAL_SURFACE('',#5103,1.7145);
#5103 = AXIS2_PLACEMENT_3D('',#5104,#5105,#5106);
#5104 = CARTESIAN_POINT('',(87.938,-58.674,-4.6E-02));
#5105 = DIRECTION('',(-0.,-0.,-1.));
#5106 = DIRECTION('',(0.,-1.,0.));
#5107 = DEFINITIONAL_REPRESENTATION('',(#5108),#5112);
#5108 = LINE('',#5109,#5110);
#5109 = CARTESIAN_POINT('',(0.,-1.556));
#5110 = VECTOR('',#5111,1.);
#5111 = DIRECTION('',(1.,0.));
#5112 = ( GEOMETRIC_REPRESENTATION_CONTEXT(2) 
PARAMETRIC_REPRESENTATION_CONTEXT() REPRESENTATION_CONTEXT('2D SPACE',''
  ) );
#5113 = FACE_BOUND('',#5114,.T.);
#5114 = EDGE_LOOP('',(#5115));
#5115 = ORIENTED_EDGE('',*,*,#5116,.T.);
#5116 = EDGE_CURVE('',#5117,#5117,#5119,.T.);
#5117 = VERTEX_POINT('',#5118);
#5118 = CARTESIAN_POINT('',(82.718,-54.9693,1.51));
#5119 = SURFACE_CURVE('',#5120,(#5125,#5136),.PCURVE_S1.);
#5120 = CIRCLE('',#5121,0.4953);
#5121 = AXIS2_PLACEMENT_3D('',#5122,#5123,#5124);
#5122 = CARTESIAN_POINT('',(82.718,-54.474,1.51));
#5123 = DIRECTION('',(-0.,-0.,-1.));
#5124 = DIRECTION('',(0.,-1.,0.));
#5125 = PCURVE('',#73,#5126);
#5126 = DEFINITIONAL_REPRESENTATION('',(#5127),#5135);
#5127 = ( BOUNDED_CURVE() B_SPLINE_CURVE(2,(#5128,#5129,#5130,#5131,
#5132,#5133,#5134),.UNSPECIFIED.,.T.,.F.) B_SPLINE_CURVE_WITH_KNOTS((1,2
    ,2,2,2,1),(-2.094395102393,0.,2.094395102393,4.188790204786,
6.28318530718,8.377580409573),.UNSPECIFIED.) CURVE() 
GEOMETRIC_REPRESENTATION_ITEM() RATIONAL_B_SPLINE_CURVE((1.,0.5,1.,0.5,
1.,0.5,1.)) REPRESENTATION_ITEM('') );
#5128 = CARTESIAN_POINT('',(82.718,-54.9693));
#5129 = CARTESIAN_POINT('',(81.860115235011,-54.9693));
#5130 = CARTESIAN_POINT('',(82.289057617506,-54.22635));
#5131 = CARTESIAN_POINT('',(82.718,-53.4834));
#5132 = CARTESIAN_POINT('',(83.146942382494,-54.22635));
#5133 = CARTESIAN_POINT('',(83.575884764989,-54.9693));
#5134 = CARTESIAN_POINT('',(82.718,-54.9693));
#5135 = ( GEOMETRIC_REPRESENTATION_CONTEXT(2) 
PARAMETRIC_REPRESENTATION_CONTEXT() REPRESENTATION_CONTEXT('2D SPACE',''
  ) );
#5136 = PCURVE('',#5137,#5142);
#5137 = CYLINDRICAL_SURFACE('',#5138,0.4953);
#5138 = AXIS2_PLACEMENT_3D('',#5139,#5140,#5141);
#5139 = CARTESIAN_POINT('',(82.718,-54.474,-4.6E-02));
#5140 = DIRECTION('',(-0.,-0.,-1.));
#5141 = DIRECTION('',(0.,-1.,0.));
#5142 = DEFINITIONAL_REPRESENTATION('',(#5143),#5147);
#5143 = LINE('',#5144,#5145);
#5144 = CARTESIAN_POINT('',(0.,-1.556));
#5145 = VECTOR('',#5146,1.);
#5146 = DIRECTION('',(1.,0.));
#5147 = ( GEOMETRIC_REPRESENTATION_CONTEXT(2) 
PARAMETRIC_REPRESENTATION_CONTEXT() REPRESENTATION_CONTEXT('2D SPACE',''
  ) );
#5148 = FACE_BOUND('',#5149,.T.);
#5149 = EDGE_LOOP('',(#5150));
#5150 = ORIENTED_EDGE('',*,*,#5151,.T.);
#5151 = EDGE_CURVE('',#5152,#5152,#5154,.T.);
#5152 = VERTEX_POINT('',#5153);
#5153 = CARTESIAN_POINT('',(93.438,-59.5249,1.51));
#5154 = SURFACE_CURVE('',#5155,(#5160,#5171),.PCURVE_S1.);
#5155 = CIRCLE('',#5156,0.8509);
#5156 = AXIS2_PLACEMENT_3D('',#5157,#5158,#5159);
#5157 = CARTESIAN_POINT('',(93.438,-58.674,1.51));
#5158 = DIRECTION('',(-0.,-0.,-1.));
#5159 = DIRECTION('',(0.,-1.,0.));
#5160 = PCURVE('',#73,#5161);
#5161 = DEFINITIONAL_REPRESENTATION('',(#5162),#5170);
#5162 = ( BOUNDED_CURVE() B_SPLINE_CURVE(2,(#5163,#5164,#5165,#5166,
#5167,#5168,#5169),.UNSPECIFIED.,.T.,.F.) B_SPLINE_CURVE_WITH_KNOTS((1,2
    ,2,2,2,1),(-2.094395102393,0.,2.094395102393,4.188790204786,
6.28318530718,8.377580409573),.UNSPECIFIED.) CURVE() 
GEOMETRIC_REPRESENTATION_ITEM() RATIONAL_B_SPLINE_CURVE((1.,0.5,1.,0.5,
1.,0.5,1.)) REPRESENTATION_ITEM('') );
#5163 = CARTESIAN_POINT('',(93.438,-59.5249));
#5164 = CARTESIAN_POINT('',(91.96419796784,-59.5249));
#5165 = CARTESIAN_POINT('',(92.70109898392,-58.24855));
#5166 = CARTESIAN_POINT('',(93.438,-56.9722));
#5167 = CARTESIAN_POINT('',(94.17490101608,-58.24855));
#5168 = CARTESIAN_POINT('',(94.91180203216,-59.5249));
#5169 = CARTESIAN_POINT('',(93.438,-59.5249));
#5170 = ( GEOMETRIC_REPRESENTATION_CONTEXT(2) 
PARAMETRIC_REPRESENTATION_CONTEXT() REPRESENTATION_CONTEXT('2D SPACE',''
  ) );
#5171 = PCURVE('',#5172,#5177);
#5172 = CYLINDRICAL_SURFACE('',#5173,0.8509);
#5173 = AXIS2_PLACEMENT_3D('',#5174,#5175,#5176);
#5174 = CARTESIAN_POINT('',(93.438,-58.674,-4.6E-02));
#5175 = DIRECTION('',(-0.,-0.,-1.));
#5176 = DIRECTION('',(0.,-1.,0.));
#5177 = DEFINITIONAL_REPRESENTATION('',(#5178),#5182);
#5178 = LINE('',#5179,#5180);
#5179 = CARTESIAN_POINT('',(0.,-1.556));
#5180 = VECTOR('',#5181,1.);
#5181 = DIRECTION('',(1.,0.));
#5182 = ( GEOMETRIC_REPRESENTATION_CONTEXT(2) 
PARAMETRIC_REPRESENTATION_CONTEXT() REPRESENTATION_CONTEXT('2D SPACE',''
  ) );
#5183 = FACE_BOUND('',#5184,.T.);
#5184 = EDGE_LOOP('',(#5185));
#5185 = ORIENTED_EDGE('',*,*,#5186,.T.);
#5186 = EDGE_CURVE('',#5187,#5187,#5189,.T.);
#5187 = VERTEX_POINT('',#5188);
#5188 = CARTESIAN_POINT('',(100.698,-57.5093,1.51));
#5189 = SURFACE_CURVE('',#5190,(#5195,#5206),.PCURVE_S1.);
#5190 = CIRCLE('',#5191,0.4953);
#5191 = AXIS2_PLACEMENT_3D('',#5192,#5193,#5194);
#5192 = CARTESIAN_POINT('',(100.698,-57.014,1.51));
#5193 = DIRECTION('',(-0.,-0.,-1.));
#5194 = DIRECTION('',(0.,-1.,0.));
#5195 = PCURVE('',#73,#5196);
#5196 = DEFINITIONAL_REPRESENTATION('',(#5197),#5205);
#5197 = ( BOUNDED_CURVE() B_SPLINE_CURVE(2,(#5198,#5199,#5200,#5201,
#5202,#5203,#5204),.UNSPECIFIED.,.T.,.F.) B_SPLINE_CURVE_WITH_KNOTS((1,2
    ,2,2,2,1),(-2.094395102393,0.,2.094395102393,4.188790204786,
6.28318530718,8.377580409573),.UNSPECIFIED.) CURVE() 
GEOMETRIC_REPRESENTATION_ITEM() RATIONAL_B_SPLINE_CURVE((1.,0.5,1.,0.5,
1.,0.5,1.)) REPRESENTATION_ITEM('') );
#5198 = CARTESIAN_POINT('',(100.698,-57.5093));
#5199 = CARTESIAN_POINT('',(99.840115235011,-57.5093));
#5200 = CARTESIAN_POINT('',(100.2690576175,-56.76635));
#5201 = CARTESIAN_POINT('',(100.698,-56.0234));
#5202 = CARTESIAN_POINT('',(101.12694238249,-56.76635));
#5203 = CARTESIAN_POINT('',(101.55588476498,-57.5093));
#5204 = CARTESIAN_POINT('',(100.698,-57.5093));
#5205 = ( GEOMETRIC_REPRESENTATION_CONTEXT(2) 
PARAMETRIC_REPRESENTATION_CONTEXT() REPRESENTATION_CONTEXT('2D SPACE',''
  ) );
#5206 = PCURVE('',#5207,#5212);
#5207 = CYLINDRICAL_SURFACE('',#5208,0.4953);
#5208 = AXIS2_PLACEMENT_3D('',#5209,#5210,#5211);
#5209 = CARTESIAN_POINT('',(100.698,-57.014,-4.6E-02));
#5210 = DIRECTION('',(-0.,-0.,-1.));
#5211 = DIRECTION('',(0.,-1.,0.));
#5212 = DEFINITIONAL_REPRESENTATION('',(#5213),#5217);
#5213 = LINE('',#5214,#5215);
#5214 = CARTESIAN_POINT('',(0.,-1.556));
#5215 = VECTOR('',#5216,1.);
#5216 = DIRECTION('',(1.,0.));
#5217 = ( GEOMETRIC_REPRESENTATION_CONTEXT(2) 
PARAMETRIC_REPRESENTATION_CONTEXT() REPRESENTATION_CONTEXT('2D SPACE',''
  ) );
#5218 = FACE_BOUND('',#5219,.T.);
#5219 = EDGE_LOOP('',(#5220));
#5220 = ORIENTED_EDGE('',*,*,#5221,.T.);
#5221 = EDGE_CURVE('',#5222,#5222,#5224,.T.);
#5222 = VERTEX_POINT('',#5223);
#5223 = CARTESIAN_POINT('',(93.158,-54.9693,1.51));
#5224 = SURFACE_CURVE('',#5225,(#5230,#5241),.PCURVE_S1.);
#5225 = CIRCLE('',#5226,0.4953);
#5226 = AXIS2_PLACEMENT_3D('',#5227,#5228,#5229);
#5227 = CARTESIAN_POINT('',(93.158,-54.474,1.51));
#5228 = DIRECTION('',(-0.,-0.,-1.));
#5229 = DIRECTION('',(0.,-1.,0.));
#5230 = PCURVE('',#73,#5231);
#5231 = DEFINITIONAL_REPRESENTATION('',(#5232),#5240);
#5232 = ( BOUNDED_CURVE() B_SPLINE_CURVE(2,(#5233,#5234,#5235,#5236,
#5237,#5238,#5239),.UNSPECIFIED.,.T.,.F.) B_SPLINE_CURVE_WITH_KNOTS((1,2
    ,2,2,2,1),(-2.094395102393,0.,2.094395102393,4.188790204786,
6.28318530718,8.377580409573),.UNSPECIFIED.) CURVE() 
GEOMETRIC_REPRESENTATION_ITEM() RATIONAL_B_SPLINE_CURVE((1.,0.5,1.,0.5,
1.,0.5,1.)) REPRESENTATION_ITEM('') );
#5233 = CARTESIAN_POINT('',(93.158,-54.9693));
#5234 = CARTESIAN_POINT('',(92.300115235011,-54.9693));
#5235 = CARTESIAN_POINT('',(92.729057617506,-54.22635));
#5236 = CARTESIAN_POINT('',(93.158,-53.4834));
#5237 = CARTESIAN_POINT('',(93.586942382494,-54.22635));
#5238 = CARTESIAN_POINT('',(94.015884764989,-54.9693));
#5239 = CARTESIAN_POINT('',(93.158,-54.9693));
#5240 = ( GEOMETRIC_REPRESENTATION_CONTEXT(2) 
PARAMETRIC_REPRESENTATION_CONTEXT() REPRESENTATION_CONTEXT('2D SPACE',''
  ) );
#5241 = PCURVE('',#5242,#5247);
#5242 = CYLINDRICAL_SURFACE('',#5243,0.4953);
#5243 = AXIS2_PLACEMENT_3D('',#5244,#5245,#5246);
#5244 = CARTESIAN_POINT('',(93.158,-54.474,-4.6E-02));
#5245 = DIRECTION('',(-0.,-0.,-1.));
#5246 = DIRECTION('',(0.,-1.,0.));
#5247 = DEFINITIONAL_REPRESENTATION('',(#5248),#5252);
#5248 = LINE('',#5249,#5250);
#5249 = CARTESIAN_POINT('',(0.,-1.556));
#5250 = VECTOR('',#5251,1.);
#5251 = DIRECTION('',(1.,0.));
#5252 = ( GEOMETRIC_REPRESENTATION_CONTEXT(2) 
PARAMETRIC_REPRESENTATION_CONTEXT() REPRESENTATION_CONTEXT('2D SPACE',''
  ) );
#5253 = FACE_BOUND('',#5254,.T.);
#5254 = EDGE_LOOP('',(#5255));
#5255 = ORIENTED_EDGE('',*,*,#5256,.T.);
#5256 = EDGE_CURVE('',#5257,#5257,#5259,.T.);
#5257 = VERTEX_POINT('',#5258);
#5258 = CARTESIAN_POINT('',(98.488,-53.224,1.51));
#5259 = SURFACE_CURVE('',#5260,(#5265,#5276),.PCURVE_S1.);
#5260 = CIRCLE('',#5261,1.1);
#5261 = AXIS2_PLACEMENT_3D('',#5262,#5263,#5264);
#5262 = CARTESIAN_POINT('',(98.488,-52.124,1.51));
#5263 = DIRECTION('',(-0.,-0.,-1.));
#5264 = DIRECTION('',(0.,-1.,0.));
#5265 = PCURVE('',#73,#5266);
#5266 = DEFINITIONAL_REPRESENTATION('',(#5267),#5275);
#5267 = ( BOUNDED_CURVE() B_SPLINE_CURVE(2,(#5268,#5269,#5270,#5271,
#5272,#5273,#5274),.UNSPECIFIED.,.T.,.F.) B_SPLINE_CURVE_WITH_KNOTS((1,2
    ,2,2,2,1),(-2.094395102393,0.,2.094395102393,4.188790204786,
6.28318530718,8.377580409573),.UNSPECIFIED.) CURVE() 
GEOMETRIC_REPRESENTATION_ITEM() RATIONAL_B_SPLINE_CURVE((1.,0.5,1.,0.5,
1.,0.5,1.)) REPRESENTATION_ITEM('') );
#5268 = CARTESIAN_POINT('',(98.488,-53.224));
#5269 = CARTESIAN_POINT('',(96.582744111674,-53.224));
#5270 = CARTESIAN_POINT('',(97.535372055837,-51.574));
#5271 = CARTESIAN_POINT('',(98.488,-49.924));
#5272 = CARTESIAN_POINT('',(99.440627944163,-51.574));
#5273 = CARTESIAN_POINT('',(100.39325588832,-53.224));
#5274 = CARTESIAN_POINT('',(98.488,-53.224));
#5275 = ( GEOMETRIC_REPRESENTATION_CONTEXT(2) 
PARAMETRIC_REPRESENTATION_CONTEXT() REPRESENTATION_CONTEXT('2D SPACE',''
  ) );
#5276 = PCURVE('',#5277,#5282);
#5277 = CYLINDRICAL_SURFACE('',#5278,1.1);
#5278 = AXIS2_PLACEMENT_3D('',#5279,#5280,#5281);
#5279 = CARTESIAN_POINT('',(98.488,-52.124,-4.6E-02));
#5280 = DIRECTION('',(-0.,-0.,-1.));
#5281 = DIRECTION('',(0.,-1.,0.));
#5282 = DEFINITIONAL_REPRESENTATION('',(#5283),#5287);
#5283 = LINE('',#5284,#5285);
#5284 = CARTESIAN_POINT('',(0.,-1.556));
#5285 = VECTOR('',#5286,1.);
#5286 = DIRECTION('',(1.,0.));
#5287 = ( GEOMETRIC_REPRESENTATION_CONTEXT(2) 
PARAMETRIC_REPRESENTATION_CONTEXT() REPRESENTATION_CONTEXT('2D SPACE',''
  ) );
#5288 = FACE_BOUND('',#5289,.T.);
#5289 = EDGE_LOOP('',(#5290));
#5290 = ORIENTED_EDGE('',*,*,#5291,.T.);
#5291 = EDGE_CURVE('',#5292,#5292,#5294,.T.);
#5292 = VERTEX_POINT('',#5293);
#5293 = CARTESIAN_POINT('',(105.918,-67.749,1.51));
#5294 = SURFACE_CURVE('',#5295,(#5300,#5311),.PCURVE_S1.);
#5295 = CIRCLE('',#5296,0.635);
#5296 = AXIS2_PLACEMENT_3D('',#5297,#5298,#5299);
#5297 = CARTESIAN_POINT('',(105.918,-67.114,1.51));
#5298 = DIRECTION('',(-0.,-0.,-1.));
#5299 = DIRECTION('',(0.,-1.,0.));
#5300 = PCURVE('',#73,#5301);
#5301 = DEFINITIONAL_REPRESENTATION('',(#5302),#5310);
#5302 = ( BOUNDED_CURVE() B_SPLINE_CURVE(2,(#5303,#5304,#5305,#5306,
#5307,#5308,#5309),.UNSPECIFIED.,.T.,.F.) B_SPLINE_CURVE_WITH_KNOTS((1,2
    ,2,2,2,1),(-2.094395102393,0.,2.094395102393,4.188790204786,
6.28318530718,8.377580409573),.UNSPECIFIED.) CURVE() 
GEOMETRIC_REPRESENTATION_ITEM() RATIONAL_B_SPLINE_CURVE((1.,0.5,1.,0.5,
1.,0.5,1.)) REPRESENTATION_ITEM('') );
#5303 = CARTESIAN_POINT('',(105.918,-67.749));
#5304 = CARTESIAN_POINT('',(104.81814773719,-67.749));
#5305 = CARTESIAN_POINT('',(105.36807386859,-66.7965));
#5306 = CARTESIAN_POINT('',(105.918,-65.844));
#5307 = CARTESIAN_POINT('',(106.4679261314,-66.7965));
#5308 = CARTESIAN_POINT('',(107.0178522628,-67.749));
#5309 = CARTESIAN_POINT('',(105.918,-67.749));
#5310 = ( GEOMETRIC_REPRESENTATION_CONTEXT(2) 
PARAMETRIC_REPRESENTATION_CONTEXT() REPRESENTATION_CONTEXT('2D SPACE',''
  ) );
#5311 = PCURVE('',#5312,#5317);
#5312 = CYLINDRICAL_SURFACE('',#5313,0.635);
#5313 = AXIS2_PLACEMENT_3D('',#5314,#5315,#5316);
#5314 = CARTESIAN_POINT('',(105.918,-67.114,-4.6E-02));
#5315 = DIRECTION('',(-0.,-0.,-1.));
#5316 = DIRECTION('',(0.,-1.,0.));
#5317 = DEFINITIONAL_REPRESENTATION('',(#5318),#5322);
#5318 = LINE('',#5319,#5320);
#5319 = CARTESIAN_POINT('',(0.,-1.556));
#5320 = VECTOR('',#5321,1.);
#5321 = DIRECTION('',(1.,0.));
#5322 = ( GEOMETRIC_REPRESENTATION_CONTEXT(2) 
PARAMETRIC_REPRESENTATION_CONTEXT() REPRESENTATION_CONTEXT('2D SPACE',''
  ) );
#5323 = FACE_BOUND('',#5324,.T.);
#5324 = EDGE_LOOP('',(#5325));
#5325 = ORIENTED_EDGE('',*,*,#5326,.T.);
#5326 = EDGE_CURVE('',#5327,#5327,#5329,.T.);
#5327 = VERTEX_POINT('',#5328);
#5328 = CARTESIAN_POINT('',(117.0974,-69.5104,1.51));
#5329 = SURFACE_CURVE('',#5330,(#5335,#5346),.PCURVE_S1.);
#5330 = CIRCLE('',#5331,0.4064);
#5331 = AXIS2_PLACEMENT_3D('',#5332,#5333,#5334);
#5332 = CARTESIAN_POINT('',(117.0974,-69.104,1.51));
#5333 = DIRECTION('',(-0.,-0.,-1.));
#5334 = DIRECTION('',(0.,-1.,0.));
#5335 = PCURVE('',#73,#5336);
#5336 = DEFINITIONAL_REPRESENTATION('',(#5337),#5345);
#5337 = ( BOUNDED_CURVE() B_SPLINE_CURVE(2,(#5338,#5339,#5340,#5341,
#5342,#5343,#5344),.UNSPECIFIED.,.T.,.F.) B_SPLINE_CURVE_WITH_KNOTS((1,2
    ,2,2,2,1),(-2.094395102393,0.,2.094395102393,4.188790204786,
6.28318530718,8.377580409573),.UNSPECIFIED.) CURVE() 
GEOMETRIC_REPRESENTATION_ITEM() RATIONAL_B_SPLINE_CURVE((1.,0.5,1.,0.5,
1.,0.5,1.)) REPRESENTATION_ITEM('') );
#5338 = CARTESIAN_POINT('',(117.0974,-69.5104));
#5339 = CARTESIAN_POINT('',(116.3934945518,-69.5104));
#5340 = CARTESIAN_POINT('',(116.7454472759,-68.9008));
#5341 = CARTESIAN_POINT('',(117.0974,-68.2912));
#5342 = CARTESIAN_POINT('',(117.44935272409,-68.9008));
#5343 = CARTESIAN_POINT('',(117.80130544819,-69.5104));
#5344 = CARTESIAN_POINT('',(117.0974,-69.5104));
#5345 = ( GEOMETRIC_REPRESENTATION_CONTEXT(2) 
PARAMETRIC_REPRESENTATION_CONTEXT() REPRESENTATION_CONTEXT('2D SPACE',''
  ) );
#5346 = PCURVE('',#5347,#5352);
#5347 = CYLINDRICAL_SURFACE('',#5348,0.4064);
#5348 = AXIS2_PLACEMENT_3D('',#5349,#5350,#5351);
#5349 = CARTESIAN_POINT('',(117.0974,-69.104,-4.6E-02));
#5350 = DIRECTION('',(-0.,-0.,-1.));
#5351 = DIRECTION('',(0.,-1.,0.));
#5352 = DEFINITIONAL_REPRESENTATION('',(#5353),#5357);
#5353 = LINE('',#5354,#5355);
#5354 = CARTESIAN_POINT('',(0.,-1.556));
#5355 = VECTOR('',#5356,1.);
#5356 = DIRECTION('',(1.,0.));
#5357 = ( GEOMETRIC_REPRESENTATION_CONTEXT(2) 
PARAMETRIC_REPRESENTATION_CONTEXT() REPRESENTATION_CONTEXT('2D SPACE',''
  ) );
#5358 = FACE_BOUND('',#5359,.T.);
#5359 = EDGE_LOOP('',(#5360));
#5360 = ORIENTED_EDGE('',*,*,#5361,.T.);
#5361 = EDGE_CURVE('',#5362,#5362,#5364,.T.);
#5362 = VERTEX_POINT('',#5363);
#5363 = CARTESIAN_POINT('',(117.0974,-66.9704,1.51));
#5364 = SURFACE_CURVE('',#5365,(#5370,#5381),.PCURVE_S1.);
#5365 = CIRCLE('',#5366,0.4064);
#5366 = AXIS2_PLACEMENT_3D('',#5367,#5368,#5369);
#5367 = CARTESIAN_POINT('',(117.0974,-66.564,1.51));
#5368 = DIRECTION('',(-0.,-0.,-1.));
#5369 = DIRECTION('',(0.,-1.,0.));
#5370 = PCURVE('',#73,#5371);
#5371 = DEFINITIONAL_REPRESENTATION('',(#5372),#5380);
#5372 = ( BOUNDED_CURVE() B_SPLINE_CURVE(2,(#5373,#5374,#5375,#5376,
#5377,#5378,#5379),.UNSPECIFIED.,.T.,.F.) B_SPLINE_CURVE_WITH_KNOTS((1,2
    ,2,2,2,1),(-2.094395102393,0.,2.094395102393,4.188790204786,
6.28318530718,8.377580409573),.UNSPECIFIED.) CURVE() 
GEOMETRIC_REPRESENTATION_ITEM() RATIONAL_B_SPLINE_CURVE((1.,0.5,1.,0.5,
1.,0.5,1.)) REPRESENTATION_ITEM('') );
#5373 = CARTESIAN_POINT('',(117.0974,-66.9704));
#5374 = CARTESIAN_POINT('',(116.3934945518,-66.9704));
#5375 = CARTESIAN_POINT('',(116.7454472759,-66.3608));
#5376 = CARTESIAN_POINT('',(117.0974,-65.7512));
#5377 = CARTESIAN_POINT('',(117.44935272409,-66.3608));
#5378 = CARTESIAN_POINT('',(117.80130544819,-66.9704));
#5379 = CARTESIAN_POINT('',(117.0974,-66.9704));
#5380 = ( GEOMETRIC_REPRESENTATION_CONTEXT(2) 
PARAMETRIC_REPRESENTATION_CONTEXT() REPRESENTATION_CONTEXT('2D SPACE',''
  ) );
#5381 = PCURVE('',#5382,#5387);
#5382 = CYLINDRICAL_SURFACE('',#5383,0.4064);
#5383 = AXIS2_PLACEMENT_3D('',#5384,#5385,#5386);
#5384 = CARTESIAN_POINT('',(117.0974,-66.564,-4.6E-02));
#5385 = DIRECTION('',(-0.,-0.,-1.));
#5386 = DIRECTION('',(0.,-1.,0.));
#5387 = DEFINITIONAL_REPRESENTATION('',(#5388),#5392);
#5388 = LINE('',#5389,#5390);
#5389 = CARTESIAN_POINT('',(0.,-1.556));
#5390 = VECTOR('',#5391,1.);
#5391 = DIRECTION('',(1.,0.));
#5392 = ( GEOMETRIC_REPRESENTATION_CONTEXT(2) 
PARAMETRIC_REPRESENTATION_CONTEXT() REPRESENTATION_CONTEXT('2D SPACE',''
  ) );
#5393 = FACE_BOUND('',#5394,.T.);
#5394 = EDGE_LOOP('',(#5395));
#5395 = ORIENTED_EDGE('',*,*,#5396,.T.);
#5396 = EDGE_CURVE('',#5397,#5397,#5399,.T.);
#5397 = VERTEX_POINT('',#5398);
#5398 = CARTESIAN_POINT('',(105.918,-62.9285,1.51));
#5399 = SURFACE_CURVE('',#5400,(#5405,#5416),.PCURVE_S1.);
#5400 = CIRCLE('',#5401,1.7145);
#5401 = AXIS2_PLACEMENT_3D('',#5402,#5403,#5404);
#5402 = CARTESIAN_POINT('',(105.918,-61.214,1.51));
#5403 = DIRECTION('',(-0.,-0.,-1.));
#5404 = DIRECTION('',(0.,-1.,0.));
#5405 = PCURVE('',#73,#5406);
#5406 = DEFINITIONAL_REPRESENTATION('',(#5407),#5415);
#5407 = ( BOUNDED_CURVE() B_SPLINE_CURVE(2,(#5408,#5409,#5410,#5411,
#5412,#5413,#5414),.UNSPECIFIED.,.T.,.F.) B_SPLINE_CURVE_WITH_KNOTS((1,2
    ,2,2,2,1),(-2.094395102393,0.,2.094395102393,4.188790204786,
6.28318530718,8.377580409573),.UNSPECIFIED.) CURVE() 
GEOMETRIC_REPRESENTATION_ITEM() RATIONAL_B_SPLINE_CURVE((1.,0.5,1.,0.5,
1.,0.5,1.)) REPRESENTATION_ITEM('') );
#5408 = CARTESIAN_POINT('',(105.918,-62.9285));
#5409 = CARTESIAN_POINT('',(102.94839889042,-62.9285));
#5410 = CARTESIAN_POINT('',(104.43319944521,-60.35675));
#5411 = CARTESIAN_POINT('',(105.918,-57.785));
#5412 = CARTESIAN_POINT('',(107.40280055478,-60.35675));
#5413 = CARTESIAN_POINT('',(108.88760110957,-62.9285));
#5414 = CARTESIAN_POINT('',(105.918,-62.9285));
#5415 = ( GEOMETRIC_REPRESENTATION_CONTEXT(2) 
PARAMETRIC_REPRESENTATION_CONTEXT() REPRESENTATION_CONTEXT('2D SPACE',''
  ) );
#5416 = PCURVE('',#5417,#5422);
#5417 = CYLINDRICAL_SURFACE('',#5418,1.7145);
#5418 = AXIS2_PLACEMENT_3D('',#5419,#5420,#5421);
#5419 = CARTESIAN_POINT('',(105.918,-61.214,-4.6E-02));
#5420 = DIRECTION('',(-0.,-0.,-1.));
#5421 = DIRECTION('',(0.,-1.,0.));
#5422 = DEFINITIONAL_REPRESENTATION('',(#5423),#5427);
#5423 = LINE('',#5424,#5425);
#5424 = CARTESIAN_POINT('',(0.,-1.556));
#5425 = VECTOR('',#5426,1.);
#5426 = DIRECTION('',(1.,0.));
#5427 = ( GEOMETRIC_REPRESENTATION_CONTEXT(2) 
PARAMETRIC_REPRESENTATION_CONTEXT() REPRESENTATION_CONTEXT('2D SPACE',''
  ) );
#5428 = FACE_BOUND('',#5429,.T.);
#5429 = EDGE_LOOP('',(#5430));
#5430 = ORIENTED_EDGE('',*,*,#5431,.T.);
#5431 = EDGE_CURVE('',#5432,#5432,#5434,.T.);
#5432 = VERTEX_POINT('',#5433);
#5433 = CARTESIAN_POINT('',(111.418,-62.0649,1.51));
#5434 = SURFACE_CURVE('',#5435,(#5440,#5451),.PCURVE_S1.);
#5435 = CIRCLE('',#5436,0.8509);
#5436 = AXIS2_PLACEMENT_3D('',#5437,#5438,#5439);
#5437 = CARTESIAN_POINT('',(111.418,-61.214,1.51));
#5438 = DIRECTION('',(-0.,-0.,-1.));
#5439 = DIRECTION('',(0.,-1.,0.));
#5440 = PCURVE('',#73,#5441);
#5441 = DEFINITIONAL_REPRESENTATION('',(#5442),#5450);
#5442 = ( BOUNDED_CURVE() B_SPLINE_CURVE(2,(#5443,#5444,#5445,#5446,
#5447,#5448,#5449),.UNSPECIFIED.,.T.,.F.) B_SPLINE_CURVE_WITH_KNOTS((1,2
    ,2,2,2,1),(-2.094395102393,0.,2.094395102393,4.188790204786,
6.28318530718,8.377580409573),.UNSPECIFIED.) CURVE() 
GEOMETRIC_REPRESENTATION_ITEM() RATIONAL_B_SPLINE_CURVE((1.,0.5,1.,0.5,
1.,0.5,1.)) REPRESENTATION_ITEM('') );
#5443 = CARTESIAN_POINT('',(111.418,-62.0649));
#5444 = CARTESIAN_POINT('',(109.94419796784,-62.0649));
#5445 = CARTESIAN_POINT('',(110.68109898392,-60.78855));
#5446 = CARTESIAN_POINT('',(111.418,-59.5122));
#5447 = CARTESIAN_POINT('',(112.15490101608,-60.78855));
#5448 = CARTESIAN_POINT('',(112.89180203216,-62.0649));
#5449 = CARTESIAN_POINT('',(111.418,-62.0649));
#5450 = ( GEOMETRIC_REPRESENTATION_CONTEXT(2) 
PARAMETRIC_REPRESENTATION_CONTEXT() REPRESENTATION_CONTEXT('2D SPACE',''
  ) );
#5451 = PCURVE('',#5452,#5457);
#5452 = CYLINDRICAL_SURFACE('',#5453,0.8509);
#5453 = AXIS2_PLACEMENT_3D('',#5454,#5455,#5456);
#5454 = CARTESIAN_POINT('',(111.418,-61.214,-4.6E-02));
#5455 = DIRECTION('',(-0.,-0.,-1.));
#5456 = DIRECTION('',(0.,-1.,0.));
#5457 = DEFINITIONAL_REPRESENTATION('',(#5458),#5462);
#5458 = LINE('',#5459,#5460);
#5459 = CARTESIAN_POINT('',(0.,-1.556));
#5460 = VECTOR('',#5461,1.);
#5461 = DIRECTION('',(1.,0.));
#5462 = ( GEOMETRIC_REPRESENTATION_CONTEXT(2) 
PARAMETRIC_REPRESENTATION_CONTEXT() REPRESENTATION_CONTEXT('2D SPACE',''
  ) );
#5463 = FACE_BOUND('',#5464,.T.);
#5464 = EDGE_LOOP('',(#5465));
#5465 = ORIENTED_EDGE('',*,*,#5466,.T.);
#5466 = EDGE_CURVE('',#5467,#5467,#5469,.T.);
#5467 = VERTEX_POINT('',#5468);
#5468 = CARTESIAN_POINT('',(117.0974,-64.4304,1.51));
#5469 = SURFACE_CURVE('',#5470,(#5475,#5486),.PCURVE_S1.);
#5470 = CIRCLE('',#5471,0.4064);
#5471 = AXIS2_PLACEMENT_3D('',#5472,#5473,#5474);
#5472 = CARTESIAN_POINT('',(117.0974,-64.024,1.51));
#5473 = DIRECTION('',(-0.,-0.,-1.));
#5474 = DIRECTION('',(0.,-1.,0.));
#5475 = PCURVE('',#73,#5476);
#5476 = DEFINITIONAL_REPRESENTATION('',(#5477),#5485);
#5477 = ( BOUNDED_CURVE() B_SPLINE_CURVE(2,(#5478,#5479,#5480,#5481,
#5482,#5483,#5484),.UNSPECIFIED.,.T.,.F.) B_SPLINE_CURVE_WITH_KNOTS((1,2
    ,2,2,2,1),(-2.094395102393,0.,2.094395102393,4.188790204786,
6.28318530718,8.377580409573),.UNSPECIFIED.) CURVE() 
GEOMETRIC_REPRESENTATION_ITEM() RATIONAL_B_SPLINE_CURVE((1.,0.5,1.,0.5,
1.,0.5,1.)) REPRESENTATION_ITEM('') );
#5478 = CARTESIAN_POINT('',(117.0974,-64.4304));
#5479 = CARTESIAN_POINT('',(116.3934945518,-64.4304));
#5480 = CARTESIAN_POINT('',(116.7454472759,-63.8208));
#5481 = CARTESIAN_POINT('',(117.0974,-63.2112));
#5482 = CARTESIAN_POINT('',(117.44935272409,-63.8208));
#5483 = CARTESIAN_POINT('',(117.80130544819,-64.4304));
#5484 = CARTESIAN_POINT('',(117.0974,-64.4304));
#5485 = ( GEOMETRIC_REPRESENTATION_CONTEXT(2) 
PARAMETRIC_REPRESENTATION_CONTEXT() REPRESENTATION_CONTEXT('2D SPACE',''
  ) );
#5486 = PCURVE('',#5487,#5492);
#5487 = CYLINDRICAL_SURFACE('',#5488,0.4064);
#5488 = AXIS2_PLACEMENT_3D('',#5489,#5490,#5491);
#5489 = CARTESIAN_POINT('',(117.0974,-64.024,-4.6E-02));
#5490 = DIRECTION('',(-0.,-0.,-1.));
#5491 = DIRECTION('',(0.,-1.,0.));
#5492 = DEFINITIONAL_REPRESENTATION('',(#5493),#5497);
#5493 = LINE('',#5494,#5495);
#5494 = CARTESIAN_POINT('',(0.,-1.556));
#5495 = VECTOR('',#5496,1.);
#5496 = DIRECTION('',(1.,0.));
#5497 = ( GEOMETRIC_REPRESENTATION_CONTEXT(2) 
PARAMETRIC_REPRESENTATION_CONTEXT() REPRESENTATION_CONTEXT('2D SPACE',''
  ) );
#5498 = FACE_BOUND('',#5499,.T.);
#5499 = EDGE_LOOP('',(#5500));
#5500 = ORIENTED_EDGE('',*,*,#5501,.T.);
#5501 = EDGE_CURVE('',#5502,#5502,#5504,.T.);
#5502 = VERTEX_POINT('',#5503);
#5503 = CARTESIAN_POINT('',(117.0974,-61.8904,1.51));
#5504 = SURFACE_CURVE('',#5505,(#5510,#5521),.PCURVE_S1.);
#5505 = CIRCLE('',#5506,0.4064);
#5506 = AXIS2_PLACEMENT_3D('',#5507,#5508,#5509);
#5507 = CARTESIAN_POINT('',(117.0974,-61.484,1.51));
#5508 = DIRECTION('',(-0.,-0.,-1.));
#5509 = DIRECTION('',(0.,-1.,0.));
#5510 = PCURVE('',#73,#5511);
#5511 = DEFINITIONAL_REPRESENTATION('',(#5512),#5520);
#5512 = ( BOUNDED_CURVE() B_SPLINE_CURVE(2,(#5513,#5514,#5515,#5516,
#5517,#5518,#5519),.UNSPECIFIED.,.T.,.F.) B_SPLINE_CURVE_WITH_KNOTS((1,2
    ,2,2,2,1),(-2.094395102393,0.,2.094395102393,4.188790204786,
6.28318530718,8.377580409573),.UNSPECIFIED.) CURVE() 
GEOMETRIC_REPRESENTATION_ITEM() RATIONAL_B_SPLINE_CURVE((1.,0.5,1.,0.5,
1.,0.5,1.)) REPRESENTATION_ITEM('') );
#5513 = CARTESIAN_POINT('',(117.0974,-61.8904));
#5514 = CARTESIAN_POINT('',(116.3934945518,-61.8904));
#5515 = CARTESIAN_POINT('',(116.7454472759,-61.2808));
#5516 = CARTESIAN_POINT('',(117.0974,-60.6712));
#5517 = CARTESIAN_POINT('',(117.44935272409,-61.2808));
#5518 = CARTESIAN_POINT('',(117.80130544819,-61.8904));
#5519 = CARTESIAN_POINT('',(117.0974,-61.8904));
#5520 = ( GEOMETRIC_REPRESENTATION_CONTEXT(2) 
PARAMETRIC_REPRESENTATION_CONTEXT() REPRESENTATION_CONTEXT('2D SPACE',''
  ) );
#5521 = PCURVE('',#5522,#5527);
#5522 = CYLINDRICAL_SURFACE('',#5523,0.4064);
#5523 = AXIS2_PLACEMENT_3D('',#5524,#5525,#5526);
#5524 = CARTESIAN_POINT('',(117.0974,-61.484,-4.6E-02));
#5525 = DIRECTION('',(-0.,-0.,-1.));
#5526 = DIRECTION('',(0.,-1.,0.));
#5527 = DEFINITIONAL_REPRESENTATION('',(#5528),#5532);
#5528 = LINE('',#5529,#5530);
#5529 = CARTESIAN_POINT('',(0.,-1.556));
#5530 = VECTOR('',#5531,1.);
#5531 = DIRECTION('',(1.,0.));
#5532 = ( GEOMETRIC_REPRESENTATION_CONTEXT(2) 
PARAMETRIC_REPRESENTATION_CONTEXT() REPRESENTATION_CONTEXT('2D SPACE',''
  ) );
#5533 = FACE_BOUND('',#5534,.T.);
#5534 = EDGE_LOOP('',(#5535));
#5535 = ORIENTED_EDGE('',*,*,#5536,.T.);
#5536 = EDGE_CURVE('',#5537,#5537,#5539,.T.);
#5537 = VERTEX_POINT('',#5538);
#5538 = CARTESIAN_POINT('',(132.3174,-69.5104,1.51));
#5539 = SURFACE_CURVE('',#5540,(#5545,#5556),.PCURVE_S1.);
#5540 = CIRCLE('',#5541,0.4064);
#5541 = AXIS2_PLACEMENT_3D('',#5542,#5543,#5544);
#5542 = CARTESIAN_POINT('',(132.3174,-69.104,1.51));
#5543 = DIRECTION('',(-0.,0.,-1.));
#5544 = DIRECTION('',(-6.993530863781E-14,-1.,0.));
#5545 = PCURVE('',#73,#5546);
#5546 = DEFINITIONAL_REPRESENTATION('',(#5547),#5555);
#5547 = ( BOUNDED_CURVE() B_SPLINE_CURVE(2,(#5548,#5549,#5550,#5551,
#5552,#5553,#5554),.UNSPECIFIED.,.T.,.F.) B_SPLINE_CURVE_WITH_KNOTS((1,2
    ,2,2,2,1),(-2.094395102393,0.,2.094395102393,4.188790204786,
6.28318530718,8.377580409573),.UNSPECIFIED.) CURVE() 
GEOMETRIC_REPRESENTATION_ITEM() RATIONAL_B_SPLINE_CURVE((1.,0.5,1.,0.5,
1.,0.5,1.)) REPRESENTATION_ITEM('') );
#5548 = CARTESIAN_POINT('',(132.3174,-69.5104));
#5549 = CARTESIAN_POINT('',(131.6134945518,-69.5104));
#5550 = CARTESIAN_POINT('',(131.9654472759,-68.9008));
#5551 = CARTESIAN_POINT('',(132.3174,-68.2912));
#5552 = CARTESIAN_POINT('',(132.66935272409,-68.9008));
#5553 = CARTESIAN_POINT('',(133.02130544819,-69.5104));
#5554 = CARTESIAN_POINT('',(132.3174,-69.5104));
#5555 = ( GEOMETRIC_REPRESENTATION_CONTEXT(2) 
PARAMETRIC_REPRESENTATION_CONTEXT() REPRESENTATION_CONTEXT('2D SPACE',''
  ) );
#5556 = PCURVE('',#5557,#5562);
#5557 = CYLINDRICAL_SURFACE('',#5558,0.4064);
#5558 = AXIS2_PLACEMENT_3D('',#5559,#5560,#5561);
#5559 = CARTESIAN_POINT('',(132.3174,-69.104,-4.6E-02));
#5560 = DIRECTION('',(-0.,-0.,-1.));
#5561 = DIRECTION('',(-6.993530863781E-14,-1.,0.));
#5562 = DEFINITIONAL_REPRESENTATION('',(#5563),#5567);
#5563 = LINE('',#5564,#5565);
#5564 = CARTESIAN_POINT('',(0.,-1.556));
#5565 = VECTOR('',#5566,1.);
#5566 = DIRECTION('',(1.,0.));
#5567 = ( GEOMETRIC_REPRESENTATION_CONTEXT(2) 
PARAMETRIC_REPRESENTATION_CONTEXT() REPRESENTATION_CONTEXT('2D SPACE',''
  ) );
#5568 = FACE_BOUND('',#5569,.T.);
#5569 = EDGE_LOOP('',(#5570));
#5570 = ORIENTED_EDGE('',*,*,#5571,.T.);
#5571 = EDGE_CURVE('',#5572,#5572,#5574,.T.);
#5572 = VERTEX_POINT('',#5573);
#5573 = CARTESIAN_POINT('',(132.3174,-66.9704,1.51));
#5574 = SURFACE_CURVE('',#5575,(#5580,#5591),.PCURVE_S1.);
#5575 = CIRCLE('',#5576,0.4064);
#5576 = AXIS2_PLACEMENT_3D('',#5577,#5578,#5579);
#5577 = CARTESIAN_POINT('',(132.3174,-66.564,1.51));
#5578 = DIRECTION('',(-0.,0.,-1.));
#5579 = DIRECTION('',(-6.993530863781E-14,-1.,0.));
#5580 = PCURVE('',#73,#5581);
#5581 = DEFINITIONAL_REPRESENTATION('',(#5582),#5590);
#5582 = ( BOUNDED_CURVE() B_SPLINE_CURVE(2,(#5583,#5584,#5585,#5586,
#5587,#5588,#5589),.UNSPECIFIED.,.T.,.F.) B_SPLINE_CURVE_WITH_KNOTS((1,2
    ,2,2,2,1),(-2.094395102393,0.,2.094395102393,4.188790204786,
6.28318530718,8.377580409573),.UNSPECIFIED.) CURVE() 
GEOMETRIC_REPRESENTATION_ITEM() RATIONAL_B_SPLINE_CURVE((1.,0.5,1.,0.5,
1.,0.5,1.)) REPRESENTATION_ITEM('') );
#5583 = CARTESIAN_POINT('',(132.3174,-66.9704));
#5584 = CARTESIAN_POINT('',(131.6134945518,-66.9704));
#5585 = CARTESIAN_POINT('',(131.9654472759,-66.3608));
#5586 = CARTESIAN_POINT('',(132.3174,-65.7512));
#5587 = CARTESIAN_POINT('',(132.66935272409,-66.3608));
#5588 = CARTESIAN_POINT('',(133.02130544819,-66.9704));
#5589 = CARTESIAN_POINT('',(132.3174,-66.9704));
#5590 = ( GEOMETRIC_REPRESENTATION_CONTEXT(2) 
PARAMETRIC_REPRESENTATION_CONTEXT() REPRESENTATION_CONTEXT('2D SPACE',''
  ) );
#5591 = PCURVE('',#5592,#5597);
#5592 = CYLINDRICAL_SURFACE('',#5593,0.4064);
#5593 = AXIS2_PLACEMENT_3D('',#5594,#5595,#5596);
#5594 = CARTESIAN_POINT('',(132.3174,-66.564,-4.6E-02));
#5595 = DIRECTION('',(-0.,-0.,-1.));
#5596 = DIRECTION('',(-6.993530863781E-14,-1.,0.));
#5597 = DEFINITIONAL_REPRESENTATION('',(#5598),#5602);
#5598 = LINE('',#5599,#5600);
#5599 = CARTESIAN_POINT('',(0.,-1.556));
#5600 = VECTOR('',#5601,1.);
#5601 = DIRECTION('',(1.,0.));
#5602 = ( GEOMETRIC_REPRESENTATION_CONTEXT(2) 
PARAMETRIC_REPRESENTATION_CONTEXT() REPRESENTATION_CONTEXT('2D SPACE',''
  ) );
#5603 = FACE_BOUND('',#5604,.T.);
#5604 = EDGE_LOOP('',(#5605));
#5605 = ORIENTED_EDGE('',*,*,#5606,.T.);
#5606 = EDGE_CURVE('',#5607,#5607,#5609,.T.);
#5607 = VERTEX_POINT('',#5608);
#5608 = CARTESIAN_POINT('',(132.3174,-64.4304,1.51));
#5609 = SURFACE_CURVE('',#5610,(#5615,#5626),.PCURVE_S1.);
#5610 = CIRCLE('',#5611,0.4064);
#5611 = AXIS2_PLACEMENT_3D('',#5612,#5613,#5614);
#5612 = CARTESIAN_POINT('',(132.3174,-64.024,1.51));
#5613 = DIRECTION('',(-0.,0.,-1.));
#5614 = DIRECTION('',(-6.993530863781E-14,-1.,0.));
#5615 = PCURVE('',#73,#5616);
#5616 = DEFINITIONAL_REPRESENTATION('',(#5617),#5625);
#5617 = ( BOUNDED_CURVE() B_SPLINE_CURVE(2,(#5618,#5619,#5620,#5621,
#5622,#5623,#5624),.UNSPECIFIED.,.T.,.F.) B_SPLINE_CURVE_WITH_KNOTS((1,2
    ,2,2,2,1),(-2.094395102393,0.,2.094395102393,4.188790204786,
6.28318530718,8.377580409573),.UNSPECIFIED.) CURVE() 
GEOMETRIC_REPRESENTATION_ITEM() RATIONAL_B_SPLINE_CURVE((1.,0.5,1.,0.5,
1.,0.5,1.)) REPRESENTATION_ITEM('') );
#5618 = CARTESIAN_POINT('',(132.3174,-64.4304));
#5619 = CARTESIAN_POINT('',(131.6134945518,-64.4304));
#5620 = CARTESIAN_POINT('',(131.9654472759,-63.8208));
#5621 = CARTESIAN_POINT('',(132.3174,-63.2112));
#5622 = CARTESIAN_POINT('',(132.66935272409,-63.8208));
#5623 = CARTESIAN_POINT('',(133.02130544819,-64.4304));
#5624 = CARTESIAN_POINT('',(132.3174,-64.4304));
#5625 = ( GEOMETRIC_REPRESENTATION_CONTEXT(2) 
PARAMETRIC_REPRESENTATION_CONTEXT() REPRESENTATION_CONTEXT('2D SPACE',''
  ) );
#5626 = PCURVE('',#5627,#5632);
#5627 = CYLINDRICAL_SURFACE('',#5628,0.4064);
#5628 = AXIS2_PLACEMENT_3D('',#5629,#5630,#5631);
#5629 = CARTESIAN_POINT('',(132.3174,-64.024,-4.6E-02));
#5630 = DIRECTION('',(-0.,-0.,-1.));
#5631 = DIRECTION('',(-6.993530863781E-14,-1.,0.));
#5632 = DEFINITIONAL_REPRESENTATION('',(#5633),#5637);
#5633 = LINE('',#5634,#5635);
#5634 = CARTESIAN_POINT('',(0.,-1.556));
#5635 = VECTOR('',#5636,1.);
#5636 = DIRECTION('',(1.,0.));
#5637 = ( GEOMETRIC_REPRESENTATION_CONTEXT(2) 
PARAMETRIC_REPRESENTATION_CONTEXT() REPRESENTATION_CONTEXT('2D SPACE',''
  ) );
#5638 = FACE_BOUND('',#5639,.T.);
#5639 = EDGE_LOOP('',(#5640));
#5640 = ORIENTED_EDGE('',*,*,#5641,.T.);
#5641 = EDGE_CURVE('',#5642,#5642,#5644,.T.);
#5642 = VERTEX_POINT('',#5643);
#5643 = CARTESIAN_POINT('',(132.3174,-61.8904,1.51));
#5644 = SURFACE_CURVE('',#5645,(#5650,#5661),.PCURVE_S1.);
#5645 = CIRCLE('',#5646,0.4064);
#5646 = AXIS2_PLACEMENT_3D('',#5647,#5648,#5649);
#5647 = CARTESIAN_POINT('',(132.3174,-61.484,1.51));
#5648 = DIRECTION('',(-0.,0.,-1.));
#5649 = DIRECTION('',(-6.993530863781E-14,-1.,0.));
#5650 = PCURVE('',#73,#5651);
#5651 = DEFINITIONAL_REPRESENTATION('',(#5652),#5660);
#5652 = ( BOUNDED_CURVE() B_SPLINE_CURVE(2,(#5653,#5654,#5655,#5656,
#5657,#5658,#5659),.UNSPECIFIED.,.T.,.F.) B_SPLINE_CURVE_WITH_KNOTS((1,2
    ,2,2,2,1),(-2.094395102393,0.,2.094395102393,4.188790204786,
6.28318530718,8.377580409573),.UNSPECIFIED.) CURVE() 
GEOMETRIC_REPRESENTATION_ITEM() RATIONAL_B_SPLINE_CURVE((1.,0.5,1.,0.5,
1.,0.5,1.)) REPRESENTATION_ITEM('') );
#5653 = CARTESIAN_POINT('',(132.3174,-61.8904));
#5654 = CARTESIAN_POINT('',(131.6134945518,-61.8904));
#5655 = CARTESIAN_POINT('',(131.9654472759,-61.2808));
#5656 = CARTESIAN_POINT('',(132.3174,-60.6712));
#5657 = CARTESIAN_POINT('',(132.66935272409,-61.2808));
#5658 = CARTESIAN_POINT('',(133.02130544819,-61.8904));
#5659 = CARTESIAN_POINT('',(132.3174,-61.8904));
#5660 = ( GEOMETRIC_REPRESENTATION_CONTEXT(2) 
PARAMETRIC_REPRESENTATION_CONTEXT() REPRESENTATION_CONTEXT('2D SPACE',''
  ) );
#5661 = PCURVE('',#5662,#5667);
#5662 = CYLINDRICAL_SURFACE('',#5663,0.4064);
#5663 = AXIS2_PLACEMENT_3D('',#5664,#5665,#5666);
#5664 = CARTESIAN_POINT('',(132.3174,-61.484,-4.6E-02));
#5665 = DIRECTION('',(-0.,-0.,-1.));
#5666 = DIRECTION('',(-6.993530863781E-14,-1.,0.));
#5667 = DEFINITIONAL_REPRESENTATION('',(#5668),#5672);
#5668 = LINE('',#5669,#5670);
#5669 = CARTESIAN_POINT('',(0.,-1.556));
#5670 = VECTOR('',#5671,1.);
#5671 = DIRECTION('',(1.,0.));
#5672 = ( GEOMETRIC_REPRESENTATION_CONTEXT(2) 
PARAMETRIC_REPRESENTATION_CONTEXT() REPRESENTATION_CONTEXT('2D SPACE',''
  ) );
#5673 = FACE_BOUND('',#5674,.T.);
#5674 = EDGE_LOOP('',(#5675));
#5675 = ORIENTED_EDGE('',*,*,#5676,.T.);
#5676 = EDGE_CURVE('',#5677,#5677,#5679,.T.);
#5677 = VERTEX_POINT('',#5678);
#5678 = CARTESIAN_POINT('',(111.138,-57.5093,1.51));
#5679 = SURFACE_CURVE('',#5680,(#5685,#5696),.PCURVE_S1.);
#5680 = CIRCLE('',#5681,0.4953);
#5681 = AXIS2_PLACEMENT_3D('',#5682,#5683,#5684);
#5682 = CARTESIAN_POINT('',(111.138,-57.014,1.51));
#5683 = DIRECTION('',(-0.,-0.,-1.));
#5684 = DIRECTION('',(0.,-1.,0.));
#5685 = PCURVE('',#73,#5686);
#5686 = DEFINITIONAL_REPRESENTATION('',(#5687),#5695);
#5687 = ( BOUNDED_CURVE() B_SPLINE_CURVE(2,(#5688,#5689,#5690,#5691,
#5692,#5693,#5694),.UNSPECIFIED.,.T.,.F.) B_SPLINE_CURVE_WITH_KNOTS((1,2
    ,2,2,2,1),(-2.094395102393,0.,2.094395102393,4.188790204786,
6.28318530718,8.377580409573),.UNSPECIFIED.) CURVE() 
GEOMETRIC_REPRESENTATION_ITEM() RATIONAL_B_SPLINE_CURVE((1.,0.5,1.,0.5,
1.,0.5,1.)) REPRESENTATION_ITEM('') );
#5688 = CARTESIAN_POINT('',(111.138,-57.5093));
#5689 = CARTESIAN_POINT('',(110.28011523501,-57.5093));
#5690 = CARTESIAN_POINT('',(110.7090576175,-56.76635));
#5691 = CARTESIAN_POINT('',(111.138,-56.0234));
#5692 = CARTESIAN_POINT('',(111.56694238249,-56.76635));
#5693 = CARTESIAN_POINT('',(111.99588476498,-57.5093));
#5694 = CARTESIAN_POINT('',(111.138,-57.5093));
#5695 = ( GEOMETRIC_REPRESENTATION_CONTEXT(2) 
PARAMETRIC_REPRESENTATION_CONTEXT() REPRESENTATION_CONTEXT('2D SPACE',''
  ) );
#5696 = PCURVE('',#5697,#5702);
#5697 = CYLINDRICAL_SURFACE('',#5698,0.4953);
#5698 = AXIS2_PLACEMENT_3D('',#5699,#5700,#5701);
#5699 = CARTESIAN_POINT('',(111.138,-57.014,-4.6E-02));
#5700 = DIRECTION('',(-0.,-0.,-1.));
#5701 = DIRECTION('',(0.,-1.,0.));
#5702 = DEFINITIONAL_REPRESENTATION('',(#5703),#5707);
#5703 = LINE('',#5704,#5705);
#5704 = CARTESIAN_POINT('',(0.,-1.556));
#5705 = VECTOR('',#5706,1.);
#5706 = DIRECTION('',(1.,0.));
#5707 = ( GEOMETRIC_REPRESENTATION_CONTEXT(2) 
PARAMETRIC_REPRESENTATION_CONTEXT() REPRESENTATION_CONTEXT('2D SPACE',''
  ) );
#5708 = FACE_BOUND('',#5709,.T.);
#5709 = EDGE_LOOP('',(#5710));
#5710 = ORIENTED_EDGE('',*,*,#5711,.T.);
#5711 = EDGE_CURVE('',#5712,#5712,#5714,.T.);
#5712 = VERTEX_POINT('',#5713);
#5713 = CARTESIAN_POINT('',(117.0974,-59.3504,1.51));
#5714 = SURFACE_CURVE('',#5715,(#5720,#5731),.PCURVE_S1.);
#5715 = CIRCLE('',#5716,0.4064);
#5716 = AXIS2_PLACEMENT_3D('',#5717,#5718,#5719);
#5717 = CARTESIAN_POINT('',(117.0974,-58.944,1.51));
#5718 = DIRECTION('',(-0.,-0.,-1.));
#5719 = DIRECTION('',(0.,-1.,0.));
#5720 = PCURVE('',#73,#5721);
#5721 = DEFINITIONAL_REPRESENTATION('',(#5722),#5730);
#5722 = ( BOUNDED_CURVE() B_SPLINE_CURVE(2,(#5723,#5724,#5725,#5726,
#5727,#5728,#5729),.UNSPECIFIED.,.T.,.F.) B_SPLINE_CURVE_WITH_KNOTS((1,2
    ,2,2,2,1),(-2.094395102393,0.,2.094395102393,4.188790204786,
6.28318530718,8.377580409573),.UNSPECIFIED.) CURVE() 
GEOMETRIC_REPRESENTATION_ITEM() RATIONAL_B_SPLINE_CURVE((1.,0.5,1.,0.5,
1.,0.5,1.)) REPRESENTATION_ITEM('') );
#5723 = CARTESIAN_POINT('',(117.0974,-59.3504));
#5724 = CARTESIAN_POINT('',(116.3934945518,-59.3504));
#5725 = CARTESIAN_POINT('',(116.7454472759,-58.7408));
#5726 = CARTESIAN_POINT('',(117.0974,-58.1312));
#5727 = CARTESIAN_POINT('',(117.44935272409,-58.7408));
#5728 = CARTESIAN_POINT('',(117.80130544819,-59.3504));
#5729 = CARTESIAN_POINT('',(117.0974,-59.3504));
#5730 = ( GEOMETRIC_REPRESENTATION_CONTEXT(2) 
PARAMETRIC_REPRESENTATION_CONTEXT() REPRESENTATION_CONTEXT('2D SPACE',''
  ) );
#5731 = PCURVE('',#5732,#5737);
#5732 = CYLINDRICAL_SURFACE('',#5733,0.4064);
#5733 = AXIS2_PLACEMENT_3D('',#5734,#5735,#5736);
#5734 = CARTESIAN_POINT('',(117.0974,-58.944,-4.6E-02));
#5735 = DIRECTION('',(-0.,-0.,-1.));
#5736 = DIRECTION('',(0.,-1.,0.));
#5737 = DEFINITIONAL_REPRESENTATION('',(#5738),#5742);
#5738 = LINE('',#5739,#5740);
#5739 = CARTESIAN_POINT('',(0.,-1.556));
#5740 = VECTOR('',#5741,1.);
#5741 = DIRECTION('',(1.,0.));
#5742 = ( GEOMETRIC_REPRESENTATION_CONTEXT(2) 
PARAMETRIC_REPRESENTATION_CONTEXT() REPRESENTATION_CONTEXT('2D SPACE',''
  ) );
#5743 = FACE_BOUND('',#5744,.T.);
#5744 = EDGE_LOOP('',(#5745));
#5745 = ORIENTED_EDGE('',*,*,#5746,.T.);
#5746 = EDGE_CURVE('',#5747,#5747,#5749,.T.);
#5747 = VERTEX_POINT('',#5748);
#5748 = CARTESIAN_POINT('',(117.0974,-56.8104,1.51));
#5749 = SURFACE_CURVE('',#5750,(#5755,#5766),.PCURVE_S1.);
#5750 = CIRCLE('',#5751,0.4064);
#5751 = AXIS2_PLACEMENT_3D('',#5752,#5753,#5754);
#5752 = CARTESIAN_POINT('',(117.0974,-56.404,1.51));
#5753 = DIRECTION('',(-0.,-0.,-1.));
#5754 = DIRECTION('',(0.,-1.,0.));
#5755 = PCURVE('',#73,#5756);
#5756 = DEFINITIONAL_REPRESENTATION('',(#5757),#5765);
#5757 = ( BOUNDED_CURVE() B_SPLINE_CURVE(2,(#5758,#5759,#5760,#5761,
#5762,#5763,#5764),.UNSPECIFIED.,.T.,.F.) B_SPLINE_CURVE_WITH_KNOTS((1,2
    ,2,2,2,1),(-2.094395102393,0.,2.094395102393,4.188790204786,
6.28318530718,8.377580409573),.UNSPECIFIED.) CURVE() 
GEOMETRIC_REPRESENTATION_ITEM() RATIONAL_B_SPLINE_CURVE((1.,0.5,1.,0.5,
1.,0.5,1.)) REPRESENTATION_ITEM('') );
#5758 = CARTESIAN_POINT('',(117.0974,-56.8104));
#5759 = CARTESIAN_POINT('',(116.3934945518,-56.8104));
#5760 = CARTESIAN_POINT('',(116.7454472759,-56.2008));
#5761 = CARTESIAN_POINT('',(117.0974,-55.5912));
#5762 = CARTESIAN_POINT('',(117.44935272409,-56.2008));
#5763 = CARTESIAN_POINT('',(117.80130544819,-56.8104));
#5764 = CARTESIAN_POINT('',(117.0974,-56.8104));
#5765 = ( GEOMETRIC_REPRESENTATION_CONTEXT(2) 
PARAMETRIC_REPRESENTATION_CONTEXT() REPRESENTATION_CONTEXT('2D SPACE',''
  ) );
#5766 = PCURVE('',#5767,#5772);
#5767 = CYLINDRICAL_SURFACE('',#5768,0.4064);
#5768 = AXIS2_PLACEMENT_3D('',#5769,#5770,#5771);
#5769 = CARTESIAN_POINT('',(117.0974,-56.404,-4.6E-02));
#5770 = DIRECTION('',(-0.,-0.,-1.));
#5771 = DIRECTION('',(0.,-1.,0.));
#5772 = DEFINITIONAL_REPRESENTATION('',(#5773),#5777);
#5773 = LINE('',#5774,#5775);
#5774 = CARTESIAN_POINT('',(0.,-1.556));
#5775 = VECTOR('',#5776,1.);
#5776 = DIRECTION('',(1.,0.));
#5777 = ( GEOMETRIC_REPRESENTATION_CONTEXT(2) 
PARAMETRIC_REPRESENTATION_CONTEXT() REPRESENTATION_CONTEXT('2D SPACE',''
  ) );
#5778 = FACE_BOUND('',#5779,.T.);
#5779 = EDGE_LOOP('',(#5780));
#5780 = ORIENTED_EDGE('',*,*,#5781,.T.);
#5781 = EDGE_CURVE('',#5782,#5782,#5784,.T.);
#5782 = VERTEX_POINT('',#5783);
#5783 = CARTESIAN_POINT('',(117.0974,-54.2704,1.51));
#5784 = SURFACE_CURVE('',#5785,(#5790,#5801),.PCURVE_S1.);
#5785 = CIRCLE('',#5786,0.4064);
#5786 = AXIS2_PLACEMENT_3D('',#5787,#5788,#5789);
#5787 = CARTESIAN_POINT('',(117.0974,-53.864,1.51));
#5788 = DIRECTION('',(-0.,-0.,-1.));
#5789 = DIRECTION('',(0.,-1.,0.));
#5790 = PCURVE('',#73,#5791);
#5791 = DEFINITIONAL_REPRESENTATION('',(#5792),#5800);
#5792 = ( BOUNDED_CURVE() B_SPLINE_CURVE(2,(#5793,#5794,#5795,#5796,
#5797,#5798,#5799),.UNSPECIFIED.,.T.,.F.) B_SPLINE_CURVE_WITH_KNOTS((1,2
    ,2,2,2,1),(-2.094395102393,0.,2.094395102393,4.188790204786,
6.28318530718,8.377580409573),.UNSPECIFIED.) CURVE() 
GEOMETRIC_REPRESENTATION_ITEM() RATIONAL_B_SPLINE_CURVE((1.,0.5,1.,0.5,
1.,0.5,1.)) REPRESENTATION_ITEM('') );
#5793 = CARTESIAN_POINT('',(117.0974,-54.2704));
#5794 = CARTESIAN_POINT('',(116.3934945518,-54.2704));
#5795 = CARTESIAN_POINT('',(116.7454472759,-53.6608));
#5796 = CARTESIAN_POINT('',(117.0974,-53.0512));
#5797 = CARTESIAN_POINT('',(117.44935272409,-53.6608));
#5798 = CARTESIAN_POINT('',(117.80130544819,-54.2704));
#5799 = CARTESIAN_POINT('',(117.0974,-54.2704));
#5800 = ( GEOMETRIC_REPRESENTATION_CONTEXT(2) 
PARAMETRIC_REPRESENTATION_CONTEXT() REPRESENTATION_CONTEXT('2D SPACE',''
  ) );
#5801 = PCURVE('',#5802,#5807);
#5802 = CYLINDRICAL_SURFACE('',#5803,0.4064);
#5803 = AXIS2_PLACEMENT_3D('',#5804,#5805,#5806);
#5804 = CARTESIAN_POINT('',(117.0974,-53.864,-4.6E-02));
#5805 = DIRECTION('',(-0.,-0.,-1.));
#5806 = DIRECTION('',(0.,-1.,0.));
#5807 = DEFINITIONAL_REPRESENTATION('',(#5808),#5812);
#5808 = LINE('',#5809,#5810);
#5809 = CARTESIAN_POINT('',(0.,-1.556));
#5810 = VECTOR('',#5811,1.);
#5811 = DIRECTION('',(1.,0.));
#5812 = ( GEOMETRIC_REPRESENTATION_CONTEXT(2) 
PARAMETRIC_REPRESENTATION_CONTEXT() REPRESENTATION_CONTEXT('2D SPACE',''
  ) );
#5813 = FACE_BOUND('',#5814,.T.);
#5814 = EDGE_LOOP('',(#5815));
#5815 = ORIENTED_EDGE('',*,*,#5816,.T.);
#5816 = EDGE_CURVE('',#5817,#5817,#5819,.T.);
#5817 = VERTEX_POINT('',#5818);
#5818 = CARTESIAN_POINT('',(117.0974,-51.7304,1.51));
#5819 = SURFACE_CURVE('',#5820,(#5825,#5836),.PCURVE_S1.);
#5820 = CIRCLE('',#5821,0.4064);
#5821 = AXIS2_PLACEMENT_3D('',#5822,#5823,#5824);
#5822 = CARTESIAN_POINT('',(117.0974,-51.324,1.51));
#5823 = DIRECTION('',(-0.,-0.,-1.));
#5824 = DIRECTION('',(0.,-1.,0.));
#5825 = PCURVE('',#73,#5826);
#5826 = DEFINITIONAL_REPRESENTATION('',(#5827),#5835);
#5827 = ( BOUNDED_CURVE() B_SPLINE_CURVE(2,(#5828,#5829,#5830,#5831,
#5832,#5833,#5834),.UNSPECIFIED.,.T.,.F.) B_SPLINE_CURVE_WITH_KNOTS((1,2
    ,2,2,2,1),(-2.094395102393,0.,2.094395102393,4.188790204786,
6.28318530718,8.377580409573),.UNSPECIFIED.) CURVE() 
GEOMETRIC_REPRESENTATION_ITEM() RATIONAL_B_SPLINE_CURVE((1.,0.5,1.,0.5,
1.,0.5,1.)) REPRESENTATION_ITEM('') );
#5828 = CARTESIAN_POINT('',(117.0974,-51.7304));
#5829 = CARTESIAN_POINT('',(116.3934945518,-51.7304));
#5830 = CARTESIAN_POINT('',(116.7454472759,-51.1208));
#5831 = CARTESIAN_POINT('',(117.0974,-50.5112));
#5832 = CARTESIAN_POINT('',(117.44935272409,-51.1208));
#5833 = CARTESIAN_POINT('',(117.80130544819,-51.7304));
#5834 = CARTESIAN_POINT('',(117.0974,-51.7304));
#5835 = ( GEOMETRIC_REPRESENTATION_CONTEXT(2) 
PARAMETRIC_REPRESENTATION_CONTEXT() REPRESENTATION_CONTEXT('2D SPACE',''
  ) );
#5836 = PCURVE('',#5837,#5842);
#5837 = CYLINDRICAL_SURFACE('',#5838,0.4064);
#5838 = AXIS2_PLACEMENT_3D('',#5839,#5840,#5841);
#5839 = CARTESIAN_POINT('',(117.0974,-51.324,-4.6E-02));
#5840 = DIRECTION('',(-0.,-0.,-1.));
#5841 = DIRECTION('',(0.,-1.,0.));
#5842 = DEFINITIONAL_REPRESENTATION('',(#5843),#5847);
#5843 = LINE('',#5844,#5845);
#5844 = CARTESIAN_POINT('',(0.,-1.556));
#5845 = VECTOR('',#5846,1.);
#5846 = DIRECTION('',(1.,0.));
#5847 = ( GEOMETRIC_REPRESENTATION_CONTEXT(2) 
PARAMETRIC_REPRESENTATION_CONTEXT() REPRESENTATION_CONTEXT('2D SPACE',''
  ) );
#5848 = FACE_BOUND('',#5849,.T.);
#5849 = EDGE_LOOP('',(#5850));
#5850 = ORIENTED_EDGE('',*,*,#5851,.T.);
#5851 = EDGE_CURVE('',#5852,#5852,#5854,.T.);
#5852 = VERTEX_POINT('',#5853);
#5853 = CARTESIAN_POINT('',(132.3174,-59.3504,1.51));
#5854 = SURFACE_CURVE('',#5855,(#5860,#5871),.PCURVE_S1.);
#5855 = CIRCLE('',#5856,0.4064);
#5856 = AXIS2_PLACEMENT_3D('',#5857,#5858,#5859);
#5857 = CARTESIAN_POINT('',(132.3174,-58.944,1.51));
#5858 = DIRECTION('',(-0.,0.,-1.));
#5859 = DIRECTION('',(-6.993530863781E-14,-1.,0.));
#5860 = PCURVE('',#73,#5861);
#5861 = DEFINITIONAL_REPRESENTATION('',(#5862),#5870);
#5862 = ( BOUNDED_CURVE() B_SPLINE_CURVE(2,(#5863,#5864,#5865,#5866,
#5867,#5868,#5869),.UNSPECIFIED.,.T.,.F.) B_SPLINE_CURVE_WITH_KNOTS((1,2
    ,2,2,2,1),(-2.094395102393,0.,2.094395102393,4.188790204786,
6.28318530718,8.377580409573),.UNSPECIFIED.) CURVE() 
GEOMETRIC_REPRESENTATION_ITEM() RATIONAL_B_SPLINE_CURVE((1.,0.5,1.,0.5,
1.,0.5,1.)) REPRESENTATION_ITEM('') );
#5863 = CARTESIAN_POINT('',(132.3174,-59.3504));
#5864 = CARTESIAN_POINT('',(131.6134945518,-59.3504));
#5865 = CARTESIAN_POINT('',(131.9654472759,-58.7408));
#5866 = CARTESIAN_POINT('',(132.3174,-58.1312));
#5867 = CARTESIAN_POINT('',(132.66935272409,-58.7408));
#5868 = CARTESIAN_POINT('',(133.02130544819,-59.3504));
#5869 = CARTESIAN_POINT('',(132.3174,-59.3504));
#5870 = ( GEOMETRIC_REPRESENTATION_CONTEXT(2) 
PARAMETRIC_REPRESENTATION_CONTEXT() REPRESENTATION_CONTEXT('2D SPACE',''
  ) );
#5871 = PCURVE('',#5872,#5877);
#5872 = CYLINDRICAL_SURFACE('',#5873,0.4064);
#5873 = AXIS2_PLACEMENT_3D('',#5874,#5875,#5876);
#5874 = CARTESIAN_POINT('',(132.3174,-58.944,-4.6E-02));
#5875 = DIRECTION('',(-0.,-0.,-1.));
#5876 = DIRECTION('',(-6.993530863781E-14,-1.,0.));
#5877 = DEFINITIONAL_REPRESENTATION('',(#5878),#5882);
#5878 = LINE('',#5879,#5880);
#5879 = CARTESIAN_POINT('',(0.,-1.556));
#5880 = VECTOR('',#5881,1.);
#5881 = DIRECTION('',(1.,0.));
#5882 = ( GEOMETRIC_REPRESENTATION_CONTEXT(2) 
PARAMETRIC_REPRESENTATION_CONTEXT() REPRESENTATION_CONTEXT('2D SPACE',''
  ) );
#5883 = FACE_BOUND('',#5884,.T.);
#5884 = EDGE_LOOP('',(#5885));
#5885 = ORIENTED_EDGE('',*,*,#5886,.T.);
#5886 = EDGE_CURVE('',#5887,#5887,#5889,.T.);
#5887 = VERTEX_POINT('',#5888);
#5888 = CARTESIAN_POINT('',(132.3174,-56.8104,1.51));
#5889 = SURFACE_CURVE('',#5890,(#5895,#5906),.PCURVE_S1.);
#5890 = CIRCLE('',#5891,0.4064);
#5891 = AXIS2_PLACEMENT_3D('',#5892,#5893,#5894);
#5892 = CARTESIAN_POINT('',(132.3174,-56.404,1.51));
#5893 = DIRECTION('',(-0.,0.,-1.));
#5894 = DIRECTION('',(-6.993530863781E-14,-1.,0.));
#5895 = PCURVE('',#73,#5896);
#5896 = DEFINITIONAL_REPRESENTATION('',(#5897),#5905);
#5897 = ( BOUNDED_CURVE() B_SPLINE_CURVE(2,(#5898,#5899,#5900,#5901,
#5902,#5903,#5904),.UNSPECIFIED.,.T.,.F.) B_SPLINE_CURVE_WITH_KNOTS((1,2
    ,2,2,2,1),(-2.094395102393,0.,2.094395102393,4.188790204786,
6.28318530718,8.377580409573),.UNSPECIFIED.) CURVE() 
GEOMETRIC_REPRESENTATION_ITEM() RATIONAL_B_SPLINE_CURVE((1.,0.5,1.,0.5,
1.,0.5,1.)) REPRESENTATION_ITEM('') );
#5898 = CARTESIAN_POINT('',(132.3174,-56.8104));
#5899 = CARTESIAN_POINT('',(131.6134945518,-56.8104));
#5900 = CARTESIAN_POINT('',(131.9654472759,-56.2008));
#5901 = CARTESIAN_POINT('',(132.3174,-55.5912));
#5902 = CARTESIAN_POINT('',(132.66935272409,-56.2008));
#5903 = CARTESIAN_POINT('',(133.02130544819,-56.8104));
#5904 = CARTESIAN_POINT('',(132.3174,-56.8104));
#5905 = ( GEOMETRIC_REPRESENTATION_CONTEXT(2) 
PARAMETRIC_REPRESENTATION_CONTEXT() REPRESENTATION_CONTEXT('2D SPACE',''
  ) );
#5906 = PCURVE('',#5907,#5912);
#5907 = CYLINDRICAL_SURFACE('',#5908,0.4064);
#5908 = AXIS2_PLACEMENT_3D('',#5909,#5910,#5911);
#5909 = CARTESIAN_POINT('',(132.3174,-56.404,-4.6E-02));
#5910 = DIRECTION('',(-0.,-0.,-1.));
#5911 = DIRECTION('',(-6.993530863781E-14,-1.,0.));
#5912 = DEFINITIONAL_REPRESENTATION('',(#5913),#5917);
#5913 = LINE('',#5914,#5915);
#5914 = CARTESIAN_POINT('',(0.,-1.556));
#5915 = VECTOR('',#5916,1.);
#5916 = DIRECTION('',(1.,0.));
#5917 = ( GEOMETRIC_REPRESENTATION_CONTEXT(2) 
PARAMETRIC_REPRESENTATION_CONTEXT() REPRESENTATION_CONTEXT('2D SPACE',''
  ) );
#5918 = FACE_BOUND('',#5919,.T.);
#5919 = EDGE_LOOP('',(#5920));
#5920 = ORIENTED_EDGE('',*,*,#5921,.T.);
#5921 = EDGE_CURVE('',#5922,#5922,#5924,.T.);
#5922 = VERTEX_POINT('',#5923);
#5923 = CARTESIAN_POINT('',(132.3174,-54.2704,1.51));
#5924 = SURFACE_CURVE('',#5925,(#5930,#5941),.PCURVE_S1.);
#5925 = CIRCLE('',#5926,0.4064);
#5926 = AXIS2_PLACEMENT_3D('',#5927,#5928,#5929);
#5927 = CARTESIAN_POINT('',(132.3174,-53.864,1.51));
#5928 = DIRECTION('',(-0.,0.,-1.));
#5929 = DIRECTION('',(-6.993530863781E-14,-1.,0.));
#5930 = PCURVE('',#73,#5931);
#5931 = DEFINITIONAL_REPRESENTATION('',(#5932),#5940);
#5932 = ( BOUNDED_CURVE() B_SPLINE_CURVE(2,(#5933,#5934,#5935,#5936,
#5937,#5938,#5939),.UNSPECIFIED.,.T.,.F.) B_SPLINE_CURVE_WITH_KNOTS((1,2
    ,2,2,2,1),(-2.094395102393,0.,2.094395102393,4.188790204786,
6.28318530718,8.377580409573),.UNSPECIFIED.) CURVE() 
GEOMETRIC_REPRESENTATION_ITEM() RATIONAL_B_SPLINE_CURVE((1.,0.5,1.,0.5,
1.,0.5,1.)) REPRESENTATION_ITEM('') );
#5933 = CARTESIAN_POINT('',(132.3174,-54.2704));
#5934 = CARTESIAN_POINT('',(131.6134945518,-54.2704));
#5935 = CARTESIAN_POINT('',(131.9654472759,-53.6608));
#5936 = CARTESIAN_POINT('',(132.3174,-53.0512));
#5937 = CARTESIAN_POINT('',(132.66935272409,-53.6608));
#5938 = CARTESIAN_POINT('',(133.02130544819,-54.2704));
#5939 = CARTESIAN_POINT('',(132.3174,-54.2704));
#5940 = ( GEOMETRIC_REPRESENTATION_CONTEXT(2) 
PARAMETRIC_REPRESENTATION_CONTEXT() REPRESENTATION_CONTEXT('2D SPACE',''
  ) );
#5941 = PCURVE('',#5942,#5947);
#5942 = CYLINDRICAL_SURFACE('',#5943,0.4064);
#5943 = AXIS2_PLACEMENT_3D('',#5944,#5945,#5946);
#5944 = CARTESIAN_POINT('',(132.3174,-53.864,-4.6E-02));
#5945 = DIRECTION('',(-0.,-0.,-1.));
#5946 = DIRECTION('',(-6.993530863781E-14,-1.,0.));
#5947 = DEFINITIONAL_REPRESENTATION('',(#5948),#5952);
#5948 = LINE('',#5949,#5950);
#5949 = CARTESIAN_POINT('',(0.,-1.556));
#5950 = VECTOR('',#5951,1.);
#5951 = DIRECTION('',(1.,0.));
#5952 = ( GEOMETRIC_REPRESENTATION_CONTEXT(2) 
PARAMETRIC_REPRESENTATION_CONTEXT() REPRESENTATION_CONTEXT('2D SPACE',''
  ) );
#5953 = FACE_BOUND('',#5954,.T.);
#5954 = EDGE_LOOP('',(#5955));
#5955 = ORIENTED_EDGE('',*,*,#5956,.T.);
#5956 = EDGE_CURVE('',#5957,#5957,#5959,.T.);
#5957 = VERTEX_POINT('',#5958);
#5958 = CARTESIAN_POINT('',(132.3174,-51.7304,1.51));
#5959 = SURFACE_CURVE('',#5960,(#5965,#5976),.PCURVE_S1.);
#5960 = CIRCLE('',#5961,0.4064);
#5961 = AXIS2_PLACEMENT_3D('',#5962,#5963,#5964);
#5962 = CARTESIAN_POINT('',(132.3174,-51.324,1.51));
#5963 = DIRECTION('',(-0.,0.,-1.));
#5964 = DIRECTION('',(-6.993530863781E-14,-1.,0.));
#5965 = PCURVE('',#73,#5966);
#5966 = DEFINITIONAL_REPRESENTATION('',(#5967),#5975);
#5967 = ( BOUNDED_CURVE() B_SPLINE_CURVE(2,(#5968,#5969,#5970,#5971,
#5972,#5973,#5974),.UNSPECIFIED.,.T.,.F.) B_SPLINE_CURVE_WITH_KNOTS((1,2
    ,2,2,2,1),(-2.094395102393,0.,2.094395102393,4.188790204786,
6.28318530718,8.377580409573),.UNSPECIFIED.) CURVE() 
GEOMETRIC_REPRESENTATION_ITEM() RATIONAL_B_SPLINE_CURVE((1.,0.5,1.,0.5,
1.,0.5,1.)) REPRESENTATION_ITEM('') );
#5968 = CARTESIAN_POINT('',(132.3174,-51.7304));
#5969 = CARTESIAN_POINT('',(131.6134945518,-51.7304));
#5970 = CARTESIAN_POINT('',(131.9654472759,-51.1208));
#5971 = CARTESIAN_POINT('',(132.3174,-50.5112));
#5972 = CARTESIAN_POINT('',(132.66935272409,-51.1208));
#5973 = CARTESIAN_POINT('',(133.02130544819,-51.7304));
#5974 = CARTESIAN_POINT('',(132.3174,-51.7304));
#5975 = ( GEOMETRIC_REPRESENTATION_CONTEXT(2) 
PARAMETRIC_REPRESENTATION_CONTEXT() REPRESENTATION_CONTEXT('2D SPACE',''
  ) );
#5976 = PCURVE('',#5977,#5982);
#5977 = CYLINDRICAL_SURFACE('',#5978,0.4064);
#5978 = AXIS2_PLACEMENT_3D('',#5979,#5980,#5981);
#5979 = CARTESIAN_POINT('',(132.3174,-51.324,-4.6E-02));
#5980 = DIRECTION('',(-0.,-0.,-1.));
#5981 = DIRECTION('',(-6.993530863781E-14,-1.,0.));
#5982 = DEFINITIONAL_REPRESENTATION('',(#5983),#5987);
#5983 = LINE('',#5984,#5985);
#5984 = CARTESIAN_POINT('',(0.,-1.556));
#5985 = VECTOR('',#5986,1.);
#5986 = DIRECTION('',(1.,0.));
#5987 = ( GEOMETRIC_REPRESENTATION_CONTEXT(2) 
PARAMETRIC_REPRESENTATION_CONTEXT() REPRESENTATION_CONTEXT('2D SPACE',''
  ) );
#5988 = FACE_BOUND('',#5989,.T.);
#5989 = EDGE_LOOP('',(#5990));
#5990 = ORIENTED_EDGE('',*,*,#5991,.T.);
#5991 = EDGE_CURVE('',#5992,#5992,#5994,.T.);
#5992 = VERTEX_POINT('',#5993);
#5993 = CARTESIAN_POINT('',(87.938,-48.259,1.51));
#5994 = SURFACE_CURVE('',#5995,(#6000,#6011),.PCURVE_S1.);
#5995 = CIRCLE('',#5996,0.635);
#5996 = AXIS2_PLACEMENT_3D('',#5997,#5998,#5999);
#5997 = CARTESIAN_POINT('',(87.938,-47.624,1.51));
#5998 = DIRECTION('',(0.,-0.,-1.));
#5999 = DIRECTION('',(2.23792987641E-14,-1.,0.));
#6000 = PCURVE('',#73,#6001);
#6001 = DEFINITIONAL_REPRESENTATION('',(#6002),#6010);
#6002 = ( BOUNDED_CURVE() B_SPLINE_CURVE(2,(#6003,#6004,#6005,#6006,
#6007,#6008,#6009),.UNSPECIFIED.,.T.,.F.) B_SPLINE_CURVE_WITH_KNOTS((1,2
    ,2,2,2,1),(-2.094395102393,0.,2.094395102393,4.188790204786,
6.28318530718,8.377580409573),.UNSPECIFIED.) CURVE() 
GEOMETRIC_REPRESENTATION_ITEM() RATIONAL_B_SPLINE_CURVE((1.,0.5,1.,0.5,
1.,0.5,1.)) REPRESENTATION_ITEM('') );
#6003 = CARTESIAN_POINT('',(87.938,-48.259));
#6004 = CARTESIAN_POINT('',(86.838147737194,-48.259));
#6005 = CARTESIAN_POINT('',(87.388073868597,-47.3065));
#6006 = CARTESIAN_POINT('',(87.938,-46.354));
#6007 = CARTESIAN_POINT('',(88.487926131403,-47.3065));
#6008 = CARTESIAN_POINT('',(89.037852262806,-48.259));
#6009 = CARTESIAN_POINT('',(87.938,-48.259));
#6010 = ( GEOMETRIC_REPRESENTATION_CONTEXT(2) 
PARAMETRIC_REPRESENTATION_CONTEXT() REPRESENTATION_CONTEXT('2D SPACE',''
  ) );
#6011 = PCURVE('',#6012,#6017);
#6012 = CYLINDRICAL_SURFACE('',#6013,0.635);
#6013 = AXIS2_PLACEMENT_3D('',#6014,#6015,#6016);
#6014 = CARTESIAN_POINT('',(87.938,-47.624,-4.6E-02));
#6015 = DIRECTION('',(0.,0.,-1.));
#6016 = DIRECTION('',(2.23792987641E-14,-1.,0.));
#6017 = DEFINITIONAL_REPRESENTATION('',(#6018),#6022);
#6018 = LINE('',#6019,#6020);
#6019 = CARTESIAN_POINT('',(0.,-1.556));
#6020 = VECTOR('',#6021,1.);
#6021 = DIRECTION('',(1.,0.));
#6022 = ( GEOMETRIC_REPRESENTATION_CONTEXT(2) 
PARAMETRIC_REPRESENTATION_CONTEXT() REPRESENTATION_CONTEXT('2D SPACE',''
  ) );
#6023 = FACE_BOUND('',#6024,.T.);
#6024 = EDGE_LOOP('',(#6025));
#6025 = ORIENTED_EDGE('',*,*,#6026,.T.);
#6026 = EDGE_CURVE('',#6027,#6027,#6029,.T.);
#6027 = VERTEX_POINT('',#6028);
#6028 = CARTESIAN_POINT('',(82.938,-46.159,1.51));
#6029 = SURFACE_CURVE('',#6030,(#6035,#6046),.PCURVE_S1.);
#6030 = CIRCLE('',#6031,0.635);
#6031 = AXIS2_PLACEMENT_3D('',#6032,#6033,#6034);
#6032 = CARTESIAN_POINT('',(82.938,-45.524,1.51));
#6033 = DIRECTION('',(0.,-0.,-1.));
#6034 = DIRECTION('',(2.23792987641E-14,-1.,0.));
#6035 = PCURVE('',#73,#6036);
#6036 = DEFINITIONAL_REPRESENTATION('',(#6037),#6045);
#6037 = ( BOUNDED_CURVE() B_SPLINE_CURVE(2,(#6038,#6039,#6040,#6041,
#6042,#6043,#6044),.UNSPECIFIED.,.T.,.F.) B_SPLINE_CURVE_WITH_KNOTS((1,2
    ,2,2,2,1),(-2.094395102393,0.,2.094395102393,4.188790204786,
6.28318530718,8.377580409573),.UNSPECIFIED.) CURVE() 
GEOMETRIC_REPRESENTATION_ITEM() RATIONAL_B_SPLINE_CURVE((1.,0.5,1.,0.5,
1.,0.5,1.)) REPRESENTATION_ITEM('') );
#6038 = CARTESIAN_POINT('',(82.938,-46.159));
#6039 = CARTESIAN_POINT('',(81.838147737194,-46.159));
#6040 = CARTESIAN_POINT('',(82.388073868597,-45.2065));
#6041 = CARTESIAN_POINT('',(82.938,-44.254));
#6042 = CARTESIAN_POINT('',(83.487926131403,-45.2065));
#6043 = CARTESIAN_POINT('',(84.037852262806,-46.159));
#6044 = CARTESIAN_POINT('',(82.938,-46.159));
#6045 = ( GEOMETRIC_REPRESENTATION_CONTEXT(2) 
PARAMETRIC_REPRESENTATION_CONTEXT() REPRESENTATION_CONTEXT('2D SPACE',''
  ) );
#6046 = PCURVE('',#6047,#6052);
#6047 = CYLINDRICAL_SURFACE('',#6048,0.635);
#6048 = AXIS2_PLACEMENT_3D('',#6049,#6050,#6051);
#6049 = CARTESIAN_POINT('',(82.938,-45.524,-4.6E-02));
#6050 = DIRECTION('',(0.,0.,-1.));
#6051 = DIRECTION('',(2.23792987641E-14,-1.,0.));
#6052 = DEFINITIONAL_REPRESENTATION('',(#6053),#6057);
#6053 = LINE('',#6054,#6055);
#6054 = CARTESIAN_POINT('',(0.,-1.556));
#6055 = VECTOR('',#6056,1.);
#6056 = DIRECTION('',(1.,0.));
#6057 = ( GEOMETRIC_REPRESENTATION_CONTEXT(2) 
PARAMETRIC_REPRESENTATION_CONTEXT() REPRESENTATION_CONTEXT('2D SPACE',''
  ) );
#6058 = FACE_BOUND('',#6059,.T.);
#6059 = EDGE_LOOP('',(#6060));
#6060 = ORIENTED_EDGE('',*,*,#6061,.T.);
#6061 = EDGE_CURVE('',#6062,#6062,#6064,.T.);
#6062 = VERTEX_POINT('',#6063);
#6063 = CARTESIAN_POINT('',(82.438,-42.5749,1.51));
#6064 = SURFACE_CURVE('',#6065,(#6070,#6081),.PCURVE_S1.);
#6065 = CIRCLE('',#6066,0.8509);
#6066 = AXIS2_PLACEMENT_3D('',#6067,#6068,#6069);
#6067 = CARTESIAN_POINT('',(82.438,-41.724,1.51));
#6068 = DIRECTION('',(-0.,-0.,-1.));
#6069 = DIRECTION('',(0.,-1.,0.));
#6070 = PCURVE('',#73,#6071);
#6071 = DEFINITIONAL_REPRESENTATION('',(#6072),#6080);
#6072 = ( BOUNDED_CURVE() B_SPLINE_CURVE(2,(#6073,#6074,#6075,#6076,
#6077,#6078,#6079),.UNSPECIFIED.,.T.,.F.) B_SPLINE_CURVE_WITH_KNOTS((1,2
    ,2,2,2,1),(-2.094395102393,0.,2.094395102393,4.188790204786,
6.28318530718,8.377580409573),.UNSPECIFIED.) CURVE() 
GEOMETRIC_REPRESENTATION_ITEM() RATIONAL_B_SPLINE_CURVE((1.,0.5,1.,0.5,
1.,0.5,1.)) REPRESENTATION_ITEM('') );
#6073 = CARTESIAN_POINT('',(82.438,-42.5749));
#6074 = CARTESIAN_POINT('',(80.96419796784,-42.5749));
#6075 = CARTESIAN_POINT('',(81.70109898392,-41.29855));
#6076 = CARTESIAN_POINT('',(82.438,-40.0222));
#6077 = CARTESIAN_POINT('',(83.17490101608,-41.29855));
#6078 = CARTESIAN_POINT('',(83.91180203216,-42.5749));
#6079 = CARTESIAN_POINT('',(82.438,-42.5749));
#6080 = ( GEOMETRIC_REPRESENTATION_CONTEXT(2) 
PARAMETRIC_REPRESENTATION_CONTEXT() REPRESENTATION_CONTEXT('2D SPACE',''
  ) );
#6081 = PCURVE('',#6082,#6087);
#6082 = CYLINDRICAL_SURFACE('',#6083,0.8509);
#6083 = AXIS2_PLACEMENT_3D('',#6084,#6085,#6086);
#6084 = CARTESIAN_POINT('',(82.438,-41.724,-4.6E-02));
#6085 = DIRECTION('',(-0.,-0.,-1.));
#6086 = DIRECTION('',(0.,-1.,0.));
#6087 = DEFINITIONAL_REPRESENTATION('',(#6088),#6092);
#6088 = LINE('',#6089,#6090);
#6089 = CARTESIAN_POINT('',(0.,-1.556));
#6090 = VECTOR('',#6091,1.);
#6091 = DIRECTION('',(1.,0.));
#6092 = ( GEOMETRIC_REPRESENTATION_CONTEXT(2) 
PARAMETRIC_REPRESENTATION_CONTEXT() REPRESENTATION_CONTEXT('2D SPACE',''
  ) );
#6093 = FACE_BOUND('',#6094,.T.);
#6094 = EDGE_LOOP('',(#6095));
#6095 = ORIENTED_EDGE('',*,*,#6096,.T.);
#6096 = EDGE_CURVE('',#6097,#6097,#6099,.T.);
#6097 = VERTEX_POINT('',#6098);
#6098 = CARTESIAN_POINT('',(87.938,-43.4385,1.51));
#6099 = SURFACE_CURVE('',#6100,(#6105,#6116),.PCURVE_S1.);
#6100 = CIRCLE('',#6101,1.7145);
#6101 = AXIS2_PLACEMENT_3D('',#6102,#6103,#6104);
#6102 = CARTESIAN_POINT('',(87.938,-41.724,1.51));
#6103 = DIRECTION('',(-0.,-0.,-1.));
#6104 = DIRECTION('',(0.,-1.,0.));
#6105 = PCURVE('',#73,#6106);
#6106 = DEFINITIONAL_REPRESENTATION('',(#6107),#6115);
#6107 = ( BOUNDED_CURVE() B_SPLINE_CURVE(2,(#6108,#6109,#6110,#6111,
#6112,#6113,#6114),.UNSPECIFIED.,.T.,.F.) B_SPLINE_CURVE_WITH_KNOTS((1,2
    ,2,2,2,1),(-2.094395102393,0.,2.094395102393,4.188790204786,
6.28318530718,8.377580409573),.UNSPECIFIED.) CURVE() 
GEOMETRIC_REPRESENTATION_ITEM() RATIONAL_B_SPLINE_CURVE((1.,0.5,1.,0.5,
1.,0.5,1.)) REPRESENTATION_ITEM('') );
#6108 = CARTESIAN_POINT('',(87.938,-43.4385));
#6109 = CARTESIAN_POINT('',(84.968398890423,-43.4385));
#6110 = CARTESIAN_POINT('',(86.453199445212,-40.86675));
#6111 = CARTESIAN_POINT('',(87.938,-38.295));
#6112 = CARTESIAN_POINT('',(89.422800554788,-40.86675));
#6113 = CARTESIAN_POINT('',(90.907601109577,-43.4385));
#6114 = CARTESIAN_POINT('',(87.938,-43.4385));
#6115 = ( GEOMETRIC_REPRESENTATION_CONTEXT(2) 
PARAMETRIC_REPRESENTATION_CONTEXT() REPRESENTATION_CONTEXT('2D SPACE',''
  ) );
#6116 = PCURVE('',#6117,#6122);
#6117 = CYLINDRICAL_SURFACE('',#6118,1.7145);
#6118 = AXIS2_PLACEMENT_3D('',#6119,#6120,#6121);
#6119 = CARTESIAN_POINT('',(87.938,-41.724,-4.6E-02));
#6120 = DIRECTION('',(-0.,-0.,-1.));
#6121 = DIRECTION('',(0.,-1.,0.));
#6122 = DEFINITIONAL_REPRESENTATION('',(#6123),#6127);
#6123 = LINE('',#6124,#6125);
#6124 = CARTESIAN_POINT('',(0.,-1.556));
#6125 = VECTOR('',#6126,1.);
#6126 = DIRECTION('',(1.,0.));
#6127 = ( GEOMETRIC_REPRESENTATION_CONTEXT(2) 
PARAMETRIC_REPRESENTATION_CONTEXT() REPRESENTATION_CONTEXT('2D SPACE',''
  ) );
#6128 = FACE_BOUND('',#6129,.T.);
#6129 = EDGE_LOOP('',(#6130));
#6130 = ORIENTED_EDGE('',*,*,#6131,.T.);
#6131 = EDGE_CURVE('',#6132,#6132,#6134,.T.);
#6132 = VERTEX_POINT('',#6133);
#6133 = CARTESIAN_POINT('',(100.938,-48.659,1.51));
#6134 = SURFACE_CURVE('',#6135,(#6140,#6151),.PCURVE_S1.);
#6135 = CIRCLE('',#6136,0.635);
#6136 = AXIS2_PLACEMENT_3D('',#6137,#6138,#6139);
#6137 = CARTESIAN_POINT('',(100.938,-48.024,1.51));
#6138 = DIRECTION('',(0.,-0.,-1.));
#6139 = DIRECTION('',(2.23792987641E-14,-1.,0.));
#6140 = PCURVE('',#73,#6141);
#6141 = DEFINITIONAL_REPRESENTATION('',(#6142),#6150);
#6142 = ( BOUNDED_CURVE() B_SPLINE_CURVE(2,(#6143,#6144,#6145,#6146,
#6147,#6148,#6149),.UNSPECIFIED.,.T.,.F.) B_SPLINE_CURVE_WITH_KNOTS((1,2
    ,2,2,2,1),(-2.094395102393,0.,2.094395102393,4.188790204786,
6.28318530718,8.377580409573),.UNSPECIFIED.) CURVE() 
GEOMETRIC_REPRESENTATION_ITEM() RATIONAL_B_SPLINE_CURVE((1.,0.5,1.,0.5,
1.,0.5,1.)) REPRESENTATION_ITEM('') );
#6143 = CARTESIAN_POINT('',(100.938,-48.659));
#6144 = CARTESIAN_POINT('',(99.838147737194,-48.659));
#6145 = CARTESIAN_POINT('',(100.38807386859,-47.7065));
#6146 = CARTESIAN_POINT('',(100.938,-46.754));
#6147 = CARTESIAN_POINT('',(101.4879261314,-47.7065));
#6148 = CARTESIAN_POINT('',(102.0378522628,-48.659));
#6149 = CARTESIAN_POINT('',(100.938,-48.659));
#6150 = ( GEOMETRIC_REPRESENTATION_CONTEXT(2) 
PARAMETRIC_REPRESENTATION_CONTEXT() REPRESENTATION_CONTEXT('2D SPACE',''
  ) );
#6151 = PCURVE('',#6152,#6157);
#6152 = CYLINDRICAL_SURFACE('',#6153,0.635);
#6153 = AXIS2_PLACEMENT_3D('',#6154,#6155,#6156);
#6154 = CARTESIAN_POINT('',(100.938,-48.024,-4.6E-02));
#6155 = DIRECTION('',(0.,0.,-1.));
#6156 = DIRECTION('',(2.23792987641E-14,-1.,0.));
#6157 = DEFINITIONAL_REPRESENTATION('',(#6158),#6162);
#6158 = LINE('',#6159,#6160);
#6159 = CARTESIAN_POINT('',(0.,-1.556));
#6160 = VECTOR('',#6161,1.);
#6161 = DIRECTION('',(1.,0.));
#6162 = ( GEOMETRIC_REPRESENTATION_CONTEXT(2) 
PARAMETRIC_REPRESENTATION_CONTEXT() REPRESENTATION_CONTEXT('2D SPACE',''
  ) );
#6163 = FACE_BOUND('',#6164,.T.);
#6164 = EDGE_LOOP('',(#6165));
#6165 = ORIENTED_EDGE('',*,*,#6166,.T.);
#6166 = EDGE_CURVE('',#6167,#6167,#6169,.T.);
#6167 = VERTEX_POINT('',#6168);
#6168 = CARTESIAN_POINT('',(93.438,-42.5749,1.51));
#6169 = SURFACE_CURVE('',#6170,(#6175,#6186),.PCURVE_S1.);
#6170 = CIRCLE('',#6171,0.8509);
#6171 = AXIS2_PLACEMENT_3D('',#6172,#6173,#6174);
#6172 = CARTESIAN_POINT('',(93.438,-41.724,1.51));
#6173 = DIRECTION('',(-0.,-0.,-1.));
#6174 = DIRECTION('',(0.,-1.,0.));
#6175 = PCURVE('',#73,#6176);
#6176 = DEFINITIONAL_REPRESENTATION('',(#6177),#6185);
#6177 = ( BOUNDED_CURVE() B_SPLINE_CURVE(2,(#6178,#6179,#6180,#6181,
#6182,#6183,#6184),.UNSPECIFIED.,.T.,.F.) B_SPLINE_CURVE_WITH_KNOTS((1,2
    ,2,2,2,1),(-2.094395102393,0.,2.094395102393,4.188790204786,
6.28318530718,8.377580409573),.UNSPECIFIED.) CURVE() 
GEOMETRIC_REPRESENTATION_ITEM() RATIONAL_B_SPLINE_CURVE((1.,0.5,1.,0.5,
1.,0.5,1.)) REPRESENTATION_ITEM('') );
#6178 = CARTESIAN_POINT('',(93.438,-42.5749));
#6179 = CARTESIAN_POINT('',(91.96419796784,-42.5749));
#6180 = CARTESIAN_POINT('',(92.70109898392,-41.29855));
#6181 = CARTESIAN_POINT('',(93.438,-40.0222));
#6182 = CARTESIAN_POINT('',(94.17490101608,-41.29855));
#6183 = CARTESIAN_POINT('',(94.91180203216,-42.5749));
#6184 = CARTESIAN_POINT('',(93.438,-42.5749));
#6185 = ( GEOMETRIC_REPRESENTATION_CONTEXT(2) 
PARAMETRIC_REPRESENTATION_CONTEXT() REPRESENTATION_CONTEXT('2D SPACE',''
  ) );
#6186 = PCURVE('',#6187,#6192);
#6187 = CYLINDRICAL_SURFACE('',#6188,0.8509);
#6188 = AXIS2_PLACEMENT_3D('',#6189,#6190,#6191);
#6189 = CARTESIAN_POINT('',(93.438,-41.724,-4.6E-02));
#6190 = DIRECTION('',(-0.,-0.,-1.));
#6191 = DIRECTION('',(0.,-1.,0.));
#6192 = DEFINITIONAL_REPRESENTATION('',(#6193),#6197);
#6193 = LINE('',#6194,#6195);
#6194 = CARTESIAN_POINT('',(0.,-1.556));
#6195 = VECTOR('',#6196,1.);
#6196 = DIRECTION('',(1.,0.));
#6197 = ( GEOMETRIC_REPRESENTATION_CONTEXT(2) 
PARAMETRIC_REPRESENTATION_CONTEXT() REPRESENTATION_CONTEXT('2D SPACE',''
  ) );
#6198 = FACE_BOUND('',#6199,.T.);
#6199 = EDGE_LOOP('',(#6200));
#6200 = ORIENTED_EDGE('',*,*,#6201,.T.);
#6201 = EDGE_CURVE('',#6202,#6202,#6204,.T.);
#6202 = VERTEX_POINT('',#6203);
#6203 = CARTESIAN_POINT('',(100.438,-45.0749,1.51));
#6204 = SURFACE_CURVE('',#6205,(#6210,#6221),.PCURVE_S1.);
#6205 = CIRCLE('',#6206,0.8509);
#6206 = AXIS2_PLACEMENT_3D('',#6207,#6208,#6209);
#6207 = CARTESIAN_POINT('',(100.438,-44.224,1.51));
#6208 = DIRECTION('',(-0.,-0.,-1.));
#6209 = DIRECTION('',(0.,-1.,0.));
#6210 = PCURVE('',#73,#6211);
#6211 = DEFINITIONAL_REPRESENTATION('',(#6212),#6220);
#6212 = ( BOUNDED_CURVE() B_SPLINE_CURVE(2,(#6213,#6214,#6215,#6216,
#6217,#6218,#6219),.UNSPECIFIED.,.T.,.F.) B_SPLINE_CURVE_WITH_KNOTS((1,2
    ,2,2,2,1),(-2.094395102393,0.,2.094395102393,4.188790204786,
6.28318530718,8.377580409573),.UNSPECIFIED.) CURVE() 
GEOMETRIC_REPRESENTATION_ITEM() RATIONAL_B_SPLINE_CURVE((1.,0.5,1.,0.5,
1.,0.5,1.)) REPRESENTATION_ITEM('') );
#6213 = CARTESIAN_POINT('',(100.438,-45.0749));
#6214 = CARTESIAN_POINT('',(98.96419796784,-45.0749));
#6215 = CARTESIAN_POINT('',(99.70109898392,-43.79855));
#6216 = CARTESIAN_POINT('',(100.438,-42.5222));
#6217 = CARTESIAN_POINT('',(101.17490101608,-43.79855));
#6218 = CARTESIAN_POINT('',(101.91180203216,-45.0749));
#6219 = CARTESIAN_POINT('',(100.438,-45.0749));
#6220 = ( GEOMETRIC_REPRESENTATION_CONTEXT(2) 
PARAMETRIC_REPRESENTATION_CONTEXT() REPRESENTATION_CONTEXT('2D SPACE',''
  ) );
#6221 = PCURVE('',#6222,#6227);
#6222 = CYLINDRICAL_SURFACE('',#6223,0.8509);
#6223 = AXIS2_PLACEMENT_3D('',#6224,#6225,#6226);
#6224 = CARTESIAN_POINT('',(100.438,-44.224,-4.6E-02));
#6225 = DIRECTION('',(-0.,-0.,-1.));
#6226 = DIRECTION('',(0.,-1.,0.));
#6227 = DEFINITIONAL_REPRESENTATION('',(#6228),#6232);
#6228 = LINE('',#6229,#6230);
#6229 = CARTESIAN_POINT('',(0.,-1.556));
#6230 = VECTOR('',#6231,1.);
#6231 = DIRECTION('',(1.,0.));
#6232 = ( GEOMETRIC_REPRESENTATION_CONTEXT(2) 
PARAMETRIC_REPRESENTATION_CONTEXT() REPRESENTATION_CONTEXT('2D SPACE',''
  ) );
#6233 = FACE_BOUND('',#6234,.T.);
#6234 = EDGE_LOOP('',(#6235));
#6235 = ORIENTED_EDGE('',*,*,#6236,.T.);
#6236 = EDGE_CURVE('',#6237,#6237,#6239,.T.);
#6237 = VERTEX_POINT('',#6238);
#6238 = CARTESIAN_POINT('',(82.718,-38.0193,1.51));
#6239 = SURFACE_CURVE('',#6240,(#6245,#6256),.PCURVE_S1.);
#6240 = CIRCLE('',#6241,0.4953);
#6241 = AXIS2_PLACEMENT_3D('',#6242,#6243,#6244);
#6242 = CARTESIAN_POINT('',(82.718,-37.524,1.51));
#6243 = DIRECTION('',(-0.,-0.,-1.));
#6244 = DIRECTION('',(0.,-1.,0.));
#6245 = PCURVE('',#73,#6246);
#6246 = DEFINITIONAL_REPRESENTATION('',(#6247),#6255);
#6247 = ( BOUNDED_CURVE() B_SPLINE_CURVE(2,(#6248,#6249,#6250,#6251,
#6252,#6253,#6254),.UNSPECIFIED.,.T.,.F.) B_SPLINE_CURVE_WITH_KNOTS((1,2
    ,2,2,2,1),(-2.094395102393,0.,2.094395102393,4.188790204786,
6.28318530718,8.377580409573),.UNSPECIFIED.) CURVE() 
GEOMETRIC_REPRESENTATION_ITEM() RATIONAL_B_SPLINE_CURVE((1.,0.5,1.,0.5,
1.,0.5,1.)) REPRESENTATION_ITEM('') );
#6248 = CARTESIAN_POINT('',(82.718,-38.0193));
#6249 = CARTESIAN_POINT('',(81.860115235011,-38.0193));
#6250 = CARTESIAN_POINT('',(82.289057617506,-37.27635));
#6251 = CARTESIAN_POINT('',(82.718,-36.5334));
#6252 = CARTESIAN_POINT('',(83.146942382494,-37.27635));
#6253 = CARTESIAN_POINT('',(83.575884764989,-38.0193));
#6254 = CARTESIAN_POINT('',(82.718,-38.0193));
#6255 = ( GEOMETRIC_REPRESENTATION_CONTEXT(2) 
PARAMETRIC_REPRESENTATION_CONTEXT() REPRESENTATION_CONTEXT('2D SPACE',''
  ) );
#6256 = PCURVE('',#6257,#6262);
#6257 = CYLINDRICAL_SURFACE('',#6258,0.4953);
#6258 = AXIS2_PLACEMENT_3D('',#6259,#6260,#6261);
#6259 = CARTESIAN_POINT('',(82.718,-37.524,-4.6E-02));
#6260 = DIRECTION('',(-0.,-0.,-1.));
#6261 = DIRECTION('',(0.,-1.,0.));
#6262 = DEFINITIONAL_REPRESENTATION('',(#6263),#6267);
#6263 = LINE('',#6264,#6265);
#6264 = CARTESIAN_POINT('',(0.,-1.556));
#6265 = VECTOR('',#6266,1.);
#6266 = DIRECTION('',(1.,0.));
#6267 = ( GEOMETRIC_REPRESENTATION_CONTEXT(2) 
PARAMETRIC_REPRESENTATION_CONTEXT() REPRESENTATION_CONTEXT('2D SPACE',''
  ) );
#6268 = FACE_BOUND('',#6269,.T.);
#6269 = EDGE_LOOP('',(#6270));
#6270 = ORIENTED_EDGE('',*,*,#6271,.T.);
#6271 = EDGE_CURVE('',#6272,#6272,#6274,.T.);
#6272 = VERTEX_POINT('',#6273);
#6273 = CARTESIAN_POINT('',(79.438,-34.174,1.51));
#6274 = SURFACE_CURVE('',#6275,(#6280,#6291),.PCURVE_S1.);
#6275 = CIRCLE('',#6276,1.1);
#6276 = AXIS2_PLACEMENT_3D('',#6277,#6278,#6279);
#6277 = CARTESIAN_POINT('',(79.438,-33.074,1.51));
#6278 = DIRECTION('',(0.,-0.,-1.));
#6279 = DIRECTION('',(1.2918958832E-14,-1.,0.));
#6280 = PCURVE('',#73,#6281);
#6281 = DEFINITIONAL_REPRESENTATION('',(#6282),#6290);
#6282 = ( BOUNDED_CURVE() B_SPLINE_CURVE(2,(#6283,#6284,#6285,#6286,
#6287,#6288,#6289),.UNSPECIFIED.,.T.,.F.) B_SPLINE_CURVE_WITH_KNOTS((1,2
    ,2,2,2,1),(-2.094395102393,0.,2.094395102393,4.188790204786,
6.28318530718,8.377580409573),.UNSPECIFIED.) CURVE() 
GEOMETRIC_REPRESENTATION_ITEM() RATIONAL_B_SPLINE_CURVE((1.,0.5,1.,0.5,
1.,0.5,1.)) REPRESENTATION_ITEM('') );
#6283 = CARTESIAN_POINT('',(79.438,-34.174));
#6284 = CARTESIAN_POINT('',(77.532744111674,-34.174));
#6285 = CARTESIAN_POINT('',(78.485372055837,-32.524));
#6286 = CARTESIAN_POINT('',(79.438,-30.874));
#6287 = CARTESIAN_POINT('',(80.390627944163,-32.524));
#6288 = CARTESIAN_POINT('',(81.343255888326,-34.174));
#6289 = CARTESIAN_POINT('',(79.438,-34.174));
#6290 = ( GEOMETRIC_REPRESENTATION_CONTEXT(2) 
PARAMETRIC_REPRESENTATION_CONTEXT() REPRESENTATION_CONTEXT('2D SPACE',''
  ) );
#6291 = PCURVE('',#6292,#6297);
#6292 = CYLINDRICAL_SURFACE('',#6293,1.1);
#6293 = AXIS2_PLACEMENT_3D('',#6294,#6295,#6296);
#6294 = CARTESIAN_POINT('',(79.438,-33.074,-4.6E-02));
#6295 = DIRECTION('',(0.,0.,-1.));
#6296 = DIRECTION('',(1.2918958832E-14,-1.,0.));
#6297 = DEFINITIONAL_REPRESENTATION('',(#6298),#6302);
#6298 = LINE('',#6299,#6300);
#6299 = CARTESIAN_POINT('',(0.,-1.556));
#6300 = VECTOR('',#6301,1.);
#6301 = DIRECTION('',(1.,0.));
#6302 = ( GEOMETRIC_REPRESENTATION_CONTEXT(2) 
PARAMETRIC_REPRESENTATION_CONTEXT() REPRESENTATION_CONTEXT('2D SPACE',''
  ) );
#6303 = FACE_BOUND('',#6304,.T.);
#6304 = EDGE_LOOP('',(#6305));
#6305 = ORIENTED_EDGE('',*,*,#6306,.T.);
#6306 = EDGE_CURVE('',#6307,#6307,#6309,.T.);
#6307 = VERTEX_POINT('',#6308);
#6308 = CARTESIAN_POINT('',(83.11,-31.892,1.51));
#6309 = SURFACE_CURVE('',#6310,(#6315,#6326),.PCURVE_S1.);
#6310 = CIRCLE('',#6311,0.65);
#6311 = AXIS2_PLACEMENT_3D('',#6312,#6313,#6314);
#6312 = CARTESIAN_POINT('',(83.11,-31.242,1.51));
#6313 = DIRECTION('',(-0.,-0.,-1.));
#6314 = DIRECTION('',(0.,-1.,0.));
#6315 = PCURVE('',#73,#6316);
#6316 = DEFINITIONAL_REPRESENTATION('',(#6317),#6325);
#6317 = ( BOUNDED_CURVE() B_SPLINE_CURVE(2,(#6318,#6319,#6320,#6321,
#6322,#6323,#6324),.UNSPECIFIED.,.T.,.F.) B_SPLINE_CURVE_WITH_KNOTS((1,2
    ,2,2,2,1),(-2.094395102393,0.,2.094395102393,4.188790204786,
6.28318530718,8.377580409573),.UNSPECIFIED.) CURVE() 
GEOMETRIC_REPRESENTATION_ITEM() RATIONAL_B_SPLINE_CURVE((1.,0.5,1.,0.5,
1.,0.5,1.)) REPRESENTATION_ITEM('') );
#6318 = CARTESIAN_POINT('',(83.11,-31.892));
#6319 = CARTESIAN_POINT('',(81.98416697508,-31.892));
#6320 = CARTESIAN_POINT('',(82.54708348754,-30.917));
#6321 = CARTESIAN_POINT('',(83.11,-29.942));
#6322 = CARTESIAN_POINT('',(83.67291651246,-30.917));
#6323 = CARTESIAN_POINT('',(84.23583302492,-31.892));
#6324 = CARTESIAN_POINT('',(83.11,-31.892));
#6325 = ( GEOMETRIC_REPRESENTATION_CONTEXT(2) 
PARAMETRIC_REPRESENTATION_CONTEXT() REPRESENTATION_CONTEXT('2D SPACE',''
  ) );
#6326 = PCURVE('',#6327,#6332);
#6327 = CYLINDRICAL_SURFACE('',#6328,0.65);
#6328 = AXIS2_PLACEMENT_3D('',#6329,#6330,#6331);
#6329 = CARTESIAN_POINT('',(83.11,-31.242,-4.6E-02));
#6330 = DIRECTION('',(-0.,-0.,-1.));
#6331 = DIRECTION('',(0.,-1.,0.));
#6332 = DEFINITIONAL_REPRESENTATION('',(#6333),#6337);
#6333 = LINE('',#6334,#6335);
#6334 = CARTESIAN_POINT('',(0.,-1.556));
#6335 = VECTOR('',#6336,1.);
#6336 = DIRECTION('',(1.,0.));
#6337 = ( GEOMETRIC_REPRESENTATION_CONTEXT(2) 
PARAMETRIC_REPRESENTATION_CONTEXT() REPRESENTATION_CONTEXT('2D SPACE',''
  ) );
#6338 = FACE_BOUND('',#6339,.T.);
#6339 = EDGE_LOOP('',(#6340));
#6340 = ORIENTED_EDGE('',*,*,#6341,.T.);
#6341 = EDGE_CURVE('',#6342,#6342,#6344,.T.);
#6342 = VERTEX_POINT('',#6343);
#6343 = CARTESIAN_POINT('',(89.61,-31.892,1.51));
#6344 = SURFACE_CURVE('',#6345,(#6350,#6361),.PCURVE_S1.);
#6345 = CIRCLE('',#6346,0.65);
#6346 = AXIS2_PLACEMENT_3D('',#6347,#6348,#6349);
#6347 = CARTESIAN_POINT('',(89.61,-31.242,1.51));
#6348 = DIRECTION('',(-0.,-0.,-1.));
#6349 = DIRECTION('',(0.,-1.,0.));
#6350 = PCURVE('',#73,#6351);
#6351 = DEFINITIONAL_REPRESENTATION('',(#6352),#6360);
#6352 = ( BOUNDED_CURVE() B_SPLINE_CURVE(2,(#6353,#6354,#6355,#6356,
#6357,#6358,#6359),.UNSPECIFIED.,.T.,.F.) B_SPLINE_CURVE_WITH_KNOTS((1,2
    ,2,2,2,1),(-2.094395102393,0.,2.094395102393,4.188790204786,
6.28318530718,8.377580409573),.UNSPECIFIED.) CURVE() 
GEOMETRIC_REPRESENTATION_ITEM() RATIONAL_B_SPLINE_CURVE((1.,0.5,1.,0.5,
1.,0.5,1.)) REPRESENTATION_ITEM('') );
#6353 = CARTESIAN_POINT('',(89.61,-31.892));
#6354 = CARTESIAN_POINT('',(88.48416697508,-31.892));
#6355 = CARTESIAN_POINT('',(89.04708348754,-30.917));
#6356 = CARTESIAN_POINT('',(89.61,-29.942));
#6357 = CARTESIAN_POINT('',(90.17291651246,-30.917));
#6358 = CARTESIAN_POINT('',(90.73583302492,-31.892));
#6359 = CARTESIAN_POINT('',(89.61,-31.892));
#6360 = ( GEOMETRIC_REPRESENTATION_CONTEXT(2) 
PARAMETRIC_REPRESENTATION_CONTEXT() REPRESENTATION_CONTEXT('2D SPACE',''
  ) );
#6361 = PCURVE('',#6362,#6367);
#6362 = CYLINDRICAL_SURFACE('',#6363,0.65);
#6363 = AXIS2_PLACEMENT_3D('',#6364,#6365,#6366);
#6364 = CARTESIAN_POINT('',(89.61,-31.242,-4.6E-02));
#6365 = DIRECTION('',(-0.,-0.,-1.));
#6366 = DIRECTION('',(0.,-1.,0.));
#6367 = DEFINITIONAL_REPRESENTATION('',(#6368),#6372);
#6368 = LINE('',#6369,#6370);
#6369 = CARTESIAN_POINT('',(0.,-1.556));
#6370 = VECTOR('',#6371,1.);
#6371 = DIRECTION('',(1.,0.));
#6372 = ( GEOMETRIC_REPRESENTATION_CONTEXT(2) 
PARAMETRIC_REPRESENTATION_CONTEXT() REPRESENTATION_CONTEXT('2D SPACE',''
  ) );
#6373 = FACE_BOUND('',#6374,.T.);
#6374 = EDGE_LOOP('',(#6375));
#6375 = ORIENTED_EDGE('',*,*,#6376,.T.);
#6376 = EDGE_CURVE('',#6377,#6377,#6379,.T.);
#6377 = VERTEX_POINT('',#6378);
#6378 = CARTESIAN_POINT('',(93.158,-38.0193,1.51));
#6379 = SURFACE_CURVE('',#6380,(#6385,#6396),.PCURVE_S1.);
#6380 = CIRCLE('',#6381,0.4953);
#6381 = AXIS2_PLACEMENT_3D('',#6382,#6383,#6384);
#6382 = CARTESIAN_POINT('',(93.158,-37.524,1.51));
#6383 = DIRECTION('',(-0.,-0.,-1.));
#6384 = DIRECTION('',(0.,-1.,0.));
#6385 = PCURVE('',#73,#6386);
#6386 = DEFINITIONAL_REPRESENTATION('',(#6387),#6395);
#6387 = ( BOUNDED_CURVE() B_SPLINE_CURVE(2,(#6388,#6389,#6390,#6391,
#6392,#6393,#6394),.UNSPECIFIED.,.T.,.F.) B_SPLINE_CURVE_WITH_KNOTS((1,2
    ,2,2,2,1),(-2.094395102393,0.,2.094395102393,4.188790204786,
6.28318530718,8.377580409573),.UNSPECIFIED.) CURVE() 
GEOMETRIC_REPRESENTATION_ITEM() RATIONAL_B_SPLINE_CURVE((1.,0.5,1.,0.5,
1.,0.5,1.)) REPRESENTATION_ITEM('') );
#6388 = CARTESIAN_POINT('',(93.158,-38.0193));
#6389 = CARTESIAN_POINT('',(92.300115235011,-38.0193));
#6390 = CARTESIAN_POINT('',(92.729057617506,-37.27635));
#6391 = CARTESIAN_POINT('',(93.158,-36.5334));
#6392 = CARTESIAN_POINT('',(93.586942382494,-37.27635));
#6393 = CARTESIAN_POINT('',(94.015884764989,-38.0193));
#6394 = CARTESIAN_POINT('',(93.158,-38.0193));
#6395 = ( GEOMETRIC_REPRESENTATION_CONTEXT(2) 
PARAMETRIC_REPRESENTATION_CONTEXT() REPRESENTATION_CONTEXT('2D SPACE',''
  ) );
#6396 = PCURVE('',#6397,#6402);
#6397 = CYLINDRICAL_SURFACE('',#6398,0.4953);
#6398 = AXIS2_PLACEMENT_3D('',#6399,#6400,#6401);
#6399 = CARTESIAN_POINT('',(93.158,-37.524,-4.6E-02));
#6400 = DIRECTION('',(-0.,-0.,-1.));
#6401 = DIRECTION('',(0.,-1.,0.));
#6402 = DEFINITIONAL_REPRESENTATION('',(#6403),#6407);
#6403 = LINE('',#6404,#6405);
#6404 = CARTESIAN_POINT('',(0.,-1.556));
#6405 = VECTOR('',#6406,1.);
#6406 = DIRECTION('',(1.,0.));
#6407 = ( GEOMETRIC_REPRESENTATION_CONTEXT(2) 
PARAMETRIC_REPRESENTATION_CONTEXT() REPRESENTATION_CONTEXT('2D SPACE',''
  ) );
#6408 = FACE_BOUND('',#6409,.T.);
#6409 = EDGE_LOOP('',(#6410));
#6410 = ORIENTED_EDGE('',*,*,#6411,.T.);
#6411 = EDGE_CURVE('',#6412,#6412,#6414,.T.);
#6412 = VERTEX_POINT('',#6413);
#6413 = CARTESIAN_POINT('',(100.718,-40.5193,1.51));
#6414 = SURFACE_CURVE('',#6415,(#6420,#6431),.PCURVE_S1.);
#6415 = CIRCLE('',#6416,0.4953);
#6416 = AXIS2_PLACEMENT_3D('',#6417,#6418,#6419);
#6417 = CARTESIAN_POINT('',(100.718,-40.024,1.51));
#6418 = DIRECTION('',(-0.,-0.,-1.));
#6419 = DIRECTION('',(0.,-1.,0.));
#6420 = PCURVE('',#73,#6421);
#6421 = DEFINITIONAL_REPRESENTATION('',(#6422),#6430);
#6422 = ( BOUNDED_CURVE() B_SPLINE_CURVE(2,(#6423,#6424,#6425,#6426,
#6427,#6428,#6429),.UNSPECIFIED.,.T.,.F.) B_SPLINE_CURVE_WITH_KNOTS((1,2
    ,2,2,2,1),(-2.094395102393,0.,2.094395102393,4.188790204786,
6.28318530718,8.377580409573),.UNSPECIFIED.) CURVE() 
GEOMETRIC_REPRESENTATION_ITEM() RATIONAL_B_SPLINE_CURVE((1.,0.5,1.,0.5,
1.,0.5,1.)) REPRESENTATION_ITEM('') );
#6423 = CARTESIAN_POINT('',(100.718,-40.5193));
#6424 = CARTESIAN_POINT('',(99.860115235011,-40.5193));
#6425 = CARTESIAN_POINT('',(100.2890576175,-39.77635));
#6426 = CARTESIAN_POINT('',(100.718,-39.0334));
#6427 = CARTESIAN_POINT('',(101.14694238249,-39.77635));
#6428 = CARTESIAN_POINT('',(101.57588476498,-40.5193));
#6429 = CARTESIAN_POINT('',(100.718,-40.5193));
#6430 = ( GEOMETRIC_REPRESENTATION_CONTEXT(2) 
PARAMETRIC_REPRESENTATION_CONTEXT() REPRESENTATION_CONTEXT('2D SPACE',''
  ) );
#6431 = PCURVE('',#6432,#6437);
#6432 = CYLINDRICAL_SURFACE('',#6433,0.4953);
#6433 = AXIS2_PLACEMENT_3D('',#6434,#6435,#6436);
#6434 = CARTESIAN_POINT('',(100.718,-40.024,-4.6E-02));
#6435 = DIRECTION('',(-0.,-0.,-1.));
#6436 = DIRECTION('',(0.,-1.,0.));
#6437 = DEFINITIONAL_REPRESENTATION('',(#6438),#6442);
#6438 = LINE('',#6439,#6440);
#6439 = CARTESIAN_POINT('',(0.,-1.556));
#6440 = VECTOR('',#6441,1.);
#6441 = DIRECTION('',(1.,0.));
#6442 = ( GEOMETRIC_REPRESENTATION_CONTEXT(2) 
PARAMETRIC_REPRESENTATION_CONTEXT() REPRESENTATION_CONTEXT('2D SPACE',''
  ) );
#6443 = FACE_BOUND('',#6444,.T.);
#6444 = EDGE_LOOP('',(#6445));
#6445 = ORIENTED_EDGE('',*,*,#6446,.T.);
#6446 = EDGE_CURVE('',#6447,#6447,#6449,.T.);
#6447 = VERTEX_POINT('',#6448);
#6448 = CARTESIAN_POINT('',(105.938,-50.759,1.51));
#6449 = SURFACE_CURVE('',#6450,(#6455,#6466),.PCURVE_S1.);
#6450 = CIRCLE('',#6451,0.635);
#6451 = AXIS2_PLACEMENT_3D('',#6452,#6453,#6454);
#6452 = CARTESIAN_POINT('',(105.938,-50.124,1.51));
#6453 = DIRECTION('',(0.,-0.,-1.));
#6454 = DIRECTION('',(2.23792987641E-14,-1.,0.));
#6455 = PCURVE('',#73,#6456);
#6456 = DEFINITIONAL_REPRESENTATION('',(#6457),#6465);
#6457 = ( BOUNDED_CURVE() B_SPLINE_CURVE(2,(#6458,#6459,#6460,#6461,
#6462,#6463,#6464),.UNSPECIFIED.,.T.,.F.) B_SPLINE_CURVE_WITH_KNOTS((1,2
    ,2,2,2,1),(-2.094395102393,0.,2.094395102393,4.188790204786,
6.28318530718,8.377580409573),.UNSPECIFIED.) CURVE() 
GEOMETRIC_REPRESENTATION_ITEM() RATIONAL_B_SPLINE_CURVE((1.,0.5,1.,0.5,
1.,0.5,1.)) REPRESENTATION_ITEM('') );
#6458 = CARTESIAN_POINT('',(105.938,-50.759));
#6459 = CARTESIAN_POINT('',(104.83814773719,-50.759));
#6460 = CARTESIAN_POINT('',(105.38807386859,-49.8065));
#6461 = CARTESIAN_POINT('',(105.938,-48.854));
#6462 = CARTESIAN_POINT('',(106.4879261314,-49.8065));
#6463 = CARTESIAN_POINT('',(107.0378522628,-50.759));
#6464 = CARTESIAN_POINT('',(105.938,-50.759));
#6465 = ( GEOMETRIC_REPRESENTATION_CONTEXT(2) 
PARAMETRIC_REPRESENTATION_CONTEXT() REPRESENTATION_CONTEXT('2D SPACE',''
  ) );
#6466 = PCURVE('',#6467,#6472);
#6467 = CYLINDRICAL_SURFACE('',#6468,0.635);
#6468 = AXIS2_PLACEMENT_3D('',#6469,#6470,#6471);
#6469 = CARTESIAN_POINT('',(105.938,-50.124,-4.6E-02));
#6470 = DIRECTION('',(0.,0.,-1.));
#6471 = DIRECTION('',(2.23792987641E-14,-1.,0.));
#6472 = DEFINITIONAL_REPRESENTATION('',(#6473),#6477);
#6473 = LINE('',#6474,#6475);
#6474 = CARTESIAN_POINT('',(0.,-1.556));
#6475 = VECTOR('',#6476,1.);
#6476 = DIRECTION('',(1.,0.));
#6477 = ( GEOMETRIC_REPRESENTATION_CONTEXT(2) 
PARAMETRIC_REPRESENTATION_CONTEXT() REPRESENTATION_CONTEXT('2D SPACE',''
  ) );
#6478 = FACE_BOUND('',#6479,.T.);
#6479 = EDGE_LOOP('',(#6480));
#6480 = ORIENTED_EDGE('',*,*,#6481,.T.);
#6481 = EDGE_CURVE('',#6482,#6482,#6484,.T.);
#6482 = VERTEX_POINT('',#6483);
#6483 = CARTESIAN_POINT('',(117.0974,-49.1904,1.51));
#6484 = SURFACE_CURVE('',#6485,(#6490,#6501),.PCURVE_S1.);
#6485 = CIRCLE('',#6486,0.4064);
#6486 = AXIS2_PLACEMENT_3D('',#6487,#6488,#6489);
#6487 = CARTESIAN_POINT('',(117.0974,-48.784,1.51));
#6488 = DIRECTION('',(-0.,-0.,-1.));
#6489 = DIRECTION('',(0.,-1.,0.));
#6490 = PCURVE('',#73,#6491);
#6491 = DEFINITIONAL_REPRESENTATION('',(#6492),#6500);
#6492 = ( BOUNDED_CURVE() B_SPLINE_CURVE(2,(#6493,#6494,#6495,#6496,
#6497,#6498,#6499),.UNSPECIFIED.,.T.,.F.) B_SPLINE_CURVE_WITH_KNOTS((1,2
    ,2,2,2,1),(-2.094395102393,0.,2.094395102393,4.188790204786,
6.28318530718,8.377580409573),.UNSPECIFIED.) CURVE() 
GEOMETRIC_REPRESENTATION_ITEM() RATIONAL_B_SPLINE_CURVE((1.,0.5,1.,0.5,
1.,0.5,1.)) REPRESENTATION_ITEM('') );
#6493 = CARTESIAN_POINT('',(117.0974,-49.1904));
#6494 = CARTESIAN_POINT('',(116.3934945518,-49.1904));
#6495 = CARTESIAN_POINT('',(116.7454472759,-48.5808));
#6496 = CARTESIAN_POINT('',(117.0974,-47.9712));
#6497 = CARTESIAN_POINT('',(117.44935272409,-48.5808));
#6498 = CARTESIAN_POINT('',(117.80130544819,-49.1904));
#6499 = CARTESIAN_POINT('',(117.0974,-49.1904));
#6500 = ( GEOMETRIC_REPRESENTATION_CONTEXT(2) 
PARAMETRIC_REPRESENTATION_CONTEXT() REPRESENTATION_CONTEXT('2D SPACE',''
  ) );
#6501 = PCURVE('',#6502,#6507);
#6502 = CYLINDRICAL_SURFACE('',#6503,0.4064);
#6503 = AXIS2_PLACEMENT_3D('',#6504,#6505,#6506);
#6504 = CARTESIAN_POINT('',(117.0974,-48.784,-4.6E-02));
#6505 = DIRECTION('',(-0.,-0.,-1.));
#6506 = DIRECTION('',(0.,-1.,0.));
#6507 = DEFINITIONAL_REPRESENTATION('',(#6508),#6512);
#6508 = LINE('',#6509,#6510);
#6509 = CARTESIAN_POINT('',(0.,-1.556));
#6510 = VECTOR('',#6511,1.);
#6511 = DIRECTION('',(1.,0.));
#6512 = ( GEOMETRIC_REPRESENTATION_CONTEXT(2) 
PARAMETRIC_REPRESENTATION_CONTEXT() REPRESENTATION_CONTEXT('2D SPACE',''
  ) );
#6513 = FACE_BOUND('',#6514,.T.);
#6514 = EDGE_LOOP('',(#6515));
#6515 = ORIENTED_EDGE('',*,*,#6516,.T.);
#6516 = EDGE_CURVE('',#6517,#6517,#6519,.T.);
#6517 = VERTEX_POINT('',#6518);
#6518 = CARTESIAN_POINT('',(117.0974,-46.6504,1.51));
#6519 = SURFACE_CURVE('',#6520,(#6525,#6536),.PCURVE_S1.);
#6520 = CIRCLE('',#6521,0.4064);
#6521 = AXIS2_PLACEMENT_3D('',#6522,#6523,#6524);
#6522 = CARTESIAN_POINT('',(117.0974,-46.244,1.51));
#6523 = DIRECTION('',(-0.,-0.,-1.));
#6524 = DIRECTION('',(0.,-1.,0.));
#6525 = PCURVE('',#73,#6526);
#6526 = DEFINITIONAL_REPRESENTATION('',(#6527),#6535);
#6527 = ( BOUNDED_CURVE() B_SPLINE_CURVE(2,(#6528,#6529,#6530,#6531,
#6532,#6533,#6534),.UNSPECIFIED.,.T.,.F.) B_SPLINE_CURVE_WITH_KNOTS((1,2
    ,2,2,2,1),(-2.094395102393,0.,2.094395102393,4.188790204786,
6.28318530718,8.377580409573),.UNSPECIFIED.) CURVE() 
GEOMETRIC_REPRESENTATION_ITEM() RATIONAL_B_SPLINE_CURVE((1.,0.5,1.,0.5,
1.,0.5,1.)) REPRESENTATION_ITEM('') );
#6528 = CARTESIAN_POINT('',(117.0974,-46.6504));
#6529 = CARTESIAN_POINT('',(116.3934945518,-46.6504));
#6530 = CARTESIAN_POINT('',(116.7454472759,-46.0408));
#6531 = CARTESIAN_POINT('',(117.0974,-45.4312));
#6532 = CARTESIAN_POINT('',(117.44935272409,-46.0408));
#6533 = CARTESIAN_POINT('',(117.80130544819,-46.6504));
#6534 = CARTESIAN_POINT('',(117.0974,-46.6504));
#6535 = ( GEOMETRIC_REPRESENTATION_CONTEXT(2) 
PARAMETRIC_REPRESENTATION_CONTEXT() REPRESENTATION_CONTEXT('2D SPACE',''
  ) );
#6536 = PCURVE('',#6537,#6542);
#6537 = CYLINDRICAL_SURFACE('',#6538,0.4064);
#6538 = AXIS2_PLACEMENT_3D('',#6539,#6540,#6541);
#6539 = CARTESIAN_POINT('',(117.0974,-46.244,-4.6E-02));
#6540 = DIRECTION('',(-0.,-0.,-1.));
#6541 = DIRECTION('',(0.,-1.,0.));
#6542 = DEFINITIONAL_REPRESENTATION('',(#6543),#6547);
#6543 = LINE('',#6544,#6545);
#6544 = CARTESIAN_POINT('',(0.,-1.556));
#6545 = VECTOR('',#6546,1.);
#6546 = DIRECTION('',(1.,0.));
#6547 = ( GEOMETRIC_REPRESENTATION_CONTEXT(2) 
PARAMETRIC_REPRESENTATION_CONTEXT() REPRESENTATION_CONTEXT('2D SPACE',''
  ) );
#6548 = FACE_BOUND('',#6549,.T.);
#6549 = EDGE_LOOP('',(#6550));
#6550 = ORIENTED_EDGE('',*,*,#6551,.T.);
#6551 = EDGE_CURVE('',#6552,#6552,#6554,.T.);
#6552 = VERTEX_POINT('',#6553);
#6553 = CARTESIAN_POINT('',(105.938,-45.9385,1.51));
#6554 = SURFACE_CURVE('',#6555,(#6560,#6571),.PCURVE_S1.);
#6555 = CIRCLE('',#6556,1.7145);
#6556 = AXIS2_PLACEMENT_3D('',#6557,#6558,#6559);
#6557 = CARTESIAN_POINT('',(105.938,-44.224,1.51));
#6558 = DIRECTION('',(-0.,-0.,-1.));
#6559 = DIRECTION('',(0.,-1.,0.));
#6560 = PCURVE('',#73,#6561);
#6561 = DEFINITIONAL_REPRESENTATION('',(#6562),#6570);
#6562 = ( BOUNDED_CURVE() B_SPLINE_CURVE(2,(#6563,#6564,#6565,#6566,
#6567,#6568,#6569),.UNSPECIFIED.,.T.,.F.) B_SPLINE_CURVE_WITH_KNOTS((1,2
    ,2,2,2,1),(-2.094395102393,0.,2.094395102393,4.188790204786,
6.28318530718,8.377580409573),.UNSPECIFIED.) CURVE() 
GEOMETRIC_REPRESENTATION_ITEM() RATIONAL_B_SPLINE_CURVE((1.,0.5,1.,0.5,
1.,0.5,1.)) REPRESENTATION_ITEM('') );
#6563 = CARTESIAN_POINT('',(105.938,-45.9385));
#6564 = CARTESIAN_POINT('',(102.96839889042,-45.9385));
#6565 = CARTESIAN_POINT('',(104.45319944521,-43.36675));
#6566 = CARTESIAN_POINT('',(105.938,-40.795));
#6567 = CARTESIAN_POINT('',(107.42280055478,-43.36675));
#6568 = CARTESIAN_POINT('',(108.90760110957,-45.9385));
#6569 = CARTESIAN_POINT('',(105.938,-45.9385));
#6570 = ( GEOMETRIC_REPRESENTATION_CONTEXT(2) 
PARAMETRIC_REPRESENTATION_CONTEXT() REPRESENTATION_CONTEXT('2D SPACE',''
  ) );
#6571 = PCURVE('',#6572,#6577);
#6572 = CYLINDRICAL_SURFACE('',#6573,1.7145);
#6573 = AXIS2_PLACEMENT_3D('',#6574,#6575,#6576);
#6574 = CARTESIAN_POINT('',(105.938,-44.224,-4.6E-02));
#6575 = DIRECTION('',(-0.,-0.,-1.));
#6576 = DIRECTION('',(0.,-1.,0.));
#6577 = DEFINITIONAL_REPRESENTATION('',(#6578),#6582);
#6578 = LINE('',#6579,#6580);
#6579 = CARTESIAN_POINT('',(0.,-1.556));
#6580 = VECTOR('',#6581,1.);
#6581 = DIRECTION('',(1.,0.));
#6582 = ( GEOMETRIC_REPRESENTATION_CONTEXT(2) 
PARAMETRIC_REPRESENTATION_CONTEXT() REPRESENTATION_CONTEXT('2D SPACE',''
  ) );
#6583 = FACE_BOUND('',#6584,.T.);
#6584 = EDGE_LOOP('',(#6585));
#6585 = ORIENTED_EDGE('',*,*,#6586,.T.);
#6586 = EDGE_CURVE('',#6587,#6587,#6589,.T.);
#6587 = VERTEX_POINT('',#6588);
#6588 = CARTESIAN_POINT('',(111.438,-45.0749,1.51));
#6589 = SURFACE_CURVE('',#6590,(#6595,#6606),.PCURVE_S1.);
#6590 = CIRCLE('',#6591,0.8509);
#6591 = AXIS2_PLACEMENT_3D('',#6592,#6593,#6594);
#6592 = CARTESIAN_POINT('',(111.438,-44.224,1.51));
#6593 = DIRECTION('',(-0.,-0.,-1.));
#6594 = DIRECTION('',(0.,-1.,0.));
#6595 = PCURVE('',#73,#6596);
#6596 = DEFINITIONAL_REPRESENTATION('',(#6597),#6605);
#6597 = ( BOUNDED_CURVE() B_SPLINE_CURVE(2,(#6598,#6599,#6600,#6601,
#6602,#6603,#6604),.UNSPECIFIED.,.T.,.F.) B_SPLINE_CURVE_WITH_KNOTS((1,2
    ,2,2,2,1),(-2.094395102393,0.,2.094395102393,4.188790204786,
6.28318530718,8.377580409573),.UNSPECIFIED.) CURVE() 
GEOMETRIC_REPRESENTATION_ITEM() RATIONAL_B_SPLINE_CURVE((1.,0.5,1.,0.5,
1.,0.5,1.)) REPRESENTATION_ITEM('') );
#6598 = CARTESIAN_POINT('',(111.438,-45.0749));
#6599 = CARTESIAN_POINT('',(109.96419796784,-45.0749));
#6600 = CARTESIAN_POINT('',(110.70109898392,-43.79855));
#6601 = CARTESIAN_POINT('',(111.438,-42.5222));
#6602 = CARTESIAN_POINT('',(112.17490101608,-43.79855));
#6603 = CARTESIAN_POINT('',(112.91180203216,-45.0749));
#6604 = CARTESIAN_POINT('',(111.438,-45.0749));
#6605 = ( GEOMETRIC_REPRESENTATION_CONTEXT(2) 
PARAMETRIC_REPRESENTATION_CONTEXT() REPRESENTATION_CONTEXT('2D SPACE',''
  ) );
#6606 = PCURVE('',#6607,#6612);
#6607 = CYLINDRICAL_SURFACE('',#6608,0.8509);
#6608 = AXIS2_PLACEMENT_3D('',#6609,#6610,#6611);
#6609 = CARTESIAN_POINT('',(111.438,-44.224,-4.6E-02));
#6610 = DIRECTION('',(-0.,-0.,-1.));
#6611 = DIRECTION('',(0.,-1.,0.));
#6612 = DEFINITIONAL_REPRESENTATION('',(#6613),#6617);
#6613 = LINE('',#6614,#6615);
#6614 = CARTESIAN_POINT('',(0.,-1.556));
#6615 = VECTOR('',#6616,1.);
#6616 = DIRECTION('',(1.,0.));
#6617 = ( GEOMETRIC_REPRESENTATION_CONTEXT(2) 
PARAMETRIC_REPRESENTATION_CONTEXT() REPRESENTATION_CONTEXT('2D SPACE',''
  ) );
#6618 = FACE_BOUND('',#6619,.T.);
#6619 = EDGE_LOOP('',(#6620));
#6620 = ORIENTED_EDGE('',*,*,#6621,.T.);
#6621 = EDGE_CURVE('',#6622,#6622,#6624,.T.);
#6622 = VERTEX_POINT('',#6623);
#6623 = CARTESIAN_POINT('',(132.3174,-49.1904,1.51));
#6624 = SURFACE_CURVE('',#6625,(#6630,#6641),.PCURVE_S1.);
#6625 = CIRCLE('',#6626,0.4064);
#6626 = AXIS2_PLACEMENT_3D('',#6627,#6628,#6629);
#6627 = CARTESIAN_POINT('',(132.3174,-48.784,1.51));
#6628 = DIRECTION('',(-0.,0.,-1.));
#6629 = DIRECTION('',(-6.993530863781E-14,-1.,0.));
#6630 = PCURVE('',#73,#6631);
#6631 = DEFINITIONAL_REPRESENTATION('',(#6632),#6640);
#6632 = ( BOUNDED_CURVE() B_SPLINE_CURVE(2,(#6633,#6634,#6635,#6636,
#6637,#6638,#6639),.UNSPECIFIED.,.T.,.F.) B_SPLINE_CURVE_WITH_KNOTS((1,2
    ,2,2,2,1),(-2.094395102393,0.,2.094395102393,4.188790204786,
6.28318530718,8.377580409573),.UNSPECIFIED.) CURVE() 
GEOMETRIC_REPRESENTATION_ITEM() RATIONAL_B_SPLINE_CURVE((1.,0.5,1.,0.5,
1.,0.5,1.)) REPRESENTATION_ITEM('') );
#6633 = CARTESIAN_POINT('',(132.3174,-49.1904));
#6634 = CARTESIAN_POINT('',(131.6134945518,-49.1904));
#6635 = CARTESIAN_POINT('',(131.9654472759,-48.5808));
#6636 = CARTESIAN_POINT('',(132.3174,-47.9712));
#6637 = CARTESIAN_POINT('',(132.66935272409,-48.5808));
#6638 = CARTESIAN_POINT('',(133.02130544819,-49.1904));
#6639 = CARTESIAN_POINT('',(132.3174,-49.1904));
#6640 = ( GEOMETRIC_REPRESENTATION_CONTEXT(2) 
PARAMETRIC_REPRESENTATION_CONTEXT() REPRESENTATION_CONTEXT('2D SPACE',''
  ) );
#6641 = PCURVE('',#6642,#6647);
#6642 = CYLINDRICAL_SURFACE('',#6643,0.4064);
#6643 = AXIS2_PLACEMENT_3D('',#6644,#6645,#6646);
#6644 = CARTESIAN_POINT('',(132.3174,-48.784,-4.6E-02));
#6645 = DIRECTION('',(-0.,-0.,-1.));
#6646 = DIRECTION('',(-6.993530863781E-14,-1.,0.));
#6647 = DEFINITIONAL_REPRESENTATION('',(#6648),#6652);
#6648 = LINE('',#6649,#6650);
#6649 = CARTESIAN_POINT('',(0.,-1.556));
#6650 = VECTOR('',#6651,1.);
#6651 = DIRECTION('',(1.,0.));
#6652 = ( GEOMETRIC_REPRESENTATION_CONTEXT(2) 
PARAMETRIC_REPRESENTATION_CONTEXT() REPRESENTATION_CONTEXT('2D SPACE',''
  ) );
#6653 = FACE_BOUND('',#6654,.T.);
#6654 = EDGE_LOOP('',(#6655));
#6655 = ORIENTED_EDGE('',*,*,#6656,.T.);
#6656 = EDGE_CURVE('',#6657,#6657,#6659,.T.);
#6657 = VERTEX_POINT('',#6658);
#6658 = CARTESIAN_POINT('',(132.3174,-46.6504,1.51));
#6659 = SURFACE_CURVE('',#6660,(#6665,#6676),.PCURVE_S1.);
#6660 = CIRCLE('',#6661,0.4064);
#6661 = AXIS2_PLACEMENT_3D('',#6662,#6663,#6664);
#6662 = CARTESIAN_POINT('',(132.3174,-46.244,1.51));
#6663 = DIRECTION('',(-0.,0.,-1.));
#6664 = DIRECTION('',(-6.993530863781E-14,-1.,0.));
#6665 = PCURVE('',#73,#6666);
#6666 = DEFINITIONAL_REPRESENTATION('',(#6667),#6675);
#6667 = ( BOUNDED_CURVE() B_SPLINE_CURVE(2,(#6668,#6669,#6670,#6671,
#6672,#6673,#6674),.UNSPECIFIED.,.T.,.F.) B_SPLINE_CURVE_WITH_KNOTS((1,2
    ,2,2,2,1),(-2.094395102393,0.,2.094395102393,4.188790204786,
6.28318530718,8.377580409573),.UNSPECIFIED.) CURVE() 
GEOMETRIC_REPRESENTATION_ITEM() RATIONAL_B_SPLINE_CURVE((1.,0.5,1.,0.5,
1.,0.5,1.)) REPRESENTATION_ITEM('') );
#6668 = CARTESIAN_POINT('',(132.3174,-46.6504));
#6669 = CARTESIAN_POINT('',(131.6134945518,-46.6504));
#6670 = CARTESIAN_POINT('',(131.9654472759,-46.0408));
#6671 = CARTESIAN_POINT('',(132.3174,-45.4312));
#6672 = CARTESIAN_POINT('',(132.66935272409,-46.0408));
#6673 = CARTESIAN_POINT('',(133.02130544819,-46.6504));
#6674 = CARTESIAN_POINT('',(132.3174,-46.6504));
#6675 = ( GEOMETRIC_REPRESENTATION_CONTEXT(2) 
PARAMETRIC_REPRESENTATION_CONTEXT() REPRESENTATION_CONTEXT('2D SPACE',''
  ) );
#6676 = PCURVE('',#6677,#6682);
#6677 = CYLINDRICAL_SURFACE('',#6678,0.4064);
#6678 = AXIS2_PLACEMENT_3D('',#6679,#6680,#6681);
#6679 = CARTESIAN_POINT('',(132.3174,-46.244,-4.6E-02));
#6680 = DIRECTION('',(-0.,-0.,-1.));
#6681 = DIRECTION('',(-6.993530863781E-14,-1.,0.));
#6682 = DEFINITIONAL_REPRESENTATION('',(#6683),#6687);
#6683 = LINE('',#6684,#6685);
#6684 = CARTESIAN_POINT('',(0.,-1.556));
#6685 = VECTOR('',#6686,1.);
#6686 = DIRECTION('',(1.,0.));
#6687 = ( GEOMETRIC_REPRESENTATION_CONTEXT(2) 
PARAMETRIC_REPRESENTATION_CONTEXT() REPRESENTATION_CONTEXT('2D SPACE',''
  ) );
#6688 = FACE_BOUND('',#6689,.T.);
#6689 = EDGE_LOOP('',(#6690));
#6690 = ORIENTED_EDGE('',*,*,#6691,.T.);
#6691 = EDGE_CURVE('',#6692,#6692,#6694,.T.);
#6692 = VERTEX_POINT('',#6693);
#6693 = CARTESIAN_POINT('',(111.158,-40.5193,1.51));
#6694 = SURFACE_CURVE('',#6695,(#6700,#6711),.PCURVE_S1.);
#6695 = CIRCLE('',#6696,0.4953);
#6696 = AXIS2_PLACEMENT_3D('',#6697,#6698,#6699);
#6697 = CARTESIAN_POINT('',(111.158,-40.024,1.51));
#6698 = DIRECTION('',(-0.,-0.,-1.));
#6699 = DIRECTION('',(0.,-1.,0.));
#6700 = PCURVE('',#73,#6701);
#6701 = DEFINITIONAL_REPRESENTATION('',(#6702),#6710);
#6702 = ( BOUNDED_CURVE() B_SPLINE_CURVE(2,(#6703,#6704,#6705,#6706,
#6707,#6708,#6709),.UNSPECIFIED.,.T.,.F.) B_SPLINE_CURVE_WITH_KNOTS((1,2
    ,2,2,2,1),(-2.094395102393,0.,2.094395102393,4.188790204786,
6.28318530718,8.377580409573),.UNSPECIFIED.) CURVE() 
GEOMETRIC_REPRESENTATION_ITEM() RATIONAL_B_SPLINE_CURVE((1.,0.5,1.,0.5,
1.,0.5,1.)) REPRESENTATION_ITEM('') );
#6703 = CARTESIAN_POINT('',(111.158,-40.5193));
#6704 = CARTESIAN_POINT('',(110.30011523501,-40.5193));
#6705 = CARTESIAN_POINT('',(110.7290576175,-39.77635));
#6706 = CARTESIAN_POINT('',(111.158,-39.0334));
#6707 = CARTESIAN_POINT('',(111.58694238249,-39.77635));
#6708 = CARTESIAN_POINT('',(112.01588476498,-40.5193));
#6709 = CARTESIAN_POINT('',(111.158,-40.5193));
#6710 = ( GEOMETRIC_REPRESENTATION_CONTEXT(2) 
PARAMETRIC_REPRESENTATION_CONTEXT() REPRESENTATION_CONTEXT('2D SPACE',''
  ) );
#6711 = PCURVE('',#6712,#6717);
#6712 = CYLINDRICAL_SURFACE('',#6713,0.4953);
#6713 = AXIS2_PLACEMENT_3D('',#6714,#6715,#6716);
#6714 = CARTESIAN_POINT('',(111.158,-40.024,-4.6E-02));
#6715 = DIRECTION('',(-0.,-0.,-1.));
#6716 = DIRECTION('',(0.,-1.,0.));
#6717 = DEFINITIONAL_REPRESENTATION('',(#6718),#6722);
#6718 = LINE('',#6719,#6720);
#6719 = CARTESIAN_POINT('',(0.,-1.556));
#6720 = VECTOR('',#6721,1.);
#6721 = DIRECTION('',(1.,0.));
#6722 = ( GEOMETRIC_REPRESENTATION_CONTEXT(2) 
PARAMETRIC_REPRESENTATION_CONTEXT() REPRESENTATION_CONTEXT('2D SPACE',''
  ) );
#6723 = ADVANCED_FACE('',(#6724),#105,.T.);
#6724 = FACE_BOUND('',#6725,.T.);
#6725 = EDGE_LOOP('',(#6726,#6727,#6728,#6751));
#6726 = ORIENTED_EDGE('',*,*,#89,.T.);
#6727 = ORIENTED_EDGE('',*,*,#957,.T.);
#6728 = ORIENTED_EDGE('',*,*,#6729,.F.);
#6729 = EDGE_CURVE('',#6730,#925,#6732,.T.);
#6730 = VERTEX_POINT('',#6731);
#6731 = CARTESIAN_POINT('',(110.747799,-33.50343,0.));
#6732 = SURFACE_CURVE('',#6733,(#6737,#6744),.PCURVE_S1.);
#6733 = LINE('',#6734,#6735);
#6734 = CARTESIAN_POINT('',(110.747799,-33.50343,0.));
#6735 = VECTOR('',#6736,1.);
#6736 = DIRECTION('',(0.,0.,1.));
#6737 = PCURVE('',#105,#6738);
#6738 = DEFINITIONAL_REPRESENTATION('',(#6739),#6743);
#6739 = LINE('',#6740,#6741);
#6740 = CARTESIAN_POINT('',(26.886306923968,0.));
#6741 = VECTOR('',#6742,1.);
#6742 = DIRECTION('',(0.,-1.));
#6743 = ( GEOMETRIC_REPRESENTATION_CONTEXT(2) 
PARAMETRIC_REPRESENTATION_CONTEXT() REPRESENTATION_CONTEXT('2D SPACE',''
  ) );
#6744 = PCURVE('',#945,#6745);
#6745 = DEFINITIONAL_REPRESENTATION('',(#6746),#6750);
#6746 = LINE('',#6747,#6748);
#6747 = CARTESIAN_POINT('',(0.,0.));
#6748 = VECTOR('',#6749,1.);
#6749 = DIRECTION('',(0.,-1.));
#6750 = ( GEOMETRIC_REPRESENTATION_CONTEXT(2) 
PARAMETRIC_REPRESENTATION_CONTEXT() REPRESENTATION_CONTEXT('2D SPACE',''
  ) );
#6751 = ORIENTED_EDGE('',*,*,#6752,.F.);
#6752 = EDGE_CURVE('',#90,#6730,#6753,.T.);
#6753 = SURFACE_CURVE('',#6754,(#6758,#6765),.PCURVE_S1.);
#6754 = LINE('',#6755,#6756);
#6755 = CARTESIAN_POINT('',(84.365607,-28.321399,0.));
#6756 = VECTOR('',#6757,1.);
#6757 = DIRECTION('',(0.981250123887,-0.192738668596,0.));
#6758 = PCURVE('',#105,#6759);
#6759 = DEFINITIONAL_REPRESENTATION('',(#6760),#6764);
#6760 = LINE('',#6761,#6762);
#6761 = CARTESIAN_POINT('',(0.,0.));
#6762 = VECTOR('',#6763,1.);
#6763 = DIRECTION('',(1.,0.));
#6764 = ( GEOMETRIC_REPRESENTATION_CONTEXT(2) 
PARAMETRIC_REPRESENTATION_CONTEXT() REPRESENTATION_CONTEXT('2D SPACE',''
  ) );
#6765 = PCURVE('',#132,#6766);
#6766 = DEFINITIONAL_REPRESENTATION('',(#6767),#6771);
#6767 = LINE('',#6768,#6769);
#6768 = CARTESIAN_POINT('',(84.365607,-28.321399));
#6769 = VECTOR('',#6770,1.);
#6770 = DIRECTION('',(0.981250123887,-0.192738668596));
#6771 = ( GEOMETRIC_REPRESENTATION_CONTEXT(2) 
PARAMETRIC_REPRESENTATION_CONTEXT() REPRESENTATION_CONTEXT('2D SPACE',''
  ) );
#6772 = ADVANCED_FACE('',(#6773,#7384,#7414,#7444,#7474,#7504,#7534,
    #7564,#7594,#7624,#7654,#7684,#7714,#7744,#7774,#7804,#7834,#7864,
    #7894,#7924,#7954,#7984,#8014,#8044,#8074,#8104,#8134,#8164,#8194,
    #8224,#8254,#8284,#8314,#8344,#8374,#8404,#8434,#8464,#8494,#8524,
    #8554,#8584,#8614,#8644,#8674,#8704,#8734,#8764,#8794,#8898,#9002,
    #9106,#9136,#9166,#9196,#9226,#9256,#9286,#9390,#9420,#9450,#9480,
    #9510,#9540,#9570,#9600,#9630,#9660,#9690,#9720,#9750,#9780,#9810,
    #9840,#9870,#9900,#9930,#9960,#9990,#10020,#10050,#10080,#10110,
    #10140,#10170,#10200,#10230,#10260,#10290,#10320,#10350,#10380,
    #10410,#10440,#10470,#10500,#10530,#10560,#10590,#10620,#10650,
    #10680,#10710,#10740,#10770,#10800,#10830,#10860,#10890,#10920,
    #10950,#10980,#11010,#11040,#11070,#11100,#11130,#11160,#11190,
    #11220,#11250,#11280,#11310,#11340,#11370,#11400,#11430,#11460,
    #11490,#11520,#11550,#11580,#11610,#11640,#11670,#11700,#11730,
    #11760,#11790,#11820,#11850,#11880,#11910,#11940,#11970,#12000,
    #12030,#12060,#12090,#12120,#12150,#12180,#12210,#12240,#12270),#132
  ,.F.);
#6773 = FACE_BOUND('',#6774,.F.);
#6774 = EDGE_LOOP('',(#6775,#6776,#6777,#6805,#6828,#6856,#6879,#6907,
    #6930,#6954,#6977,#7005,#7028,#7056,#7079,#7102,#7123,#7146,#7169,
    #7192,#7213,#7236,#7259,#7287,#7310,#7334,#7357,#7383));
#6775 = ORIENTED_EDGE('',*,*,#117,.F.);
#6776 = ORIENTED_EDGE('',*,*,#203,.F.);
#6777 = ORIENTED_EDGE('',*,*,#6778,.F.);
#6778 = EDGE_CURVE('',#6779,#152,#6781,.T.);
#6779 = VERTEX_POINT('',#6780);
#6780 = CARTESIAN_POINT('',(37.008485,-31.17335,0.));
#6781 = SURFACE_CURVE('',#6782,(#6787,#6798),.PCURVE_S1.);
#6782 = CIRCLE('',#6783,11.430005655952);
#6783 = AXIS2_PLACEMENT_3D('',#6784,#6785,#6786);
#6784 = CARTESIAN_POINT('',(45.4660025731,-38.86200565595,0.));
#6785 = DIRECTION('',(0.,0.,-1.));
#6786 = DIRECTION('',(-0.739939928962,0.672672952874,0.));
#6787 = PCURVE('',#132,#6788);
#6788 = DEFINITIONAL_REPRESENTATION('',(#6789),#6797);
#6789 = ( BOUNDED_CURVE() B_SPLINE_CURVE(2,(#6790,#6791,#6792,#6793,
#6794,#6795,#6796),.UNSPECIFIED.,.T.,.F.) B_SPLINE_CURVE_WITH_KNOTS((1,2
    ,2,2,2,1),(-2.094395102393,0.,2.094395102393,4.188790204786,
6.28318530718,8.377580409573),.UNSPECIFIED.) CURVE() 
GEOMETRIC_REPRESENTATION_ITEM() RATIONAL_B_SPLINE_CURVE((1.,0.5,1.,0.5,
1.,0.5,1.)) REPRESENTATION_ITEM('') );
#6790 = CARTESIAN_POINT('',(37.008485000002,-31.17334999999));
#6791 = CARTESIAN_POINT('',(50.325627238016,-16.52449985748));
#6792 = CARTESIAN_POINT('',(56.353332478656,-35.38190841267));
#6793 = CARTESIAN_POINT('',(62.381037719296,-54.23931696785));
#6794 = CARTESIAN_POINT('',(43.036190240642,-50.03075855518));
#6795 = CARTESIAN_POINT('',(23.691342761988,-45.8222001425));
#6796 = CARTESIAN_POINT('',(37.008485000002,-31.17334999999));
#6797 = ( GEOMETRIC_REPRESENTATION_CONTEXT(2) 
PARAMETRIC_REPRESENTATION_CONTEXT() REPRESENTATION_CONTEXT('2D SPACE',''
  ) );
#6798 = PCURVE('',#169,#6799);
#6799 = DEFINITIONAL_REPRESENTATION('',(#6800),#6804);
#6800 = LINE('',#6801,#6802);
#6801 = CARTESIAN_POINT('',(0.,0.));
#6802 = VECTOR('',#6803,1.);
#6803 = DIRECTION('',(1.,0.));
#6804 = ( GEOMETRIC_REPRESENTATION_CONTEXT(2) 
PARAMETRIC_REPRESENTATION_CONTEXT() REPRESENTATION_CONTEXT('2D SPACE',''
  ) );
#6805 = ORIENTED_EDGE('',*,*,#6806,.F.);
#6806 = EDGE_CURVE('',#6807,#6779,#6809,.T.);
#6807 = VERTEX_POINT('',#6808);
#6808 = CARTESIAN_POINT('',(16.845839,-52.13132,0.));
#6809 = SURFACE_CURVE('',#6810,(#6814,#6821),.PCURVE_S1.);
#6810 = LINE('',#6811,#6812);
#6811 = CARTESIAN_POINT('',(16.845839,-52.13132,0.));
#6812 = VECTOR('',#6813,1.);
#6813 = DIRECTION('',(0.693300789932,0.720648329409,0.));
#6814 = PCURVE('',#132,#6815);
#6815 = DEFINITIONAL_REPRESENTATION('',(#6816),#6820);
#6816 = LINE('',#6817,#6818);
#6817 = CARTESIAN_POINT('',(16.845839,-52.13132));
#6818 = VECTOR('',#6819,1.);
#6819 = DIRECTION('',(0.693300789932,0.720648329409));
#6820 = ( GEOMETRIC_REPRESENTATION_CONTEXT(2) 
PARAMETRIC_REPRESENTATION_CONTEXT() REPRESENTATION_CONTEXT('2D SPACE',''
  ) );
#6821 = PCURVE('',#273,#6822);
#6822 = DEFINITIONAL_REPRESENTATION('',(#6823),#6827);
#6823 = LINE('',#6824,#6825);
#6824 = CARTESIAN_POINT('',(0.,0.));
#6825 = VECTOR('',#6826,1.);
#6826 = DIRECTION('',(1.,0.));
#6827 = ( GEOMETRIC_REPRESENTATION_CONTEXT(2) 
PARAMETRIC_REPRESENTATION_CONTEXT() REPRESENTATION_CONTEXT('2D SPACE',''
  ) );
#6828 = ORIENTED_EDGE('',*,*,#6829,.F.);
#6829 = EDGE_CURVE('',#6830,#6807,#6832,.T.);
#6830 = VERTEX_POINT('',#6831);
#6831 = CARTESIAN_POINT('',(15.494,-57.822,0.));
#6832 = SURFACE_CURVE('',#6833,(#6838,#6849),.PCURVE_S1.);
#6833 = CIRCLE('',#6834,5.573727986832);
#6834 = AXIS2_PLACEMENT_3D('',#6835,#6836,#6837);
#6835 = CARTESIAN_POINT('',(20.786303882554,-56.07329668442,0.));
#6836 = DIRECTION('',(0.,0.,-1.));
#6837 = DIRECTION('',(-0.94950881978,-0.313740340344,-0.));
#6838 = PCURVE('',#132,#6839);
#6839 = DEFINITIONAL_REPRESENTATION('',(#6840),#6848);
#6840 = ( BOUNDED_CURVE() B_SPLINE_CURVE(2,(#6841,#6842,#6843,#6844,
#6845,#6846,#6847),.UNSPECIFIED.,.T.,.F.) B_SPLINE_CURVE_WITH_KNOTS((1,2
    ,2,2,2,1),(-2.094395102393,0.,2.094395102393,4.188790204786,
6.28318530718,8.377580409573),.UNSPECIFIED.) CURVE() 
GEOMETRIC_REPRESENTATION_ITEM() RATIONAL_B_SPLINE_CURVE((1.,0.5,1.,0.5,
1.,0.5,1.)) REPRESENTATION_ITEM('') );
#6841 = CARTESIAN_POINT('',(15.494,-57.82199999999));
#6842 = CARTESIAN_POINT('',(12.465157010061,-48.65546078631));
#6843 = CARTESIAN_POINT('',(21.918034328862,-50.61567541979));
#6844 = CARTESIAN_POINT('',(31.370911647662,-52.57589005327));
#6845 = CARTESIAN_POINT('',(24.9468773188,-59.78221463347));
#6846 = CARTESIAN_POINT('',(18.522842989939,-66.98853921367));
#6847 = CARTESIAN_POINT('',(15.494,-57.82199999999));
#6848 = ( GEOMETRIC_REPRESENTATION_CONTEXT(2) 
PARAMETRIC_REPRESENTATION_CONTEXT() REPRESENTATION_CONTEXT('2D SPACE',''
  ) );
#6849 = PCURVE('',#306,#6850);
#6850 = DEFINITIONAL_REPRESENTATION('',(#6851),#6855);
#6851 = LINE('',#6852,#6853);
#6852 = CARTESIAN_POINT('',(0.,0.));
#6853 = VECTOR('',#6854,1.);
#6854 = DIRECTION('',(1.,0.));
#6855 = ( GEOMETRIC_REPRESENTATION_CONTEXT(2) 
PARAMETRIC_REPRESENTATION_CONTEXT() REPRESENTATION_CONTEXT('2D SPACE',''
  ) );
#6856 = ORIENTED_EDGE('',*,*,#6857,.F.);
#6857 = EDGE_CURVE('',#6858,#6830,#6860,.T.);
#6858 = VERTEX_POINT('',#6859);
#6859 = CARTESIAN_POINT('',(28.960398,-107.848346,0.));
#6860 = SURFACE_CURVE('',#6861,(#6865,#6872),.PCURVE_S1.);
#6861 = LINE('',#6862,#6863);
#6862 = CARTESIAN_POINT('',(28.960398,-107.848346,0.));
#6863 = VECTOR('',#6864,1.);
#6864 = DIRECTION('',(-0.259933273088,0.965626580797,0.));
#6865 = PCURVE('',#132,#6866);
#6866 = DEFINITIONAL_REPRESENTATION('',(#6867),#6871);
#6867 = LINE('',#6868,#6869);
#6868 = CARTESIAN_POINT('',(28.960398,-107.848346));
#6869 = VECTOR('',#6870,1.);
#6870 = DIRECTION('',(-0.259933273088,0.965626580797));
#6871 = ( GEOMETRIC_REPRESENTATION_CONTEXT(2) 
PARAMETRIC_REPRESENTATION_CONTEXT() REPRESENTATION_CONTEXT('2D SPACE',''
  ) );
#6872 = PCURVE('',#334,#6873);
#6873 = DEFINITIONAL_REPRESENTATION('',(#6874),#6878);
#6874 = LINE('',#6875,#6876);
#6875 = CARTESIAN_POINT('',(0.,0.));
#6876 = VECTOR('',#6877,1.);
#6877 = DIRECTION('',(1.,0.));
#6878 = ( GEOMETRIC_REPRESENTATION_CONTEXT(2) 
PARAMETRIC_REPRESENTATION_CONTEXT() REPRESENTATION_CONTEXT('2D SPACE',''
  ) );
#6879 = ORIENTED_EDGE('',*,*,#6880,.F.);
#6880 = EDGE_CURVE('',#6881,#6858,#6883,.T.);
#6881 = VERTEX_POINT('',#6882);
#6882 = CARTESIAN_POINT('',(35.549948,-111.575617,0.));
#6883 = SURFACE_CURVE('',#6884,(#6889,#6900),.PCURVE_S1.);
#6884 = CIRCLE('',#6885,9.094476114345);
#6885 = AXIS2_PLACEMENT_3D('',#6886,#6887,#6888);
#6886 = CARTESIAN_POINT('',(36.326397293409,-102.5143465433,0.));
#6887 = DIRECTION('',(0.,0.,-1.));
#6888 = DIRECTION('',(-8.53759231039E-02,-0.996348810284,-0.));
#6889 = PCURVE('',#132,#6890);
#6890 = DEFINITIONAL_REPRESENTATION('',(#6891),#6899);
#6891 = ( BOUNDED_CURVE() B_SPLINE_CURVE(2,(#6892,#6893,#6894,#6895,
#6896,#6897,#6898),.UNSPECIFIED.,.T.,.F.) B_SPLINE_CURVE_WITH_KNOTS((1,2
    ,2,2,2,1),(-2.094395102393,0.,2.094395102393,4.188790204786,
6.28318530718,8.377580409573),.UNSPECIFIED.) CURVE() 
GEOMETRIC_REPRESENTATION_ITEM() RATIONAL_B_SPLINE_CURVE((1.,0.5,1.,0.5,
1.,0.5,1.)) REPRESENTATION_ITEM('') );
#6892 = CARTESIAN_POINT('',(35.549948,-111.5756169999));
#6893 = CARTESIAN_POINT('',(19.855367187903,-110.2307673742));
#6894 = CARTESIAN_POINT('',(28.867331534064,-97.31128650211));
#6895 = CARTESIAN_POINT('',(37.879295880226,-84.39180562993));
#6896 = CARTESIAN_POINT('',(44.561912346162,-98.6561361278));
#6897 = CARTESIAN_POINT('',(51.244528812098,-112.9204666256));
#6898 = CARTESIAN_POINT('',(35.549948,-111.5756169999));
#6899 = ( GEOMETRIC_REPRESENTATION_CONTEXT(2) 
PARAMETRIC_REPRESENTATION_CONTEXT() REPRESENTATION_CONTEXT('2D SPACE',''
  ) );
#6900 = PCURVE('',#367,#6901);
#6901 = DEFINITIONAL_REPRESENTATION('',(#6902),#6906);
#6902 = LINE('',#6903,#6904);
#6903 = CARTESIAN_POINT('',(0.,0.));
#6904 = VECTOR('',#6905,1.);
#6905 = DIRECTION('',(1.,0.));
#6906 = ( GEOMETRIC_REPRESENTATION_CONTEXT(2) 
PARAMETRIC_REPRESENTATION_CONTEXT() REPRESENTATION_CONTEXT('2D SPACE',''
  ) );
#6907 = ORIENTED_EDGE('',*,*,#6908,.F.);
#6908 = EDGE_CURVE('',#6909,#6881,#6911,.T.);
#6909 = VERTEX_POINT('',#6910);
#6910 = CARTESIAN_POINT('',(58.783546,-110.725903,0.));
#6911 = SURFACE_CURVE('',#6912,(#6916,#6923),.PCURVE_S1.);
#6912 = LINE('',#6913,#6914);
#6913 = CARTESIAN_POINT('',(58.783546,-110.725903,0.));
#6914 = VECTOR('',#6915,1.);
#6915 = DIRECTION('',(-0.999331891177,-3.654820482734E-02,0.));
#6916 = PCURVE('',#132,#6917);
#6917 = DEFINITIONAL_REPRESENTATION('',(#6918),#6922);
#6918 = LINE('',#6919,#6920);
#6919 = CARTESIAN_POINT('',(58.783546,-110.725903));
#6920 = VECTOR('',#6921,1.);
#6921 = DIRECTION('',(-0.999331891177,-3.654820482734E-02));
#6922 = ( GEOMETRIC_REPRESENTATION_CONTEXT(2) 
PARAMETRIC_REPRESENTATION_CONTEXT() REPRESENTATION_CONTEXT('2D SPACE',''
  ) );
#6923 = PCURVE('',#395,#6924);
#6924 = DEFINITIONAL_REPRESENTATION('',(#6925),#6929);
#6925 = LINE('',#6926,#6927);
#6926 = CARTESIAN_POINT('',(0.,0.));
#6927 = VECTOR('',#6928,1.);
#6928 = DIRECTION('',(1.,0.));
#6929 = ( GEOMETRIC_REPRESENTATION_CONTEXT(2) 
PARAMETRIC_REPRESENTATION_CONTEXT() REPRESENTATION_CONTEXT('2D SPACE',''
  ) );
#6930 = ORIENTED_EDGE('',*,*,#6931,.F.);
#6931 = EDGE_CURVE('',#6932,#6909,#6934,.T.);
#6932 = VERTEX_POINT('',#6933);
#6933 = CARTESIAN_POINT('',(86.614,-113.284,0.));
#6934 = SURFACE_CURVE('',#6935,(#6940,#6947),.PCURVE_S1.);
#6935 = CIRCLE('',#6936,123.23917588978);
#6936 = AXIS2_PLACEMENT_3D('',#6937,#6938,#6939);
#6937 = CARTESIAN_POINT('',(61.491275879228,-233.9353290716,0.));
#6938 = DIRECTION('',(0.,-0.,1.));
#6939 = DIRECTION('',(0.203853392717,0.979001427107,0.));
#6940 = PCURVE('',#132,#6941);
#6941 = DEFINITIONAL_REPRESENTATION('',(#6942),#6946);
#6942 = CIRCLE('',#6943,123.23917588978);
#6943 = AXIS2_PLACEMENT_2D('',#6944,#6945);
#6944 = CARTESIAN_POINT('',(61.491275879228,-233.9353290716));
#6945 = DIRECTION('',(0.203853392717,0.979001427107));
#6946 = ( GEOMETRIC_REPRESENTATION_CONTEXT(2) 
PARAMETRIC_REPRESENTATION_CONTEXT() REPRESENTATION_CONTEXT('2D SPACE',''
  ) );
#6947 = PCURVE('',#424,#6948);
#6948 = DEFINITIONAL_REPRESENTATION('',(#6949),#6953);
#6949 = LINE('',#6950,#6951);
#6950 = CARTESIAN_POINT('',(6.28318530718,0.));
#6951 = VECTOR('',#6952,1.);
#6952 = DIRECTION('',(-1.,0.));
#6953 = ( GEOMETRIC_REPRESENTATION_CONTEXT(2) 
PARAMETRIC_REPRESENTATION_CONTEXT() REPRESENTATION_CONTEXT('2D SPACE',''
  ) );
#6954 = ORIENTED_EDGE('',*,*,#6955,.F.);
#6955 = EDGE_CURVE('',#6956,#6932,#6958,.T.);
#6956 = VERTEX_POINT('',#6957);
#6957 = CARTESIAN_POINT('',(96.774,-115.062,0.));
#6958 = SURFACE_CURVE('',#6959,(#6963,#6970),.PCURVE_S1.);
#6959 = LINE('',#6960,#6961);
#6960 = CARTESIAN_POINT('',(96.774,-115.062,0.));
#6961 = VECTOR('',#6962,1.);
#6962 = DIRECTION('',(-0.985030467156,0.172380331752,0.));
#6963 = PCURVE('',#132,#6964);
#6964 = DEFINITIONAL_REPRESENTATION('',(#6965),#6969);
#6965 = LINE('',#6966,#6967);
#6966 = CARTESIAN_POINT('',(96.774,-115.062));
#6967 = VECTOR('',#6968,1.);
#6968 = DIRECTION('',(-0.985030467156,0.172380331752));
#6969 = ( GEOMETRIC_REPRESENTATION_CONTEXT(2) 
PARAMETRIC_REPRESENTATION_CONTEXT() REPRESENTATION_CONTEXT('2D SPACE',''
  ) );
#6970 = PCURVE('',#452,#6971);
#6971 = DEFINITIONAL_REPRESENTATION('',(#6972),#6976);
#6972 = LINE('',#6973,#6974);
#6973 = CARTESIAN_POINT('',(0.,0.));
#6974 = VECTOR('',#6975,1.);
#6975 = DIRECTION('',(1.,0.));
#6976 = ( GEOMETRIC_REPRESENTATION_CONTEXT(2) 
PARAMETRIC_REPRESENTATION_CONTEXT() REPRESENTATION_CONTEXT('2D SPACE',''
  ) );
#6977 = ORIENTED_EDGE('',*,*,#6978,.F.);
#6978 = EDGE_CURVE('',#6979,#6956,#6981,.T.);
#6979 = VERTEX_POINT('',#6980);
#6980 = CARTESIAN_POINT('',(97.284813,-115.091456,0.));
#6981 = SURFACE_CURVE('',#6982,(#6987,#6998),.PCURVE_S1.);
#6982 = CIRCLE('',#6983,1.680911916124);
#6983 = AXIS2_PLACEMENT_3D('',#6984,#6985,#6986);
#6984 = CARTESIAN_POINT('',(97.125048074805,-113.4181538639,0.));
#6985 = DIRECTION('',(0.,-0.,-1.));
#6986 = DIRECTION('',(9.50465777905E-02,-0.995472826375,0.));
#6987 = PCURVE('',#132,#6988);
#6988 = DEFINITIONAL_REPRESENTATION('',(#6989),#6997);
#6989 = ( BOUNDED_CURVE() B_SPLINE_CURVE(2,(#6990,#6991,#6992,#6993,
#6994,#6995,#6996),.UNSPECIFIED.,.T.,.F.) B_SPLINE_CURVE_WITH_KNOTS((1,2
    ,2,2,2,1),(-2.094395102393,0.,2.094395102393,4.188790204786,
6.28318530718,8.377580409573),.UNSPECIFIED.) CURVE() 
GEOMETRIC_REPRESENTATION_ITEM() RATIONAL_B_SPLINE_CURVE((1.,0.5,1.,0.5,
1.,0.5,1.)) REPRESENTATION_ITEM('') );
#6990 = CARTESIAN_POINT('',(97.284813,-115.0914559999));
#6991 = CARTESIAN_POINT('',(94.386568683981,-115.3681769676));
#6992 = CARTESIAN_POINT('',(95.596043454198,-112.7198632797));
#6993 = CARTESIAN_POINT('',(96.805518224415,-110.0715495918));
#6994 = CARTESIAN_POINT('',(98.494287770217,-112.443142312));
#6995 = CARTESIAN_POINT('',(100.18305731601,-114.8147350322));
#6996 = CARTESIAN_POINT('',(97.284813,-115.0914559999));
#6997 = ( GEOMETRIC_REPRESENTATION_CONTEXT(2) 
PARAMETRIC_REPRESENTATION_CONTEXT() REPRESENTATION_CONTEXT('2D SPACE',''
  ) );
#6998 = PCURVE('',#485,#6999);
#6999 = DEFINITIONAL_REPRESENTATION('',(#7000),#7004);
#7000 = LINE('',#7001,#7002);
#7001 = CARTESIAN_POINT('',(0.,0.));
#7002 = VECTOR('',#7003,1.);
#7003 = DIRECTION('',(1.,0.));
#7004 = ( GEOMETRIC_REPRESENTATION_CONTEXT(2) 
PARAMETRIC_REPRESENTATION_CONTEXT() REPRESENTATION_CONTEXT('2D SPACE',''
  ) );
#7005 = ORIENTED_EDGE('',*,*,#7006,.F.);
#7006 = EDGE_CURVE('',#7007,#6979,#7009,.T.);
#7007 = VERTEX_POINT('',#7008);
#7008 = CARTESIAN_POINT('',(129.286,-113.03,0.));
#7009 = SURFACE_CURVE('',#7010,(#7014,#7021),.PCURVE_S1.);
#7010 = LINE('',#7011,#7012);
#7011 = CARTESIAN_POINT('',(129.286,-113.03,0.));
#7012 = VECTOR('',#7013,1.);
#7013 = DIRECTION('',(-0.997931588753,-6.428486734641E-02,0.));
#7014 = PCURVE('',#132,#7015);
#7015 = DEFINITIONAL_REPRESENTATION('',(#7016),#7020);
#7016 = LINE('',#7017,#7018);
#7017 = CARTESIAN_POINT('',(129.286,-113.03));
#7018 = VECTOR('',#7019,1.);
#7019 = DIRECTION('',(-0.997931588753,-6.428486734641E-02));
#7020 = ( GEOMETRIC_REPRESENTATION_CONTEXT(2) 
PARAMETRIC_REPRESENTATION_CONTEXT() REPRESENTATION_CONTEXT('2D SPACE',''
  ) );
#7021 = PCURVE('',#513,#7022);
#7022 = DEFINITIONAL_REPRESENTATION('',(#7023),#7027);
#7023 = LINE('',#7024,#7025);
#7024 = CARTESIAN_POINT('',(0.,0.));
#7025 = VECTOR('',#7026,1.);
#7026 = DIRECTION('',(1.,0.));
#7027 = ( GEOMETRIC_REPRESENTATION_CONTEXT(2) 
PARAMETRIC_REPRESENTATION_CONTEXT() REPRESENTATION_CONTEXT('2D SPACE',''
  ) );
#7028 = ORIENTED_EDGE('',*,*,#7029,.F.);
#7029 = EDGE_CURVE('',#7030,#7007,#7032,.T.);
#7030 = VERTEX_POINT('',#7031);
#7031 = CARTESIAN_POINT('',(133.53368,-108.458,0.));
#7032 = SURFACE_CURVE('',#7033,(#7038,#7049),.PCURVE_S1.);
#7033 = CIRCLE('',#7034,4.584381200066);
#7034 = AXIS2_PLACEMENT_3D('',#7035,#7036,#7037);
#7035 = CARTESIAN_POINT('',(128.94929879993,-108.4580000777,0.));
#7036 = DIRECTION('',(0.,0.,-1.));
#7037 = DIRECTION('',(1.,1.695173387593E-08,0.));
#7038 = PCURVE('',#132,#7039);
#7039 = DEFINITIONAL_REPRESENTATION('',(#7040),#7048);
#7040 = ( BOUNDED_CURVE() B_SPLINE_CURVE(2,(#7041,#7042,#7043,#7044,
#7045,#7046,#7047),.UNSPECIFIED.,.T.,.F.) B_SPLINE_CURVE_WITH_KNOTS((1,2
    ,2,2,2,1),(-2.094395102393,0.,2.094395102393,4.188790204786,
6.28318530718,8.377580409573),.UNSPECIFIED.) CURVE() 
GEOMETRIC_REPRESENTATION_ITEM() RATIONAL_B_SPLINE_CURVE((1.,0.5,1.,0.5,
1.,0.5,1.)) REPRESENTATION_ITEM('') );
#7041 = CARTESIAN_POINT('',(133.53367999999,-108.4579999999));
#7042 = CARTESIAN_POINT('',(133.53368013459,-116.3983811597));
#7043 = CARTESIAN_POINT('',(126.65710826719,-112.4281906964));
#7044 = CARTESIAN_POINT('',(119.78053639979,-108.4580002331));
#7045 = CARTESIAN_POINT('',(126.65710813259,-104.4878095366));
#7046 = CARTESIAN_POINT('',(133.53367986539,-100.5176188402));
#7047 = CARTESIAN_POINT('',(133.53367999999,-108.4579999999));
#7048 = ( GEOMETRIC_REPRESENTATION_CONTEXT(2) 
PARAMETRIC_REPRESENTATION_CONTEXT() REPRESENTATION_CONTEXT('2D SPACE',''
  ) );
#7049 = PCURVE('',#546,#7050);
#7050 = DEFINITIONAL_REPRESENTATION('',(#7051),#7055);
#7051 = LINE('',#7052,#7053);
#7052 = CARTESIAN_POINT('',(0.,0.));
#7053 = VECTOR('',#7054,1.);
#7054 = DIRECTION('',(1.,0.));
#7055 = ( GEOMETRIC_REPRESENTATION_CONTEXT(2) 
PARAMETRIC_REPRESENTATION_CONTEXT() REPRESENTATION_CONTEXT('2D SPACE',''
  ) );
#7056 = ORIENTED_EDGE('',*,*,#7057,.F.);
#7057 = EDGE_CURVE('',#7058,#7030,#7060,.T.);
#7058 = VERTEX_POINT('',#7059);
#7059 = CARTESIAN_POINT('',(133.53368,-82.296,0.));
#7060 = SURFACE_CURVE('',#7061,(#7065,#7072),.PCURVE_S1.);
#7061 = LINE('',#7062,#7063);
#7062 = CARTESIAN_POINT('',(133.53368,-82.296,0.));
#7063 = VECTOR('',#7064,1.);
#7064 = DIRECTION('',(0.,-1.,0.));
#7065 = PCURVE('',#132,#7066);
#7066 = DEFINITIONAL_REPRESENTATION('',(#7067),#7071);
#7067 = LINE('',#7068,#7069);
#7068 = CARTESIAN_POINT('',(133.53368,-82.296));
#7069 = VECTOR('',#7070,1.);
#7070 = DIRECTION('',(0.,-1.));
#7071 = ( GEOMETRIC_REPRESENTATION_CONTEXT(2) 
PARAMETRIC_REPRESENTATION_CONTEXT() REPRESENTATION_CONTEXT('2D SPACE',''
  ) );
#7072 = PCURVE('',#574,#7073);
#7073 = DEFINITIONAL_REPRESENTATION('',(#7074),#7078);
#7074 = LINE('',#7075,#7076);
#7075 = CARTESIAN_POINT('',(0.,0.));
#7076 = VECTOR('',#7077,1.);
#7077 = DIRECTION('',(1.,0.));
#7078 = ( GEOMETRIC_REPRESENTATION_CONTEXT(2) 
PARAMETRIC_REPRESENTATION_CONTEXT() REPRESENTATION_CONTEXT('2D SPACE',''
  ) );
#7079 = ORIENTED_EDGE('',*,*,#7080,.F.);
#7080 = EDGE_CURVE('',#7081,#7058,#7083,.T.);
#7081 = VERTEX_POINT('',#7082);
#7082 = CARTESIAN_POINT('',(133.61200039789,-82.296,0.));
#7083 = SURFACE_CURVE('',#7084,(#7088,#7095),.PCURVE_S1.);
#7084 = LINE('',#7085,#7086);
#7085 = CARTESIAN_POINT('',(135.69032,-82.296,0.));
#7086 = VECTOR('',#7087,1.);
#7087 = DIRECTION('',(-1.,0.,0.));
#7088 = PCURVE('',#132,#7089);
#7089 = DEFINITIONAL_REPRESENTATION('',(#7090),#7094);
#7090 = LINE('',#7091,#7092);
#7091 = CARTESIAN_POINT('',(135.69032,-82.296));
#7092 = VECTOR('',#7093,1.);
#7093 = DIRECTION('',(-1.,0.));
#7094 = ( GEOMETRIC_REPRESENTATION_CONTEXT(2) 
PARAMETRIC_REPRESENTATION_CONTEXT() REPRESENTATION_CONTEXT('2D SPACE',''
  ) );
#7095 = PCURVE('',#602,#7096);
#7096 = DEFINITIONAL_REPRESENTATION('',(#7097),#7101);
#7097 = LINE('',#7098,#7099);
#7098 = CARTESIAN_POINT('',(0.,-0.));
#7099 = VECTOR('',#7100,1.);
#7100 = DIRECTION('',(1.,0.));
#7101 = ( GEOMETRIC_REPRESENTATION_CONTEXT(2) 
PARAMETRIC_REPRESENTATION_CONTEXT() REPRESENTATION_CONTEXT('2D SPACE',''
  ) );
#7102 = ORIENTED_EDGE('',*,*,#7103,.T.);
#7103 = EDGE_CURVE('',#7081,#7104,#7106,.T.);
#7104 = VERTEX_POINT('',#7105);
#7105 = CARTESIAN_POINT('',(133.61200039789,-80.772,0.));
#7106 = SURFACE_CURVE('',#7107,(#7111,#7117),.PCURVE_S1.);
#7107 = LINE('',#7108,#7109);
#7108 = CARTESIAN_POINT('',(133.61200039789,-60.04953289001,0.));
#7109 = VECTOR('',#7110,1.);
#7110 = DIRECTION('',(0.,1.,0.));
#7111 = PCURVE('',#132,#7112);
#7112 = DEFINITIONAL_REPRESENTATION('',(#7113),#7116);
#7113 = B_SPLINE_CURVE_WITH_KNOTS('',1,(#7114,#7115),.UNSPECIFIED.,.F.,
  .F.,(2,2),(-55.04953289001,32.650463736569),.PIECEWISE_BEZIER_KNOTS.);
#7114 = CARTESIAN_POINT('',(133.61200039789,-115.09906578));
#7115 = CARTESIAN_POINT('',(133.61200039789,-27.39906915344));
#7116 = ( GEOMETRIC_REPRESENTATION_CONTEXT(2) 
PARAMETRIC_REPRESENTATION_CONTEXT() REPRESENTATION_CONTEXT('2D SPACE',''
  ) );
#7117 = PCURVE('',#629,#7118);
#7118 = DEFINITIONAL_REPRESENTATION('',(#7119),#7122);
#7119 = B_SPLINE_CURVE_WITH_KNOTS('',1,(#7120,#7121),.UNSPECIFIED.,.F.,
  .F.,(2,2),(-55.04953289001,32.650463736569),.PIECEWISE_BEZIER_KNOTS.);
#7120 = CARTESIAN_POINT('',(1.,-5.));
#7121 = CARTESIAN_POINT('',(1.,-92.69999662658));
#7122 = ( GEOMETRIC_REPRESENTATION_CONTEXT(2) 
PARAMETRIC_REPRESENTATION_CONTEXT() REPRESENTATION_CONTEXT('2D SPACE',''
  ) );
#7123 = ORIENTED_EDGE('',*,*,#7124,.F.);
#7124 = EDGE_CURVE('',#7125,#7104,#7127,.T.);
#7125 = VERTEX_POINT('',#7126);
#7126 = CARTESIAN_POINT('',(133.53368,-80.772,0.));
#7127 = SURFACE_CURVE('',#7128,(#7132,#7139),.PCURVE_S1.);
#7128 = LINE('',#7129,#7130);
#7129 = CARTESIAN_POINT('',(133.53368,-80.772,0.));
#7130 = VECTOR('',#7131,1.);
#7131 = DIRECTION('',(1.,0.,0.));
#7132 = PCURVE('',#132,#7133);
#7133 = DEFINITIONAL_REPRESENTATION('',(#7134),#7138);
#7134 = LINE('',#7135,#7136);
#7135 = CARTESIAN_POINT('',(133.53368,-80.772));
#7136 = VECTOR('',#7137,1.);
#7137 = DIRECTION('',(1.,0.));
#7138 = ( GEOMETRIC_REPRESENTATION_CONTEXT(2) 
PARAMETRIC_REPRESENTATION_CONTEXT() REPRESENTATION_CONTEXT('2D SPACE',''
  ) );
#7139 = PCURVE('',#656,#7140);
#7140 = DEFINITIONAL_REPRESENTATION('',(#7141),#7145);
#7141 = LINE('',#7142,#7143);
#7142 = CARTESIAN_POINT('',(0.,0.));
#7143 = VECTOR('',#7144,1.);
#7144 = DIRECTION('',(1.,0.));
#7145 = ( GEOMETRIC_REPRESENTATION_CONTEXT(2) 
PARAMETRIC_REPRESENTATION_CONTEXT() REPRESENTATION_CONTEXT('2D SPACE',''
  ) );
#7146 = ORIENTED_EDGE('',*,*,#7147,.F.);
#7147 = EDGE_CURVE('',#7148,#7125,#7150,.T.);
#7148 = VERTEX_POINT('',#7149);
#7149 = CARTESIAN_POINT('',(133.53368,-50.8,0.));
#7150 = SURFACE_CURVE('',#7151,(#7155,#7162),.PCURVE_S1.);
#7151 = LINE('',#7152,#7153);
#7152 = CARTESIAN_POINT('',(133.53368,-50.8,0.));
#7153 = VECTOR('',#7154,1.);
#7154 = DIRECTION('',(0.,-1.,0.));
#7155 = PCURVE('',#132,#7156);
#7156 = DEFINITIONAL_REPRESENTATION('',(#7157),#7161);
#7157 = LINE('',#7158,#7159);
#7158 = CARTESIAN_POINT('',(133.53368,-50.8));
#7159 = VECTOR('',#7160,1.);
#7160 = DIRECTION('',(0.,-1.));
#7161 = ( GEOMETRIC_REPRESENTATION_CONTEXT(2) 
PARAMETRIC_REPRESENTATION_CONTEXT() REPRESENTATION_CONTEXT('2D SPACE',''
  ) );
#7162 = PCURVE('',#684,#7163);
#7163 = DEFINITIONAL_REPRESENTATION('',(#7164),#7168);
#7164 = LINE('',#7165,#7166);
#7165 = CARTESIAN_POINT('',(0.,0.));
#7166 = VECTOR('',#7167,1.);
#7167 = DIRECTION('',(1.,0.));
#7168 = ( GEOMETRIC_REPRESENTATION_CONTEXT(2) 
PARAMETRIC_REPRESENTATION_CONTEXT() REPRESENTATION_CONTEXT('2D SPACE',''
  ) );
#7169 = ORIENTED_EDGE('',*,*,#7170,.F.);
#7170 = EDGE_CURVE('',#7171,#7148,#7173,.T.);
#7171 = VERTEX_POINT('',#7172);
#7172 = CARTESIAN_POINT('',(133.61200039789,-50.8,0.));
#7173 = SURFACE_CURVE('',#7174,(#7178,#7185),.PCURVE_S1.);
#7174 = LINE('',#7175,#7176);
#7175 = CARTESIAN_POINT('',(135.69032,-50.8,0.));
#7176 = VECTOR('',#7177,1.);
#7177 = DIRECTION('',(-1.,0.,0.));
#7178 = PCURVE('',#132,#7179);
#7179 = DEFINITIONAL_REPRESENTATION('',(#7180),#7184);
#7180 = LINE('',#7181,#7182);
#7181 = CARTESIAN_POINT('',(135.69032,-50.8));
#7182 = VECTOR('',#7183,1.);
#7183 = DIRECTION('',(-1.,0.));
#7184 = ( GEOMETRIC_REPRESENTATION_CONTEXT(2) 
PARAMETRIC_REPRESENTATION_CONTEXT() REPRESENTATION_CONTEXT('2D SPACE',''
  ) );
#7185 = PCURVE('',#712,#7186);
#7186 = DEFINITIONAL_REPRESENTATION('',(#7187),#7191);
#7187 = LINE('',#7188,#7189);
#7188 = CARTESIAN_POINT('',(0.,-0.));
#7189 = VECTOR('',#7190,1.);
#7190 = DIRECTION('',(1.,0.));
#7191 = ( GEOMETRIC_REPRESENTATION_CONTEXT(2) 
PARAMETRIC_REPRESENTATION_CONTEXT() REPRESENTATION_CONTEXT('2D SPACE',''
  ) );
#7192 = ORIENTED_EDGE('',*,*,#7193,.T.);
#7193 = EDGE_CURVE('',#7171,#7194,#7196,.T.);
#7194 = VERTEX_POINT('',#7195);
#7195 = CARTESIAN_POINT('',(133.61200039789,-49.276,0.));
#7196 = SURFACE_CURVE('',#7197,(#7201,#7207),.PCURVE_S1.);
#7197 = LINE('',#7198,#7199);
#7198 = CARTESIAN_POINT('',(133.61200039789,-60.04953289001,0.));
#7199 = VECTOR('',#7200,1.);
#7200 = DIRECTION('',(0.,1.,0.));
#7201 = PCURVE('',#132,#7202);
#7202 = DEFINITIONAL_REPRESENTATION('',(#7203),#7206);
#7203 = B_SPLINE_CURVE_WITH_KNOTS('',1,(#7204,#7205),.UNSPECIFIED.,.F.,
  .F.,(2,2),(-55.04953289001,32.650463736569),.PIECEWISE_BEZIER_KNOTS.);
#7204 = CARTESIAN_POINT('',(133.61200039789,-115.09906578));
#7205 = CARTESIAN_POINT('',(133.61200039789,-27.39906915344));
#7206 = ( GEOMETRIC_REPRESENTATION_CONTEXT(2) 
PARAMETRIC_REPRESENTATION_CONTEXT() REPRESENTATION_CONTEXT('2D SPACE',''
  ) );
#7207 = PCURVE('',#739,#7208);
#7208 = DEFINITIONAL_REPRESENTATION('',(#7209),#7212);
#7209 = B_SPLINE_CURVE_WITH_KNOTS('',1,(#7210,#7211),.UNSPECIFIED.,.F.,
  .F.,(2,2),(-55.04953289001,32.650463736569),.PIECEWISE_BEZIER_KNOTS.);
#7210 = CARTESIAN_POINT('',(1.,-5.));
#7211 = CARTESIAN_POINT('',(1.,-92.69999662658));
#7212 = ( GEOMETRIC_REPRESENTATION_CONTEXT(2) 
PARAMETRIC_REPRESENTATION_CONTEXT() REPRESENTATION_CONTEXT('2D SPACE',''
  ) );
#7213 = ORIENTED_EDGE('',*,*,#7214,.F.);
#7214 = EDGE_CURVE('',#7215,#7194,#7217,.T.);
#7215 = VERTEX_POINT('',#7216);
#7216 = CARTESIAN_POINT('',(133.53368,-49.276,0.));
#7217 = SURFACE_CURVE('',#7218,(#7222,#7229),.PCURVE_S1.);
#7218 = LINE('',#7219,#7220);
#7219 = CARTESIAN_POINT('',(133.53368,-49.276,0.));
#7220 = VECTOR('',#7221,1.);
#7221 = DIRECTION('',(1.,0.,0.));
#7222 = PCURVE('',#132,#7223);
#7223 = DEFINITIONAL_REPRESENTATION('',(#7224),#7228);
#7224 = LINE('',#7225,#7226);
#7225 = CARTESIAN_POINT('',(133.53368,-49.276));
#7226 = VECTOR('',#7227,1.);
#7227 = DIRECTION('',(1.,0.));
#7228 = ( GEOMETRIC_REPRESENTATION_CONTEXT(2) 
PARAMETRIC_REPRESENTATION_CONTEXT() REPRESENTATION_CONTEXT('2D SPACE',''
  ) );
#7229 = PCURVE('',#766,#7230);
#7230 = DEFINITIONAL_REPRESENTATION('',(#7231),#7235);
#7231 = LINE('',#7232,#7233);
#7232 = CARTESIAN_POINT('',(0.,0.));
#7233 = VECTOR('',#7234,1.);
#7234 = DIRECTION('',(1.,0.));
#7235 = ( GEOMETRIC_REPRESENTATION_CONTEXT(2) 
PARAMETRIC_REPRESENTATION_CONTEXT() REPRESENTATION_CONTEXT('2D SPACE',''
  ) );
#7236 = ORIENTED_EDGE('',*,*,#7237,.F.);
#7237 = EDGE_CURVE('',#7238,#7215,#7240,.T.);
#7238 = VERTEX_POINT('',#7239);
#7239 = CARTESIAN_POINT('',(133.53368,-42.926,0.));
#7240 = SURFACE_CURVE('',#7241,(#7245,#7252),.PCURVE_S1.);
#7241 = LINE('',#7242,#7243);
#7242 = CARTESIAN_POINT('',(133.53368,-42.926,0.));
#7243 = VECTOR('',#7244,1.);
#7244 = DIRECTION('',(0.,-1.,0.));
#7245 = PCURVE('',#132,#7246);
#7246 = DEFINITIONAL_REPRESENTATION('',(#7247),#7251);
#7247 = LINE('',#7248,#7249);
#7248 = CARTESIAN_POINT('',(133.53368,-42.926));
#7249 = VECTOR('',#7250,1.);
#7250 = DIRECTION('',(0.,-1.));
#7251 = ( GEOMETRIC_REPRESENTATION_CONTEXT(2) 
PARAMETRIC_REPRESENTATION_CONTEXT() REPRESENTATION_CONTEXT('2D SPACE',''
  ) );
#7252 = PCURVE('',#794,#7253);
#7253 = DEFINITIONAL_REPRESENTATION('',(#7254),#7258);
#7254 = LINE('',#7255,#7256);
#7255 = CARTESIAN_POINT('',(0.,0.));
#7256 = VECTOR('',#7257,1.);
#7257 = DIRECTION('',(1.,0.));
#7258 = ( GEOMETRIC_REPRESENTATION_CONTEXT(2) 
PARAMETRIC_REPRESENTATION_CONTEXT() REPRESENTATION_CONTEXT('2D SPACE',''
  ) );
#7259 = ORIENTED_EDGE('',*,*,#7260,.F.);
#7260 = EDGE_CURVE('',#7261,#7238,#7263,.T.);
#7261 = VERTEX_POINT('',#7262);
#7262 = CARTESIAN_POINT('',(132.183836,-41.648473,0.));
#7263 = SURFACE_CURVE('',#7264,(#7269,#7280),.PCURVE_S1.);
#7264 = CIRCLE('',#7265,1.270040628742);
#7265 = AXIS2_PLACEMENT_3D('',#7266,#7267,#7268);
#7266 = CARTESIAN_POINT('',(132.26367872937,-42.91600143645,0.));
#7267 = DIRECTION('',(0.,0.,-1.));
#7268 = DIRECTION('',(-6.286627968464E-02,0.998021959116,0.));
#7269 = PCURVE('',#132,#7270);
#7270 = DEFINITIONAL_REPRESENTATION('',(#7271),#7279);
#7271 = ( BOUNDED_CURVE() B_SPLINE_CURVE(2,(#7272,#7273,#7274,#7275,
#7276,#7277,#7278),.UNSPECIFIED.,.T.,.F.) B_SPLINE_CURVE_WITH_KNOTS((1,2
    ,2,2,2,1),(-2.094395102393,0.,2.094395102393,4.188790204786,
6.28318530718,8.377580409573),.UNSPECIFIED.) CURVE() 
GEOMETRIC_REPRESENTATION_ITEM() RATIONAL_B_SPLINE_CURVE((1.,0.5,1.,0.5,
1.,0.5,1.)) REPRESENTATION_ITEM('') );
#7272 = CARTESIAN_POINT('',(132.18383599999,-41.64847299999));
#7273 = CARTESIAN_POINT('',(134.37925965197,-41.51018133609));
#7274 = CARTESIAN_POINT('',(133.40131192004,-43.48061982272));
#7275 = CARTESIAN_POINT('',(132.42336418812,-45.45105830935));
#7276 = CARTESIAN_POINT('',(131.20588826807,-43.61891148662));
#7277 = CARTESIAN_POINT('',(129.98841234801,-41.78676466389));
#7278 = CARTESIAN_POINT('',(132.18383599999,-41.64847299999));
#7279 = ( GEOMETRIC_REPRESENTATION_CONTEXT(2) 
PARAMETRIC_REPRESENTATION_CONTEXT() REPRESENTATION_CONTEXT('2D SPACE',''
  ) );
#7280 = PCURVE('',#827,#7281);
#7281 = DEFINITIONAL_REPRESENTATION('',(#7282),#7286);
#7282 = LINE('',#7283,#7284);
#7283 = CARTESIAN_POINT('',(0.,0.));
#7284 = VECTOR('',#7285,1.);
#7285 = DIRECTION('',(1.,0.));
#7286 = ( GEOMETRIC_REPRESENTATION_CONTEXT(2) 
PARAMETRIC_REPRESENTATION_CONTEXT() REPRESENTATION_CONTEXT('2D SPACE',''
  ) );
#7287 = ORIENTED_EDGE('',*,*,#7288,.F.);
#7288 = EDGE_CURVE('',#7289,#7261,#7291,.T.);
#7289 = VERTEX_POINT('',#7290);
#7290 = CARTESIAN_POINT('',(116.121405,-41.625211,0.));
#7291 = SURFACE_CURVE('',#7292,(#7296,#7303),.PCURVE_S1.);
#7292 = LINE('',#7293,#7294);
#7293 = CARTESIAN_POINT('',(116.121405,-41.625211,0.));
#7294 = VECTOR('',#7295,1.);
#7295 = DIRECTION('',(0.999998951325,-1.448222601282E-03,0.));
#7296 = PCURVE('',#132,#7297);
#7297 = DEFINITIONAL_REPRESENTATION('',(#7298),#7302);
#7298 = LINE('',#7299,#7300);
#7299 = CARTESIAN_POINT('',(116.121405,-41.625211));
#7300 = VECTOR('',#7301,1.);
#7301 = DIRECTION('',(0.999998951325,-1.448222601282E-03));
#7302 = ( GEOMETRIC_REPRESENTATION_CONTEXT(2) 
PARAMETRIC_REPRESENTATION_CONTEXT() REPRESENTATION_CONTEXT('2D SPACE',''
  ) );
#7303 = PCURVE('',#855,#7304);
#7304 = DEFINITIONAL_REPRESENTATION('',(#7305),#7309);
#7305 = LINE('',#7306,#7307);
#7306 = CARTESIAN_POINT('',(0.,0.));
#7307 = VECTOR('',#7308,1.);
#7308 = DIRECTION('',(1.,0.));
#7309 = ( GEOMETRIC_REPRESENTATION_CONTEXT(2) 
PARAMETRIC_REPRESENTATION_CONTEXT() REPRESENTATION_CONTEXT('2D SPACE',''
  ) );
#7310 = ORIENTED_EDGE('',*,*,#7311,.F.);
#7311 = EDGE_CURVE('',#7312,#7289,#7314,.T.);
#7312 = VERTEX_POINT('',#7313);
#7313 = CARTESIAN_POINT('',(115.062,-40.64,0.));
#7314 = SURFACE_CURVE('',#7315,(#7320,#7327),.PCURVE_S1.);
#7315 = CIRCLE('',#7316,1.016451989888);
#7316 = AXIS2_PLACEMENT_3D('',#7317,#7318,#7319);
#7317 = CARTESIAN_POINT('',(116.0779998625,-40.60968618898,0.));
#7318 = DIRECTION('',(0.,0.,1.));
#7319 = DIRECTION('',(-0.999555190616,-2.982316067631E-02,0.));
#7320 = PCURVE('',#132,#7321);
#7321 = DEFINITIONAL_REPRESENTATION('',(#7322),#7326);
#7322 = CIRCLE('',#7323,1.016451989888);
#7323 = AXIS2_PLACEMENT_2D('',#7324,#7325);
#7324 = CARTESIAN_POINT('',(116.0779998625,-40.60968618898));
#7325 = DIRECTION('',(-0.999555190616,-2.982316067631E-02));
#7326 = ( GEOMETRIC_REPRESENTATION_CONTEXT(2) 
PARAMETRIC_REPRESENTATION_CONTEXT() REPRESENTATION_CONTEXT('2D SPACE',''
  ) );
#7327 = PCURVE('',#884,#7328);
#7328 = DEFINITIONAL_REPRESENTATION('',(#7329),#7333);
#7329 = LINE('',#7330,#7331);
#7330 = CARTESIAN_POINT('',(6.28318530718,0.));
#7331 = VECTOR('',#7332,1.);
#7332 = DIRECTION('',(-1.,0.));
#7333 = ( GEOMETRIC_REPRESENTATION_CONTEXT(2) 
PARAMETRIC_REPRESENTATION_CONTEXT() REPRESENTATION_CONTEXT('2D SPACE',''
  ) );
#7334 = ORIENTED_EDGE('',*,*,#7335,.F.);
#7335 = EDGE_CURVE('',#7336,#7312,#7338,.T.);
#7336 = VERTEX_POINT('',#7337);
#7337 = CARTESIAN_POINT('',(115.065179,-38.841439,0.));
#7338 = SURFACE_CURVE('',#7339,(#7343,#7350),.PCURVE_S1.);
#7339 = LINE('',#7340,#7341);
#7340 = CARTESIAN_POINT('',(115.065179,-38.841439,0.));
#7341 = VECTOR('',#7342,1.);
#7342 = DIRECTION('',(-1.767521387482E-03,-0.999998437933,0.));
#7343 = PCURVE('',#132,#7344);
#7344 = DEFINITIONAL_REPRESENTATION('',(#7345),#7349);
#7345 = LINE('',#7346,#7347);
#7346 = CARTESIAN_POINT('',(115.065179,-38.841439));
#7347 = VECTOR('',#7348,1.);
#7348 = DIRECTION('',(-1.767521387482E-03,-0.999998437933));
#7349 = ( GEOMETRIC_REPRESENTATION_CONTEXT(2) 
PARAMETRIC_REPRESENTATION_CONTEXT() REPRESENTATION_CONTEXT('2D SPACE',''
  ) );
#7350 = PCURVE('',#912,#7351);
#7351 = DEFINITIONAL_REPRESENTATION('',(#7352),#7356);
#7352 = LINE('',#7353,#7354);
#7353 = CARTESIAN_POINT('',(0.,0.));
#7354 = VECTOR('',#7355,1.);
#7355 = DIRECTION('',(1.,0.));
#7356 = ( GEOMETRIC_REPRESENTATION_CONTEXT(2) 
PARAMETRIC_REPRESENTATION_CONTEXT() REPRESENTATION_CONTEXT('2D SPACE',''
  ) );
#7357 = ORIENTED_EDGE('',*,*,#7358,.F.);
#7358 = EDGE_CURVE('',#6730,#7336,#7359,.T.);
#7359 = SURFACE_CURVE('',#7360,(#7365,#7376),.PCURVE_S1.);
#7360 = CIRCLE('',#7361,5.105867468502);
#7361 = AXIS2_PLACEMENT_3D('',#7362,#7363,#7364);
#7362 = CARTESIAN_POINT('',(109.96767320487,-38.54934779062,0.));
#7363 = DIRECTION('',(0.,0.,-1.));
#7364 = DIRECTION('',(0.152790059659,0.988258669413,0.));
#7365 = PCURVE('',#132,#7366);
#7366 = DEFINITIONAL_REPRESENTATION('',(#7367),#7375);
#7367 = ( BOUNDED_CURVE() B_SPLINE_CURVE(2,(#7368,#7369,#7370,#7371,
#7372,#7373,#7374),.UNSPECIFIED.,.T.,.F.) B_SPLINE_CURVE_WITH_KNOTS((1,2
    ,2,2,2,1),(-2.094395102393,0.,2.094395102393,4.188790204786,
6.28318530718,8.377580409573),.UNSPECIFIED.) CURVE() 
GEOMETRIC_REPRESENTATION_ITEM() RATIONAL_B_SPLINE_CURVE((1.,0.5,1.,0.5,
1.,0.5,1.)) REPRESENTATION_ITEM('') );
#7368 = CARTESIAN_POINT('',(110.74779899999,-33.50343));
#7369 = CARTESIAN_POINT('',(119.48758498416,-34.85464751344));
#7370 = CARTESIAN_POINT('',(113.94750329939,-41.74791544265));
#7371 = CARTESIAN_POINT('',(108.40742161462,-48.64118337185));
#7372 = CARTESIAN_POINT('',(105.20771731522,-40.3966979292));
#7373 = CARTESIAN_POINT('',(102.00801301582,-32.15221248655));
#7374 = CARTESIAN_POINT('',(110.74779899999,-33.50343));
#7375 = ( GEOMETRIC_REPRESENTATION_CONTEXT(2) 
PARAMETRIC_REPRESENTATION_CONTEXT() REPRESENTATION_CONTEXT('2D SPACE',''
  ) );
#7376 = PCURVE('',#945,#7377);
#7377 = DEFINITIONAL_REPRESENTATION('',(#7378),#7382);
#7378 = LINE('',#7379,#7380);
#7379 = CARTESIAN_POINT('',(0.,0.));
#7380 = VECTOR('',#7381,1.);
#7381 = DIRECTION('',(1.,0.));
#7382 = ( GEOMETRIC_REPRESENTATION_CONTEXT(2) 
PARAMETRIC_REPRESENTATION_CONTEXT() REPRESENTATION_CONTEXT('2D SPACE',''
  ) );
#7383 = ORIENTED_EDGE('',*,*,#6752,.F.);
#7384 = FACE_BOUND('',#7385,.F.);
#7385 = EDGE_LOOP('',(#7386));
#7386 = ORIENTED_EDGE('',*,*,#7387,.T.);
#7387 = EDGE_CURVE('',#7388,#7388,#7390,.T.);
#7388 = VERTEX_POINT('',#7389);
#7389 = CARTESIAN_POINT('',(32.579945,-100.604442,0.));
#7390 = SURFACE_CURVE('',#7391,(#7396,#7407),.PCURVE_S1.);
#7391 = CIRCLE('',#7392,0.635);
#7392 = AXIS2_PLACEMENT_3D('',#7393,#7394,#7395);
#7393 = CARTESIAN_POINT('',(32.579945,-99.969442,0.));
#7394 = DIRECTION('',(-0.,-0.,-1.));
#7395 = DIRECTION('',(0.,-1.,0.));
#7396 = PCURVE('',#132,#7397);
#7397 = DEFINITIONAL_REPRESENTATION('',(#7398),#7406);
#7398 = ( BOUNDED_CURVE() B_SPLINE_CURVE(2,(#7399,#7400,#7401,#7402,
#7403,#7404,#7405),.UNSPECIFIED.,.T.,.F.) B_SPLINE_CURVE_WITH_KNOTS((1,2
    ,2,2,2,1),(-2.094395102393,0.,2.094395102393,4.188790204786,
6.28318530718,8.377580409573),.UNSPECIFIED.) CURVE() 
GEOMETRIC_REPRESENTATION_ITEM() RATIONAL_B_SPLINE_CURVE((1.,0.5,1.,0.5,
1.,0.5,1.)) REPRESENTATION_ITEM('') );
#7399 = CARTESIAN_POINT('',(32.579945,-100.604442));
#7400 = CARTESIAN_POINT('',(31.480092737194,-100.604442));
#7401 = CARTESIAN_POINT('',(32.030018868597,-99.651942));
#7402 = CARTESIAN_POINT('',(32.579945,-98.699442));
#7403 = CARTESIAN_POINT('',(33.129871131403,-99.651942));
#7404 = CARTESIAN_POINT('',(33.679797262806,-100.604442));
#7405 = CARTESIAN_POINT('',(32.579945,-100.604442));
#7406 = ( GEOMETRIC_REPRESENTATION_CONTEXT(2) 
PARAMETRIC_REPRESENTATION_CONTEXT() REPRESENTATION_CONTEXT('2D SPACE',''
  ) );
#7407 = PCURVE('',#1001,#7408);
#7408 = DEFINITIONAL_REPRESENTATION('',(#7409),#7413);
#7409 = LINE('',#7410,#7411);
#7410 = CARTESIAN_POINT('',(0.,-4.6E-02));
#7411 = VECTOR('',#7412,1.);
#7412 = DIRECTION('',(1.,0.));
#7413 = ( GEOMETRIC_REPRESENTATION_CONTEXT(2) 
PARAMETRIC_REPRESENTATION_CONTEXT() REPRESENTATION_CONTEXT('2D SPACE',''
  ) );
#7414 = FACE_BOUND('',#7415,.F.);
#7415 = EDGE_LOOP('',(#7416));
#7416 = ORIENTED_EDGE('',*,*,#7417,.T.);
#7417 = EDGE_CURVE('',#7418,#7418,#7420,.T.);
#7418 = VERTEX_POINT('',#7419);
#7419 = CARTESIAN_POINT('',(31.11347,-97.279234,0.));
#7420 = SURFACE_CURVE('',#7421,(#7426,#7437),.PCURVE_S1.);
#7421 = CIRCLE('',#7422,0.8509);
#7422 = AXIS2_PLACEMENT_3D('',#7423,#7424,#7425);
#7423 = CARTESIAN_POINT('',(31.11347,-96.428334,0.));
#7424 = DIRECTION('',(-0.,-0.,-1.));
#7425 = DIRECTION('',(0.,-1.,0.));
#7426 = PCURVE('',#132,#7427);
#7427 = DEFINITIONAL_REPRESENTATION('',(#7428),#7436);
#7428 = ( BOUNDED_CURVE() B_SPLINE_CURVE(2,(#7429,#7430,#7431,#7432,
#7433,#7434,#7435),.UNSPECIFIED.,.T.,.F.) B_SPLINE_CURVE_WITH_KNOTS((1,2
    ,2,2,2,1),(-2.094395102393,0.,2.094395102393,4.188790204786,
6.28318530718,8.377580409573),.UNSPECIFIED.) CURVE() 
GEOMETRIC_REPRESENTATION_ITEM() RATIONAL_B_SPLINE_CURVE((1.,0.5,1.,0.5,
1.,0.5,1.)) REPRESENTATION_ITEM('') );
#7429 = CARTESIAN_POINT('',(31.11347,-97.279234));
#7430 = CARTESIAN_POINT('',(29.63966796784,-97.279234));
#7431 = CARTESIAN_POINT('',(30.37656898392,-96.002884));
#7432 = CARTESIAN_POINT('',(31.11347,-94.726534));
#7433 = CARTESIAN_POINT('',(31.85037101608,-96.002884));
#7434 = CARTESIAN_POINT('',(32.58727203216,-97.279234));
#7435 = CARTESIAN_POINT('',(31.11347,-97.279234));
#7436 = ( GEOMETRIC_REPRESENTATION_CONTEXT(2) 
PARAMETRIC_REPRESENTATION_CONTEXT() REPRESENTATION_CONTEXT('2D SPACE',''
  ) );
#7437 = PCURVE('',#1036,#7438);
#7438 = DEFINITIONAL_REPRESENTATION('',(#7439),#7443);
#7439 = LINE('',#7440,#7441);
#7440 = CARTESIAN_POINT('',(0.,-4.6E-02));
#7441 = VECTOR('',#7442,1.);
#7442 = DIRECTION('',(1.,0.));
#7443 = ( GEOMETRIC_REPRESENTATION_CONTEXT(2) 
PARAMETRIC_REPRESENTATION_CONTEXT() REPRESENTATION_CONTEXT('2D SPACE',''
  ) );
#7444 = FACE_BOUND('',#7445,.F.);
#7445 = EDGE_LOOP('',(#7446));
#7446 = ORIENTED_EDGE('',*,*,#7447,.T.);
#7447 = EDGE_CURVE('',#7448,#7448,#7450,.T.);
#7448 = VERTEX_POINT('',#7449);
#7449 = CARTESIAN_POINT('',(30.296889,-92.794276,0.));
#7450 = SURFACE_CURVE('',#7451,(#7456,#7467),.PCURVE_S1.);
#7451 = CIRCLE('',#7452,0.4953);
#7452 = AXIS2_PLACEMENT_3D('',#7453,#7454,#7455);
#7453 = CARTESIAN_POINT('',(30.296889,-92.298976,0.));
#7454 = DIRECTION('',(-0.,-0.,-1.));
#7455 = DIRECTION('',(0.,-1.,0.));
#7456 = PCURVE('',#132,#7457);
#7457 = DEFINITIONAL_REPRESENTATION('',(#7458),#7466);
#7458 = ( BOUNDED_CURVE() B_SPLINE_CURVE(2,(#7459,#7460,#7461,#7462,
#7463,#7464,#7465),.UNSPECIFIED.,.T.,.F.) B_SPLINE_CURVE_WITH_KNOTS((1,2
    ,2,2,2,1),(-2.094395102393,0.,2.094395102393,4.188790204786,
6.28318530718,8.377580409573),.UNSPECIFIED.) CURVE() 
GEOMETRIC_REPRESENTATION_ITEM() RATIONAL_B_SPLINE_CURVE((1.,0.5,1.,0.5,
1.,0.5,1.)) REPRESENTATION_ITEM('') );
#7459 = CARTESIAN_POINT('',(30.296889,-92.794276));
#7460 = CARTESIAN_POINT('',(29.439004235011,-92.794276));
#7461 = CARTESIAN_POINT('',(29.867946617506,-92.051326));
#7462 = CARTESIAN_POINT('',(30.296889,-91.308376));
#7463 = CARTESIAN_POINT('',(30.725831382494,-92.051326));
#7464 = CARTESIAN_POINT('',(31.154773764989,-92.794276));
#7465 = CARTESIAN_POINT('',(30.296889,-92.794276));
#7466 = ( GEOMETRIC_REPRESENTATION_CONTEXT(2) 
PARAMETRIC_REPRESENTATION_CONTEXT() REPRESENTATION_CONTEXT('2D SPACE',''
  ) );
#7467 = PCURVE('',#1071,#7468);
#7468 = DEFINITIONAL_REPRESENTATION('',(#7469),#7473);
#7469 = LINE('',#7470,#7471);
#7470 = CARTESIAN_POINT('',(0.,-4.6E-02));
#7471 = VECTOR('',#7472,1.);
#7472 = DIRECTION('',(1.,0.));
#7473 = ( GEOMETRIC_REPRESENTATION_CONTEXT(2) 
PARAMETRIC_REPRESENTATION_CONTEXT() REPRESENTATION_CONTEXT('2D SPACE',''
  ) );
#7474 = FACE_BOUND('',#7475,.F.);
#7475 = EDGE_LOOP('',(#7476));
#7476 = ORIENTED_EDGE('',*,*,#7477,.T.);
#7477 = EDGE_CURVE('',#7478,#7478,#7480,.T.);
#7478 = VERTEX_POINT('',#7479);
#7479 = CARTESIAN_POINT('',(37.953094,-101.338791,0.));
#7480 = SURFACE_CURVE('',#7481,(#7486,#7497),.PCURVE_S1.);
#7481 = CIRCLE('',#7482,0.635);
#7482 = AXIS2_PLACEMENT_3D('',#7483,#7484,#7485);
#7483 = CARTESIAN_POINT('',(37.953094,-100.703791,0.));
#7484 = DIRECTION('',(-0.,-0.,-1.));
#7485 = DIRECTION('',(0.,-1.,0.));
#7486 = PCURVE('',#132,#7487);
#7487 = DEFINITIONAL_REPRESENTATION('',(#7488),#7496);
#7488 = ( BOUNDED_CURVE() B_SPLINE_CURVE(2,(#7489,#7490,#7491,#7492,
#7493,#7494,#7495),.UNSPECIFIED.,.T.,.F.) B_SPLINE_CURVE_WITH_KNOTS((1,2
    ,2,2,2,1),(-2.094395102393,0.,2.094395102393,4.188790204786,
6.28318530718,8.377580409573),.UNSPECIFIED.) CURVE() 
GEOMETRIC_REPRESENTATION_ITEM() RATIONAL_B_SPLINE_CURVE((1.,0.5,1.,0.5,
1.,0.5,1.)) REPRESENTATION_ITEM('') );
#7489 = CARTESIAN_POINT('',(37.953094,-101.338791));
#7490 = CARTESIAN_POINT('',(36.853241737194,-101.338791));
#7491 = CARTESIAN_POINT('',(37.403167868597,-100.386291));
#7492 = CARTESIAN_POINT('',(37.953094,-99.433791));
#7493 = CARTESIAN_POINT('',(38.503020131403,-100.386291));
#7494 = CARTESIAN_POINT('',(39.052946262806,-101.338791));
#7495 = CARTESIAN_POINT('',(37.953094,-101.338791));
#7496 = ( GEOMETRIC_REPRESENTATION_CONTEXT(2) 
PARAMETRIC_REPRESENTATION_CONTEXT() REPRESENTATION_CONTEXT('2D SPACE',''
  ) );
#7497 = PCURVE('',#1106,#7498);
#7498 = DEFINITIONAL_REPRESENTATION('',(#7499),#7503);
#7499 = LINE('',#7500,#7501);
#7500 = CARTESIAN_POINT('',(0.,-4.6E-02));
#7501 = VECTOR('',#7502,1.);
#7502 = DIRECTION('',(1.,0.));
#7503 = ( GEOMETRIC_REPRESENTATION_CONTEXT(2) 
PARAMETRIC_REPRESENTATION_CONTEXT() REPRESENTATION_CONTEXT('2D SPACE',''
  ) );
#7504 = FACE_BOUND('',#7505,.F.);
#7505 = EDGE_LOOP('',(#7506));
#7506 = ORIENTED_EDGE('',*,*,#7507,.T.);
#7507 = EDGE_CURVE('',#7508,#7508,#7510,.T.);
#7508 = VERTEX_POINT('',#7509);
#7509 = CARTESIAN_POINT('',(36.426062,-96.719329,0.));
#7510 = SURFACE_CURVE('',#7511,(#7516,#7527),.PCURVE_S1.);
#7511 = CIRCLE('',#7512,1.7145);
#7512 = AXIS2_PLACEMENT_3D('',#7513,#7514,#7515);
#7513 = CARTESIAN_POINT('',(36.426062,-95.004829,0.));
#7514 = DIRECTION('',(-0.,-0.,-1.));
#7515 = DIRECTION('',(0.,-1.,0.));
#7516 = PCURVE('',#132,#7517);
#7517 = DEFINITIONAL_REPRESENTATION('',(#7518),#7526);
#7518 = ( BOUNDED_CURVE() B_SPLINE_CURVE(2,(#7519,#7520,#7521,#7522,
#7523,#7524,#7525),.UNSPECIFIED.,.T.,.F.) B_SPLINE_CURVE_WITH_KNOTS((1,2
    ,2,2,2,1),(-2.094395102393,0.,2.094395102393,4.188790204786,
6.28318530718,8.377580409573),.UNSPECIFIED.) CURVE() 
GEOMETRIC_REPRESENTATION_ITEM() RATIONAL_B_SPLINE_CURVE((1.,0.5,1.,0.5,
1.,0.5,1.)) REPRESENTATION_ITEM('') );
#7519 = CARTESIAN_POINT('',(36.426062,-96.719329));
#7520 = CARTESIAN_POINT('',(33.456460890423,-96.719329));
#7521 = CARTESIAN_POINT('',(34.941261445212,-94.147579));
#7522 = CARTESIAN_POINT('',(36.426062,-91.575829));
#7523 = CARTESIAN_POINT('',(37.910862554788,-94.147579));
#7524 = CARTESIAN_POINT('',(39.395663109577,-96.719329));
#7525 = CARTESIAN_POINT('',(36.426062,-96.719329));
#7526 = ( GEOMETRIC_REPRESENTATION_CONTEXT(2) 
PARAMETRIC_REPRESENTATION_CONTEXT() REPRESENTATION_CONTEXT('2D SPACE',''
  ) );
#7527 = PCURVE('',#1141,#7528);
#7528 = DEFINITIONAL_REPRESENTATION('',(#7529),#7533);
#7529 = LINE('',#7530,#7531);
#7530 = CARTESIAN_POINT('',(0.,-4.6E-02));
#7531 = VECTOR('',#7532,1.);
#7532 = DIRECTION('',(1.,0.));
#7533 = ( GEOMETRIC_REPRESENTATION_CONTEXT(2) 
PARAMETRIC_REPRESENTATION_CONTEXT() REPRESENTATION_CONTEXT('2D SPACE',''
  ) );
#7534 = FACE_BOUND('',#7535,.F.);
#7535 = EDGE_LOOP('',(#7536));
#7536 = ORIENTED_EDGE('',*,*,#7537,.T.);
#7537 = EDGE_CURVE('',#7538,#7538,#7540,.T.);
#7538 = VERTEX_POINT('',#7539);
#7539 = CARTESIAN_POINT('',(41.738654,-94.432224,0.));
#7540 = SURFACE_CURVE('',#7541,(#7546,#7557),.PCURVE_S1.);
#7541 = CIRCLE('',#7542,0.8509);
#7542 = AXIS2_PLACEMENT_3D('',#7543,#7544,#7545);
#7543 = CARTESIAN_POINT('',(41.738654,-93.581324,0.));
#7544 = DIRECTION('',(-0.,-0.,-1.));
#7545 = DIRECTION('',(0.,-1.,0.));
#7546 = PCURVE('',#132,#7547);
#7547 = DEFINITIONAL_REPRESENTATION('',(#7548),#7556);
#7548 = ( BOUNDED_CURVE() B_SPLINE_CURVE(2,(#7549,#7550,#7551,#7552,
#7553,#7554,#7555),.UNSPECIFIED.,.T.,.F.) B_SPLINE_CURVE_WITH_KNOTS((1,2
    ,2,2,2,1),(-2.094395102393,0.,2.094395102393,4.188790204786,
6.28318530718,8.377580409573),.UNSPECIFIED.) CURVE() 
GEOMETRIC_REPRESENTATION_ITEM() RATIONAL_B_SPLINE_CURVE((1.,0.5,1.,0.5,
1.,0.5,1.)) REPRESENTATION_ITEM('') );
#7549 = CARTESIAN_POINT('',(41.738654,-94.432224));
#7550 = CARTESIAN_POINT('',(40.26485196784,-94.432224));
#7551 = CARTESIAN_POINT('',(41.00175298392,-93.155874));
#7552 = CARTESIAN_POINT('',(41.738654,-91.879524));
#7553 = CARTESIAN_POINT('',(42.47555501608,-93.155874));
#7554 = CARTESIAN_POINT('',(43.21245603216,-94.432224));
#7555 = CARTESIAN_POINT('',(41.738654,-94.432224));
#7556 = ( GEOMETRIC_REPRESENTATION_CONTEXT(2) 
PARAMETRIC_REPRESENTATION_CONTEXT() REPRESENTATION_CONTEXT('2D SPACE',''
  ) );
#7557 = PCURVE('',#1176,#7558);
#7558 = DEFINITIONAL_REPRESENTATION('',(#7559),#7563);
#7559 = LINE('',#7560,#7561);
#7560 = CARTESIAN_POINT('',(0.,-4.6E-02));
#7561 = VECTOR('',#7562,1.);
#7562 = DIRECTION('',(1.,0.));
#7563 = ( GEOMETRIC_REPRESENTATION_CONTEXT(2) 
PARAMETRIC_REPRESENTATION_CONTEXT() REPRESENTATION_CONTEXT('2D SPACE',''
  ) );
#7564 = FACE_BOUND('',#7565,.F.);
#7565 = EDGE_LOOP('',(#7566));
#7566 = ORIENTED_EDGE('',*,*,#7567,.T.);
#7567 = EDGE_CURVE('',#7568,#7568,#7570,.T.);
#7568 = VERTEX_POINT('',#7569);
#7569 = CARTESIAN_POINT('',(28.180021,-84.183703,0.));
#7570 = SURFACE_CURVE('',#7571,(#7576,#7587),.PCURVE_S1.);
#7571 = CIRCLE('',#7572,0.635);
#7572 = AXIS2_PLACEMENT_3D('',#7573,#7574,#7575);
#7573 = CARTESIAN_POINT('',(28.180021,-83.548703,0.));
#7574 = DIRECTION('',(-0.,-0.,-1.));
#7575 = DIRECTION('',(0.,-1.,0.));
#7576 = PCURVE('',#132,#7577);
#7577 = DEFINITIONAL_REPRESENTATION('',(#7578),#7586);
#7578 = ( BOUNDED_CURVE() B_SPLINE_CURVE(2,(#7579,#7580,#7581,#7582,
#7583,#7584,#7585),.UNSPECIFIED.,.T.,.F.) B_SPLINE_CURVE_WITH_KNOTS((1,2
    ,2,2,2,1),(-2.094395102393,0.,2.094395102393,4.188790204786,
6.28318530718,8.377580409573),.UNSPECIFIED.) CURVE() 
GEOMETRIC_REPRESENTATION_ITEM() RATIONAL_B_SPLINE_CURVE((1.,0.5,1.,0.5,
1.,0.5,1.)) REPRESENTATION_ITEM('') );
#7579 = CARTESIAN_POINT('',(28.180021,-84.183703));
#7580 = CARTESIAN_POINT('',(27.080168737194,-84.183703));
#7581 = CARTESIAN_POINT('',(27.630094868597,-83.231203));
#7582 = CARTESIAN_POINT('',(28.180021,-82.278703));
#7583 = CARTESIAN_POINT('',(28.729947131403,-83.231203));
#7584 = CARTESIAN_POINT('',(29.279873262806,-84.183703));
#7585 = CARTESIAN_POINT('',(28.180021,-84.183703));
#7586 = ( GEOMETRIC_REPRESENTATION_CONTEXT(2) 
PARAMETRIC_REPRESENTATION_CONTEXT() REPRESENTATION_CONTEXT('2D SPACE',''
  ) );
#7587 = PCURVE('',#1211,#7588);
#7588 = DEFINITIONAL_REPRESENTATION('',(#7589),#7593);
#7589 = LINE('',#7590,#7591);
#7590 = CARTESIAN_POINT('',(0.,-4.6E-02));
#7591 = VECTOR('',#7592,1.);
#7592 = DIRECTION('',(1.,0.));
#7593 = ( GEOMETRIC_REPRESENTATION_CONTEXT(2) 
PARAMETRIC_REPRESENTATION_CONTEXT() REPRESENTATION_CONTEXT('2D SPACE',''
  ) );
#7594 = FACE_BOUND('',#7595,.F.);
#7595 = EDGE_LOOP('',(#7596));
#7596 = ORIENTED_EDGE('',*,*,#7597,.T.);
#7597 = EDGE_CURVE('',#7598,#7598,#7600,.T.);
#7598 = VERTEX_POINT('',#7599);
#7599 = CARTESIAN_POINT('',(33.55317,-84.918052,0.));
#7600 = SURFACE_CURVE('',#7601,(#7606,#7617),.PCURVE_S1.);
#7601 = CIRCLE('',#7602,0.635);
#7602 = AXIS2_PLACEMENT_3D('',#7603,#7604,#7605);
#7603 = CARTESIAN_POINT('',(33.55317,-84.283052,0.));
#7604 = DIRECTION('',(-0.,-0.,-1.));
#7605 = DIRECTION('',(0.,-1.,0.));
#7606 = PCURVE('',#132,#7607);
#7607 = DEFINITIONAL_REPRESENTATION('',(#7608),#7616);
#7608 = ( BOUNDED_CURVE() B_SPLINE_CURVE(2,(#7609,#7610,#7611,#7612,
#7613,#7614,#7615),.UNSPECIFIED.,.T.,.F.) B_SPLINE_CURVE_WITH_KNOTS((1,2
    ,2,2,2,1),(-2.094395102393,0.,2.094395102393,4.188790204786,
6.28318530718,8.377580409573),.UNSPECIFIED.) CURVE() 
GEOMETRIC_REPRESENTATION_ITEM() RATIONAL_B_SPLINE_CURVE((1.,0.5,1.,0.5,
1.,0.5,1.)) REPRESENTATION_ITEM('') );
#7609 = CARTESIAN_POINT('',(33.55317,-84.918052));
#7610 = CARTESIAN_POINT('',(32.453317737194,-84.918052));
#7611 = CARTESIAN_POINT('',(33.003243868597,-83.965552));
#7612 = CARTESIAN_POINT('',(33.55317,-83.013052));
#7613 = CARTESIAN_POINT('',(34.103096131403,-83.965552));
#7614 = CARTESIAN_POINT('',(34.653022262806,-84.918052));
#7615 = CARTESIAN_POINT('',(33.55317,-84.918052));
#7616 = ( GEOMETRIC_REPRESENTATION_CONTEXT(2) 
PARAMETRIC_REPRESENTATION_CONTEXT() REPRESENTATION_CONTEXT('2D SPACE',''
  ) );
#7617 = PCURVE('',#1246,#7618);
#7618 = DEFINITIONAL_REPRESENTATION('',(#7619),#7623);
#7619 = LINE('',#7620,#7621);
#7620 = CARTESIAN_POINT('',(0.,-4.6E-02));
#7621 = VECTOR('',#7622,1.);
#7622 = DIRECTION('',(1.,0.));
#7623 = ( GEOMETRIC_REPRESENTATION_CONTEXT(2) 
PARAMETRIC_REPRESENTATION_CONTEXT() REPRESENTATION_CONTEXT('2D SPACE',''
  ) );
#7624 = FACE_BOUND('',#7625,.F.);
#7625 = EDGE_LOOP('',(#7626));
#7626 = ORIENTED_EDGE('',*,*,#7627,.T.);
#7627 = EDGE_CURVE('',#7628,#7628,#7630,.T.);
#7628 = VERTEX_POINT('',#7629);
#7629 = CARTESIAN_POINT('',(40.381155,-90.092205,0.));
#7630 = SURFACE_CURVE('',#7631,(#7636,#7647),.PCURVE_S1.);
#7631 = CIRCLE('',#7632,0.4953);
#7632 = AXIS2_PLACEMENT_3D('',#7633,#7634,#7635);
#7633 = CARTESIAN_POINT('',(40.381155,-89.596905,0.));
#7634 = DIRECTION('',(-0.,-0.,-1.));
#7635 = DIRECTION('',(0.,-1.,0.));
#7636 = PCURVE('',#132,#7637);
#7637 = DEFINITIONAL_REPRESENTATION('',(#7638),#7646);
#7638 = ( BOUNDED_CURVE() B_SPLINE_CURVE(2,(#7639,#7640,#7641,#7642,
#7643,#7644,#7645),.UNSPECIFIED.,.T.,.F.) B_SPLINE_CURVE_WITH_KNOTS((1,2
    ,2,2,2,1),(-2.094395102393,0.,2.094395102393,4.188790204786,
6.28318530718,8.377580409573),.UNSPECIFIED.) CURVE() 
GEOMETRIC_REPRESENTATION_ITEM() RATIONAL_B_SPLINE_CURVE((1.,0.5,1.,0.5,
1.,0.5,1.)) REPRESENTATION_ITEM('') );
#7639 = CARTESIAN_POINT('',(40.381155,-90.092205));
#7640 = CARTESIAN_POINT('',(39.523270235011,-90.092205));
#7641 = CARTESIAN_POINT('',(39.952212617506,-89.349255));
#7642 = CARTESIAN_POINT('',(40.381155,-88.606305));
#7643 = CARTESIAN_POINT('',(40.810097382494,-89.349255));
#7644 = CARTESIAN_POINT('',(41.239039764989,-90.092205));
#7645 = CARTESIAN_POINT('',(40.381155,-90.092205));
#7646 = ( GEOMETRIC_REPRESENTATION_CONTEXT(2) 
PARAMETRIC_REPRESENTATION_CONTEXT() REPRESENTATION_CONTEXT('2D SPACE',''
  ) );
#7647 = PCURVE('',#1281,#7648);
#7648 = DEFINITIONAL_REPRESENTATION('',(#7649),#7653);
#7649 = LINE('',#7650,#7651);
#7650 = CARTESIAN_POINT('',(0.,-4.6E-02));
#7651 = VECTOR('',#7652,1.);
#7652 = DIRECTION('',(1.,0.));
#7653 = ( GEOMETRIC_REPRESENTATION_CONTEXT(2) 
PARAMETRIC_REPRESENTATION_CONTEXT() REPRESENTATION_CONTEXT('2D SPACE',''
  ) );
#7654 = FACE_BOUND('',#7655,.F.);
#7655 = EDGE_LOOP('',(#7656));
#7656 = ORIENTED_EDGE('',*,*,#7657,.T.);
#7657 = EDGE_CURVE('',#7658,#7658,#7660,.T.);
#7658 = VERTEX_POINT('',#7659);
#7659 = CARTESIAN_POINT('',(26.713546,-80.858495,0.));
#7660 = SURFACE_CURVE('',#7661,(#7666,#7677),.PCURVE_S1.);
#7661 = CIRCLE('',#7662,0.8509);
#7662 = AXIS2_PLACEMENT_3D('',#7663,#7664,#7665);
#7663 = CARTESIAN_POINT('',(26.713546,-80.007595,0.));
#7664 = DIRECTION('',(-0.,-0.,-1.));
#7665 = DIRECTION('',(0.,-1.,0.));
#7666 = PCURVE('',#132,#7667);
#7667 = DEFINITIONAL_REPRESENTATION('',(#7668),#7676);
#7668 = ( BOUNDED_CURVE() B_SPLINE_CURVE(2,(#7669,#7670,#7671,#7672,
#7673,#7674,#7675),.UNSPECIFIED.,.T.,.F.) B_SPLINE_CURVE_WITH_KNOTS((1,2
    ,2,2,2,1),(-2.094395102393,0.,2.094395102393,4.188790204786,
6.28318530718,8.377580409573),.UNSPECIFIED.) CURVE() 
GEOMETRIC_REPRESENTATION_ITEM() RATIONAL_B_SPLINE_CURVE((1.,0.5,1.,0.5,
1.,0.5,1.)) REPRESENTATION_ITEM('') );
#7669 = CARTESIAN_POINT('',(26.713546,-80.858495));
#7670 = CARTESIAN_POINT('',(25.23974396784,-80.858495));
#7671 = CARTESIAN_POINT('',(25.97664498392,-79.582145));
#7672 = CARTESIAN_POINT('',(26.713546,-78.305795));
#7673 = CARTESIAN_POINT('',(27.45044701608,-79.582145));
#7674 = CARTESIAN_POINT('',(28.18734803216,-80.858495));
#7675 = CARTESIAN_POINT('',(26.713546,-80.858495));
#7676 = ( GEOMETRIC_REPRESENTATION_CONTEXT(2) 
PARAMETRIC_REPRESENTATION_CONTEXT() REPRESENTATION_CONTEXT('2D SPACE',''
  ) );
#7677 = PCURVE('',#1316,#7678);
#7678 = DEFINITIONAL_REPRESENTATION('',(#7679),#7683);
#7679 = LINE('',#7680,#7681);
#7680 = CARTESIAN_POINT('',(0.,-4.6E-02));
#7681 = VECTOR('',#7682,1.);
#7682 = DIRECTION('',(1.,0.));
#7683 = ( GEOMETRIC_REPRESENTATION_CONTEXT(2) 
PARAMETRIC_REPRESENTATION_CONTEXT() REPRESENTATION_CONTEXT('2D SPACE',''
  ) );
#7684 = FACE_BOUND('',#7685,.F.);
#7685 = EDGE_LOOP('',(#7686));
#7686 = ORIENTED_EDGE('',*,*,#7687,.T.);
#7687 = EDGE_CURVE('',#7688,#7688,#7690,.T.);
#7688 = VERTEX_POINT('',#7689);
#7689 = CARTESIAN_POINT('',(32.026138,-80.29859,0.));
#7690 = SURFACE_CURVE('',#7691,(#7696,#7707),.PCURVE_S1.);
#7691 = CIRCLE('',#7692,1.7145);
#7692 = AXIS2_PLACEMENT_3D('',#7693,#7694,#7695);
#7693 = CARTESIAN_POINT('',(32.026138,-78.58409,0.));
#7694 = DIRECTION('',(0.,-0.,-1.));
#7695 = DIRECTION('',(4.144314585944E-15,-1.,0.));
#7696 = PCURVE('',#132,#7697);
#7697 = DEFINITIONAL_REPRESENTATION('',(#7698),#7706);
#7698 = ( BOUNDED_CURVE() B_SPLINE_CURVE(2,(#7699,#7700,#7701,#7702,
#7703,#7704,#7705),.UNSPECIFIED.,.T.,.F.) B_SPLINE_CURVE_WITH_KNOTS((1,2
    ,2,2,2,1),(-2.094395102393,0.,2.094395102393,4.188790204786,
6.28318530718,8.377580409573),.UNSPECIFIED.) CURVE() 
GEOMETRIC_REPRESENTATION_ITEM() RATIONAL_B_SPLINE_CURVE((1.,0.5,1.,0.5,
1.,0.5,1.)) REPRESENTATION_ITEM('') );
#7699 = CARTESIAN_POINT('',(32.026138,-80.29859));
#7700 = CARTESIAN_POINT('',(29.056536890423,-80.29859));
#7701 = CARTESIAN_POINT('',(30.541337445212,-77.72684));
#7702 = CARTESIAN_POINT('',(32.026138,-75.15509));
#7703 = CARTESIAN_POINT('',(33.510938554788,-77.72684));
#7704 = CARTESIAN_POINT('',(34.995739109577,-80.29859));
#7705 = CARTESIAN_POINT('',(32.026138,-80.29859));
#7706 = ( GEOMETRIC_REPRESENTATION_CONTEXT(2) 
PARAMETRIC_REPRESENTATION_CONTEXT() REPRESENTATION_CONTEXT('2D SPACE',''
  ) );
#7707 = PCURVE('',#1351,#7708);
#7708 = DEFINITIONAL_REPRESENTATION('',(#7709),#7713);
#7709 = LINE('',#7710,#7711);
#7710 = CARTESIAN_POINT('',(0.,-4.6E-02));
#7711 = VECTOR('',#7712,1.);
#7712 = DIRECTION('',(1.,0.));
#7713 = ( GEOMETRIC_REPRESENTATION_CONTEXT(2) 
PARAMETRIC_REPRESENTATION_CONTEXT() REPRESENTATION_CONTEXT('2D SPACE',''
  ) );
#7714 = FACE_BOUND('',#7715,.F.);
#7715 = EDGE_LOOP('',(#7716));
#7716 = ORIENTED_EDGE('',*,*,#7717,.T.);
#7717 = EDGE_CURVE('',#7718,#7718,#7720,.T.);
#7718 = VERTEX_POINT('',#7719);
#7719 = CARTESIAN_POINT('',(25.896965,-76.373537,0.));
#7720 = SURFACE_CURVE('',#7721,(#7726,#7737),.PCURVE_S1.);
#7721 = CIRCLE('',#7722,0.4953);
#7722 = AXIS2_PLACEMENT_3D('',#7723,#7724,#7725);
#7723 = CARTESIAN_POINT('',(25.896965,-75.878237,0.));
#7724 = DIRECTION('',(-0.,-0.,-1.));
#7725 = DIRECTION('',(0.,-1.,0.));
#7726 = PCURVE('',#132,#7727);
#7727 = DEFINITIONAL_REPRESENTATION('',(#7728),#7736);
#7728 = ( BOUNDED_CURVE() B_SPLINE_CURVE(2,(#7729,#7730,#7731,#7732,
#7733,#7734,#7735),.UNSPECIFIED.,.T.,.F.) B_SPLINE_CURVE_WITH_KNOTS((1,2
    ,2,2,2,1),(-2.094395102393,0.,2.094395102393,4.188790204786,
6.28318530718,8.377580409573),.UNSPECIFIED.) CURVE() 
GEOMETRIC_REPRESENTATION_ITEM() RATIONAL_B_SPLINE_CURVE((1.,0.5,1.,0.5,
1.,0.5,1.)) REPRESENTATION_ITEM('') );
#7729 = CARTESIAN_POINT('',(25.896965,-76.373537));
#7730 = CARTESIAN_POINT('',(25.039080235011,-76.373537));
#7731 = CARTESIAN_POINT('',(25.468022617506,-75.630587));
#7732 = CARTESIAN_POINT('',(25.896965,-74.887637));
#7733 = CARTESIAN_POINT('',(26.325907382494,-75.630587));
#7734 = CARTESIAN_POINT('',(26.754849764989,-76.373537));
#7735 = CARTESIAN_POINT('',(25.896965,-76.373537));
#7736 = ( GEOMETRIC_REPRESENTATION_CONTEXT(2) 
PARAMETRIC_REPRESENTATION_CONTEXT() REPRESENTATION_CONTEXT('2D SPACE',''
  ) );
#7737 = PCURVE('',#1386,#7738);
#7738 = DEFINITIONAL_REPRESENTATION('',(#7739),#7743);
#7739 = LINE('',#7740,#7741);
#7740 = CARTESIAN_POINT('',(0.,-4.6E-02));
#7741 = VECTOR('',#7742,1.);
#7742 = DIRECTION('',(1.,0.));
#7743 = ( GEOMETRIC_REPRESENTATION_CONTEXT(2) 
PARAMETRIC_REPRESENTATION_CONTEXT() REPRESENTATION_CONTEXT('2D SPACE',''
  ) );
#7744 = FACE_BOUND('',#7745,.F.);
#7745 = EDGE_LOOP('',(#7746));
#7746 = ORIENTED_EDGE('',*,*,#7747,.T.);
#7747 = EDGE_CURVE('',#7748,#7748,#7750,.T.);
#7748 = VERTEX_POINT('',#7749);
#7749 = CARTESIAN_POINT('',(37.33873,-78.011485,0.));
#7750 = SURFACE_CURVE('',#7751,(#7756,#7767),.PCURVE_S1.);
#7751 = CIRCLE('',#7752,0.8509);
#7752 = AXIS2_PLACEMENT_3D('',#7753,#7754,#7755);
#7753 = CARTESIAN_POINT('',(37.33873,-77.160585,0.));
#7754 = DIRECTION('',(-0.,-0.,-1.));
#7755 = DIRECTION('',(0.,-1.,0.));
#7756 = PCURVE('',#132,#7757);
#7757 = DEFINITIONAL_REPRESENTATION('',(#7758),#7766);
#7758 = ( BOUNDED_CURVE() B_SPLINE_CURVE(2,(#7759,#7760,#7761,#7762,
#7763,#7764,#7765),.UNSPECIFIED.,.T.,.F.) B_SPLINE_CURVE_WITH_KNOTS((1,2
    ,2,2,2,1),(-2.094395102393,0.,2.094395102393,4.188790204786,
6.28318530718,8.377580409573),.UNSPECIFIED.) CURVE() 
GEOMETRIC_REPRESENTATION_ITEM() RATIONAL_B_SPLINE_CURVE((1.,0.5,1.,0.5,
1.,0.5,1.)) REPRESENTATION_ITEM('') );
#7759 = CARTESIAN_POINT('',(37.33873,-78.011485));
#7760 = CARTESIAN_POINT('',(35.86492796784,-78.011485));
#7761 = CARTESIAN_POINT('',(36.60182898392,-76.735135));
#7762 = CARTESIAN_POINT('',(37.33873,-75.458785));
#7763 = CARTESIAN_POINT('',(38.07563101608,-76.735135));
#7764 = CARTESIAN_POINT('',(38.81253203216,-78.011485));
#7765 = CARTESIAN_POINT('',(37.33873,-78.011485));
#7766 = ( GEOMETRIC_REPRESENTATION_CONTEXT(2) 
PARAMETRIC_REPRESENTATION_CONTEXT() REPRESENTATION_CONTEXT('2D SPACE',''
  ) );
#7767 = PCURVE('',#1421,#7768);
#7768 = DEFINITIONAL_REPRESENTATION('',(#7769),#7773);
#7769 = LINE('',#7770,#7771);
#7770 = CARTESIAN_POINT('',(0.,-4.6E-02));
#7771 = VECTOR('',#7772,1.);
#7772 = DIRECTION('',(1.,0.));
#7773 = ( GEOMETRIC_REPRESENTATION_CONTEXT(2) 
PARAMETRIC_REPRESENTATION_CONTEXT() REPRESENTATION_CONTEXT('2D SPACE',''
  ) );
#7774 = FACE_BOUND('',#7775,.F.);
#7775 = EDGE_LOOP('',(#7776));
#7776 = ORIENTED_EDGE('',*,*,#7777,.T.);
#7777 = EDGE_CURVE('',#7778,#7778,#7780,.T.);
#7778 = VERTEX_POINT('',#7779);
#7779 = CARTESIAN_POINT('',(46.856386,-81.187866,0.));
#7780 = SURFACE_CURVE('',#7781,(#7786,#7797),.PCURVE_S1.);
#7781 = CIRCLE('',#7782,0.635);
#7782 = AXIS2_PLACEMENT_3D('',#7783,#7784,#7785);
#7783 = CARTESIAN_POINT('',(46.856386,-80.552866,0.));
#7784 = DIRECTION('',(-0.,-0.,-1.));
#7785 = DIRECTION('',(0.,-1.,0.));
#7786 = PCURVE('',#132,#7787);
#7787 = DEFINITIONAL_REPRESENTATION('',(#7788),#7796);
#7788 = ( BOUNDED_CURVE() B_SPLINE_CURVE(2,(#7789,#7790,#7791,#7792,
#7793,#7794,#7795),.UNSPECIFIED.,.T.,.F.) B_SPLINE_CURVE_WITH_KNOTS((1,2
    ,2,2,2,1),(-2.094395102393,0.,2.094395102393,4.188790204786,
6.28318530718,8.377580409573),.UNSPECIFIED.) CURVE() 
GEOMETRIC_REPRESENTATION_ITEM() RATIONAL_B_SPLINE_CURVE((1.,0.5,1.,0.5,
1.,0.5,1.)) REPRESENTATION_ITEM('') );
#7789 = CARTESIAN_POINT('',(46.856386,-81.187866));
#7790 = CARTESIAN_POINT('',(45.756533737194,-81.187866));
#7791 = CARTESIAN_POINT('',(46.306459868597,-80.235366));
#7792 = CARTESIAN_POINT('',(46.856386,-79.282866));
#7793 = CARTESIAN_POINT('',(47.406312131403,-80.235366));
#7794 = CARTESIAN_POINT('',(47.956238262806,-81.187866));
#7795 = CARTESIAN_POINT('',(46.856386,-81.187866));
#7796 = ( GEOMETRIC_REPRESENTATION_CONTEXT(2) 
PARAMETRIC_REPRESENTATION_CONTEXT() REPRESENTATION_CONTEXT('2D SPACE',''
  ) );
#7797 = PCURVE('',#1456,#7798);
#7798 = DEFINITIONAL_REPRESENTATION('',(#7799),#7803);
#7799 = LINE('',#7800,#7801);
#7800 = CARTESIAN_POINT('',(0.,-4.6E-02));
#7801 = VECTOR('',#7802,1.);
#7802 = DIRECTION('',(1.,0.));
#7803 = ( GEOMETRIC_REPRESENTATION_CONTEXT(2) 
PARAMETRIC_REPRESENTATION_CONTEXT() REPRESENTATION_CONTEXT('2D SPACE',''
  ) );
#7804 = FACE_BOUND('',#7805,.F.);
#7805 = EDGE_LOOP('',(#7806));
#7806 = ORIENTED_EDGE('',*,*,#7807,.T.);
#7807 = EDGE_CURVE('',#7808,#7808,#7810,.T.);
#7808 = VERTEX_POINT('',#7809);
#7809 = CARTESIAN_POINT('',(46.09253,-77.647901,0.));
#7810 = SURFACE_CURVE('',#7811,(#7816,#7827),.PCURVE_S1.);
#7811 = CIRCLE('',#7812,0.8509);
#7812 = AXIS2_PLACEMENT_3D('',#7813,#7814,#7815);
#7813 = CARTESIAN_POINT('',(46.09253,-76.797001,0.));
#7814 = DIRECTION('',(-0.,-0.,-1.));
#7815 = DIRECTION('',(0.,-1.,0.));
#7816 = PCURVE('',#132,#7817);
#7817 = DEFINITIONAL_REPRESENTATION('',(#7818),#7826);
#7818 = ( BOUNDED_CURVE() B_SPLINE_CURVE(2,(#7819,#7820,#7821,#7822,
#7823,#7824,#7825),.UNSPECIFIED.,.T.,.F.) B_SPLINE_CURVE_WITH_KNOTS((1,2
    ,2,2,2,1),(-2.094395102393,0.,2.094395102393,4.188790204786,
6.28318530718,8.377580409573),.UNSPECIFIED.) CURVE() 
GEOMETRIC_REPRESENTATION_ITEM() RATIONAL_B_SPLINE_CURVE((1.,0.5,1.,0.5,
1.,0.5,1.)) REPRESENTATION_ITEM('') );
#7819 = CARTESIAN_POINT('',(46.09253,-77.647901));
#7820 = CARTESIAN_POINT('',(44.61872796784,-77.647901));
#7821 = CARTESIAN_POINT('',(45.35562898392,-76.371551));
#7822 = CARTESIAN_POINT('',(46.09253,-75.095201));
#7823 = CARTESIAN_POINT('',(46.82943101608,-76.371551));
#7824 = CARTESIAN_POINT('',(47.56633203216,-77.647901));
#7825 = CARTESIAN_POINT('',(46.09253,-77.647901));
#7826 = ( GEOMETRIC_REPRESENTATION_CONTEXT(2) 
PARAMETRIC_REPRESENTATION_CONTEXT() REPRESENTATION_CONTEXT('2D SPACE',''
  ) );
#7827 = PCURVE('',#1491,#7828);
#7828 = DEFINITIONAL_REPRESENTATION('',(#7829),#7833);
#7829 = LINE('',#7830,#7831);
#7830 = CARTESIAN_POINT('',(0.,-4.6E-02));
#7831 = VECTOR('',#7832,1.);
#7832 = DIRECTION('',(1.,0.));
#7833 = ( GEOMETRIC_REPRESENTATION_CONTEXT(2) 
PARAMETRIC_REPRESENTATION_CONTEXT() REPRESENTATION_CONTEXT('2D SPACE',''
  ) );
#7834 = FACE_BOUND('',#7835,.F.);
#7835 = EDGE_LOOP('',(#7836));
#7836 = ORIENTED_EDGE('',*,*,#7837,.T.);
#7837 = EDGE_CURVE('',#7838,#7838,#7840,.T.);
#7838 = VERTEX_POINT('',#7839);
#7839 = CARTESIAN_POINT('',(35.981231,-73.671466,0.));
#7840 = SURFACE_CURVE('',#7841,(#7846,#7857),.PCURVE_S1.);
#7841 = CIRCLE('',#7842,0.4953);
#7842 = AXIS2_PLACEMENT_3D('',#7843,#7844,#7845);
#7843 = CARTESIAN_POINT('',(35.981231,-73.176166,0.));
#7844 = DIRECTION('',(-0.,-0.,-1.));
#7845 = DIRECTION('',(0.,-1.,0.));
#7846 = PCURVE('',#132,#7847);
#7847 = DEFINITIONAL_REPRESENTATION('',(#7848),#7856);
#7848 = ( BOUNDED_CURVE() B_SPLINE_CURVE(2,(#7849,#7850,#7851,#7852,
#7853,#7854,#7855),.UNSPECIFIED.,.T.,.F.) B_SPLINE_CURVE_WITH_KNOTS((1,2
    ,2,2,2,1),(-2.094395102393,0.,2.094395102393,4.188790204786,
6.28318530718,8.377580409573),.UNSPECIFIED.) CURVE() 
GEOMETRIC_REPRESENTATION_ITEM() RATIONAL_B_SPLINE_CURVE((1.,0.5,1.,0.5,
1.,0.5,1.)) REPRESENTATION_ITEM('') );
#7849 = CARTESIAN_POINT('',(35.981231,-73.671466));
#7850 = CARTESIAN_POINT('',(35.123346235011,-73.671466));
#7851 = CARTESIAN_POINT('',(35.552288617506,-72.928516));
#7852 = CARTESIAN_POINT('',(35.981231,-72.185566));
#7853 = CARTESIAN_POINT('',(36.410173382494,-72.928516));
#7854 = CARTESIAN_POINT('',(36.839115764989,-73.671466));
#7855 = CARTESIAN_POINT('',(35.981231,-73.671466));
#7856 = ( GEOMETRIC_REPRESENTATION_CONTEXT(2) 
PARAMETRIC_REPRESENTATION_CONTEXT() REPRESENTATION_CONTEXT('2D SPACE',''
  ) );
#7857 = PCURVE('',#1526,#7858);
#7858 = DEFINITIONAL_REPRESENTATION('',(#7859),#7863);
#7859 = LINE('',#7860,#7861);
#7860 = CARTESIAN_POINT('',(0.,-4.6E-02));
#7861 = VECTOR('',#7862,1.);
#7862 = DIRECTION('',(1.,0.));
#7863 = ( GEOMETRIC_REPRESENTATION_CONTEXT(2) 
PARAMETRIC_REPRESENTATION_CONTEXT() REPRESENTATION_CONTEXT('2D SPACE',''
  ) );
#7864 = FACE_BOUND('',#7865,.F.);
#7865 = EDGE_LOOP('',(#7866));
#7866 = ORIENTED_EDGE('',*,*,#7867,.T.);
#7867 = EDGE_CURVE('',#7868,#7868,#7870,.T.);
#7868 = VERTEX_POINT('',#7869);
#7869 = CARTESIAN_POINT('',(46.07887,-73.083,0.));
#7870 = SURFACE_CURVE('',#7871,(#7876,#7887),.PCURVE_S1.);
#7871 = CIRCLE('',#7872,0.4953);
#7872 = AXIS2_PLACEMENT_3D('',#7873,#7874,#7875);
#7873 = CARTESIAN_POINT('',(46.07887,-72.5877,0.));
#7874 = DIRECTION('',(-0.,-0.,-1.));
#7875 = DIRECTION('',(0.,-1.,0.));
#7876 = PCURVE('',#132,#7877);
#7877 = DEFINITIONAL_REPRESENTATION('',(#7878),#7886);
#7878 = ( BOUNDED_CURVE() B_SPLINE_CURVE(2,(#7879,#7880,#7881,#7882,
#7883,#7884,#7885),.UNSPECIFIED.,.T.,.F.) B_SPLINE_CURVE_WITH_KNOTS((1,2
    ,2,2,2,1),(-2.094395102393,0.,2.094395102393,4.188790204786,
6.28318530718,8.377580409573),.UNSPECIFIED.) CURVE() 
GEOMETRIC_REPRESENTATION_ITEM() RATIONAL_B_SPLINE_CURVE((1.,0.5,1.,0.5,
1.,0.5,1.)) REPRESENTATION_ITEM('') );
#7879 = CARTESIAN_POINT('',(46.07887,-73.083));
#7880 = CARTESIAN_POINT('',(45.220985235011,-73.083));
#7881 = CARTESIAN_POINT('',(45.649927617506,-72.34005));
#7882 = CARTESIAN_POINT('',(46.07887,-71.5971));
#7883 = CARTESIAN_POINT('',(46.507812382494,-72.34005));
#7884 = CARTESIAN_POINT('',(46.936754764989,-73.083));
#7885 = CARTESIAN_POINT('',(46.07887,-73.083));
#7886 = ( GEOMETRIC_REPRESENTATION_CONTEXT(2) 
PARAMETRIC_REPRESENTATION_CONTEXT() REPRESENTATION_CONTEXT('2D SPACE',''
  ) );
#7887 = PCURVE('',#1561,#7888);
#7888 = DEFINITIONAL_REPRESENTATION('',(#7889),#7893);
#7889 = LINE('',#7890,#7891);
#7890 = CARTESIAN_POINT('',(0.,-4.6E-02));
#7891 = VECTOR('',#7892,1.);
#7892 = DIRECTION('',(1.,0.));
#7893 = ( GEOMETRIC_REPRESENTATION_CONTEXT(2) 
PARAMETRIC_REPRESENTATION_CONTEXT() REPRESENTATION_CONTEXT('2D SPACE',''
  ) );
#7894 = FACE_BOUND('',#7895,.F.);
#7895 = EDGE_LOOP('',(#7896));
#7896 = ORIENTED_EDGE('',*,*,#7897,.T.);
#7897 = EDGE_CURVE('',#7898,#7898,#7900,.T.);
#7898 = VERTEX_POINT('',#7899);
#7899 = CARTESIAN_POINT('',(51.990695,-82.933968,0.));
#7900 = SURFACE_CURVE('',#7901,(#7906,#7917),.PCURVE_S1.);
#7901 = CIRCLE('',#7902,0.635);
#7902 = AXIS2_PLACEMENT_3D('',#7903,#7904,#7905);
#7903 = CARTESIAN_POINT('',(51.990695,-82.298968,0.));
#7904 = DIRECTION('',(-0.,-0.,-1.));
#7905 = DIRECTION('',(0.,-1.,0.));
#7906 = PCURVE('',#132,#7907);
#7907 = DEFINITIONAL_REPRESENTATION('',(#7908),#7916);
#7908 = ( BOUNDED_CURVE() B_SPLINE_CURVE(2,(#7909,#7910,#7911,#7912,
#7913,#7914,#7915),.UNSPECIFIED.,.T.,.F.) B_SPLINE_CURVE_WITH_KNOTS((1,2
    ,2,2,2,1),(-2.094395102393,0.,2.094395102393,4.188790204786,
6.28318530718,8.377580409573),.UNSPECIFIED.) CURVE() 
GEOMETRIC_REPRESENTATION_ITEM() RATIONAL_B_SPLINE_CURVE((1.,0.5,1.,0.5,
1.,0.5,1.)) REPRESENTATION_ITEM('') );
#7909 = CARTESIAN_POINT('',(51.990695,-82.933968));
#7910 = CARTESIAN_POINT('',(50.890842737194,-82.933968));
#7911 = CARTESIAN_POINT('',(51.440768868597,-81.981468));
#7912 = CARTESIAN_POINT('',(51.990695,-81.028968));
#7913 = CARTESIAN_POINT('',(52.540621131403,-81.981468));
#7914 = CARTESIAN_POINT('',(53.090547262806,-82.933968));
#7915 = CARTESIAN_POINT('',(51.990695,-82.933968));
#7916 = ( GEOMETRIC_REPRESENTATION_CONTEXT(2) 
PARAMETRIC_REPRESENTATION_CONTEXT() REPRESENTATION_CONTEXT('2D SPACE',''
  ) );
#7917 = PCURVE('',#1596,#7918);
#7918 = DEFINITIONAL_REPRESENTATION('',(#7919),#7923);
#7919 = LINE('',#7920,#7921);
#7920 = CARTESIAN_POINT('',(0.,-4.6E-02));
#7921 = VECTOR('',#7922,1.);
#7922 = DIRECTION('',(1.,0.));
#7923 = ( GEOMETRIC_REPRESENTATION_CONTEXT(2) 
PARAMETRIC_REPRESENTATION_CONTEXT() REPRESENTATION_CONTEXT('2D SPACE',''
  ) );
#7924 = FACE_BOUND('',#7925,.F.);
#7925 = EDGE_LOOP('',(#7926));
#7926 = ORIENTED_EDGE('',*,*,#7927,.T.);
#7927 = EDGE_CURVE('',#7928,#7928,#7930,.T.);
#7928 = VERTEX_POINT('',#7929);
#7929 = CARTESIAN_POINT('',(51.579132,-78.12784,0.));
#7930 = SURFACE_CURVE('',#7931,(#7936,#7947),.PCURVE_S1.);
#7931 = CIRCLE('',#7932,1.7145);
#7932 = AXIS2_PLACEMENT_3D('',#7933,#7934,#7935);
#7933 = CARTESIAN_POINT('',(51.579132,-76.41334,0.));
#7934 = DIRECTION('',(-0.,-0.,-1.));
#7935 = DIRECTION('',(0.,-1.,0.));
#7936 = PCURVE('',#132,#7937);
#7937 = DEFINITIONAL_REPRESENTATION('',(#7938),#7946);
#7938 = ( BOUNDED_CURVE() B_SPLINE_CURVE(2,(#7939,#7940,#7941,#7942,
#7943,#7944,#7945),.UNSPECIFIED.,.T.,.F.) B_SPLINE_CURVE_WITH_KNOTS((1,2
    ,2,2,2,1),(-2.094395102393,0.,2.094395102393,4.188790204786,
6.28318530718,8.377580409573),.UNSPECIFIED.) CURVE() 
GEOMETRIC_REPRESENTATION_ITEM() RATIONAL_B_SPLINE_CURVE((1.,0.5,1.,0.5,
1.,0.5,1.)) REPRESENTATION_ITEM('') );
#7939 = CARTESIAN_POINT('',(51.579132,-78.12784));
#7940 = CARTESIAN_POINT('',(48.609530890423,-78.12784));
#7941 = CARTESIAN_POINT('',(50.094331445212,-75.55609));
#7942 = CARTESIAN_POINT('',(51.579132,-72.98434));
#7943 = CARTESIAN_POINT('',(53.063932554788,-75.55609));
#7944 = CARTESIAN_POINT('',(54.548733109577,-78.12784));
#7945 = CARTESIAN_POINT('',(51.579132,-78.12784));
#7946 = ( GEOMETRIC_REPRESENTATION_CONTEXT(2) 
PARAMETRIC_REPRESENTATION_CONTEXT() REPRESENTATION_CONTEXT('2D SPACE',''
  ) );
#7947 = PCURVE('',#1631,#7948);
#7948 = DEFINITIONAL_REPRESENTATION('',(#7949),#7953);
#7949 = LINE('',#7950,#7951);
#7950 = CARTESIAN_POINT('',(0.,-4.6E-02));
#7951 = VECTOR('',#7952,1.);
#7952 = DIRECTION('',(1.,0.));
#7953 = ( GEOMETRIC_REPRESENTATION_CONTEXT(2) 
PARAMETRIC_REPRESENTATION_CONTEXT() REPRESENTATION_CONTEXT('2D SPACE',''
  ) );
#7954 = FACE_BOUND('',#7955,.F.);
#7955 = EDGE_LOOP('',(#7956));
#7956 = ORIENTED_EDGE('',*,*,#7957,.T.);
#7957 = EDGE_CURVE('',#7958,#7958,#7960,.T.);
#7958 = VERTEX_POINT('',#7959);
#7959 = CARTESIAN_POINT('',(57.065734,-76.880579,0.));
#7960 = SURFACE_CURVE('',#7961,(#7966,#7977),.PCURVE_S1.);
#7961 = CIRCLE('',#7962,0.8509);
#7962 = AXIS2_PLACEMENT_3D('',#7963,#7964,#7965);
#7963 = CARTESIAN_POINT('',(57.065734,-76.029679,0.));
#7964 = DIRECTION('',(-0.,0.,-1.));
#7965 = DIRECTION('',(-8.350484613469E-15,-1.,0.));
#7966 = PCURVE('',#132,#7967);
#7967 = DEFINITIONAL_REPRESENTATION('',(#7968),#7976);
#7968 = ( BOUNDED_CURVE() B_SPLINE_CURVE(2,(#7969,#7970,#7971,#7972,
#7973,#7974,#7975),.UNSPECIFIED.,.T.,.F.) B_SPLINE_CURVE_WITH_KNOTS((1,2
    ,2,2,2,1),(-2.094395102393,0.,2.094395102393,4.188790204786,
6.28318530718,8.377580409573),.UNSPECIFIED.) CURVE() 
GEOMETRIC_REPRESENTATION_ITEM() RATIONAL_B_SPLINE_CURVE((1.,0.5,1.,0.5,
1.,0.5,1.)) REPRESENTATION_ITEM('') );
#7969 = CARTESIAN_POINT('',(57.065734,-76.880579));
#7970 = CARTESIAN_POINT('',(55.59193196784,-76.880579));
#7971 = CARTESIAN_POINT('',(56.32883298392,-75.604229));
#7972 = CARTESIAN_POINT('',(57.065734,-74.327879));
#7973 = CARTESIAN_POINT('',(57.80263501608,-75.604229));
#7974 = CARTESIAN_POINT('',(58.53953603216,-76.880579));
#7975 = CARTESIAN_POINT('',(57.065734,-76.880579));
#7976 = ( GEOMETRIC_REPRESENTATION_CONTEXT(2) 
PARAMETRIC_REPRESENTATION_CONTEXT() REPRESENTATION_CONTEXT('2D SPACE',''
  ) );
#7977 = PCURVE('',#1666,#7978);
#7978 = DEFINITIONAL_REPRESENTATION('',(#7979),#7983);
#7979 = LINE('',#7980,#7981);
#7980 = CARTESIAN_POINT('',(0.,-4.6E-02));
#7981 = VECTOR('',#7982,1.);
#7982 = DIRECTION('',(1.,0.));
#7983 = ( GEOMETRIC_REPRESENTATION_CONTEXT(2) 
PARAMETRIC_REPRESENTATION_CONTEXT() REPRESENTATION_CONTEXT('2D SPACE',''
  ) );
#7984 = FACE_BOUND('',#7985,.F.);
#7985 = EDGE_LOOP('',(#7986));
#7986 = ORIENTED_EDGE('',*,*,#7987,.T.);
#7987 = EDGE_CURVE('',#7988,#7988,#7990,.T.);
#7988 = VERTEX_POINT('',#7989);
#7989 = CARTESIAN_POINT('',(56.493439,-72.354742,0.));
#7990 = SURFACE_CURVE('',#7991,(#7996,#8007),.PCURVE_S1.);
#7991 = CIRCLE('',#7992,0.4953);
#7992 = AXIS2_PLACEMENT_3D('',#7993,#7994,#7995);
#7993 = CARTESIAN_POINT('',(56.493439,-71.859442,0.));
#7994 = DIRECTION('',(-0.,-0.,-1.));
#7995 = DIRECTION('',(0.,-1.,0.));
#7996 = PCURVE('',#132,#7997);
#7997 = DEFINITIONAL_REPRESENTATION('',(#7998),#8006);
#7998 = ( BOUNDED_CURVE() B_SPLINE_CURVE(2,(#7999,#8000,#8001,#8002,
#8003,#8004,#8005),.UNSPECIFIED.,.T.,.F.) B_SPLINE_CURVE_WITH_KNOTS((1,2
    ,2,2,2,1),(-2.094395102393,0.,2.094395102393,4.188790204786,
6.28318530718,8.377580409573),.UNSPECIFIED.) CURVE() 
GEOMETRIC_REPRESENTATION_ITEM() RATIONAL_B_SPLINE_CURVE((1.,0.5,1.,0.5,
1.,0.5,1.)) REPRESENTATION_ITEM('') );
#7999 = CARTESIAN_POINT('',(56.493439,-72.354742));
#8000 = CARTESIAN_POINT('',(55.635554235011,-72.354742));
#8001 = CARTESIAN_POINT('',(56.064496617506,-71.611792));
#8002 = CARTESIAN_POINT('',(56.493439,-70.868842));
#8003 = CARTESIAN_POINT('',(56.922381382494,-71.611792));
#8004 = CARTESIAN_POINT('',(57.351323764989,-72.354742));
#8005 = CARTESIAN_POINT('',(56.493439,-72.354742));
#8006 = ( GEOMETRIC_REPRESENTATION_CONTEXT(2) 
PARAMETRIC_REPRESENTATION_CONTEXT() REPRESENTATION_CONTEXT('2D SPACE',''
  ) );
#8007 = PCURVE('',#1701,#8008);
#8008 = DEFINITIONAL_REPRESENTATION('',(#8009),#8013);
#8009 = LINE('',#8010,#8011);
#8010 = CARTESIAN_POINT('',(0.,-4.6E-02));
#8011 = VECTOR('',#8012,1.);
#8012 = DIRECTION('',(1.,0.));
#8013 = ( GEOMETRIC_REPRESENTATION_CONTEXT(2) 
PARAMETRIC_REPRESENTATION_CONTEXT() REPRESENTATION_CONTEXT('2D SPACE',''
  ) );
#8014 = FACE_BOUND('',#8015,.F.);
#8015 = EDGE_LOOP('',(#8016));
#8016 = ORIENTED_EDGE('',*,*,#8017,.T.);
#8017 = EDGE_CURVE('',#8018,#8018,#8020,.T.);
#8018 = VERTEX_POINT('',#8019);
#8019 = CARTESIAN_POINT('',(69.938,-76.893,0.));
#8020 = SURFACE_CURVE('',#8021,(#8026,#8037),.PCURVE_S1.);
#8021 = CIRCLE('',#8022,0.635);
#8022 = AXIS2_PLACEMENT_3D('',#8023,#8024,#8025);
#8023 = CARTESIAN_POINT('',(69.938,-76.258,0.));
#8024 = DIRECTION('',(0.,-0.,-1.));
#8025 = DIRECTION('',(2.23792987641E-14,-1.,0.));
#8026 = PCURVE('',#132,#8027);
#8027 = DEFINITIONAL_REPRESENTATION('',(#8028),#8036);
#8028 = ( BOUNDED_CURVE() B_SPLINE_CURVE(2,(#8029,#8030,#8031,#8032,
#8033,#8034,#8035),.UNSPECIFIED.,.T.,.F.) B_SPLINE_CURVE_WITH_KNOTS((1,2
    ,2,2,2,1),(-2.094395102393,0.,2.094395102393,4.188790204786,
6.28318530718,8.377580409573),.UNSPECIFIED.) CURVE() 
GEOMETRIC_REPRESENTATION_ITEM() RATIONAL_B_SPLINE_CURVE((1.,0.5,1.,0.5,
1.,0.5,1.)) REPRESENTATION_ITEM('') );
#8029 = CARTESIAN_POINT('',(69.938,-76.893));
#8030 = CARTESIAN_POINT('',(68.838147737194,-76.893));
#8031 = CARTESIAN_POINT('',(69.388073868597,-75.9405));
#8032 = CARTESIAN_POINT('',(69.938,-74.988));
#8033 = CARTESIAN_POINT('',(70.487926131403,-75.9405));
#8034 = CARTESIAN_POINT('',(71.037852262806,-76.893));
#8035 = CARTESIAN_POINT('',(69.938,-76.893));
#8036 = ( GEOMETRIC_REPRESENTATION_CONTEXT(2) 
PARAMETRIC_REPRESENTATION_CONTEXT() REPRESENTATION_CONTEXT('2D SPACE',''
  ) );
#8037 = PCURVE('',#1736,#8038);
#8038 = DEFINITIONAL_REPRESENTATION('',(#8039),#8043);
#8039 = LINE('',#8040,#8041);
#8040 = CARTESIAN_POINT('',(0.,-4.6E-02));
#8041 = VECTOR('',#8042,1.);
#8042 = DIRECTION('',(1.,0.));
#8043 = ( GEOMETRIC_REPRESENTATION_CONTEXT(2) 
PARAMETRIC_REPRESENTATION_CONTEXT() REPRESENTATION_CONTEXT('2D SPACE',''
  ) );
#8044 = FACE_BOUND('',#8045,.F.);
#8045 = EDGE_LOOP('',(#8046));
#8046 = ORIENTED_EDGE('',*,*,#8047,.T.);
#8047 = EDGE_CURVE('',#8048,#8048,#8050,.T.);
#8048 = VERTEX_POINT('',#8049);
#8049 = CARTESIAN_POINT('',(64.938,-74.793,0.));
#8050 = SURFACE_CURVE('',#8051,(#8056,#8067),.PCURVE_S1.);
#8051 = CIRCLE('',#8052,0.635);
#8052 = AXIS2_PLACEMENT_3D('',#8053,#8054,#8055);
#8053 = CARTESIAN_POINT('',(64.938,-74.158,0.));
#8054 = DIRECTION('',(0.,-0.,-1.));
#8055 = DIRECTION('',(2.23792987641E-14,-1.,0.));
#8056 = PCURVE('',#132,#8057);
#8057 = DEFINITIONAL_REPRESENTATION('',(#8058),#8066);
#8058 = ( BOUNDED_CURVE() B_SPLINE_CURVE(2,(#8059,#8060,#8061,#8062,
#8063,#8064,#8065),.UNSPECIFIED.,.T.,.F.) B_SPLINE_CURVE_WITH_KNOTS((1,2
    ,2,2,2,1),(-2.094395102393,0.,2.094395102393,4.188790204786,
6.28318530718,8.377580409573),.UNSPECIFIED.) CURVE() 
GEOMETRIC_REPRESENTATION_ITEM() RATIONAL_B_SPLINE_CURVE((1.,0.5,1.,0.5,
1.,0.5,1.)) REPRESENTATION_ITEM('') );
#8059 = CARTESIAN_POINT('',(64.938,-74.793));
#8060 = CARTESIAN_POINT('',(63.838147737194,-74.793));
#8061 = CARTESIAN_POINT('',(64.388073868597,-73.8405));
#8062 = CARTESIAN_POINT('',(64.938,-72.888));
#8063 = CARTESIAN_POINT('',(65.487926131403,-73.8405));
#8064 = CARTESIAN_POINT('',(66.037852262806,-74.793));
#8065 = CARTESIAN_POINT('',(64.938,-74.793));
#8066 = ( GEOMETRIC_REPRESENTATION_CONTEXT(2) 
PARAMETRIC_REPRESENTATION_CONTEXT() REPRESENTATION_CONTEXT('2D SPACE',''
  ) );
#8067 = PCURVE('',#1771,#8068);
#8068 = DEFINITIONAL_REPRESENTATION('',(#8069),#8073);
#8069 = LINE('',#8070,#8071);
#8070 = CARTESIAN_POINT('',(0.,-4.6E-02));
#8071 = VECTOR('',#8072,1.);
#8072 = DIRECTION('',(1.,0.));
#8073 = ( GEOMETRIC_REPRESENTATION_CONTEXT(2) 
PARAMETRIC_REPRESENTATION_CONTEXT() REPRESENTATION_CONTEXT('2D SPACE',''
  ) );
#8074 = FACE_BOUND('',#8075,.F.);
#8075 = EDGE_LOOP('',(#8076));
#8076 = ORIENTED_EDGE('',*,*,#8077,.T.);
#8077 = EDGE_CURVE('',#8078,#8078,#8080,.T.);
#8078 = VERTEX_POINT('',#8079);
#8079 = CARTESIAN_POINT('',(100.972938,-110.013228,0.));
#8080 = SURFACE_CURVE('',#8081,(#8086,#8097),.PCURVE_S1.);
#8081 = CIRCLE('',#8082,0.635);
#8082 = AXIS2_PLACEMENT_3D('',#8083,#8084,#8085);
#8083 = CARTESIAN_POINT('',(100.972938,-109.378228,0.));
#8084 = DIRECTION('',(-0.,-0.,-1.));
#8085 = DIRECTION('',(0.,-1.,0.));
#8086 = PCURVE('',#132,#8087);
#8087 = DEFINITIONAL_REPRESENTATION('',(#8088),#8096);
#8088 = ( BOUNDED_CURVE() B_SPLINE_CURVE(2,(#8089,#8090,#8091,#8092,
#8093,#8094,#8095),.UNSPECIFIED.,.T.,.F.) B_SPLINE_CURVE_WITH_KNOTS((1,2
    ,2,2,2,1),(-2.094395102393,0.,2.094395102393,4.188790204786,
6.28318530718,8.377580409573),.UNSPECIFIED.) CURVE() 
GEOMETRIC_REPRESENTATION_ITEM() RATIONAL_B_SPLINE_CURVE((1.,0.5,1.,0.5,
1.,0.5,1.)) REPRESENTATION_ITEM('') );
#8089 = CARTESIAN_POINT('',(100.972938,-110.013228));
#8090 = CARTESIAN_POINT('',(99.873085737194,-110.013228));
#8091 = CARTESIAN_POINT('',(100.42301186859,-109.060728));
#8092 = CARTESIAN_POINT('',(100.972938,-108.108228));
#8093 = CARTESIAN_POINT('',(101.5228641314,-109.060728));
#8094 = CARTESIAN_POINT('',(102.0727902628,-110.013228));
#8095 = CARTESIAN_POINT('',(100.972938,-110.013228));
#8096 = ( GEOMETRIC_REPRESENTATION_CONTEXT(2) 
PARAMETRIC_REPRESENTATION_CONTEXT() REPRESENTATION_CONTEXT('2D SPACE',''
  ) );
#8097 = PCURVE('',#1806,#8098);
#8098 = DEFINITIONAL_REPRESENTATION('',(#8099),#8103);
#8099 = LINE('',#8100,#8101);
#8100 = CARTESIAN_POINT('',(0.,-4.6E-02));
#8101 = VECTOR('',#8102,1.);
#8102 = DIRECTION('',(1.,0.));
#8103 = ( GEOMETRIC_REPRESENTATION_CONTEXT(2) 
PARAMETRIC_REPRESENTATION_CONTEXT() REPRESENTATION_CONTEXT('2D SPACE',''
  ) );
#8104 = FACE_BOUND('',#8105,.F.);
#8105 = EDGE_LOOP('',(#8106));
#8106 = ORIENTED_EDGE('',*,*,#8107,.T.);
#8107 = EDGE_CURVE('',#8108,#8108,#8110,.T.);
#8108 = VERTEX_POINT('',#8109);
#8109 = CARTESIAN_POINT('',(99.75705,-106.594348,0.));
#8110 = SURFACE_CURVE('',#8111,(#8116,#8127),.PCURVE_S1.);
#8111 = CIRCLE('',#8112,0.8509);
#8112 = AXIS2_PLACEMENT_3D('',#8113,#8114,#8115);
#8113 = CARTESIAN_POINT('',(99.75705,-105.743448,0.));
#8114 = DIRECTION('',(0.,-0.,-1.));
#8115 = DIRECTION('',(1.670096922694E-14,-1.,0.));
#8116 = PCURVE('',#132,#8117);
#8117 = DEFINITIONAL_REPRESENTATION('',(#8118),#8126);
#8118 = ( BOUNDED_CURVE() B_SPLINE_CURVE(2,(#8119,#8120,#8121,#8122,
#8123,#8124,#8125),.UNSPECIFIED.,.T.,.F.) B_SPLINE_CURVE_WITH_KNOTS((1,2
    ,2,2,2,1),(-2.094395102393,0.,2.094395102393,4.188790204786,
6.28318530718,8.377580409573),.UNSPECIFIED.) CURVE() 
GEOMETRIC_REPRESENTATION_ITEM() RATIONAL_B_SPLINE_CURVE((1.,0.5,1.,0.5,
1.,0.5,1.)) REPRESENTATION_ITEM('') );
#8119 = CARTESIAN_POINT('',(99.75705,-106.594348));
#8120 = CARTESIAN_POINT('',(98.28324796784,-106.594348));
#8121 = CARTESIAN_POINT('',(99.02014898392,-105.317998));
#8122 = CARTESIAN_POINT('',(99.75705,-104.041648));
#8123 = CARTESIAN_POINT('',(100.49395101608,-105.317998));
#8124 = CARTESIAN_POINT('',(101.23085203216,-106.594348));
#8125 = CARTESIAN_POINT('',(99.75705,-106.594348));
#8126 = ( GEOMETRIC_REPRESENTATION_CONTEXT(2) 
PARAMETRIC_REPRESENTATION_CONTEXT() REPRESENTATION_CONTEXT('2D SPACE',''
  ) );
#8127 = PCURVE('',#1841,#8128);
#8128 = DEFINITIONAL_REPRESENTATION('',(#8129),#8133);
#8129 = LINE('',#8130,#8131);
#8130 = CARTESIAN_POINT('',(0.,-4.6E-02));
#8131 = VECTOR('',#8132,1.);
#8132 = DIRECTION('',(1.,0.));
#8133 = ( GEOMETRIC_REPRESENTATION_CONTEXT(2) 
PARAMETRIC_REPRESENTATION_CONTEXT() REPRESENTATION_CONTEXT('2D SPACE',''
  ) );
#8134 = FACE_BOUND('',#8135,.F.);
#8135 = EDGE_LOOP('',(#8136));
#8136 = ORIENTED_EDGE('',*,*,#8137,.T.);
#8137 = EDGE_CURVE('',#8138,#8138,#8140,.T.);
#8138 = VERTEX_POINT('',#8139);
#8139 = CARTESIAN_POINT('',(99.230508,-102.062489,0.));
#8140 = SURFACE_CURVE('',#8141,(#8146,#8157),.PCURVE_S1.);
#8141 = CIRCLE('',#8142,0.4953);
#8142 = AXIS2_PLACEMENT_3D('',#8143,#8144,#8145);
#8143 = CARTESIAN_POINT('',(99.230508,-101.567189,0.));
#8144 = DIRECTION('',(-0.,-0.,-1.));
#8145 = DIRECTION('',(0.,-1.,0.));
#8146 = PCURVE('',#132,#8147);
#8147 = DEFINITIONAL_REPRESENTATION('',(#8148),#8156);
#8148 = ( BOUNDED_CURVE() B_SPLINE_CURVE(2,(#8149,#8150,#8151,#8152,
#8153,#8154,#8155),.UNSPECIFIED.,.T.,.F.) B_SPLINE_CURVE_WITH_KNOTS((1,2
    ,2,2,2,1),(-2.094395102393,0.,2.094395102393,4.188790204786,
6.28318530718,8.377580409573),.UNSPECIFIED.) CURVE() 
GEOMETRIC_REPRESENTATION_ITEM() RATIONAL_B_SPLINE_CURVE((1.,0.5,1.,0.5,
1.,0.5,1.)) REPRESENTATION_ITEM('') );
#8149 = CARTESIAN_POINT('',(99.230508,-102.062489));
#8150 = CARTESIAN_POINT('',(98.372623235011,-102.062489));
#8151 = CARTESIAN_POINT('',(98.801565617506,-101.319539));
#8152 = CARTESIAN_POINT('',(99.230508,-100.576589));
#8153 = CARTESIAN_POINT('',(99.659450382494,-101.319539));
#8154 = CARTESIAN_POINT('',(100.08839276498,-102.062489));
#8155 = CARTESIAN_POINT('',(99.230508,-102.062489));
#8156 = ( GEOMETRIC_REPRESENTATION_CONTEXT(2) 
PARAMETRIC_REPRESENTATION_CONTEXT() REPRESENTATION_CONTEXT('2D SPACE',''
  ) );
#8157 = PCURVE('',#1876,#8158);
#8158 = DEFINITIONAL_REPRESENTATION('',(#8159),#8163);
#8159 = LINE('',#8160,#8161);
#8160 = CARTESIAN_POINT('',(0.,-4.6E-02));
#8161 = VECTOR('',#8162,1.);
#8162 = DIRECTION('',(1.,0.));
#8163 = ( GEOMETRIC_REPRESENTATION_CONTEXT(2) 
PARAMETRIC_REPRESENTATION_CONTEXT() REPRESENTATION_CONTEXT('2D SPACE',''
  ) );
#8164 = FACE_BOUND('',#8165,.F.);
#8165 = EDGE_LOOP('',(#8166));
#8166 = ORIENTED_EDGE('',*,*,#8167,.T.);
#8167 = EDGE_CURVE('',#8168,#8168,#8170,.T.);
#8168 = VERTEX_POINT('',#8169);
#8169 = CARTESIAN_POINT('',(106.281773,-111.1206,0.));
#8170 = SURFACE_CURVE('',#8171,(#8176,#8187),.PCURVE_S1.);
#8171 = CIRCLE('',#8172,0.635);
#8172 = AXIS2_PLACEMENT_3D('',#8173,#8174,#8175);
#8173 = CARTESIAN_POINT('',(106.281773,-110.4856,0.));
#8174 = DIRECTION('',(-0.,-0.,-1.));
#8175 = DIRECTION('',(0.,-1.,0.));
#8176 = PCURVE('',#132,#8177);
#8177 = DEFINITIONAL_REPRESENTATION('',(#8178),#8186);
#8178 = ( BOUNDED_CURVE() B_SPLINE_CURVE(2,(#8179,#8180,#8181,#8182,
#8183,#8184,#8185),.UNSPECIFIED.,.T.,.F.) B_SPLINE_CURVE_WITH_KNOTS((1,2
    ,2,2,2,1),(-2.094395102393,0.,2.094395102393,4.188790204786,
6.28318530718,8.377580409573),.UNSPECIFIED.) CURVE() 
GEOMETRIC_REPRESENTATION_ITEM() RATIONAL_B_SPLINE_CURVE((1.,0.5,1.,0.5,
1.,0.5,1.)) REPRESENTATION_ITEM('') );
#8179 = CARTESIAN_POINT('',(106.281773,-111.1206));
#8180 = CARTESIAN_POINT('',(105.18192073719,-111.1206));
#8181 = CARTESIAN_POINT('',(105.73184686859,-110.1681));
#8182 = CARTESIAN_POINT('',(106.281773,-109.2156));
#8183 = CARTESIAN_POINT('',(106.8316991314,-110.1681));
#8184 = CARTESIAN_POINT('',(107.3816252628,-111.1206));
#8185 = CARTESIAN_POINT('',(106.281773,-111.1206));
#8186 = ( GEOMETRIC_REPRESENTATION_CONTEXT(2) 
PARAMETRIC_REPRESENTATION_CONTEXT() REPRESENTATION_CONTEXT('2D SPACE',''
  ) );
#8187 = PCURVE('',#1911,#8188);
#8188 = DEFINITIONAL_REPRESENTATION('',(#8189),#8193);
#8189 = LINE('',#8190,#8191);
#8190 = CARTESIAN_POINT('',(0.,-4.6E-02));
#8191 = VECTOR('',#8192,1.);
#8192 = DIRECTION('',(1.,0.));
#8193 = ( GEOMETRIC_REPRESENTATION_CONTEXT(2) 
PARAMETRIC_REPRESENTATION_CONTEXT() REPRESENTATION_CONTEXT('2D SPACE',''
  ) );
#8194 = FACE_BOUND('',#8195,.F.);
#8195 = EDGE_LOOP('',(#8196));
#8196 = ORIENTED_EDGE('',*,*,#8197,.T.);
#8197 = EDGE_CURVE('',#8198,#8198,#8200,.T.);
#8198 = VERTEX_POINT('',#8199);
#8199 = CARTESIAN_POINT('',(105.156,-106.4085,0.));
#8200 = SURFACE_CURVE('',#8201,(#8206,#8217),.PCURVE_S1.);
#8201 = CIRCLE('',#8202,1.7145);
#8202 = AXIS2_PLACEMENT_3D('',#8203,#8204,#8205);
#8203 = CARTESIAN_POINT('',(105.156,-104.694,0.));
#8204 = DIRECTION('',(-0.,-0.,-1.));
#8205 = DIRECTION('',(0.,-1.,0.));
#8206 = PCURVE('',#132,#8207);
#8207 = DEFINITIONAL_REPRESENTATION('',(#8208),#8216);
#8208 = ( BOUNDED_CURVE() B_SPLINE_CURVE(2,(#8209,#8210,#8211,#8212,
#8213,#8214,#8215),.UNSPECIFIED.,.T.,.F.) B_SPLINE_CURVE_WITH_KNOTS((1,2
    ,2,2,2,1),(-2.094395102393,0.,2.094395102393,4.188790204786,
6.28318530718,8.377580409573),.UNSPECIFIED.) CURVE() 
GEOMETRIC_REPRESENTATION_ITEM() RATIONAL_B_SPLINE_CURVE((1.,0.5,1.,0.5,
1.,0.5,1.)) REPRESENTATION_ITEM('') );
#8209 = CARTESIAN_POINT('',(105.156,-106.4085));
#8210 = CARTESIAN_POINT('',(102.18639889042,-106.4085));
#8211 = CARTESIAN_POINT('',(103.67119944521,-103.83675));
#8212 = CARTESIAN_POINT('',(105.156,-101.265));
#8213 = CARTESIAN_POINT('',(106.64080055478,-103.83675));
#8214 = CARTESIAN_POINT('',(108.12560110957,-106.4085));
#8215 = CARTESIAN_POINT('',(105.156,-106.4085));
#8216 = ( GEOMETRIC_REPRESENTATION_CONTEXT(2) 
PARAMETRIC_REPRESENTATION_CONTEXT() REPRESENTATION_CONTEXT('2D SPACE',''
  ) );
#8217 = PCURVE('',#1946,#8218);
#8218 = DEFINITIONAL_REPRESENTATION('',(#8219),#8223);
#8219 = LINE('',#8220,#8221);
#8220 = CARTESIAN_POINT('',(0.,-4.6E-02));
#8221 = VECTOR('',#8222,1.);
#8222 = DIRECTION('',(1.,0.));
#8223 = ( GEOMETRIC_REPRESENTATION_CONTEXT(2) 
PARAMETRIC_REPRESENTATION_CONTEXT() REPRESENTATION_CONTEXT('2D SPACE',''
  ) );
#8224 = FACE_BOUND('',#8225,.F.);
#8225 = EDGE_LOOP('',(#8226));
#8226 = ORIENTED_EDGE('',*,*,#8227,.T.);
#8227 = EDGE_CURVE('',#8228,#8228,#8230,.T.);
#8228 = VERTEX_POINT('',#8229);
#8229 = CARTESIAN_POINT('',(110.55495,-104.495452,0.));
#8230 = SURFACE_CURVE('',#8231,(#8236,#8247),.PCURVE_S1.);
#8231 = CIRCLE('',#8232,0.8509);
#8232 = AXIS2_PLACEMENT_3D('',#8233,#8234,#8235);
#8233 = CARTESIAN_POINT('',(110.55495,-103.644552,0.));
#8234 = DIRECTION('',(0.,-0.,-1.));
#8235 = DIRECTION('',(1.670096922694E-14,-1.,0.));
#8236 = PCURVE('',#132,#8237);
#8237 = DEFINITIONAL_REPRESENTATION('',(#8238),#8246);
#8238 = ( BOUNDED_CURVE() B_SPLINE_CURVE(2,(#8239,#8240,#8241,#8242,
#8243,#8244,#8245),.UNSPECIFIED.,.T.,.F.) B_SPLINE_CURVE_WITH_KNOTS((1,2
    ,2,2,2,1),(-2.094395102393,0.,2.094395102393,4.188790204786,
6.28318530718,8.377580409573),.UNSPECIFIED.) CURVE() 
GEOMETRIC_REPRESENTATION_ITEM() RATIONAL_B_SPLINE_CURVE((1.,0.5,1.,0.5,
1.,0.5,1.)) REPRESENTATION_ITEM('') );
#8239 = CARTESIAN_POINT('',(110.55495,-104.495452));
#8240 = CARTESIAN_POINT('',(109.08114796784,-104.495452));
#8241 = CARTESIAN_POINT('',(109.81804898392,-103.219102));
#8242 = CARTESIAN_POINT('',(110.55495,-101.942752));
#8243 = CARTESIAN_POINT('',(111.29185101608,-103.219102));
#8244 = CARTESIAN_POINT('',(112.02875203216,-104.495452));
#8245 = CARTESIAN_POINT('',(110.55495,-104.495452));
#8246 = ( GEOMETRIC_REPRESENTATION_CONTEXT(2) 
PARAMETRIC_REPRESENTATION_CONTEXT() REPRESENTATION_CONTEXT('2D SPACE',''
  ) );
#8247 = PCURVE('',#1981,#8248);
#8248 = DEFINITIONAL_REPRESENTATION('',(#8249),#8253);
#8249 = LINE('',#8250,#8251);
#8250 = CARTESIAN_POINT('',(0.,-4.6E-02));
#8251 = VECTOR('',#8252,1.);
#8252 = DIRECTION('',(1.,0.));
#8253 = ( GEOMETRIC_REPRESENTATION_CONTEXT(2) 
PARAMETRIC_REPRESENTATION_CONTEXT() REPRESENTATION_CONTEXT('2D SPACE',''
  ) );
#8254 = FACE_BOUND('',#8255,.F.);
#8255 = EDGE_LOOP('',(#8256));
#8256 = ORIENTED_EDGE('',*,*,#8257,.T.);
#8257 = EDGE_CURVE('',#8258,#8258,#8260,.T.);
#8258 = VERTEX_POINT('',#8259);
#8259 = CARTESIAN_POINT('',(124.206,-104.1869,0.));
#8260 = SURFACE_CURVE('',#8261,(#8266,#8277),.PCURVE_S1.);
#8261 = CIRCLE('',#8262,0.8509);
#8262 = AXIS2_PLACEMENT_3D('',#8263,#8264,#8265);
#8263 = CARTESIAN_POINT('',(124.206,-103.336,0.));
#8264 = DIRECTION('',(0.,-0.,-1.));
#8265 = DIRECTION('',(1.670096922694E-14,-1.,0.));
#8266 = PCURVE('',#132,#8267);
#8267 = DEFINITIONAL_REPRESENTATION('',(#8268),#8276);
#8268 = ( BOUNDED_CURVE() B_SPLINE_CURVE(2,(#8269,#8270,#8271,#8272,
#8273,#8274,#8275),.UNSPECIFIED.,.T.,.F.) B_SPLINE_CURVE_WITH_KNOTS((1,2
    ,2,2,2,1),(-2.094395102393,0.,2.094395102393,4.188790204786,
6.28318530718,8.377580409573),.UNSPECIFIED.) CURVE() 
GEOMETRIC_REPRESENTATION_ITEM() RATIONAL_B_SPLINE_CURVE((1.,0.5,1.,0.5,
1.,0.5,1.)) REPRESENTATION_ITEM('') );
#8269 = CARTESIAN_POINT('',(124.206,-104.1869));
#8270 = CARTESIAN_POINT('',(122.73219796784,-104.1869));
#8271 = CARTESIAN_POINT('',(123.46909898392,-102.91055));
#8272 = CARTESIAN_POINT('',(124.206,-101.6342));
#8273 = CARTESIAN_POINT('',(124.94290101608,-102.91055));
#8274 = CARTESIAN_POINT('',(125.67980203216,-104.1869));
#8275 = CARTESIAN_POINT('',(124.206,-104.1869));
#8276 = ( GEOMETRIC_REPRESENTATION_CONTEXT(2) 
PARAMETRIC_REPRESENTATION_CONTEXT() REPRESENTATION_CONTEXT('2D SPACE',''
  ) );
#8277 = PCURVE('',#2016,#8278);
#8278 = DEFINITIONAL_REPRESENTATION('',(#8279),#8283);
#8279 = LINE('',#8280,#8281);
#8280 = CARTESIAN_POINT('',(0.,-4.6E-02));
#8281 = VECTOR('',#8282,1.);
#8282 = DIRECTION('',(1.,0.));
#8283 = ( GEOMETRIC_REPRESENTATION_CONTEXT(2) 
PARAMETRIC_REPRESENTATION_CONTEXT() REPRESENTATION_CONTEXT('2D SPACE',''
  ) );
#8284 = FACE_BOUND('',#8285,.F.);
#8285 = EDGE_LOOP('',(#8286));
#8286 = ORIENTED_EDGE('',*,*,#8287,.T.);
#8287 = EDGE_CURVE('',#8288,#8288,#8290,.T.);
#8288 = VERTEX_POINT('',#8289);
#8289 = CARTESIAN_POINT('',(128.006,-103.471,0.));
#8290 = SURFACE_CURVE('',#8291,(#8296,#8307),.PCURVE_S1.);
#8291 = CIRCLE('',#8292,0.635);
#8292 = AXIS2_PLACEMENT_3D('',#8293,#8294,#8295);
#8293 = CARTESIAN_POINT('',(128.006,-102.836,0.));
#8294 = DIRECTION('',(-0.,-0.,-1.));
#8295 = DIRECTION('',(0.,-1.,0.));
#8296 = PCURVE('',#132,#8297);
#8297 = DEFINITIONAL_REPRESENTATION('',(#8298),#8306);
#8298 = ( BOUNDED_CURVE() B_SPLINE_CURVE(2,(#8299,#8300,#8301,#8302,
#8303,#8304,#8305),.UNSPECIFIED.,.T.,.F.) B_SPLINE_CURVE_WITH_KNOTS((1,2
    ,2,2,2,1),(-2.094395102393,0.,2.094395102393,4.188790204786,
6.28318530718,8.377580409573),.UNSPECIFIED.) CURVE() 
GEOMETRIC_REPRESENTATION_ITEM() RATIONAL_B_SPLINE_CURVE((1.,0.5,1.,0.5,
1.,0.5,1.)) REPRESENTATION_ITEM('') );
#8299 = CARTESIAN_POINT('',(128.006,-103.471));
#8300 = CARTESIAN_POINT('',(126.90614773719,-103.471));
#8301 = CARTESIAN_POINT('',(127.45607386859,-102.5185));
#8302 = CARTESIAN_POINT('',(128.006,-101.566));
#8303 = CARTESIAN_POINT('',(128.5559261314,-102.5185));
#8304 = CARTESIAN_POINT('',(129.1058522628,-103.471));
#8305 = CARTESIAN_POINT('',(128.006,-103.471));
#8306 = ( GEOMETRIC_REPRESENTATION_CONTEXT(2) 
PARAMETRIC_REPRESENTATION_CONTEXT() REPRESENTATION_CONTEXT('2D SPACE',''
  ) );
#8307 = PCURVE('',#2051,#8308);
#8308 = DEFINITIONAL_REPRESENTATION('',(#8309),#8313);
#8309 = LINE('',#8310,#8311);
#8310 = CARTESIAN_POINT('',(0.,-4.6E-02));
#8311 = VECTOR('',#8312,1.);
#8312 = DIRECTION('',(1.,0.));
#8313 = ( GEOMETRIC_REPRESENTATION_CONTEXT(2) 
PARAMETRIC_REPRESENTATION_CONTEXT() REPRESENTATION_CONTEXT('2D SPACE',''
  ) );
#8314 = FACE_BOUND('',#8315,.F.);
#8315 = EDGE_LOOP('',(#8316));
#8316 = ORIENTED_EDGE('',*,*,#8317,.T.);
#8317 = EDGE_CURVE('',#8318,#8318,#8320,.T.);
#8318 = VERTEX_POINT('',#8319);
#8319 = CARTESIAN_POINT('',(109.478696,-100.070443,0.));
#8320 = SURFACE_CURVE('',#8321,(#8326,#8337),.PCURVE_S1.);
#8321 = CIRCLE('',#8322,0.4953);
#8322 = AXIS2_PLACEMENT_3D('',#8323,#8324,#8325);
#8323 = CARTESIAN_POINT('',(109.478696,-99.575143,0.));
#8324 = DIRECTION('',(-0.,-0.,-1.));
#8325 = DIRECTION('',(0.,-1.,0.));
#8326 = PCURVE('',#132,#8327);
#8327 = DEFINITIONAL_REPRESENTATION('',(#8328),#8336);
#8328 = ( BOUNDED_CURVE() B_SPLINE_CURVE(2,(#8329,#8330,#8331,#8332,
#8333,#8334,#8335),.UNSPECIFIED.,.T.,.F.) B_SPLINE_CURVE_WITH_KNOTS((1,2
    ,2,2,2,1),(-2.094395102393,0.,2.094395102393,4.188790204786,
6.28318530718,8.377580409573),.UNSPECIFIED.) CURVE() 
GEOMETRIC_REPRESENTATION_ITEM() RATIONAL_B_SPLINE_CURVE((1.,0.5,1.,0.5,
1.,0.5,1.)) REPRESENTATION_ITEM('') );
#8329 = CARTESIAN_POINT('',(109.478696,-100.070443));
#8330 = CARTESIAN_POINT('',(108.62081123501,-100.070443));
#8331 = CARTESIAN_POINT('',(109.0497536175,-99.327493));
#8332 = CARTESIAN_POINT('',(109.478696,-98.584543));
#8333 = CARTESIAN_POINT('',(109.90763838249,-99.327493));
#8334 = CARTESIAN_POINT('',(110.33658076498,-100.070443));
#8335 = CARTESIAN_POINT('',(109.478696,-100.070443));
#8336 = ( GEOMETRIC_REPRESENTATION_CONTEXT(2) 
PARAMETRIC_REPRESENTATION_CONTEXT() REPRESENTATION_CONTEXT('2D SPACE',''
  ) );
#8337 = PCURVE('',#2086,#8338);
#8338 = DEFINITIONAL_REPRESENTATION('',(#8339),#8343);
#8339 = LINE('',#8340,#8341);
#8340 = CARTESIAN_POINT('',(0.,-4.6E-02));
#8341 = VECTOR('',#8342,1.);
#8342 = DIRECTION('',(1.,0.));
#8343 = ( GEOMETRIC_REPRESENTATION_CONTEXT(2) 
PARAMETRIC_REPRESENTATION_CONTEXT() REPRESENTATION_CONTEXT('2D SPACE',''
  ) );
#8344 = FACE_BOUND('',#8345,.F.);
#8345 = EDGE_LOOP('',(#8346));
#8346 = ORIENTED_EDGE('',*,*,#8347,.T.);
#8347 = EDGE_CURVE('',#8348,#8348,#8350,.T.);
#8348 = VERTEX_POINT('',#8349);
#8349 = CARTESIAN_POINT('',(124.206,-99.5505,0.));
#8350 = SURFACE_CURVE('',#8351,(#8356,#8367),.PCURVE_S1.);
#8351 = CIRCLE('',#8352,1.7145);
#8352 = AXIS2_PLACEMENT_3D('',#8353,#8354,#8355);
#8353 = CARTESIAN_POINT('',(124.206,-97.836,0.));
#8354 = DIRECTION('',(-0.,-0.,-1.));
#8355 = DIRECTION('',(0.,-1.,0.));
#8356 = PCURVE('',#132,#8357);
#8357 = DEFINITIONAL_REPRESENTATION('',(#8358),#8366);
#8358 = ( BOUNDED_CURVE() B_SPLINE_CURVE(2,(#8359,#8360,#8361,#8362,
#8363,#8364,#8365),.UNSPECIFIED.,.T.,.F.) B_SPLINE_CURVE_WITH_KNOTS((1,2
    ,2,2,2,1),(-2.094395102393,0.,2.094395102393,4.188790204786,
6.28318530718,8.377580409573),.UNSPECIFIED.) CURVE() 
GEOMETRIC_REPRESENTATION_ITEM() RATIONAL_B_SPLINE_CURVE((1.,0.5,1.,0.5,
1.,0.5,1.)) REPRESENTATION_ITEM('') );
#8359 = CARTESIAN_POINT('',(124.206,-99.5505));
#8360 = CARTESIAN_POINT('',(121.23639889042,-99.5505));
#8361 = CARTESIAN_POINT('',(122.72119944521,-96.97875));
#8362 = CARTESIAN_POINT('',(124.206,-94.407));
#8363 = CARTESIAN_POINT('',(125.69080055478,-96.97875));
#8364 = CARTESIAN_POINT('',(127.17560110957,-99.5505));
#8365 = CARTESIAN_POINT('',(124.206,-99.5505));
#8366 = ( GEOMETRIC_REPRESENTATION_CONTEXT(2) 
PARAMETRIC_REPRESENTATION_CONTEXT() REPRESENTATION_CONTEXT('2D SPACE',''
  ) );
#8367 = PCURVE('',#2121,#8368);
#8368 = DEFINITIONAL_REPRESENTATION('',(#8369),#8373);
#8369 = LINE('',#8370,#8371);
#8370 = CARTESIAN_POINT('',(0.,-4.6E-02));
#8371 = VECTOR('',#8372,1.);
#8372 = DIRECTION('',(1.,0.));
#8373 = ( GEOMETRIC_REPRESENTATION_CONTEXT(2) 
PARAMETRIC_REPRESENTATION_CONTEXT() REPRESENTATION_CONTEXT('2D SPACE',''
  ) );
#8374 = FACE_BOUND('',#8375,.F.);
#8375 = EDGE_LOOP('',(#8376));
#8376 = ORIENTED_EDGE('',*,*,#8377,.T.);
#8377 = EDGE_CURVE('',#8378,#8378,#8380,.T.);
#8378 = VERTEX_POINT('',#8379);
#8379 = CARTESIAN_POINT('',(130.106,-98.471,0.));
#8380 = SURFACE_CURVE('',#8381,(#8386,#8397),.PCURVE_S1.);
#8381 = CIRCLE('',#8382,0.635);
#8382 = AXIS2_PLACEMENT_3D('',#8383,#8384,#8385);
#8383 = CARTESIAN_POINT('',(130.106,-97.836,0.));
#8384 = DIRECTION('',(-0.,-0.,-1.));
#8385 = DIRECTION('',(0.,-1.,0.));
#8386 = PCURVE('',#132,#8387);
#8387 = DEFINITIONAL_REPRESENTATION('',(#8388),#8396);
#8388 = ( BOUNDED_CURVE() B_SPLINE_CURVE(2,(#8389,#8390,#8391,#8392,
#8393,#8394,#8395),.UNSPECIFIED.,.T.,.F.) B_SPLINE_CURVE_WITH_KNOTS((1,2
    ,2,2,2,1),(-2.094395102393,0.,2.094395102393,4.188790204786,
6.28318530718,8.377580409573),.UNSPECIFIED.) CURVE() 
GEOMETRIC_REPRESENTATION_ITEM() RATIONAL_B_SPLINE_CURVE((1.,0.5,1.,0.5,
1.,0.5,1.)) REPRESENTATION_ITEM('') );
#8389 = CARTESIAN_POINT('',(130.106,-98.471));
#8390 = CARTESIAN_POINT('',(129.00614773719,-98.471));
#8391 = CARTESIAN_POINT('',(129.55607386859,-97.5185));
#8392 = CARTESIAN_POINT('',(130.106,-96.566));
#8393 = CARTESIAN_POINT('',(130.6559261314,-97.5185));
#8394 = CARTESIAN_POINT('',(131.2058522628,-98.471));
#8395 = CARTESIAN_POINT('',(130.106,-98.471));
#8396 = ( GEOMETRIC_REPRESENTATION_CONTEXT(2) 
PARAMETRIC_REPRESENTATION_CONTEXT() REPRESENTATION_CONTEXT('2D SPACE',''
  ) );
#8397 = PCURVE('',#2156,#8398);
#8398 = DEFINITIONAL_REPRESENTATION('',(#8399),#8403);
#8399 = LINE('',#8400,#8401);
#8400 = CARTESIAN_POINT('',(0.,-4.6E-02));
#8401 = VECTOR('',#8402,1.);
#8402 = DIRECTION('',(1.,0.));
#8403 = ( GEOMETRIC_REPRESENTATION_CONTEXT(2) 
PARAMETRIC_REPRESENTATION_CONTEXT() REPRESENTATION_CONTEXT('2D SPACE',''
  ) );
#8404 = FACE_BOUND('',#8405,.F.);
#8405 = EDGE_LOOP('',(#8406));
#8406 = ORIENTED_EDGE('',*,*,#8407,.T.);
#8407 = EDGE_CURVE('',#8408,#8408,#8410,.T.);
#8408 = VERTEX_POINT('',#8409);
#8409 = CARTESIAN_POINT('',(124.206,-93.1869,0.));
#8410 = SURFACE_CURVE('',#8411,(#8416,#8427),.PCURVE_S1.);
#8411 = CIRCLE('',#8412,0.8509);
#8412 = AXIS2_PLACEMENT_3D('',#8413,#8414,#8415);
#8413 = CARTESIAN_POINT('',(124.206,-92.336,0.));
#8414 = DIRECTION('',(0.,-0.,-1.));
#8415 = DIRECTION('',(1.670096922694E-14,-1.,0.));
#8416 = PCURVE('',#132,#8417);
#8417 = DEFINITIONAL_REPRESENTATION('',(#8418),#8426);
#8418 = ( BOUNDED_CURVE() B_SPLINE_CURVE(2,(#8419,#8420,#8421,#8422,
#8423,#8424,#8425),.UNSPECIFIED.,.T.,.F.) B_SPLINE_CURVE_WITH_KNOTS((1,2
    ,2,2,2,1),(-2.094395102393,0.,2.094395102393,4.188790204786,
6.28318530718,8.377580409573),.UNSPECIFIED.) CURVE() 
GEOMETRIC_REPRESENTATION_ITEM() RATIONAL_B_SPLINE_CURVE((1.,0.5,1.,0.5,
1.,0.5,1.)) REPRESENTATION_ITEM('') );
#8419 = CARTESIAN_POINT('',(124.206,-93.1869));
#8420 = CARTESIAN_POINT('',(122.73219796784,-93.1869));
#8421 = CARTESIAN_POINT('',(123.46909898392,-91.91055));
#8422 = CARTESIAN_POINT('',(124.206,-90.6342));
#8423 = CARTESIAN_POINT('',(124.94290101608,-91.91055));
#8424 = CARTESIAN_POINT('',(125.67980203216,-93.1869));
#8425 = CARTESIAN_POINT('',(124.206,-93.1869));
#8426 = ( GEOMETRIC_REPRESENTATION_CONTEXT(2) 
PARAMETRIC_REPRESENTATION_CONTEXT() REPRESENTATION_CONTEXT('2D SPACE',''
  ) );
#8427 = PCURVE('',#2191,#8428);
#8428 = DEFINITIONAL_REPRESENTATION('',(#8429),#8433);
#8429 = LINE('',#8430,#8431);
#8430 = CARTESIAN_POINT('',(0.,-4.6E-02));
#8431 = VECTOR('',#8432,1.);
#8432 = DIRECTION('',(1.,0.));
#8433 = ( GEOMETRIC_REPRESENTATION_CONTEXT(2) 
PARAMETRIC_REPRESENTATION_CONTEXT() REPRESENTATION_CONTEXT('2D SPACE',''
  ) );
#8434 = FACE_BOUND('',#8435,.F.);
#8435 = EDGE_LOOP('',(#8436));
#8436 = ORIENTED_EDGE('',*,*,#8437,.T.);
#8437 = EDGE_CURVE('',#8438,#8438,#8440,.T.);
#8438 = VERTEX_POINT('',#8439);
#8439 = CARTESIAN_POINT('',(87.938,-82.227,0.));
#8440 = SURFACE_CURVE('',#8441,(#8446,#8457),.PCURVE_S1.);
#8441 = CIRCLE('',#8442,0.635);
#8442 = AXIS2_PLACEMENT_3D('',#8443,#8444,#8445);
#8443 = CARTESIAN_POINT('',(87.938,-81.592,0.));
#8444 = DIRECTION('',(0.,-0.,-1.));
#8445 = DIRECTION('',(2.23792987641E-14,-1.,0.));
#8446 = PCURVE('',#132,#8447);
#8447 = DEFINITIONAL_REPRESENTATION('',(#8448),#8456);
#8448 = ( BOUNDED_CURVE() B_SPLINE_CURVE(2,(#8449,#8450,#8451,#8452,
#8453,#8454,#8455),.UNSPECIFIED.,.T.,.F.) B_SPLINE_CURVE_WITH_KNOTS((1,2
    ,2,2,2,1),(-2.094395102393,0.,2.094395102393,4.188790204786,
6.28318530718,8.377580409573),.UNSPECIFIED.) CURVE() 
GEOMETRIC_REPRESENTATION_ITEM() RATIONAL_B_SPLINE_CURVE((1.,0.5,1.,0.5,
1.,0.5,1.)) REPRESENTATION_ITEM('') );
#8449 = CARTESIAN_POINT('',(87.938,-82.227));
#8450 = CARTESIAN_POINT('',(86.838147737194,-82.227));
#8451 = CARTESIAN_POINT('',(87.388073868597,-81.2745));
#8452 = CARTESIAN_POINT('',(87.938,-80.322));
#8453 = CARTESIAN_POINT('',(88.487926131403,-81.2745));
#8454 = CARTESIAN_POINT('',(89.037852262806,-82.227));
#8455 = CARTESIAN_POINT('',(87.938,-82.227));
#8456 = ( GEOMETRIC_REPRESENTATION_CONTEXT(2) 
PARAMETRIC_REPRESENTATION_CONTEXT() REPRESENTATION_CONTEXT('2D SPACE',''
  ) );
#8457 = PCURVE('',#2226,#8458);
#8458 = DEFINITIONAL_REPRESENTATION('',(#8459),#8463);
#8459 = LINE('',#8460,#8461);
#8460 = CARTESIAN_POINT('',(0.,-4.6E-02));
#8461 = VECTOR('',#8462,1.);
#8462 = DIRECTION('',(1.,0.));
#8463 = ( GEOMETRIC_REPRESENTATION_CONTEXT(2) 
PARAMETRIC_REPRESENTATION_CONTEXT() REPRESENTATION_CONTEXT('2D SPACE',''
  ) );
#8464 = FACE_BOUND('',#8465,.F.);
#8465 = EDGE_LOOP('',(#8466));
#8466 = ORIENTED_EDGE('',*,*,#8467,.T.);
#8467 = EDGE_CURVE('',#8468,#8468,#8470,.T.);
#8468 = VERTEX_POINT('',#8469);
#8469 = CARTESIAN_POINT('',(100.918,-82.667,0.));
#8470 = SURFACE_CURVE('',#8471,(#8476,#8487),.PCURVE_S1.);
#8471 = CIRCLE('',#8472,0.635);
#8472 = AXIS2_PLACEMENT_3D('',#8473,#8474,#8475);
#8473 = CARTESIAN_POINT('',(100.918,-82.032,0.));
#8474 = DIRECTION('',(-0.,-0.,-1.));
#8475 = DIRECTION('',(0.,-1.,0.));
#8476 = PCURVE('',#132,#8477);
#8477 = DEFINITIONAL_REPRESENTATION('',(#8478),#8486);
#8478 = ( BOUNDED_CURVE() B_SPLINE_CURVE(2,(#8479,#8480,#8481,#8482,
#8483,#8484,#8485),.UNSPECIFIED.,.T.,.F.) B_SPLINE_CURVE_WITH_KNOTS((1,2
    ,2,2,2,1),(-2.094395102393,0.,2.094395102393,4.188790204786,
6.28318530718,8.377580409573),.UNSPECIFIED.) CURVE() 
GEOMETRIC_REPRESENTATION_ITEM() RATIONAL_B_SPLINE_CURVE((1.,0.5,1.,0.5,
1.,0.5,1.)) REPRESENTATION_ITEM('') );
#8479 = CARTESIAN_POINT('',(100.918,-82.667));
#8480 = CARTESIAN_POINT('',(99.818147737194,-82.667));
#8481 = CARTESIAN_POINT('',(100.36807386859,-81.7145));
#8482 = CARTESIAN_POINT('',(100.918,-80.762));
#8483 = CARTESIAN_POINT('',(101.4679261314,-81.7145));
#8484 = CARTESIAN_POINT('',(102.0178522628,-82.667));
#8485 = CARTESIAN_POINT('',(100.918,-82.667));
#8486 = ( GEOMETRIC_REPRESENTATION_CONTEXT(2) 
PARAMETRIC_REPRESENTATION_CONTEXT() REPRESENTATION_CONTEXT('2D SPACE',''
  ) );
#8487 = PCURVE('',#2261,#8488);
#8488 = DEFINITIONAL_REPRESENTATION('',(#8489),#8493);
#8489 = LINE('',#8490,#8491);
#8490 = CARTESIAN_POINT('',(0.,-4.6E-02));
#8491 = VECTOR('',#8492,1.);
#8492 = DIRECTION('',(1.,0.));
#8493 = ( GEOMETRIC_REPRESENTATION_CONTEXT(2) 
PARAMETRIC_REPRESENTATION_CONTEXT() REPRESENTATION_CONTEXT('2D SPACE',''
  ) );
#8494 = FACE_BOUND('',#8495,.F.);
#8495 = EDGE_LOOP('',(#8496));
#8496 = ORIENTED_EDGE('',*,*,#8497,.T.);
#8497 = EDGE_CURVE('',#8498,#8498,#8500,.T.);
#8498 = VERTEX_POINT('',#8499);
#8499 = CARTESIAN_POINT('',(82.938,-80.127,0.));
#8500 = SURFACE_CURVE('',#8501,(#8506,#8517),.PCURVE_S1.);
#8501 = CIRCLE('',#8502,0.635);
#8502 = AXIS2_PLACEMENT_3D('',#8503,#8504,#8505);
#8503 = CARTESIAN_POINT('',(82.938,-79.492,0.));
#8504 = DIRECTION('',(0.,-0.,-1.));
#8505 = DIRECTION('',(2.23792987641E-14,-1.,0.));
#8506 = PCURVE('',#132,#8507);
#8507 = DEFINITIONAL_REPRESENTATION('',(#8508),#8516);
#8508 = ( BOUNDED_CURVE() B_SPLINE_CURVE(2,(#8509,#8510,#8511,#8512,
#8513,#8514,#8515),.UNSPECIFIED.,.T.,.F.) B_SPLINE_CURVE_WITH_KNOTS((1,2
    ,2,2,2,1),(-2.094395102393,0.,2.094395102393,4.188790204786,
6.28318530718,8.377580409573),.UNSPECIFIED.) CURVE() 
GEOMETRIC_REPRESENTATION_ITEM() RATIONAL_B_SPLINE_CURVE((1.,0.5,1.,0.5,
1.,0.5,1.)) REPRESENTATION_ITEM('') );
#8509 = CARTESIAN_POINT('',(82.938,-80.127));
#8510 = CARTESIAN_POINT('',(81.838147737194,-80.127));
#8511 = CARTESIAN_POINT('',(82.388073868597,-79.1745));
#8512 = CARTESIAN_POINT('',(82.938,-78.222));
#8513 = CARTESIAN_POINT('',(83.487926131403,-79.1745));
#8514 = CARTESIAN_POINT('',(84.037852262806,-80.127));
#8515 = CARTESIAN_POINT('',(82.938,-80.127));
#8516 = ( GEOMETRIC_REPRESENTATION_CONTEXT(2) 
PARAMETRIC_REPRESENTATION_CONTEXT() REPRESENTATION_CONTEXT('2D SPACE',''
  ) );
#8517 = PCURVE('',#2296,#8518);
#8518 = DEFINITIONAL_REPRESENTATION('',(#8519),#8523);
#8519 = LINE('',#8520,#8521);
#8520 = CARTESIAN_POINT('',(0.,-4.6E-02));
#8521 = VECTOR('',#8522,1.);
#8522 = DIRECTION('',(1.,0.));
#8523 = ( GEOMETRIC_REPRESENTATION_CONTEXT(2) 
PARAMETRIC_REPRESENTATION_CONTEXT() REPRESENTATION_CONTEXT('2D SPACE',''
  ) );
#8524 = FACE_BOUND('',#8525,.F.);
#8525 = EDGE_LOOP('',(#8526));
#8526 = ORIENTED_EDGE('',*,*,#8527,.T.);
#8527 = EDGE_CURVE('',#8528,#8528,#8530,.T.);
#8528 = VERTEX_POINT('',#8529);
#8529 = CARTESIAN_POINT('',(82.438,-76.5429,0.));
#8530 = SURFACE_CURVE('',#8531,(#8536,#8547),.PCURVE_S1.);
#8531 = CIRCLE('',#8532,0.8509);
#8532 = AXIS2_PLACEMENT_3D('',#8533,#8534,#8535);
#8533 = CARTESIAN_POINT('',(82.438,-75.692,0.));
#8534 = DIRECTION('',(-0.,-0.,-1.));
#8535 = DIRECTION('',(0.,-1.,0.));
#8536 = PCURVE('',#132,#8537);
#8537 = DEFINITIONAL_REPRESENTATION('',(#8538),#8546);
#8538 = ( BOUNDED_CURVE() B_SPLINE_CURVE(2,(#8539,#8540,#8541,#8542,
#8543,#8544,#8545),.UNSPECIFIED.,.T.,.F.) B_SPLINE_CURVE_WITH_KNOTS((1,2
    ,2,2,2,1),(-2.094395102393,0.,2.094395102393,4.188790204786,
6.28318530718,8.377580409573),.UNSPECIFIED.) CURVE() 
GEOMETRIC_REPRESENTATION_ITEM() RATIONAL_B_SPLINE_CURVE((1.,0.5,1.,0.5,
1.,0.5,1.)) REPRESENTATION_ITEM('') );
#8539 = CARTESIAN_POINT('',(82.438,-76.5429));
#8540 = CARTESIAN_POINT('',(80.96419796784,-76.5429));
#8541 = CARTESIAN_POINT('',(81.70109898392,-75.26655));
#8542 = CARTESIAN_POINT('',(82.438,-73.9902));
#8543 = CARTESIAN_POINT('',(83.17490101608,-75.26655));
#8544 = CARTESIAN_POINT('',(83.91180203216,-76.5429));
#8545 = CARTESIAN_POINT('',(82.438,-76.5429));
#8546 = ( GEOMETRIC_REPRESENTATION_CONTEXT(2) 
PARAMETRIC_REPRESENTATION_CONTEXT() REPRESENTATION_CONTEXT('2D SPACE',''
  ) );
#8547 = PCURVE('',#2331,#8548);
#8548 = DEFINITIONAL_REPRESENTATION('',(#8549),#8553);
#8549 = LINE('',#8550,#8551);
#8550 = CARTESIAN_POINT('',(0.,-4.6E-02));
#8551 = VECTOR('',#8552,1.);
#8552 = DIRECTION('',(1.,0.));
#8553 = ( GEOMETRIC_REPRESENTATION_CONTEXT(2) 
PARAMETRIC_REPRESENTATION_CONTEXT() REPRESENTATION_CONTEXT('2D SPACE',''
  ) );
#8554 = FACE_BOUND('',#8555,.F.);
#8555 = EDGE_LOOP('',(#8556));
#8556 = ORIENTED_EDGE('',*,*,#8557,.T.);
#8557 = EDGE_CURVE('',#8558,#8558,#8560,.T.);
#8558 = VERTEX_POINT('',#8559);
#8559 = CARTESIAN_POINT('',(79.438,-72.274,0.));
#8560 = SURFACE_CURVE('',#8561,(#8566,#8577),.PCURVE_S1.);
#8561 = CIRCLE('',#8562,1.1);
#8562 = AXIS2_PLACEMENT_3D('',#8563,#8564,#8565);
#8563 = CARTESIAN_POINT('',(79.438,-71.174,0.));
#8564 = DIRECTION('',(0.,-0.,-1.));
#8565 = DIRECTION('',(1.2918958832E-14,-1.,0.));
#8566 = PCURVE('',#132,#8567);
#8567 = DEFINITIONAL_REPRESENTATION('',(#8568),#8576);
#8568 = ( BOUNDED_CURVE() B_SPLINE_CURVE(2,(#8569,#8570,#8571,#8572,
#8573,#8574,#8575),.UNSPECIFIED.,.T.,.F.) B_SPLINE_CURVE_WITH_KNOTS((1,2
    ,2,2,2,1),(-2.094395102393,0.,2.094395102393,4.188790204786,
6.28318530718,8.377580409573),.UNSPECIFIED.) CURVE() 
GEOMETRIC_REPRESENTATION_ITEM() RATIONAL_B_SPLINE_CURVE((1.,0.5,1.,0.5,
1.,0.5,1.)) REPRESENTATION_ITEM('') );
#8569 = CARTESIAN_POINT('',(79.438,-72.274));
#8570 = CARTESIAN_POINT('',(77.532744111674,-72.274));
#8571 = CARTESIAN_POINT('',(78.485372055837,-70.624));
#8572 = CARTESIAN_POINT('',(79.438,-68.974));
#8573 = CARTESIAN_POINT('',(80.390627944163,-70.624));
#8574 = CARTESIAN_POINT('',(81.343255888326,-72.274));
#8575 = CARTESIAN_POINT('',(79.438,-72.274));
#8576 = ( GEOMETRIC_REPRESENTATION_CONTEXT(2) 
PARAMETRIC_REPRESENTATION_CONTEXT() REPRESENTATION_CONTEXT('2D SPACE',''
  ) );
#8577 = PCURVE('',#2366,#8578);
#8578 = DEFINITIONAL_REPRESENTATION('',(#8579),#8583);
#8579 = LINE('',#8580,#8581);
#8580 = CARTESIAN_POINT('',(0.,-4.6E-02));
#8581 = VECTOR('',#8582,1.);
#8582 = DIRECTION('',(1.,0.));
#8583 = ( GEOMETRIC_REPRESENTATION_CONTEXT(2) 
PARAMETRIC_REPRESENTATION_CONTEXT() REPRESENTATION_CONTEXT('2D SPACE',''
  ) );
#8584 = FACE_BOUND('',#8585,.F.);
#8585 = EDGE_LOOP('',(#8586));
#8586 = ORIENTED_EDGE('',*,*,#8587,.T.);
#8587 = EDGE_CURVE('',#8588,#8588,#8590,.T.);
#8588 = VERTEX_POINT('',#8589);
#8589 = CARTESIAN_POINT('',(82.718,-71.9873,0.));
#8590 = SURFACE_CURVE('',#8591,(#8596,#8607),.PCURVE_S1.);
#8591 = CIRCLE('',#8592,0.4953);
#8592 = AXIS2_PLACEMENT_3D('',#8593,#8594,#8595);
#8593 = CARTESIAN_POINT('',(82.718,-71.492,0.));
#8594 = DIRECTION('',(-0.,-0.,-1.));
#8595 = DIRECTION('',(0.,-1.,0.));
#8596 = PCURVE('',#132,#8597);
#8597 = DEFINITIONAL_REPRESENTATION('',(#8598),#8606);
#8598 = ( BOUNDED_CURVE() B_SPLINE_CURVE(2,(#8599,#8600,#8601,#8602,
#8603,#8604,#8605),.UNSPECIFIED.,.T.,.F.) B_SPLINE_CURVE_WITH_KNOTS((1,2
    ,2,2,2,1),(-2.094395102393,0.,2.094395102393,4.188790204786,
6.28318530718,8.377580409573),.UNSPECIFIED.) CURVE() 
GEOMETRIC_REPRESENTATION_ITEM() RATIONAL_B_SPLINE_CURVE((1.,0.5,1.,0.5,
1.,0.5,1.)) REPRESENTATION_ITEM('') );
#8599 = CARTESIAN_POINT('',(82.718,-71.9873));
#8600 = CARTESIAN_POINT('',(81.860115235011,-71.9873));
#8601 = CARTESIAN_POINT('',(82.289057617506,-71.24435));
#8602 = CARTESIAN_POINT('',(82.718,-70.5014));
#8603 = CARTESIAN_POINT('',(83.146942382494,-71.24435));
#8604 = CARTESIAN_POINT('',(83.575884764989,-71.9873));
#8605 = CARTESIAN_POINT('',(82.718,-71.9873));
#8606 = ( GEOMETRIC_REPRESENTATION_CONTEXT(2) 
PARAMETRIC_REPRESENTATION_CONTEXT() REPRESENTATION_CONTEXT('2D SPACE',''
  ) );
#8607 = PCURVE('',#2401,#8608);
#8608 = DEFINITIONAL_REPRESENTATION('',(#8609),#8613);
#8609 = LINE('',#8610,#8611);
#8610 = CARTESIAN_POINT('',(0.,-4.6E-02));
#8611 = VECTOR('',#8612,1.);
#8612 = DIRECTION('',(1.,0.));
#8613 = ( GEOMETRIC_REPRESENTATION_CONTEXT(2) 
PARAMETRIC_REPRESENTATION_CONTEXT() REPRESENTATION_CONTEXT('2D SPACE',''
  ) );
#8614 = FACE_BOUND('',#8615,.F.);
#8615 = EDGE_LOOP('',(#8616));
#8616 = ORIENTED_EDGE('',*,*,#8617,.T.);
#8617 = EDGE_CURVE('',#8618,#8618,#8620,.T.);
#8618 = VERTEX_POINT('',#8619);
#8619 = CARTESIAN_POINT('',(87.938,-77.4065,0.));
#8620 = SURFACE_CURVE('',#8621,(#8626,#8637),.PCURVE_S1.);
#8621 = CIRCLE('',#8622,1.7145);
#8622 = AXIS2_PLACEMENT_3D('',#8623,#8624,#8625);
#8623 = CARTESIAN_POINT('',(87.938,-75.692,0.));
#8624 = DIRECTION('',(-0.,-0.,-1.));
#8625 = DIRECTION('',(0.,-1.,0.));
#8626 = PCURVE('',#132,#8627);
#8627 = DEFINITIONAL_REPRESENTATION('',(#8628),#8636);
#8628 = ( BOUNDED_CURVE() B_SPLINE_CURVE(2,(#8629,#8630,#8631,#8632,
#8633,#8634,#8635),.UNSPECIFIED.,.T.,.F.) B_SPLINE_CURVE_WITH_KNOTS((1,2
    ,2,2,2,1),(-2.094395102393,0.,2.094395102393,4.188790204786,
6.28318530718,8.377580409573),.UNSPECIFIED.) CURVE() 
GEOMETRIC_REPRESENTATION_ITEM() RATIONAL_B_SPLINE_CURVE((1.,0.5,1.,0.5,
1.,0.5,1.)) REPRESENTATION_ITEM('') );
#8629 = CARTESIAN_POINT('',(87.938,-77.4065));
#8630 = CARTESIAN_POINT('',(84.968398890423,-77.4065));
#8631 = CARTESIAN_POINT('',(86.453199445212,-74.83475));
#8632 = CARTESIAN_POINT('',(87.938,-72.263));
#8633 = CARTESIAN_POINT('',(89.422800554788,-74.83475));
#8634 = CARTESIAN_POINT('',(90.907601109577,-77.4065));
#8635 = CARTESIAN_POINT('',(87.938,-77.4065));
#8636 = ( GEOMETRIC_REPRESENTATION_CONTEXT(2) 
PARAMETRIC_REPRESENTATION_CONTEXT() REPRESENTATION_CONTEXT('2D SPACE',''
  ) );
#8637 = PCURVE('',#2436,#8638);
#8638 = DEFINITIONAL_REPRESENTATION('',(#8639),#8643);
#8639 = LINE('',#8640,#8641);
#8640 = CARTESIAN_POINT('',(0.,-4.6E-02));
#8641 = VECTOR('',#8642,1.);
#8642 = DIRECTION('',(1.,0.));
#8643 = ( GEOMETRIC_REPRESENTATION_CONTEXT(2) 
PARAMETRIC_REPRESENTATION_CONTEXT() REPRESENTATION_CONTEXT('2D SPACE',''
  ) );
#8644 = FACE_BOUND('',#8645,.F.);
#8645 = EDGE_LOOP('',(#8646));
#8646 = ORIENTED_EDGE('',*,*,#8647,.T.);
#8647 = EDGE_CURVE('',#8648,#8648,#8650,.T.);
#8648 = VERTEX_POINT('',#8649);
#8649 = CARTESIAN_POINT('',(100.418,-79.0829,0.));
#8650 = SURFACE_CURVE('',#8651,(#8656,#8667),.PCURVE_S1.);
#8651 = CIRCLE('',#8652,0.8509);
#8652 = AXIS2_PLACEMENT_3D('',#8653,#8654,#8655);
#8653 = CARTESIAN_POINT('',(100.418,-78.232,0.));
#8654 = DIRECTION('',(-0.,-0.,-1.));
#8655 = DIRECTION('',(0.,-1.,0.));
#8656 = PCURVE('',#132,#8657);
#8657 = DEFINITIONAL_REPRESENTATION('',(#8658),#8666);
#8658 = ( BOUNDED_CURVE() B_SPLINE_CURVE(2,(#8659,#8660,#8661,#8662,
#8663,#8664,#8665),.UNSPECIFIED.,.T.,.F.) B_SPLINE_CURVE_WITH_KNOTS((1,2
    ,2,2,2,1),(-2.094395102393,0.,2.094395102393,4.188790204786,
6.28318530718,8.377580409573),.UNSPECIFIED.) CURVE() 
GEOMETRIC_REPRESENTATION_ITEM() RATIONAL_B_SPLINE_CURVE((1.,0.5,1.,0.5,
1.,0.5,1.)) REPRESENTATION_ITEM('') );
#8659 = CARTESIAN_POINT('',(100.418,-79.0829));
#8660 = CARTESIAN_POINT('',(98.94419796784,-79.0829));
#8661 = CARTESIAN_POINT('',(99.68109898392,-77.80655));
#8662 = CARTESIAN_POINT('',(100.418,-76.5302));
#8663 = CARTESIAN_POINT('',(101.15490101608,-77.80655));
#8664 = CARTESIAN_POINT('',(101.89180203216,-79.0829));
#8665 = CARTESIAN_POINT('',(100.418,-79.0829));
#8666 = ( GEOMETRIC_REPRESENTATION_CONTEXT(2) 
PARAMETRIC_REPRESENTATION_CONTEXT() REPRESENTATION_CONTEXT('2D SPACE',''
  ) );
#8667 = PCURVE('',#2471,#8668);
#8668 = DEFINITIONAL_REPRESENTATION('',(#8669),#8673);
#8669 = LINE('',#8670,#8671);
#8670 = CARTESIAN_POINT('',(0.,-4.6E-02));
#8671 = VECTOR('',#8672,1.);
#8672 = DIRECTION('',(1.,0.));
#8673 = ( GEOMETRIC_REPRESENTATION_CONTEXT(2) 
PARAMETRIC_REPRESENTATION_CONTEXT() REPRESENTATION_CONTEXT('2D SPACE',''
  ) );
#8674 = FACE_BOUND('',#8675,.F.);
#8675 = EDGE_LOOP('',(#8676));
#8676 = ORIENTED_EDGE('',*,*,#8677,.T.);
#8677 = EDGE_CURVE('',#8678,#8678,#8680,.T.);
#8678 = VERTEX_POINT('',#8679);
#8679 = CARTESIAN_POINT('',(93.438,-76.5429,0.));
#8680 = SURFACE_CURVE('',#8681,(#8686,#8697),.PCURVE_S1.);
#8681 = CIRCLE('',#8682,0.8509);
#8682 = AXIS2_PLACEMENT_3D('',#8683,#8684,#8685);
#8683 = CARTESIAN_POINT('',(93.438,-75.692,0.));
#8684 = DIRECTION('',(-0.,-0.,-1.));
#8685 = DIRECTION('',(0.,-1.,0.));
#8686 = PCURVE('',#132,#8687);
#8687 = DEFINITIONAL_REPRESENTATION('',(#8688),#8696);
#8688 = ( BOUNDED_CURVE() B_SPLINE_CURVE(2,(#8689,#8690,#8691,#8692,
#8693,#8694,#8695),.UNSPECIFIED.,.T.,.F.) B_SPLINE_CURVE_WITH_KNOTS((1,2
    ,2,2,2,1),(-2.094395102393,0.,2.094395102393,4.188790204786,
6.28318530718,8.377580409573),.UNSPECIFIED.) CURVE() 
GEOMETRIC_REPRESENTATION_ITEM() RATIONAL_B_SPLINE_CURVE((1.,0.5,1.,0.5,
1.,0.5,1.)) REPRESENTATION_ITEM('') );
#8689 = CARTESIAN_POINT('',(93.438,-76.5429));
#8690 = CARTESIAN_POINT('',(91.96419796784,-76.5429));
#8691 = CARTESIAN_POINT('',(92.70109898392,-75.26655));
#8692 = CARTESIAN_POINT('',(93.438,-73.9902));
#8693 = CARTESIAN_POINT('',(94.17490101608,-75.26655));
#8694 = CARTESIAN_POINT('',(94.91180203216,-76.5429));
#8695 = CARTESIAN_POINT('',(93.438,-76.5429));
#8696 = ( GEOMETRIC_REPRESENTATION_CONTEXT(2) 
PARAMETRIC_REPRESENTATION_CONTEXT() REPRESENTATION_CONTEXT('2D SPACE',''
  ) );
#8697 = PCURVE('',#2506,#8698);
#8698 = DEFINITIONAL_REPRESENTATION('',(#8699),#8703);
#8699 = LINE('',#8700,#8701);
#8700 = CARTESIAN_POINT('',(0.,-4.6E-02));
#8701 = VECTOR('',#8702,1.);
#8702 = DIRECTION('',(1.,0.));
#8703 = ( GEOMETRIC_REPRESENTATION_CONTEXT(2) 
PARAMETRIC_REPRESENTATION_CONTEXT() REPRESENTATION_CONTEXT('2D SPACE',''
  ) );
#8704 = FACE_BOUND('',#8705,.F.);
#8705 = EDGE_LOOP('',(#8706));
#8706 = ORIENTED_EDGE('',*,*,#8707,.T.);
#8707 = EDGE_CURVE('',#8708,#8708,#8710,.T.);
#8708 = VERTEX_POINT('',#8709);
#8709 = CARTESIAN_POINT('',(93.158,-71.9873,0.));
#8710 = SURFACE_CURVE('',#8711,(#8716,#8727),.PCURVE_S1.);
#8711 = CIRCLE('',#8712,0.4953);
#8712 = AXIS2_PLACEMENT_3D('',#8713,#8714,#8715);
#8713 = CARTESIAN_POINT('',(93.158,-71.492,0.));
#8714 = DIRECTION('',(-0.,-0.,-1.));
#8715 = DIRECTION('',(0.,-1.,0.));
#8716 = PCURVE('',#132,#8717);
#8717 = DEFINITIONAL_REPRESENTATION('',(#8718),#8726);
#8718 = ( BOUNDED_CURVE() B_SPLINE_CURVE(2,(#8719,#8720,#8721,#8722,
#8723,#8724,#8725),.UNSPECIFIED.,.T.,.F.) B_SPLINE_CURVE_WITH_KNOTS((1,2
    ,2,2,2,1),(-2.094395102393,0.,2.094395102393,4.188790204786,
6.28318530718,8.377580409573),.UNSPECIFIED.) CURVE() 
GEOMETRIC_REPRESENTATION_ITEM() RATIONAL_B_SPLINE_CURVE((1.,0.5,1.,0.5,
1.,0.5,1.)) REPRESENTATION_ITEM('') );
#8719 = CARTESIAN_POINT('',(93.158,-71.9873));
#8720 = CARTESIAN_POINT('',(92.300115235011,-71.9873));
#8721 = CARTESIAN_POINT('',(92.729057617506,-71.24435));
#8722 = CARTESIAN_POINT('',(93.158,-70.5014));
#8723 = CARTESIAN_POINT('',(93.586942382494,-71.24435));
#8724 = CARTESIAN_POINT('',(94.015884764989,-71.9873));
#8725 = CARTESIAN_POINT('',(93.158,-71.9873));
#8726 = ( GEOMETRIC_REPRESENTATION_CONTEXT(2) 
PARAMETRIC_REPRESENTATION_CONTEXT() REPRESENTATION_CONTEXT('2D SPACE',''
  ) );
#8727 = PCURVE('',#2541,#8728);
#8728 = DEFINITIONAL_REPRESENTATION('',(#8729),#8733);
#8729 = LINE('',#8730,#8731);
#8730 = CARTESIAN_POINT('',(0.,-4.6E-02));
#8731 = VECTOR('',#8732,1.);
#8732 = DIRECTION('',(1.,0.));
#8733 = ( GEOMETRIC_REPRESENTATION_CONTEXT(2) 
PARAMETRIC_REPRESENTATION_CONTEXT() REPRESENTATION_CONTEXT('2D SPACE',''
  ) );
#8734 = FACE_BOUND('',#8735,.F.);
#8735 = EDGE_LOOP('',(#8736));
#8736 = ORIENTED_EDGE('',*,*,#8737,.T.);
#8737 = EDGE_CURVE('',#8738,#8738,#8740,.T.);
#8738 = VERTEX_POINT('',#8739);
#8739 = CARTESIAN_POINT('',(100.698,-74.5273,0.));
#8740 = SURFACE_CURVE('',#8741,(#8746,#8757),.PCURVE_S1.);
#8741 = CIRCLE('',#8742,0.4953);
#8742 = AXIS2_PLACEMENT_3D('',#8743,#8744,#8745);
#8743 = CARTESIAN_POINT('',(100.698,-74.032,0.));
#8744 = DIRECTION('',(-0.,-0.,-1.));
#8745 = DIRECTION('',(0.,-1.,0.));
#8746 = PCURVE('',#132,#8747);
#8747 = DEFINITIONAL_REPRESENTATION('',(#8748),#8756);
#8748 = ( BOUNDED_CURVE() B_SPLINE_CURVE(2,(#8749,#8750,#8751,#8752,
#8753,#8754,#8755),.UNSPECIFIED.,.T.,.F.) B_SPLINE_CURVE_WITH_KNOTS((1,2
    ,2,2,2,1),(-2.094395102393,0.,2.094395102393,4.188790204786,
6.28318530718,8.377580409573),.UNSPECIFIED.) CURVE() 
GEOMETRIC_REPRESENTATION_ITEM() RATIONAL_B_SPLINE_CURVE((1.,0.5,1.,0.5,
1.,0.5,1.)) REPRESENTATION_ITEM('') );
#8749 = CARTESIAN_POINT('',(100.698,-74.5273));
#8750 = CARTESIAN_POINT('',(99.840115235011,-74.5273));
#8751 = CARTESIAN_POINT('',(100.2690576175,-73.78435));
#8752 = CARTESIAN_POINT('',(100.698,-73.0414));
#8753 = CARTESIAN_POINT('',(101.12694238249,-73.78435));
#8754 = CARTESIAN_POINT('',(101.55588476498,-74.5273));
#8755 = CARTESIAN_POINT('',(100.698,-74.5273));
#8756 = ( GEOMETRIC_REPRESENTATION_CONTEXT(2) 
PARAMETRIC_REPRESENTATION_CONTEXT() REPRESENTATION_CONTEXT('2D SPACE',''
  ) );
#8757 = PCURVE('',#2576,#8758);
#8758 = DEFINITIONAL_REPRESENTATION('',(#8759),#8763);
#8759 = LINE('',#8760,#8761);
#8760 = CARTESIAN_POINT('',(0.,-4.6E-02));
#8761 = VECTOR('',#8762,1.);
#8762 = DIRECTION('',(1.,0.));
#8763 = ( GEOMETRIC_REPRESENTATION_CONTEXT(2) 
PARAMETRIC_REPRESENTATION_CONTEXT() REPRESENTATION_CONTEXT('2D SPACE',''
  ) );
#8764 = FACE_BOUND('',#8765,.F.);
#8765 = EDGE_LOOP('',(#8766));
#8766 = ORIENTED_EDGE('',*,*,#8767,.T.);
#8767 = EDGE_CURVE('',#8768,#8768,#8770,.T.);
#8768 = VERTEX_POINT('',#8769);
#8769 = CARTESIAN_POINT('',(105.918,-84.767,0.));
#8770 = SURFACE_CURVE('',#8771,(#8776,#8787),.PCURVE_S1.);
#8771 = CIRCLE('',#8772,0.635);
#8772 = AXIS2_PLACEMENT_3D('',#8773,#8774,#8775);
#8773 = CARTESIAN_POINT('',(105.918,-84.132,0.));
#8774 = DIRECTION('',(-0.,-0.,-1.));
#8775 = DIRECTION('',(0.,-1.,0.));
#8776 = PCURVE('',#132,#8777);
#8777 = DEFINITIONAL_REPRESENTATION('',(#8778),#8786);
#8778 = ( BOUNDED_CURVE() B_SPLINE_CURVE(2,(#8779,#8780,#8781,#8782,
#8783,#8784,#8785),.UNSPECIFIED.,.T.,.F.) B_SPLINE_CURVE_WITH_KNOTS((1,2
    ,2,2,2,1),(-2.094395102393,0.,2.094395102393,4.188790204786,
6.28318530718,8.377580409573),.UNSPECIFIED.) CURVE() 
GEOMETRIC_REPRESENTATION_ITEM() RATIONAL_B_SPLINE_CURVE((1.,0.5,1.,0.5,
1.,0.5,1.)) REPRESENTATION_ITEM('') );
#8779 = CARTESIAN_POINT('',(105.918,-84.767));
#8780 = CARTESIAN_POINT('',(104.81814773719,-84.767));
#8781 = CARTESIAN_POINT('',(105.36807386859,-83.8145));
#8782 = CARTESIAN_POINT('',(105.918,-82.862));
#8783 = CARTESIAN_POINT('',(106.4679261314,-83.8145));
#8784 = CARTESIAN_POINT('',(107.0178522628,-84.767));
#8785 = CARTESIAN_POINT('',(105.918,-84.767));
#8786 = ( GEOMETRIC_REPRESENTATION_CONTEXT(2) 
PARAMETRIC_REPRESENTATION_CONTEXT() REPRESENTATION_CONTEXT('2D SPACE',''
  ) );
#8787 = PCURVE('',#2611,#8788);
#8788 = DEFINITIONAL_REPRESENTATION('',(#8789),#8793);
#8789 = LINE('',#8790,#8791);
#8790 = CARTESIAN_POINT('',(0.,-4.6E-02));
#8791 = VECTOR('',#8792,1.);
#8792 = DIRECTION('',(1.,0.));
#8793 = ( GEOMETRIC_REPRESENTATION_CONTEXT(2) 
PARAMETRIC_REPRESENTATION_CONTEXT() REPRESENTATION_CONTEXT('2D SPACE',''
  ) );
#8794 = FACE_BOUND('',#8795,.F.);
#8795 = EDGE_LOOP('',(#8796,#8826,#8849,#8877));
#8796 = ORIENTED_EDGE('',*,*,#8797,.T.);
#8797 = EDGE_CURVE('',#8798,#8800,#8802,.T.);
#8798 = VERTEX_POINT('',#8799);
#8799 = CARTESIAN_POINT('',(121.172,-83.268,0.));
#8800 = VERTEX_POINT('',#8801);
#8801 = CARTESIAN_POINT('',(121.172,-82.368,0.));
#8802 = SURFACE_CURVE('',#8803,(#8808,#8819),.PCURVE_S1.);
#8803 = CIRCLE('',#8804,0.45);
#8804 = AXIS2_PLACEMENT_3D('',#8805,#8806,#8807);
#8805 = CARTESIAN_POINT('',(121.172,-82.818,0.));
#8806 = DIRECTION('',(0.,0.,-1.));
#8807 = DIRECTION('',(-3.157967714489E-14,1.,0.));
#8808 = PCURVE('',#132,#8809);
#8809 = DEFINITIONAL_REPRESENTATION('',(#8810),#8818);
#8810 = ( BOUNDED_CURVE() B_SPLINE_CURVE(2,(#8811,#8812,#8813,#8814,
#8815,#8816,#8817),.UNSPECIFIED.,.T.,.F.) B_SPLINE_CURVE_WITH_KNOTS((1,2
    ,2,2,2,1),(-2.094395102393,0.,2.094395102393,4.188790204786,
6.28318530718,8.377580409573),.UNSPECIFIED.) CURVE() 
GEOMETRIC_REPRESENTATION_ITEM() RATIONAL_B_SPLINE_CURVE((1.,0.5,1.,0.5,
1.,0.5,1.)) REPRESENTATION_ITEM('') );
#8811 = CARTESIAN_POINT('',(121.172,-82.368));
#8812 = CARTESIAN_POINT('',(121.9514228634,-82.368));
#8813 = CARTESIAN_POINT('',(121.5617114317,-83.043));
#8814 = CARTESIAN_POINT('',(121.172,-83.718));
#8815 = CARTESIAN_POINT('',(120.78228856829,-83.043));
#8816 = CARTESIAN_POINT('',(120.39257713659,-82.368));
#8817 = CARTESIAN_POINT('',(121.172,-82.368));
#8818 = ( GEOMETRIC_REPRESENTATION_CONTEXT(2) 
PARAMETRIC_REPRESENTATION_CONTEXT() REPRESENTATION_CONTEXT('2D SPACE',''
  ) );
#8819 = PCURVE('',#2648,#8820);
#8820 = DEFINITIONAL_REPRESENTATION('',(#8821),#8825);
#8821 = LINE('',#8822,#8823);
#8822 = CARTESIAN_POINT('',(0.,-4.6E-02));
#8823 = VECTOR('',#8824,1.);
#8824 = DIRECTION('',(1.,0.));
#8825 = ( GEOMETRIC_REPRESENTATION_CONTEXT(2) 
PARAMETRIC_REPRESENTATION_CONTEXT() REPRESENTATION_CONTEXT('2D SPACE',''
  ) );
#8826 = ORIENTED_EDGE('',*,*,#8827,.T.);
#8827 = EDGE_CURVE('',#8800,#8828,#8830,.T.);
#8828 = VERTEX_POINT('',#8829);
#8829 = CARTESIAN_POINT('',(121.572,-82.368,0.));
#8830 = SURFACE_CURVE('',#8831,(#8835,#8842),.PCURVE_S1.);
#8831 = LINE('',#8832,#8833);
#8832 = CARTESIAN_POINT('',(60.786,-82.368,0.));
#8833 = VECTOR('',#8834,1.);
#8834 = DIRECTION('',(1.,0.,0.));
#8835 = PCURVE('',#132,#8836);
#8836 = DEFINITIONAL_REPRESENTATION('',(#8837),#8841);
#8837 = LINE('',#8838,#8839);
#8838 = CARTESIAN_POINT('',(60.786,-82.368));
#8839 = VECTOR('',#8840,1.);
#8840 = DIRECTION('',(1.,0.));
#8841 = ( GEOMETRIC_REPRESENTATION_CONTEXT(2) 
PARAMETRIC_REPRESENTATION_CONTEXT() REPRESENTATION_CONTEXT('2D SPACE',''
  ) );
#8842 = PCURVE('',#2676,#8843);
#8843 = DEFINITIONAL_REPRESENTATION('',(#8844),#8848);
#8844 = LINE('',#8845,#8846);
#8845 = CARTESIAN_POINT('',(60.786,-4.6E-02));
#8846 = VECTOR('',#8847,1.);
#8847 = DIRECTION('',(-1.,0.));
#8848 = ( GEOMETRIC_REPRESENTATION_CONTEXT(2) 
PARAMETRIC_REPRESENTATION_CONTEXT() REPRESENTATION_CONTEXT('2D SPACE',''
  ) );
#8849 = ORIENTED_EDGE('',*,*,#8850,.T.);
#8850 = EDGE_CURVE('',#8828,#8851,#8853,.T.);
#8851 = VERTEX_POINT('',#8852);
#8852 = CARTESIAN_POINT('',(121.572,-83.268,0.));
#8853 = SURFACE_CURVE('',#8854,(#8859,#8870),.PCURVE_S1.);
#8854 = CIRCLE('',#8855,0.45);
#8855 = AXIS2_PLACEMENT_3D('',#8856,#8857,#8858);
#8856 = CARTESIAN_POINT('',(121.572,-82.818,0.));
#8857 = DIRECTION('',(0.,-0.,-1.));
#8858 = DIRECTION('',(3.157967714489E-14,-1.,0.));
#8859 = PCURVE('',#132,#8860);
#8860 = DEFINITIONAL_REPRESENTATION('',(#8861),#8869);
#8861 = ( BOUNDED_CURVE() B_SPLINE_CURVE(2,(#8862,#8863,#8864,#8865,
#8866,#8867,#8868),.UNSPECIFIED.,.T.,.F.) B_SPLINE_CURVE_WITH_KNOTS((1,2
    ,2,2,2,1),(-2.094395102393,0.,2.094395102393,4.188790204786,
6.28318530718,8.377580409573),.UNSPECIFIED.) CURVE() 
GEOMETRIC_REPRESENTATION_ITEM() RATIONAL_B_SPLINE_CURVE((1.,0.5,1.,0.5,
1.,0.5,1.)) REPRESENTATION_ITEM('') );
#8862 = CARTESIAN_POINT('',(121.572,-83.268));
#8863 = CARTESIAN_POINT('',(120.79257713659,-83.268));
#8864 = CARTESIAN_POINT('',(121.18228856829,-82.593));
#8865 = CARTESIAN_POINT('',(121.572,-81.918));
#8866 = CARTESIAN_POINT('',(121.9617114317,-82.593));
#8867 = CARTESIAN_POINT('',(122.3514228634,-83.268));
#8868 = CARTESIAN_POINT('',(121.572,-83.268));
#8869 = ( GEOMETRIC_REPRESENTATION_CONTEXT(2) 
PARAMETRIC_REPRESENTATION_CONTEXT() REPRESENTATION_CONTEXT('2D SPACE',''
  ) );
#8870 = PCURVE('',#2709,#8871);
#8871 = DEFINITIONAL_REPRESENTATION('',(#8872),#8876);
#8872 = LINE('',#8873,#8874);
#8873 = CARTESIAN_POINT('',(0.,-4.6E-02));
#8874 = VECTOR('',#8875,1.);
#8875 = DIRECTION('',(1.,0.));
#8876 = ( GEOMETRIC_REPRESENTATION_CONTEXT(2) 
PARAMETRIC_REPRESENTATION_CONTEXT() REPRESENTATION_CONTEXT('2D SPACE',''
  ) );
#8877 = ORIENTED_EDGE('',*,*,#8878,.T.);
#8878 = EDGE_CURVE('',#8851,#8798,#8879,.T.);
#8879 = SURFACE_CURVE('',#8880,(#8884,#8891),.PCURVE_S1.);
#8880 = LINE('',#8881,#8882);
#8881 = CARTESIAN_POINT('',(60.586,-83.268,0.));
#8882 = VECTOR('',#8883,1.);
#8883 = DIRECTION('',(-1.,0.,0.));
#8884 = PCURVE('',#132,#8885);
#8885 = DEFINITIONAL_REPRESENTATION('',(#8886),#8890);
#8886 = LINE('',#8887,#8888);
#8887 = CARTESIAN_POINT('',(60.586,-83.268));
#8888 = VECTOR('',#8889,1.);
#8889 = DIRECTION('',(-1.,0.));
#8890 = ( GEOMETRIC_REPRESENTATION_CONTEXT(2) 
PARAMETRIC_REPRESENTATION_CONTEXT() REPRESENTATION_CONTEXT('2D SPACE',''
  ) );
#8891 = PCURVE('',#2735,#8892);
#8892 = DEFINITIONAL_REPRESENTATION('',(#8893),#8897);
#8893 = LINE('',#8894,#8895);
#8894 = CARTESIAN_POINT('',(-60.586,-4.6E-02));
#8895 = VECTOR('',#8896,1.);
#8896 = DIRECTION('',(-1.,0.));
#8897 = ( GEOMETRIC_REPRESENTATION_CONTEXT(2) 
PARAMETRIC_REPRESENTATION_CONTEXT() REPRESENTATION_CONTEXT('2D SPACE',''
  ) );
#8898 = FACE_BOUND('',#8899,.F.);
#8899 = EDGE_LOOP('',(#8900,#8930,#8953,#8981));
#8900 = ORIENTED_EDGE('',*,*,#8901,.T.);
#8901 = EDGE_CURVE('',#8902,#8904,#8906,.T.);
#8902 = VERTEX_POINT('',#8903);
#8903 = CARTESIAN_POINT('',(125.172,-83.268,0.));
#8904 = VERTEX_POINT('',#8905);
#8905 = CARTESIAN_POINT('',(125.172,-82.368,0.));
#8906 = SURFACE_CURVE('',#8907,(#8912,#8923),.PCURVE_S1.);
#8907 = CIRCLE('',#8908,0.45);
#8908 = AXIS2_PLACEMENT_3D('',#8909,#8910,#8911);
#8909 = CARTESIAN_POINT('',(125.172,-82.818,0.));
#8910 = DIRECTION('',(0.,0.,-1.));
#8911 = DIRECTION('',(-3.157967714489E-14,1.,0.));
#8912 = PCURVE('',#132,#8913);
#8913 = DEFINITIONAL_REPRESENTATION('',(#8914),#8922);
#8914 = ( BOUNDED_CURVE() B_SPLINE_CURVE(2,(#8915,#8916,#8917,#8918,
#8919,#8920,#8921),.UNSPECIFIED.,.T.,.F.) B_SPLINE_CURVE_WITH_KNOTS((1,2
    ,2,2,2,1),(-2.094395102393,0.,2.094395102393,4.188790204786,
6.28318530718,8.377580409573),.UNSPECIFIED.) CURVE() 
GEOMETRIC_REPRESENTATION_ITEM() RATIONAL_B_SPLINE_CURVE((1.,0.5,1.,0.5,
1.,0.5,1.)) REPRESENTATION_ITEM('') );
#8915 = CARTESIAN_POINT('',(125.172,-82.368));
#8916 = CARTESIAN_POINT('',(125.9514228634,-82.368));
#8917 = CARTESIAN_POINT('',(125.5617114317,-83.043));
#8918 = CARTESIAN_POINT('',(125.172,-83.718));
#8919 = CARTESIAN_POINT('',(124.78228856829,-83.043));
#8920 = CARTESIAN_POINT('',(124.39257713659,-82.368));
#8921 = CARTESIAN_POINT('',(125.172,-82.368));
#8922 = ( GEOMETRIC_REPRESENTATION_CONTEXT(2) 
PARAMETRIC_REPRESENTATION_CONTEXT() REPRESENTATION_CONTEXT('2D SPACE',''
  ) );
#8923 = PCURVE('',#2772,#8924);
#8924 = DEFINITIONAL_REPRESENTATION('',(#8925),#8929);
#8925 = LINE('',#8926,#8927);
#8926 = CARTESIAN_POINT('',(0.,-4.6E-02));
#8927 = VECTOR('',#8928,1.);
#8928 = DIRECTION('',(1.,0.));
#8929 = ( GEOMETRIC_REPRESENTATION_CONTEXT(2) 
PARAMETRIC_REPRESENTATION_CONTEXT() REPRESENTATION_CONTEXT('2D SPACE',''
  ) );
#8930 = ORIENTED_EDGE('',*,*,#8931,.T.);
#8931 = EDGE_CURVE('',#8904,#8932,#8934,.T.);
#8932 = VERTEX_POINT('',#8933);
#8933 = CARTESIAN_POINT('',(125.572,-82.368,0.));
#8934 = SURFACE_CURVE('',#8935,(#8939,#8946),.PCURVE_S1.);
#8935 = LINE('',#8936,#8937);
#8936 = CARTESIAN_POINT('',(62.786,-82.368,0.));
#8937 = VECTOR('',#8938,1.);
#8938 = DIRECTION('',(1.,0.,0.));
#8939 = PCURVE('',#132,#8940);
#8940 = DEFINITIONAL_REPRESENTATION('',(#8941),#8945);
#8941 = LINE('',#8942,#8943);
#8942 = CARTESIAN_POINT('',(62.786,-82.368));
#8943 = VECTOR('',#8944,1.);
#8944 = DIRECTION('',(1.,0.));
#8945 = ( GEOMETRIC_REPRESENTATION_CONTEXT(2) 
PARAMETRIC_REPRESENTATION_CONTEXT() REPRESENTATION_CONTEXT('2D SPACE',''
  ) );
#8946 = PCURVE('',#2800,#8947);
#8947 = DEFINITIONAL_REPRESENTATION('',(#8948),#8952);
#8948 = LINE('',#8949,#8950);
#8949 = CARTESIAN_POINT('',(62.786,-4.6E-02));
#8950 = VECTOR('',#8951,1.);
#8951 = DIRECTION('',(-1.,0.));
#8952 = ( GEOMETRIC_REPRESENTATION_CONTEXT(2) 
PARAMETRIC_REPRESENTATION_CONTEXT() REPRESENTATION_CONTEXT('2D SPACE',''
  ) );
#8953 = ORIENTED_EDGE('',*,*,#8954,.T.);
#8954 = EDGE_CURVE('',#8932,#8955,#8957,.T.);
#8955 = VERTEX_POINT('',#8956);
#8956 = CARTESIAN_POINT('',(125.572,-83.268,0.));
#8957 = SURFACE_CURVE('',#8958,(#8963,#8974),.PCURVE_S1.);
#8958 = CIRCLE('',#8959,0.45);
#8959 = AXIS2_PLACEMENT_3D('',#8960,#8961,#8962);
#8960 = CARTESIAN_POINT('',(125.572,-82.818,0.));
#8961 = DIRECTION('',(0.,-0.,-1.));
#8962 = DIRECTION('',(3.157967714489E-14,-1.,0.));
#8963 = PCURVE('',#132,#8964);
#8964 = DEFINITIONAL_REPRESENTATION('',(#8965),#8973);
#8965 = ( BOUNDED_CURVE() B_SPLINE_CURVE(2,(#8966,#8967,#8968,#8969,
#8970,#8971,#8972),.UNSPECIFIED.,.T.,.F.) B_SPLINE_CURVE_WITH_KNOTS((1,2
    ,2,2,2,1),(-2.094395102393,0.,2.094395102393,4.188790204786,
6.28318530718,8.377580409573),.UNSPECIFIED.) CURVE() 
GEOMETRIC_REPRESENTATION_ITEM() RATIONAL_B_SPLINE_CURVE((1.,0.5,1.,0.5,
1.,0.5,1.)) REPRESENTATION_ITEM('') );
#8966 = CARTESIAN_POINT('',(125.572,-83.268));
#8967 = CARTESIAN_POINT('',(124.79257713659,-83.268));
#8968 = CARTESIAN_POINT('',(125.18228856829,-82.593));
#8969 = CARTESIAN_POINT('',(125.572,-81.918));
#8970 = CARTESIAN_POINT('',(125.9617114317,-82.593));
#8971 = CARTESIAN_POINT('',(126.3514228634,-83.268));
#8972 = CARTESIAN_POINT('',(125.572,-83.268));
#8973 = ( GEOMETRIC_REPRESENTATION_CONTEXT(2) 
PARAMETRIC_REPRESENTATION_CONTEXT() REPRESENTATION_CONTEXT('2D SPACE',''
  ) );
#8974 = PCURVE('',#2833,#8975);
#8975 = DEFINITIONAL_REPRESENTATION('',(#8976),#8980);
#8976 = LINE('',#8977,#8978);
#8977 = CARTESIAN_POINT('',(0.,-4.6E-02));
#8978 = VECTOR('',#8979,1.);
#8979 = DIRECTION('',(1.,0.));
#8980 = ( GEOMETRIC_REPRESENTATION_CONTEXT(2) 
PARAMETRIC_REPRESENTATION_CONTEXT() REPRESENTATION_CONTEXT('2D SPACE',''
  ) );
#8981 = ORIENTED_EDGE('',*,*,#8982,.T.);
#8982 = EDGE_CURVE('',#8955,#8902,#8983,.T.);
#8983 = SURFACE_CURVE('',#8984,(#8988,#8995),.PCURVE_S1.);
#8984 = LINE('',#8985,#8986);
#8985 = CARTESIAN_POINT('',(62.586,-83.268,0.));
#8986 = VECTOR('',#8987,1.);
#8987 = DIRECTION('',(-1.,0.,0.));
#8988 = PCURVE('',#132,#8989);
#8989 = DEFINITIONAL_REPRESENTATION('',(#8990),#8994);
#8990 = LINE('',#8991,#8992);
#8991 = CARTESIAN_POINT('',(62.586,-83.268));
#8992 = VECTOR('',#8993,1.);
#8993 = DIRECTION('',(-1.,0.));
#8994 = ( GEOMETRIC_REPRESENTATION_CONTEXT(2) 
PARAMETRIC_REPRESENTATION_CONTEXT() REPRESENTATION_CONTEXT('2D SPACE',''
  ) );
#8995 = PCURVE('',#2859,#8996);
#8996 = DEFINITIONAL_REPRESENTATION('',(#8997),#9001);
#8997 = LINE('',#8998,#8999);
#8998 = CARTESIAN_POINT('',(-62.586,-4.6E-02));
#8999 = VECTOR('',#9000,1.);
#9000 = DIRECTION('',(-1.,0.));
#9001 = ( GEOMETRIC_REPRESENTATION_CONTEXT(2) 
PARAMETRIC_REPRESENTATION_CONTEXT() REPRESENTATION_CONTEXT('2D SPACE',''
  ) );
#9002 = FACE_BOUND('',#9003,.F.);
#9003 = EDGE_LOOP('',(#9004,#9034,#9057,#9085));
#9004 = ORIENTED_EDGE('',*,*,#9005,.T.);
#9005 = EDGE_CURVE('',#9006,#9008,#9010,.T.);
#9006 = VERTEX_POINT('',#9007);
#9007 = CARTESIAN_POINT('',(128.172,-83.268,0.));
#9008 = VERTEX_POINT('',#9009);
#9009 = CARTESIAN_POINT('',(128.172,-82.368,0.));
#9010 = SURFACE_CURVE('',#9011,(#9016,#9027),.PCURVE_S1.);
#9011 = CIRCLE('',#9012,0.45);
#9012 = AXIS2_PLACEMENT_3D('',#9013,#9014,#9015);
#9013 = CARTESIAN_POINT('',(128.172,-82.818,0.));
#9014 = DIRECTION('',(0.,0.,-1.));
#9015 = DIRECTION('',(-6.315935428979E-14,1.,0.));
#9016 = PCURVE('',#132,#9017);
#9017 = DEFINITIONAL_REPRESENTATION('',(#9018),#9026);
#9018 = ( BOUNDED_CURVE() B_SPLINE_CURVE(2,(#9019,#9020,#9021,#9022,
#9023,#9024,#9025),.UNSPECIFIED.,.T.,.F.) B_SPLINE_CURVE_WITH_KNOTS((1,2
    ,2,2,2,1),(-2.094395102393,0.,2.094395102393,4.188790204786,
6.28318530718,8.377580409573),.UNSPECIFIED.) CURVE() 
GEOMETRIC_REPRESENTATION_ITEM() RATIONAL_B_SPLINE_CURVE((1.,0.5,1.,0.5,
1.,0.5,1.)) REPRESENTATION_ITEM('') );
#9019 = CARTESIAN_POINT('',(128.172,-82.368));
#9020 = CARTESIAN_POINT('',(128.9514228634,-82.368));
#9021 = CARTESIAN_POINT('',(128.5617114317,-83.043));
#9022 = CARTESIAN_POINT('',(128.172,-83.718));
#9023 = CARTESIAN_POINT('',(127.78228856829,-83.043));
#9024 = CARTESIAN_POINT('',(127.39257713659,-82.368));
#9025 = CARTESIAN_POINT('',(128.172,-82.368));
#9026 = ( GEOMETRIC_REPRESENTATION_CONTEXT(2) 
PARAMETRIC_REPRESENTATION_CONTEXT() REPRESENTATION_CONTEXT('2D SPACE',''
  ) );
#9027 = PCURVE('',#2896,#9028);
#9028 = DEFINITIONAL_REPRESENTATION('',(#9029),#9033);
#9029 = LINE('',#9030,#9031);
#9030 = CARTESIAN_POINT('',(0.,-4.6E-02));
#9031 = VECTOR('',#9032,1.);
#9032 = DIRECTION('',(1.,0.));
#9033 = ( GEOMETRIC_REPRESENTATION_CONTEXT(2) 
PARAMETRIC_REPRESENTATION_CONTEXT() REPRESENTATION_CONTEXT('2D SPACE',''
  ) );
#9034 = ORIENTED_EDGE('',*,*,#9035,.T.);
#9035 = EDGE_CURVE('',#9008,#9036,#9038,.T.);
#9036 = VERTEX_POINT('',#9037);
#9037 = CARTESIAN_POINT('',(128.572,-82.368,0.));
#9038 = SURFACE_CURVE('',#9039,(#9043,#9050),.PCURVE_S1.);
#9039 = LINE('',#9040,#9041);
#9040 = CARTESIAN_POINT('',(64.286,-82.368,0.));
#9041 = VECTOR('',#9042,1.);
#9042 = DIRECTION('',(1.,0.,0.));
#9043 = PCURVE('',#132,#9044);
#9044 = DEFINITIONAL_REPRESENTATION('',(#9045),#9049);
#9045 = LINE('',#9046,#9047);
#9046 = CARTESIAN_POINT('',(64.286,-82.368));
#9047 = VECTOR('',#9048,1.);
#9048 = DIRECTION('',(1.,0.));
#9049 = ( GEOMETRIC_REPRESENTATION_CONTEXT(2) 
PARAMETRIC_REPRESENTATION_CONTEXT() REPRESENTATION_CONTEXT('2D SPACE',''
  ) );
#9050 = PCURVE('',#2924,#9051);
#9051 = DEFINITIONAL_REPRESENTATION('',(#9052),#9056);
#9052 = LINE('',#9053,#9054);
#9053 = CARTESIAN_POINT('',(64.286,-4.6E-02));
#9054 = VECTOR('',#9055,1.);
#9055 = DIRECTION('',(-1.,0.));
#9056 = ( GEOMETRIC_REPRESENTATION_CONTEXT(2) 
PARAMETRIC_REPRESENTATION_CONTEXT() REPRESENTATION_CONTEXT('2D SPACE',''
  ) );
#9057 = ORIENTED_EDGE('',*,*,#9058,.T.);
#9058 = EDGE_CURVE('',#9036,#9059,#9061,.T.);
#9059 = VERTEX_POINT('',#9060);
#9060 = CARTESIAN_POINT('',(128.572,-83.268,0.));
#9061 = SURFACE_CURVE('',#9062,(#9067,#9078),.PCURVE_S1.);
#9062 = CIRCLE('',#9063,0.45);
#9063 = AXIS2_PLACEMENT_3D('',#9064,#9065,#9066);
#9064 = CARTESIAN_POINT('',(128.572,-82.818,0.));
#9065 = DIRECTION('',(0.,-0.,-1.));
#9066 = DIRECTION('',(6.315935428979E-14,-1.,0.));
#9067 = PCURVE('',#132,#9068);
#9068 = DEFINITIONAL_REPRESENTATION('',(#9069),#9077);
#9069 = ( BOUNDED_CURVE() B_SPLINE_CURVE(2,(#9070,#9071,#9072,#9073,
#9074,#9075,#9076),.UNSPECIFIED.,.T.,.F.) B_SPLINE_CURVE_WITH_KNOTS((1,2
    ,2,2,2,1),(-2.094395102393,0.,2.094395102393,4.188790204786,
6.28318530718,8.377580409573),.UNSPECIFIED.) CURVE() 
GEOMETRIC_REPRESENTATION_ITEM() RATIONAL_B_SPLINE_CURVE((1.,0.5,1.,0.5,
1.,0.5,1.)) REPRESENTATION_ITEM('') );
#9070 = CARTESIAN_POINT('',(128.572,-83.268));
#9071 = CARTESIAN_POINT('',(127.79257713659,-83.268));
#9072 = CARTESIAN_POINT('',(128.18228856829,-82.593));
#9073 = CARTESIAN_POINT('',(128.572,-81.918));
#9074 = CARTESIAN_POINT('',(128.9617114317,-82.593));
#9075 = CARTESIAN_POINT('',(129.3514228634,-83.268));
#9076 = CARTESIAN_POINT('',(128.572,-83.268));
#9077 = ( GEOMETRIC_REPRESENTATION_CONTEXT(2) 
PARAMETRIC_REPRESENTATION_CONTEXT() REPRESENTATION_CONTEXT('2D SPACE',''
  ) );
#9078 = PCURVE('',#2957,#9079);
#9079 = DEFINITIONAL_REPRESENTATION('',(#9080),#9084);
#9080 = LINE('',#9081,#9082);
#9081 = CARTESIAN_POINT('',(0.,-4.6E-02));
#9082 = VECTOR('',#9083,1.);
#9083 = DIRECTION('',(1.,0.));
#9084 = ( GEOMETRIC_REPRESENTATION_CONTEXT(2) 
PARAMETRIC_REPRESENTATION_CONTEXT() REPRESENTATION_CONTEXT('2D SPACE',''
  ) );
#9085 = ORIENTED_EDGE('',*,*,#9086,.T.);
#9086 = EDGE_CURVE('',#9059,#9006,#9087,.T.);
#9087 = SURFACE_CURVE('',#9088,(#9092,#9099),.PCURVE_S1.);
#9088 = LINE('',#9089,#9090);
#9089 = CARTESIAN_POINT('',(64.086,-83.268,0.));
#9090 = VECTOR('',#9091,1.);
#9091 = DIRECTION('',(-1.,0.,0.));
#9092 = PCURVE('',#132,#9093);
#9093 = DEFINITIONAL_REPRESENTATION('',(#9094),#9098);
#9094 = LINE('',#9095,#9096);
#9095 = CARTESIAN_POINT('',(64.086,-83.268));
#9096 = VECTOR('',#9097,1.);
#9097 = DIRECTION('',(-1.,0.));
#9098 = ( GEOMETRIC_REPRESENTATION_CONTEXT(2) 
PARAMETRIC_REPRESENTATION_CONTEXT() REPRESENTATION_CONTEXT('2D SPACE',''
  ) );
#9099 = PCURVE('',#2983,#9100);
#9100 = DEFINITIONAL_REPRESENTATION('',(#9101),#9105);
#9101 = LINE('',#9102,#9103);
#9102 = CARTESIAN_POINT('',(-64.086,-4.6E-02));
#9103 = VECTOR('',#9104,1.);
#9104 = DIRECTION('',(-1.,0.));
#9105 = ( GEOMETRIC_REPRESENTATION_CONTEXT(2) 
PARAMETRIC_REPRESENTATION_CONTEXT() REPRESENTATION_CONTEXT('2D SPACE',''
  ) );
#9106 = FACE_BOUND('',#9107,.F.);
#9107 = EDGE_LOOP('',(#9108));
#9108 = ORIENTED_EDGE('',*,*,#9109,.T.);
#9109 = EDGE_CURVE('',#9110,#9110,#9112,.T.);
#9110 = VERTEX_POINT('',#9111);
#9111 = CARTESIAN_POINT('',(105.918,-79.9465,0.));
#9112 = SURFACE_CURVE('',#9113,(#9118,#9129),.PCURVE_S1.);
#9113 = CIRCLE('',#9114,1.7145);
#9114 = AXIS2_PLACEMENT_3D('',#9115,#9116,#9117);
#9115 = CARTESIAN_POINT('',(105.918,-78.232,0.));
#9116 = DIRECTION('',(-0.,-0.,-1.));
#9117 = DIRECTION('',(0.,-1.,0.));
#9118 = PCURVE('',#132,#9119);
#9119 = DEFINITIONAL_REPRESENTATION('',(#9120),#9128);
#9120 = ( BOUNDED_CURVE() B_SPLINE_CURVE(2,(#9121,#9122,#9123,#9124,
#9125,#9126,#9127),.UNSPECIFIED.,.T.,.F.) B_SPLINE_CURVE_WITH_KNOTS((1,2
    ,2,2,2,1),(-2.094395102393,0.,2.094395102393,4.188790204786,
6.28318530718,8.377580409573),.UNSPECIFIED.) CURVE() 
GEOMETRIC_REPRESENTATION_ITEM() RATIONAL_B_SPLINE_CURVE((1.,0.5,1.,0.5,
1.,0.5,1.)) REPRESENTATION_ITEM('') );
#9121 = CARTESIAN_POINT('',(105.918,-79.9465));
#9122 = CARTESIAN_POINT('',(102.94839889042,-79.9465));
#9123 = CARTESIAN_POINT('',(104.43319944521,-77.37475));
#9124 = CARTESIAN_POINT('',(105.918,-74.803));
#9125 = CARTESIAN_POINT('',(107.40280055478,-77.37475));
#9126 = CARTESIAN_POINT('',(108.88760110957,-79.9465));
#9127 = CARTESIAN_POINT('',(105.918,-79.9465));
#9128 = ( GEOMETRIC_REPRESENTATION_CONTEXT(2) 
PARAMETRIC_REPRESENTATION_CONTEXT() REPRESENTATION_CONTEXT('2D SPACE',''
  ) );
#9129 = PCURVE('',#3018,#9130);
#9130 = DEFINITIONAL_REPRESENTATION('',(#9131),#9135);
#9131 = LINE('',#9132,#9133);
#9132 = CARTESIAN_POINT('',(0.,-4.6E-02));
#9133 = VECTOR('',#9134,1.);
#9134 = DIRECTION('',(1.,0.));
#9135 = ( GEOMETRIC_REPRESENTATION_CONTEXT(2) 
PARAMETRIC_REPRESENTATION_CONTEXT() REPRESENTATION_CONTEXT('2D SPACE',''
  ) );
#9136 = FACE_BOUND('',#9137,.F.);
#9137 = EDGE_LOOP('',(#9138));
#9138 = ORIENTED_EDGE('',*,*,#9139,.T.);
#9139 = EDGE_CURVE('',#9140,#9140,#9142,.T.);
#9140 = VERTEX_POINT('',#9141);
#9141 = CARTESIAN_POINT('',(111.418,-79.0829,0.));
#9142 = SURFACE_CURVE('',#9143,(#9148,#9159),.PCURVE_S1.);
#9143 = CIRCLE('',#9144,0.8509);
#9144 = AXIS2_PLACEMENT_3D('',#9145,#9146,#9147);
#9145 = CARTESIAN_POINT('',(111.418,-78.232,0.));
#9146 = DIRECTION('',(-0.,-0.,-1.));
#9147 = DIRECTION('',(0.,-1.,0.));
#9148 = PCURVE('',#132,#9149);
#9149 = DEFINITIONAL_REPRESENTATION('',(#9150),#9158);
#9150 = ( BOUNDED_CURVE() B_SPLINE_CURVE(2,(#9151,#9152,#9153,#9154,
#9155,#9156,#9157),.UNSPECIFIED.,.T.,.F.) B_SPLINE_CURVE_WITH_KNOTS((1,2
    ,2,2,2,1),(-2.094395102393,0.,2.094395102393,4.188790204786,
6.28318530718,8.377580409573),.UNSPECIFIED.) CURVE() 
GEOMETRIC_REPRESENTATION_ITEM() RATIONAL_B_SPLINE_CURVE((1.,0.5,1.,0.5,
1.,0.5,1.)) REPRESENTATION_ITEM('') );
#9151 = CARTESIAN_POINT('',(111.418,-79.0829));
#9152 = CARTESIAN_POINT('',(109.94419796784,-79.0829));
#9153 = CARTESIAN_POINT('',(110.68109898392,-77.80655));
#9154 = CARTESIAN_POINT('',(111.418,-76.5302));
#9155 = CARTESIAN_POINT('',(112.15490101608,-77.80655));
#9156 = CARTESIAN_POINT('',(112.89180203216,-79.0829));
#9157 = CARTESIAN_POINT('',(111.418,-79.0829));
#9158 = ( GEOMETRIC_REPRESENTATION_CONTEXT(2) 
PARAMETRIC_REPRESENTATION_CONTEXT() REPRESENTATION_CONTEXT('2D SPACE',''
  ) );
#9159 = PCURVE('',#3053,#9160);
#9160 = DEFINITIONAL_REPRESENTATION('',(#9161),#9165);
#9161 = LINE('',#9162,#9163);
#9162 = CARTESIAN_POINT('',(0.,-4.6E-02));
#9163 = VECTOR('',#9164,1.);
#9164 = DIRECTION('',(1.,0.));
#9165 = ( GEOMETRIC_REPRESENTATION_CONTEXT(2) 
PARAMETRIC_REPRESENTATION_CONTEXT() REPRESENTATION_CONTEXT('2D SPACE',''
  ) );
#9166 = FACE_BOUND('',#9167,.F.);
#9167 = EDGE_LOOP('',(#9168));
#9168 = ORIENTED_EDGE('',*,*,#9169,.T.);
#9169 = EDGE_CURVE('',#9170,#9170,#9172,.T.);
#9170 = VERTEX_POINT('',#9171);
#9171 = CARTESIAN_POINT('',(111.138,-74.5273,0.));
#9172 = SURFACE_CURVE('',#9173,(#9178,#9189),.PCURVE_S1.);
#9173 = CIRCLE('',#9174,0.4953);
#9174 = AXIS2_PLACEMENT_3D('',#9175,#9176,#9177);
#9175 = CARTESIAN_POINT('',(111.138,-74.032,0.));
#9176 = DIRECTION('',(-0.,-0.,-1.));
#9177 = DIRECTION('',(0.,-1.,0.));
#9178 = PCURVE('',#132,#9179);
#9179 = DEFINITIONAL_REPRESENTATION('',(#9180),#9188);
#9180 = ( BOUNDED_CURVE() B_SPLINE_CURVE(2,(#9181,#9182,#9183,#9184,
#9185,#9186,#9187),.UNSPECIFIED.,.T.,.F.) B_SPLINE_CURVE_WITH_KNOTS((1,2
    ,2,2,2,1),(-2.094395102393,0.,2.094395102393,4.188790204786,
6.28318530718,8.377580409573),.UNSPECIFIED.) CURVE() 
GEOMETRIC_REPRESENTATION_ITEM() RATIONAL_B_SPLINE_CURVE((1.,0.5,1.,0.5,
1.,0.5,1.)) REPRESENTATION_ITEM('') );
#9181 = CARTESIAN_POINT('',(111.138,-74.5273));
#9182 = CARTESIAN_POINT('',(110.28011523501,-74.5273));
#9183 = CARTESIAN_POINT('',(110.7090576175,-73.78435));
#9184 = CARTESIAN_POINT('',(111.138,-73.0414));
#9185 = CARTESIAN_POINT('',(111.56694238249,-73.78435));
#9186 = CARTESIAN_POINT('',(111.99588476498,-74.5273));
#9187 = CARTESIAN_POINT('',(111.138,-74.5273));
#9188 = ( GEOMETRIC_REPRESENTATION_CONTEXT(2) 
PARAMETRIC_REPRESENTATION_CONTEXT() REPRESENTATION_CONTEXT('2D SPACE',''
  ) );
#9189 = PCURVE('',#3088,#9190);
#9190 = DEFINITIONAL_REPRESENTATION('',(#9191),#9195);
#9191 = LINE('',#9192,#9193);
#9192 = CARTESIAN_POINT('',(0.,-4.6E-02));
#9193 = VECTOR('',#9194,1.);
#9194 = DIRECTION('',(1.,0.));
#9195 = ( GEOMETRIC_REPRESENTATION_CONTEXT(2) 
PARAMETRIC_REPRESENTATION_CONTEXT() REPRESENTATION_CONTEXT('2D SPACE',''
  ) );
#9196 = FACE_BOUND('',#9197,.F.);
#9197 = EDGE_LOOP('',(#9198));
#9198 = ORIENTED_EDGE('',*,*,#9199,.T.);
#9199 = EDGE_CURVE('',#9200,#9200,#9202,.T.);
#9200 = VERTEX_POINT('',#9201);
#9201 = CARTESIAN_POINT('',(117.0974,-74.5904,0.));
#9202 = SURFACE_CURVE('',#9203,(#9208,#9219),.PCURVE_S1.);
#9203 = CIRCLE('',#9204,0.4064);
#9204 = AXIS2_PLACEMENT_3D('',#9205,#9206,#9207);
#9205 = CARTESIAN_POINT('',(117.0974,-74.184,0.));
#9206 = DIRECTION('',(-0.,-0.,-1.));
#9207 = DIRECTION('',(0.,-1.,0.));
#9208 = PCURVE('',#132,#9209);
#9209 = DEFINITIONAL_REPRESENTATION('',(#9210),#9218);
#9210 = ( BOUNDED_CURVE() B_SPLINE_CURVE(2,(#9211,#9212,#9213,#9214,
#9215,#9216,#9217),.UNSPECIFIED.,.T.,.F.) B_SPLINE_CURVE_WITH_KNOTS((1,2
    ,2,2,2,1),(-2.094395102393,0.,2.094395102393,4.188790204786,
6.28318530718,8.377580409573),.UNSPECIFIED.) CURVE() 
GEOMETRIC_REPRESENTATION_ITEM() RATIONAL_B_SPLINE_CURVE((1.,0.5,1.,0.5,
1.,0.5,1.)) REPRESENTATION_ITEM('') );
#9211 = CARTESIAN_POINT('',(117.0974,-74.5904));
#9212 = CARTESIAN_POINT('',(116.3934945518,-74.5904));
#9213 = CARTESIAN_POINT('',(116.7454472759,-73.9808));
#9214 = CARTESIAN_POINT('',(117.0974,-73.3712));
#9215 = CARTESIAN_POINT('',(117.44935272409,-73.9808));
#9216 = CARTESIAN_POINT('',(117.80130544819,-74.5904));
#9217 = CARTESIAN_POINT('',(117.0974,-74.5904));
#9218 = ( GEOMETRIC_REPRESENTATION_CONTEXT(2) 
PARAMETRIC_REPRESENTATION_CONTEXT() REPRESENTATION_CONTEXT('2D SPACE',''
  ) );
#9219 = PCURVE('',#3123,#9220);
#9220 = DEFINITIONAL_REPRESENTATION('',(#9221),#9225);
#9221 = LINE('',#9222,#9223);
#9222 = CARTESIAN_POINT('',(0.,-4.6E-02));
#9223 = VECTOR('',#9224,1.);
#9224 = DIRECTION('',(1.,0.));
#9225 = ( GEOMETRIC_REPRESENTATION_CONTEXT(2) 
PARAMETRIC_REPRESENTATION_CONTEXT() REPRESENTATION_CONTEXT('2D SPACE',''
  ) );
#9226 = FACE_BOUND('',#9227,.F.);
#9227 = EDGE_LOOP('',(#9228));
#9228 = ORIENTED_EDGE('',*,*,#9229,.T.);
#9229 = EDGE_CURVE('',#9230,#9230,#9232,.T.);
#9230 = VERTEX_POINT('',#9231);
#9231 = CARTESIAN_POINT('',(117.0974,-72.0504,0.));
#9232 = SURFACE_CURVE('',#9233,(#9238,#9249),.PCURVE_S1.);
#9233 = CIRCLE('',#9234,0.4064);
#9234 = AXIS2_PLACEMENT_3D('',#9235,#9236,#9237);
#9235 = CARTESIAN_POINT('',(117.0974,-71.644,0.));
#9236 = DIRECTION('',(-0.,-0.,-1.));
#9237 = DIRECTION('',(0.,-1.,0.));
#9238 = PCURVE('',#132,#9239);
#9239 = DEFINITIONAL_REPRESENTATION('',(#9240),#9248);
#9240 = ( BOUNDED_CURVE() B_SPLINE_CURVE(2,(#9241,#9242,#9243,#9244,
#9245,#9246,#9247),.UNSPECIFIED.,.T.,.F.) B_SPLINE_CURVE_WITH_KNOTS((1,2
    ,2,2,2,1),(-2.094395102393,0.,2.094395102393,4.188790204786,
6.28318530718,8.377580409573),.UNSPECIFIED.) CURVE() 
GEOMETRIC_REPRESENTATION_ITEM() RATIONAL_B_SPLINE_CURVE((1.,0.5,1.,0.5,
1.,0.5,1.)) REPRESENTATION_ITEM('') );
#9241 = CARTESIAN_POINT('',(117.0974,-72.0504));
#9242 = CARTESIAN_POINT('',(116.3934945518,-72.0504));
#9243 = CARTESIAN_POINT('',(116.7454472759,-71.4408));
#9244 = CARTESIAN_POINT('',(117.0974,-70.8312));
#9245 = CARTESIAN_POINT('',(117.44935272409,-71.4408));
#9246 = CARTESIAN_POINT('',(117.80130544819,-72.0504));
#9247 = CARTESIAN_POINT('',(117.0974,-72.0504));
#9248 = ( GEOMETRIC_REPRESENTATION_CONTEXT(2) 
PARAMETRIC_REPRESENTATION_CONTEXT() REPRESENTATION_CONTEXT('2D SPACE',''
  ) );
#9249 = PCURVE('',#3158,#9250);
#9250 = DEFINITIONAL_REPRESENTATION('',(#9251),#9255);
#9251 = LINE('',#9252,#9253);
#9252 = CARTESIAN_POINT('',(0.,-4.6E-02));
#9253 = VECTOR('',#9254,1.);
#9254 = DIRECTION('',(1.,0.));
#9255 = ( GEOMETRIC_REPRESENTATION_CONTEXT(2) 
PARAMETRIC_REPRESENTATION_CONTEXT() REPRESENTATION_CONTEXT('2D SPACE',''
  ) );
#9256 = FACE_BOUND('',#9257,.F.);
#9257 = EDGE_LOOP('',(#9258));
#9258 = ORIENTED_EDGE('',*,*,#9259,.T.);
#9259 = EDGE_CURVE('',#9260,#9260,#9262,.T.);
#9260 = VERTEX_POINT('',#9261);
#9261 = CARTESIAN_POINT('',(122.972,-80.918,0.));
#9262 = SURFACE_CURVE('',#9263,(#9268,#9279),.PCURVE_S1.);
#9263 = CIRCLE('',#9264,0.4);
#9264 = AXIS2_PLACEMENT_3D('',#9265,#9266,#9267);
#9265 = CARTESIAN_POINT('',(122.972,-80.518,0.));
#9266 = DIRECTION('',(-0.,0.,-1.));
#9267 = DIRECTION('',(-3.552713678801E-14,-1.,0.));
#9268 = PCURVE('',#132,#9269);
#9269 = DEFINITIONAL_REPRESENTATION('',(#9270),#9278);
#9270 = ( BOUNDED_CURVE() B_SPLINE_CURVE(2,(#9271,#9272,#9273,#9274,
#9275,#9276,#9277),.UNSPECIFIED.,.T.,.F.) B_SPLINE_CURVE_WITH_KNOTS((1,2
    ,2,2,2,1),(-2.094395102393,0.,2.094395102393,4.188790204786,
6.28318530718,8.377580409573),.UNSPECIFIED.) CURVE() 
GEOMETRIC_REPRESENTATION_ITEM() RATIONAL_B_SPLINE_CURVE((1.,0.5,1.,0.5,
1.,0.5,1.)) REPRESENTATION_ITEM('') );
#9271 = CARTESIAN_POINT('',(122.972,-80.918));
#9272 = CARTESIAN_POINT('',(122.27917967697,-80.918));
#9273 = CARTESIAN_POINT('',(122.62558983848,-80.318));
#9274 = CARTESIAN_POINT('',(122.972,-79.718));
#9275 = CARTESIAN_POINT('',(123.31841016151,-80.318));
#9276 = CARTESIAN_POINT('',(123.66482032302,-80.918));
#9277 = CARTESIAN_POINT('',(122.972,-80.918));
#9278 = ( GEOMETRIC_REPRESENTATION_CONTEXT(2) 
PARAMETRIC_REPRESENTATION_CONTEXT() REPRESENTATION_CONTEXT('2D SPACE',''
  ) );
#9279 = PCURVE('',#3193,#9280);
#9280 = DEFINITIONAL_REPRESENTATION('',(#9281),#9285);
#9281 = LINE('',#9282,#9283);
#9282 = CARTESIAN_POINT('',(0.,-4.6E-02));
#9283 = VECTOR('',#9284,1.);
#9284 = DIRECTION('',(1.,0.));
#9285 = ( GEOMETRIC_REPRESENTATION_CONTEXT(2) 
PARAMETRIC_REPRESENTATION_CONTEXT() REPRESENTATION_CONTEXT('2D SPACE',''
  ) );
#9286 = FACE_BOUND('',#9287,.F.);
#9287 = EDGE_LOOP('',(#9288,#9318,#9341,#9369));
#9288 = ORIENTED_EDGE('',*,*,#9289,.T.);
#9289 = EDGE_CURVE('',#9290,#9292,#9294,.T.);
#9290 = VERTEX_POINT('',#9291);
#9291 = CARTESIAN_POINT('',(120.072,-78.668,0.));
#9292 = VERTEX_POINT('',#9293);
#9293 = CARTESIAN_POINT('',(120.072,-77.768,0.));
#9294 = SURFACE_CURVE('',#9295,(#9300,#9311),.PCURVE_S1.);
#9295 = CIRCLE('',#9296,0.45);
#9296 = AXIS2_PLACEMENT_3D('',#9297,#9298,#9299);
#9297 = CARTESIAN_POINT('',(120.072,-78.218,0.));
#9298 = DIRECTION('',(0.,0.,-1.));
#9299 = DIRECTION('',(-3.157967714489E-14,1.,0.));
#9300 = PCURVE('',#132,#9301);
#9301 = DEFINITIONAL_REPRESENTATION('',(#9302),#9310);
#9302 = ( BOUNDED_CURVE() B_SPLINE_CURVE(2,(#9303,#9304,#9305,#9306,
#9307,#9308,#9309),.UNSPECIFIED.,.T.,.F.) B_SPLINE_CURVE_WITH_KNOTS((1,2
    ,2,2,2,1),(-2.094395102393,0.,2.094395102393,4.188790204786,
6.28318530718,8.377580409573),.UNSPECIFIED.) CURVE() 
GEOMETRIC_REPRESENTATION_ITEM() RATIONAL_B_SPLINE_CURVE((1.,0.5,1.,0.5,
1.,0.5,1.)) REPRESENTATION_ITEM('') );
#9303 = CARTESIAN_POINT('',(120.072,-77.768));
#9304 = CARTESIAN_POINT('',(120.8514228634,-77.768));
#9305 = CARTESIAN_POINT('',(120.4617114317,-78.443));
#9306 = CARTESIAN_POINT('',(120.072,-79.118));
#9307 = CARTESIAN_POINT('',(119.68228856829,-78.443));
#9308 = CARTESIAN_POINT('',(119.29257713659,-77.768));
#9309 = CARTESIAN_POINT('',(120.072,-77.768));
#9310 = ( GEOMETRIC_REPRESENTATION_CONTEXT(2) 
PARAMETRIC_REPRESENTATION_CONTEXT() REPRESENTATION_CONTEXT('2D SPACE',''
  ) );
#9311 = PCURVE('',#3230,#9312);
#9312 = DEFINITIONAL_REPRESENTATION('',(#9313),#9317);
#9313 = LINE('',#9314,#9315);
#9314 = CARTESIAN_POINT('',(0.,-4.6E-02));
#9315 = VECTOR('',#9316,1.);
#9316 = DIRECTION('',(1.,0.));
#9317 = ( GEOMETRIC_REPRESENTATION_CONTEXT(2) 
PARAMETRIC_REPRESENTATION_CONTEXT() REPRESENTATION_CONTEXT('2D SPACE',''
  ) );
#9318 = ORIENTED_EDGE('',*,*,#9319,.T.);
#9319 = EDGE_CURVE('',#9292,#9320,#9322,.T.);
#9320 = VERTEX_POINT('',#9321);
#9321 = CARTESIAN_POINT('',(120.472,-77.768,0.));
#9322 = SURFACE_CURVE('',#9323,(#9327,#9334),.PCURVE_S1.);
#9323 = LINE('',#9324,#9325);
#9324 = CARTESIAN_POINT('',(60.236,-77.768,0.));
#9325 = VECTOR('',#9326,1.);
#9326 = DIRECTION('',(1.,0.,0.));
#9327 = PCURVE('',#132,#9328);
#9328 = DEFINITIONAL_REPRESENTATION('',(#9329),#9333);
#9329 = LINE('',#9330,#9331);
#9330 = CARTESIAN_POINT('',(60.236,-77.768));
#9331 = VECTOR('',#9332,1.);
#9332 = DIRECTION('',(1.,0.));
#9333 = ( GEOMETRIC_REPRESENTATION_CONTEXT(2) 
PARAMETRIC_REPRESENTATION_CONTEXT() REPRESENTATION_CONTEXT('2D SPACE',''
  ) );
#9334 = PCURVE('',#3258,#9335);
#9335 = DEFINITIONAL_REPRESENTATION('',(#9336),#9340);
#9336 = LINE('',#9337,#9338);
#9337 = CARTESIAN_POINT('',(60.236,-4.6E-02));
#9338 = VECTOR('',#9339,1.);
#9339 = DIRECTION('',(-1.,0.));
#9340 = ( GEOMETRIC_REPRESENTATION_CONTEXT(2) 
PARAMETRIC_REPRESENTATION_CONTEXT() REPRESENTATION_CONTEXT('2D SPACE',''
  ) );
#9341 = ORIENTED_EDGE('',*,*,#9342,.T.);
#9342 = EDGE_CURVE('',#9320,#9343,#9345,.T.);
#9343 = VERTEX_POINT('',#9344);
#9344 = CARTESIAN_POINT('',(120.472,-78.668,0.));
#9345 = SURFACE_CURVE('',#9346,(#9351,#9362),.PCURVE_S1.);
#9346 = CIRCLE('',#9347,0.45);
#9347 = AXIS2_PLACEMENT_3D('',#9348,#9349,#9350);
#9348 = CARTESIAN_POINT('',(120.472,-78.218,0.));
#9349 = DIRECTION('',(-0.,-0.,-1.));
#9350 = DIRECTION('',(0.,-1.,0.));
#9351 = PCURVE('',#132,#9352);
#9352 = DEFINITIONAL_REPRESENTATION('',(#9353),#9361);
#9353 = ( BOUNDED_CURVE() B_SPLINE_CURVE(2,(#9354,#9355,#9356,#9357,
#9358,#9359,#9360),.UNSPECIFIED.,.T.,.F.) B_SPLINE_CURVE_WITH_KNOTS((1,2
    ,2,2,2,1),(-2.094395102393,0.,2.094395102393,4.188790204786,
6.28318530718,8.377580409573),.UNSPECIFIED.) CURVE() 
GEOMETRIC_REPRESENTATION_ITEM() RATIONAL_B_SPLINE_CURVE((1.,0.5,1.,0.5,
1.,0.5,1.)) REPRESENTATION_ITEM('') );
#9354 = CARTESIAN_POINT('',(120.472,-78.668));
#9355 = CARTESIAN_POINT('',(119.69257713659,-78.668));
#9356 = CARTESIAN_POINT('',(120.08228856829,-77.993));
#9357 = CARTESIAN_POINT('',(120.472,-77.318));
#9358 = CARTESIAN_POINT('',(120.8617114317,-77.993));
#9359 = CARTESIAN_POINT('',(121.2514228634,-78.668));
#9360 = CARTESIAN_POINT('',(120.472,-78.668));
#9361 = ( GEOMETRIC_REPRESENTATION_CONTEXT(2) 
PARAMETRIC_REPRESENTATION_CONTEXT() REPRESENTATION_CONTEXT('2D SPACE',''
  ) );
#9362 = PCURVE('',#3291,#9363);
#9363 = DEFINITIONAL_REPRESENTATION('',(#9364),#9368);
#9364 = LINE('',#9365,#9366);
#9365 = CARTESIAN_POINT('',(0.,-4.6E-02));
#9366 = VECTOR('',#9367,1.);
#9367 = DIRECTION('',(1.,0.));
#9368 = ( GEOMETRIC_REPRESENTATION_CONTEXT(2) 
PARAMETRIC_REPRESENTATION_CONTEXT() REPRESENTATION_CONTEXT('2D SPACE',''
  ) );
#9369 = ORIENTED_EDGE('',*,*,#9370,.T.);
#9370 = EDGE_CURVE('',#9343,#9290,#9371,.T.);
#9371 = SURFACE_CURVE('',#9372,(#9376,#9383),.PCURVE_S1.);
#9372 = LINE('',#9373,#9374);
#9373 = CARTESIAN_POINT('',(60.036,-78.668,0.));
#9374 = VECTOR('',#9375,1.);
#9375 = DIRECTION('',(-1.,0.,0.));
#9376 = PCURVE('',#132,#9377);
#9377 = DEFINITIONAL_REPRESENTATION('',(#9378),#9382);
#9378 = LINE('',#9379,#9380);
#9379 = CARTESIAN_POINT('',(60.036,-78.668));
#9380 = VECTOR('',#9381,1.);
#9381 = DIRECTION('',(-1.,0.));
#9382 = ( GEOMETRIC_REPRESENTATION_CONTEXT(2) 
PARAMETRIC_REPRESENTATION_CONTEXT() REPRESENTATION_CONTEXT('2D SPACE',''
  ) );
#9383 = PCURVE('',#3317,#9384);
#9384 = DEFINITIONAL_REPRESENTATION('',(#9385),#9389);
#9385 = LINE('',#9386,#9387);
#9386 = CARTESIAN_POINT('',(-60.036,-4.6E-02));
#9387 = VECTOR('',#9388,1.);
#9388 = DIRECTION('',(-1.,0.));
#9389 = ( GEOMETRIC_REPRESENTATION_CONTEXT(2) 
PARAMETRIC_REPRESENTATION_CONTEXT() REPRESENTATION_CONTEXT('2D SPACE',''
  ) );
#9390 = FACE_BOUND('',#9391,.F.);
#9391 = EDGE_LOOP('',(#9392));
#9392 = ORIENTED_EDGE('',*,*,#9393,.T.);
#9393 = EDGE_CURVE('',#9394,#9394,#9396,.T.);
#9394 = VERTEX_POINT('',#9395);
#9395 = CARTESIAN_POINT('',(129.972,-80.918,0.));
#9396 = SURFACE_CURVE('',#9397,(#9402,#9413),.PCURVE_S1.);
#9397 = CIRCLE('',#9398,0.4);
#9398 = AXIS2_PLACEMENT_3D('',#9399,#9400,#9401);
#9399 = CARTESIAN_POINT('',(129.972,-80.518,0.));
#9400 = DIRECTION('',(-0.,-0.,-1.));
#9401 = DIRECTION('',(0.,-1.,0.));
#9402 = PCURVE('',#132,#9403);
#9403 = DEFINITIONAL_REPRESENTATION('',(#9404),#9412);
#9404 = ( BOUNDED_CURVE() B_SPLINE_CURVE(2,(#9405,#9406,#9407,#9408,
#9409,#9410,#9411),.UNSPECIFIED.,.T.,.F.) B_SPLINE_CURVE_WITH_KNOTS((1,2
    ,2,2,2,1),(-2.094395102393,0.,2.094395102393,4.188790204786,
6.28318530718,8.377580409573),.UNSPECIFIED.) CURVE() 
GEOMETRIC_REPRESENTATION_ITEM() RATIONAL_B_SPLINE_CURVE((1.,0.5,1.,0.5,
1.,0.5,1.)) REPRESENTATION_ITEM('') );
#9405 = CARTESIAN_POINT('',(129.972,-80.918));
#9406 = CARTESIAN_POINT('',(129.27917967697,-80.918));
#9407 = CARTESIAN_POINT('',(129.62558983848,-80.318));
#9408 = CARTESIAN_POINT('',(129.972,-79.718));
#9409 = CARTESIAN_POINT('',(130.31841016151,-80.318));
#9410 = CARTESIAN_POINT('',(130.66482032302,-80.918));
#9411 = CARTESIAN_POINT('',(129.972,-80.918));
#9412 = ( GEOMETRIC_REPRESENTATION_CONTEXT(2) 
PARAMETRIC_REPRESENTATION_CONTEXT() REPRESENTATION_CONTEXT('2D SPACE',''
  ) );
#9413 = PCURVE('',#3352,#9414);
#9414 = DEFINITIONAL_REPRESENTATION('',(#9415),#9419);
#9415 = LINE('',#9416,#9417);
#9416 = CARTESIAN_POINT('',(0.,-4.6E-02));
#9417 = VECTOR('',#9418,1.);
#9418 = DIRECTION('',(1.,0.));
#9419 = ( GEOMETRIC_REPRESENTATION_CONTEXT(2) 
PARAMETRIC_REPRESENTATION_CONTEXT() REPRESENTATION_CONTEXT('2D SPACE',''
  ) );
#9420 = FACE_BOUND('',#9421,.F.);
#9421 = EDGE_LOOP('',(#9422));
#9422 = ORIENTED_EDGE('',*,*,#9423,.T.);
#9423 = EDGE_CURVE('',#9424,#9424,#9426,.T.);
#9424 = VERTEX_POINT('',#9425);
#9425 = CARTESIAN_POINT('',(132.3174,-74.5904,0.));
#9426 = SURFACE_CURVE('',#9427,(#9432,#9443),.PCURVE_S1.);
#9427 = CIRCLE('',#9428,0.4064);
#9428 = AXIS2_PLACEMENT_3D('',#9429,#9430,#9431);
#9429 = CARTESIAN_POINT('',(132.3174,-74.184,0.));
#9430 = DIRECTION('',(-0.,0.,-1.));
#9431 = DIRECTION('',(-6.993530863781E-14,-1.,0.));
#9432 = PCURVE('',#132,#9433);
#9433 = DEFINITIONAL_REPRESENTATION('',(#9434),#9442);
#9434 = ( BOUNDED_CURVE() B_SPLINE_CURVE(2,(#9435,#9436,#9437,#9438,
#9439,#9440,#9441),.UNSPECIFIED.,.T.,.F.) B_SPLINE_CURVE_WITH_KNOTS((1,2
    ,2,2,2,1),(-2.094395102393,0.,2.094395102393,4.188790204786,
6.28318530718,8.377580409573),.UNSPECIFIED.) CURVE() 
GEOMETRIC_REPRESENTATION_ITEM() RATIONAL_B_SPLINE_CURVE((1.,0.5,1.,0.5,
1.,0.5,1.)) REPRESENTATION_ITEM('') );
#9435 = CARTESIAN_POINT('',(132.3174,-74.5904));
#9436 = CARTESIAN_POINT('',(131.6134945518,-74.5904));
#9437 = CARTESIAN_POINT('',(131.9654472759,-73.9808));
#9438 = CARTESIAN_POINT('',(132.3174,-73.3712));
#9439 = CARTESIAN_POINT('',(132.66935272409,-73.9808));
#9440 = CARTESIAN_POINT('',(133.02130544819,-74.5904));
#9441 = CARTESIAN_POINT('',(132.3174,-74.5904));
#9442 = ( GEOMETRIC_REPRESENTATION_CONTEXT(2) 
PARAMETRIC_REPRESENTATION_CONTEXT() REPRESENTATION_CONTEXT('2D SPACE',''
  ) );
#9443 = PCURVE('',#3387,#9444);
#9444 = DEFINITIONAL_REPRESENTATION('',(#9445),#9449);
#9445 = LINE('',#9446,#9447);
#9446 = CARTESIAN_POINT('',(0.,-4.6E-02));
#9447 = VECTOR('',#9448,1.);
#9448 = DIRECTION('',(1.,0.));
#9449 = ( GEOMETRIC_REPRESENTATION_CONTEXT(2) 
PARAMETRIC_REPRESENTATION_CONTEXT() REPRESENTATION_CONTEXT('2D SPACE',''
  ) );
#9450 = FACE_BOUND('',#9451,.F.);
#9451 = EDGE_LOOP('',(#9452));
#9452 = ORIENTED_EDGE('',*,*,#9453,.T.);
#9453 = EDGE_CURVE('',#9454,#9454,#9456,.T.);
#9454 = VERTEX_POINT('',#9455);
#9455 = CARTESIAN_POINT('',(132.3174,-72.0504,0.));
#9456 = SURFACE_CURVE('',#9457,(#9462,#9473),.PCURVE_S1.);
#9457 = CIRCLE('',#9458,0.4064);
#9458 = AXIS2_PLACEMENT_3D('',#9459,#9460,#9461);
#9459 = CARTESIAN_POINT('',(132.3174,-71.644,0.));
#9460 = DIRECTION('',(-0.,0.,-1.));
#9461 = DIRECTION('',(-6.993530863781E-14,-1.,0.));
#9462 = PCURVE('',#132,#9463);
#9463 = DEFINITIONAL_REPRESENTATION('',(#9464),#9472);
#9464 = ( BOUNDED_CURVE() B_SPLINE_CURVE(2,(#9465,#9466,#9467,#9468,
#9469,#9470,#9471),.UNSPECIFIED.,.T.,.F.) B_SPLINE_CURVE_WITH_KNOTS((1,2
    ,2,2,2,1),(-2.094395102393,0.,2.094395102393,4.188790204786,
6.28318530718,8.377580409573),.UNSPECIFIED.) CURVE() 
GEOMETRIC_REPRESENTATION_ITEM() RATIONAL_B_SPLINE_CURVE((1.,0.5,1.,0.5,
1.,0.5,1.)) REPRESENTATION_ITEM('') );
#9465 = CARTESIAN_POINT('',(132.3174,-72.0504));
#9466 = CARTESIAN_POINT('',(131.6134945518,-72.0504));
#9467 = CARTESIAN_POINT('',(131.9654472759,-71.4408));
#9468 = CARTESIAN_POINT('',(132.3174,-70.8312));
#9469 = CARTESIAN_POINT('',(132.66935272409,-71.4408));
#9470 = CARTESIAN_POINT('',(133.02130544819,-72.0504));
#9471 = CARTESIAN_POINT('',(132.3174,-72.0504));
#9472 = ( GEOMETRIC_REPRESENTATION_CONTEXT(2) 
PARAMETRIC_REPRESENTATION_CONTEXT() REPRESENTATION_CONTEXT('2D SPACE',''
  ) );
#9473 = PCURVE('',#3422,#9474);
#9474 = DEFINITIONAL_REPRESENTATION('',(#9475),#9479);
#9475 = LINE('',#9476,#9477);
#9476 = CARTESIAN_POINT('',(0.,-4.6E-02));
#9477 = VECTOR('',#9478,1.);
#9478 = DIRECTION('',(1.,0.));
#9479 = ( GEOMETRIC_REPRESENTATION_CONTEXT(2) 
PARAMETRIC_REPRESENTATION_CONTEXT() REPRESENTATION_CONTEXT('2D SPACE',''
  ) );
#9480 = FACE_BOUND('',#9481,.F.);
#9481 = EDGE_LOOP('',(#9482));
#9482 = ORIENTED_EDGE('',*,*,#9483,.T.);
#9483 = EDGE_CURVE('',#9484,#9484,#9486,.T.);
#9484 = VERTEX_POINT('',#9485);
#9485 = CARTESIAN_POINT('',(23.780098,-67.762963,0.));
#9486 = SURFACE_CURVE('',#9487,(#9492,#9503),.PCURVE_S1.);
#9487 = CIRCLE('',#9488,0.635);
#9488 = AXIS2_PLACEMENT_3D('',#9489,#9490,#9491);
#9489 = CARTESIAN_POINT('',(23.780098,-67.127963,0.));
#9490 = DIRECTION('',(-0.,0.,-1.));
#9491 = DIRECTION('',(-5.594824691024E-15,-1.,0.));
#9492 = PCURVE('',#132,#9493);
#9493 = DEFINITIONAL_REPRESENTATION('',(#9494),#9502);
#9494 = ( BOUNDED_CURVE() B_SPLINE_CURVE(2,(#9495,#9496,#9497,#9498,
#9499,#9500,#9501),.UNSPECIFIED.,.T.,.F.) B_SPLINE_CURVE_WITH_KNOTS((1,2
    ,2,2,2,1),(-2.094395102393,0.,2.094395102393,4.188790204786,
6.28318530718,8.377580409573),.UNSPECIFIED.) CURVE() 
GEOMETRIC_REPRESENTATION_ITEM() RATIONAL_B_SPLINE_CURVE((1.,0.5,1.,0.5,
1.,0.5,1.)) REPRESENTATION_ITEM('') );
#9495 = CARTESIAN_POINT('',(23.780098,-67.762963));
#9496 = CARTESIAN_POINT('',(22.680245737194,-67.762963));
#9497 = CARTESIAN_POINT('',(23.230171868597,-66.810463));
#9498 = CARTESIAN_POINT('',(23.780098,-65.857963));
#9499 = CARTESIAN_POINT('',(24.330024131403,-66.810463));
#9500 = CARTESIAN_POINT('',(24.879950262806,-67.762963));
#9501 = CARTESIAN_POINT('',(23.780098,-67.762963));
#9502 = ( GEOMETRIC_REPRESENTATION_CONTEXT(2) 
PARAMETRIC_REPRESENTATION_CONTEXT() REPRESENTATION_CONTEXT('2D SPACE',''
  ) );
#9503 = PCURVE('',#3457,#9504);
#9504 = DEFINITIONAL_REPRESENTATION('',(#9505),#9509);
#9505 = LINE('',#9506,#9507);
#9506 = CARTESIAN_POINT('',(0.,-4.6E-02));
#9507 = VECTOR('',#9508,1.);
#9508 = DIRECTION('',(1.,0.));
#9509 = ( GEOMETRIC_REPRESENTATION_CONTEXT(2) 
PARAMETRIC_REPRESENTATION_CONTEXT() REPRESENTATION_CONTEXT('2D SPACE',''
  ) );
#9510 = FACE_BOUND('',#9511,.F.);
#9511 = EDGE_LOOP('',(#9512));
#9512 = ORIENTED_EDGE('',*,*,#9513,.T.);
#9513 = EDGE_CURVE('',#9514,#9514,#9516,.T.);
#9514 = VERTEX_POINT('',#9515);
#9515 = CARTESIAN_POINT('',(29.153247,-68.497312,0.));
#9516 = SURFACE_CURVE('',#9517,(#9522,#9533),.PCURVE_S1.);
#9517 = CIRCLE('',#9518,0.635);
#9518 = AXIS2_PLACEMENT_3D('',#9519,#9520,#9521);
#9519 = CARTESIAN_POINT('',(29.153247,-67.862312,0.));
#9520 = DIRECTION('',(-0.,-0.,-1.));
#9521 = DIRECTION('',(0.,-1.,0.));
#9522 = PCURVE('',#132,#9523);
#9523 = DEFINITIONAL_REPRESENTATION('',(#9524),#9532);
#9524 = ( BOUNDED_CURVE() B_SPLINE_CURVE(2,(#9525,#9526,#9527,#9528,
#9529,#9530,#9531),.UNSPECIFIED.,.T.,.F.) B_SPLINE_CURVE_WITH_KNOTS((1,2
    ,2,2,2,1),(-2.094395102393,0.,2.094395102393,4.188790204786,
6.28318530718,8.377580409573),.UNSPECIFIED.) CURVE() 
GEOMETRIC_REPRESENTATION_ITEM() RATIONAL_B_SPLINE_CURVE((1.,0.5,1.,0.5,
1.,0.5,1.)) REPRESENTATION_ITEM('') );
#9525 = CARTESIAN_POINT('',(29.153247,-68.497312));
#9526 = CARTESIAN_POINT('',(28.053394737194,-68.497312));
#9527 = CARTESIAN_POINT('',(28.603320868597,-67.544812));
#9528 = CARTESIAN_POINT('',(29.153247,-66.592312));
#9529 = CARTESIAN_POINT('',(29.703173131403,-67.544812));
#9530 = CARTESIAN_POINT('',(30.253099262806,-68.497312));
#9531 = CARTESIAN_POINT('',(29.153247,-68.497312));
#9532 = ( GEOMETRIC_REPRESENTATION_CONTEXT(2) 
PARAMETRIC_REPRESENTATION_CONTEXT() REPRESENTATION_CONTEXT('2D SPACE',''
  ) );
#9533 = PCURVE('',#3492,#9534);
#9534 = DEFINITIONAL_REPRESENTATION('',(#9535),#9539);
#9535 = LINE('',#9536,#9537);
#9536 = CARTESIAN_POINT('',(0.,-4.6E-02));
#9537 = VECTOR('',#9538,1.);
#9538 = DIRECTION('',(1.,0.));
#9539 = ( GEOMETRIC_REPRESENTATION_CONTEXT(2) 
PARAMETRIC_REPRESENTATION_CONTEXT() REPRESENTATION_CONTEXT('2D SPACE',''
  ) );
#9540 = FACE_BOUND('',#9541,.F.);
#9541 = EDGE_LOOP('',(#9542));
#9542 = ORIENTED_EDGE('',*,*,#9543,.T.);
#9543 = EDGE_CURVE('',#9544,#9544,#9546,.T.);
#9544 = VERTEX_POINT('',#9545);
#9545 = CARTESIAN_POINT('',(22.313623,-64.437755,0.));
#9546 = SURFACE_CURVE('',#9547,(#9552,#9563),.PCURVE_S1.);
#9547 = CIRCLE('',#9548,0.8509);
#9548 = AXIS2_PLACEMENT_3D('',#9549,#9550,#9551);
#9549 = CARTESIAN_POINT('',(22.313623,-63.586855,0.));
#9550 = DIRECTION('',(-0.,-0.,-1.));
#9551 = DIRECTION('',(0.,-1.,0.));
#9552 = PCURVE('',#132,#9553);
#9553 = DEFINITIONAL_REPRESENTATION('',(#9554),#9562);
#9554 = ( BOUNDED_CURVE() B_SPLINE_CURVE(2,(#9555,#9556,#9557,#9558,
#9559,#9560,#9561),.UNSPECIFIED.,.T.,.F.) B_SPLINE_CURVE_WITH_KNOTS((1,2
    ,2,2,2,1),(-2.094395102393,0.,2.094395102393,4.188790204786,
6.28318530718,8.377580409573),.UNSPECIFIED.) CURVE() 
GEOMETRIC_REPRESENTATION_ITEM() RATIONAL_B_SPLINE_CURVE((1.,0.5,1.,0.5,
1.,0.5,1.)) REPRESENTATION_ITEM('') );
#9555 = CARTESIAN_POINT('',(22.313623,-64.437755));
#9556 = CARTESIAN_POINT('',(20.83982096784,-64.437755));
#9557 = CARTESIAN_POINT('',(21.57672198392,-63.161405));
#9558 = CARTESIAN_POINT('',(22.313623,-61.885055));
#9559 = CARTESIAN_POINT('',(23.05052401608,-63.161405));
#9560 = CARTESIAN_POINT('',(23.78742503216,-64.437755));
#9561 = CARTESIAN_POINT('',(22.313623,-64.437755));
#9562 = ( GEOMETRIC_REPRESENTATION_CONTEXT(2) 
PARAMETRIC_REPRESENTATION_CONTEXT() REPRESENTATION_CONTEXT('2D SPACE',''
  ) );
#9563 = PCURVE('',#3527,#9564);
#9564 = DEFINITIONAL_REPRESENTATION('',(#9565),#9569);
#9565 = LINE('',#9566,#9567);
#9566 = CARTESIAN_POINT('',(0.,-4.6E-02));
#9567 = VECTOR('',#9568,1.);
#9568 = DIRECTION('',(1.,0.));
#9569 = ( GEOMETRIC_REPRESENTATION_CONTEXT(2) 
PARAMETRIC_REPRESENTATION_CONTEXT() REPRESENTATION_CONTEXT('2D SPACE',''
  ) );
#9570 = FACE_BOUND('',#9571,.F.);
#9571 = EDGE_LOOP('',(#9572));
#9572 = ORIENTED_EDGE('',*,*,#9573,.T.);
#9573 = EDGE_CURVE('',#9574,#9574,#9576,.T.);
#9574 = VERTEX_POINT('',#9575);
#9575 = CARTESIAN_POINT('',(27.626215,-63.87785,0.));
#9576 = SURFACE_CURVE('',#9577,(#9582,#9593),.PCURVE_S1.);
#9577 = CIRCLE('',#9578,1.7145);
#9578 = AXIS2_PLACEMENT_3D('',#9579,#9580,#9581);
#9579 = CARTESIAN_POINT('',(27.626215,-62.16335,0.));
#9580 = DIRECTION('',(-0.,0.,-1.));
#9581 = DIRECTION('',(-2.072157292972E-15,-1.,0.));
#9582 = PCURVE('',#132,#9583);
#9583 = DEFINITIONAL_REPRESENTATION('',(#9584),#9592);
#9584 = ( BOUNDED_CURVE() B_SPLINE_CURVE(2,(#9585,#9586,#9587,#9588,
#9589,#9590,#9591),.UNSPECIFIED.,.T.,.F.) B_SPLINE_CURVE_WITH_KNOTS((1,2
    ,2,2,2,1),(-2.094395102393,0.,2.094395102393,4.188790204786,
6.28318530718,8.377580409573),.UNSPECIFIED.) CURVE() 
GEOMETRIC_REPRESENTATION_ITEM() RATIONAL_B_SPLINE_CURVE((1.,0.5,1.,0.5,
1.,0.5,1.)) REPRESENTATION_ITEM('') );
#9585 = CARTESIAN_POINT('',(27.626215,-63.87785));
#9586 = CARTESIAN_POINT('',(24.656613890423,-63.87785));
#9587 = CARTESIAN_POINT('',(26.141414445212,-61.3061));
#9588 = CARTESIAN_POINT('',(27.626215,-58.73435));
#9589 = CARTESIAN_POINT('',(29.111015554788,-61.3061));
#9590 = CARTESIAN_POINT('',(30.595816109577,-63.87785));
#9591 = CARTESIAN_POINT('',(27.626215,-63.87785));
#9592 = ( GEOMETRIC_REPRESENTATION_CONTEXT(2) 
PARAMETRIC_REPRESENTATION_CONTEXT() REPRESENTATION_CONTEXT('2D SPACE',''
  ) );
#9593 = PCURVE('',#3562,#9594);
#9594 = DEFINITIONAL_REPRESENTATION('',(#9595),#9599);
#9595 = LINE('',#9596,#9597);
#9596 = CARTESIAN_POINT('',(0.,-4.6E-02));
#9597 = VECTOR('',#9598,1.);
#9598 = DIRECTION('',(1.,0.));
#9599 = ( GEOMETRIC_REPRESENTATION_CONTEXT(2) 
PARAMETRIC_REPRESENTATION_CONTEXT() REPRESENTATION_CONTEXT('2D SPACE',''
  ) );
#9600 = FACE_BOUND('',#9601,.F.);
#9601 = EDGE_LOOP('',(#9602));
#9602 = ORIENTED_EDGE('',*,*,#9603,.T.);
#9603 = EDGE_CURVE('',#9604,#9604,#9606,.T.);
#9604 = VERTEX_POINT('',#9605);
#9605 = CARTESIAN_POINT('',(45.669271,-64.211321,0.));
#9606 = SURFACE_CURVE('',#9607,(#9612,#9623),.PCURVE_S1.);
#9607 = CIRCLE('',#9608,0.635);
#9608 = AXIS2_PLACEMENT_3D('',#9609,#9610,#9611);
#9609 = CARTESIAN_POINT('',(45.669271,-63.576321,0.));
#9610 = DIRECTION('',(0.,-0.,-1.));
#9611 = DIRECTION('',(1.118964938205E-14,-1.,0.));
#9612 = PCURVE('',#132,#9613);
#9613 = DEFINITIONAL_REPRESENTATION('',(#9614),#9622);
#9614 = ( BOUNDED_CURVE() B_SPLINE_CURVE(2,(#9615,#9616,#9617,#9618,
#9619,#9620,#9621),.UNSPECIFIED.,.T.,.F.) B_SPLINE_CURVE_WITH_KNOTS((1,2
    ,2,2,2,1),(-2.094395102393,0.,2.094395102393,4.188790204786,
6.28318530718,8.377580409573),.UNSPECIFIED.) CURVE() 
GEOMETRIC_REPRESENTATION_ITEM() RATIONAL_B_SPLINE_CURVE((1.,0.5,1.,0.5,
1.,0.5,1.)) REPRESENTATION_ITEM('') );
#9615 = CARTESIAN_POINT('',(45.669271,-64.211321));
#9616 = CARTESIAN_POINT('',(44.569418737194,-64.211321));
#9617 = CARTESIAN_POINT('',(45.119344868597,-63.258821));
#9618 = CARTESIAN_POINT('',(45.669271,-62.306321));
#9619 = CARTESIAN_POINT('',(46.219197131403,-63.258821));
#9620 = CARTESIAN_POINT('',(46.769123262806,-64.211321));
#9621 = CARTESIAN_POINT('',(45.669271,-64.211321));
#9622 = ( GEOMETRIC_REPRESENTATION_CONTEXT(2) 
PARAMETRIC_REPRESENTATION_CONTEXT() REPRESENTATION_CONTEXT('2D SPACE',''
  ) );
#9623 = PCURVE('',#3597,#9624);
#9624 = DEFINITIONAL_REPRESENTATION('',(#9625),#9629);
#9625 = LINE('',#9626,#9627);
#9626 = CARTESIAN_POINT('',(0.,-4.6E-02));
#9627 = VECTOR('',#9628,1.);
#9628 = DIRECTION('',(1.,0.));
#9629 = ( GEOMETRIC_REPRESENTATION_CONTEXT(2) 
PARAMETRIC_REPRESENTATION_CONTEXT() REPRESENTATION_CONTEXT('2D SPACE',''
  ) );
#9630 = FACE_BOUND('',#9631,.F.);
#9631 = EDGE_LOOP('',(#9632));
#9632 = ORIENTED_EDGE('',*,*,#9633,.T.);
#9633 = EDGE_CURVE('',#9634,#9634,#9636,.T.);
#9634 = VERTEX_POINT('',#9635);
#9635 = CARTESIAN_POINT('',(21.497042,-59.952797,0.));
#9636 = SURFACE_CURVE('',#9637,(#9642,#9653),.PCURVE_S1.);
#9637 = CIRCLE('',#9638,0.4953);
#9638 = AXIS2_PLACEMENT_3D('',#9639,#9640,#9641);
#9639 = CARTESIAN_POINT('',(21.497042,-59.457497,0.));
#9640 = DIRECTION('',(-0.,-0.,-1.));
#9641 = DIRECTION('',(0.,-1.,0.));
#9642 = PCURVE('',#132,#9643);
#9643 = DEFINITIONAL_REPRESENTATION('',(#9644),#9652);
#9644 = ( BOUNDED_CURVE() B_SPLINE_CURVE(2,(#9645,#9646,#9647,#9648,
#9649,#9650,#9651),.UNSPECIFIED.,.T.,.F.) B_SPLINE_CURVE_WITH_KNOTS((1,2
    ,2,2,2,1),(-2.094395102393,0.,2.094395102393,4.188790204786,
6.28318530718,8.377580409573),.UNSPECIFIED.) CURVE() 
GEOMETRIC_REPRESENTATION_ITEM() RATIONAL_B_SPLINE_CURVE((1.,0.5,1.,0.5,
1.,0.5,1.)) REPRESENTATION_ITEM('') );
#9645 = CARTESIAN_POINT('',(21.497042,-59.952797));
#9646 = CARTESIAN_POINT('',(20.639157235011,-59.952797));
#9647 = CARTESIAN_POINT('',(21.068099617506,-59.209847));
#9648 = CARTESIAN_POINT('',(21.497042,-58.466897));
#9649 = CARTESIAN_POINT('',(21.925984382494,-59.209847));
#9650 = CARTESIAN_POINT('',(22.354926764989,-59.952797));
#9651 = CARTESIAN_POINT('',(21.497042,-59.952797));
#9652 = ( GEOMETRIC_REPRESENTATION_CONTEXT(2) 
PARAMETRIC_REPRESENTATION_CONTEXT() REPRESENTATION_CONTEXT('2D SPACE',''
  ) );
#9653 = PCURVE('',#3632,#9654);
#9654 = DEFINITIONAL_REPRESENTATION('',(#9655),#9659);
#9655 = LINE('',#9656,#9657);
#9656 = CARTESIAN_POINT('',(0.,-4.6E-02));
#9657 = VECTOR('',#9658,1.);
#9658 = DIRECTION('',(1.,0.));
#9659 = ( GEOMETRIC_REPRESENTATION_CONTEXT(2) 
PARAMETRIC_REPRESENTATION_CONTEXT() REPRESENTATION_CONTEXT('2D SPACE',''
  ) );
#9660 = FACE_BOUND('',#9661,.F.);
#9661 = EDGE_LOOP('',(#9662));
#9662 = ORIENTED_EDGE('',*,*,#9663,.T.);
#9663 = EDGE_CURVE('',#9664,#9664,#9666,.T.);
#9664 = VERTEX_POINT('',#9665);
#9665 = CARTESIAN_POINT('',(32.938807,-61.590745,0.));
#9666 = SURFACE_CURVE('',#9667,(#9672,#9683),.PCURVE_S1.);
#9667 = CIRCLE('',#9668,0.8509);
#9668 = AXIS2_PLACEMENT_3D('',#9669,#9670,#9671);
#9669 = CARTESIAN_POINT('',(32.938807,-60.739845,0.));
#9670 = DIRECTION('',(-0.,-0.,-1.));
#9671 = DIRECTION('',(0.,-1.,0.));
#9672 = PCURVE('',#132,#9673);
#9673 = DEFINITIONAL_REPRESENTATION('',(#9674),#9682);
#9674 = ( BOUNDED_CURVE() B_SPLINE_CURVE(2,(#9675,#9676,#9677,#9678,
#9679,#9680,#9681),.UNSPECIFIED.,.T.,.F.) B_SPLINE_CURVE_WITH_KNOTS((1,2
    ,2,2,2,1),(-2.094395102393,0.,2.094395102393,4.188790204786,
6.28318530718,8.377580409573),.UNSPECIFIED.) CURVE() 
GEOMETRIC_REPRESENTATION_ITEM() RATIONAL_B_SPLINE_CURVE((1.,0.5,1.,0.5,
1.,0.5,1.)) REPRESENTATION_ITEM('') );
#9675 = CARTESIAN_POINT('',(32.938807,-61.590745));
#9676 = CARTESIAN_POINT('',(31.46500496784,-61.590745));
#9677 = CARTESIAN_POINT('',(32.20190598392,-60.314395));
#9678 = CARTESIAN_POINT('',(32.938807,-59.038045));
#9679 = CARTESIAN_POINT('',(33.67570801608,-60.314395));
#9680 = CARTESIAN_POINT('',(34.41260903216,-61.590745));
#9681 = CARTESIAN_POINT('',(32.938807,-61.590745));
#9682 = ( GEOMETRIC_REPRESENTATION_CONTEXT(2) 
PARAMETRIC_REPRESENTATION_CONTEXT() REPRESENTATION_CONTEXT('2D SPACE',''
  ) );
#9683 = PCURVE('',#3667,#9684);
#9684 = DEFINITIONAL_REPRESENTATION('',(#9685),#9689);
#9685 = LINE('',#9686,#9687);
#9686 = CARTESIAN_POINT('',(0.,-4.6E-02));
#9687 = VECTOR('',#9688,1.);
#9688 = DIRECTION('',(1.,0.));
#9689 = ( GEOMETRIC_REPRESENTATION_CONTEXT(2) 
PARAMETRIC_REPRESENTATION_CONTEXT() REPRESENTATION_CONTEXT('2D SPACE',''
  ) );
#9690 = FACE_BOUND('',#9691,.F.);
#9691 = EDGE_LOOP('',(#9692));
#9692 = ORIENTED_EDGE('',*,*,#9693,.T.);
#9693 = EDGE_CURVE('',#9694,#9694,#9696,.T.);
#9694 = VERTEX_POINT('',#9695);
#9695 = CARTESIAN_POINT('',(31.581308,-57.250726,0.));
#9696 = SURFACE_CURVE('',#9697,(#9702,#9713),.PCURVE_S1.);
#9697 = CIRCLE('',#9698,0.4953);
#9698 = AXIS2_PLACEMENT_3D('',#9699,#9700,#9701);
#9699 = CARTESIAN_POINT('',(31.581308,-56.755426,0.));
#9700 = DIRECTION('',(-0.,-0.,-1.));
#9701 = DIRECTION('',(0.,-1.,0.));
#9702 = PCURVE('',#132,#9703);
#9703 = DEFINITIONAL_REPRESENTATION('',(#9704),#9712);
#9704 = ( BOUNDED_CURVE() B_SPLINE_CURVE(2,(#9705,#9706,#9707,#9708,
#9709,#9710,#9711),.UNSPECIFIED.,.T.,.F.) B_SPLINE_CURVE_WITH_KNOTS((1,2
    ,2,2,2,1),(-2.094395102393,0.,2.094395102393,4.188790204786,
6.28318530718,8.377580409573),.UNSPECIFIED.) CURVE() 
GEOMETRIC_REPRESENTATION_ITEM() RATIONAL_B_SPLINE_CURVE((1.,0.5,1.,0.5,
1.,0.5,1.)) REPRESENTATION_ITEM('') );
#9705 = CARTESIAN_POINT('',(31.581308,-57.250726));
#9706 = CARTESIAN_POINT('',(30.723423235011,-57.250726));
#9707 = CARTESIAN_POINT('',(31.152365617506,-56.507776));
#9708 = CARTESIAN_POINT('',(31.581308,-55.764826));
#9709 = CARTESIAN_POINT('',(32.010250382494,-56.507776));
#9710 = CARTESIAN_POINT('',(32.439192764989,-57.250726));
#9711 = CARTESIAN_POINT('',(31.581308,-57.250726));
#9712 = ( GEOMETRIC_REPRESENTATION_CONTEXT(2) 
PARAMETRIC_REPRESENTATION_CONTEXT() REPRESENTATION_CONTEXT('2D SPACE',''
  ) );
#9713 = PCURVE('',#3702,#9714);
#9714 = DEFINITIONAL_REPRESENTATION('',(#9715),#9719);
#9715 = LINE('',#9716,#9717);
#9716 = CARTESIAN_POINT('',(0.,-4.6E-02));
#9717 = VECTOR('',#9718,1.);
#9718 = DIRECTION('',(1.,0.));
#9719 = ( GEOMETRIC_REPRESENTATION_CONTEXT(2) 
PARAMETRIC_REPRESENTATION_CONTEXT() REPRESENTATION_CONTEXT('2D SPACE',''
  ) );
#9720 = FACE_BOUND('',#9721,.F.);
#9721 = EDGE_LOOP('',(#9722));
#9722 = ORIENTED_EDGE('',*,*,#9723,.T.);
#9723 = EDGE_CURVE('',#9724,#9724,#9726,.T.);
#9724 = VERTEX_POINT('',#9725);
#9725 = CARTESIAN_POINT('',(44.905415,-60.671356,0.));
#9726 = SURFACE_CURVE('',#9727,(#9732,#9743),.PCURVE_S1.);
#9727 = CIRCLE('',#9728,0.8509);
#9728 = AXIS2_PLACEMENT_3D('',#9729,#9730,#9731);
#9729 = CARTESIAN_POINT('',(44.905415,-59.820456,0.));
#9730 = DIRECTION('',(-0.,0.,-1.));
#9731 = DIRECTION('',(-8.350484613469E-15,-1.,0.));
#9732 = PCURVE('',#132,#9733);
#9733 = DEFINITIONAL_REPRESENTATION('',(#9734),#9742);
#9734 = ( BOUNDED_CURVE() B_SPLINE_CURVE(2,(#9735,#9736,#9737,#9738,
#9739,#9740,#9741),.UNSPECIFIED.,.T.,.F.) B_SPLINE_CURVE_WITH_KNOTS((1,2
    ,2,2,2,1),(-2.094395102393,0.,2.094395102393,4.188790204786,
6.28318530718,8.377580409573),.UNSPECIFIED.) CURVE() 
GEOMETRIC_REPRESENTATION_ITEM() RATIONAL_B_SPLINE_CURVE((1.,0.5,1.,0.5,
1.,0.5,1.)) REPRESENTATION_ITEM('') );
#9735 = CARTESIAN_POINT('',(44.905415,-60.671356));
#9736 = CARTESIAN_POINT('',(43.43161296784,-60.671356));
#9737 = CARTESIAN_POINT('',(44.16851398392,-59.395006));
#9738 = CARTESIAN_POINT('',(44.905415,-58.118656));
#9739 = CARTESIAN_POINT('',(45.64231601608,-59.395006));
#9740 = CARTESIAN_POINT('',(46.37921703216,-60.671356));
#9741 = CARTESIAN_POINT('',(44.905415,-60.671356));
#9742 = ( GEOMETRIC_REPRESENTATION_CONTEXT(2) 
PARAMETRIC_REPRESENTATION_CONTEXT() REPRESENTATION_CONTEXT('2D SPACE',''
  ) );
#9743 = PCURVE('',#3737,#9744);
#9744 = DEFINITIONAL_REPRESENTATION('',(#9745),#9749);
#9745 = LINE('',#9746,#9747);
#9746 = CARTESIAN_POINT('',(0.,-4.6E-02));
#9747 = VECTOR('',#9748,1.);
#9748 = DIRECTION('',(1.,0.));
#9749 = ( GEOMETRIC_REPRESENTATION_CONTEXT(2) 
PARAMETRIC_REPRESENTATION_CONTEXT() REPRESENTATION_CONTEXT('2D SPACE',''
  ) );
#9750 = FACE_BOUND('',#9751,.F.);
#9751 = EDGE_LOOP('',(#9752));
#9752 = ORIENTED_EDGE('',*,*,#9753,.T.);
#9753 = EDGE_CURVE('',#9754,#9754,#9756,.T.);
#9754 = VERTEX_POINT('',#9755);
#9755 = CARTESIAN_POINT('',(44.891755,-56.106455,0.));
#9756 = SURFACE_CURVE('',#9757,(#9762,#9773),.PCURVE_S1.);
#9757 = CIRCLE('',#9758,0.4953);
#9758 = AXIS2_PLACEMENT_3D('',#9759,#9760,#9761);
#9759 = CARTESIAN_POINT('',(44.891755,-55.611155,0.));
#9760 = DIRECTION('',(-0.,-0.,-1.));
#9761 = DIRECTION('',(0.,-1.,0.));
#9762 = PCURVE('',#132,#9763);
#9763 = DEFINITIONAL_REPRESENTATION('',(#9764),#9772);
#9764 = ( BOUNDED_CURVE() B_SPLINE_CURVE(2,(#9765,#9766,#9767,#9768,
#9769,#9770,#9771),.UNSPECIFIED.,.T.,.F.) B_SPLINE_CURVE_WITH_KNOTS((1,2
    ,2,2,2,1),(-2.094395102393,0.,2.094395102393,4.188790204786,
6.28318530718,8.377580409573),.UNSPECIFIED.) CURVE() 
GEOMETRIC_REPRESENTATION_ITEM() RATIONAL_B_SPLINE_CURVE((1.,0.5,1.,0.5,
1.,0.5,1.)) REPRESENTATION_ITEM('') );
#9765 = CARTESIAN_POINT('',(44.891755,-56.106455));
#9766 = CARTESIAN_POINT('',(44.033870235011,-56.106455));
#9767 = CARTESIAN_POINT('',(44.462812617506,-55.363505));
#9768 = CARTESIAN_POINT('',(44.891755,-54.620555));
#9769 = CARTESIAN_POINT('',(45.320697382494,-55.363505));
#9770 = CARTESIAN_POINT('',(45.749639764989,-56.106455));
#9771 = CARTESIAN_POINT('',(44.891755,-56.106455));
#9772 = ( GEOMETRIC_REPRESENTATION_CONTEXT(2) 
PARAMETRIC_REPRESENTATION_CONTEXT() REPRESENTATION_CONTEXT('2D SPACE',''
  ) );
#9773 = PCURVE('',#3772,#9774);
#9774 = DEFINITIONAL_REPRESENTATION('',(#9775),#9779);
#9775 = LINE('',#9776,#9777);
#9776 = CARTESIAN_POINT('',(0.,-4.6E-02));
#9777 = VECTOR('',#9778,1.);
#9778 = DIRECTION('',(1.,0.));
#9779 = ( GEOMETRIC_REPRESENTATION_CONTEXT(2) 
PARAMETRIC_REPRESENTATION_CONTEXT() REPRESENTATION_CONTEXT('2D SPACE',''
  ) );
#9780 = FACE_BOUND('',#9781,.F.);
#9781 = EDGE_LOOP('',(#9782));
#9782 = ORIENTED_EDGE('',*,*,#9783,.T.);
#9783 = EDGE_CURVE('',#9784,#9784,#9786,.T.);
#9784 = VERTEX_POINT('',#9785);
#9785 = CARTESIAN_POINT('',(50.80358,-65.957423,0.));
#9786 = SURFACE_CURVE('',#9787,(#9792,#9803),.PCURVE_S1.);
#9787 = CIRCLE('',#9788,0.635);
#9788 = AXIS2_PLACEMENT_3D('',#9789,#9790,#9791);
#9789 = CARTESIAN_POINT('',(50.80358,-65.322423,0.));
#9790 = DIRECTION('',(-0.,-0.,-1.));
#9791 = DIRECTION('',(0.,-1.,0.));
#9792 = PCURVE('',#132,#9793);
#9793 = DEFINITIONAL_REPRESENTATION('',(#9794),#9802);
#9794 = ( BOUNDED_CURVE() B_SPLINE_CURVE(2,(#9795,#9796,#9797,#9798,
#9799,#9800,#9801),.UNSPECIFIED.,.T.,.F.) B_SPLINE_CURVE_WITH_KNOTS((1,2
    ,2,2,2,1),(-2.094395102393,0.,2.094395102393,4.188790204786,
6.28318530718,8.377580409573),.UNSPECIFIED.) CURVE() 
GEOMETRIC_REPRESENTATION_ITEM() RATIONAL_B_SPLINE_CURVE((1.,0.5,1.,0.5,
1.,0.5,1.)) REPRESENTATION_ITEM('') );
#9795 = CARTESIAN_POINT('',(50.80358,-65.957423));
#9796 = CARTESIAN_POINT('',(49.703727737194,-65.957423));
#9797 = CARTESIAN_POINT('',(50.253653868597,-65.004923));
#9798 = CARTESIAN_POINT('',(50.80358,-64.052423));
#9799 = CARTESIAN_POINT('',(51.353506131403,-65.004923));
#9800 = CARTESIAN_POINT('',(51.903432262806,-65.957423));
#9801 = CARTESIAN_POINT('',(50.80358,-65.957423));
#9802 = ( GEOMETRIC_REPRESENTATION_CONTEXT(2) 
PARAMETRIC_REPRESENTATION_CONTEXT() REPRESENTATION_CONTEXT('2D SPACE',''
  ) );
#9803 = PCURVE('',#3807,#9804);
#9804 = DEFINITIONAL_REPRESENTATION('',(#9805),#9809);
#9805 = LINE('',#9806,#9807);
#9806 = CARTESIAN_POINT('',(0.,-4.6E-02));
#9807 = VECTOR('',#9808,1.);
#9808 = DIRECTION('',(1.,0.));
#9809 = ( GEOMETRIC_REPRESENTATION_CONTEXT(2) 
PARAMETRIC_REPRESENTATION_CONTEXT() REPRESENTATION_CONTEXT('2D SPACE',''
  ) );
#9810 = FACE_BOUND('',#9811,.F.);
#9811 = EDGE_LOOP('',(#9812));
#9812 = ORIENTED_EDGE('',*,*,#9813,.T.);
#9813 = EDGE_CURVE('',#9814,#9814,#9816,.T.);
#9814 = VERTEX_POINT('',#9815);
#9815 = CARTESIAN_POINT('',(64.438,-71.2089,0.));
#9816 = SURFACE_CURVE('',#9817,(#9822,#9833),.PCURVE_S1.);
#9817 = CIRCLE('',#9818,0.8509);
#9818 = AXIS2_PLACEMENT_3D('',#9819,#9820,#9821);
#9819 = CARTESIAN_POINT('',(64.438,-70.358,0.));
#9820 = DIRECTION('',(-0.,-0.,-1.));
#9821 = DIRECTION('',(0.,-1.,0.));
#9822 = PCURVE('',#132,#9823);
#9823 = DEFINITIONAL_REPRESENTATION('',(#9824),#9832);
#9824 = ( BOUNDED_CURVE() B_SPLINE_CURVE(2,(#9825,#9826,#9827,#9828,
#9829,#9830,#9831),.UNSPECIFIED.,.T.,.F.) B_SPLINE_CURVE_WITH_KNOTS((1,2
    ,2,2,2,1),(-2.094395102393,0.,2.094395102393,4.188790204786,
6.28318530718,8.377580409573),.UNSPECIFIED.) CURVE() 
GEOMETRIC_REPRESENTATION_ITEM() RATIONAL_B_SPLINE_CURVE((1.,0.5,1.,0.5,
1.,0.5,1.)) REPRESENTATION_ITEM('') );
#9825 = CARTESIAN_POINT('',(64.438,-71.2089));
#9826 = CARTESIAN_POINT('',(62.96419796784,-71.2089));
#9827 = CARTESIAN_POINT('',(63.70109898392,-69.93255));
#9828 = CARTESIAN_POINT('',(64.438,-68.6562));
#9829 = CARTESIAN_POINT('',(65.17490101608,-69.93255));
#9830 = CARTESIAN_POINT('',(65.91180203216,-71.2089));
#9831 = CARTESIAN_POINT('',(64.438,-71.2089));
#9832 = ( GEOMETRIC_REPRESENTATION_CONTEXT(2) 
PARAMETRIC_REPRESENTATION_CONTEXT() REPRESENTATION_CONTEXT('2D SPACE',''
  ) );
#9833 = PCURVE('',#3842,#9834);
#9834 = DEFINITIONAL_REPRESENTATION('',(#9835),#9839);
#9835 = LINE('',#9836,#9837);
#9836 = CARTESIAN_POINT('',(0.,-4.6E-02));
#9837 = VECTOR('',#9838,1.);
#9838 = DIRECTION('',(1.,0.));
#9839 = ( GEOMETRIC_REPRESENTATION_CONTEXT(2) 
PARAMETRIC_REPRESENTATION_CONTEXT() REPRESENTATION_CONTEXT('2D SPACE',''
  ) );
#9840 = FACE_BOUND('',#9841,.F.);
#9841 = EDGE_LOOP('',(#9842));
#9842 = ORIENTED_EDGE('',*,*,#9843,.T.);
#9843 = EDGE_CURVE('',#9844,#9844,#9846,.T.);
#9844 = VERTEX_POINT('',#9845);
#9845 = CARTESIAN_POINT('',(64.718,-66.6533,0.));
#9846 = SURFACE_CURVE('',#9847,(#9852,#9863),.PCURVE_S1.);
#9847 = CIRCLE('',#9848,0.4953);
#9848 = AXIS2_PLACEMENT_3D('',#9849,#9850,#9851);
#9849 = CARTESIAN_POINT('',(64.718,-66.158,0.));
#9850 = DIRECTION('',(-0.,-0.,-1.));
#9851 = DIRECTION('',(0.,-1.,0.));
#9852 = PCURVE('',#132,#9853);
#9853 = DEFINITIONAL_REPRESENTATION('',(#9854),#9862);
#9854 = ( BOUNDED_CURVE() B_SPLINE_CURVE(2,(#9855,#9856,#9857,#9858,
#9859,#9860,#9861),.UNSPECIFIED.,.T.,.F.) B_SPLINE_CURVE_WITH_KNOTS((1,2
    ,2,2,2,1),(-2.094395102393,0.,2.094395102393,4.188790204786,
6.28318530718,8.377580409573),.UNSPECIFIED.) CURVE() 
GEOMETRIC_REPRESENTATION_ITEM() RATIONAL_B_SPLINE_CURVE((1.,0.5,1.,0.5,
1.,0.5,1.)) REPRESENTATION_ITEM('') );
#9855 = CARTESIAN_POINT('',(64.718,-66.6533));
#9856 = CARTESIAN_POINT('',(63.860115235011,-66.6533));
#9857 = CARTESIAN_POINT('',(64.289057617506,-65.91035));
#9858 = CARTESIAN_POINT('',(64.718,-65.1674));
#9859 = CARTESIAN_POINT('',(65.146942382494,-65.91035));
#9860 = CARTESIAN_POINT('',(65.575884764989,-66.6533));
#9861 = CARTESIAN_POINT('',(64.718,-66.6533));
#9862 = ( GEOMETRIC_REPRESENTATION_CONTEXT(2) 
PARAMETRIC_REPRESENTATION_CONTEXT() REPRESENTATION_CONTEXT('2D SPACE',''
  ) );
#9863 = PCURVE('',#3877,#9864);
#9864 = DEFINITIONAL_REPRESENTATION('',(#9865),#9869);
#9865 = LINE('',#9866,#9867);
#9866 = CARTESIAN_POINT('',(0.,-4.6E-02));
#9867 = VECTOR('',#9868,1.);
#9868 = DIRECTION('',(1.,0.));
#9869 = ( GEOMETRIC_REPRESENTATION_CONTEXT(2) 
PARAMETRIC_REPRESENTATION_CONTEXT() REPRESENTATION_CONTEXT('2D SPACE',''
  ) );
#9870 = FACE_BOUND('',#9871,.F.);
#9871 = EDGE_LOOP('',(#9872));
#9872 = ORIENTED_EDGE('',*,*,#9873,.T.);
#9873 = EDGE_CURVE('',#9874,#9874,#9876,.T.);
#9874 = VERTEX_POINT('',#9875);
#9875 = CARTESIAN_POINT('',(69.938,-72.0725,0.));
#9876 = SURFACE_CURVE('',#9877,(#9882,#9893),.PCURVE_S1.);
#9877 = CIRCLE('',#9878,1.7145);
#9878 = AXIS2_PLACEMENT_3D('',#9879,#9880,#9881);
#9879 = CARTESIAN_POINT('',(69.938,-70.358,0.));
#9880 = DIRECTION('',(-0.,-0.,-1.));
#9881 = DIRECTION('',(0.,-1.,0.));
#9882 = PCURVE('',#132,#9883);
#9883 = DEFINITIONAL_REPRESENTATION('',(#9884),#9892);
#9884 = ( BOUNDED_CURVE() B_SPLINE_CURVE(2,(#9885,#9886,#9887,#9888,
#9889,#9890,#9891),.UNSPECIFIED.,.T.,.F.) B_SPLINE_CURVE_WITH_KNOTS((1,2
    ,2,2,2,1),(-2.094395102393,0.,2.094395102393,4.188790204786,
6.28318530718,8.377580409573),.UNSPECIFIED.) CURVE() 
GEOMETRIC_REPRESENTATION_ITEM() RATIONAL_B_SPLINE_CURVE((1.,0.5,1.,0.5,
1.,0.5,1.)) REPRESENTATION_ITEM('') );
#9885 = CARTESIAN_POINT('',(69.938,-72.0725));
#9886 = CARTESIAN_POINT('',(66.968398890423,-72.0725));
#9887 = CARTESIAN_POINT('',(68.453199445212,-69.50075));
#9888 = CARTESIAN_POINT('',(69.938,-66.929));
#9889 = CARTESIAN_POINT('',(71.422800554788,-69.50075));
#9890 = CARTESIAN_POINT('',(72.907601109577,-72.0725));
#9891 = CARTESIAN_POINT('',(69.938,-72.0725));
#9892 = ( GEOMETRIC_REPRESENTATION_CONTEXT(2) 
PARAMETRIC_REPRESENTATION_CONTEXT() REPRESENTATION_CONTEXT('2D SPACE',''
  ) );
#9893 = PCURVE('',#3912,#9894);
#9894 = DEFINITIONAL_REPRESENTATION('',(#9895),#9899);
#9895 = LINE('',#9896,#9897);
#9896 = CARTESIAN_POINT('',(0.,-4.6E-02));
#9897 = VECTOR('',#9898,1.);
#9898 = DIRECTION('',(1.,0.));
#9899 = ( GEOMETRIC_REPRESENTATION_CONTEXT(2) 
PARAMETRIC_REPRESENTATION_CONTEXT() REPRESENTATION_CONTEXT('2D SPACE',''
  ) );
#9900 = FACE_BOUND('',#9901,.F.);
#9901 = EDGE_LOOP('',(#9902));
#9902 = ORIENTED_EDGE('',*,*,#9903,.T.);
#9903 = EDGE_CURVE('',#9904,#9904,#9906,.T.);
#9904 = VERTEX_POINT('',#9905);
#9905 = CARTESIAN_POINT('',(75.438,-71.2089,0.));
#9906 = SURFACE_CURVE('',#9907,(#9912,#9923),.PCURVE_S1.);
#9907 = CIRCLE('',#9908,0.8509);
#9908 = AXIS2_PLACEMENT_3D('',#9909,#9910,#9911);
#9909 = CARTESIAN_POINT('',(75.438,-70.358,0.));
#9910 = DIRECTION('',(-0.,-0.,-1.));
#9911 = DIRECTION('',(0.,-1.,0.));
#9912 = PCURVE('',#132,#9913);
#9913 = DEFINITIONAL_REPRESENTATION('',(#9914),#9922);
#9914 = ( BOUNDED_CURVE() B_SPLINE_CURVE(2,(#9915,#9916,#9917,#9918,
#9919,#9920,#9921),.UNSPECIFIED.,.T.,.F.) B_SPLINE_CURVE_WITH_KNOTS((1,2
    ,2,2,2,1),(-2.094395102393,0.,2.094395102393,4.188790204786,
6.28318530718,8.377580409573),.UNSPECIFIED.) CURVE() 
GEOMETRIC_REPRESENTATION_ITEM() RATIONAL_B_SPLINE_CURVE((1.,0.5,1.,0.5,
1.,0.5,1.)) REPRESENTATION_ITEM('') );
#9915 = CARTESIAN_POINT('',(75.438,-71.2089));
#9916 = CARTESIAN_POINT('',(73.96419796784,-71.2089));
#9917 = CARTESIAN_POINT('',(74.70109898392,-69.93255));
#9918 = CARTESIAN_POINT('',(75.438,-68.6562));
#9919 = CARTESIAN_POINT('',(76.17490101608,-69.93255));
#9920 = CARTESIAN_POINT('',(76.91180203216,-71.2089));
#9921 = CARTESIAN_POINT('',(75.438,-71.2089));
#9922 = ( GEOMETRIC_REPRESENTATION_CONTEXT(2) 
PARAMETRIC_REPRESENTATION_CONTEXT() REPRESENTATION_CONTEXT('2D SPACE',''
  ) );
#9923 = PCURVE('',#3947,#9924);
#9924 = DEFINITIONAL_REPRESENTATION('',(#9925),#9929);
#9925 = LINE('',#9926,#9927);
#9926 = CARTESIAN_POINT('',(0.,-4.6E-02));
#9927 = VECTOR('',#9928,1.);
#9928 = DIRECTION('',(1.,0.));
#9929 = ( GEOMETRIC_REPRESENTATION_CONTEXT(2) 
PARAMETRIC_REPRESENTATION_CONTEXT() REPRESENTATION_CONTEXT('2D SPACE',''
  ) );
#9930 = FACE_BOUND('',#9931,.F.);
#9931 = EDGE_LOOP('',(#9932));
#9932 = ORIENTED_EDGE('',*,*,#9933,.T.);
#9933 = EDGE_CURVE('',#9934,#9934,#9936,.T.);
#9934 = VERTEX_POINT('',#9935);
#9935 = CARTESIAN_POINT('',(75.158,-66.6533,0.));
#9936 = SURFACE_CURVE('',#9937,(#9942,#9953),.PCURVE_S1.);
#9937 = CIRCLE('',#9938,0.4953);
#9938 = AXIS2_PLACEMENT_3D('',#9939,#9940,#9941);
#9939 = CARTESIAN_POINT('',(75.158,-66.158,0.));
#9940 = DIRECTION('',(-0.,-0.,-1.));
#9941 = DIRECTION('',(0.,-1.,0.));
#9942 = PCURVE('',#132,#9943);
#9943 = DEFINITIONAL_REPRESENTATION('',(#9944),#9952);
#9944 = ( BOUNDED_CURVE() B_SPLINE_CURVE(2,(#9945,#9946,#9947,#9948,
#9949,#9950,#9951),.UNSPECIFIED.,.T.,.F.) B_SPLINE_CURVE_WITH_KNOTS((1,2
    ,2,2,2,1),(-2.094395102393,0.,2.094395102393,4.188790204786,
6.28318530718,8.377580409573),.UNSPECIFIED.) CURVE() 
GEOMETRIC_REPRESENTATION_ITEM() RATIONAL_B_SPLINE_CURVE((1.,0.5,1.,0.5,
1.,0.5,1.)) REPRESENTATION_ITEM('') );
#9945 = CARTESIAN_POINT('',(75.158,-66.6533));
#9946 = CARTESIAN_POINT('',(74.300115235011,-66.6533));
#9947 = CARTESIAN_POINT('',(74.729057617506,-65.91035));
#9948 = CARTESIAN_POINT('',(75.158,-65.1674));
#9949 = CARTESIAN_POINT('',(75.586942382494,-65.91035));
#9950 = CARTESIAN_POINT('',(76.015884764989,-66.6533));
#9951 = CARTESIAN_POINT('',(75.158,-66.6533));
#9952 = ( GEOMETRIC_REPRESENTATION_CONTEXT(2) 
PARAMETRIC_REPRESENTATION_CONTEXT() REPRESENTATION_CONTEXT('2D SPACE',''
  ) );
#9953 = PCURVE('',#3982,#9954);
#9954 = DEFINITIONAL_REPRESENTATION('',(#9955),#9959);
#9955 = LINE('',#9956,#9957);
#9956 = CARTESIAN_POINT('',(0.,-4.6E-02));
#9957 = VECTOR('',#9958,1.);
#9958 = DIRECTION('',(1.,0.));
#9959 = ( GEOMETRIC_REPRESENTATION_CONTEXT(2) 
PARAMETRIC_REPRESENTATION_CONTEXT() REPRESENTATION_CONTEXT('2D SPACE',''
  ) );
#9960 = FACE_BOUND('',#9961,.F.);
#9961 = EDGE_LOOP('',(#9962));
#9962 = ORIENTED_EDGE('',*,*,#9963,.T.);
#9963 = EDGE_CURVE('',#9964,#9964,#9966,.T.);
#9964 = VERTEX_POINT('',#9965);
#9965 = CARTESIAN_POINT('',(50.392017,-61.151295,0.));
#9966 = SURFACE_CURVE('',#9967,(#9972,#9983),.PCURVE_S1.);
#9967 = CIRCLE('',#9968,1.7145);
#9968 = AXIS2_PLACEMENT_3D('',#9969,#9970,#9971);
#9969 = CARTESIAN_POINT('',(50.392017,-59.436795,0.));
#9970 = DIRECTION('',(0.,-0.,-1.));
#9971 = DIRECTION('',(4.144314585944E-15,-1.,0.));
#9972 = PCURVE('',#132,#9973);
#9973 = DEFINITIONAL_REPRESENTATION('',(#9974),#9982);
#9974 = ( BOUNDED_CURVE() B_SPLINE_CURVE(2,(#9975,#9976,#9977,#9978,
#9979,#9980,#9981),.UNSPECIFIED.,.T.,.F.) B_SPLINE_CURVE_WITH_KNOTS((1,2
    ,2,2,2,1),(-2.094395102393,0.,2.094395102393,4.188790204786,
6.28318530718,8.377580409573),.UNSPECIFIED.) CURVE() 
GEOMETRIC_REPRESENTATION_ITEM() RATIONAL_B_SPLINE_CURVE((1.,0.5,1.,0.5,
1.,0.5,1.)) REPRESENTATION_ITEM('') );
#9975 = CARTESIAN_POINT('',(50.392017,-61.151295));
#9976 = CARTESIAN_POINT('',(47.422415890423,-61.151295));
#9977 = CARTESIAN_POINT('',(48.907216445212,-58.579545));
#9978 = CARTESIAN_POINT('',(50.392017,-56.007795));
#9979 = CARTESIAN_POINT('',(51.876817554788,-58.579545));
#9980 = CARTESIAN_POINT('',(53.361618109577,-61.151295));
#9981 = CARTESIAN_POINT('',(50.392017,-61.151295));
#9982 = ( GEOMETRIC_REPRESENTATION_CONTEXT(2) 
PARAMETRIC_REPRESENTATION_CONTEXT() REPRESENTATION_CONTEXT('2D SPACE',''
  ) );
#9983 = PCURVE('',#4017,#9984);
#9984 = DEFINITIONAL_REPRESENTATION('',(#9985),#9989);
#9985 = LINE('',#9986,#9987);
#9986 = CARTESIAN_POINT('',(0.,-4.6E-02));
#9987 = VECTOR('',#9988,1.);
#9988 = DIRECTION('',(1.,0.));
#9989 = ( GEOMETRIC_REPRESENTATION_CONTEXT(2) 
PARAMETRIC_REPRESENTATION_CONTEXT() REPRESENTATION_CONTEXT('2D SPACE',''
  ) );
#9990 = FACE_BOUND('',#9991,.F.);
#9991 = EDGE_LOOP('',(#9992));
#9992 = ORIENTED_EDGE('',*,*,#9993,.T.);
#9993 = EDGE_CURVE('',#9994,#9994,#9996,.T.);
#9994 = VERTEX_POINT('',#9995);
#9995 = CARTESIAN_POINT('',(55.878619,-59.904034,0.));
#9996 = SURFACE_CURVE('',#9997,(#10002,#10013),.PCURVE_S1.);
#9997 = CIRCLE('',#9998,0.8509);
#9998 = AXIS2_PLACEMENT_3D('',#9999,#10000,#10001);
#9999 = CARTESIAN_POINT('',(55.878619,-59.053134,0.));
#10000 = DIRECTION('',(-0.,-0.,-1.));
#10001 = DIRECTION('',(0.,-1.,0.));
#10002 = PCURVE('',#132,#10003);
#10003 = DEFINITIONAL_REPRESENTATION('',(#10004),#10012);
#10004 = ( BOUNDED_CURVE() B_SPLINE_CURVE(2,(#10005,#10006,#10007,#10008
    ,#10009,#10010,#10011),.UNSPECIFIED.,.T.,.F.) 
B_SPLINE_CURVE_WITH_KNOTS((1,2,2,2,2,1),(-2.094395102393,0.,
    2.094395102393,4.188790204786,6.28318530718,8.377580409573),
.UNSPECIFIED.) CURVE() GEOMETRIC_REPRESENTATION_ITEM() 
RATIONAL_B_SPLINE_CURVE((1.,0.5,1.,0.5,1.,0.5,1.)) REPRESENTATION_ITEM(
  '') );
#10005 = CARTESIAN_POINT('',(55.878619,-59.904034));
#10006 = CARTESIAN_POINT('',(54.40481696784,-59.904034));
#10007 = CARTESIAN_POINT('',(55.14171798392,-58.627684));
#10008 = CARTESIAN_POINT('',(55.878619,-57.351334));
#10009 = CARTESIAN_POINT('',(56.61552001608,-58.627684));
#10010 = CARTESIAN_POINT('',(57.35242103216,-59.904034));
#10011 = CARTESIAN_POINT('',(55.878619,-59.904034));
#10012 = ( GEOMETRIC_REPRESENTATION_CONTEXT(2) 
PARAMETRIC_REPRESENTATION_CONTEXT() REPRESENTATION_CONTEXT('2D SPACE',''
  ) );
#10013 = PCURVE('',#4052,#10014);
#10014 = DEFINITIONAL_REPRESENTATION('',(#10015),#10019);
#10015 = LINE('',#10016,#10017);
#10016 = CARTESIAN_POINT('',(0.,-4.6E-02));
#10017 = VECTOR('',#10018,1.);
#10018 = DIRECTION('',(1.,0.));
#10019 = ( GEOMETRIC_REPRESENTATION_CONTEXT(2) 
PARAMETRIC_REPRESENTATION_CONTEXT() REPRESENTATION_CONTEXT('2D SPACE',''
  ) );
#10020 = FACE_BOUND('',#10021,.F.);
#10021 = EDGE_LOOP('',(#10022));
#10022 = ORIENTED_EDGE('',*,*,#10023,.T.);
#10023 = EDGE_CURVE('',#10024,#10024,#10026,.T.);
#10024 = VERTEX_POINT('',#10025);
#10025 = CARTESIAN_POINT('',(55.306324,-55.378197,0.));
#10026 = SURFACE_CURVE('',#10027,(#10032,#10043),.PCURVE_S1.);
#10027 = CIRCLE('',#10028,0.4953);
#10028 = AXIS2_PLACEMENT_3D('',#10029,#10030,#10031);
#10029 = CARTESIAN_POINT('',(55.306324,-54.882897,0.));
#10030 = DIRECTION('',(-0.,0.,-1.));
#10031 = DIRECTION('',(-1.434570433596E-14,-1.,0.));
#10032 = PCURVE('',#132,#10033);
#10033 = DEFINITIONAL_REPRESENTATION('',(#10034),#10042);
#10034 = ( BOUNDED_CURVE() B_SPLINE_CURVE(2,(#10035,#10036,#10037,#10038
    ,#10039,#10040,#10041),.UNSPECIFIED.,.T.,.F.) 
B_SPLINE_CURVE_WITH_KNOTS((1,2,2,2,2,1),(-2.094395102393,0.,
    2.094395102393,4.188790204786,6.28318530718,8.377580409573),
.UNSPECIFIED.) CURVE() GEOMETRIC_REPRESENTATION_ITEM() 
RATIONAL_B_SPLINE_CURVE((1.,0.5,1.,0.5,1.,0.5,1.)) REPRESENTATION_ITEM(
  '') );
#10035 = CARTESIAN_POINT('',(55.306324,-55.378197));
#10036 = CARTESIAN_POINT('',(54.448439235011,-55.378197));
#10037 = CARTESIAN_POINT('',(54.877381617506,-54.635247));
#10038 = CARTESIAN_POINT('',(55.306324,-53.892297));
#10039 = CARTESIAN_POINT('',(55.735266382494,-54.635247));
#10040 = CARTESIAN_POINT('',(56.164208764989,-55.378197));
#10041 = CARTESIAN_POINT('',(55.306324,-55.378197));
#10042 = ( GEOMETRIC_REPRESENTATION_CONTEXT(2) 
PARAMETRIC_REPRESENTATION_CONTEXT() REPRESENTATION_CONTEXT('2D SPACE',''
  ) );
#10043 = PCURVE('',#4087,#10044);
#10044 = DEFINITIONAL_REPRESENTATION('',(#10045),#10049);
#10045 = LINE('',#10046,#10047);
#10046 = CARTESIAN_POINT('',(0.,-4.6E-02));
#10047 = VECTOR('',#10048,1.);
#10048 = DIRECTION('',(1.,0.));
#10049 = ( GEOMETRIC_REPRESENTATION_CONTEXT(2) 
PARAMETRIC_REPRESENTATION_CONTEXT() REPRESENTATION_CONTEXT('2D SPACE',''
  ) );
#10050 = FACE_BOUND('',#10051,.F.);
#10051 = EDGE_LOOP('',(#10052));
#10052 = ORIENTED_EDGE('',*,*,#10053,.T.);
#10053 = EDGE_CURVE('',#10054,#10054,#10056,.T.);
#10054 = VERTEX_POINT('',#10055);
#10055 = CARTESIAN_POINT('',(60.388,-53.224,0.));
#10056 = SURFACE_CURVE('',#10057,(#10062,#10073),.PCURVE_S1.);
#10057 = CIRCLE('',#10058,1.1);
#10058 = AXIS2_PLACEMENT_3D('',#10059,#10060,#10061);
#10059 = CARTESIAN_POINT('',(60.388,-52.124,0.));
#10060 = DIRECTION('',(-0.,-0.,-1.));
#10061 = DIRECTION('',(0.,-1.,0.));
#10062 = PCURVE('',#132,#10063);
#10063 = DEFINITIONAL_REPRESENTATION('',(#10064),#10072);
#10064 = ( BOUNDED_CURVE() B_SPLINE_CURVE(2,(#10065,#10066,#10067,#10068
    ,#10069,#10070,#10071),.UNSPECIFIED.,.T.,.F.) 
B_SPLINE_CURVE_WITH_KNOTS((1,2,2,2,2,1),(-2.094395102393,0.,
    2.094395102393,4.188790204786,6.28318530718,8.377580409573),
.UNSPECIFIED.) CURVE() GEOMETRIC_REPRESENTATION_ITEM() 
RATIONAL_B_SPLINE_CURVE((1.,0.5,1.,0.5,1.,0.5,1.)) REPRESENTATION_ITEM(
  '') );
#10065 = CARTESIAN_POINT('',(60.388,-53.224));
#10066 = CARTESIAN_POINT('',(58.482744111674,-53.224));
#10067 = CARTESIAN_POINT('',(59.435372055837,-51.574));
#10068 = CARTESIAN_POINT('',(60.388,-49.924));
#10069 = CARTESIAN_POINT('',(61.340627944163,-51.574));
#10070 = CARTESIAN_POINT('',(62.293255888326,-53.224));
#10071 = CARTESIAN_POINT('',(60.388,-53.224));
#10072 = ( GEOMETRIC_REPRESENTATION_CONTEXT(2) 
PARAMETRIC_REPRESENTATION_CONTEXT() REPRESENTATION_CONTEXT('2D SPACE',''
  ) );
#10073 = PCURVE('',#4122,#10074);
#10074 = DEFINITIONAL_REPRESENTATION('',(#10075),#10079);
#10075 = LINE('',#10076,#10077);
#10076 = CARTESIAN_POINT('',(0.,-4.6E-02));
#10077 = VECTOR('',#10078,1.);
#10078 = DIRECTION('',(1.,0.));
#10079 = ( GEOMETRIC_REPRESENTATION_CONTEXT(2) 
PARAMETRIC_REPRESENTATION_CONTEXT() REPRESENTATION_CONTEXT('2D SPACE',''
  ) );
#10080 = FACE_BOUND('',#10081,.F.);
#10081 = EDGE_LOOP('',(#10082));
#10082 = ORIENTED_EDGE('',*,*,#10083,.T.);
#10083 = EDGE_CURVE('',#10084,#10084,#10086,.T.);
#10084 = VERTEX_POINT('',#10085);
#10085 = CARTESIAN_POINT('',(64.938,-57.775,0.));
#10086 = SURFACE_CURVE('',#10087,(#10092,#10103),.PCURVE_S1.);
#10087 = CIRCLE('',#10088,0.635);
#10088 = AXIS2_PLACEMENT_3D('',#10089,#10090,#10091);
#10089 = CARTESIAN_POINT('',(64.938,-57.14,0.));
#10090 = DIRECTION('',(0.,-0.,-1.));
#10091 = DIRECTION('',(2.23792987641E-14,-1.,0.));
#10092 = PCURVE('',#132,#10093);
#10093 = DEFINITIONAL_REPRESENTATION('',(#10094),#10102);
#10094 = ( BOUNDED_CURVE() B_SPLINE_CURVE(2,(#10095,#10096,#10097,#10098
    ,#10099,#10100,#10101),.UNSPECIFIED.,.T.,.F.) 
B_SPLINE_CURVE_WITH_KNOTS((1,2,2,2,2,1),(-2.094395102393,0.,
    2.094395102393,4.188790204786,6.28318530718,8.377580409573),
.UNSPECIFIED.) CURVE() GEOMETRIC_REPRESENTATION_ITEM() 
RATIONAL_B_SPLINE_CURVE((1.,0.5,1.,0.5,1.,0.5,1.)) REPRESENTATION_ITEM(
  '') );
#10095 = CARTESIAN_POINT('',(64.938,-57.775));
#10096 = CARTESIAN_POINT('',(63.838147737194,-57.775));
#10097 = CARTESIAN_POINT('',(64.388073868597,-56.8225));
#10098 = CARTESIAN_POINT('',(64.938,-55.87));
#10099 = CARTESIAN_POINT('',(65.487926131403,-56.8225));
#10100 = CARTESIAN_POINT('',(66.037852262806,-57.775));
#10101 = CARTESIAN_POINT('',(64.938,-57.775));
#10102 = ( GEOMETRIC_REPRESENTATION_CONTEXT(2) 
PARAMETRIC_REPRESENTATION_CONTEXT() REPRESENTATION_CONTEXT('2D SPACE',''
  ) );
#10103 = PCURVE('',#4157,#10104);
#10104 = DEFINITIONAL_REPRESENTATION('',(#10105),#10109);
#10105 = LINE('',#10106,#10107);
#10106 = CARTESIAN_POINT('',(0.,-4.6E-02));
#10107 = VECTOR('',#10108,1.);
#10108 = DIRECTION('',(1.,0.));
#10109 = ( GEOMETRIC_REPRESENTATION_CONTEXT(2) 
PARAMETRIC_REPRESENTATION_CONTEXT() REPRESENTATION_CONTEXT('2D SPACE',''
  ) );
#10110 = FACE_BOUND('',#10111,.F.);
#10111 = EDGE_LOOP('',(#10112));
#10112 = ORIENTED_EDGE('',*,*,#10113,.T.);
#10113 = EDGE_CURVE('',#10114,#10114,#10116,.T.);
#10114 = VERTEX_POINT('',#10115);
#10115 = CARTESIAN_POINT('',(69.938,-59.875,0.));
#10116 = SURFACE_CURVE('',#10117,(#10122,#10133),.PCURVE_S1.);
#10117 = CIRCLE('',#10118,0.635);
#10118 = AXIS2_PLACEMENT_3D('',#10119,#10120,#10121);
#10119 = CARTESIAN_POINT('',(69.938,-59.24,0.));
#10120 = DIRECTION('',(0.,-0.,-1.));
#10121 = DIRECTION('',(2.23792987641E-14,-1.,0.));
#10122 = PCURVE('',#132,#10123);
#10123 = DEFINITIONAL_REPRESENTATION('',(#10124),#10132);
#10124 = ( BOUNDED_CURVE() B_SPLINE_CURVE(2,(#10125,#10126,#10127,#10128
    ,#10129,#10130,#10131),.UNSPECIFIED.,.T.,.F.) 
B_SPLINE_CURVE_WITH_KNOTS((1,2,2,2,2,1),(-2.094395102393,0.,
    2.094395102393,4.188790204786,6.28318530718,8.377580409573),
.UNSPECIFIED.) CURVE() GEOMETRIC_REPRESENTATION_ITEM() 
RATIONAL_B_SPLINE_CURVE((1.,0.5,1.,0.5,1.,0.5,1.)) REPRESENTATION_ITEM(
  '') );
#10125 = CARTESIAN_POINT('',(69.938,-59.875));
#10126 = CARTESIAN_POINT('',(68.838147737194,-59.875));
#10127 = CARTESIAN_POINT('',(69.388073868597,-58.9225));
#10128 = CARTESIAN_POINT('',(69.938,-57.97));
#10129 = CARTESIAN_POINT('',(70.487926131403,-58.9225));
#10130 = CARTESIAN_POINT('',(71.037852262806,-59.875));
#10131 = CARTESIAN_POINT('',(69.938,-59.875));
#10132 = ( GEOMETRIC_REPRESENTATION_CONTEXT(2) 
PARAMETRIC_REPRESENTATION_CONTEXT() REPRESENTATION_CONTEXT('2D SPACE',''
  ) );
#10133 = PCURVE('',#4192,#10134);
#10134 = DEFINITIONAL_REPRESENTATION('',(#10135),#10139);
#10135 = LINE('',#10136,#10137);
#10136 = CARTESIAN_POINT('',(0.,-4.6E-02));
#10137 = VECTOR('',#10138,1.);
#10138 = DIRECTION('',(1.,0.));
#10139 = ( GEOMETRIC_REPRESENTATION_CONTEXT(2) 
PARAMETRIC_REPRESENTATION_CONTEXT() REPRESENTATION_CONTEXT('2D SPACE',''
  ) );
#10140 = FACE_BOUND('',#10141,.F.);
#10141 = EDGE_LOOP('',(#10142));
#10142 = ORIENTED_EDGE('',*,*,#10143,.T.);
#10143 = EDGE_CURVE('',#10144,#10144,#10146,.T.);
#10144 = VERTEX_POINT('',#10145);
#10145 = CARTESIAN_POINT('',(74.938,-57.775,0.));
#10146 = SURFACE_CURVE('',#10147,(#10152,#10163),.PCURVE_S1.);
#10147 = CIRCLE('',#10148,0.635);
#10148 = AXIS2_PLACEMENT_3D('',#10149,#10150,#10151);
#10149 = CARTESIAN_POINT('',(74.938,-57.14,0.));
#10150 = DIRECTION('',(0.,-0.,-1.));
#10151 = DIRECTION('',(2.23792987641E-14,-1.,0.));
#10152 = PCURVE('',#132,#10153);
#10153 = DEFINITIONAL_REPRESENTATION('',(#10154),#10162);
#10154 = ( BOUNDED_CURVE() B_SPLINE_CURVE(2,(#10155,#10156,#10157,#10158
    ,#10159,#10160,#10161),.UNSPECIFIED.,.T.,.F.) 
B_SPLINE_CURVE_WITH_KNOTS((1,2,2,2,2,1),(-2.094395102393,0.,
    2.094395102393,4.188790204786,6.28318530718,8.377580409573),
.UNSPECIFIED.) CURVE() GEOMETRIC_REPRESENTATION_ITEM() 
RATIONAL_B_SPLINE_CURVE((1.,0.5,1.,0.5,1.,0.5,1.)) REPRESENTATION_ITEM(
  '') );
#10155 = CARTESIAN_POINT('',(74.938,-57.775));
#10156 = CARTESIAN_POINT('',(73.838147737194,-57.775));
#10157 = CARTESIAN_POINT('',(74.388073868597,-56.8225));
#10158 = CARTESIAN_POINT('',(74.938,-55.87));
#10159 = CARTESIAN_POINT('',(75.487926131403,-56.8225));
#10160 = CARTESIAN_POINT('',(76.037852262806,-57.775));
#10161 = CARTESIAN_POINT('',(74.938,-57.775));
#10162 = ( GEOMETRIC_REPRESENTATION_CONTEXT(2) 
PARAMETRIC_REPRESENTATION_CONTEXT() REPRESENTATION_CONTEXT('2D SPACE',''
  ) );
#10163 = PCURVE('',#4227,#10164);
#10164 = DEFINITIONAL_REPRESENTATION('',(#10165),#10169);
#10165 = LINE('',#10166,#10167);
#10166 = CARTESIAN_POINT('',(0.,-4.6E-02));
#10167 = VECTOR('',#10168,1.);
#10168 = DIRECTION('',(1.,0.));
#10169 = ( GEOMETRIC_REPRESENTATION_CONTEXT(2) 
PARAMETRIC_REPRESENTATION_CONTEXT() REPRESENTATION_CONTEXT('2D SPACE',''
  ) );
#10170 = FACE_BOUND('',#10171,.F.);
#10171 = EDGE_LOOP('',(#10172));
#10172 = ORIENTED_EDGE('',*,*,#10173,.T.);
#10173 = EDGE_CURVE('',#10174,#10174,#10176,.T.);
#10174 = VERTEX_POINT('',#10175);
#10175 = CARTESIAN_POINT('',(64.438,-54.1909,0.));
#10176 = SURFACE_CURVE('',#10177,(#10182,#10193),.PCURVE_S1.);
#10177 = CIRCLE('',#10178,0.8509);
#10178 = AXIS2_PLACEMENT_3D('',#10179,#10180,#10181);
#10179 = CARTESIAN_POINT('',(64.438,-53.34,0.));
#10180 = DIRECTION('',(-0.,-0.,-1.));
#10181 = DIRECTION('',(0.,-1.,0.));
#10182 = PCURVE('',#132,#10183);
#10183 = DEFINITIONAL_REPRESENTATION('',(#10184),#10192);
#10184 = ( BOUNDED_CURVE() B_SPLINE_CURVE(2,(#10185,#10186,#10187,#10188
    ,#10189,#10190,#10191),.UNSPECIFIED.,.T.,.F.) 
B_SPLINE_CURVE_WITH_KNOTS((1,2,2,2,2,1),(-2.094395102393,0.,
    2.094395102393,4.188790204786,6.28318530718,8.377580409573),
.UNSPECIFIED.) CURVE() GEOMETRIC_REPRESENTATION_ITEM() 
RATIONAL_B_SPLINE_CURVE((1.,0.5,1.,0.5,1.,0.5,1.)) REPRESENTATION_ITEM(
  '') );
#10185 = CARTESIAN_POINT('',(64.438,-54.1909));
#10186 = CARTESIAN_POINT('',(62.96419796784,-54.1909));
#10187 = CARTESIAN_POINT('',(63.70109898392,-52.91455));
#10188 = CARTESIAN_POINT('',(64.438,-51.6382));
#10189 = CARTESIAN_POINT('',(65.17490101608,-52.91455));
#10190 = CARTESIAN_POINT('',(65.91180203216,-54.1909));
#10191 = CARTESIAN_POINT('',(64.438,-54.1909));
#10192 = ( GEOMETRIC_REPRESENTATION_CONTEXT(2) 
PARAMETRIC_REPRESENTATION_CONTEXT() REPRESENTATION_CONTEXT('2D SPACE',''
  ) );
#10193 = PCURVE('',#4262,#10194);
#10194 = DEFINITIONAL_REPRESENTATION('',(#10195),#10199);
#10195 = LINE('',#10196,#10197);
#10196 = CARTESIAN_POINT('',(0.,-4.6E-02));
#10197 = VECTOR('',#10198,1.);
#10198 = DIRECTION('',(1.,0.));
#10199 = ( GEOMETRIC_REPRESENTATION_CONTEXT(2) 
PARAMETRIC_REPRESENTATION_CONTEXT() REPRESENTATION_CONTEXT('2D SPACE',''
  ) );
#10200 = FACE_BOUND('',#10201,.F.);
#10201 = EDGE_LOOP('',(#10202));
#10202 = ORIENTED_EDGE('',*,*,#10203,.T.);
#10203 = EDGE_CURVE('',#10204,#10204,#10206,.T.);
#10204 = VERTEX_POINT('',#10205);
#10205 = CARTESIAN_POINT('',(69.938,-55.0545,0.));
#10206 = SURFACE_CURVE('',#10207,(#10212,#10223),.PCURVE_S1.);
#10207 = CIRCLE('',#10208,1.7145);
#10208 = AXIS2_PLACEMENT_3D('',#10209,#10210,#10211);
#10209 = CARTESIAN_POINT('',(69.938,-53.34,0.));
#10210 = DIRECTION('',(-0.,-0.,-1.));
#10211 = DIRECTION('',(0.,-1.,0.));
#10212 = PCURVE('',#132,#10213);
#10213 = DEFINITIONAL_REPRESENTATION('',(#10214),#10222);
#10214 = ( BOUNDED_CURVE() B_SPLINE_CURVE(2,(#10215,#10216,#10217,#10218
    ,#10219,#10220,#10221),.UNSPECIFIED.,.T.,.F.) 
B_SPLINE_CURVE_WITH_KNOTS((1,2,2,2,2,1),(-2.094395102393,0.,
    2.094395102393,4.188790204786,6.28318530718,8.377580409573),
.UNSPECIFIED.) CURVE() GEOMETRIC_REPRESENTATION_ITEM() 
RATIONAL_B_SPLINE_CURVE((1.,0.5,1.,0.5,1.,0.5,1.)) REPRESENTATION_ITEM(
  '') );
#10215 = CARTESIAN_POINT('',(69.938,-55.0545));
#10216 = CARTESIAN_POINT('',(66.968398890423,-55.0545));
#10217 = CARTESIAN_POINT('',(68.453199445212,-52.48275));
#10218 = CARTESIAN_POINT('',(69.938,-49.911));
#10219 = CARTESIAN_POINT('',(71.422800554788,-52.48275));
#10220 = CARTESIAN_POINT('',(72.907601109577,-55.0545));
#10221 = CARTESIAN_POINT('',(69.938,-55.0545));
#10222 = ( GEOMETRIC_REPRESENTATION_CONTEXT(2) 
PARAMETRIC_REPRESENTATION_CONTEXT() REPRESENTATION_CONTEXT('2D SPACE',''
  ) );
#10223 = PCURVE('',#4297,#10224);
#10224 = DEFINITIONAL_REPRESENTATION('',(#10225),#10229);
#10225 = LINE('',#10226,#10227);
#10226 = CARTESIAN_POINT('',(0.,-4.6E-02));
#10227 = VECTOR('',#10228,1.);
#10228 = DIRECTION('',(1.,0.));
#10229 = ( GEOMETRIC_REPRESENTATION_CONTEXT(2) 
PARAMETRIC_REPRESENTATION_CONTEXT() REPRESENTATION_CONTEXT('2D SPACE',''
  ) );
#10230 = FACE_BOUND('',#10231,.F.);
#10231 = EDGE_LOOP('',(#10232));
#10232 = ORIENTED_EDGE('',*,*,#10233,.T.);
#10233 = EDGE_CURVE('',#10234,#10234,#10236,.T.);
#10234 = VERTEX_POINT('',#10235);
#10235 = CARTESIAN_POINT('',(75.438,-54.1909,0.));
#10236 = SURFACE_CURVE('',#10237,(#10242,#10253),.PCURVE_S1.);
#10237 = CIRCLE('',#10238,0.8509);
#10238 = AXIS2_PLACEMENT_3D('',#10239,#10240,#10241);
#10239 = CARTESIAN_POINT('',(75.438,-53.34,0.));
#10240 = DIRECTION('',(-0.,-0.,-1.));
#10241 = DIRECTION('',(0.,-1.,0.));
#10242 = PCURVE('',#132,#10243);
#10243 = DEFINITIONAL_REPRESENTATION('',(#10244),#10252);
#10244 = ( BOUNDED_CURVE() B_SPLINE_CURVE(2,(#10245,#10246,#10247,#10248
    ,#10249,#10250,#10251),.UNSPECIFIED.,.T.,.F.) 
B_SPLINE_CURVE_WITH_KNOTS((1,2,2,2,2,1),(-2.094395102393,0.,
    2.094395102393,4.188790204786,6.28318530718,8.377580409573),
.UNSPECIFIED.) CURVE() GEOMETRIC_REPRESENTATION_ITEM() 
RATIONAL_B_SPLINE_CURVE((1.,0.5,1.,0.5,1.,0.5,1.)) REPRESENTATION_ITEM(
  '') );
#10245 = CARTESIAN_POINT('',(75.438,-54.1909));
#10246 = CARTESIAN_POINT('',(73.96419796784,-54.1909));
#10247 = CARTESIAN_POINT('',(74.70109898392,-52.91455));
#10248 = CARTESIAN_POINT('',(75.438,-51.6382));
#10249 = CARTESIAN_POINT('',(76.17490101608,-52.91455));
#10250 = CARTESIAN_POINT('',(76.91180203216,-54.1909));
#10251 = CARTESIAN_POINT('',(75.438,-54.1909));
#10252 = ( GEOMETRIC_REPRESENTATION_CONTEXT(2) 
PARAMETRIC_REPRESENTATION_CONTEXT() REPRESENTATION_CONTEXT('2D SPACE',''
  ) );
#10253 = PCURVE('',#4332,#10254);
#10254 = DEFINITIONAL_REPRESENTATION('',(#10255),#10259);
#10255 = LINE('',#10256,#10257);
#10256 = CARTESIAN_POINT('',(0.,-4.6E-02));
#10257 = VECTOR('',#10258,1.);
#10258 = DIRECTION('',(1.,0.));
#10259 = ( GEOMETRIC_REPRESENTATION_CONTEXT(2) 
PARAMETRIC_REPRESENTATION_CONTEXT() REPRESENTATION_CONTEXT('2D SPACE',''
  ) );
#10260 = FACE_BOUND('',#10261,.F.);
#10261 = EDGE_LOOP('',(#10262));
#10262 = ORIENTED_EDGE('',*,*,#10263,.T.);
#10263 = EDGE_CURVE('',#10264,#10264,#10266,.T.);
#10264 = VERTEX_POINT('',#10265);
#10265 = CARTESIAN_POINT('',(44.485224,-47.278669,0.));
#10266 = SURFACE_CURVE('',#10267,(#10272,#10283),.PCURVE_S1.);
#10267 = CIRCLE('',#10268,0.635);
#10268 = AXIS2_PLACEMENT_3D('',#10269,#10270,#10271);
#10269 = CARTESIAN_POINT('',(44.485224,-46.643669,0.));
#10270 = DIRECTION('',(-0.,-0.,-1.));
#10271 = DIRECTION('',(0.,-1.,0.));
#10272 = PCURVE('',#132,#10273);
#10273 = DEFINITIONAL_REPRESENTATION('',(#10274),#10282);
#10274 = ( BOUNDED_CURVE() B_SPLINE_CURVE(2,(#10275,#10276,#10277,#10278
    ,#10279,#10280,#10281),.UNSPECIFIED.,.T.,.F.) 
B_SPLINE_CURVE_WITH_KNOTS((1,2,2,2,2,1),(-2.094395102393,0.,
    2.094395102393,4.188790204786,6.28318530718,8.377580409573),
.UNSPECIFIED.) CURVE() GEOMETRIC_REPRESENTATION_ITEM() 
RATIONAL_B_SPLINE_CURVE((1.,0.5,1.,0.5,1.,0.5,1.)) REPRESENTATION_ITEM(
  '') );
#10275 = CARTESIAN_POINT('',(44.485224,-47.278669));
#10276 = CARTESIAN_POINT('',(43.385371737194,-47.278669));
#10277 = CARTESIAN_POINT('',(43.935297868597,-46.326169));
#10278 = CARTESIAN_POINT('',(44.485224,-45.373669));
#10279 = CARTESIAN_POINT('',(45.035150131403,-46.326169));
#10280 = CARTESIAN_POINT('',(45.585076262806,-47.278669));
#10281 = CARTESIAN_POINT('',(44.485224,-47.278669));
#10282 = ( GEOMETRIC_REPRESENTATION_CONTEXT(2) 
PARAMETRIC_REPRESENTATION_CONTEXT() REPRESENTATION_CONTEXT('2D SPACE',''
  ) );
#10283 = PCURVE('',#4367,#10284);
#10284 = DEFINITIONAL_REPRESENTATION('',(#10285),#10289);
#10285 = LINE('',#10286,#10287);
#10286 = CARTESIAN_POINT('',(0.,-4.6E-02));
#10287 = VECTOR('',#10288,1.);
#10288 = DIRECTION('',(1.,0.));
#10289 = ( GEOMETRIC_REPRESENTATION_CONTEXT(2) 
PARAMETRIC_REPRESENTATION_CONTEXT() REPRESENTATION_CONTEXT('2D SPACE',''
  ) );
#10290 = FACE_BOUND('',#10291,.F.);
#10291 = EDGE_LOOP('',(#10292));
#10292 = ORIENTED_EDGE('',*,*,#10293,.T.);
#10293 = EDGE_CURVE('',#10294,#10294,#10296,.T.);
#10294 = VERTEX_POINT('',#10295);
#10295 = CARTESIAN_POINT('',(43.721368,-43.738704,0.));
#10296 = SURFACE_CURVE('',#10297,(#10302,#10313),.PCURVE_S1.);
#10297 = CIRCLE('',#10298,0.8509);
#10298 = AXIS2_PLACEMENT_3D('',#10299,#10300,#10301);
#10299 = CARTESIAN_POINT('',(43.721368,-42.887804,0.));
#10300 = DIRECTION('',(-0.,-0.,-1.));
#10301 = DIRECTION('',(0.,-1.,0.));
#10302 = PCURVE('',#132,#10303);
#10303 = DEFINITIONAL_REPRESENTATION('',(#10304),#10312);
#10304 = ( BOUNDED_CURVE() B_SPLINE_CURVE(2,(#10305,#10306,#10307,#10308
    ,#10309,#10310,#10311),.UNSPECIFIED.,.T.,.F.) 
B_SPLINE_CURVE_WITH_KNOTS((1,2,2,2,2,1),(-2.094395102393,0.,
    2.094395102393,4.188790204786,6.28318530718,8.377580409573),
.UNSPECIFIED.) CURVE() GEOMETRIC_REPRESENTATION_ITEM() 
RATIONAL_B_SPLINE_CURVE((1.,0.5,1.,0.5,1.,0.5,1.)) REPRESENTATION_ITEM(
  '') );
#10305 = CARTESIAN_POINT('',(43.721368,-43.738704));
#10306 = CARTESIAN_POINT('',(42.24756596784,-43.738704));
#10307 = CARTESIAN_POINT('',(42.98446698392,-42.462354));
#10308 = CARTESIAN_POINT('',(43.721368,-41.186004));
#10309 = CARTESIAN_POINT('',(44.45826901608,-42.462354));
#10310 = CARTESIAN_POINT('',(45.19517003216,-43.738704));
#10311 = CARTESIAN_POINT('',(43.721368,-43.738704));
#10312 = ( GEOMETRIC_REPRESENTATION_CONTEXT(2) 
PARAMETRIC_REPRESENTATION_CONTEXT() REPRESENTATION_CONTEXT('2D SPACE',''
  ) );
#10313 = PCURVE('',#4402,#10314);
#10314 = DEFINITIONAL_REPRESENTATION('',(#10315),#10319);
#10315 = LINE('',#10316,#10317);
#10316 = CARTESIAN_POINT('',(0.,-4.6E-02));
#10317 = VECTOR('',#10318,1.);
#10318 = DIRECTION('',(1.,0.));
#10319 = ( GEOMETRIC_REPRESENTATION_CONTEXT(2) 
PARAMETRIC_REPRESENTATION_CONTEXT() REPRESENTATION_CONTEXT('2D SPACE',''
  ) );
#10320 = FACE_BOUND('',#10321,.F.);
#10321 = EDGE_LOOP('',(#10322));
#10322 = ORIENTED_EDGE('',*,*,#10323,.T.);
#10323 = EDGE_CURVE('',#10324,#10324,#10326,.T.);
#10324 = VERTEX_POINT('',#10325);
#10325 = CARTESIAN_POINT('',(43.707708,-39.173803,0.));
#10326 = SURFACE_CURVE('',#10327,(#10332,#10343),.PCURVE_S1.);
#10327 = CIRCLE('',#10328,0.4953);
#10328 = AXIS2_PLACEMENT_3D('',#10329,#10330,#10331);
#10329 = CARTESIAN_POINT('',(43.707708,-38.678503,0.));
#10330 = DIRECTION('',(-0.,-0.,-1.));
#10331 = DIRECTION('',(0.,-1.,0.));
#10332 = PCURVE('',#132,#10333);
#10333 = DEFINITIONAL_REPRESENTATION('',(#10334),#10342);
#10334 = ( BOUNDED_CURVE() B_SPLINE_CURVE(2,(#10335,#10336,#10337,#10338
    ,#10339,#10340,#10341),.UNSPECIFIED.,.T.,.F.) 
B_SPLINE_CURVE_WITH_KNOTS((1,2,2,2,2,1),(-2.094395102393,0.,
    2.094395102393,4.188790204786,6.28318530718,8.377580409573),
.UNSPECIFIED.) CURVE() GEOMETRIC_REPRESENTATION_ITEM() 
RATIONAL_B_SPLINE_CURVE((1.,0.5,1.,0.5,1.,0.5,1.)) REPRESENTATION_ITEM(
  '') );
#10335 = CARTESIAN_POINT('',(43.707708,-39.173803));
#10336 = CARTESIAN_POINT('',(42.849823235011,-39.173803));
#10337 = CARTESIAN_POINT('',(43.278765617506,-38.430853));
#10338 = CARTESIAN_POINT('',(43.707708,-37.687903));
#10339 = CARTESIAN_POINT('',(44.136650382494,-38.430853));
#10340 = CARTESIAN_POINT('',(44.565592764989,-39.173803));
#10341 = CARTESIAN_POINT('',(43.707708,-39.173803));
#10342 = ( GEOMETRIC_REPRESENTATION_CONTEXT(2) 
PARAMETRIC_REPRESENTATION_CONTEXT() REPRESENTATION_CONTEXT('2D SPACE',''
  ) );
#10343 = PCURVE('',#4437,#10344);
#10344 = DEFINITIONAL_REPRESENTATION('',(#10345),#10349);
#10345 = LINE('',#10346,#10347);
#10346 = CARTESIAN_POINT('',(0.,-4.6E-02));
#10347 = VECTOR('',#10348,1.);
#10348 = DIRECTION('',(1.,0.));
#10349 = ( GEOMETRIC_REPRESENTATION_CONTEXT(2) 
PARAMETRIC_REPRESENTATION_CONTEXT() REPRESENTATION_CONTEXT('2D SPACE',''
  ) );
#10350 = FACE_BOUND('',#10351,.F.);
#10351 = EDGE_LOOP('',(#10352));
#10352 = ORIENTED_EDGE('',*,*,#10353,.T.);
#10353 = EDGE_CURVE('',#10354,#10354,#10356,.T.);
#10354 = VERTEX_POINT('',#10355);
#10355 = CARTESIAN_POINT('',(49.619533,-49.024771,0.));
#10356 = SURFACE_CURVE('',#10357,(#10362,#10373),.PCURVE_S1.);
#10357 = CIRCLE('',#10358,0.635);
#10358 = AXIS2_PLACEMENT_3D('',#10359,#10360,#10361);
#10359 = CARTESIAN_POINT('',(49.619533,-48.389771,0.));
#10360 = DIRECTION('',(-0.,0.,-1.));
#10361 = DIRECTION('',(-1.118964938205E-14,-1.,0.));
#10362 = PCURVE('',#132,#10363);
#10363 = DEFINITIONAL_REPRESENTATION('',(#10364),#10372);
#10364 = ( BOUNDED_CURVE() B_SPLINE_CURVE(2,(#10365,#10366,#10367,#10368
    ,#10369,#10370,#10371),.UNSPECIFIED.,.T.,.F.) 
B_SPLINE_CURVE_WITH_KNOTS((1,2,2,2,2,1),(-2.094395102393,0.,
    2.094395102393,4.188790204786,6.28318530718,8.377580409573),
.UNSPECIFIED.) CURVE() GEOMETRIC_REPRESENTATION_ITEM() 
RATIONAL_B_SPLINE_CURVE((1.,0.5,1.,0.5,1.,0.5,1.)) REPRESENTATION_ITEM(
  '') );
#10365 = CARTESIAN_POINT('',(49.619533,-49.024771));
#10366 = CARTESIAN_POINT('',(48.519680737194,-49.024771));
#10367 = CARTESIAN_POINT('',(49.069606868597,-48.072271));
#10368 = CARTESIAN_POINT('',(49.619533,-47.119771));
#10369 = CARTESIAN_POINT('',(50.169459131403,-48.072271));
#10370 = CARTESIAN_POINT('',(50.719385262806,-49.024771));
#10371 = CARTESIAN_POINT('',(49.619533,-49.024771));
#10372 = ( GEOMETRIC_REPRESENTATION_CONTEXT(2) 
PARAMETRIC_REPRESENTATION_CONTEXT() REPRESENTATION_CONTEXT('2D SPACE',''
  ) );
#10373 = PCURVE('',#4472,#10374);
#10374 = DEFINITIONAL_REPRESENTATION('',(#10375),#10379);
#10375 = LINE('',#10376,#10377);
#10376 = CARTESIAN_POINT('',(0.,-4.6E-02));
#10377 = VECTOR('',#10378,1.);
#10378 = DIRECTION('',(1.,0.));
#10379 = ( GEOMETRIC_REPRESENTATION_CONTEXT(2) 
PARAMETRIC_REPRESENTATION_CONTEXT() REPRESENTATION_CONTEXT('2D SPACE',''
  ) );
#10380 = FACE_BOUND('',#10381,.F.);
#10381 = EDGE_LOOP('',(#10382));
#10382 = ORIENTED_EDGE('',*,*,#10383,.T.);
#10383 = EDGE_CURVE('',#10384,#10384,#10386,.T.);
#10384 = VERTEX_POINT('',#10385);
#10385 = CARTESIAN_POINT('',(49.20797,-44.218643,0.));
#10386 = SURFACE_CURVE('',#10387,(#10392,#10403),.PCURVE_S1.);
#10387 = CIRCLE('',#10388,1.7145);
#10388 = AXIS2_PLACEMENT_3D('',#10389,#10390,#10391);
#10389 = CARTESIAN_POINT('',(49.20797,-42.504143,0.));
#10390 = DIRECTION('',(-0.,-0.,-1.));
#10391 = DIRECTION('',(0.,-1.,0.));
#10392 = PCURVE('',#132,#10393);
#10393 = DEFINITIONAL_REPRESENTATION('',(#10394),#10402);
#10394 = ( BOUNDED_CURVE() B_SPLINE_CURVE(2,(#10395,#10396,#10397,#10398
    ,#10399,#10400,#10401),.UNSPECIFIED.,.T.,.F.) 
B_SPLINE_CURVE_WITH_KNOTS((1,2,2,2,2,1),(-2.094395102393,0.,
    2.094395102393,4.188790204786,6.28318530718,8.377580409573),
.UNSPECIFIED.) CURVE() GEOMETRIC_REPRESENTATION_ITEM() 
RATIONAL_B_SPLINE_CURVE((1.,0.5,1.,0.5,1.,0.5,1.)) REPRESENTATION_ITEM(
  '') );
#10395 = CARTESIAN_POINT('',(49.20797,-44.218643));
#10396 = CARTESIAN_POINT('',(46.238368890423,-44.218643));
#10397 = CARTESIAN_POINT('',(47.723169445212,-41.646893));
#10398 = CARTESIAN_POINT('',(49.20797,-39.075143));
#10399 = CARTESIAN_POINT('',(50.692770554788,-41.646893));
#10400 = CARTESIAN_POINT('',(52.177571109577,-44.218643));
#10401 = CARTESIAN_POINT('',(49.20797,-44.218643));
#10402 = ( GEOMETRIC_REPRESENTATION_CONTEXT(2) 
PARAMETRIC_REPRESENTATION_CONTEXT() REPRESENTATION_CONTEXT('2D SPACE',''
  ) );
#10403 = PCURVE('',#4507,#10404);
#10404 = DEFINITIONAL_REPRESENTATION('',(#10405),#10409);
#10405 = LINE('',#10406,#10407);
#10406 = CARTESIAN_POINT('',(0.,-4.6E-02));
#10407 = VECTOR('',#10408,1.);
#10408 = DIRECTION('',(1.,0.));
#10409 = ( GEOMETRIC_REPRESENTATION_CONTEXT(2) 
PARAMETRIC_REPRESENTATION_CONTEXT() REPRESENTATION_CONTEXT('2D SPACE',''
  ) );
#10410 = FACE_BOUND('',#10411,.F.);
#10411 = EDGE_LOOP('',(#10412));
#10412 = ORIENTED_EDGE('',*,*,#10413,.T.);
#10413 = EDGE_CURVE('',#10414,#10414,#10416,.T.);
#10414 = VERTEX_POINT('',#10415);
#10415 = CARTESIAN_POINT('',(54.694572,-42.971382,0.));
#10416 = SURFACE_CURVE('',#10417,(#10422,#10433),.PCURVE_S1.);
#10417 = CIRCLE('',#10418,0.8509);
#10418 = AXIS2_PLACEMENT_3D('',#10419,#10420,#10421);
#10419 = CARTESIAN_POINT('',(54.694572,-42.120482,0.));
#10420 = DIRECTION('',(0.,-0.,-1.));
#10421 = DIRECTION('',(8.350484613469E-15,-1.,0.));
#10422 = PCURVE('',#132,#10423);
#10423 = DEFINITIONAL_REPRESENTATION('',(#10424),#10432);
#10424 = ( BOUNDED_CURVE() B_SPLINE_CURVE(2,(#10425,#10426,#10427,#10428
    ,#10429,#10430,#10431),.UNSPECIFIED.,.T.,.F.) 
B_SPLINE_CURVE_WITH_KNOTS((1,2,2,2,2,1),(-2.094395102393,0.,
    2.094395102393,4.188790204786,6.28318530718,8.377580409573),
.UNSPECIFIED.) CURVE() GEOMETRIC_REPRESENTATION_ITEM() 
RATIONAL_B_SPLINE_CURVE((1.,0.5,1.,0.5,1.,0.5,1.)) REPRESENTATION_ITEM(
  '') );
#10425 = CARTESIAN_POINT('',(54.694572,-42.971382));
#10426 = CARTESIAN_POINT('',(53.22076996784,-42.971382));
#10427 = CARTESIAN_POINT('',(53.95767098392,-41.695032));
#10428 = CARTESIAN_POINT('',(54.694572,-40.418682));
#10429 = CARTESIAN_POINT('',(55.43147301608,-41.695032));
#10430 = CARTESIAN_POINT('',(56.16837403216,-42.971382));
#10431 = CARTESIAN_POINT('',(54.694572,-42.971382));
#10432 = ( GEOMETRIC_REPRESENTATION_CONTEXT(2) 
PARAMETRIC_REPRESENTATION_CONTEXT() REPRESENTATION_CONTEXT('2D SPACE',''
  ) );
#10433 = PCURVE('',#4542,#10434);
#10434 = DEFINITIONAL_REPRESENTATION('',(#10435),#10439);
#10435 = LINE('',#10436,#10437);
#10436 = CARTESIAN_POINT('',(0.,-4.6E-02));
#10437 = VECTOR('',#10438,1.);
#10438 = DIRECTION('',(1.,0.));
#10439 = ( GEOMETRIC_REPRESENTATION_CONTEXT(2) 
PARAMETRIC_REPRESENTATION_CONTEXT() REPRESENTATION_CONTEXT('2D SPACE',''
  ) );
#10440 = FACE_BOUND('',#10441,.F.);
#10441 = EDGE_LOOP('',(#10442));
#10442 = ORIENTED_EDGE('',*,*,#10443,.T.);
#10443 = EDGE_CURVE('',#10444,#10444,#10446,.T.);
#10444 = VERTEX_POINT('',#10445);
#10445 = CARTESIAN_POINT('',(64.718,-49.6353,0.));
#10446 = SURFACE_CURVE('',#10447,(#10452,#10463),.PCURVE_S1.);
#10447 = CIRCLE('',#10448,0.4953);
#10448 = AXIS2_PLACEMENT_3D('',#10449,#10450,#10451);
#10449 = CARTESIAN_POINT('',(64.718,-49.14,0.));
#10450 = DIRECTION('',(-0.,-0.,-1.));
#10451 = DIRECTION('',(0.,-1.,0.));
#10452 = PCURVE('',#132,#10453);
#10453 = DEFINITIONAL_REPRESENTATION('',(#10454),#10462);
#10454 = ( BOUNDED_CURVE() B_SPLINE_CURVE(2,(#10455,#10456,#10457,#10458
    ,#10459,#10460,#10461),.UNSPECIFIED.,.T.,.F.) 
B_SPLINE_CURVE_WITH_KNOTS((1,2,2,2,2,1),(-2.094395102393,0.,
    2.094395102393,4.188790204786,6.28318530718,8.377580409573),
.UNSPECIFIED.) CURVE() GEOMETRIC_REPRESENTATION_ITEM() 
RATIONAL_B_SPLINE_CURVE((1.,0.5,1.,0.5,1.,0.5,1.)) REPRESENTATION_ITEM(
  '') );
#10455 = CARTESIAN_POINT('',(64.718,-49.6353));
#10456 = CARTESIAN_POINT('',(63.860115235011,-49.6353));
#10457 = CARTESIAN_POINT('',(64.289057617506,-48.89235));
#10458 = CARTESIAN_POINT('',(64.718,-48.1494));
#10459 = CARTESIAN_POINT('',(65.146942382494,-48.89235));
#10460 = CARTESIAN_POINT('',(65.575884764989,-49.6353));
#10461 = CARTESIAN_POINT('',(64.718,-49.6353));
#10462 = ( GEOMETRIC_REPRESENTATION_CONTEXT(2) 
PARAMETRIC_REPRESENTATION_CONTEXT() REPRESENTATION_CONTEXT('2D SPACE',''
  ) );
#10463 = PCURVE('',#4577,#10464);
#10464 = DEFINITIONAL_REPRESENTATION('',(#10465),#10469);
#10465 = LINE('',#10466,#10467);
#10466 = CARTESIAN_POINT('',(0.,-4.6E-02));
#10467 = VECTOR('',#10468,1.);
#10468 = DIRECTION('',(1.,0.));
#10469 = ( GEOMETRIC_REPRESENTATION_CONTEXT(2) 
PARAMETRIC_REPRESENTATION_CONTEXT() REPRESENTATION_CONTEXT('2D SPACE',''
  ) );
#10470 = FACE_BOUND('',#10471,.F.);
#10471 = EDGE_LOOP('',(#10472));
#10472 = ORIENTED_EDGE('',*,*,#10473,.T.);
#10473 = EDGE_CURVE('',#10474,#10474,#10476,.T.);
#10474 = VERTEX_POINT('',#10475);
#10475 = CARTESIAN_POINT('',(75.158,-49.6353,0.));
#10476 = SURFACE_CURVE('',#10477,(#10482,#10493),.PCURVE_S1.);
#10477 = CIRCLE('',#10478,0.4953);
#10478 = AXIS2_PLACEMENT_3D('',#10479,#10480,#10481);
#10479 = CARTESIAN_POINT('',(75.158,-49.14,0.));
#10480 = DIRECTION('',(-0.,-0.,-1.));
#10481 = DIRECTION('',(0.,-1.,0.));
#10482 = PCURVE('',#132,#10483);
#10483 = DEFINITIONAL_REPRESENTATION('',(#10484),#10492);
#10484 = ( BOUNDED_CURVE() B_SPLINE_CURVE(2,(#10485,#10486,#10487,#10488
    ,#10489,#10490,#10491),.UNSPECIFIED.,.T.,.F.) 
B_SPLINE_CURVE_WITH_KNOTS((1,2,2,2,2,1),(-2.094395102393,0.,
    2.094395102393,4.188790204786,6.28318530718,8.377580409573),
.UNSPECIFIED.) CURVE() GEOMETRIC_REPRESENTATION_ITEM() 
RATIONAL_B_SPLINE_CURVE((1.,0.5,1.,0.5,1.,0.5,1.)) REPRESENTATION_ITEM(
  '') );
#10485 = CARTESIAN_POINT('',(75.158,-49.6353));
#10486 = CARTESIAN_POINT('',(74.300115235011,-49.6353));
#10487 = CARTESIAN_POINT('',(74.729057617506,-48.89235));
#10488 = CARTESIAN_POINT('',(75.158,-48.1494));
#10489 = CARTESIAN_POINT('',(75.586942382494,-48.89235));
#10490 = CARTESIAN_POINT('',(76.015884764989,-49.6353));
#10491 = CARTESIAN_POINT('',(75.158,-49.6353));
#10492 = ( GEOMETRIC_REPRESENTATION_CONTEXT(2) 
PARAMETRIC_REPRESENTATION_CONTEXT() REPRESENTATION_CONTEXT('2D SPACE',''
  ) );
#10493 = PCURVE('',#4612,#10494);
#10494 = DEFINITIONAL_REPRESENTATION('',(#10495),#10499);
#10495 = LINE('',#10496,#10497);
#10496 = CARTESIAN_POINT('',(0.,-4.6E-02));
#10497 = VECTOR('',#10498,1.);
#10498 = DIRECTION('',(1.,0.));
#10499 = ( GEOMETRIC_REPRESENTATION_CONTEXT(2) 
PARAMETRIC_REPRESENTATION_CONTEXT() REPRESENTATION_CONTEXT('2D SPACE',''
  ) );
#10500 = FACE_BOUND('',#10501,.F.);
#10501 = EDGE_LOOP('',(#10502));
#10502 = ORIENTED_EDGE('',*,*,#10503,.T.);
#10503 = EDGE_CURVE('',#10504,#10504,#10506,.T.);
#10504 = VERTEX_POINT('',#10505);
#10505 = CARTESIAN_POINT('',(69.938,-42.759,0.));
#10506 = SURFACE_CURVE('',#10507,(#10512,#10523),.PCURVE_S1.);
#10507 = CIRCLE('',#10508,0.635);
#10508 = AXIS2_PLACEMENT_3D('',#10509,#10510,#10511);
#10509 = CARTESIAN_POINT('',(69.938,-42.124,0.));
#10510 = DIRECTION('',(0.,-0.,-1.));
#10511 = DIRECTION('',(2.23792987641E-14,-1.,0.));
#10512 = PCURVE('',#132,#10513);
#10513 = DEFINITIONAL_REPRESENTATION('',(#10514),#10522);
#10514 = ( BOUNDED_CURVE() B_SPLINE_CURVE(2,(#10515,#10516,#10517,#10518
    ,#10519,#10520,#10521),.UNSPECIFIED.,.T.,.F.) 
B_SPLINE_CURVE_WITH_KNOTS((1,2,2,2,2,1),(-2.094395102393,0.,
    2.094395102393,4.188790204786,6.28318530718,8.377580409573),
.UNSPECIFIED.) CURVE() GEOMETRIC_REPRESENTATION_ITEM() 
RATIONAL_B_SPLINE_CURVE((1.,0.5,1.,0.5,1.,0.5,1.)) REPRESENTATION_ITEM(
  '') );
#10515 = CARTESIAN_POINT('',(69.938,-42.759));
#10516 = CARTESIAN_POINT('',(68.838147737194,-42.759));
#10517 = CARTESIAN_POINT('',(69.388073868597,-41.8065));
#10518 = CARTESIAN_POINT('',(69.938,-40.854));
#10519 = CARTESIAN_POINT('',(70.487926131403,-41.8065));
#10520 = CARTESIAN_POINT('',(71.037852262806,-42.759));
#10521 = CARTESIAN_POINT('',(69.938,-42.759));
#10522 = ( GEOMETRIC_REPRESENTATION_CONTEXT(2) 
PARAMETRIC_REPRESENTATION_CONTEXT() REPRESENTATION_CONTEXT('2D SPACE',''
  ) );
#10523 = PCURVE('',#4647,#10524);
#10524 = DEFINITIONAL_REPRESENTATION('',(#10525),#10529);
#10525 = LINE('',#10526,#10527);
#10526 = CARTESIAN_POINT('',(0.,-4.6E-02));
#10527 = VECTOR('',#10528,1.);
#10528 = DIRECTION('',(1.,0.));
#10529 = ( GEOMETRIC_REPRESENTATION_CONTEXT(2) 
PARAMETRIC_REPRESENTATION_CONTEXT() REPRESENTATION_CONTEXT('2D SPACE',''
  ) );
#10530 = FACE_BOUND('',#10531,.F.);
#10531 = EDGE_LOOP('',(#10532));
#10532 = ORIENTED_EDGE('',*,*,#10533,.T.);
#10533 = EDGE_CURVE('',#10534,#10534,#10536,.T.);
#10534 = VERTEX_POINT('',#10535);
#10535 = CARTESIAN_POINT('',(54.122277,-38.445545,0.));
#10536 = SURFACE_CURVE('',#10537,(#10542,#10553),.PCURVE_S1.);
#10537 = CIRCLE('',#10538,0.4953);
#10538 = AXIS2_PLACEMENT_3D('',#10539,#10540,#10541);
#10539 = CARTESIAN_POINT('',(54.122277,-37.950245,0.));
#10540 = DIRECTION('',(-0.,-0.,-1.));
#10541 = DIRECTION('',(0.,-1.,0.));
#10542 = PCURVE('',#132,#10543);
#10543 = DEFINITIONAL_REPRESENTATION('',(#10544),#10552);
#10544 = ( BOUNDED_CURVE() B_SPLINE_CURVE(2,(#10545,#10546,#10547,#10548
    ,#10549,#10550,#10551),.UNSPECIFIED.,.T.,.F.) 
B_SPLINE_CURVE_WITH_KNOTS((1,2,2,2,2,1),(-2.094395102393,0.,
    2.094395102393,4.188790204786,6.28318530718,8.377580409573),
.UNSPECIFIED.) CURVE() GEOMETRIC_REPRESENTATION_ITEM() 
RATIONAL_B_SPLINE_CURVE((1.,0.5,1.,0.5,1.,0.5,1.)) REPRESENTATION_ITEM(
  '') );
#10545 = CARTESIAN_POINT('',(54.122277,-38.445545));
#10546 = CARTESIAN_POINT('',(53.264392235011,-38.445545));
#10547 = CARTESIAN_POINT('',(53.693334617506,-37.702595));
#10548 = CARTESIAN_POINT('',(54.122277,-36.959645));
#10549 = CARTESIAN_POINT('',(54.551219382494,-37.702595));
#10550 = CARTESIAN_POINT('',(54.980161764989,-38.445545));
#10551 = CARTESIAN_POINT('',(54.122277,-38.445545));
#10552 = ( GEOMETRIC_REPRESENTATION_CONTEXT(2) 
PARAMETRIC_REPRESENTATION_CONTEXT() REPRESENTATION_CONTEXT('2D SPACE',''
  ) );
#10553 = PCURVE('',#4682,#10554);
#10554 = DEFINITIONAL_REPRESENTATION('',(#10555),#10559);
#10555 = LINE('',#10556,#10557);
#10556 = CARTESIAN_POINT('',(0.,-4.6E-02));
#10557 = VECTOR('',#10558,1.);
#10558 = DIRECTION('',(1.,0.));
#10559 = ( GEOMETRIC_REPRESENTATION_CONTEXT(2) 
PARAMETRIC_REPRESENTATION_CONTEXT() REPRESENTATION_CONTEXT('2D SPACE',''
  ) );
#10560 = FACE_BOUND('',#10561,.F.);
#10561 = EDGE_LOOP('',(#10562));
#10562 = ORIENTED_EDGE('',*,*,#10563,.T.);
#10563 = EDGE_CURVE('',#10564,#10564,#10566,.T.);
#10564 = VERTEX_POINT('',#10565);
#10565 = CARTESIAN_POINT('',(64.938,-40.659,0.));
#10566 = SURFACE_CURVE('',#10567,(#10572,#10583),.PCURVE_S1.);
#10567 = CIRCLE('',#10568,0.635);
#10568 = AXIS2_PLACEMENT_3D('',#10569,#10570,#10571);
#10569 = CARTESIAN_POINT('',(64.938,-40.024,0.));
#10570 = DIRECTION('',(0.,-0.,-1.));
#10571 = DIRECTION('',(2.23792987641E-14,-1.,0.));
#10572 = PCURVE('',#132,#10573);
#10573 = DEFINITIONAL_REPRESENTATION('',(#10574),#10582);
#10574 = ( BOUNDED_CURVE() B_SPLINE_CURVE(2,(#10575,#10576,#10577,#10578
    ,#10579,#10580,#10581),.UNSPECIFIED.,.T.,.F.) 
B_SPLINE_CURVE_WITH_KNOTS((1,2,2,2,2,1),(-2.094395102393,0.,
    2.094395102393,4.188790204786,6.28318530718,8.377580409573),
.UNSPECIFIED.) CURVE() GEOMETRIC_REPRESENTATION_ITEM() 
RATIONAL_B_SPLINE_CURVE((1.,0.5,1.,0.5,1.,0.5,1.)) REPRESENTATION_ITEM(
  '') );
#10575 = CARTESIAN_POINT('',(64.938,-40.659));
#10576 = CARTESIAN_POINT('',(63.838147737194,-40.659));
#10577 = CARTESIAN_POINT('',(64.388073868597,-39.7065));
#10578 = CARTESIAN_POINT('',(64.938,-38.754));
#10579 = CARTESIAN_POINT('',(65.487926131403,-39.7065));
#10580 = CARTESIAN_POINT('',(66.037852262806,-40.659));
#10581 = CARTESIAN_POINT('',(64.938,-40.659));
#10582 = ( GEOMETRIC_REPRESENTATION_CONTEXT(2) 
PARAMETRIC_REPRESENTATION_CONTEXT() REPRESENTATION_CONTEXT('2D SPACE',''
  ) );
#10583 = PCURVE('',#4717,#10584);
#10584 = DEFINITIONAL_REPRESENTATION('',(#10585),#10589);
#10585 = LINE('',#10586,#10587);
#10586 = CARTESIAN_POINT('',(0.,-4.6E-02));
#10587 = VECTOR('',#10588,1.);
#10588 = DIRECTION('',(1.,0.));
#10589 = ( GEOMETRIC_REPRESENTATION_CONTEXT(2) 
PARAMETRIC_REPRESENTATION_CONTEXT() REPRESENTATION_CONTEXT('2D SPACE',''
  ) );
#10590 = FACE_BOUND('',#10591,.F.);
#10591 = EDGE_LOOP('',(#10592));
#10592 = ORIENTED_EDGE('',*,*,#10593,.T.);
#10593 = EDGE_CURVE('',#10594,#10594,#10596,.T.);
#10594 = VERTEX_POINT('',#10595);
#10595 = CARTESIAN_POINT('',(64.438,-37.0749,0.));
#10596 = SURFACE_CURVE('',#10597,(#10602,#10613),.PCURVE_S1.);
#10597 = CIRCLE('',#10598,0.8509);
#10598 = AXIS2_PLACEMENT_3D('',#10599,#10600,#10601);
#10599 = CARTESIAN_POINT('',(64.438,-36.224,0.));
#10600 = DIRECTION('',(-0.,-0.,-1.));
#10601 = DIRECTION('',(0.,-1.,0.));
#10602 = PCURVE('',#132,#10603);
#10603 = DEFINITIONAL_REPRESENTATION('',(#10604),#10612);
#10604 = ( BOUNDED_CURVE() B_SPLINE_CURVE(2,(#10605,#10606,#10607,#10608
    ,#10609,#10610,#10611),.UNSPECIFIED.,.T.,.F.) 
B_SPLINE_CURVE_WITH_KNOTS((1,2,2,2,2,1),(-2.094395102393,0.,
    2.094395102393,4.188790204786,6.28318530718,8.377580409573),
.UNSPECIFIED.) CURVE() GEOMETRIC_REPRESENTATION_ITEM() 
RATIONAL_B_SPLINE_CURVE((1.,0.5,1.,0.5,1.,0.5,1.)) REPRESENTATION_ITEM(
  '') );
#10605 = CARTESIAN_POINT('',(64.438,-37.0749));
#10606 = CARTESIAN_POINT('',(62.96419796784,-37.0749));
#10607 = CARTESIAN_POINT('',(63.70109898392,-35.79855));
#10608 = CARTESIAN_POINT('',(64.438,-34.5222));
#10609 = CARTESIAN_POINT('',(65.17490101608,-35.79855));
#10610 = CARTESIAN_POINT('',(65.91180203216,-37.0749));
#10611 = CARTESIAN_POINT('',(64.438,-37.0749));
#10612 = ( GEOMETRIC_REPRESENTATION_CONTEXT(2) 
PARAMETRIC_REPRESENTATION_CONTEXT() REPRESENTATION_CONTEXT('2D SPACE',''
  ) );
#10613 = PCURVE('',#4752,#10614);
#10614 = DEFINITIONAL_REPRESENTATION('',(#10615),#10619);
#10615 = LINE('',#10616,#10617);
#10616 = CARTESIAN_POINT('',(0.,-4.6E-02));
#10617 = VECTOR('',#10618,1.);
#10618 = DIRECTION('',(1.,0.));
#10619 = ( GEOMETRIC_REPRESENTATION_CONTEXT(2) 
PARAMETRIC_REPRESENTATION_CONTEXT() REPRESENTATION_CONTEXT('2D SPACE',''
  ) );
#10620 = FACE_BOUND('',#10621,.F.);
#10621 = EDGE_LOOP('',(#10622));
#10622 = ORIENTED_EDGE('',*,*,#10623,.T.);
#10623 = EDGE_CURVE('',#10624,#10624,#10626,.T.);
#10624 = VERTEX_POINT('',#10625);
#10625 = CARTESIAN_POINT('',(69.938,-37.9385,0.));
#10626 = SURFACE_CURVE('',#10627,(#10632,#10643),.PCURVE_S1.);
#10627 = CIRCLE('',#10628,1.7145);
#10628 = AXIS2_PLACEMENT_3D('',#10629,#10630,#10631);
#10629 = CARTESIAN_POINT('',(69.938,-36.224,0.));
#10630 = DIRECTION('',(-0.,-0.,-1.));
#10631 = DIRECTION('',(0.,-1.,0.));
#10632 = PCURVE('',#132,#10633);
#10633 = DEFINITIONAL_REPRESENTATION('',(#10634),#10642);
#10634 = ( BOUNDED_CURVE() B_SPLINE_CURVE(2,(#10635,#10636,#10637,#10638
    ,#10639,#10640,#10641),.UNSPECIFIED.,.T.,.F.) 
B_SPLINE_CURVE_WITH_KNOTS((1,2,2,2,2,1),(-2.094395102393,0.,
    2.094395102393,4.188790204786,6.28318530718,8.377580409573),
.UNSPECIFIED.) CURVE() GEOMETRIC_REPRESENTATION_ITEM() 
RATIONAL_B_SPLINE_CURVE((1.,0.5,1.,0.5,1.,0.5,1.)) REPRESENTATION_ITEM(
  '') );
#10635 = CARTESIAN_POINT('',(69.938,-37.9385));
#10636 = CARTESIAN_POINT('',(66.968398890423,-37.9385));
#10637 = CARTESIAN_POINT('',(68.453199445212,-35.36675));
#10638 = CARTESIAN_POINT('',(69.938,-32.795));
#10639 = CARTESIAN_POINT('',(71.422800554788,-35.36675));
#10640 = CARTESIAN_POINT('',(72.907601109577,-37.9385));
#10641 = CARTESIAN_POINT('',(69.938,-37.9385));
#10642 = ( GEOMETRIC_REPRESENTATION_CONTEXT(2) 
PARAMETRIC_REPRESENTATION_CONTEXT() REPRESENTATION_CONTEXT('2D SPACE',''
  ) );
#10643 = PCURVE('',#4787,#10644);
#10644 = DEFINITIONAL_REPRESENTATION('',(#10645),#10649);
#10645 = LINE('',#10646,#10647);
#10646 = CARTESIAN_POINT('',(0.,-4.6E-02));
#10647 = VECTOR('',#10648,1.);
#10648 = DIRECTION('',(1.,0.));
#10649 = ( GEOMETRIC_REPRESENTATION_CONTEXT(2) 
PARAMETRIC_REPRESENTATION_CONTEXT() REPRESENTATION_CONTEXT('2D SPACE',''
  ) );
#10650 = FACE_BOUND('',#10651,.F.);
#10651 = EDGE_LOOP('',(#10652));
#10652 = ORIENTED_EDGE('',*,*,#10653,.T.);
#10653 = EDGE_CURVE('',#10654,#10654,#10656,.T.);
#10654 = VERTEX_POINT('',#10655);
#10655 = CARTESIAN_POINT('',(75.438,-37.0749,0.));
#10656 = SURFACE_CURVE('',#10657,(#10662,#10673),.PCURVE_S1.);
#10657 = CIRCLE('',#10658,0.8509);
#10658 = AXIS2_PLACEMENT_3D('',#10659,#10660,#10661);
#10659 = CARTESIAN_POINT('',(75.438,-36.224,0.));
#10660 = DIRECTION('',(-0.,-0.,-1.));
#10661 = DIRECTION('',(0.,-1.,0.));
#10662 = PCURVE('',#132,#10663);
#10663 = DEFINITIONAL_REPRESENTATION('',(#10664),#10672);
#10664 = ( BOUNDED_CURVE() B_SPLINE_CURVE(2,(#10665,#10666,#10667,#10668
    ,#10669,#10670,#10671),.UNSPECIFIED.,.T.,.F.) 
B_SPLINE_CURVE_WITH_KNOTS((1,2,2,2,2,1),(-2.094395102393,0.,
    2.094395102393,4.188790204786,6.28318530718,8.377580409573),
.UNSPECIFIED.) CURVE() GEOMETRIC_REPRESENTATION_ITEM() 
RATIONAL_B_SPLINE_CURVE((1.,0.5,1.,0.5,1.,0.5,1.)) REPRESENTATION_ITEM(
  '') );
#10665 = CARTESIAN_POINT('',(75.438,-37.0749));
#10666 = CARTESIAN_POINT('',(73.96419796784,-37.0749));
#10667 = CARTESIAN_POINT('',(74.70109898392,-35.79855));
#10668 = CARTESIAN_POINT('',(75.438,-34.5222));
#10669 = CARTESIAN_POINT('',(76.17490101608,-35.79855));
#10670 = CARTESIAN_POINT('',(76.91180203216,-37.0749));
#10671 = CARTESIAN_POINT('',(75.438,-37.0749));
#10672 = ( GEOMETRIC_REPRESENTATION_CONTEXT(2) 
PARAMETRIC_REPRESENTATION_CONTEXT() REPRESENTATION_CONTEXT('2D SPACE',''
  ) );
#10673 = PCURVE('',#4822,#10674);
#10674 = DEFINITIONAL_REPRESENTATION('',(#10675),#10679);
#10675 = LINE('',#10676,#10677);
#10676 = CARTESIAN_POINT('',(0.,-4.6E-02));
#10677 = VECTOR('',#10678,1.);
#10678 = DIRECTION('',(1.,0.));
#10679 = ( GEOMETRIC_REPRESENTATION_CONTEXT(2) 
PARAMETRIC_REPRESENTATION_CONTEXT() REPRESENTATION_CONTEXT('2D SPACE',''
  ) );
#10680 = FACE_BOUND('',#10681,.F.);
#10681 = EDGE_LOOP('',(#10682));
#10682 = ORIENTED_EDGE('',*,*,#10683,.T.);
#10683 = EDGE_CURVE('',#10684,#10684,#10686,.T.);
#10684 = VERTEX_POINT('',#10685);
#10685 = CARTESIAN_POINT('',(64.718,-32.5193,0.));
#10686 = SURFACE_CURVE('',#10687,(#10692,#10703),.PCURVE_S1.);
#10687 = CIRCLE('',#10688,0.4953);
#10688 = AXIS2_PLACEMENT_3D('',#10689,#10690,#10691);
#10689 = CARTESIAN_POINT('',(64.718,-32.024,0.));
#10690 = DIRECTION('',(-0.,-0.,-1.));
#10691 = DIRECTION('',(0.,-1.,0.));
#10692 = PCURVE('',#132,#10693);
#10693 = DEFINITIONAL_REPRESENTATION('',(#10694),#10702);
#10694 = ( BOUNDED_CURVE() B_SPLINE_CURVE(2,(#10695,#10696,#10697,#10698
    ,#10699,#10700,#10701),.UNSPECIFIED.,.T.,.F.) 
B_SPLINE_CURVE_WITH_KNOTS((1,2,2,2,2,1),(-2.094395102393,0.,
    2.094395102393,4.188790204786,6.28318530718,8.377580409573),
.UNSPECIFIED.) CURVE() GEOMETRIC_REPRESENTATION_ITEM() 
RATIONAL_B_SPLINE_CURVE((1.,0.5,1.,0.5,1.,0.5,1.)) REPRESENTATION_ITEM(
  '') );
#10695 = CARTESIAN_POINT('',(64.718,-32.5193));
#10696 = CARTESIAN_POINT('',(63.860115235011,-32.5193));
#10697 = CARTESIAN_POINT('',(64.289057617506,-31.77635));
#10698 = CARTESIAN_POINT('',(64.718,-31.0334));
#10699 = CARTESIAN_POINT('',(65.146942382494,-31.77635));
#10700 = CARTESIAN_POINT('',(65.575884764989,-32.5193));
#10701 = CARTESIAN_POINT('',(64.718,-32.5193));
#10702 = ( GEOMETRIC_REPRESENTATION_CONTEXT(2) 
PARAMETRIC_REPRESENTATION_CONTEXT() REPRESENTATION_CONTEXT('2D SPACE',''
  ) );
#10703 = PCURVE('',#4857,#10704);
#10704 = DEFINITIONAL_REPRESENTATION('',(#10705),#10709);
#10705 = LINE('',#10706,#10707);
#10706 = CARTESIAN_POINT('',(0.,-4.6E-02));
#10707 = VECTOR('',#10708,1.);
#10708 = DIRECTION('',(1.,0.));
#10709 = ( GEOMETRIC_REPRESENTATION_CONTEXT(2) 
PARAMETRIC_REPRESENTATION_CONTEXT() REPRESENTATION_CONTEXT('2D SPACE',''
  ) );
#10710 = FACE_BOUND('',#10711,.F.);
#10711 = EDGE_LOOP('',(#10712));
#10712 = ORIENTED_EDGE('',*,*,#10713,.T.);
#10713 = EDGE_CURVE('',#10714,#10714,#10716,.T.);
#10714 = VERTEX_POINT('',#10715);
#10715 = CARTESIAN_POINT('',(75.158,-32.5193,0.));
#10716 = SURFACE_CURVE('',#10717,(#10722,#10733),.PCURVE_S1.);
#10717 = CIRCLE('',#10718,0.4953);
#10718 = AXIS2_PLACEMENT_3D('',#10719,#10720,#10721);
#10719 = CARTESIAN_POINT('',(75.158,-32.024,0.));
#10720 = DIRECTION('',(-0.,-0.,-1.));
#10721 = DIRECTION('',(0.,-1.,0.));
#10722 = PCURVE('',#132,#10723);
#10723 = DEFINITIONAL_REPRESENTATION('',(#10724),#10732);
#10724 = ( BOUNDED_CURVE() B_SPLINE_CURVE(2,(#10725,#10726,#10727,#10728
    ,#10729,#10730,#10731),.UNSPECIFIED.,.T.,.F.) 
B_SPLINE_CURVE_WITH_KNOTS((1,2,2,2,2,1),(-2.094395102393,0.,
    2.094395102393,4.188790204786,6.28318530718,8.377580409573),
.UNSPECIFIED.) CURVE() GEOMETRIC_REPRESENTATION_ITEM() 
RATIONAL_B_SPLINE_CURVE((1.,0.5,1.,0.5,1.,0.5,1.)) REPRESENTATION_ITEM(
  '') );
#10725 = CARTESIAN_POINT('',(75.158,-32.5193));
#10726 = CARTESIAN_POINT('',(74.300115235011,-32.5193));
#10727 = CARTESIAN_POINT('',(74.729057617506,-31.77635));
#10728 = CARTESIAN_POINT('',(75.158,-31.0334));
#10729 = CARTESIAN_POINT('',(75.586942382494,-31.77635));
#10730 = CARTESIAN_POINT('',(76.015884764989,-32.5193));
#10731 = CARTESIAN_POINT('',(75.158,-32.5193));
#10732 = ( GEOMETRIC_REPRESENTATION_CONTEXT(2) 
PARAMETRIC_REPRESENTATION_CONTEXT() REPRESENTATION_CONTEXT('2D SPACE',''
  ) );
#10733 = PCURVE('',#4892,#10734);
#10734 = DEFINITIONAL_REPRESENTATION('',(#10735),#10739);
#10735 = LINE('',#10736,#10737);
#10736 = CARTESIAN_POINT('',(0.,-4.6E-02));
#10737 = VECTOR('',#10738,1.);
#10738 = DIRECTION('',(1.,0.));
#10739 = ( GEOMETRIC_REPRESENTATION_CONTEXT(2) 
PARAMETRIC_REPRESENTATION_CONTEXT() REPRESENTATION_CONTEXT('2D SPACE',''
  ) );
#10740 = FACE_BOUND('',#10741,.F.);
#10741 = EDGE_LOOP('',(#10742));
#10742 = ORIENTED_EDGE('',*,*,#10743,.T.);
#10743 = EDGE_CURVE('',#10744,#10744,#10746,.T.);
#10744 = VERTEX_POINT('',#10745);
#10745 = CARTESIAN_POINT('',(82.938,-63.109,0.));
#10746 = SURFACE_CURVE('',#10747,(#10752,#10763),.PCURVE_S1.);
#10747 = CIRCLE('',#10748,0.635);
#10748 = AXIS2_PLACEMENT_3D('',#10749,#10750,#10751);
#10749 = CARTESIAN_POINT('',(82.938,-62.474,0.));
#10750 = DIRECTION('',(0.,-0.,-1.));
#10751 = DIRECTION('',(2.23792987641E-14,-1.,0.));
#10752 = PCURVE('',#132,#10753);
#10753 = DEFINITIONAL_REPRESENTATION('',(#10754),#10762);
#10754 = ( BOUNDED_CURVE() B_SPLINE_CURVE(2,(#10755,#10756,#10757,#10758
    ,#10759,#10760,#10761),.UNSPECIFIED.,.T.,.F.) 
B_SPLINE_CURVE_WITH_KNOTS((1,2,2,2,2,1),(-2.094395102393,0.,
    2.094395102393,4.188790204786,6.28318530718,8.377580409573),
.UNSPECIFIED.) CURVE() GEOMETRIC_REPRESENTATION_ITEM() 
RATIONAL_B_SPLINE_CURVE((1.,0.5,1.,0.5,1.,0.5,1.)) REPRESENTATION_ITEM(
  '') );
#10755 = CARTESIAN_POINT('',(82.938,-63.109));
#10756 = CARTESIAN_POINT('',(81.838147737194,-63.109));
#10757 = CARTESIAN_POINT('',(82.388073868597,-62.1565));
#10758 = CARTESIAN_POINT('',(82.938,-61.204));
#10759 = CARTESIAN_POINT('',(83.487926131403,-62.1565));
#10760 = CARTESIAN_POINT('',(84.037852262806,-63.109));
#10761 = CARTESIAN_POINT('',(82.938,-63.109));
#10762 = ( GEOMETRIC_REPRESENTATION_CONTEXT(2) 
PARAMETRIC_REPRESENTATION_CONTEXT() REPRESENTATION_CONTEXT('2D SPACE',''
  ) );
#10763 = PCURVE('',#4927,#10764);
#10764 = DEFINITIONAL_REPRESENTATION('',(#10765),#10769);
#10765 = LINE('',#10766,#10767);
#10766 = CARTESIAN_POINT('',(0.,-4.6E-02));
#10767 = VECTOR('',#10768,1.);
#10768 = DIRECTION('',(1.,0.));
#10769 = ( GEOMETRIC_REPRESENTATION_CONTEXT(2) 
PARAMETRIC_REPRESENTATION_CONTEXT() REPRESENTATION_CONTEXT('2D SPACE',''
  ) );
#10770 = FACE_BOUND('',#10771,.F.);
#10771 = EDGE_LOOP('',(#10772));
#10772 = ORIENTED_EDGE('',*,*,#10773,.T.);
#10773 = EDGE_CURVE('',#10774,#10774,#10776,.T.);
#10774 = VERTEX_POINT('',#10775);
#10775 = CARTESIAN_POINT('',(87.938,-65.209,0.));
#10776 = SURFACE_CURVE('',#10777,(#10782,#10793),.PCURVE_S1.);
#10777 = CIRCLE('',#10778,0.635);
#10778 = AXIS2_PLACEMENT_3D('',#10779,#10780,#10781);
#10779 = CARTESIAN_POINT('',(87.938,-64.574,0.));
#10780 = DIRECTION('',(0.,-0.,-1.));
#10781 = DIRECTION('',(2.23792987641E-14,-1.,0.));
#10782 = PCURVE('',#132,#10783);
#10783 = DEFINITIONAL_REPRESENTATION('',(#10784),#10792);
#10784 = ( BOUNDED_CURVE() B_SPLINE_CURVE(2,(#10785,#10786,#10787,#10788
    ,#10789,#10790,#10791),.UNSPECIFIED.,.T.,.F.) 
B_SPLINE_CURVE_WITH_KNOTS((1,2,2,2,2,1),(-2.094395102393,0.,
    2.094395102393,4.188790204786,6.28318530718,8.377580409573),
.UNSPECIFIED.) CURVE() GEOMETRIC_REPRESENTATION_ITEM() 
RATIONAL_B_SPLINE_CURVE((1.,0.5,1.,0.5,1.,0.5,1.)) REPRESENTATION_ITEM(
  '') );
#10785 = CARTESIAN_POINT('',(87.938,-65.209));
#10786 = CARTESIAN_POINT('',(86.838147737194,-65.209));
#10787 = CARTESIAN_POINT('',(87.388073868597,-64.2565));
#10788 = CARTESIAN_POINT('',(87.938,-63.304));
#10789 = CARTESIAN_POINT('',(88.487926131403,-64.2565));
#10790 = CARTESIAN_POINT('',(89.037852262806,-65.209));
#10791 = CARTESIAN_POINT('',(87.938,-65.209));
#10792 = ( GEOMETRIC_REPRESENTATION_CONTEXT(2) 
PARAMETRIC_REPRESENTATION_CONTEXT() REPRESENTATION_CONTEXT('2D SPACE',''
  ) );
#10793 = PCURVE('',#4962,#10794);
#10794 = DEFINITIONAL_REPRESENTATION('',(#10795),#10799);
#10795 = LINE('',#10796,#10797);
#10796 = CARTESIAN_POINT('',(0.,-4.6E-02));
#10797 = VECTOR('',#10798,1.);
#10798 = DIRECTION('',(1.,0.));
#10799 = ( GEOMETRIC_REPRESENTATION_CONTEXT(2) 
PARAMETRIC_REPRESENTATION_CONTEXT() REPRESENTATION_CONTEXT('2D SPACE',''
  ) );
#10800 = FACE_BOUND('',#10801,.F.);
#10801 = EDGE_LOOP('',(#10802));
#10802 = ORIENTED_EDGE('',*,*,#10803,.T.);
#10803 = EDGE_CURVE('',#10804,#10804,#10806,.T.);
#10804 = VERTEX_POINT('',#10805);
#10805 = CARTESIAN_POINT('',(100.918,-65.649,0.));
#10806 = SURFACE_CURVE('',#10807,(#10812,#10823),.PCURVE_S1.);
#10807 = CIRCLE('',#10808,0.635);
#10808 = AXIS2_PLACEMENT_3D('',#10809,#10810,#10811);
#10809 = CARTESIAN_POINT('',(100.918,-65.014,0.));
#10810 = DIRECTION('',(-0.,-0.,-1.));
#10811 = DIRECTION('',(0.,-1.,0.));
#10812 = PCURVE('',#132,#10813);
#10813 = DEFINITIONAL_REPRESENTATION('',(#10814),#10822);
#10814 = ( BOUNDED_CURVE() B_SPLINE_CURVE(2,(#10815,#10816,#10817,#10818
    ,#10819,#10820,#10821),.UNSPECIFIED.,.T.,.F.) 
B_SPLINE_CURVE_WITH_KNOTS((1,2,2,2,2,1),(-2.094395102393,0.,
    2.094395102393,4.188790204786,6.28318530718,8.377580409573),
.UNSPECIFIED.) CURVE() GEOMETRIC_REPRESENTATION_ITEM() 
RATIONAL_B_SPLINE_CURVE((1.,0.5,1.,0.5,1.,0.5,1.)) REPRESENTATION_ITEM(
  '') );
#10815 = CARTESIAN_POINT('',(100.918,-65.649));
#10816 = CARTESIAN_POINT('',(99.818147737194,-65.649));
#10817 = CARTESIAN_POINT('',(100.36807386859,-64.6965));
#10818 = CARTESIAN_POINT('',(100.918,-63.744));
#10819 = CARTESIAN_POINT('',(101.4679261314,-64.6965));
#10820 = CARTESIAN_POINT('',(102.0178522628,-65.649));
#10821 = CARTESIAN_POINT('',(100.918,-65.649));
#10822 = ( GEOMETRIC_REPRESENTATION_CONTEXT(2) 
PARAMETRIC_REPRESENTATION_CONTEXT() REPRESENTATION_CONTEXT('2D SPACE',''
  ) );
#10823 = PCURVE('',#4997,#10824);
#10824 = DEFINITIONAL_REPRESENTATION('',(#10825),#10829);
#10825 = LINE('',#10826,#10827);
#10826 = CARTESIAN_POINT('',(0.,-4.6E-02));
#10827 = VECTOR('',#10828,1.);
#10828 = DIRECTION('',(1.,0.));
#10829 = ( GEOMETRIC_REPRESENTATION_CONTEXT(2) 
PARAMETRIC_REPRESENTATION_CONTEXT() REPRESENTATION_CONTEXT('2D SPACE',''
  ) );
#10830 = FACE_BOUND('',#10831,.F.);
#10831 = EDGE_LOOP('',(#10832));
#10832 = ORIENTED_EDGE('',*,*,#10833,.T.);
#10833 = EDGE_CURVE('',#10834,#10834,#10836,.T.);
#10834 = VERTEX_POINT('',#10835);
#10835 = CARTESIAN_POINT('',(100.418,-62.0649,0.));
#10836 = SURFACE_CURVE('',#10837,(#10842,#10853),.PCURVE_S1.);
#10837 = CIRCLE('',#10838,0.8509);
#10838 = AXIS2_PLACEMENT_3D('',#10839,#10840,#10841);
#10839 = CARTESIAN_POINT('',(100.418,-61.214,0.));
#10840 = DIRECTION('',(-0.,-0.,-1.));
#10841 = DIRECTION('',(0.,-1.,0.));
#10842 = PCURVE('',#132,#10843);
#10843 = DEFINITIONAL_REPRESENTATION('',(#10844),#10852);
#10844 = ( BOUNDED_CURVE() B_SPLINE_CURVE(2,(#10845,#10846,#10847,#10848
    ,#10849,#10850,#10851),.UNSPECIFIED.,.T.,.F.) 
B_SPLINE_CURVE_WITH_KNOTS((1,2,2,2,2,1),(-2.094395102393,0.,
    2.094395102393,4.188790204786,6.28318530718,8.377580409573),
.UNSPECIFIED.) CURVE() GEOMETRIC_REPRESENTATION_ITEM() 
RATIONAL_B_SPLINE_CURVE((1.,0.5,1.,0.5,1.,0.5,1.)) REPRESENTATION_ITEM(
  '') );
#10845 = CARTESIAN_POINT('',(100.418,-62.0649));
#10846 = CARTESIAN_POINT('',(98.94419796784,-62.0649));
#10847 = CARTESIAN_POINT('',(99.68109898392,-60.78855));
#10848 = CARTESIAN_POINT('',(100.418,-59.5122));
#10849 = CARTESIAN_POINT('',(101.15490101608,-60.78855));
#10850 = CARTESIAN_POINT('',(101.89180203216,-62.0649));
#10851 = CARTESIAN_POINT('',(100.418,-62.0649));
#10852 = ( GEOMETRIC_REPRESENTATION_CONTEXT(2) 
PARAMETRIC_REPRESENTATION_CONTEXT() REPRESENTATION_CONTEXT('2D SPACE',''
  ) );
#10853 = PCURVE('',#5032,#10854);
#10854 = DEFINITIONAL_REPRESENTATION('',(#10855),#10859);
#10855 = LINE('',#10856,#10857);
#10856 = CARTESIAN_POINT('',(0.,-4.6E-02));
#10857 = VECTOR('',#10858,1.);
#10858 = DIRECTION('',(1.,0.));
#10859 = ( GEOMETRIC_REPRESENTATION_CONTEXT(2) 
PARAMETRIC_REPRESENTATION_CONTEXT() REPRESENTATION_CONTEXT('2D SPACE',''
  ) );
#10860 = FACE_BOUND('',#10861,.F.);
#10861 = EDGE_LOOP('',(#10862));
#10862 = ORIENTED_EDGE('',*,*,#10863,.T.);
#10863 = EDGE_CURVE('',#10864,#10864,#10866,.T.);
#10864 = VERTEX_POINT('',#10865);
#10865 = CARTESIAN_POINT('',(82.438,-59.5249,0.));
#10866 = SURFACE_CURVE('',#10867,(#10872,#10883),.PCURVE_S1.);
#10867 = CIRCLE('',#10868,0.8509);
#10868 = AXIS2_PLACEMENT_3D('',#10869,#10870,#10871);
#10869 = CARTESIAN_POINT('',(82.438,-58.674,0.));
#10870 = DIRECTION('',(-0.,-0.,-1.));
#10871 = DIRECTION('',(0.,-1.,0.));
#10872 = PCURVE('',#132,#10873);
#10873 = DEFINITIONAL_REPRESENTATION('',(#10874),#10882);
#10874 = ( BOUNDED_CURVE() B_SPLINE_CURVE(2,(#10875,#10876,#10877,#10878
    ,#10879,#10880,#10881),.UNSPECIFIED.,.T.,.F.) 
B_SPLINE_CURVE_WITH_KNOTS((1,2,2,2,2,1),(-2.094395102393,0.,
    2.094395102393,4.188790204786,6.28318530718,8.377580409573),
.UNSPECIFIED.) CURVE() GEOMETRIC_REPRESENTATION_ITEM() 
RATIONAL_B_SPLINE_CURVE((1.,0.5,1.,0.5,1.,0.5,1.)) REPRESENTATION_ITEM(
  '') );
#10875 = CARTESIAN_POINT('',(82.438,-59.5249));
#10876 = CARTESIAN_POINT('',(80.96419796784,-59.5249));
#10877 = CARTESIAN_POINT('',(81.70109898392,-58.24855));
#10878 = CARTESIAN_POINT('',(82.438,-56.9722));
#10879 = CARTESIAN_POINT('',(83.17490101608,-58.24855));
#10880 = CARTESIAN_POINT('',(83.91180203216,-59.5249));
#10881 = CARTESIAN_POINT('',(82.438,-59.5249));
#10882 = ( GEOMETRIC_REPRESENTATION_CONTEXT(2) 
PARAMETRIC_REPRESENTATION_CONTEXT() REPRESENTATION_CONTEXT('2D SPACE',''
  ) );
#10883 = PCURVE('',#5067,#10884);
#10884 = DEFINITIONAL_REPRESENTATION('',(#10885),#10889);
#10885 = LINE('',#10886,#10887);
#10886 = CARTESIAN_POINT('',(0.,-4.6E-02));
#10887 = VECTOR('',#10888,1.);
#10888 = DIRECTION('',(1.,0.));
#10889 = ( GEOMETRIC_REPRESENTATION_CONTEXT(2) 
PARAMETRIC_REPRESENTATION_CONTEXT() REPRESENTATION_CONTEXT('2D SPACE',''
  ) );
#10890 = FACE_BOUND('',#10891,.F.);
#10891 = EDGE_LOOP('',(#10892));
#10892 = ORIENTED_EDGE('',*,*,#10893,.T.);
#10893 = EDGE_CURVE('',#10894,#10894,#10896,.T.);
#10894 = VERTEX_POINT('',#10895);
#10895 = CARTESIAN_POINT('',(87.938,-60.3885,0.));
#10896 = SURFACE_CURVE('',#10897,(#10902,#10913),.PCURVE_S1.);
#10897 = CIRCLE('',#10898,1.7145);
#10898 = AXIS2_PLACEMENT_3D('',#10899,#10900,#10901);
#10899 = CARTESIAN_POINT('',(87.938,-58.674,0.));
#10900 = DIRECTION('',(-0.,-0.,-1.));
#10901 = DIRECTION('',(0.,-1.,0.));
#10902 = PCURVE('',#132,#10903);
#10903 = DEFINITIONAL_REPRESENTATION('',(#10904),#10912);
#10904 = ( BOUNDED_CURVE() B_SPLINE_CURVE(2,(#10905,#10906,#10907,#10908
    ,#10909,#10910,#10911),.UNSPECIFIED.,.T.,.F.) 
B_SPLINE_CURVE_WITH_KNOTS((1,2,2,2,2,1),(-2.094395102393,0.,
    2.094395102393,4.188790204786,6.28318530718,8.377580409573),
.UNSPECIFIED.) CURVE() GEOMETRIC_REPRESENTATION_ITEM() 
RATIONAL_B_SPLINE_CURVE((1.,0.5,1.,0.5,1.,0.5,1.)) REPRESENTATION_ITEM(
  '') );
#10905 = CARTESIAN_POINT('',(87.938,-60.3885));
#10906 = CARTESIAN_POINT('',(84.968398890423,-60.3885));
#10907 = CARTESIAN_POINT('',(86.453199445212,-57.81675));
#10908 = CARTESIAN_POINT('',(87.938,-55.245));
#10909 = CARTESIAN_POINT('',(89.422800554788,-57.81675));
#10910 = CARTESIAN_POINT('',(90.907601109577,-60.3885));
#10911 = CARTESIAN_POINT('',(87.938,-60.3885));
#10912 = ( GEOMETRIC_REPRESENTATION_CONTEXT(2) 
PARAMETRIC_REPRESENTATION_CONTEXT() REPRESENTATION_CONTEXT('2D SPACE',''
  ) );
#10913 = PCURVE('',#5102,#10914);
#10914 = DEFINITIONAL_REPRESENTATION('',(#10915),#10919);
#10915 = LINE('',#10916,#10917);
#10916 = CARTESIAN_POINT('',(0.,-4.6E-02));
#10917 = VECTOR('',#10918,1.);
#10918 = DIRECTION('',(1.,0.));
#10919 = ( GEOMETRIC_REPRESENTATION_CONTEXT(2) 
PARAMETRIC_REPRESENTATION_CONTEXT() REPRESENTATION_CONTEXT('2D SPACE',''
  ) );
#10920 = FACE_BOUND('',#10921,.F.);
#10921 = EDGE_LOOP('',(#10922));
#10922 = ORIENTED_EDGE('',*,*,#10923,.T.);
#10923 = EDGE_CURVE('',#10924,#10924,#10926,.T.);
#10924 = VERTEX_POINT('',#10925);
#10925 = CARTESIAN_POINT('',(82.718,-54.9693,0.));
#10926 = SURFACE_CURVE('',#10927,(#10932,#10943),.PCURVE_S1.);
#10927 = CIRCLE('',#10928,0.4953);
#10928 = AXIS2_PLACEMENT_3D('',#10929,#10930,#10931);
#10929 = CARTESIAN_POINT('',(82.718,-54.474,0.));
#10930 = DIRECTION('',(-0.,-0.,-1.));
#10931 = DIRECTION('',(0.,-1.,0.));
#10932 = PCURVE('',#132,#10933);
#10933 = DEFINITIONAL_REPRESENTATION('',(#10934),#10942);
#10934 = ( BOUNDED_CURVE() B_SPLINE_CURVE(2,(#10935,#10936,#10937,#10938
    ,#10939,#10940,#10941),.UNSPECIFIED.,.T.,.F.) 
B_SPLINE_CURVE_WITH_KNOTS((1,2,2,2,2,1),(-2.094395102393,0.,
    2.094395102393,4.188790204786,6.28318530718,8.377580409573),
.UNSPECIFIED.) CURVE() GEOMETRIC_REPRESENTATION_ITEM() 
RATIONAL_B_SPLINE_CURVE((1.,0.5,1.,0.5,1.,0.5,1.)) REPRESENTATION_ITEM(
  '') );
#10935 = CARTESIAN_POINT('',(82.718,-54.9693));
#10936 = CARTESIAN_POINT('',(81.860115235011,-54.9693));
#10937 = CARTESIAN_POINT('',(82.289057617506,-54.22635));
#10938 = CARTESIAN_POINT('',(82.718,-53.4834));
#10939 = CARTESIAN_POINT('',(83.146942382494,-54.22635));
#10940 = CARTESIAN_POINT('',(83.575884764989,-54.9693));
#10941 = CARTESIAN_POINT('',(82.718,-54.9693));
#10942 = ( GEOMETRIC_REPRESENTATION_CONTEXT(2) 
PARAMETRIC_REPRESENTATION_CONTEXT() REPRESENTATION_CONTEXT('2D SPACE',''
  ) );
#10943 = PCURVE('',#5137,#10944);
#10944 = DEFINITIONAL_REPRESENTATION('',(#10945),#10949);
#10945 = LINE('',#10946,#10947);
#10946 = CARTESIAN_POINT('',(0.,-4.6E-02));
#10947 = VECTOR('',#10948,1.);
#10948 = DIRECTION('',(1.,0.));
#10949 = ( GEOMETRIC_REPRESENTATION_CONTEXT(2) 
PARAMETRIC_REPRESENTATION_CONTEXT() REPRESENTATION_CONTEXT('2D SPACE',''
  ) );
#10950 = FACE_BOUND('',#10951,.F.);
#10951 = EDGE_LOOP('',(#10952));
#10952 = ORIENTED_EDGE('',*,*,#10953,.T.);
#10953 = EDGE_CURVE('',#10954,#10954,#10956,.T.);
#10954 = VERTEX_POINT('',#10955);
#10955 = CARTESIAN_POINT('',(93.438,-59.5249,0.));
#10956 = SURFACE_CURVE('',#10957,(#10962,#10973),.PCURVE_S1.);
#10957 = CIRCLE('',#10958,0.8509);
#10958 = AXIS2_PLACEMENT_3D('',#10959,#10960,#10961);
#10959 = CARTESIAN_POINT('',(93.438,-58.674,0.));
#10960 = DIRECTION('',(-0.,-0.,-1.));
#10961 = DIRECTION('',(0.,-1.,0.));
#10962 = PCURVE('',#132,#10963);
#10963 = DEFINITIONAL_REPRESENTATION('',(#10964),#10972);
#10964 = ( BOUNDED_CURVE() B_SPLINE_CURVE(2,(#10965,#10966,#10967,#10968
    ,#10969,#10970,#10971),.UNSPECIFIED.,.T.,.F.) 
B_SPLINE_CURVE_WITH_KNOTS((1,2,2,2,2,1),(-2.094395102393,0.,
    2.094395102393,4.188790204786,6.28318530718,8.377580409573),
.UNSPECIFIED.) CURVE() GEOMETRIC_REPRESENTATION_ITEM() 
RATIONAL_B_SPLINE_CURVE((1.,0.5,1.,0.5,1.,0.5,1.)) REPRESENTATION_ITEM(
  '') );
#10965 = CARTESIAN_POINT('',(93.438,-59.5249));
#10966 = CARTESIAN_POINT('',(91.96419796784,-59.5249));
#10967 = CARTESIAN_POINT('',(92.70109898392,-58.24855));
#10968 = CARTESIAN_POINT('',(93.438,-56.9722));
#10969 = CARTESIAN_POINT('',(94.17490101608,-58.24855));
#10970 = CARTESIAN_POINT('',(94.91180203216,-59.5249));
#10971 = CARTESIAN_POINT('',(93.438,-59.5249));
#10972 = ( GEOMETRIC_REPRESENTATION_CONTEXT(2) 
PARAMETRIC_REPRESENTATION_CONTEXT() REPRESENTATION_CONTEXT('2D SPACE',''
  ) );
#10973 = PCURVE('',#5172,#10974);
#10974 = DEFINITIONAL_REPRESENTATION('',(#10975),#10979);
#10975 = LINE('',#10976,#10977);
#10976 = CARTESIAN_POINT('',(0.,-4.6E-02));
#10977 = VECTOR('',#10978,1.);
#10978 = DIRECTION('',(1.,0.));
#10979 = ( GEOMETRIC_REPRESENTATION_CONTEXT(2) 
PARAMETRIC_REPRESENTATION_CONTEXT() REPRESENTATION_CONTEXT('2D SPACE',''
  ) );
#10980 = FACE_BOUND('',#10981,.F.);
#10981 = EDGE_LOOP('',(#10982));
#10982 = ORIENTED_EDGE('',*,*,#10983,.T.);
#10983 = EDGE_CURVE('',#10984,#10984,#10986,.T.);
#10984 = VERTEX_POINT('',#10985);
#10985 = CARTESIAN_POINT('',(100.698,-57.5093,0.));
#10986 = SURFACE_CURVE('',#10987,(#10992,#11003),.PCURVE_S1.);
#10987 = CIRCLE('',#10988,0.4953);
#10988 = AXIS2_PLACEMENT_3D('',#10989,#10990,#10991);
#10989 = CARTESIAN_POINT('',(100.698,-57.014,0.));
#10990 = DIRECTION('',(-0.,-0.,-1.));
#10991 = DIRECTION('',(0.,-1.,0.));
#10992 = PCURVE('',#132,#10993);
#10993 = DEFINITIONAL_REPRESENTATION('',(#10994),#11002);
#10994 = ( BOUNDED_CURVE() B_SPLINE_CURVE(2,(#10995,#10996,#10997,#10998
    ,#10999,#11000,#11001),.UNSPECIFIED.,.T.,.F.) 
B_SPLINE_CURVE_WITH_KNOTS((1,2,2,2,2,1),(-2.094395102393,0.,
    2.094395102393,4.188790204786,6.28318530718,8.377580409573),
.UNSPECIFIED.) CURVE() GEOMETRIC_REPRESENTATION_ITEM() 
RATIONAL_B_SPLINE_CURVE((1.,0.5,1.,0.5,1.,0.5,1.)) REPRESENTATION_ITEM(
  '') );
#10995 = CARTESIAN_POINT('',(100.698,-57.5093));
#10996 = CARTESIAN_POINT('',(99.840115235011,-57.5093));
#10997 = CARTESIAN_POINT('',(100.2690576175,-56.76635));
#10998 = CARTESIAN_POINT('',(100.698,-56.0234));
#10999 = CARTESIAN_POINT('',(101.12694238249,-56.76635));
#11000 = CARTESIAN_POINT('',(101.55588476498,-57.5093));
#11001 = CARTESIAN_POINT('',(100.698,-57.5093));
#11002 = ( GEOMETRIC_REPRESENTATION_CONTEXT(2) 
PARAMETRIC_REPRESENTATION_CONTEXT() REPRESENTATION_CONTEXT('2D SPACE',''
  ) );
#11003 = PCURVE('',#5207,#11004);
#11004 = DEFINITIONAL_REPRESENTATION('',(#11005),#11009);
#11005 = LINE('',#11006,#11007);
#11006 = CARTESIAN_POINT('',(0.,-4.6E-02));
#11007 = VECTOR('',#11008,1.);
#11008 = DIRECTION('',(1.,0.));
#11009 = ( GEOMETRIC_REPRESENTATION_CONTEXT(2) 
PARAMETRIC_REPRESENTATION_CONTEXT() REPRESENTATION_CONTEXT('2D SPACE',''
  ) );
#11010 = FACE_BOUND('',#11011,.F.);
#11011 = EDGE_LOOP('',(#11012));
#11012 = ORIENTED_EDGE('',*,*,#11013,.T.);
#11013 = EDGE_CURVE('',#11014,#11014,#11016,.T.);
#11014 = VERTEX_POINT('',#11015);
#11015 = CARTESIAN_POINT('',(93.158,-54.9693,0.));
#11016 = SURFACE_CURVE('',#11017,(#11022,#11033),.PCURVE_S1.);
#11017 = CIRCLE('',#11018,0.4953);
#11018 = AXIS2_PLACEMENT_3D('',#11019,#11020,#11021);
#11019 = CARTESIAN_POINT('',(93.158,-54.474,0.));
#11020 = DIRECTION('',(-0.,-0.,-1.));
#11021 = DIRECTION('',(0.,-1.,0.));
#11022 = PCURVE('',#132,#11023);
#11023 = DEFINITIONAL_REPRESENTATION('',(#11024),#11032);
#11024 = ( BOUNDED_CURVE() B_SPLINE_CURVE(2,(#11025,#11026,#11027,#11028
    ,#11029,#11030,#11031),.UNSPECIFIED.,.T.,.F.) 
B_SPLINE_CURVE_WITH_KNOTS((1,2,2,2,2,1),(-2.094395102393,0.,
    2.094395102393,4.188790204786,6.28318530718,8.377580409573),
.UNSPECIFIED.) CURVE() GEOMETRIC_REPRESENTATION_ITEM() 
RATIONAL_B_SPLINE_CURVE((1.,0.5,1.,0.5,1.,0.5,1.)) REPRESENTATION_ITEM(
  '') );
#11025 = CARTESIAN_POINT('',(93.158,-54.9693));
#11026 = CARTESIAN_POINT('',(92.300115235011,-54.9693));
#11027 = CARTESIAN_POINT('',(92.729057617506,-54.22635));
#11028 = CARTESIAN_POINT('',(93.158,-53.4834));
#11029 = CARTESIAN_POINT('',(93.586942382494,-54.22635));
#11030 = CARTESIAN_POINT('',(94.015884764989,-54.9693));
#11031 = CARTESIAN_POINT('',(93.158,-54.9693));
#11032 = ( GEOMETRIC_REPRESENTATION_CONTEXT(2) 
PARAMETRIC_REPRESENTATION_CONTEXT() REPRESENTATION_CONTEXT('2D SPACE',''
  ) );
#11033 = PCURVE('',#5242,#11034);
#11034 = DEFINITIONAL_REPRESENTATION('',(#11035),#11039);
#11035 = LINE('',#11036,#11037);
#11036 = CARTESIAN_POINT('',(0.,-4.6E-02));
#11037 = VECTOR('',#11038,1.);
#11038 = DIRECTION('',(1.,0.));
#11039 = ( GEOMETRIC_REPRESENTATION_CONTEXT(2) 
PARAMETRIC_REPRESENTATION_CONTEXT() REPRESENTATION_CONTEXT('2D SPACE',''
  ) );
#11040 = FACE_BOUND('',#11041,.F.);
#11041 = EDGE_LOOP('',(#11042));
#11042 = ORIENTED_EDGE('',*,*,#11043,.T.);
#11043 = EDGE_CURVE('',#11044,#11044,#11046,.T.);
#11044 = VERTEX_POINT('',#11045);
#11045 = CARTESIAN_POINT('',(98.488,-53.224,0.));
#11046 = SURFACE_CURVE('',#11047,(#11052,#11063),.PCURVE_S1.);
#11047 = CIRCLE('',#11048,1.1);
#11048 = AXIS2_PLACEMENT_3D('',#11049,#11050,#11051);
#11049 = CARTESIAN_POINT('',(98.488,-52.124,0.));
#11050 = DIRECTION('',(-0.,-0.,-1.));
#11051 = DIRECTION('',(0.,-1.,0.));
#11052 = PCURVE('',#132,#11053);
#11053 = DEFINITIONAL_REPRESENTATION('',(#11054),#11062);
#11054 = ( BOUNDED_CURVE() B_SPLINE_CURVE(2,(#11055,#11056,#11057,#11058
    ,#11059,#11060,#11061),.UNSPECIFIED.,.T.,.F.) 
B_SPLINE_CURVE_WITH_KNOTS((1,2,2,2,2,1),(-2.094395102393,0.,
    2.094395102393,4.188790204786,6.28318530718,8.377580409573),
.UNSPECIFIED.) CURVE() GEOMETRIC_REPRESENTATION_ITEM() 
RATIONAL_B_SPLINE_CURVE((1.,0.5,1.,0.5,1.,0.5,1.)) REPRESENTATION_ITEM(
  '') );
#11055 = CARTESIAN_POINT('',(98.488,-53.224));
#11056 = CARTESIAN_POINT('',(96.582744111674,-53.224));
#11057 = CARTESIAN_POINT('',(97.535372055837,-51.574));
#11058 = CARTESIAN_POINT('',(98.488,-49.924));
#11059 = CARTESIAN_POINT('',(99.440627944163,-51.574));
#11060 = CARTESIAN_POINT('',(100.39325588832,-53.224));
#11061 = CARTESIAN_POINT('',(98.488,-53.224));
#11062 = ( GEOMETRIC_REPRESENTATION_CONTEXT(2) 
PARAMETRIC_REPRESENTATION_CONTEXT() REPRESENTATION_CONTEXT('2D SPACE',''
  ) );
#11063 = PCURVE('',#5277,#11064);
#11064 = DEFINITIONAL_REPRESENTATION('',(#11065),#11069);
#11065 = LINE('',#11066,#11067);
#11066 = CARTESIAN_POINT('',(0.,-4.6E-02));
#11067 = VECTOR('',#11068,1.);
#11068 = DIRECTION('',(1.,0.));
#11069 = ( GEOMETRIC_REPRESENTATION_CONTEXT(2) 
PARAMETRIC_REPRESENTATION_CONTEXT() REPRESENTATION_CONTEXT('2D SPACE',''
  ) );
#11070 = FACE_BOUND('',#11071,.F.);
#11071 = EDGE_LOOP('',(#11072));
#11072 = ORIENTED_EDGE('',*,*,#11073,.T.);
#11073 = EDGE_CURVE('',#11074,#11074,#11076,.T.);
#11074 = VERTEX_POINT('',#11075);
#11075 = CARTESIAN_POINT('',(105.918,-67.749,0.));
#11076 = SURFACE_CURVE('',#11077,(#11082,#11093),.PCURVE_S1.);
#11077 = CIRCLE('',#11078,0.635);
#11078 = AXIS2_PLACEMENT_3D('',#11079,#11080,#11081);
#11079 = CARTESIAN_POINT('',(105.918,-67.114,0.));
#11080 = DIRECTION('',(-0.,-0.,-1.));
#11081 = DIRECTION('',(0.,-1.,0.));
#11082 = PCURVE('',#132,#11083);
#11083 = DEFINITIONAL_REPRESENTATION('',(#11084),#11092);
#11084 = ( BOUNDED_CURVE() B_SPLINE_CURVE(2,(#11085,#11086,#11087,#11088
    ,#11089,#11090,#11091),.UNSPECIFIED.,.T.,.F.) 
B_SPLINE_CURVE_WITH_KNOTS((1,2,2,2,2,1),(-2.094395102393,0.,
    2.094395102393,4.188790204786,6.28318530718,8.377580409573),
.UNSPECIFIED.) CURVE() GEOMETRIC_REPRESENTATION_ITEM() 
RATIONAL_B_SPLINE_CURVE((1.,0.5,1.,0.5,1.,0.5,1.)) REPRESENTATION_ITEM(
  '') );
#11085 = CARTESIAN_POINT('',(105.918,-67.749));
#11086 = CARTESIAN_POINT('',(104.81814773719,-67.749));
#11087 = CARTESIAN_POINT('',(105.36807386859,-66.7965));
#11088 = CARTESIAN_POINT('',(105.918,-65.844));
#11089 = CARTESIAN_POINT('',(106.4679261314,-66.7965));
#11090 = CARTESIAN_POINT('',(107.0178522628,-67.749));
#11091 = CARTESIAN_POINT('',(105.918,-67.749));
#11092 = ( GEOMETRIC_REPRESENTATION_CONTEXT(2) 
PARAMETRIC_REPRESENTATION_CONTEXT() REPRESENTATION_CONTEXT('2D SPACE',''
  ) );
#11093 = PCURVE('',#5312,#11094);
#11094 = DEFINITIONAL_REPRESENTATION('',(#11095),#11099);
#11095 = LINE('',#11096,#11097);
#11096 = CARTESIAN_POINT('',(0.,-4.6E-02));
#11097 = VECTOR('',#11098,1.);
#11098 = DIRECTION('',(1.,0.));
#11099 = ( GEOMETRIC_REPRESENTATION_CONTEXT(2) 
PARAMETRIC_REPRESENTATION_CONTEXT() REPRESENTATION_CONTEXT('2D SPACE',''
  ) );
#11100 = FACE_BOUND('',#11101,.F.);
#11101 = EDGE_LOOP('',(#11102));
#11102 = ORIENTED_EDGE('',*,*,#11103,.T.);
#11103 = EDGE_CURVE('',#11104,#11104,#11106,.T.);
#11104 = VERTEX_POINT('',#11105);
#11105 = CARTESIAN_POINT('',(117.0974,-69.5104,0.));
#11106 = SURFACE_CURVE('',#11107,(#11112,#11123),.PCURVE_S1.);
#11107 = CIRCLE('',#11108,0.4064);
#11108 = AXIS2_PLACEMENT_3D('',#11109,#11110,#11111);
#11109 = CARTESIAN_POINT('',(117.0974,-69.104,0.));
#11110 = DIRECTION('',(-0.,-0.,-1.));
#11111 = DIRECTION('',(0.,-1.,0.));
#11112 = PCURVE('',#132,#11113);
#11113 = DEFINITIONAL_REPRESENTATION('',(#11114),#11122);
#11114 = ( BOUNDED_CURVE() B_SPLINE_CURVE(2,(#11115,#11116,#11117,#11118
    ,#11119,#11120,#11121),.UNSPECIFIED.,.T.,.F.) 
B_SPLINE_CURVE_WITH_KNOTS((1,2,2,2,2,1),(-2.094395102393,0.,
    2.094395102393,4.188790204786,6.28318530718,8.377580409573),
.UNSPECIFIED.) CURVE() GEOMETRIC_REPRESENTATION_ITEM() 
RATIONAL_B_SPLINE_CURVE((1.,0.5,1.,0.5,1.,0.5,1.)) REPRESENTATION_ITEM(
  '') );
#11115 = CARTESIAN_POINT('',(117.0974,-69.5104));
#11116 = CARTESIAN_POINT('',(116.3934945518,-69.5104));
#11117 = CARTESIAN_POINT('',(116.7454472759,-68.9008));
#11118 = CARTESIAN_POINT('',(117.0974,-68.2912));
#11119 = CARTESIAN_POINT('',(117.44935272409,-68.9008));
#11120 = CARTESIAN_POINT('',(117.80130544819,-69.5104));
#11121 = CARTESIAN_POINT('',(117.0974,-69.5104));
#11122 = ( GEOMETRIC_REPRESENTATION_CONTEXT(2) 
PARAMETRIC_REPRESENTATION_CONTEXT() REPRESENTATION_CONTEXT('2D SPACE',''
  ) );
#11123 = PCURVE('',#5347,#11124);
#11124 = DEFINITIONAL_REPRESENTATION('',(#11125),#11129);
#11125 = LINE('',#11126,#11127);
#11126 = CARTESIAN_POINT('',(0.,-4.6E-02));
#11127 = VECTOR('',#11128,1.);
#11128 = DIRECTION('',(1.,0.));
#11129 = ( GEOMETRIC_REPRESENTATION_CONTEXT(2) 
PARAMETRIC_REPRESENTATION_CONTEXT() REPRESENTATION_CONTEXT('2D SPACE',''
  ) );
#11130 = FACE_BOUND('',#11131,.F.);
#11131 = EDGE_LOOP('',(#11132));
#11132 = ORIENTED_EDGE('',*,*,#11133,.T.);
#11133 = EDGE_CURVE('',#11134,#11134,#11136,.T.);
#11134 = VERTEX_POINT('',#11135);
#11135 = CARTESIAN_POINT('',(117.0974,-66.9704,0.));
#11136 = SURFACE_CURVE('',#11137,(#11142,#11153),.PCURVE_S1.);
#11137 = CIRCLE('',#11138,0.4064);
#11138 = AXIS2_PLACEMENT_3D('',#11139,#11140,#11141);
#11139 = CARTESIAN_POINT('',(117.0974,-66.564,0.));
#11140 = DIRECTION('',(-0.,-0.,-1.));
#11141 = DIRECTION('',(0.,-1.,0.));
#11142 = PCURVE('',#132,#11143);
#11143 = DEFINITIONAL_REPRESENTATION('',(#11144),#11152);
#11144 = ( BOUNDED_CURVE() B_SPLINE_CURVE(2,(#11145,#11146,#11147,#11148
    ,#11149,#11150,#11151),.UNSPECIFIED.,.T.,.F.) 
B_SPLINE_CURVE_WITH_KNOTS((1,2,2,2,2,1),(-2.094395102393,0.,
    2.094395102393,4.188790204786,6.28318530718,8.377580409573),
.UNSPECIFIED.) CURVE() GEOMETRIC_REPRESENTATION_ITEM() 
RATIONAL_B_SPLINE_CURVE((1.,0.5,1.,0.5,1.,0.5,1.)) REPRESENTATION_ITEM(
  '') );
#11145 = CARTESIAN_POINT('',(117.0974,-66.9704));
#11146 = CARTESIAN_POINT('',(116.3934945518,-66.9704));
#11147 = CARTESIAN_POINT('',(116.7454472759,-66.3608));
#11148 = CARTESIAN_POINT('',(117.0974,-65.7512));
#11149 = CARTESIAN_POINT('',(117.44935272409,-66.3608));
#11150 = CARTESIAN_POINT('',(117.80130544819,-66.9704));
#11151 = CARTESIAN_POINT('',(117.0974,-66.9704));
#11152 = ( GEOMETRIC_REPRESENTATION_CONTEXT(2) 
PARAMETRIC_REPRESENTATION_CONTEXT() REPRESENTATION_CONTEXT('2D SPACE',''
  ) );
#11153 = PCURVE('',#5382,#11154);
#11154 = DEFINITIONAL_REPRESENTATION('',(#11155),#11159);
#11155 = LINE('',#11156,#11157);
#11156 = CARTESIAN_POINT('',(0.,-4.6E-02));
#11157 = VECTOR('',#11158,1.);
#11158 = DIRECTION('',(1.,0.));
#11159 = ( GEOMETRIC_REPRESENTATION_CONTEXT(2) 
PARAMETRIC_REPRESENTATION_CONTEXT() REPRESENTATION_CONTEXT('2D SPACE',''
  ) );
#11160 = FACE_BOUND('',#11161,.F.);
#11161 = EDGE_LOOP('',(#11162));
#11162 = ORIENTED_EDGE('',*,*,#11163,.T.);
#11163 = EDGE_CURVE('',#11164,#11164,#11166,.T.);
#11164 = VERTEX_POINT('',#11165);
#11165 = CARTESIAN_POINT('',(105.918,-62.9285,0.));
#11166 = SURFACE_CURVE('',#11167,(#11172,#11183),.PCURVE_S1.);
#11167 = CIRCLE('',#11168,1.7145);
#11168 = AXIS2_PLACEMENT_3D('',#11169,#11170,#11171);
#11169 = CARTESIAN_POINT('',(105.918,-61.214,0.));
#11170 = DIRECTION('',(-0.,-0.,-1.));
#11171 = DIRECTION('',(0.,-1.,0.));
#11172 = PCURVE('',#132,#11173);
#11173 = DEFINITIONAL_REPRESENTATION('',(#11174),#11182);
#11174 = ( BOUNDED_CURVE() B_SPLINE_CURVE(2,(#11175,#11176,#11177,#11178
    ,#11179,#11180,#11181),.UNSPECIFIED.,.T.,.F.) 
B_SPLINE_CURVE_WITH_KNOTS((1,2,2,2,2,1),(-2.094395102393,0.,
    2.094395102393,4.188790204786,6.28318530718,8.377580409573),
.UNSPECIFIED.) CURVE() GEOMETRIC_REPRESENTATION_ITEM() 
RATIONAL_B_SPLINE_CURVE((1.,0.5,1.,0.5,1.,0.5,1.)) REPRESENTATION_ITEM(
  '') );
#11175 = CARTESIAN_POINT('',(105.918,-62.9285));
#11176 = CARTESIAN_POINT('',(102.94839889042,-62.9285));
#11177 = CARTESIAN_POINT('',(104.43319944521,-60.35675));
#11178 = CARTESIAN_POINT('',(105.918,-57.785));
#11179 = CARTESIAN_POINT('',(107.40280055478,-60.35675));
#11180 = CARTESIAN_POINT('',(108.88760110957,-62.9285));
#11181 = CARTESIAN_POINT('',(105.918,-62.9285));
#11182 = ( GEOMETRIC_REPRESENTATION_CONTEXT(2) 
PARAMETRIC_REPRESENTATION_CONTEXT() REPRESENTATION_CONTEXT('2D SPACE',''
  ) );
#11183 = PCURVE('',#5417,#11184);
#11184 = DEFINITIONAL_REPRESENTATION('',(#11185),#11189);
#11185 = LINE('',#11186,#11187);
#11186 = CARTESIAN_POINT('',(0.,-4.6E-02));
#11187 = VECTOR('',#11188,1.);
#11188 = DIRECTION('',(1.,0.));
#11189 = ( GEOMETRIC_REPRESENTATION_CONTEXT(2) 
PARAMETRIC_REPRESENTATION_CONTEXT() REPRESENTATION_CONTEXT('2D SPACE',''
  ) );
#11190 = FACE_BOUND('',#11191,.F.);
#11191 = EDGE_LOOP('',(#11192));
#11192 = ORIENTED_EDGE('',*,*,#11193,.T.);
#11193 = EDGE_CURVE('',#11194,#11194,#11196,.T.);
#11194 = VERTEX_POINT('',#11195);
#11195 = CARTESIAN_POINT('',(111.418,-62.0649,0.));
#11196 = SURFACE_CURVE('',#11197,(#11202,#11213),.PCURVE_S1.);
#11197 = CIRCLE('',#11198,0.8509);
#11198 = AXIS2_PLACEMENT_3D('',#11199,#11200,#11201);
#11199 = CARTESIAN_POINT('',(111.418,-61.214,0.));
#11200 = DIRECTION('',(-0.,-0.,-1.));
#11201 = DIRECTION('',(0.,-1.,0.));
#11202 = PCURVE('',#132,#11203);
#11203 = DEFINITIONAL_REPRESENTATION('',(#11204),#11212);
#11204 = ( BOUNDED_CURVE() B_SPLINE_CURVE(2,(#11205,#11206,#11207,#11208
    ,#11209,#11210,#11211),.UNSPECIFIED.,.T.,.F.) 
B_SPLINE_CURVE_WITH_KNOTS((1,2,2,2,2,1),(-2.094395102393,0.,
    2.094395102393,4.188790204786,6.28318530718,8.377580409573),
.UNSPECIFIED.) CURVE() GEOMETRIC_REPRESENTATION_ITEM() 
RATIONAL_B_SPLINE_CURVE((1.,0.5,1.,0.5,1.,0.5,1.)) REPRESENTATION_ITEM(
  '') );
#11205 = CARTESIAN_POINT('',(111.418,-62.0649));
#11206 = CARTESIAN_POINT('',(109.94419796784,-62.0649));
#11207 = CARTESIAN_POINT('',(110.68109898392,-60.78855));
#11208 = CARTESIAN_POINT('',(111.418,-59.5122));
#11209 = CARTESIAN_POINT('',(112.15490101608,-60.78855));
#11210 = CARTESIAN_POINT('',(112.89180203216,-62.0649));
#11211 = CARTESIAN_POINT('',(111.418,-62.0649));
#11212 = ( GEOMETRIC_REPRESENTATION_CONTEXT(2) 
PARAMETRIC_REPRESENTATION_CONTEXT() REPRESENTATION_CONTEXT('2D SPACE',''
  ) );
#11213 = PCURVE('',#5452,#11214);
#11214 = DEFINITIONAL_REPRESENTATION('',(#11215),#11219);
#11215 = LINE('',#11216,#11217);
#11216 = CARTESIAN_POINT('',(0.,-4.6E-02));
#11217 = VECTOR('',#11218,1.);
#11218 = DIRECTION('',(1.,0.));
#11219 = ( GEOMETRIC_REPRESENTATION_CONTEXT(2) 
PARAMETRIC_REPRESENTATION_CONTEXT() REPRESENTATION_CONTEXT('2D SPACE',''
  ) );
#11220 = FACE_BOUND('',#11221,.F.);
#11221 = EDGE_LOOP('',(#11222));
#11222 = ORIENTED_EDGE('',*,*,#11223,.T.);
#11223 = EDGE_CURVE('',#11224,#11224,#11226,.T.);
#11224 = VERTEX_POINT('',#11225);
#11225 = CARTESIAN_POINT('',(117.0974,-64.4304,0.));
#11226 = SURFACE_CURVE('',#11227,(#11232,#11243),.PCURVE_S1.);
#11227 = CIRCLE('',#11228,0.4064);
#11228 = AXIS2_PLACEMENT_3D('',#11229,#11230,#11231);
#11229 = CARTESIAN_POINT('',(117.0974,-64.024,0.));
#11230 = DIRECTION('',(-0.,-0.,-1.));
#11231 = DIRECTION('',(0.,-1.,0.));
#11232 = PCURVE('',#132,#11233);
#11233 = DEFINITIONAL_REPRESENTATION('',(#11234),#11242);
#11234 = ( BOUNDED_CURVE() B_SPLINE_CURVE(2,(#11235,#11236,#11237,#11238
    ,#11239,#11240,#11241),.UNSPECIFIED.,.T.,.F.) 
B_SPLINE_CURVE_WITH_KNOTS((1,2,2,2,2,1),(-2.094395102393,0.,
    2.094395102393,4.188790204786,6.28318530718,8.377580409573),
.UNSPECIFIED.) CURVE() GEOMETRIC_REPRESENTATION_ITEM() 
RATIONAL_B_SPLINE_CURVE((1.,0.5,1.,0.5,1.,0.5,1.)) REPRESENTATION_ITEM(
  '') );
#11235 = CARTESIAN_POINT('',(117.0974,-64.4304));
#11236 = CARTESIAN_POINT('',(116.3934945518,-64.4304));
#11237 = CARTESIAN_POINT('',(116.7454472759,-63.8208));
#11238 = CARTESIAN_POINT('',(117.0974,-63.2112));
#11239 = CARTESIAN_POINT('',(117.44935272409,-63.8208));
#11240 = CARTESIAN_POINT('',(117.80130544819,-64.4304));
#11241 = CARTESIAN_POINT('',(117.0974,-64.4304));
#11242 = ( GEOMETRIC_REPRESENTATION_CONTEXT(2) 
PARAMETRIC_REPRESENTATION_CONTEXT() REPRESENTATION_CONTEXT('2D SPACE',''
  ) );
#11243 = PCURVE('',#5487,#11244);
#11244 = DEFINITIONAL_REPRESENTATION('',(#11245),#11249);
#11245 = LINE('',#11246,#11247);
#11246 = CARTESIAN_POINT('',(0.,-4.6E-02));
#11247 = VECTOR('',#11248,1.);
#11248 = DIRECTION('',(1.,0.));
#11249 = ( GEOMETRIC_REPRESENTATION_CONTEXT(2) 
PARAMETRIC_REPRESENTATION_CONTEXT() REPRESENTATION_CONTEXT('2D SPACE',''
  ) );
#11250 = FACE_BOUND('',#11251,.F.);
#11251 = EDGE_LOOP('',(#11252));
#11252 = ORIENTED_EDGE('',*,*,#11253,.T.);
#11253 = EDGE_CURVE('',#11254,#11254,#11256,.T.);
#11254 = VERTEX_POINT('',#11255);
#11255 = CARTESIAN_POINT('',(117.0974,-61.8904,0.));
#11256 = SURFACE_CURVE('',#11257,(#11262,#11273),.PCURVE_S1.);
#11257 = CIRCLE('',#11258,0.4064);
#11258 = AXIS2_PLACEMENT_3D('',#11259,#11260,#11261);
#11259 = CARTESIAN_POINT('',(117.0974,-61.484,0.));
#11260 = DIRECTION('',(-0.,-0.,-1.));
#11261 = DIRECTION('',(0.,-1.,0.));
#11262 = PCURVE('',#132,#11263);
#11263 = DEFINITIONAL_REPRESENTATION('',(#11264),#11272);
#11264 = ( BOUNDED_CURVE() B_SPLINE_CURVE(2,(#11265,#11266,#11267,#11268
    ,#11269,#11270,#11271),.UNSPECIFIED.,.T.,.F.) 
B_SPLINE_CURVE_WITH_KNOTS((1,2,2,2,2,1),(-2.094395102393,0.,
    2.094395102393,4.188790204786,6.28318530718,8.377580409573),
.UNSPECIFIED.) CURVE() GEOMETRIC_REPRESENTATION_ITEM() 
RATIONAL_B_SPLINE_CURVE((1.,0.5,1.,0.5,1.,0.5,1.)) REPRESENTATION_ITEM(
  '') );
#11265 = CARTESIAN_POINT('',(117.0974,-61.8904));
#11266 = CARTESIAN_POINT('',(116.3934945518,-61.8904));
#11267 = CARTESIAN_POINT('',(116.7454472759,-61.2808));
#11268 = CARTESIAN_POINT('',(117.0974,-60.6712));
#11269 = CARTESIAN_POINT('',(117.44935272409,-61.2808));
#11270 = CARTESIAN_POINT('',(117.80130544819,-61.8904));
#11271 = CARTESIAN_POINT('',(117.0974,-61.8904));
#11272 = ( GEOMETRIC_REPRESENTATION_CONTEXT(2) 
PARAMETRIC_REPRESENTATION_CONTEXT() REPRESENTATION_CONTEXT('2D SPACE',''
  ) );
#11273 = PCURVE('',#5522,#11274);
#11274 = DEFINITIONAL_REPRESENTATION('',(#11275),#11279);
#11275 = LINE('',#11276,#11277);
#11276 = CARTESIAN_POINT('',(0.,-4.6E-02));
#11277 = VECTOR('',#11278,1.);
#11278 = DIRECTION('',(1.,0.));
#11279 = ( GEOMETRIC_REPRESENTATION_CONTEXT(2) 
PARAMETRIC_REPRESENTATION_CONTEXT() REPRESENTATION_CONTEXT('2D SPACE',''
  ) );
#11280 = FACE_BOUND('',#11281,.F.);
#11281 = EDGE_LOOP('',(#11282));
#11282 = ORIENTED_EDGE('',*,*,#11283,.T.);
#11283 = EDGE_CURVE('',#11284,#11284,#11286,.T.);
#11284 = VERTEX_POINT('',#11285);
#11285 = CARTESIAN_POINT('',(132.3174,-69.5104,0.));
#11286 = SURFACE_CURVE('',#11287,(#11292,#11303),.PCURVE_S1.);
#11287 = CIRCLE('',#11288,0.4064);
#11288 = AXIS2_PLACEMENT_3D('',#11289,#11290,#11291);
#11289 = CARTESIAN_POINT('',(132.3174,-69.104,0.));
#11290 = DIRECTION('',(-0.,0.,-1.));
#11291 = DIRECTION('',(-6.993530863781E-14,-1.,0.));
#11292 = PCURVE('',#132,#11293);
#11293 = DEFINITIONAL_REPRESENTATION('',(#11294),#11302);
#11294 = ( BOUNDED_CURVE() B_SPLINE_CURVE(2,(#11295,#11296,#11297,#11298
    ,#11299,#11300,#11301),.UNSPECIFIED.,.T.,.F.) 
B_SPLINE_CURVE_WITH_KNOTS((1,2,2,2,2,1),(-2.094395102393,0.,
    2.094395102393,4.188790204786,6.28318530718,8.377580409573),
.UNSPECIFIED.) CURVE() GEOMETRIC_REPRESENTATION_ITEM() 
RATIONAL_B_SPLINE_CURVE((1.,0.5,1.,0.5,1.,0.5,1.)) REPRESENTATION_ITEM(
  '') );
#11295 = CARTESIAN_POINT('',(132.3174,-69.5104));
#11296 = CARTESIAN_POINT('',(131.6134945518,-69.5104));
#11297 = CARTESIAN_POINT('',(131.9654472759,-68.9008));
#11298 = CARTESIAN_POINT('',(132.3174,-68.2912));
#11299 = CARTESIAN_POINT('',(132.66935272409,-68.9008));
#11300 = CARTESIAN_POINT('',(133.02130544819,-69.5104));
#11301 = CARTESIAN_POINT('',(132.3174,-69.5104));
#11302 = ( GEOMETRIC_REPRESENTATION_CONTEXT(2) 
PARAMETRIC_REPRESENTATION_CONTEXT() REPRESENTATION_CONTEXT('2D SPACE',''
  ) );
#11303 = PCURVE('',#5557,#11304);
#11304 = DEFINITIONAL_REPRESENTATION('',(#11305),#11309);
#11305 = LINE('',#11306,#11307);
#11306 = CARTESIAN_POINT('',(0.,-4.6E-02));
#11307 = VECTOR('',#11308,1.);
#11308 = DIRECTION('',(1.,0.));
#11309 = ( GEOMETRIC_REPRESENTATION_CONTEXT(2) 
PARAMETRIC_REPRESENTATION_CONTEXT() REPRESENTATION_CONTEXT('2D SPACE',''
  ) );
#11310 = FACE_BOUND('',#11311,.F.);
#11311 = EDGE_LOOP('',(#11312));
#11312 = ORIENTED_EDGE('',*,*,#11313,.T.);
#11313 = EDGE_CURVE('',#11314,#11314,#11316,.T.);
#11314 = VERTEX_POINT('',#11315);
#11315 = CARTESIAN_POINT('',(132.3174,-66.9704,0.));
#11316 = SURFACE_CURVE('',#11317,(#11322,#11333),.PCURVE_S1.);
#11317 = CIRCLE('',#11318,0.4064);
#11318 = AXIS2_PLACEMENT_3D('',#11319,#11320,#11321);
#11319 = CARTESIAN_POINT('',(132.3174,-66.564,0.));
#11320 = DIRECTION('',(-0.,0.,-1.));
#11321 = DIRECTION('',(-6.993530863781E-14,-1.,0.));
#11322 = PCURVE('',#132,#11323);
#11323 = DEFINITIONAL_REPRESENTATION('',(#11324),#11332);
#11324 = ( BOUNDED_CURVE() B_SPLINE_CURVE(2,(#11325,#11326,#11327,#11328
    ,#11329,#11330,#11331),.UNSPECIFIED.,.T.,.F.) 
B_SPLINE_CURVE_WITH_KNOTS((1,2,2,2,2,1),(-2.094395102393,0.,
    2.094395102393,4.188790204786,6.28318530718,8.377580409573),
.UNSPECIFIED.) CURVE() GEOMETRIC_REPRESENTATION_ITEM() 
RATIONAL_B_SPLINE_CURVE((1.,0.5,1.,0.5,1.,0.5,1.)) REPRESENTATION_ITEM(
  '') );
#11325 = CARTESIAN_POINT('',(132.3174,-66.9704));
#11326 = CARTESIAN_POINT('',(131.6134945518,-66.9704));
#11327 = CARTESIAN_POINT('',(131.9654472759,-66.3608));
#11328 = CARTESIAN_POINT('',(132.3174,-65.7512));
#11329 = CARTESIAN_POINT('',(132.66935272409,-66.3608));
#11330 = CARTESIAN_POINT('',(133.02130544819,-66.9704));
#11331 = CARTESIAN_POINT('',(132.3174,-66.9704));
#11332 = ( GEOMETRIC_REPRESENTATION_CONTEXT(2) 
PARAMETRIC_REPRESENTATION_CONTEXT() REPRESENTATION_CONTEXT('2D SPACE',''
  ) );
#11333 = PCURVE('',#5592,#11334);
#11334 = DEFINITIONAL_REPRESENTATION('',(#11335),#11339);
#11335 = LINE('',#11336,#11337);
#11336 = CARTESIAN_POINT('',(0.,-4.6E-02));
#11337 = VECTOR('',#11338,1.);
#11338 = DIRECTION('',(1.,0.));
#11339 = ( GEOMETRIC_REPRESENTATION_CONTEXT(2) 
PARAMETRIC_REPRESENTATION_CONTEXT() REPRESENTATION_CONTEXT('2D SPACE',''
  ) );
#11340 = FACE_BOUND('',#11341,.F.);
#11341 = EDGE_LOOP('',(#11342));
#11342 = ORIENTED_EDGE('',*,*,#11343,.T.);
#11343 = EDGE_CURVE('',#11344,#11344,#11346,.T.);
#11344 = VERTEX_POINT('',#11345);
#11345 = CARTESIAN_POINT('',(132.3174,-64.4304,0.));
#11346 = SURFACE_CURVE('',#11347,(#11352,#11363),.PCURVE_S1.);
#11347 = CIRCLE('',#11348,0.4064);
#11348 = AXIS2_PLACEMENT_3D('',#11349,#11350,#11351);
#11349 = CARTESIAN_POINT('',(132.3174,-64.024,0.));
#11350 = DIRECTION('',(-0.,0.,-1.));
#11351 = DIRECTION('',(-6.993530863781E-14,-1.,0.));
#11352 = PCURVE('',#132,#11353);
#11353 = DEFINITIONAL_REPRESENTATION('',(#11354),#11362);
#11354 = ( BOUNDED_CURVE() B_SPLINE_CURVE(2,(#11355,#11356,#11357,#11358
    ,#11359,#11360,#11361),.UNSPECIFIED.,.T.,.F.) 
B_SPLINE_CURVE_WITH_KNOTS((1,2,2,2,2,1),(-2.094395102393,0.,
    2.094395102393,4.188790204786,6.28318530718,8.377580409573),
.UNSPECIFIED.) CURVE() GEOMETRIC_REPRESENTATION_ITEM() 
RATIONAL_B_SPLINE_CURVE((1.,0.5,1.,0.5,1.,0.5,1.)) REPRESENTATION_ITEM(
  '') );
#11355 = CARTESIAN_POINT('',(132.3174,-64.4304));
#11356 = CARTESIAN_POINT('',(131.6134945518,-64.4304));
#11357 = CARTESIAN_POINT('',(131.9654472759,-63.8208));
#11358 = CARTESIAN_POINT('',(132.3174,-63.2112));
#11359 = CARTESIAN_POINT('',(132.66935272409,-63.8208));
#11360 = CARTESIAN_POINT('',(133.02130544819,-64.4304));
#11361 = CARTESIAN_POINT('',(132.3174,-64.4304));
#11362 = ( GEOMETRIC_REPRESENTATION_CONTEXT(2) 
PARAMETRIC_REPRESENTATION_CONTEXT() REPRESENTATION_CONTEXT('2D SPACE',''
  ) );
#11363 = PCURVE('',#5627,#11364);
#11364 = DEFINITIONAL_REPRESENTATION('',(#11365),#11369);
#11365 = LINE('',#11366,#11367);
#11366 = CARTESIAN_POINT('',(0.,-4.6E-02));
#11367 = VECTOR('',#11368,1.);
#11368 = DIRECTION('',(1.,0.));
#11369 = ( GEOMETRIC_REPRESENTATION_CONTEXT(2) 
PARAMETRIC_REPRESENTATION_CONTEXT() REPRESENTATION_CONTEXT('2D SPACE',''
  ) );
#11370 = FACE_BOUND('',#11371,.F.);
#11371 = EDGE_LOOP('',(#11372));
#11372 = ORIENTED_EDGE('',*,*,#11373,.T.);
#11373 = EDGE_CURVE('',#11374,#11374,#11376,.T.);
#11374 = VERTEX_POINT('',#11375);
#11375 = CARTESIAN_POINT('',(132.3174,-61.8904,0.));
#11376 = SURFACE_CURVE('',#11377,(#11382,#11393),.PCURVE_S1.);
#11377 = CIRCLE('',#11378,0.4064);
#11378 = AXIS2_PLACEMENT_3D('',#11379,#11380,#11381);
#11379 = CARTESIAN_POINT('',(132.3174,-61.484,0.));
#11380 = DIRECTION('',(-0.,0.,-1.));
#11381 = DIRECTION('',(-6.993530863781E-14,-1.,0.));
#11382 = PCURVE('',#132,#11383);
#11383 = DEFINITIONAL_REPRESENTATION('',(#11384),#11392);
#11384 = ( BOUNDED_CURVE() B_SPLINE_CURVE(2,(#11385,#11386,#11387,#11388
    ,#11389,#11390,#11391),.UNSPECIFIED.,.T.,.F.) 
B_SPLINE_CURVE_WITH_KNOTS((1,2,2,2,2,1),(-2.094395102393,0.,
    2.094395102393,4.188790204786,6.28318530718,8.377580409573),
.UNSPECIFIED.) CURVE() GEOMETRIC_REPRESENTATION_ITEM() 
RATIONAL_B_SPLINE_CURVE((1.,0.5,1.,0.5,1.,0.5,1.)) REPRESENTATION_ITEM(
  '') );
#11385 = CARTESIAN_POINT('',(132.3174,-61.8904));
#11386 = CARTESIAN_POINT('',(131.6134945518,-61.8904));
#11387 = CARTESIAN_POINT('',(131.9654472759,-61.2808));
#11388 = CARTESIAN_POINT('',(132.3174,-60.6712));
#11389 = CARTESIAN_POINT('',(132.66935272409,-61.2808));
#11390 = CARTESIAN_POINT('',(133.02130544819,-61.8904));
#11391 = CARTESIAN_POINT('',(132.3174,-61.8904));
#11392 = ( GEOMETRIC_REPRESENTATION_CONTEXT(2) 
PARAMETRIC_REPRESENTATION_CONTEXT() REPRESENTATION_CONTEXT('2D SPACE',''
  ) );
#11393 = PCURVE('',#5662,#11394);
#11394 = DEFINITIONAL_REPRESENTATION('',(#11395),#11399);
#11395 = LINE('',#11396,#11397);
#11396 = CARTESIAN_POINT('',(0.,-4.6E-02));
#11397 = VECTOR('',#11398,1.);
#11398 = DIRECTION('',(1.,0.));
#11399 = ( GEOMETRIC_REPRESENTATION_CONTEXT(2) 
PARAMETRIC_REPRESENTATION_CONTEXT() REPRESENTATION_CONTEXT('2D SPACE',''
  ) );
#11400 = FACE_BOUND('',#11401,.F.);
#11401 = EDGE_LOOP('',(#11402));
#11402 = ORIENTED_EDGE('',*,*,#11403,.T.);
#11403 = EDGE_CURVE('',#11404,#11404,#11406,.T.);
#11404 = VERTEX_POINT('',#11405);
#11405 = CARTESIAN_POINT('',(111.138,-57.5093,0.));
#11406 = SURFACE_CURVE('',#11407,(#11412,#11423),.PCURVE_S1.);
#11407 = CIRCLE('',#11408,0.4953);
#11408 = AXIS2_PLACEMENT_3D('',#11409,#11410,#11411);
#11409 = CARTESIAN_POINT('',(111.138,-57.014,0.));
#11410 = DIRECTION('',(-0.,-0.,-1.));
#11411 = DIRECTION('',(0.,-1.,0.));
#11412 = PCURVE('',#132,#11413);
#11413 = DEFINITIONAL_REPRESENTATION('',(#11414),#11422);
#11414 = ( BOUNDED_CURVE() B_SPLINE_CURVE(2,(#11415,#11416,#11417,#11418
    ,#11419,#11420,#11421),.UNSPECIFIED.,.T.,.F.) 
B_SPLINE_CURVE_WITH_KNOTS((1,2,2,2,2,1),(-2.094395102393,0.,
    2.094395102393,4.188790204786,6.28318530718,8.377580409573),
.UNSPECIFIED.) CURVE() GEOMETRIC_REPRESENTATION_ITEM() 
RATIONAL_B_SPLINE_CURVE((1.,0.5,1.,0.5,1.,0.5,1.)) REPRESENTATION_ITEM(
  '') );
#11415 = CARTESIAN_POINT('',(111.138,-57.5093));
#11416 = CARTESIAN_POINT('',(110.28011523501,-57.5093));
#11417 = CARTESIAN_POINT('',(110.7090576175,-56.76635));
#11418 = CARTESIAN_POINT('',(111.138,-56.0234));
#11419 = CARTESIAN_POINT('',(111.56694238249,-56.76635));
#11420 = CARTESIAN_POINT('',(111.99588476498,-57.5093));
#11421 = CARTESIAN_POINT('',(111.138,-57.5093));
#11422 = ( GEOMETRIC_REPRESENTATION_CONTEXT(2) 
PARAMETRIC_REPRESENTATION_CONTEXT() REPRESENTATION_CONTEXT('2D SPACE',''
  ) );
#11423 = PCURVE('',#5697,#11424);
#11424 = DEFINITIONAL_REPRESENTATION('',(#11425),#11429);
#11425 = LINE('',#11426,#11427);
#11426 = CARTESIAN_POINT('',(0.,-4.6E-02));
#11427 = VECTOR('',#11428,1.);
#11428 = DIRECTION('',(1.,0.));
#11429 = ( GEOMETRIC_REPRESENTATION_CONTEXT(2) 
PARAMETRIC_REPRESENTATION_CONTEXT() REPRESENTATION_CONTEXT('2D SPACE',''
  ) );
#11430 = FACE_BOUND('',#11431,.F.);
#11431 = EDGE_LOOP('',(#11432));
#11432 = ORIENTED_EDGE('',*,*,#11433,.T.);
#11433 = EDGE_CURVE('',#11434,#11434,#11436,.T.);
#11434 = VERTEX_POINT('',#11435);
#11435 = CARTESIAN_POINT('',(117.0974,-59.3504,0.));
#11436 = SURFACE_CURVE('',#11437,(#11442,#11453),.PCURVE_S1.);
#11437 = CIRCLE('',#11438,0.4064);
#11438 = AXIS2_PLACEMENT_3D('',#11439,#11440,#11441);
#11439 = CARTESIAN_POINT('',(117.0974,-58.944,0.));
#11440 = DIRECTION('',(-0.,-0.,-1.));
#11441 = DIRECTION('',(0.,-1.,0.));
#11442 = PCURVE('',#132,#11443);
#11443 = DEFINITIONAL_REPRESENTATION('',(#11444),#11452);
#11444 = ( BOUNDED_CURVE() B_SPLINE_CURVE(2,(#11445,#11446,#11447,#11448
    ,#11449,#11450,#11451),.UNSPECIFIED.,.T.,.F.) 
B_SPLINE_CURVE_WITH_KNOTS((1,2,2,2,2,1),(-2.094395102393,0.,
    2.094395102393,4.188790204786,6.28318530718,8.377580409573),
.UNSPECIFIED.) CURVE() GEOMETRIC_REPRESENTATION_ITEM() 
RATIONAL_B_SPLINE_CURVE((1.,0.5,1.,0.5,1.,0.5,1.)) REPRESENTATION_ITEM(
  '') );
#11445 = CARTESIAN_POINT('',(117.0974,-59.3504));
#11446 = CARTESIAN_POINT('',(116.3934945518,-59.3504));
#11447 = CARTESIAN_POINT('',(116.7454472759,-58.7408));
#11448 = CARTESIAN_POINT('',(117.0974,-58.1312));
#11449 = CARTESIAN_POINT('',(117.44935272409,-58.7408));
#11450 = CARTESIAN_POINT('',(117.80130544819,-59.3504));
#11451 = CARTESIAN_POINT('',(117.0974,-59.3504));
#11452 = ( GEOMETRIC_REPRESENTATION_CONTEXT(2) 
PARAMETRIC_REPRESENTATION_CONTEXT() REPRESENTATION_CONTEXT('2D SPACE',''
  ) );
#11453 = PCURVE('',#5732,#11454);
#11454 = DEFINITIONAL_REPRESENTATION('',(#11455),#11459);
#11455 = LINE('',#11456,#11457);
#11456 = CARTESIAN_POINT('',(0.,-4.6E-02));
#11457 = VECTOR('',#11458,1.);
#11458 = DIRECTION('',(1.,0.));
#11459 = ( GEOMETRIC_REPRESENTATION_CONTEXT(2) 
PARAMETRIC_REPRESENTATION_CONTEXT() REPRESENTATION_CONTEXT('2D SPACE',''
  ) );
#11460 = FACE_BOUND('',#11461,.F.);
#11461 = EDGE_LOOP('',(#11462));
#11462 = ORIENTED_EDGE('',*,*,#11463,.T.);
#11463 = EDGE_CURVE('',#11464,#11464,#11466,.T.);
#11464 = VERTEX_POINT('',#11465);
#11465 = CARTESIAN_POINT('',(117.0974,-56.8104,0.));
#11466 = SURFACE_CURVE('',#11467,(#11472,#11483),.PCURVE_S1.);
#11467 = CIRCLE('',#11468,0.4064);
#11468 = AXIS2_PLACEMENT_3D('',#11469,#11470,#11471);
#11469 = CARTESIAN_POINT('',(117.0974,-56.404,0.));
#11470 = DIRECTION('',(-0.,-0.,-1.));
#11471 = DIRECTION('',(0.,-1.,0.));
#11472 = PCURVE('',#132,#11473);
#11473 = DEFINITIONAL_REPRESENTATION('',(#11474),#11482);
#11474 = ( BOUNDED_CURVE() B_SPLINE_CURVE(2,(#11475,#11476,#11477,#11478
    ,#11479,#11480,#11481),.UNSPECIFIED.,.T.,.F.) 
B_SPLINE_CURVE_WITH_KNOTS((1,2,2,2,2,1),(-2.094395102393,0.,
    2.094395102393,4.188790204786,6.28318530718,8.377580409573),
.UNSPECIFIED.) CURVE() GEOMETRIC_REPRESENTATION_ITEM() 
RATIONAL_B_SPLINE_CURVE((1.,0.5,1.,0.5,1.,0.5,1.)) REPRESENTATION_ITEM(
  '') );
#11475 = CARTESIAN_POINT('',(117.0974,-56.8104));
#11476 = CARTESIAN_POINT('',(116.3934945518,-56.8104));
#11477 = CARTESIAN_POINT('',(116.7454472759,-56.2008));
#11478 = CARTESIAN_POINT('',(117.0974,-55.5912));
#11479 = CARTESIAN_POINT('',(117.44935272409,-56.2008));
#11480 = CARTESIAN_POINT('',(117.80130544819,-56.8104));
#11481 = CARTESIAN_POINT('',(117.0974,-56.8104));
#11482 = ( GEOMETRIC_REPRESENTATION_CONTEXT(2) 
PARAMETRIC_REPRESENTATION_CONTEXT() REPRESENTATION_CONTEXT('2D SPACE',''
  ) );
#11483 = PCURVE('',#5767,#11484);
#11484 = DEFINITIONAL_REPRESENTATION('',(#11485),#11489);
#11485 = LINE('',#11486,#11487);
#11486 = CARTESIAN_POINT('',(0.,-4.6E-02));
#11487 = VECTOR('',#11488,1.);
#11488 = DIRECTION('',(1.,0.));
#11489 = ( GEOMETRIC_REPRESENTATION_CONTEXT(2) 
PARAMETRIC_REPRESENTATION_CONTEXT() REPRESENTATION_CONTEXT('2D SPACE',''
  ) );
#11490 = FACE_BOUND('',#11491,.F.);
#11491 = EDGE_LOOP('',(#11492));
#11492 = ORIENTED_EDGE('',*,*,#11493,.T.);
#11493 = EDGE_CURVE('',#11494,#11494,#11496,.T.);
#11494 = VERTEX_POINT('',#11495);
#11495 = CARTESIAN_POINT('',(117.0974,-54.2704,0.));
#11496 = SURFACE_CURVE('',#11497,(#11502,#11513),.PCURVE_S1.);
#11497 = CIRCLE('',#11498,0.4064);
#11498 = AXIS2_PLACEMENT_3D('',#11499,#11500,#11501);
#11499 = CARTESIAN_POINT('',(117.0974,-53.864,0.));
#11500 = DIRECTION('',(-0.,-0.,-1.));
#11501 = DIRECTION('',(0.,-1.,0.));
#11502 = PCURVE('',#132,#11503);
#11503 = DEFINITIONAL_REPRESENTATION('',(#11504),#11512);
#11504 = ( BOUNDED_CURVE() B_SPLINE_CURVE(2,(#11505,#11506,#11507,#11508
    ,#11509,#11510,#11511),.UNSPECIFIED.,.T.,.F.) 
B_SPLINE_CURVE_WITH_KNOTS((1,2,2,2,2,1),(-2.094395102393,0.,
    2.094395102393,4.188790204786,6.28318530718,8.377580409573),
.UNSPECIFIED.) CURVE() GEOMETRIC_REPRESENTATION_ITEM() 
RATIONAL_B_SPLINE_CURVE((1.,0.5,1.,0.5,1.,0.5,1.)) REPRESENTATION_ITEM(
  '') );
#11505 = CARTESIAN_POINT('',(117.0974,-54.2704));
#11506 = CARTESIAN_POINT('',(116.3934945518,-54.2704));
#11507 = CARTESIAN_POINT('',(116.7454472759,-53.6608));
#11508 = CARTESIAN_POINT('',(117.0974,-53.0512));
#11509 = CARTESIAN_POINT('',(117.44935272409,-53.6608));
#11510 = CARTESIAN_POINT('',(117.80130544819,-54.2704));
#11511 = CARTESIAN_POINT('',(117.0974,-54.2704));
#11512 = ( GEOMETRIC_REPRESENTATION_CONTEXT(2) 
PARAMETRIC_REPRESENTATION_CONTEXT() REPRESENTATION_CONTEXT('2D SPACE',''
  ) );
#11513 = PCURVE('',#5802,#11514);
#11514 = DEFINITIONAL_REPRESENTATION('',(#11515),#11519);
#11515 = LINE('',#11516,#11517);
#11516 = CARTESIAN_POINT('',(0.,-4.6E-02));
#11517 = VECTOR('',#11518,1.);
#11518 = DIRECTION('',(1.,0.));
#11519 = ( GEOMETRIC_REPRESENTATION_CONTEXT(2) 
PARAMETRIC_REPRESENTATION_CONTEXT() REPRESENTATION_CONTEXT('2D SPACE',''
  ) );
#11520 = FACE_BOUND('',#11521,.F.);
#11521 = EDGE_LOOP('',(#11522));
#11522 = ORIENTED_EDGE('',*,*,#11523,.T.);
#11523 = EDGE_CURVE('',#11524,#11524,#11526,.T.);
#11524 = VERTEX_POINT('',#11525);
#11525 = CARTESIAN_POINT('',(117.0974,-51.7304,0.));
#11526 = SURFACE_CURVE('',#11527,(#11532,#11543),.PCURVE_S1.);
#11527 = CIRCLE('',#11528,0.4064);
#11528 = AXIS2_PLACEMENT_3D('',#11529,#11530,#11531);
#11529 = CARTESIAN_POINT('',(117.0974,-51.324,0.));
#11530 = DIRECTION('',(-0.,-0.,-1.));
#11531 = DIRECTION('',(0.,-1.,0.));
#11532 = PCURVE('',#132,#11533);
#11533 = DEFINITIONAL_REPRESENTATION('',(#11534),#11542);
#11534 = ( BOUNDED_CURVE() B_SPLINE_CURVE(2,(#11535,#11536,#11537,#11538
    ,#11539,#11540,#11541),.UNSPECIFIED.,.T.,.F.) 
B_SPLINE_CURVE_WITH_KNOTS((1,2,2,2,2,1),(-2.094395102393,0.,
    2.094395102393,4.188790204786,6.28318530718,8.377580409573),
.UNSPECIFIED.) CURVE() GEOMETRIC_REPRESENTATION_ITEM() 
RATIONAL_B_SPLINE_CURVE((1.,0.5,1.,0.5,1.,0.5,1.)) REPRESENTATION_ITEM(
  '') );
#11535 = CARTESIAN_POINT('',(117.0974,-51.7304));
#11536 = CARTESIAN_POINT('',(116.3934945518,-51.7304));
#11537 = CARTESIAN_POINT('',(116.7454472759,-51.1208));
#11538 = CARTESIAN_POINT('',(117.0974,-50.5112));
#11539 = CARTESIAN_POINT('',(117.44935272409,-51.1208));
#11540 = CARTESIAN_POINT('',(117.80130544819,-51.7304));
#11541 = CARTESIAN_POINT('',(117.0974,-51.7304));
#11542 = ( GEOMETRIC_REPRESENTATION_CONTEXT(2) 
PARAMETRIC_REPRESENTATION_CONTEXT() REPRESENTATION_CONTEXT('2D SPACE',''
  ) );
#11543 = PCURVE('',#5837,#11544);
#11544 = DEFINITIONAL_REPRESENTATION('',(#11545),#11549);
#11545 = LINE('',#11546,#11547);
#11546 = CARTESIAN_POINT('',(0.,-4.6E-02));
#11547 = VECTOR('',#11548,1.);
#11548 = DIRECTION('',(1.,0.));
#11549 = ( GEOMETRIC_REPRESENTATION_CONTEXT(2) 
PARAMETRIC_REPRESENTATION_CONTEXT() REPRESENTATION_CONTEXT('2D SPACE',''
  ) );
#11550 = FACE_BOUND('',#11551,.F.);
#11551 = EDGE_LOOP('',(#11552));
#11552 = ORIENTED_EDGE('',*,*,#11553,.T.);
#11553 = EDGE_CURVE('',#11554,#11554,#11556,.T.);
#11554 = VERTEX_POINT('',#11555);
#11555 = CARTESIAN_POINT('',(132.3174,-59.3504,0.));
#11556 = SURFACE_CURVE('',#11557,(#11562,#11573),.PCURVE_S1.);
#11557 = CIRCLE('',#11558,0.4064);
#11558 = AXIS2_PLACEMENT_3D('',#11559,#11560,#11561);
#11559 = CARTESIAN_POINT('',(132.3174,-58.944,0.));
#11560 = DIRECTION('',(-0.,0.,-1.));
#11561 = DIRECTION('',(-6.993530863781E-14,-1.,0.));
#11562 = PCURVE('',#132,#11563);
#11563 = DEFINITIONAL_REPRESENTATION('',(#11564),#11572);
#11564 = ( BOUNDED_CURVE() B_SPLINE_CURVE(2,(#11565,#11566,#11567,#11568
    ,#11569,#11570,#11571),.UNSPECIFIED.,.T.,.F.) 
B_SPLINE_CURVE_WITH_KNOTS((1,2,2,2,2,1),(-2.094395102393,0.,
    2.094395102393,4.188790204786,6.28318530718,8.377580409573),
.UNSPECIFIED.) CURVE() GEOMETRIC_REPRESENTATION_ITEM() 
RATIONAL_B_SPLINE_CURVE((1.,0.5,1.,0.5,1.,0.5,1.)) REPRESENTATION_ITEM(
  '') );
#11565 = CARTESIAN_POINT('',(132.3174,-59.3504));
#11566 = CARTESIAN_POINT('',(131.6134945518,-59.3504));
#11567 = CARTESIAN_POINT('',(131.9654472759,-58.7408));
#11568 = CARTESIAN_POINT('',(132.3174,-58.1312));
#11569 = CARTESIAN_POINT('',(132.66935272409,-58.7408));
#11570 = CARTESIAN_POINT('',(133.02130544819,-59.3504));
#11571 = CARTESIAN_POINT('',(132.3174,-59.3504));
#11572 = ( GEOMETRIC_REPRESENTATION_CONTEXT(2) 
PARAMETRIC_REPRESENTATION_CONTEXT() REPRESENTATION_CONTEXT('2D SPACE',''
  ) );
#11573 = PCURVE('',#5872,#11574);
#11574 = DEFINITIONAL_REPRESENTATION('',(#11575),#11579);
#11575 = LINE('',#11576,#11577);
#11576 = CARTESIAN_POINT('',(0.,-4.6E-02));
#11577 = VECTOR('',#11578,1.);
#11578 = DIRECTION('',(1.,0.));
#11579 = ( GEOMETRIC_REPRESENTATION_CONTEXT(2) 
PARAMETRIC_REPRESENTATION_CONTEXT() REPRESENTATION_CONTEXT('2D SPACE',''
  ) );
#11580 = FACE_BOUND('',#11581,.F.);
#11581 = EDGE_LOOP('',(#11582));
#11582 = ORIENTED_EDGE('',*,*,#11583,.T.);
#11583 = EDGE_CURVE('',#11584,#11584,#11586,.T.);
#11584 = VERTEX_POINT('',#11585);
#11585 = CARTESIAN_POINT('',(132.3174,-56.8104,0.));
#11586 = SURFACE_CURVE('',#11587,(#11592,#11603),.PCURVE_S1.);
#11587 = CIRCLE('',#11588,0.4064);
#11588 = AXIS2_PLACEMENT_3D('',#11589,#11590,#11591);
#11589 = CARTESIAN_POINT('',(132.3174,-56.404,0.));
#11590 = DIRECTION('',(-0.,0.,-1.));
#11591 = DIRECTION('',(-6.993530863781E-14,-1.,0.));
#11592 = PCURVE('',#132,#11593);
#11593 = DEFINITIONAL_REPRESENTATION('',(#11594),#11602);
#11594 = ( BOUNDED_CURVE() B_SPLINE_CURVE(2,(#11595,#11596,#11597,#11598
    ,#11599,#11600,#11601),.UNSPECIFIED.,.T.,.F.) 
B_SPLINE_CURVE_WITH_KNOTS((1,2,2,2,2,1),(-2.094395102393,0.,
    2.094395102393,4.188790204786,6.28318530718,8.377580409573),
.UNSPECIFIED.) CURVE() GEOMETRIC_REPRESENTATION_ITEM() 
RATIONAL_B_SPLINE_CURVE((1.,0.5,1.,0.5,1.,0.5,1.)) REPRESENTATION_ITEM(
  '') );
#11595 = CARTESIAN_POINT('',(132.3174,-56.8104));
#11596 = CARTESIAN_POINT('',(131.6134945518,-56.8104));
#11597 = CARTESIAN_POINT('',(131.9654472759,-56.2008));
#11598 = CARTESIAN_POINT('',(132.3174,-55.5912));
#11599 = CARTESIAN_POINT('',(132.66935272409,-56.2008));
#11600 = CARTESIAN_POINT('',(133.02130544819,-56.8104));
#11601 = CARTESIAN_POINT('',(132.3174,-56.8104));
#11602 = ( GEOMETRIC_REPRESENTATION_CONTEXT(2) 
PARAMETRIC_REPRESENTATION_CONTEXT() REPRESENTATION_CONTEXT('2D SPACE',''
  ) );
#11603 = PCURVE('',#5907,#11604);
#11604 = DEFINITIONAL_REPRESENTATION('',(#11605),#11609);
#11605 = LINE('',#11606,#11607);
#11606 = CARTESIAN_POINT('',(0.,-4.6E-02));
#11607 = VECTOR('',#11608,1.);
#11608 = DIRECTION('',(1.,0.));
#11609 = ( GEOMETRIC_REPRESENTATION_CONTEXT(2) 
PARAMETRIC_REPRESENTATION_CONTEXT() REPRESENTATION_CONTEXT('2D SPACE',''
  ) );
#11610 = FACE_BOUND('',#11611,.F.);
#11611 = EDGE_LOOP('',(#11612));
#11612 = ORIENTED_EDGE('',*,*,#11613,.T.);
#11613 = EDGE_CURVE('',#11614,#11614,#11616,.T.);
#11614 = VERTEX_POINT('',#11615);
#11615 = CARTESIAN_POINT('',(132.3174,-54.2704,0.));
#11616 = SURFACE_CURVE('',#11617,(#11622,#11633),.PCURVE_S1.);
#11617 = CIRCLE('',#11618,0.4064);
#11618 = AXIS2_PLACEMENT_3D('',#11619,#11620,#11621);
#11619 = CARTESIAN_POINT('',(132.3174,-53.864,0.));
#11620 = DIRECTION('',(-0.,0.,-1.));
#11621 = DIRECTION('',(-6.993530863781E-14,-1.,0.));
#11622 = PCURVE('',#132,#11623);
#11623 = DEFINITIONAL_REPRESENTATION('',(#11624),#11632);
#11624 = ( BOUNDED_CURVE() B_SPLINE_CURVE(2,(#11625,#11626,#11627,#11628
    ,#11629,#11630,#11631),.UNSPECIFIED.,.T.,.F.) 
B_SPLINE_CURVE_WITH_KNOTS((1,2,2,2,2,1),(-2.094395102393,0.,
    2.094395102393,4.188790204786,6.28318530718,8.377580409573),
.UNSPECIFIED.) CURVE() GEOMETRIC_REPRESENTATION_ITEM() 
RATIONAL_B_SPLINE_CURVE((1.,0.5,1.,0.5,1.,0.5,1.)) REPRESENTATION_ITEM(
  '') );
#11625 = CARTESIAN_POINT('',(132.3174,-54.2704));
#11626 = CARTESIAN_POINT('',(131.6134945518,-54.2704));
#11627 = CARTESIAN_POINT('',(131.9654472759,-53.6608));
#11628 = CARTESIAN_POINT('',(132.3174,-53.0512));
#11629 = CARTESIAN_POINT('',(132.66935272409,-53.6608));
#11630 = CARTESIAN_POINT('',(133.02130544819,-54.2704));
#11631 = CARTESIAN_POINT('',(132.3174,-54.2704));
#11632 = ( GEOMETRIC_REPRESENTATION_CONTEXT(2) 
PARAMETRIC_REPRESENTATION_CONTEXT() REPRESENTATION_CONTEXT('2D SPACE',''
  ) );
#11633 = PCURVE('',#5942,#11634);
#11634 = DEFINITIONAL_REPRESENTATION('',(#11635),#11639);
#11635 = LINE('',#11636,#11637);
#11636 = CARTESIAN_POINT('',(0.,-4.6E-02));
#11637 = VECTOR('',#11638,1.);
#11638 = DIRECTION('',(1.,0.));
#11639 = ( GEOMETRIC_REPRESENTATION_CONTEXT(2) 
PARAMETRIC_REPRESENTATION_CONTEXT() REPRESENTATION_CONTEXT('2D SPACE',''
  ) );
#11640 = FACE_BOUND('',#11641,.F.);
#11641 = EDGE_LOOP('',(#11642));
#11642 = ORIENTED_EDGE('',*,*,#11643,.T.);
#11643 = EDGE_CURVE('',#11644,#11644,#11646,.T.);
#11644 = VERTEX_POINT('',#11645);
#11645 = CARTESIAN_POINT('',(132.3174,-51.7304,0.));
#11646 = SURFACE_CURVE('',#11647,(#11652,#11663),.PCURVE_S1.);
#11647 = CIRCLE('',#11648,0.4064);
#11648 = AXIS2_PLACEMENT_3D('',#11649,#11650,#11651);
#11649 = CARTESIAN_POINT('',(132.3174,-51.324,0.));
#11650 = DIRECTION('',(-0.,0.,-1.));
#11651 = DIRECTION('',(-6.993530863781E-14,-1.,0.));
#11652 = PCURVE('',#132,#11653);
#11653 = DEFINITIONAL_REPRESENTATION('',(#11654),#11662);
#11654 = ( BOUNDED_CURVE() B_SPLINE_CURVE(2,(#11655,#11656,#11657,#11658
    ,#11659,#11660,#11661),.UNSPECIFIED.,.T.,.F.) 
B_SPLINE_CURVE_WITH_KNOTS((1,2,2,2,2,1),(-2.094395102393,0.,
    2.094395102393,4.188790204786,6.28318530718,8.377580409573),
.UNSPECIFIED.) CURVE() GEOMETRIC_REPRESENTATION_ITEM() 
RATIONAL_B_SPLINE_CURVE((1.,0.5,1.,0.5,1.,0.5,1.)) REPRESENTATION_ITEM(
  '') );
#11655 = CARTESIAN_POINT('',(132.3174,-51.7304));
#11656 = CARTESIAN_POINT('',(131.6134945518,-51.7304));
#11657 = CARTESIAN_POINT('',(131.9654472759,-51.1208));
#11658 = CARTESIAN_POINT('',(132.3174,-50.5112));
#11659 = CARTESIAN_POINT('',(132.66935272409,-51.1208));
#11660 = CARTESIAN_POINT('',(133.02130544819,-51.7304));
#11661 = CARTESIAN_POINT('',(132.3174,-51.7304));
#11662 = ( GEOMETRIC_REPRESENTATION_CONTEXT(2) 
PARAMETRIC_REPRESENTATION_CONTEXT() REPRESENTATION_CONTEXT('2D SPACE',''
  ) );
#11663 = PCURVE('',#5977,#11664);
#11664 = DEFINITIONAL_REPRESENTATION('',(#11665),#11669);
#11665 = LINE('',#11666,#11667);
#11666 = CARTESIAN_POINT('',(0.,-4.6E-02));
#11667 = VECTOR('',#11668,1.);
#11668 = DIRECTION('',(1.,0.));
#11669 = ( GEOMETRIC_REPRESENTATION_CONTEXT(2) 
PARAMETRIC_REPRESENTATION_CONTEXT() REPRESENTATION_CONTEXT('2D SPACE',''
  ) );
#11670 = FACE_BOUND('',#11671,.F.);
#11671 = EDGE_LOOP('',(#11672));
#11672 = ORIENTED_EDGE('',*,*,#11673,.T.);
#11673 = EDGE_CURVE('',#11674,#11674,#11676,.T.);
#11674 = VERTEX_POINT('',#11675);
#11675 = CARTESIAN_POINT('',(87.938,-48.259,0.));
#11676 = SURFACE_CURVE('',#11677,(#11682,#11693),.PCURVE_S1.);
#11677 = CIRCLE('',#11678,0.635);
#11678 = AXIS2_PLACEMENT_3D('',#11679,#11680,#11681);
#11679 = CARTESIAN_POINT('',(87.938,-47.624,0.));
#11680 = DIRECTION('',(0.,-0.,-1.));
#11681 = DIRECTION('',(2.23792987641E-14,-1.,0.));
#11682 = PCURVE('',#132,#11683);
#11683 = DEFINITIONAL_REPRESENTATION('',(#11684),#11692);
#11684 = ( BOUNDED_CURVE() B_SPLINE_CURVE(2,(#11685,#11686,#11687,#11688
    ,#11689,#11690,#11691),.UNSPECIFIED.,.T.,.F.) 
B_SPLINE_CURVE_WITH_KNOTS((1,2,2,2,2,1),(-2.094395102393,0.,
    2.094395102393,4.188790204786,6.28318530718,8.377580409573),
.UNSPECIFIED.) CURVE() GEOMETRIC_REPRESENTATION_ITEM() 
RATIONAL_B_SPLINE_CURVE((1.,0.5,1.,0.5,1.,0.5,1.)) REPRESENTATION_ITEM(
  '') );
#11685 = CARTESIAN_POINT('',(87.938,-48.259));
#11686 = CARTESIAN_POINT('',(86.838147737194,-48.259));
#11687 = CARTESIAN_POINT('',(87.388073868597,-47.3065));
#11688 = CARTESIAN_POINT('',(87.938,-46.354));
#11689 = CARTESIAN_POINT('',(88.487926131403,-47.3065));
#11690 = CARTESIAN_POINT('',(89.037852262806,-48.259));
#11691 = CARTESIAN_POINT('',(87.938,-48.259));
#11692 = ( GEOMETRIC_REPRESENTATION_CONTEXT(2) 
PARAMETRIC_REPRESENTATION_CONTEXT() REPRESENTATION_CONTEXT('2D SPACE',''
  ) );
#11693 = PCURVE('',#6012,#11694);
#11694 = DEFINITIONAL_REPRESENTATION('',(#11695),#11699);
#11695 = LINE('',#11696,#11697);
#11696 = CARTESIAN_POINT('',(0.,-4.6E-02));
#11697 = VECTOR('',#11698,1.);
#11698 = DIRECTION('',(1.,0.));
#11699 = ( GEOMETRIC_REPRESENTATION_CONTEXT(2) 
PARAMETRIC_REPRESENTATION_CONTEXT() REPRESENTATION_CONTEXT('2D SPACE',''
  ) );
#11700 = FACE_BOUND('',#11701,.F.);
#11701 = EDGE_LOOP('',(#11702));
#11702 = ORIENTED_EDGE('',*,*,#11703,.T.);
#11703 = EDGE_CURVE('',#11704,#11704,#11706,.T.);
#11704 = VERTEX_POINT('',#11705);
#11705 = CARTESIAN_POINT('',(82.938,-46.159,0.));
#11706 = SURFACE_CURVE('',#11707,(#11712,#11723),.PCURVE_S1.);
#11707 = CIRCLE('',#11708,0.635);
#11708 = AXIS2_PLACEMENT_3D('',#11709,#11710,#11711);
#11709 = CARTESIAN_POINT('',(82.938,-45.524,0.));
#11710 = DIRECTION('',(0.,-0.,-1.));
#11711 = DIRECTION('',(2.23792987641E-14,-1.,0.));
#11712 = PCURVE('',#132,#11713);
#11713 = DEFINITIONAL_REPRESENTATION('',(#11714),#11722);
#11714 = ( BOUNDED_CURVE() B_SPLINE_CURVE(2,(#11715,#11716,#11717,#11718
    ,#11719,#11720,#11721),.UNSPECIFIED.,.T.,.F.) 
B_SPLINE_CURVE_WITH_KNOTS((1,2,2,2,2,1),(-2.094395102393,0.,
    2.094395102393,4.188790204786,6.28318530718,8.377580409573),
.UNSPECIFIED.) CURVE() GEOMETRIC_REPRESENTATION_ITEM() 
RATIONAL_B_SPLINE_CURVE((1.,0.5,1.,0.5,1.,0.5,1.)) REPRESENTATION_ITEM(
  '') );
#11715 = CARTESIAN_POINT('',(82.938,-46.159));
#11716 = CARTESIAN_POINT('',(81.838147737194,-46.159));
#11717 = CARTESIAN_POINT('',(82.388073868597,-45.2065));
#11718 = CARTESIAN_POINT('',(82.938,-44.254));
#11719 = CARTESIAN_POINT('',(83.487926131403,-45.2065));
#11720 = CARTESIAN_POINT('',(84.037852262806,-46.159));
#11721 = CARTESIAN_POINT('',(82.938,-46.159));
#11722 = ( GEOMETRIC_REPRESENTATION_CONTEXT(2) 
PARAMETRIC_REPRESENTATION_CONTEXT() REPRESENTATION_CONTEXT('2D SPACE',''
  ) );
#11723 = PCURVE('',#6047,#11724);
#11724 = DEFINITIONAL_REPRESENTATION('',(#11725),#11729);
#11725 = LINE('',#11726,#11727);
#11726 = CARTESIAN_POINT('',(0.,-4.6E-02));
#11727 = VECTOR('',#11728,1.);
#11728 = DIRECTION('',(1.,0.));
#11729 = ( GEOMETRIC_REPRESENTATION_CONTEXT(2) 
PARAMETRIC_REPRESENTATION_CONTEXT() REPRESENTATION_CONTEXT('2D SPACE',''
  ) );
#11730 = FACE_BOUND('',#11731,.F.);
#11731 = EDGE_LOOP('',(#11732));
#11732 = ORIENTED_EDGE('',*,*,#11733,.T.);
#11733 = EDGE_CURVE('',#11734,#11734,#11736,.T.);
#11734 = VERTEX_POINT('',#11735);
#11735 = CARTESIAN_POINT('',(82.438,-42.5749,0.));
#11736 = SURFACE_CURVE('',#11737,(#11742,#11753),.PCURVE_S1.);
#11737 = CIRCLE('',#11738,0.8509);
#11738 = AXIS2_PLACEMENT_3D('',#11739,#11740,#11741);
#11739 = CARTESIAN_POINT('',(82.438,-41.724,0.));
#11740 = DIRECTION('',(-0.,-0.,-1.));
#11741 = DIRECTION('',(0.,-1.,0.));
#11742 = PCURVE('',#132,#11743);
#11743 = DEFINITIONAL_REPRESENTATION('',(#11744),#11752);
#11744 = ( BOUNDED_CURVE() B_SPLINE_CURVE(2,(#11745,#11746,#11747,#11748
    ,#11749,#11750,#11751),.UNSPECIFIED.,.T.,.F.) 
B_SPLINE_CURVE_WITH_KNOTS((1,2,2,2,2,1),(-2.094395102393,0.,
    2.094395102393,4.188790204786,6.28318530718,8.377580409573),
.UNSPECIFIED.) CURVE() GEOMETRIC_REPRESENTATION_ITEM() 
RATIONAL_B_SPLINE_CURVE((1.,0.5,1.,0.5,1.,0.5,1.)) REPRESENTATION_ITEM(
  '') );
#11745 = CARTESIAN_POINT('',(82.438,-42.5749));
#11746 = CARTESIAN_POINT('',(80.96419796784,-42.5749));
#11747 = CARTESIAN_POINT('',(81.70109898392,-41.29855));
#11748 = CARTESIAN_POINT('',(82.438,-40.0222));
#11749 = CARTESIAN_POINT('',(83.17490101608,-41.29855));
#11750 = CARTESIAN_POINT('',(83.91180203216,-42.5749));
#11751 = CARTESIAN_POINT('',(82.438,-42.5749));
#11752 = ( GEOMETRIC_REPRESENTATION_CONTEXT(2) 
PARAMETRIC_REPRESENTATION_CONTEXT() REPRESENTATION_CONTEXT('2D SPACE',''
  ) );
#11753 = PCURVE('',#6082,#11754);
#11754 = DEFINITIONAL_REPRESENTATION('',(#11755),#11759);
#11755 = LINE('',#11756,#11757);
#11756 = CARTESIAN_POINT('',(0.,-4.6E-02));
#11757 = VECTOR('',#11758,1.);
#11758 = DIRECTION('',(1.,0.));
#11759 = ( GEOMETRIC_REPRESENTATION_CONTEXT(2) 
PARAMETRIC_REPRESENTATION_CONTEXT() REPRESENTATION_CONTEXT('2D SPACE',''
  ) );
#11760 = FACE_BOUND('',#11761,.F.);
#11761 = EDGE_LOOP('',(#11762));
#11762 = ORIENTED_EDGE('',*,*,#11763,.T.);
#11763 = EDGE_CURVE('',#11764,#11764,#11766,.T.);
#11764 = VERTEX_POINT('',#11765);
#11765 = CARTESIAN_POINT('',(87.938,-43.4385,0.));
#11766 = SURFACE_CURVE('',#11767,(#11772,#11783),.PCURVE_S1.);
#11767 = CIRCLE('',#11768,1.7145);
#11768 = AXIS2_PLACEMENT_3D('',#11769,#11770,#11771);
#11769 = CARTESIAN_POINT('',(87.938,-41.724,0.));
#11770 = DIRECTION('',(-0.,-0.,-1.));
#11771 = DIRECTION('',(0.,-1.,0.));
#11772 = PCURVE('',#132,#11773);
#11773 = DEFINITIONAL_REPRESENTATION('',(#11774),#11782);
#11774 = ( BOUNDED_CURVE() B_SPLINE_CURVE(2,(#11775,#11776,#11777,#11778
    ,#11779,#11780,#11781),.UNSPECIFIED.,.T.,.F.) 
B_SPLINE_CURVE_WITH_KNOTS((1,2,2,2,2,1),(-2.094395102393,0.,
    2.094395102393,4.188790204786,6.28318530718,8.377580409573),
.UNSPECIFIED.) CURVE() GEOMETRIC_REPRESENTATION_ITEM() 
RATIONAL_B_SPLINE_CURVE((1.,0.5,1.,0.5,1.,0.5,1.)) REPRESENTATION_ITEM(
  '') );
#11775 = CARTESIAN_POINT('',(87.938,-43.4385));
#11776 = CARTESIAN_POINT('',(84.968398890423,-43.4385));
#11777 = CARTESIAN_POINT('',(86.453199445212,-40.86675));
#11778 = CARTESIAN_POINT('',(87.938,-38.295));
#11779 = CARTESIAN_POINT('',(89.422800554788,-40.86675));
#11780 = CARTESIAN_POINT('',(90.907601109577,-43.4385));
#11781 = CARTESIAN_POINT('',(87.938,-43.4385));
#11782 = ( GEOMETRIC_REPRESENTATION_CONTEXT(2) 
PARAMETRIC_REPRESENTATION_CONTEXT() REPRESENTATION_CONTEXT('2D SPACE',''
  ) );
#11783 = PCURVE('',#6117,#11784);
#11784 = DEFINITIONAL_REPRESENTATION('',(#11785),#11789);
#11785 = LINE('',#11786,#11787);
#11786 = CARTESIAN_POINT('',(0.,-4.6E-02));
#11787 = VECTOR('',#11788,1.);
#11788 = DIRECTION('',(1.,0.));
#11789 = ( GEOMETRIC_REPRESENTATION_CONTEXT(2) 
PARAMETRIC_REPRESENTATION_CONTEXT() REPRESENTATION_CONTEXT('2D SPACE',''
  ) );
#11790 = FACE_BOUND('',#11791,.F.);
#11791 = EDGE_LOOP('',(#11792));
#11792 = ORIENTED_EDGE('',*,*,#11793,.T.);
#11793 = EDGE_CURVE('',#11794,#11794,#11796,.T.);
#11794 = VERTEX_POINT('',#11795);
#11795 = CARTESIAN_POINT('',(100.938,-48.659,0.));
#11796 = SURFACE_CURVE('',#11797,(#11802,#11813),.PCURVE_S1.);
#11797 = CIRCLE('',#11798,0.635);
#11798 = AXIS2_PLACEMENT_3D('',#11799,#11800,#11801);
#11799 = CARTESIAN_POINT('',(100.938,-48.024,0.));
#11800 = DIRECTION('',(0.,-0.,-1.));
#11801 = DIRECTION('',(2.23792987641E-14,-1.,0.));
#11802 = PCURVE('',#132,#11803);
#11803 = DEFINITIONAL_REPRESENTATION('',(#11804),#11812);
#11804 = ( BOUNDED_CURVE() B_SPLINE_CURVE(2,(#11805,#11806,#11807,#11808
    ,#11809,#11810,#11811),.UNSPECIFIED.,.T.,.F.) 
B_SPLINE_CURVE_WITH_KNOTS((1,2,2,2,2,1),(-2.094395102393,0.,
    2.094395102393,4.188790204786,6.28318530718,8.377580409573),
.UNSPECIFIED.) CURVE() GEOMETRIC_REPRESENTATION_ITEM() 
RATIONAL_B_SPLINE_CURVE((1.,0.5,1.,0.5,1.,0.5,1.)) REPRESENTATION_ITEM(
  '') );
#11805 = CARTESIAN_POINT('',(100.938,-48.659));
#11806 = CARTESIAN_POINT('',(99.838147737194,-48.659));
#11807 = CARTESIAN_POINT('',(100.38807386859,-47.7065));
#11808 = CARTESIAN_POINT('',(100.938,-46.754));
#11809 = CARTESIAN_POINT('',(101.4879261314,-47.7065));
#11810 = CARTESIAN_POINT('',(102.0378522628,-48.659));
#11811 = CARTESIAN_POINT('',(100.938,-48.659));
#11812 = ( GEOMETRIC_REPRESENTATION_CONTEXT(2) 
PARAMETRIC_REPRESENTATION_CONTEXT() REPRESENTATION_CONTEXT('2D SPACE',''
  ) );
#11813 = PCURVE('',#6152,#11814);
#11814 = DEFINITIONAL_REPRESENTATION('',(#11815),#11819);
#11815 = LINE('',#11816,#11817);
#11816 = CARTESIAN_POINT('',(0.,-4.6E-02));
#11817 = VECTOR('',#11818,1.);
#11818 = DIRECTION('',(1.,0.));
#11819 = ( GEOMETRIC_REPRESENTATION_CONTEXT(2) 
PARAMETRIC_REPRESENTATION_CONTEXT() REPRESENTATION_CONTEXT('2D SPACE',''
  ) );
#11820 = FACE_BOUND('',#11821,.F.);
#11821 = EDGE_LOOP('',(#11822));
#11822 = ORIENTED_EDGE('',*,*,#11823,.T.);
#11823 = EDGE_CURVE('',#11824,#11824,#11826,.T.);
#11824 = VERTEX_POINT('',#11825);
#11825 = CARTESIAN_POINT('',(93.438,-42.5749,0.));
#11826 = SURFACE_CURVE('',#11827,(#11832,#11843),.PCURVE_S1.);
#11827 = CIRCLE('',#11828,0.8509);
#11828 = AXIS2_PLACEMENT_3D('',#11829,#11830,#11831);
#11829 = CARTESIAN_POINT('',(93.438,-41.724,0.));
#11830 = DIRECTION('',(-0.,-0.,-1.));
#11831 = DIRECTION('',(0.,-1.,0.));
#11832 = PCURVE('',#132,#11833);
#11833 = DEFINITIONAL_REPRESENTATION('',(#11834),#11842);
#11834 = ( BOUNDED_CURVE() B_SPLINE_CURVE(2,(#11835,#11836,#11837,#11838
    ,#11839,#11840,#11841),.UNSPECIFIED.,.T.,.F.) 
B_SPLINE_CURVE_WITH_KNOTS((1,2,2,2,2,1),(-2.094395102393,0.,
    2.094395102393,4.188790204786,6.28318530718,8.377580409573),
.UNSPECIFIED.) CURVE() GEOMETRIC_REPRESENTATION_ITEM() 
RATIONAL_B_SPLINE_CURVE((1.,0.5,1.,0.5,1.,0.5,1.)) REPRESENTATION_ITEM(
  '') );
#11835 = CARTESIAN_POINT('',(93.438,-42.5749));
#11836 = CARTESIAN_POINT('',(91.96419796784,-42.5749));
#11837 = CARTESIAN_POINT('',(92.70109898392,-41.29855));
#11838 = CARTESIAN_POINT('',(93.438,-40.0222));
#11839 = CARTESIAN_POINT('',(94.17490101608,-41.29855));
#11840 = CARTESIAN_POINT('',(94.91180203216,-42.5749));
#11841 = CARTESIAN_POINT('',(93.438,-42.5749));
#11842 = ( GEOMETRIC_REPRESENTATION_CONTEXT(2) 
PARAMETRIC_REPRESENTATION_CONTEXT() REPRESENTATION_CONTEXT('2D SPACE',''
  ) );
#11843 = PCURVE('',#6187,#11844);
#11844 = DEFINITIONAL_REPRESENTATION('',(#11845),#11849);
#11845 = LINE('',#11846,#11847);
#11846 = CARTESIAN_POINT('',(0.,-4.6E-02));
#11847 = VECTOR('',#11848,1.);
#11848 = DIRECTION('',(1.,0.));
#11849 = ( GEOMETRIC_REPRESENTATION_CONTEXT(2) 
PARAMETRIC_REPRESENTATION_CONTEXT() REPRESENTATION_CONTEXT('2D SPACE',''
  ) );
#11850 = FACE_BOUND('',#11851,.F.);
#11851 = EDGE_LOOP('',(#11852));
#11852 = ORIENTED_EDGE('',*,*,#11853,.T.);
#11853 = EDGE_CURVE('',#11854,#11854,#11856,.T.);
#11854 = VERTEX_POINT('',#11855);
#11855 = CARTESIAN_POINT('',(100.438,-45.0749,0.));
#11856 = SURFACE_CURVE('',#11857,(#11862,#11873),.PCURVE_S1.);
#11857 = CIRCLE('',#11858,0.8509);
#11858 = AXIS2_PLACEMENT_3D('',#11859,#11860,#11861);
#11859 = CARTESIAN_POINT('',(100.438,-44.224,0.));
#11860 = DIRECTION('',(-0.,-0.,-1.));
#11861 = DIRECTION('',(0.,-1.,0.));
#11862 = PCURVE('',#132,#11863);
#11863 = DEFINITIONAL_REPRESENTATION('',(#11864),#11872);
#11864 = ( BOUNDED_CURVE() B_SPLINE_CURVE(2,(#11865,#11866,#11867,#11868
    ,#11869,#11870,#11871),.UNSPECIFIED.,.T.,.F.) 
B_SPLINE_CURVE_WITH_KNOTS((1,2,2,2,2,1),(-2.094395102393,0.,
    2.094395102393,4.188790204786,6.28318530718,8.377580409573),
.UNSPECIFIED.) CURVE() GEOMETRIC_REPRESENTATION_ITEM() 
RATIONAL_B_SPLINE_CURVE((1.,0.5,1.,0.5,1.,0.5,1.)) REPRESENTATION_ITEM(
  '') );
#11865 = CARTESIAN_POINT('',(100.438,-45.0749));
#11866 = CARTESIAN_POINT('',(98.96419796784,-45.0749));
#11867 = CARTESIAN_POINT('',(99.70109898392,-43.79855));
#11868 = CARTESIAN_POINT('',(100.438,-42.5222));
#11869 = CARTESIAN_POINT('',(101.17490101608,-43.79855));
#11870 = CARTESIAN_POINT('',(101.91180203216,-45.0749));
#11871 = CARTESIAN_POINT('',(100.438,-45.0749));
#11872 = ( GEOMETRIC_REPRESENTATION_CONTEXT(2) 
PARAMETRIC_REPRESENTATION_CONTEXT() REPRESENTATION_CONTEXT('2D SPACE',''
  ) );
#11873 = PCURVE('',#6222,#11874);
#11874 = DEFINITIONAL_REPRESENTATION('',(#11875),#11879);
#11875 = LINE('',#11876,#11877);
#11876 = CARTESIAN_POINT('',(0.,-4.6E-02));
#11877 = VECTOR('',#11878,1.);
#11878 = DIRECTION('',(1.,0.));
#11879 = ( GEOMETRIC_REPRESENTATION_CONTEXT(2) 
PARAMETRIC_REPRESENTATION_CONTEXT() REPRESENTATION_CONTEXT('2D SPACE',''
  ) );
#11880 = FACE_BOUND('',#11881,.F.);
#11881 = EDGE_LOOP('',(#11882));
#11882 = ORIENTED_EDGE('',*,*,#11883,.T.);
#11883 = EDGE_CURVE('',#11884,#11884,#11886,.T.);
#11884 = VERTEX_POINT('',#11885);
#11885 = CARTESIAN_POINT('',(82.718,-38.0193,0.));
#11886 = SURFACE_CURVE('',#11887,(#11892,#11903),.PCURVE_S1.);
#11887 = CIRCLE('',#11888,0.4953);
#11888 = AXIS2_PLACEMENT_3D('',#11889,#11890,#11891);
#11889 = CARTESIAN_POINT('',(82.718,-37.524,0.));
#11890 = DIRECTION('',(-0.,-0.,-1.));
#11891 = DIRECTION('',(0.,-1.,0.));
#11892 = PCURVE('',#132,#11893);
#11893 = DEFINITIONAL_REPRESENTATION('',(#11894),#11902);
#11894 = ( BOUNDED_CURVE() B_SPLINE_CURVE(2,(#11895,#11896,#11897,#11898
    ,#11899,#11900,#11901),.UNSPECIFIED.,.T.,.F.) 
B_SPLINE_CURVE_WITH_KNOTS((1,2,2,2,2,1),(-2.094395102393,0.,
    2.094395102393,4.188790204786,6.28318530718,8.377580409573),
.UNSPECIFIED.) CURVE() GEOMETRIC_REPRESENTATION_ITEM() 
RATIONAL_B_SPLINE_CURVE((1.,0.5,1.,0.5,1.,0.5,1.)) REPRESENTATION_ITEM(
  '') );
#11895 = CARTESIAN_POINT('',(82.718,-38.0193));
#11896 = CARTESIAN_POINT('',(81.860115235011,-38.0193));
#11897 = CARTESIAN_POINT('',(82.289057617506,-37.27635));
#11898 = CARTESIAN_POINT('',(82.718,-36.5334));
#11899 = CARTESIAN_POINT('',(83.146942382494,-37.27635));
#11900 = CARTESIAN_POINT('',(83.575884764989,-38.0193));
#11901 = CARTESIAN_POINT('',(82.718,-38.0193));
#11902 = ( GEOMETRIC_REPRESENTATION_CONTEXT(2) 
PARAMETRIC_REPRESENTATION_CONTEXT() REPRESENTATION_CONTEXT('2D SPACE',''
  ) );
#11903 = PCURVE('',#6257,#11904);
#11904 = DEFINITIONAL_REPRESENTATION('',(#11905),#11909);
#11905 = LINE('',#11906,#11907);
#11906 = CARTESIAN_POINT('',(0.,-4.6E-02));
#11907 = VECTOR('',#11908,1.);
#11908 = DIRECTION('',(1.,0.));
#11909 = ( GEOMETRIC_REPRESENTATION_CONTEXT(2) 
PARAMETRIC_REPRESENTATION_CONTEXT() REPRESENTATION_CONTEXT('2D SPACE',''
  ) );
#11910 = FACE_BOUND('',#11911,.F.);
#11911 = EDGE_LOOP('',(#11912));
#11912 = ORIENTED_EDGE('',*,*,#11913,.T.);
#11913 = EDGE_CURVE('',#11914,#11914,#11916,.T.);
#11914 = VERTEX_POINT('',#11915);
#11915 = CARTESIAN_POINT('',(79.438,-34.174,0.));
#11916 = SURFACE_CURVE('',#11917,(#11922,#11933),.PCURVE_S1.);
#11917 = CIRCLE('',#11918,1.1);
#11918 = AXIS2_PLACEMENT_3D('',#11919,#11920,#11921);
#11919 = CARTESIAN_POINT('',(79.438,-33.074,0.));
#11920 = DIRECTION('',(0.,-0.,-1.));
#11921 = DIRECTION('',(1.2918958832E-14,-1.,0.));
#11922 = PCURVE('',#132,#11923);
#11923 = DEFINITIONAL_REPRESENTATION('',(#11924),#11932);
#11924 = ( BOUNDED_CURVE() B_SPLINE_CURVE(2,(#11925,#11926,#11927,#11928
    ,#11929,#11930,#11931),.UNSPECIFIED.,.T.,.F.) 
B_SPLINE_CURVE_WITH_KNOTS((1,2,2,2,2,1),(-2.094395102393,0.,
    2.094395102393,4.188790204786,6.28318530718,8.377580409573),
.UNSPECIFIED.) CURVE() GEOMETRIC_REPRESENTATION_ITEM() 
RATIONAL_B_SPLINE_CURVE((1.,0.5,1.,0.5,1.,0.5,1.)) REPRESENTATION_ITEM(
  '') );
#11925 = CARTESIAN_POINT('',(79.438,-34.174));
#11926 = CARTESIAN_POINT('',(77.532744111674,-34.174));
#11927 = CARTESIAN_POINT('',(78.485372055837,-32.524));
#11928 = CARTESIAN_POINT('',(79.438,-30.874));
#11929 = CARTESIAN_POINT('',(80.390627944163,-32.524));
#11930 = CARTESIAN_POINT('',(81.343255888326,-34.174));
#11931 = CARTESIAN_POINT('',(79.438,-34.174));
#11932 = ( GEOMETRIC_REPRESENTATION_CONTEXT(2) 
PARAMETRIC_REPRESENTATION_CONTEXT() REPRESENTATION_CONTEXT('2D SPACE',''
  ) );
#11933 = PCURVE('',#6292,#11934);
#11934 = DEFINITIONAL_REPRESENTATION('',(#11935),#11939);
#11935 = LINE('',#11936,#11937);
#11936 = CARTESIAN_POINT('',(0.,-4.6E-02));
#11937 = VECTOR('',#11938,1.);
#11938 = DIRECTION('',(1.,0.));
#11939 = ( GEOMETRIC_REPRESENTATION_CONTEXT(2) 
PARAMETRIC_REPRESENTATION_CONTEXT() REPRESENTATION_CONTEXT('2D SPACE',''
  ) );
#11940 = FACE_BOUND('',#11941,.F.);
#11941 = EDGE_LOOP('',(#11942));
#11942 = ORIENTED_EDGE('',*,*,#11943,.T.);
#11943 = EDGE_CURVE('',#11944,#11944,#11946,.T.);
#11944 = VERTEX_POINT('',#11945);
#11945 = CARTESIAN_POINT('',(83.11,-31.892,0.));
#11946 = SURFACE_CURVE('',#11947,(#11952,#11963),.PCURVE_S1.);
#11947 = CIRCLE('',#11948,0.65);
#11948 = AXIS2_PLACEMENT_3D('',#11949,#11950,#11951);
#11949 = CARTESIAN_POINT('',(83.11,-31.242,0.));
#11950 = DIRECTION('',(-0.,-0.,-1.));
#11951 = DIRECTION('',(0.,-1.,0.));
#11952 = PCURVE('',#132,#11953);
#11953 = DEFINITIONAL_REPRESENTATION('',(#11954),#11962);
#11954 = ( BOUNDED_CURVE() B_SPLINE_CURVE(2,(#11955,#11956,#11957,#11958
    ,#11959,#11960,#11961),.UNSPECIFIED.,.T.,.F.) 
B_SPLINE_CURVE_WITH_KNOTS((1,2,2,2,2,1),(-2.094395102393,0.,
    2.094395102393,4.188790204786,6.28318530718,8.377580409573),
.UNSPECIFIED.) CURVE() GEOMETRIC_REPRESENTATION_ITEM() 
RATIONAL_B_SPLINE_CURVE((1.,0.5,1.,0.5,1.,0.5,1.)) REPRESENTATION_ITEM(
  '') );
#11955 = CARTESIAN_POINT('',(83.11,-31.892));
#11956 = CARTESIAN_POINT('',(81.98416697508,-31.892));
#11957 = CARTESIAN_POINT('',(82.54708348754,-30.917));
#11958 = CARTESIAN_POINT('',(83.11,-29.942));
#11959 = CARTESIAN_POINT('',(83.67291651246,-30.917));
#11960 = CARTESIAN_POINT('',(84.23583302492,-31.892));
#11961 = CARTESIAN_POINT('',(83.11,-31.892));
#11962 = ( GEOMETRIC_REPRESENTATION_CONTEXT(2) 
PARAMETRIC_REPRESENTATION_CONTEXT() REPRESENTATION_CONTEXT('2D SPACE',''
  ) );
#11963 = PCURVE('',#6327,#11964);
#11964 = DEFINITIONAL_REPRESENTATION('',(#11965),#11969);
#11965 = LINE('',#11966,#11967);
#11966 = CARTESIAN_POINT('',(0.,-4.6E-02));
#11967 = VECTOR('',#11968,1.);
#11968 = DIRECTION('',(1.,0.));
#11969 = ( GEOMETRIC_REPRESENTATION_CONTEXT(2) 
PARAMETRIC_REPRESENTATION_CONTEXT() REPRESENTATION_CONTEXT('2D SPACE',''
  ) );
#11970 = FACE_BOUND('',#11971,.F.);
#11971 = EDGE_LOOP('',(#11972));
#11972 = ORIENTED_EDGE('',*,*,#11973,.T.);
#11973 = EDGE_CURVE('',#11974,#11974,#11976,.T.);
#11974 = VERTEX_POINT('',#11975);
#11975 = CARTESIAN_POINT('',(89.61,-31.892,0.));
#11976 = SURFACE_CURVE('',#11977,(#11982,#11993),.PCURVE_S1.);
#11977 = CIRCLE('',#11978,0.65);
#11978 = AXIS2_PLACEMENT_3D('',#11979,#11980,#11981);
#11979 = CARTESIAN_POINT('',(89.61,-31.242,0.));
#11980 = DIRECTION('',(-0.,-0.,-1.));
#11981 = DIRECTION('',(0.,-1.,0.));
#11982 = PCURVE('',#132,#11983);
#11983 = DEFINITIONAL_REPRESENTATION('',(#11984),#11992);
#11984 = ( BOUNDED_CURVE() B_SPLINE_CURVE(2,(#11985,#11986,#11987,#11988
    ,#11989,#11990,#11991),.UNSPECIFIED.,.T.,.F.) 
B_SPLINE_CURVE_WITH_KNOTS((1,2,2,2,2,1),(-2.094395102393,0.,
    2.094395102393,4.188790204786,6.28318530718,8.377580409573),
.UNSPECIFIED.) CURVE() GEOMETRIC_REPRESENTATION_ITEM() 
RATIONAL_B_SPLINE_CURVE((1.,0.5,1.,0.5,1.,0.5,1.)) REPRESENTATION_ITEM(
  '') );
#11985 = CARTESIAN_POINT('',(89.61,-31.892));
#11986 = CARTESIAN_POINT('',(88.48416697508,-31.892));
#11987 = CARTESIAN_POINT('',(89.04708348754,-30.917));
#11988 = CARTESIAN_POINT('',(89.61,-29.942));
#11989 = CARTESIAN_POINT('',(90.17291651246,-30.917));
#11990 = CARTESIAN_POINT('',(90.73583302492,-31.892));
#11991 = CARTESIAN_POINT('',(89.61,-31.892));
#11992 = ( GEOMETRIC_REPRESENTATION_CONTEXT(2) 
PARAMETRIC_REPRESENTATION_CONTEXT() REPRESENTATION_CONTEXT('2D SPACE',''
  ) );
#11993 = PCURVE('',#6362,#11994);
#11994 = DEFINITIONAL_REPRESENTATION('',(#11995),#11999);
#11995 = LINE('',#11996,#11997);
#11996 = CARTESIAN_POINT('',(0.,-4.6E-02));
#11997 = VECTOR('',#11998,1.);
#11998 = DIRECTION('',(1.,0.));
#11999 = ( GEOMETRIC_REPRESENTATION_CONTEXT(2) 
PARAMETRIC_REPRESENTATION_CONTEXT() REPRESENTATION_CONTEXT('2D SPACE',''
  ) );
#12000 = FACE_BOUND('',#12001,.F.);
#12001 = EDGE_LOOP('',(#12002));
#12002 = ORIENTED_EDGE('',*,*,#12003,.T.);
#12003 = EDGE_CURVE('',#12004,#12004,#12006,.T.);
#12004 = VERTEX_POINT('',#12005);
#12005 = CARTESIAN_POINT('',(93.158,-38.0193,0.));
#12006 = SURFACE_CURVE('',#12007,(#12012,#12023),.PCURVE_S1.);
#12007 = CIRCLE('',#12008,0.4953);
#12008 = AXIS2_PLACEMENT_3D('',#12009,#12010,#12011);
#12009 = CARTESIAN_POINT('',(93.158,-37.524,0.));
#12010 = DIRECTION('',(-0.,-0.,-1.));
#12011 = DIRECTION('',(0.,-1.,0.));
#12012 = PCURVE('',#132,#12013);
#12013 = DEFINITIONAL_REPRESENTATION('',(#12014),#12022);
#12014 = ( BOUNDED_CURVE() B_SPLINE_CURVE(2,(#12015,#12016,#12017,#12018
    ,#12019,#12020,#12021),.UNSPECIFIED.,.T.,.F.) 
B_SPLINE_CURVE_WITH_KNOTS((1,2,2,2,2,1),(-2.094395102393,0.,
    2.094395102393,4.188790204786,6.28318530718,8.377580409573),
.UNSPECIFIED.) CURVE() GEOMETRIC_REPRESENTATION_ITEM() 
RATIONAL_B_SPLINE_CURVE((1.,0.5,1.,0.5,1.,0.5,1.)) REPRESENTATION_ITEM(
  '') );
#12015 = CARTESIAN_POINT('',(93.158,-38.0193));
#12016 = CARTESIAN_POINT('',(92.300115235011,-38.0193));
#12017 = CARTESIAN_POINT('',(92.729057617506,-37.27635));
#12018 = CARTESIAN_POINT('',(93.158,-36.5334));
#12019 = CARTESIAN_POINT('',(93.586942382494,-37.27635));
#12020 = CARTESIAN_POINT('',(94.015884764989,-38.0193));
#12021 = CARTESIAN_POINT('',(93.158,-38.0193));
#12022 = ( GEOMETRIC_REPRESENTATION_CONTEXT(2) 
PARAMETRIC_REPRESENTATION_CONTEXT() REPRESENTATION_CONTEXT('2D SPACE',''
  ) );
#12023 = PCURVE('',#6397,#12024);
#12024 = DEFINITIONAL_REPRESENTATION('',(#12025),#12029);
#12025 = LINE('',#12026,#12027);
#12026 = CARTESIAN_POINT('',(0.,-4.6E-02));
#12027 = VECTOR('',#12028,1.);
#12028 = DIRECTION('',(1.,0.));
#12029 = ( GEOMETRIC_REPRESENTATION_CONTEXT(2) 
PARAMETRIC_REPRESENTATION_CONTEXT() REPRESENTATION_CONTEXT('2D SPACE',''
  ) );
#12030 = FACE_BOUND('',#12031,.F.);
#12031 = EDGE_LOOP('',(#12032));
#12032 = ORIENTED_EDGE('',*,*,#12033,.T.);
#12033 = EDGE_CURVE('',#12034,#12034,#12036,.T.);
#12034 = VERTEX_POINT('',#12035);
#12035 = CARTESIAN_POINT('',(100.718,-40.5193,0.));
#12036 = SURFACE_CURVE('',#12037,(#12042,#12053),.PCURVE_S1.);
#12037 = CIRCLE('',#12038,0.4953);
#12038 = AXIS2_PLACEMENT_3D('',#12039,#12040,#12041);
#12039 = CARTESIAN_POINT('',(100.718,-40.024,0.));
#12040 = DIRECTION('',(-0.,-0.,-1.));
#12041 = DIRECTION('',(0.,-1.,0.));
#12042 = PCURVE('',#132,#12043);
#12043 = DEFINITIONAL_REPRESENTATION('',(#12044),#12052);
#12044 = ( BOUNDED_CURVE() B_SPLINE_CURVE(2,(#12045,#12046,#12047,#12048
    ,#12049,#12050,#12051),.UNSPECIFIED.,.T.,.F.) 
B_SPLINE_CURVE_WITH_KNOTS((1,2,2,2,2,1),(-2.094395102393,0.,
    2.094395102393,4.188790204786,6.28318530718,8.377580409573),
.UNSPECIFIED.) CURVE() GEOMETRIC_REPRESENTATION_ITEM() 
RATIONAL_B_SPLINE_CURVE((1.,0.5,1.,0.5,1.,0.5,1.)) REPRESENTATION_ITEM(
  '') );
#12045 = CARTESIAN_POINT('',(100.718,-40.5193));
#12046 = CARTESIAN_POINT('',(99.860115235011,-40.5193));
#12047 = CARTESIAN_POINT('',(100.2890576175,-39.77635));
#12048 = CARTESIAN_POINT('',(100.718,-39.0334));
#12049 = CARTESIAN_POINT('',(101.14694238249,-39.77635));
#12050 = CARTESIAN_POINT('',(101.57588476498,-40.5193));
#12051 = CARTESIAN_POINT('',(100.718,-40.5193));
#12052 = ( GEOMETRIC_REPRESENTATION_CONTEXT(2) 
PARAMETRIC_REPRESENTATION_CONTEXT() REPRESENTATION_CONTEXT('2D SPACE',''
  ) );
#12053 = PCURVE('',#6432,#12054);
#12054 = DEFINITIONAL_REPRESENTATION('',(#12055),#12059);
#12055 = LINE('',#12056,#12057);
#12056 = CARTESIAN_POINT('',(0.,-4.6E-02));
#12057 = VECTOR('',#12058,1.);
#12058 = DIRECTION('',(1.,0.));
#12059 = ( GEOMETRIC_REPRESENTATION_CONTEXT(2) 
PARAMETRIC_REPRESENTATION_CONTEXT() REPRESENTATION_CONTEXT('2D SPACE',''
  ) );
#12060 = FACE_BOUND('',#12061,.F.);
#12061 = EDGE_LOOP('',(#12062));
#12062 = ORIENTED_EDGE('',*,*,#12063,.T.);
#12063 = EDGE_CURVE('',#12064,#12064,#12066,.T.);
#12064 = VERTEX_POINT('',#12065);
#12065 = CARTESIAN_POINT('',(105.938,-50.759,0.));
#12066 = SURFACE_CURVE('',#12067,(#12072,#12083),.PCURVE_S1.);
#12067 = CIRCLE('',#12068,0.635);
#12068 = AXIS2_PLACEMENT_3D('',#12069,#12070,#12071);
#12069 = CARTESIAN_POINT('',(105.938,-50.124,0.));
#12070 = DIRECTION('',(0.,-0.,-1.));
#12071 = DIRECTION('',(2.23792987641E-14,-1.,0.));
#12072 = PCURVE('',#132,#12073);
#12073 = DEFINITIONAL_REPRESENTATION('',(#12074),#12082);
#12074 = ( BOUNDED_CURVE() B_SPLINE_CURVE(2,(#12075,#12076,#12077,#12078
    ,#12079,#12080,#12081),.UNSPECIFIED.,.T.,.F.) 
B_SPLINE_CURVE_WITH_KNOTS((1,2,2,2,2,1),(-2.094395102393,0.,
    2.094395102393,4.188790204786,6.28318530718,8.377580409573),
.UNSPECIFIED.) CURVE() GEOMETRIC_REPRESENTATION_ITEM() 
RATIONAL_B_SPLINE_CURVE((1.,0.5,1.,0.5,1.,0.5,1.)) REPRESENTATION_ITEM(
  '') );
#12075 = CARTESIAN_POINT('',(105.938,-50.759));
#12076 = CARTESIAN_POINT('',(104.83814773719,-50.759));
#12077 = CARTESIAN_POINT('',(105.38807386859,-49.8065));
#12078 = CARTESIAN_POINT('',(105.938,-48.854));
#12079 = CARTESIAN_POINT('',(106.4879261314,-49.8065));
#12080 = CARTESIAN_POINT('',(107.0378522628,-50.759));
#12081 = CARTESIAN_POINT('',(105.938,-50.759));
#12082 = ( GEOMETRIC_REPRESENTATION_CONTEXT(2) 
PARAMETRIC_REPRESENTATION_CONTEXT() REPRESENTATION_CONTEXT('2D SPACE',''
  ) );
#12083 = PCURVE('',#6467,#12084);
#12084 = DEFINITIONAL_REPRESENTATION('',(#12085),#12089);
#12085 = LINE('',#12086,#12087);
#12086 = CARTESIAN_POINT('',(0.,-4.6E-02));
#12087 = VECTOR('',#12088,1.);
#12088 = DIRECTION('',(1.,0.));
#12089 = ( GEOMETRIC_REPRESENTATION_CONTEXT(2) 
PARAMETRIC_REPRESENTATION_CONTEXT() REPRESENTATION_CONTEXT('2D SPACE',''
  ) );
#12090 = FACE_BOUND('',#12091,.F.);
#12091 = EDGE_LOOP('',(#12092));
#12092 = ORIENTED_EDGE('',*,*,#12093,.T.);
#12093 = EDGE_CURVE('',#12094,#12094,#12096,.T.);
#12094 = VERTEX_POINT('',#12095);
#12095 = CARTESIAN_POINT('',(117.0974,-49.1904,0.));
#12096 = SURFACE_CURVE('',#12097,(#12102,#12113),.PCURVE_S1.);
#12097 = CIRCLE('',#12098,0.4064);
#12098 = AXIS2_PLACEMENT_3D('',#12099,#12100,#12101);
#12099 = CARTESIAN_POINT('',(117.0974,-48.784,0.));
#12100 = DIRECTION('',(-0.,-0.,-1.));
#12101 = DIRECTION('',(0.,-1.,0.));
#12102 = PCURVE('',#132,#12103);
#12103 = DEFINITIONAL_REPRESENTATION('',(#12104),#12112);
#12104 = ( BOUNDED_CURVE() B_SPLINE_CURVE(2,(#12105,#12106,#12107,#12108
    ,#12109,#12110,#12111),.UNSPECIFIED.,.T.,.F.) 
B_SPLINE_CURVE_WITH_KNOTS((1,2,2,2,2,1),(-2.094395102393,0.,
    2.094395102393,4.188790204786,6.28318530718,8.377580409573),
.UNSPECIFIED.) CURVE() GEOMETRIC_REPRESENTATION_ITEM() 
RATIONAL_B_SPLINE_CURVE((1.,0.5,1.,0.5,1.,0.5,1.)) REPRESENTATION_ITEM(
  '') );
#12105 = CARTESIAN_POINT('',(117.0974,-49.1904));
#12106 = CARTESIAN_POINT('',(116.3934945518,-49.1904));
#12107 = CARTESIAN_POINT('',(116.7454472759,-48.5808));
#12108 = CARTESIAN_POINT('',(117.0974,-47.9712));
#12109 = CARTESIAN_POINT('',(117.44935272409,-48.5808));
#12110 = CARTESIAN_POINT('',(117.80130544819,-49.1904));
#12111 = CARTESIAN_POINT('',(117.0974,-49.1904));
#12112 = ( GEOMETRIC_REPRESENTATION_CONTEXT(2) 
PARAMETRIC_REPRESENTATION_CONTEXT() REPRESENTATION_CONTEXT('2D SPACE',''
  ) );
#12113 = PCURVE('',#6502,#12114);
#12114 = DEFINITIONAL_REPRESENTATION('',(#12115),#12119);
#12115 = LINE('',#12116,#12117);
#12116 = CARTESIAN_POINT('',(0.,-4.6E-02));
#12117 = VECTOR('',#12118,1.);
#12118 = DIRECTION('',(1.,0.));
#12119 = ( GEOMETRIC_REPRESENTATION_CONTEXT(2) 
PARAMETRIC_REPRESENTATION_CONTEXT() REPRESENTATION_CONTEXT('2D SPACE',''
  ) );
#12120 = FACE_BOUND('',#12121,.F.);
#12121 = EDGE_LOOP('',(#12122));
#12122 = ORIENTED_EDGE('',*,*,#12123,.T.);
#12123 = EDGE_CURVE('',#12124,#12124,#12126,.T.);
#12124 = VERTEX_POINT('',#12125);
#12125 = CARTESIAN_POINT('',(117.0974,-46.6504,0.));
#12126 = SURFACE_CURVE('',#12127,(#12132,#12143),.PCURVE_S1.);
#12127 = CIRCLE('',#12128,0.4064);
#12128 = AXIS2_PLACEMENT_3D('',#12129,#12130,#12131);
#12129 = CARTESIAN_POINT('',(117.0974,-46.244,0.));
#12130 = DIRECTION('',(-0.,-0.,-1.));
#12131 = DIRECTION('',(0.,-1.,0.));
#12132 = PCURVE('',#132,#12133);
#12133 = DEFINITIONAL_REPRESENTATION('',(#12134),#12142);
#12134 = ( BOUNDED_CURVE() B_SPLINE_CURVE(2,(#12135,#12136,#12137,#12138
    ,#12139,#12140,#12141),.UNSPECIFIED.,.T.,.F.) 
B_SPLINE_CURVE_WITH_KNOTS((1,2,2,2,2,1),(-2.094395102393,0.,
    2.094395102393,4.188790204786,6.28318530718,8.377580409573),
.UNSPECIFIED.) CURVE() GEOMETRIC_REPRESENTATION_ITEM() 
RATIONAL_B_SPLINE_CURVE((1.,0.5,1.,0.5,1.,0.5,1.)) REPRESENTATION_ITEM(
  '') );
#12135 = CARTESIAN_POINT('',(117.0974,-46.6504));
#12136 = CARTESIAN_POINT('',(116.3934945518,-46.6504));
#12137 = CARTESIAN_POINT('',(116.7454472759,-46.0408));
#12138 = CARTESIAN_POINT('',(117.0974,-45.4312));
#12139 = CARTESIAN_POINT('',(117.44935272409,-46.0408));
#12140 = CARTESIAN_POINT('',(117.80130544819,-46.6504));
#12141 = CARTESIAN_POINT('',(117.0974,-46.6504));
#12142 = ( GEOMETRIC_REPRESENTATION_CONTEXT(2) 
PARAMETRIC_REPRESENTATION_CONTEXT() REPRESENTATION_CONTEXT('2D SPACE',''
  ) );
#12143 = PCURVE('',#6537,#12144);
#12144 = DEFINITIONAL_REPRESENTATION('',(#12145),#12149);
#12145 = LINE('',#12146,#12147);
#12146 = CARTESIAN_POINT('',(0.,-4.6E-02));
#12147 = VECTOR('',#12148,1.);
#12148 = DIRECTION('',(1.,0.));
#12149 = ( GEOMETRIC_REPRESENTATION_CONTEXT(2) 
PARAMETRIC_REPRESENTATION_CONTEXT() REPRESENTATION_CONTEXT('2D SPACE',''
  ) );
#12150 = FACE_BOUND('',#12151,.F.);
#12151 = EDGE_LOOP('',(#12152));
#12152 = ORIENTED_EDGE('',*,*,#12153,.T.);
#12153 = EDGE_CURVE('',#12154,#12154,#12156,.T.);
#12154 = VERTEX_POINT('',#12155);
#12155 = CARTESIAN_POINT('',(105.938,-45.9385,0.));
#12156 = SURFACE_CURVE('',#12157,(#12162,#12173),.PCURVE_S1.);
#12157 = CIRCLE('',#12158,1.7145);
#12158 = AXIS2_PLACEMENT_3D('',#12159,#12160,#12161);
#12159 = CARTESIAN_POINT('',(105.938,-44.224,0.));
#12160 = DIRECTION('',(-0.,-0.,-1.));
#12161 = DIRECTION('',(0.,-1.,0.));
#12162 = PCURVE('',#132,#12163);
#12163 = DEFINITIONAL_REPRESENTATION('',(#12164),#12172);
#12164 = ( BOUNDED_CURVE() B_SPLINE_CURVE(2,(#12165,#12166,#12167,#12168
    ,#12169,#12170,#12171),.UNSPECIFIED.,.T.,.F.) 
B_SPLINE_CURVE_WITH_KNOTS((1,2,2,2,2,1),(-2.094395102393,0.,
    2.094395102393,4.188790204786,6.28318530718,8.377580409573),
.UNSPECIFIED.) CURVE() GEOMETRIC_REPRESENTATION_ITEM() 
RATIONAL_B_SPLINE_CURVE((1.,0.5,1.,0.5,1.,0.5,1.)) REPRESENTATION_ITEM(
  '') );
#12165 = CARTESIAN_POINT('',(105.938,-45.9385));
#12166 = CARTESIAN_POINT('',(102.96839889042,-45.9385));
#12167 = CARTESIAN_POINT('',(104.45319944521,-43.36675));
#12168 = CARTESIAN_POINT('',(105.938,-40.795));
#12169 = CARTESIAN_POINT('',(107.42280055478,-43.36675));
#12170 = CARTESIAN_POINT('',(108.90760110957,-45.9385));
#12171 = CARTESIAN_POINT('',(105.938,-45.9385));
#12172 = ( GEOMETRIC_REPRESENTATION_CONTEXT(2) 
PARAMETRIC_REPRESENTATION_CONTEXT() REPRESENTATION_CONTEXT('2D SPACE',''
  ) );
#12173 = PCURVE('',#6572,#12174);
#12174 = DEFINITIONAL_REPRESENTATION('',(#12175),#12179);
#12175 = LINE('',#12176,#12177);
#12176 = CARTESIAN_POINT('',(0.,-4.6E-02));
#12177 = VECTOR('',#12178,1.);
#12178 = DIRECTION('',(1.,0.));
#12179 = ( GEOMETRIC_REPRESENTATION_CONTEXT(2) 
PARAMETRIC_REPRESENTATION_CONTEXT() REPRESENTATION_CONTEXT('2D SPACE',''
  ) );
#12180 = FACE_BOUND('',#12181,.F.);
#12181 = EDGE_LOOP('',(#12182));
#12182 = ORIENTED_EDGE('',*,*,#12183,.T.);
#12183 = EDGE_CURVE('',#12184,#12184,#12186,.T.);
#12184 = VERTEX_POINT('',#12185);
#12185 = CARTESIAN_POINT('',(111.438,-45.0749,0.));
#12186 = SURFACE_CURVE('',#12187,(#12192,#12203),.PCURVE_S1.);
#12187 = CIRCLE('',#12188,0.8509);
#12188 = AXIS2_PLACEMENT_3D('',#12189,#12190,#12191);
#12189 = CARTESIAN_POINT('',(111.438,-44.224,0.));
#12190 = DIRECTION('',(-0.,-0.,-1.));
#12191 = DIRECTION('',(0.,-1.,0.));
#12192 = PCURVE('',#132,#12193);
#12193 = DEFINITIONAL_REPRESENTATION('',(#12194),#12202);
#12194 = ( BOUNDED_CURVE() B_SPLINE_CURVE(2,(#12195,#12196,#12197,#12198
    ,#12199,#12200,#12201),.UNSPECIFIED.,.T.,.F.) 
B_SPLINE_CURVE_WITH_KNOTS((1,2,2,2,2,1),(-2.094395102393,0.,
    2.094395102393,4.188790204786,6.28318530718,8.377580409573),
.UNSPECIFIED.) CURVE() GEOMETRIC_REPRESENTATION_ITEM() 
RATIONAL_B_SPLINE_CURVE((1.,0.5,1.,0.5,1.,0.5,1.)) REPRESENTATION_ITEM(
  '') );
#12195 = CARTESIAN_POINT('',(111.438,-45.0749));
#12196 = CARTESIAN_POINT('',(109.96419796784,-45.0749));
#12197 = CARTESIAN_POINT('',(110.70109898392,-43.79855));
#12198 = CARTESIAN_POINT('',(111.438,-42.5222));
#12199 = CARTESIAN_POINT('',(112.17490101608,-43.79855));
#12200 = CARTESIAN_POINT('',(112.91180203216,-45.0749));
#12201 = CARTESIAN_POINT('',(111.438,-45.0749));
#12202 = ( GEOMETRIC_REPRESENTATION_CONTEXT(2) 
PARAMETRIC_REPRESENTATION_CONTEXT() REPRESENTATION_CONTEXT('2D SPACE',''
  ) );
#12203 = PCURVE('',#6607,#12204);
#12204 = DEFINITIONAL_REPRESENTATION('',(#12205),#12209);
#12205 = LINE('',#12206,#12207);
#12206 = CARTESIAN_POINT('',(0.,-4.6E-02));
#12207 = VECTOR('',#12208,1.);
#12208 = DIRECTION('',(1.,0.));
#12209 = ( GEOMETRIC_REPRESENTATION_CONTEXT(2) 
PARAMETRIC_REPRESENTATION_CONTEXT() REPRESENTATION_CONTEXT('2D SPACE',''
  ) );
#12210 = FACE_BOUND('',#12211,.F.);
#12211 = EDGE_LOOP('',(#12212));
#12212 = ORIENTED_EDGE('',*,*,#12213,.T.);
#12213 = EDGE_CURVE('',#12214,#12214,#12216,.T.);
#12214 = VERTEX_POINT('',#12215);
#12215 = CARTESIAN_POINT('',(132.3174,-49.1904,0.));
#12216 = SURFACE_CURVE('',#12217,(#12222,#12233),.PCURVE_S1.);
#12217 = CIRCLE('',#12218,0.4064);
#12218 = AXIS2_PLACEMENT_3D('',#12219,#12220,#12221);
#12219 = CARTESIAN_POINT('',(132.3174,-48.784,0.));
#12220 = DIRECTION('',(-0.,0.,-1.));
#12221 = DIRECTION('',(-6.993530863781E-14,-1.,0.));
#12222 = PCURVE('',#132,#12223);
#12223 = DEFINITIONAL_REPRESENTATION('',(#12224),#12232);
#12224 = ( BOUNDED_CURVE() B_SPLINE_CURVE(2,(#12225,#12226,#12227,#12228
    ,#12229,#12230,#12231),.UNSPECIFIED.,.T.,.F.) 
B_SPLINE_CURVE_WITH_KNOTS((1,2,2,2,2,1),(-2.094395102393,0.,
    2.094395102393,4.188790204786,6.28318530718,8.377580409573),
.UNSPECIFIED.) CURVE() GEOMETRIC_REPRESENTATION_ITEM() 
RATIONAL_B_SPLINE_CURVE((1.,0.5,1.,0.5,1.,0.5,1.)) REPRESENTATION_ITEM(
  '') );
#12225 = CARTESIAN_POINT('',(132.3174,-49.1904));
#12226 = CARTESIAN_POINT('',(131.6134945518,-49.1904));
#12227 = CARTESIAN_POINT('',(131.9654472759,-48.5808));
#12228 = CARTESIAN_POINT('',(132.3174,-47.9712));
#12229 = CARTESIAN_POINT('',(132.66935272409,-48.5808));
#12230 = CARTESIAN_POINT('',(133.02130544819,-49.1904));
#12231 = CARTESIAN_POINT('',(132.3174,-49.1904));
#12232 = ( GEOMETRIC_REPRESENTATION_CONTEXT(2) 
PARAMETRIC_REPRESENTATION_CONTEXT() REPRESENTATION_CONTEXT('2D SPACE',''
  ) );
#12233 = PCURVE('',#6642,#12234);
#12234 = DEFINITIONAL_REPRESENTATION('',(#12235),#12239);
#12235 = LINE('',#12236,#12237);
#12236 = CARTESIAN_POINT('',(0.,-4.6E-02));
#12237 = VECTOR('',#12238,1.);
#12238 = DIRECTION('',(1.,0.));
#12239 = ( GEOMETRIC_REPRESENTATION_CONTEXT(2) 
PARAMETRIC_REPRESENTATION_CONTEXT() REPRESENTATION_CONTEXT('2D SPACE',''
  ) );
#12240 = FACE_BOUND('',#12241,.F.);
#12241 = EDGE_LOOP('',(#12242));
#12242 = ORIENTED_EDGE('',*,*,#12243,.T.);
#12243 = EDGE_CURVE('',#12244,#12244,#12246,.T.);
#12244 = VERTEX_POINT('',#12245);
#12245 = CARTESIAN_POINT('',(132.3174,-46.6504,0.));
#12246 = SURFACE_CURVE('',#12247,(#12252,#12263),.PCURVE_S1.);
#12247 = CIRCLE('',#12248,0.4064);
#12248 = AXIS2_PLACEMENT_3D('',#12249,#12250,#12251);
#12249 = CARTESIAN_POINT('',(132.3174,-46.244,0.));
#12250 = DIRECTION('',(-0.,0.,-1.));
#12251 = DIRECTION('',(-6.993530863781E-14,-1.,0.));
#12252 = PCURVE('',#132,#12253);
#12253 = DEFINITIONAL_REPRESENTATION('',(#12254),#12262);
#12254 = ( BOUNDED_CURVE() B_SPLINE_CURVE(2,(#12255,#12256,#12257,#12258
    ,#12259,#12260,#12261),.UNSPECIFIED.,.T.,.F.) 
B_SPLINE_CURVE_WITH_KNOTS((1,2,2,2,2,1),(-2.094395102393,0.,
    2.094395102393,4.188790204786,6.28318530718,8.377580409573),
.UNSPECIFIED.) CURVE() GEOMETRIC_REPRESENTATION_ITEM() 
RATIONAL_B_SPLINE_CURVE((1.,0.5,1.,0.5,1.,0.5,1.)) REPRESENTATION_ITEM(
  '') );
#12255 = CARTESIAN_POINT('',(132.3174,-46.6504));
#12256 = CARTESIAN_POINT('',(131.6134945518,-46.6504));
#12257 = CARTESIAN_POINT('',(131.9654472759,-46.0408));
#12258 = CARTESIAN_POINT('',(132.3174,-45.4312));
#12259 = CARTESIAN_POINT('',(132.66935272409,-46.0408));
#12260 = CARTESIAN_POINT('',(133.02130544819,-46.6504));
#12261 = CARTESIAN_POINT('',(132.3174,-46.6504));
#12262 = ( GEOMETRIC_REPRESENTATION_CONTEXT(2) 
PARAMETRIC_REPRESENTATION_CONTEXT() REPRESENTATION_CONTEXT('2D SPACE',''
  ) );
#12263 = PCURVE('',#6677,#12264);
#12264 = DEFINITIONAL_REPRESENTATION('',(#12265),#12269);
#12265 = LINE('',#12266,#12267);
#12266 = CARTESIAN_POINT('',(0.,-4.6E-02));
#12267 = VECTOR('',#12268,1.);
#12268 = DIRECTION('',(1.,0.));
#12269 = ( GEOMETRIC_REPRESENTATION_CONTEXT(2) 
PARAMETRIC_REPRESENTATION_CONTEXT() REPRESENTATION_CONTEXT('2D SPACE',''
  ) );
#12270 = FACE_BOUND('',#12271,.F.);
#12271 = EDGE_LOOP('',(#12272));
#12272 = ORIENTED_EDGE('',*,*,#12273,.T.);
#12273 = EDGE_CURVE('',#12274,#12274,#12276,.T.);
#12274 = VERTEX_POINT('',#12275);
#12275 = CARTESIAN_POINT('',(111.158,-40.5193,0.));
#12276 = SURFACE_CURVE('',#12277,(#12282,#12293),.PCURVE_S1.);
#12277 = CIRCLE('',#12278,0.4953);
#12278 = AXIS2_PLACEMENT_3D('',#12279,#12280,#12281);
#12279 = CARTESIAN_POINT('',(111.158,-40.024,0.));
#12280 = DIRECTION('',(-0.,-0.,-1.));
#12281 = DIRECTION('',(0.,-1.,0.));
#12282 = PCURVE('',#132,#12283);
#12283 = DEFINITIONAL_REPRESENTATION('',(#12284),#12292);
#12284 = ( BOUNDED_CURVE() B_SPLINE_CURVE(2,(#12285,#12286,#12287,#12288
    ,#12289,#12290,#12291),.UNSPECIFIED.,.T.,.F.) 
B_SPLINE_CURVE_WITH_KNOTS((1,2,2,2,2,1),(-2.094395102393,0.,
    2.094395102393,4.188790204786,6.28318530718,8.377580409573),
.UNSPECIFIED.) CURVE() GEOMETRIC_REPRESENTATION_ITEM() 
RATIONAL_B_SPLINE_CURVE((1.,0.5,1.,0.5,1.,0.5,1.)) REPRESENTATION_ITEM(
  '') );
#12285 = CARTESIAN_POINT('',(111.158,-40.5193));
#12286 = CARTESIAN_POINT('',(110.30011523501,-40.5193));
#12287 = CARTESIAN_POINT('',(110.7290576175,-39.77635));
#12288 = CARTESIAN_POINT('',(111.158,-39.0334));
#12289 = CARTESIAN_POINT('',(111.58694238249,-39.77635));
#12290 = CARTESIAN_POINT('',(112.01588476498,-40.5193));
#12291 = CARTESIAN_POINT('',(111.158,-40.5193));
#12292 = ( GEOMETRIC_REPRESENTATION_CONTEXT(2) 
PARAMETRIC_REPRESENTATION_CONTEXT() REPRESENTATION_CONTEXT('2D SPACE',''
  ) );
#12293 = PCURVE('',#6712,#12294);
#12294 = DEFINITIONAL_REPRESENTATION('',(#12295),#12299);
#12295 = LINE('',#12296,#12297);
#12296 = CARTESIAN_POINT('',(0.,-4.6E-02));
#12297 = VECTOR('',#12298,1.);
#12298 = DIRECTION('',(1.,0.));
#12299 = ( GEOMETRIC_REPRESENTATION_CONTEXT(2) 
PARAMETRIC_REPRESENTATION_CONTEXT() REPRESENTATION_CONTEXT('2D SPACE',''
  ) );
#12300 = ADVANCED_FACE('',(#12301),#169,.T.);
#12301 = FACE_BOUND('',#12302,.T.);
#12302 = EDGE_LOOP('',(#12303,#12324,#12325,#12326));
#12303 = ORIENTED_EDGE('',*,*,#12304,.T.);
#12304 = EDGE_CURVE('',#6779,#230,#12305,.T.);
#12305 = SURFACE_CURVE('',#12306,(#12310,#12317),.PCURVE_S1.);
#12306 = LINE('',#12307,#12308);
#12307 = CARTESIAN_POINT('',(37.008485,-31.17335,0.));
#12308 = VECTOR('',#12309,1.);
#12309 = DIRECTION('',(0.,0.,1.));
#12310 = PCURVE('',#169,#12311);
#12311 = DEFINITIONAL_REPRESENTATION('',(#12312),#12316);
#12312 = LINE('',#12313,#12314);
#12313 = CARTESIAN_POINT('',(0.,0.));
#12314 = VECTOR('',#12315,1.);
#12315 = DIRECTION('',(0.,-1.));
#12316 = ( GEOMETRIC_REPRESENTATION_CONTEXT(2) 
PARAMETRIC_REPRESENTATION_CONTEXT() REPRESENTATION_CONTEXT('2D SPACE',''
  ) );
#12317 = PCURVE('',#273,#12318);
#12318 = DEFINITIONAL_REPRESENTATION('',(#12319),#12323);
#12319 = LINE('',#12320,#12321);
#12320 = CARTESIAN_POINT('',(29.082104467219,0.));
#12321 = VECTOR('',#12322,1.);
#12322 = DIRECTION('',(0.,-1.));
#12323 = ( GEOMETRIC_REPRESENTATION_CONTEXT(2) 
PARAMETRIC_REPRESENTATION_CONTEXT() REPRESENTATION_CONTEXT('2D SPACE',''
  ) );
#12324 = ORIENTED_EDGE('',*,*,#229,.T.);
#12325 = ORIENTED_EDGE('',*,*,#151,.F.);
#12326 = ORIENTED_EDGE('',*,*,#6778,.F.);
#12327 = ADVANCED_FACE('',(#12328),#945,.T.);
#12328 = FACE_BOUND('',#12329,.T.);
#12329 = EDGE_LOOP('',(#12330,#12331,#12332,#12353));
#12330 = ORIENTED_EDGE('',*,*,#6729,.T.);
#12331 = ORIENTED_EDGE('',*,*,#924,.T.);
#12332 = ORIENTED_EDGE('',*,*,#12333,.F.);
#12333 = EDGE_CURVE('',#7336,#897,#12334,.T.);
#12334 = SURFACE_CURVE('',#12335,(#12339,#12346),.PCURVE_S1.);
#12335 = LINE('',#12336,#12337);
#12336 = CARTESIAN_POINT('',(115.065179,-38.841439,0.));
#12337 = VECTOR('',#12338,1.);
#12338 = DIRECTION('',(0.,0.,1.));
#12339 = PCURVE('',#945,#12340);
#12340 = DEFINITIONAL_REPRESENTATION('',(#12341),#12345);
#12341 = LINE('',#12342,#12343);
#12342 = CARTESIAN_POINT('',(1.474643677703,0.));
#12343 = VECTOR('',#12344,1.);
#12344 = DIRECTION('',(0.,-1.));
#12345 = ( GEOMETRIC_REPRESENTATION_CONTEXT(2) 
PARAMETRIC_REPRESENTATION_CONTEXT() REPRESENTATION_CONTEXT('2D SPACE',''
  ) );
#12346 = PCURVE('',#912,#12347);
#12347 = DEFINITIONAL_REPRESENTATION('',(#12348),#12352);
#12348 = LINE('',#12349,#12350);
#12349 = CARTESIAN_POINT('',(0.,0.));
#12350 = VECTOR('',#12351,1.);
#12351 = DIRECTION('',(0.,-1.));
#12352 = ( GEOMETRIC_REPRESENTATION_CONTEXT(2) 
PARAMETRIC_REPRESENTATION_CONTEXT() REPRESENTATION_CONTEXT('2D SPACE',''
  ) );
#12353 = ORIENTED_EDGE('',*,*,#7358,.F.);
#12354 = ADVANCED_FACE('',(#12355),#912,.T.);
#12355 = FACE_BOUND('',#12356,.T.);
#12356 = EDGE_LOOP('',(#12357,#12358,#12359,#12380));
#12357 = ORIENTED_EDGE('',*,*,#12333,.T.);
#12358 = ORIENTED_EDGE('',*,*,#896,.T.);
#12359 = ORIENTED_EDGE('',*,*,#12360,.F.);
#12360 = EDGE_CURVE('',#7312,#868,#12361,.T.);
#12361 = SURFACE_CURVE('',#12362,(#12366,#12373),.PCURVE_S1.);
#12362 = LINE('',#12363,#12364);
#12363 = CARTESIAN_POINT('',(115.062,-40.64,0.));
#12364 = VECTOR('',#12365,1.);
#12365 = DIRECTION('',(0.,0.,1.));
#12366 = PCURVE('',#912,#12367);
#12367 = DEFINITIONAL_REPRESENTATION('',(#12368),#12372);
#12368 = LINE('',#12369,#12370);
#12369 = CARTESIAN_POINT('',(1.798563809477,0.));
#12370 = VECTOR('',#12371,1.);
#12371 = DIRECTION('',(0.,-1.));
#12372 = ( GEOMETRIC_REPRESENTATION_CONTEXT(2) 
PARAMETRIC_REPRESENTATION_CONTEXT() REPRESENTATION_CONTEXT('2D SPACE',''
  ) );
#12373 = PCURVE('',#884,#12374);
#12374 = DEFINITIONAL_REPRESENTATION('',(#12375),#12379);
#12375 = LINE('',#12376,#12377);
#12376 = CARTESIAN_POINT('',(6.28318530718,0.));
#12377 = VECTOR('',#12378,1.);
#12378 = DIRECTION('',(0.,-1.));
#12379 = ( GEOMETRIC_REPRESENTATION_CONTEXT(2) 
PARAMETRIC_REPRESENTATION_CONTEXT() REPRESENTATION_CONTEXT('2D SPACE',''
  ) );
#12380 = ORIENTED_EDGE('',*,*,#7335,.F.);
#12381 = ADVANCED_FACE('',(#12382),#884,.F.);
#12382 = FACE_BOUND('',#12383,.F.);
#12383 = EDGE_LOOP('',(#12384,#12385,#12406,#12407));
#12384 = ORIENTED_EDGE('',*,*,#7311,.T.);
#12385 = ORIENTED_EDGE('',*,*,#12386,.T.);
#12386 = EDGE_CURVE('',#7289,#840,#12387,.T.);
#12387 = SURFACE_CURVE('',#12388,(#12392,#12399),.PCURVE_S1.);
#12388 = LINE('',#12389,#12390);
#12389 = CARTESIAN_POINT('',(116.121405,-41.625211,0.));
#12390 = VECTOR('',#12391,1.);
#12391 = DIRECTION('',(0.,0.,1.));
#12392 = PCURVE('',#884,#12393);
#12393 = DEFINITIONAL_REPRESENTATION('',(#12394),#12398);
#12394 = LINE('',#12395,#12396);
#12395 = CARTESIAN_POINT('',(4.699500980107,0.));
#12396 = VECTOR('',#12397,1.);
#12397 = DIRECTION('',(0.,-1.));
#12398 = ( GEOMETRIC_REPRESENTATION_CONTEXT(2) 
PARAMETRIC_REPRESENTATION_CONTEXT() REPRESENTATION_CONTEXT('2D SPACE',''
  ) );
#12399 = PCURVE('',#855,#12400);
#12400 = DEFINITIONAL_REPRESENTATION('',(#12401),#12405);
#12401 = LINE('',#12402,#12403);
#12402 = CARTESIAN_POINT('',(0.,0.));
#12403 = VECTOR('',#12404,1.);
#12404 = DIRECTION('',(0.,-1.));
#12405 = ( GEOMETRIC_REPRESENTATION_CONTEXT(2) 
PARAMETRIC_REPRESENTATION_CONTEXT() REPRESENTATION_CONTEXT('2D SPACE',''
  ) );
#12406 = ORIENTED_EDGE('',*,*,#867,.F.);
#12407 = ORIENTED_EDGE('',*,*,#12360,.F.);
#12408 = ADVANCED_FACE('',(#12409),#855,.T.);
#12409 = FACE_BOUND('',#12410,.T.);
#12410 = EDGE_LOOP('',(#12411,#12412,#12413,#12434));
#12411 = ORIENTED_EDGE('',*,*,#12386,.T.);
#12412 = ORIENTED_EDGE('',*,*,#839,.T.);
#12413 = ORIENTED_EDGE('',*,*,#12414,.F.);
#12414 = EDGE_CURVE('',#7261,#807,#12415,.T.);
#12415 = SURFACE_CURVE('',#12416,(#12420,#12427),.PCURVE_S1.);
#12416 = LINE('',#12417,#12418);
#12417 = CARTESIAN_POINT('',(132.183836,-41.648473,0.));
#12418 = VECTOR('',#12419,1.);
#12419 = DIRECTION('',(0.,0.,1.));
#12420 = PCURVE('',#855,#12421);
#12421 = DEFINITIONAL_REPRESENTATION('',(#12422),#12426);
#12422 = LINE('',#12423,#12424);
#12423 = CARTESIAN_POINT('',(16.062447844286,0.));
#12424 = VECTOR('',#12425,1.);
#12425 = DIRECTION('',(0.,-1.));
#12426 = ( GEOMETRIC_REPRESENTATION_CONTEXT(2) 
PARAMETRIC_REPRESENTATION_CONTEXT() REPRESENTATION_CONTEXT('2D SPACE',''
  ) );
#12427 = PCURVE('',#827,#12428);
#12428 = DEFINITIONAL_REPRESENTATION('',(#12429),#12433);
#12429 = LINE('',#12430,#12431);
#12430 = CARTESIAN_POINT('',(0.,0.));
#12431 = VECTOR('',#12432,1.);
#12432 = DIRECTION('',(0.,-1.));
#12433 = ( GEOMETRIC_REPRESENTATION_CONTEXT(2) 
PARAMETRIC_REPRESENTATION_CONTEXT() REPRESENTATION_CONTEXT('2D SPACE',''
  ) );
#12434 = ORIENTED_EDGE('',*,*,#7288,.F.);
#12435 = ADVANCED_FACE('',(#12436),#827,.T.);
#12436 = FACE_BOUND('',#12437,.T.);
#12437 = EDGE_LOOP('',(#12438,#12439,#12440,#12461));
#12438 = ORIENTED_EDGE('',*,*,#12414,.T.);
#12439 = ORIENTED_EDGE('',*,*,#806,.T.);
#12440 = ORIENTED_EDGE('',*,*,#12441,.F.);
#12441 = EDGE_CURVE('',#7238,#779,#12442,.T.);
#12442 = SURFACE_CURVE('',#12443,(#12447,#12454),.PCURVE_S1.);
#12443 = LINE('',#12444,#12445);
#12444 = CARTESIAN_POINT('',(133.53368,-42.926,0.));
#12445 = VECTOR('',#12446,1.);
#12446 = DIRECTION('',(0.,0.,1.));
#12447 = PCURVE('',#827,#12448);
#12448 = DEFINITIONAL_REPRESENTATION('',(#12449),#12453);
#12449 = LINE('',#12450,#12451);
#12450 = CARTESIAN_POINT('',(1.641576804149,0.));
#12451 = VECTOR('',#12452,1.);
#12452 = DIRECTION('',(0.,-1.));
#12453 = ( GEOMETRIC_REPRESENTATION_CONTEXT(2) 
PARAMETRIC_REPRESENTATION_CONTEXT() REPRESENTATION_CONTEXT('2D SPACE',''
  ) );
#12454 = PCURVE('',#794,#12455);
#12455 = DEFINITIONAL_REPRESENTATION('',(#12456),#12460);
#12456 = LINE('',#12457,#12458);
#12457 = CARTESIAN_POINT('',(0.,0.));
#12458 = VECTOR('',#12459,1.);
#12459 = DIRECTION('',(0.,-1.));
#12460 = ( GEOMETRIC_REPRESENTATION_CONTEXT(2) 
PARAMETRIC_REPRESENTATION_CONTEXT() REPRESENTATION_CONTEXT('2D SPACE',''
  ) );
#12461 = ORIENTED_EDGE('',*,*,#7260,.F.);
#12462 = ADVANCED_FACE('',(#12463),#794,.T.);
#12463 = FACE_BOUND('',#12464,.T.);
#12464 = EDGE_LOOP('',(#12465,#12466,#12467,#12488));
#12465 = ORIENTED_EDGE('',*,*,#12441,.T.);
#12466 = ORIENTED_EDGE('',*,*,#778,.T.);
#12467 = ORIENTED_EDGE('',*,*,#12468,.F.);
#12468 = EDGE_CURVE('',#7215,#751,#12469,.T.);
#12469 = SURFACE_CURVE('',#12470,(#12474,#12481),.PCURVE_S1.);
#12470 = LINE('',#12471,#12472);
#12471 = CARTESIAN_POINT('',(133.53368,-49.276,0.));
#12472 = VECTOR('',#12473,1.);
#12473 = DIRECTION('',(0.,0.,1.));
#12474 = PCURVE('',#794,#12475);
#12475 = DEFINITIONAL_REPRESENTATION('',(#12476),#12480);
#12476 = LINE('',#12477,#12478);
#12477 = CARTESIAN_POINT('',(6.35,0.));
#12478 = VECTOR('',#12479,1.);
#12479 = DIRECTION('',(0.,-1.));
#12480 = ( GEOMETRIC_REPRESENTATION_CONTEXT(2) 
PARAMETRIC_REPRESENTATION_CONTEXT() REPRESENTATION_CONTEXT('2D SPACE',''
  ) );
#12481 = PCURVE('',#766,#12482);
#12482 = DEFINITIONAL_REPRESENTATION('',(#12483),#12487);
#12483 = LINE('',#12484,#12485);
#12484 = CARTESIAN_POINT('',(0.,0.));
#12485 = VECTOR('',#12486,1.);
#12486 = DIRECTION('',(0.,-1.));
#12487 = ( GEOMETRIC_REPRESENTATION_CONTEXT(2) 
PARAMETRIC_REPRESENTATION_CONTEXT() REPRESENTATION_CONTEXT('2D SPACE',''
  ) );
#12488 = ORIENTED_EDGE('',*,*,#7237,.F.);
#12489 = ADVANCED_FACE('',(#12490),#766,.T.);
#12490 = FACE_BOUND('',#12491,.T.);
#12491 = EDGE_LOOP('',(#12492,#12493,#12494,#12495));
#12492 = ORIENTED_EDGE('',*,*,#7214,.F.);
#12493 = ORIENTED_EDGE('',*,*,#12468,.T.);
#12494 = ORIENTED_EDGE('',*,*,#750,.T.);
#12495 = ORIENTED_EDGE('',*,*,#12496,.T.);
#12496 = EDGE_CURVE('',#725,#7194,#12497,.T.);
#12497 = SURFACE_CURVE('',#12498,(#12502,#12508),.PCURVE_S1.);
#12498 = LINE('',#12499,#12500);
#12499 = CARTESIAN_POINT('',(133.61200039789,-49.276,-0.5));
#12500 = VECTOR('',#12501,1.);
#12501 = DIRECTION('',(0.,0.,-1.));
#12502 = PCURVE('',#766,#12503);
#12503 = DEFINITIONAL_REPRESENTATION('',(#12504),#12507);
#12504 = B_SPLINE_CURVE_WITH_KNOTS('',1,(#12505,#12506),.UNSPECIFIED.,
  .F.,.F.,(2,2),(-2.01,-0.5),.PIECEWISE_BEZIER_KNOTS.);
#12505 = CARTESIAN_POINT('',(7.832039789099E-02,-1.51));
#12506 = CARTESIAN_POINT('',(7.832039789099E-02,0.));
#12507 = ( GEOMETRIC_REPRESENTATION_CONTEXT(2) 
PARAMETRIC_REPRESENTATION_CONTEXT() REPRESENTATION_CONTEXT('2D SPACE',''
  ) );
#12508 = PCURVE('',#739,#12509);
#12509 = DEFINITIONAL_REPRESENTATION('',(#12510),#12513);
#12510 = B_SPLINE_CURVE_WITH_KNOTS('',1,(#12511,#12512),.UNSPECIFIED.,
  .F.,.F.,(2,2),(-2.01,-0.5),.PIECEWISE_BEZIER_KNOTS.);
#12511 = CARTESIAN_POINT('',(2.51,-70.82306578002));
#12512 = CARTESIAN_POINT('',(1.,-70.82306578002));
#12513 = ( GEOMETRIC_REPRESENTATION_CONTEXT(2) 
PARAMETRIC_REPRESENTATION_CONTEXT() REPRESENTATION_CONTEXT('2D SPACE',''
  ) );
#12514 = ADVANCED_FACE('',(#12515),#739,.T.);
#12515 = FACE_BOUND('',#12516,.T.);
#12516 = EDGE_LOOP('',(#12517,#12518,#12537,#12538));
#12517 = ORIENTED_EDGE('',*,*,#724,.F.);
#12518 = ORIENTED_EDGE('',*,*,#12519,.F.);
#12519 = EDGE_CURVE('',#7171,#697,#12520,.T.);
#12520 = SURFACE_CURVE('',#12521,(#12525,#12531),.PCURVE_S1.);
#12521 = LINE('',#12522,#12523);
#12522 = CARTESIAN_POINT('',(133.61200039789,-50.8,-0.5));
#12523 = VECTOR('',#12524,1.);
#12524 = DIRECTION('',(-0.,0.,1.));
#12525 = PCURVE('',#739,#12526);
#12526 = DEFINITIONAL_REPRESENTATION('',(#12527),#12530);
#12527 = B_SPLINE_CURVE_WITH_KNOTS('',1,(#12528,#12529),.UNSPECIFIED.,
  .F.,.F.,(2,2),(0.5,2.01),.PIECEWISE_BEZIER_KNOTS.);
#12528 = CARTESIAN_POINT('',(1.,-69.29906578002));
#12529 = CARTESIAN_POINT('',(2.51,-69.29906578002));
#12530 = ( GEOMETRIC_REPRESENTATION_CONTEXT(2) 
PARAMETRIC_REPRESENTATION_CONTEXT() REPRESENTATION_CONTEXT('2D SPACE',''
  ) );
#12531 = PCURVE('',#712,#12532);
#12532 = DEFINITIONAL_REPRESENTATION('',(#12533),#12536);
#12533 = B_SPLINE_CURVE_WITH_KNOTS('',1,(#12534,#12535),.UNSPECIFIED.,
  .F.,.F.,(2,2),(0.5,2.01),.PIECEWISE_BEZIER_KNOTS.);
#12534 = CARTESIAN_POINT('',(2.078319602109,0.));
#12535 = CARTESIAN_POINT('',(2.078319602109,-1.51));
#12536 = ( GEOMETRIC_REPRESENTATION_CONTEXT(2) 
PARAMETRIC_REPRESENTATION_CONTEXT() REPRESENTATION_CONTEXT('2D SPACE',''
  ) );
#12537 = ORIENTED_EDGE('',*,*,#7193,.T.);
#12538 = ORIENTED_EDGE('',*,*,#12496,.F.);
#12539 = ADVANCED_FACE('',(#12540),#712,.T.);
#12540 = FACE_BOUND('',#12541,.T.);
#12541 = EDGE_LOOP('',(#12542,#12543,#12544,#12545));
#12542 = ORIENTED_EDGE('',*,*,#7170,.F.);
#12543 = ORIENTED_EDGE('',*,*,#12519,.T.);
#12544 = ORIENTED_EDGE('',*,*,#696,.T.);
#12545 = ORIENTED_EDGE('',*,*,#12546,.F.);
#12546 = EDGE_CURVE('',#7148,#669,#12547,.T.);
#12547 = SURFACE_CURVE('',#12548,(#12552,#12559),.PCURVE_S1.);
#12548 = LINE('',#12549,#12550);
#12549 = CARTESIAN_POINT('',(133.53368,-50.8,0.));
#12550 = VECTOR('',#12551,1.);
#12551 = DIRECTION('',(0.,0.,1.));
#12552 = PCURVE('',#712,#12553);
#12553 = DEFINITIONAL_REPRESENTATION('',(#12554),#12558);
#12554 = LINE('',#12555,#12556);
#12555 = CARTESIAN_POINT('',(2.15664,0.));
#12556 = VECTOR('',#12557,1.);
#12557 = DIRECTION('',(0.,-1.));
#12558 = ( GEOMETRIC_REPRESENTATION_CONTEXT(2) 
PARAMETRIC_REPRESENTATION_CONTEXT() REPRESENTATION_CONTEXT('2D SPACE',''
  ) );
#12559 = PCURVE('',#684,#12560);
#12560 = DEFINITIONAL_REPRESENTATION('',(#12561),#12565);
#12561 = LINE('',#12562,#12563);
#12562 = CARTESIAN_POINT('',(0.,0.));
#12563 = VECTOR('',#12564,1.);
#12564 = DIRECTION('',(0.,-1.));
#12565 = ( GEOMETRIC_REPRESENTATION_CONTEXT(2) 
PARAMETRIC_REPRESENTATION_CONTEXT() REPRESENTATION_CONTEXT('2D SPACE',''
  ) );
#12566 = ADVANCED_FACE('',(#12567),#684,.T.);
#12567 = FACE_BOUND('',#12568,.T.);
#12568 = EDGE_LOOP('',(#12569,#12570,#12571,#12592));
#12569 = ORIENTED_EDGE('',*,*,#12546,.T.);
#12570 = ORIENTED_EDGE('',*,*,#668,.T.);
#12571 = ORIENTED_EDGE('',*,*,#12572,.F.);
#12572 = EDGE_CURVE('',#7125,#641,#12573,.T.);
#12573 = SURFACE_CURVE('',#12574,(#12578,#12585),.PCURVE_S1.);
#12574 = LINE('',#12575,#12576);
#12575 = CARTESIAN_POINT('',(133.53368,-80.772,0.));
#12576 = VECTOR('',#12577,1.);
#12577 = DIRECTION('',(0.,0.,1.));
#12578 = PCURVE('',#684,#12579);
#12579 = DEFINITIONAL_REPRESENTATION('',(#12580),#12584);
#12580 = LINE('',#12581,#12582);
#12581 = CARTESIAN_POINT('',(29.972,0.));
#12582 = VECTOR('',#12583,1.);
#12583 = DIRECTION('',(0.,-1.));
#12584 = ( GEOMETRIC_REPRESENTATION_CONTEXT(2) 
PARAMETRIC_REPRESENTATION_CONTEXT() REPRESENTATION_CONTEXT('2D SPACE',''
  ) );
#12585 = PCURVE('',#656,#12586);
#12586 = DEFINITIONAL_REPRESENTATION('',(#12587),#12591);
#12587 = LINE('',#12588,#12589);
#12588 = CARTESIAN_POINT('',(0.,0.));
#12589 = VECTOR('',#12590,1.);
#12590 = DIRECTION('',(0.,-1.));
#12591 = ( GEOMETRIC_REPRESENTATION_CONTEXT(2) 
PARAMETRIC_REPRESENTATION_CONTEXT() REPRESENTATION_CONTEXT('2D SPACE',''
  ) );
#12592 = ORIENTED_EDGE('',*,*,#7147,.F.);
#12593 = ADVANCED_FACE('',(#12594),#656,.T.);
#12594 = FACE_BOUND('',#12595,.T.);
#12595 = EDGE_LOOP('',(#12596,#12597,#12598,#12599));
#12596 = ORIENTED_EDGE('',*,*,#7124,.F.);
#12597 = ORIENTED_EDGE('',*,*,#12572,.T.);
#12598 = ORIENTED_EDGE('',*,*,#640,.T.);
#12599 = ORIENTED_EDGE('',*,*,#12600,.T.);
#12600 = EDGE_CURVE('',#615,#7104,#12601,.T.);
#12601 = SURFACE_CURVE('',#12602,(#12606,#12612),.PCURVE_S1.);
#12602 = LINE('',#12603,#12604);
#12603 = CARTESIAN_POINT('',(133.61200039789,-80.772,-0.5));
#12604 = VECTOR('',#12605,1.);
#12605 = DIRECTION('',(0.,0.,-1.));
#12606 = PCURVE('',#656,#12607);
#12607 = DEFINITIONAL_REPRESENTATION('',(#12608),#12611);
#12608 = B_SPLINE_CURVE_WITH_KNOTS('',1,(#12609,#12610),.UNSPECIFIED.,
  .F.,.F.,(2,2),(-2.01,-0.5),.PIECEWISE_BEZIER_KNOTS.);
#12609 = CARTESIAN_POINT('',(7.832039789099E-02,-1.51));
#12610 = CARTESIAN_POINT('',(7.832039789099E-02,0.));
#12611 = ( GEOMETRIC_REPRESENTATION_CONTEXT(2) 
PARAMETRIC_REPRESENTATION_CONTEXT() REPRESENTATION_CONTEXT('2D SPACE',''
  ) );
#12612 = PCURVE('',#629,#12613);
#12613 = DEFINITIONAL_REPRESENTATION('',(#12614),#12617);
#12614 = B_SPLINE_CURVE_WITH_KNOTS('',1,(#12615,#12616),.UNSPECIFIED.,
  .F.,.F.,(2,2),(-2.01,-0.5),.PIECEWISE_BEZIER_KNOTS.);
#12615 = CARTESIAN_POINT('',(2.51,-39.32706578002));
#12616 = CARTESIAN_POINT('',(1.,-39.32706578002));
#12617 = ( GEOMETRIC_REPRESENTATION_CONTEXT(2) 
PARAMETRIC_REPRESENTATION_CONTEXT() REPRESENTATION_CONTEXT('2D SPACE',''
  ) );
#12618 = ADVANCED_FACE('',(#12619),#629,.T.);
#12619 = FACE_BOUND('',#12620,.T.);
#12620 = EDGE_LOOP('',(#12621,#12622,#12641,#12642));
#12621 = ORIENTED_EDGE('',*,*,#614,.F.);
#12622 = ORIENTED_EDGE('',*,*,#12623,.F.);
#12623 = EDGE_CURVE('',#7081,#587,#12624,.T.);
#12624 = SURFACE_CURVE('',#12625,(#12629,#12635),.PCURVE_S1.);
#12625 = LINE('',#12626,#12627);
#12626 = CARTESIAN_POINT('',(133.61200039789,-82.296,-0.5));
#12627 = VECTOR('',#12628,1.);
#12628 = DIRECTION('',(-0.,0.,1.));
#12629 = PCURVE('',#629,#12630);
#12630 = DEFINITIONAL_REPRESENTATION('',(#12631),#12634);
#12631 = B_SPLINE_CURVE_WITH_KNOTS('',1,(#12632,#12633),.UNSPECIFIED.,
  .F.,.F.,(2,2),(0.5,2.01),.PIECEWISE_BEZIER_KNOTS.);
#12632 = CARTESIAN_POINT('',(1.,-37.80306578002));
#12633 = CARTESIAN_POINT('',(2.51,-37.80306578002));
#12634 = ( GEOMETRIC_REPRESENTATION_CONTEXT(2) 
PARAMETRIC_REPRESENTATION_CONTEXT() REPRESENTATION_CONTEXT('2D SPACE',''
  ) );
#12635 = PCURVE('',#602,#12636);
#12636 = DEFINITIONAL_REPRESENTATION('',(#12637),#12640);
#12637 = B_SPLINE_CURVE_WITH_KNOTS('',1,(#12638,#12639),.UNSPECIFIED.,
  .F.,.F.,(2,2),(0.5,2.01),.PIECEWISE_BEZIER_KNOTS.);
#12638 = CARTESIAN_POINT('',(2.078319602109,0.));
#12639 = CARTESIAN_POINT('',(2.078319602109,-1.51));
#12640 = ( GEOMETRIC_REPRESENTATION_CONTEXT(2) 
PARAMETRIC_REPRESENTATION_CONTEXT() REPRESENTATION_CONTEXT('2D SPACE',''
  ) );
#12641 = ORIENTED_EDGE('',*,*,#7103,.T.);
#12642 = ORIENTED_EDGE('',*,*,#12600,.F.);
#12643 = ADVANCED_FACE('',(#12644),#602,.T.);
#12644 = FACE_BOUND('',#12645,.T.);
#12645 = EDGE_LOOP('',(#12646,#12647,#12648,#12649));
#12646 = ORIENTED_EDGE('',*,*,#7080,.F.);
#12647 = ORIENTED_EDGE('',*,*,#12623,.T.);
#12648 = ORIENTED_EDGE('',*,*,#586,.T.);
#12649 = ORIENTED_EDGE('',*,*,#12650,.F.);
#12650 = EDGE_CURVE('',#7058,#559,#12651,.T.);
#12651 = SURFACE_CURVE('',#12652,(#12656,#12663),.PCURVE_S1.);
#12652 = LINE('',#12653,#12654);
#12653 = CARTESIAN_POINT('',(133.53368,-82.296,0.));
#12654 = VECTOR('',#12655,1.);
#12655 = DIRECTION('',(0.,0.,1.));
#12656 = PCURVE('',#602,#12657);
#12657 = DEFINITIONAL_REPRESENTATION('',(#12658),#12662);
#12658 = LINE('',#12659,#12660);
#12659 = CARTESIAN_POINT('',(2.15664,0.));
#12660 = VECTOR('',#12661,1.);
#12661 = DIRECTION('',(0.,-1.));
#12662 = ( GEOMETRIC_REPRESENTATION_CONTEXT(2) 
PARAMETRIC_REPRESENTATION_CONTEXT() REPRESENTATION_CONTEXT('2D SPACE',''
  ) );
#12663 = PCURVE('',#574,#12664);
#12664 = DEFINITIONAL_REPRESENTATION('',(#12665),#12669);
#12665 = LINE('',#12666,#12667);
#12666 = CARTESIAN_POINT('',(0.,0.));
#12667 = VECTOR('',#12668,1.);
#12668 = DIRECTION('',(0.,-1.));
#12669 = ( GEOMETRIC_REPRESENTATION_CONTEXT(2) 
PARAMETRIC_REPRESENTATION_CONTEXT() REPRESENTATION_CONTEXT('2D SPACE',''
  ) );
#12670 = ADVANCED_FACE('',(#12671),#574,.T.);
#12671 = FACE_BOUND('',#12672,.T.);
#12672 = EDGE_LOOP('',(#12673,#12674,#12675,#12696));
#12673 = ORIENTED_EDGE('',*,*,#12650,.T.);
#12674 = ORIENTED_EDGE('',*,*,#558,.F.);
#12675 = ORIENTED_EDGE('',*,*,#12676,.F.);
#12676 = EDGE_CURVE('',#7030,#526,#12677,.T.);
#12677 = SURFACE_CURVE('',#12678,(#12682,#12689),.PCURVE_S1.);
#12678 = LINE('',#12679,#12680);
#12679 = CARTESIAN_POINT('',(133.53368,-108.458,0.));
#12680 = VECTOR('',#12681,1.);
#12681 = DIRECTION('',(0.,0.,1.));
#12682 = PCURVE('',#574,#12683);
#12683 = DEFINITIONAL_REPRESENTATION('',(#12684),#12688);
#12684 = LINE('',#12685,#12686);
#12685 = CARTESIAN_POINT('',(26.162,0.));
#12686 = VECTOR('',#12687,1.);
#12687 = DIRECTION('',(0.,-1.));
#12688 = ( GEOMETRIC_REPRESENTATION_CONTEXT(2) 
PARAMETRIC_REPRESENTATION_CONTEXT() REPRESENTATION_CONTEXT('2D SPACE',''
  ) );
#12689 = PCURVE('',#546,#12690);
#12690 = DEFINITIONAL_REPRESENTATION('',(#12691),#12695);
#12691 = LINE('',#12692,#12693);
#12692 = CARTESIAN_POINT('',(0.,0.));
#12693 = VECTOR('',#12694,1.);
#12694 = DIRECTION('',(0.,-1.));
#12695 = ( GEOMETRIC_REPRESENTATION_CONTEXT(2) 
PARAMETRIC_REPRESENTATION_CONTEXT() REPRESENTATION_CONTEXT('2D SPACE',''
  ) );
#12696 = ORIENTED_EDGE('',*,*,#7057,.F.);
#12697 = ADVANCED_FACE('',(#12698),#546,.T.);
#12698 = FACE_BOUND('',#12699,.T.);
#12699 = EDGE_LOOP('',(#12700,#12701,#12702,#12723));
#12700 = ORIENTED_EDGE('',*,*,#12676,.T.);
#12701 = ORIENTED_EDGE('',*,*,#525,.T.);
#12702 = ORIENTED_EDGE('',*,*,#12703,.F.);
#12703 = EDGE_CURVE('',#7007,#498,#12704,.T.);
#12704 = SURFACE_CURVE('',#12705,(#12709,#12716),.PCURVE_S1.);
#12705 = LINE('',#12706,#12707);
#12706 = CARTESIAN_POINT('',(129.286,-113.03,0.));
#12707 = VECTOR('',#12708,1.);
#12708 = DIRECTION('',(0.,0.,1.));
#12709 = PCURVE('',#546,#12710);
#12710 = DEFINITIONAL_REPRESENTATION('',(#12711),#12715);
#12711 = LINE('',#12712,#12713);
#12712 = CARTESIAN_POINT('',(1.497284864508,0.));
#12713 = VECTOR('',#12714,1.);
#12714 = DIRECTION('',(0.,-1.));
#12715 = ( GEOMETRIC_REPRESENTATION_CONTEXT(2) 
PARAMETRIC_REPRESENTATION_CONTEXT() REPRESENTATION_CONTEXT('2D SPACE',''
  ) );
#12716 = PCURVE('',#513,#12717);
#12717 = DEFINITIONAL_REPRESENTATION('',(#12718),#12722);
#12718 = LINE('',#12719,#12720);
#12719 = CARTESIAN_POINT('',(0.,0.));
#12720 = VECTOR('',#12721,1.);
#12721 = DIRECTION('',(0.,-1.));
#12722 = ( GEOMETRIC_REPRESENTATION_CONTEXT(2) 
PARAMETRIC_REPRESENTATION_CONTEXT() REPRESENTATION_CONTEXT('2D SPACE',''
  ) );
#12723 = ORIENTED_EDGE('',*,*,#7029,.F.);
#12724 = ADVANCED_FACE('',(#12725),#513,.T.);
#12725 = FACE_BOUND('',#12726,.T.);
#12726 = EDGE_LOOP('',(#12727,#12728,#12729,#12750));
#12727 = ORIENTED_EDGE('',*,*,#12703,.T.);
#12728 = ORIENTED_EDGE('',*,*,#497,.T.);
#12729 = ORIENTED_EDGE('',*,*,#12730,.F.);
#12730 = EDGE_CURVE('',#6979,#465,#12731,.T.);
#12731 = SURFACE_CURVE('',#12732,(#12736,#12743),.PCURVE_S1.);
#12732 = LINE('',#12733,#12734);
#12733 = CARTESIAN_POINT('',(97.284813,-115.091456,0.));
#12734 = VECTOR('',#12735,1.);
#12735 = DIRECTION('',(0.,0.,1.));
#12736 = PCURVE('',#513,#12737);
#12737 = DEFINITIONAL_REPRESENTATION('',(#12738),#12742);
#12738 = LINE('',#12739,#12740);
#12739 = CARTESIAN_POINT('',(32.067515810379,0.));
#12740 = VECTOR('',#12741,1.);
#12741 = DIRECTION('',(0.,-1.));
#12742 = ( GEOMETRIC_REPRESENTATION_CONTEXT(2) 
PARAMETRIC_REPRESENTATION_CONTEXT() REPRESENTATION_CONTEXT('2D SPACE',''
  ) );
#12743 = PCURVE('',#485,#12744);
#12744 = DEFINITIONAL_REPRESENTATION('',(#12745),#12749);
#12745 = LINE('',#12746,#12747);
#12746 = CARTESIAN_POINT('',(0.,0.));
#12747 = VECTOR('',#12748,1.);
#12748 = DIRECTION('',(0.,-1.));
#12749 = ( GEOMETRIC_REPRESENTATION_CONTEXT(2) 
PARAMETRIC_REPRESENTATION_CONTEXT() REPRESENTATION_CONTEXT('2D SPACE',''
  ) );
#12750 = ORIENTED_EDGE('',*,*,#7006,.F.);
#12751 = ADVANCED_FACE('',(#12752),#485,.T.);
#12752 = FACE_BOUND('',#12753,.T.);
#12753 = EDGE_LOOP('',(#12754,#12755,#12756,#12777));
#12754 = ORIENTED_EDGE('',*,*,#12730,.T.);
#12755 = ORIENTED_EDGE('',*,*,#464,.T.);
#12756 = ORIENTED_EDGE('',*,*,#12757,.F.);
#12757 = EDGE_CURVE('',#6956,#437,#12758,.T.);
#12758 = SURFACE_CURVE('',#12759,(#12763,#12770),.PCURVE_S1.);
#12759 = LINE('',#12760,#12761);
#12760 = CARTESIAN_POINT('',(96.774,-115.062,0.));
#12761 = VECTOR('',#12762,1.);
#12762 = DIRECTION('',(0.,0.,1.));
#12763 = PCURVE('',#485,#12764);
#12764 = DEFINITIONAL_REPRESENTATION('',(#12765),#12769);
#12765 = LINE('',#12766,#12767);
#12766 = CARTESIAN_POINT('',(0.305582834798,0.));
#12767 = VECTOR('',#12768,1.);
#12768 = DIRECTION('',(0.,-1.));
#12769 = ( GEOMETRIC_REPRESENTATION_CONTEXT(2) 
PARAMETRIC_REPRESENTATION_CONTEXT() REPRESENTATION_CONTEXT('2D SPACE',''
  ) );
#12770 = PCURVE('',#452,#12771);
#12771 = DEFINITIONAL_REPRESENTATION('',(#12772),#12776);
#12772 = LINE('',#12773,#12774);
#12773 = CARTESIAN_POINT('',(0.,0.));
#12774 = VECTOR('',#12775,1.);
#12775 = DIRECTION('',(0.,-1.));
#12776 = ( GEOMETRIC_REPRESENTATION_CONTEXT(2) 
PARAMETRIC_REPRESENTATION_CONTEXT() REPRESENTATION_CONTEXT('2D SPACE',''
  ) );
#12777 = ORIENTED_EDGE('',*,*,#6978,.F.);
#12778 = ADVANCED_FACE('',(#12779),#452,.T.);
#12779 = FACE_BOUND('',#12780,.T.);
#12780 = EDGE_LOOP('',(#12781,#12782,#12783,#12804));
#12781 = ORIENTED_EDGE('',*,*,#12757,.T.);
#12782 = ORIENTED_EDGE('',*,*,#436,.T.);
#12783 = ORIENTED_EDGE('',*,*,#12784,.F.);
#12784 = EDGE_CURVE('',#6932,#408,#12785,.T.);
#12785 = SURFACE_CURVE('',#12786,(#12790,#12797),.PCURVE_S1.);
#12786 = LINE('',#12787,#12788);
#12787 = CARTESIAN_POINT('',(86.614,-113.284,0.));
#12788 = VECTOR('',#12789,1.);
#12789 = DIRECTION('',(0.,0.,1.));
#12790 = PCURVE('',#452,#12791);
#12791 = DEFINITIONAL_REPRESENTATION('',(#12792),#12796);
#12792 = LINE('',#12793,#12794);
#12793 = CARTESIAN_POINT('',(10.314401776157,0.));
#12794 = VECTOR('',#12795,1.);
#12795 = DIRECTION('',(0.,-1.));
#12796 = ( GEOMETRIC_REPRESENTATION_CONTEXT(2) 
PARAMETRIC_REPRESENTATION_CONTEXT() REPRESENTATION_CONTEXT('2D SPACE',''
  ) );
#12797 = PCURVE('',#424,#12798);
#12798 = DEFINITIONAL_REPRESENTATION('',(#12799),#12803);
#12799 = LINE('',#12800,#12801);
#12800 = CARTESIAN_POINT('',(6.28318530718,0.));
#12801 = VECTOR('',#12802,1.);
#12802 = DIRECTION('',(0.,-1.));
#12803 = ( GEOMETRIC_REPRESENTATION_CONTEXT(2) 
PARAMETRIC_REPRESENTATION_CONTEXT() REPRESENTATION_CONTEXT('2D SPACE',''
  ) );
#12804 = ORIENTED_EDGE('',*,*,#6955,.F.);
#12805 = ADVANCED_FACE('',(#12806),#424,.F.);
#12806 = FACE_BOUND('',#12807,.F.);
#12807 = EDGE_LOOP('',(#12808,#12809,#12830,#12831));
#12808 = ORIENTED_EDGE('',*,*,#6931,.T.);
#12809 = ORIENTED_EDGE('',*,*,#12810,.T.);
#12810 = EDGE_CURVE('',#6909,#380,#12811,.T.);
#12811 = SURFACE_CURVE('',#12812,(#12816,#12823),.PCURVE_S1.);
#12812 = LINE('',#12813,#12814);
#12813 = CARTESIAN_POINT('',(58.783546,-110.725903,0.));
#12814 = VECTOR('',#12815,1.);
#12815 = DIRECTION('',(0.,0.,1.));
#12816 = PCURVE('',#424,#12817);
#12817 = DEFINITIONAL_REPRESENTATION('',(#12818),#12822);
#12818 = LINE('',#12819,#12820);
#12819 = CARTESIAN_POINT('',(6.055919835378,0.));
#12820 = VECTOR('',#12821,1.);
#12821 = DIRECTION('',(0.,-1.));
#12822 = ( GEOMETRIC_REPRESENTATION_CONTEXT(2) 
PARAMETRIC_REPRESENTATION_CONTEXT() REPRESENTATION_CONTEXT('2D SPACE',''
  ) );
#12823 = PCURVE('',#395,#12824);
#12824 = DEFINITIONAL_REPRESENTATION('',(#12825),#12829);
#12825 = LINE('',#12826,#12827);
#12826 = CARTESIAN_POINT('',(0.,0.));
#12827 = VECTOR('',#12828,1.);
#12828 = DIRECTION('',(0.,-1.));
#12829 = ( GEOMETRIC_REPRESENTATION_CONTEXT(2) 
PARAMETRIC_REPRESENTATION_CONTEXT() REPRESENTATION_CONTEXT('2D SPACE',''
  ) );
#12830 = ORIENTED_EDGE('',*,*,#407,.F.);
#12831 = ORIENTED_EDGE('',*,*,#12784,.F.);
#12832 = ADVANCED_FACE('',(#12833),#395,.T.);
#12833 = FACE_BOUND('',#12834,.T.);
#12834 = EDGE_LOOP('',(#12835,#12836,#12837,#12858));
#12835 = ORIENTED_EDGE('',*,*,#12810,.T.);
#12836 = ORIENTED_EDGE('',*,*,#379,.T.);
#12837 = ORIENTED_EDGE('',*,*,#12838,.F.);
#12838 = EDGE_CURVE('',#6881,#347,#12839,.T.);
#12839 = SURFACE_CURVE('',#12840,(#12844,#12851),.PCURVE_S1.);
#12840 = LINE('',#12841,#12842);
#12841 = CARTESIAN_POINT('',(35.549948,-111.575617,0.));
#12842 = VECTOR('',#12843,1.);
#12843 = DIRECTION('',(0.,0.,1.));
#12844 = PCURVE('',#395,#12845);
#12845 = DEFINITIONAL_REPRESENTATION('',(#12846),#12850);
#12846 = LINE('',#12847,#12848);
#12847 = CARTESIAN_POINT('',(23.249130949509,0.));
#12848 = VECTOR('',#12849,1.);
#12849 = DIRECTION('',(0.,-1.));
#12850 = ( GEOMETRIC_REPRESENTATION_CONTEXT(2) 
PARAMETRIC_REPRESENTATION_CONTEXT() REPRESENTATION_CONTEXT('2D SPACE',''
  ) );
#12851 = PCURVE('',#367,#12852);
#12852 = DEFINITIONAL_REPRESENTATION('',(#12853),#12857);
#12853 = LINE('',#12854,#12855);
#12854 = CARTESIAN_POINT('',(0.,0.));
#12855 = VECTOR('',#12856,1.);
#12856 = DIRECTION('',(0.,-1.));
#12857 = ( GEOMETRIC_REPRESENTATION_CONTEXT(2) 
PARAMETRIC_REPRESENTATION_CONTEXT() REPRESENTATION_CONTEXT('2D SPACE',''
  ) );
#12858 = ORIENTED_EDGE('',*,*,#6908,.F.);
#12859 = ADVANCED_FACE('',(#12860),#367,.T.);
#12860 = FACE_BOUND('',#12861,.T.);
#12861 = EDGE_LOOP('',(#12862,#12863,#12864,#12885));
#12862 = ORIENTED_EDGE('',*,*,#12838,.T.);
#12863 = ORIENTED_EDGE('',*,*,#346,.T.);
#12864 = ORIENTED_EDGE('',*,*,#12865,.F.);
#12865 = EDGE_CURVE('',#6858,#319,#12866,.T.);
#12866 = SURFACE_CURVE('',#12867,(#12871,#12878),.PCURVE_S1.);
#12867 = LINE('',#12868,#12869);
#12868 = CARTESIAN_POINT('',(28.960398,-107.848346,0.));
#12869 = VECTOR('',#12870,1.);
#12870 = DIRECTION('',(0.,0.,1.));
#12871 = PCURVE('',#367,#12872);
#12872 = DEFINITIONAL_REPRESENTATION('',(#12873),#12877);
#12873 = LINE('',#12874,#12875);
#12874 = CARTESIAN_POINT('',(0.858573445407,0.));
#12875 = VECTOR('',#12876,1.);
#12876 = DIRECTION('',(0.,-1.));
#12877 = ( GEOMETRIC_REPRESENTATION_CONTEXT(2) 
PARAMETRIC_REPRESENTATION_CONTEXT() REPRESENTATION_CONTEXT('2D SPACE',''
  ) );
#12878 = PCURVE('',#334,#12879);
#12879 = DEFINITIONAL_REPRESENTATION('',(#12880),#12884);
#12880 = LINE('',#12881,#12882);
#12881 = CARTESIAN_POINT('',(0.,0.));
#12882 = VECTOR('',#12883,1.);
#12883 = DIRECTION('',(0.,-1.));
#12884 = ( GEOMETRIC_REPRESENTATION_CONTEXT(2) 
PARAMETRIC_REPRESENTATION_CONTEXT() REPRESENTATION_CONTEXT('2D SPACE',''
  ) );
#12885 = ORIENTED_EDGE('',*,*,#6880,.F.);
#12886 = ADVANCED_FACE('',(#12887),#334,.T.);
#12887 = FACE_BOUND('',#12888,.T.);
#12888 = EDGE_LOOP('',(#12889,#12890,#12891,#12912));
#12889 = ORIENTED_EDGE('',*,*,#12865,.T.);
#12890 = ORIENTED_EDGE('',*,*,#318,.T.);
#12891 = ORIENTED_EDGE('',*,*,#12892,.F.);
#12892 = EDGE_CURVE('',#6830,#286,#12893,.T.);
#12893 = SURFACE_CURVE('',#12894,(#12898,#12905),.PCURVE_S1.);
#12894 = LINE('',#12895,#12896);
#12895 = CARTESIAN_POINT('',(15.494,-57.822,0.));
#12896 = VECTOR('',#12897,1.);
#12897 = DIRECTION('',(0.,0.,1.));
#12898 = PCURVE('',#334,#12899);
#12899 = DEFINITIONAL_REPRESENTATION('',(#12900),#12904);
#12900 = LINE('',#12901,#12902);
#12901 = CARTESIAN_POINT('',(51.807134346595,0.));
#12902 = VECTOR('',#12903,1.);
#12903 = DIRECTION('',(0.,-1.));
#12904 = ( GEOMETRIC_REPRESENTATION_CONTEXT(2) 
PARAMETRIC_REPRESENTATION_CONTEXT() REPRESENTATION_CONTEXT('2D SPACE',''
  ) );
#12905 = PCURVE('',#306,#12906);
#12906 = DEFINITIONAL_REPRESENTATION('',(#12907),#12911);
#12907 = LINE('',#12908,#12909);
#12908 = CARTESIAN_POINT('',(0.,0.));
#12909 = VECTOR('',#12910,1.);
#12910 = DIRECTION('',(0.,-1.));
#12911 = ( GEOMETRIC_REPRESENTATION_CONTEXT(2) 
PARAMETRIC_REPRESENTATION_CONTEXT() REPRESENTATION_CONTEXT('2D SPACE',''
  ) );
#12912 = ORIENTED_EDGE('',*,*,#6857,.F.);
#12913 = ADVANCED_FACE('',(#12914),#306,.T.);
#12914 = FACE_BOUND('',#12915,.T.);
#12915 = EDGE_LOOP('',(#12916,#12917,#12918,#12939));
#12916 = ORIENTED_EDGE('',*,*,#12892,.T.);
#12917 = ORIENTED_EDGE('',*,*,#285,.T.);
#12918 = ORIENTED_EDGE('',*,*,#12919,.F.);
#12919 = EDGE_CURVE('',#6807,#258,#12920,.T.);
#12920 = SURFACE_CURVE('',#12921,(#12925,#12932),.PCURVE_S1.);
#12921 = LINE('',#12922,#12923);
#12922 = CARTESIAN_POINT('',(16.845839,-52.13132,0.));
#12923 = VECTOR('',#12924,1.);
#12924 = DIRECTION('',(0.,0.,1.));
#12925 = PCURVE('',#306,#12926);
#12926 = DEFINITIONAL_REPRESENTATION('',(#12927),#12931);
#12927 = LINE('',#12928,#12929);
#12928 = CARTESIAN_POINT('',(1.104719676311,0.));
#12929 = VECTOR('',#12930,1.);
#12930 = DIRECTION('',(0.,-1.));
#12931 = ( GEOMETRIC_REPRESENTATION_CONTEXT(2) 
PARAMETRIC_REPRESENTATION_CONTEXT() REPRESENTATION_CONTEXT('2D SPACE',''
  ) );
#12932 = PCURVE('',#273,#12933);
#12933 = DEFINITIONAL_REPRESENTATION('',(#12934),#12938);
#12934 = LINE('',#12935,#12936);
#12935 = CARTESIAN_POINT('',(0.,0.));
#12936 = VECTOR('',#12937,1.);
#12937 = DIRECTION('',(0.,-1.));
#12938 = ( GEOMETRIC_REPRESENTATION_CONTEXT(2) 
PARAMETRIC_REPRESENTATION_CONTEXT() REPRESENTATION_CONTEXT('2D SPACE',''
  ) );
#12939 = ORIENTED_EDGE('',*,*,#6829,.F.);
#12940 = ADVANCED_FACE('',(#12941),#273,.T.);
#12941 = FACE_BOUND('',#12942,.T.);
#12942 = EDGE_LOOP('',(#12943,#12944,#12945,#12946));
#12943 = ORIENTED_EDGE('',*,*,#12919,.T.);
#12944 = ORIENTED_EDGE('',*,*,#257,.T.);
#12945 = ORIENTED_EDGE('',*,*,#12304,.F.);
#12946 = ORIENTED_EDGE('',*,*,#6806,.F.);
#12947 = ADVANCED_FACE('',(#12948),#1001,.F.);
#12948 = FACE_BOUND('',#12949,.F.);
#12949 = EDGE_LOOP('',(#12950,#12971,#12972,#12973));
#12950 = ORIENTED_EDGE('',*,*,#12951,.T.);
#12951 = EDGE_CURVE('',#7388,#981,#12952,.T.);
#12952 = SEAM_CURVE('',#12953,(#12957,#12964),.PCURVE_S1.);
#12953 = LINE('',#12954,#12955);
#12954 = CARTESIAN_POINT('',(32.579945,-100.604442,-4.6E-02));
#12955 = VECTOR('',#12956,1.);
#12956 = DIRECTION('',(0.,0.,1.));
#12957 = PCURVE('',#1001,#12958);
#12958 = DEFINITIONAL_REPRESENTATION('',(#12959),#12963);
#12959 = LINE('',#12960,#12961);
#12960 = CARTESIAN_POINT('',(0.,0.));
#12961 = VECTOR('',#12962,1.);
#12962 = DIRECTION('',(0.,-1.));
#12963 = ( GEOMETRIC_REPRESENTATION_CONTEXT(2) 
PARAMETRIC_REPRESENTATION_CONTEXT() REPRESENTATION_CONTEXT('2D SPACE',''
  ) );
#12964 = PCURVE('',#1001,#12965);
#12965 = DEFINITIONAL_REPRESENTATION('',(#12966),#12970);
#12966 = LINE('',#12967,#12968);
#12967 = CARTESIAN_POINT('',(6.28318530718,0.));
#12968 = VECTOR('',#12969,1.);
#12969 = DIRECTION('',(0.,-1.));
#12970 = ( GEOMETRIC_REPRESENTATION_CONTEXT(2) 
PARAMETRIC_REPRESENTATION_CONTEXT() REPRESENTATION_CONTEXT('2D SPACE',''
  ) );
#12971 = ORIENTED_EDGE('',*,*,#980,.T.);
#12972 = ORIENTED_EDGE('',*,*,#12951,.F.);
#12973 = ORIENTED_EDGE('',*,*,#7387,.F.);
#12974 = ADVANCED_FACE('',(#12975),#1036,.F.);
#12975 = FACE_BOUND('',#12976,.F.);
#12976 = EDGE_LOOP('',(#12977,#12998,#12999,#13000));
#12977 = ORIENTED_EDGE('',*,*,#12978,.T.);
#12978 = EDGE_CURVE('',#7418,#1016,#12979,.T.);
#12979 = SEAM_CURVE('',#12980,(#12984,#12991),.PCURVE_S1.);
#12980 = LINE('',#12981,#12982);
#12981 = CARTESIAN_POINT('',(31.11347,-97.279234,-4.6E-02));
#12982 = VECTOR('',#12983,1.);
#12983 = DIRECTION('',(0.,0.,1.));
#12984 = PCURVE('',#1036,#12985);
#12985 = DEFINITIONAL_REPRESENTATION('',(#12986),#12990);
#12986 = LINE('',#12987,#12988);
#12987 = CARTESIAN_POINT('',(0.,0.));
#12988 = VECTOR('',#12989,1.);
#12989 = DIRECTION('',(0.,-1.));
#12990 = ( GEOMETRIC_REPRESENTATION_CONTEXT(2) 
PARAMETRIC_REPRESENTATION_CONTEXT() REPRESENTATION_CONTEXT('2D SPACE',''
  ) );
#12991 = PCURVE('',#1036,#12992);
#12992 = DEFINITIONAL_REPRESENTATION('',(#12993),#12997);
#12993 = LINE('',#12994,#12995);
#12994 = CARTESIAN_POINT('',(6.28318530718,0.));
#12995 = VECTOR('',#12996,1.);
#12996 = DIRECTION('',(0.,-1.));
#12997 = ( GEOMETRIC_REPRESENTATION_CONTEXT(2) 
PARAMETRIC_REPRESENTATION_CONTEXT() REPRESENTATION_CONTEXT('2D SPACE',''
  ) );
#12998 = ORIENTED_EDGE('',*,*,#1015,.T.);
#12999 = ORIENTED_EDGE('',*,*,#12978,.F.);
#13000 = ORIENTED_EDGE('',*,*,#7417,.F.);
#13001 = ADVANCED_FACE('',(#13002),#1071,.F.);
#13002 = FACE_BOUND('',#13003,.F.);
#13003 = EDGE_LOOP('',(#13004,#13025,#13026,#13027));
#13004 = ORIENTED_EDGE('',*,*,#13005,.T.);
#13005 = EDGE_CURVE('',#7448,#1051,#13006,.T.);
#13006 = SEAM_CURVE('',#13007,(#13011,#13018),.PCURVE_S1.);
#13007 = LINE('',#13008,#13009);
#13008 = CARTESIAN_POINT('',(30.296889,-92.794276,-4.6E-02));
#13009 = VECTOR('',#13010,1.);
#13010 = DIRECTION('',(0.,0.,1.));
#13011 = PCURVE('',#1071,#13012);
#13012 = DEFINITIONAL_REPRESENTATION('',(#13013),#13017);
#13013 = LINE('',#13014,#13015);
#13014 = CARTESIAN_POINT('',(0.,0.));
#13015 = VECTOR('',#13016,1.);
#13016 = DIRECTION('',(0.,-1.));
#13017 = ( GEOMETRIC_REPRESENTATION_CONTEXT(2) 
PARAMETRIC_REPRESENTATION_CONTEXT() REPRESENTATION_CONTEXT('2D SPACE',''
  ) );
#13018 = PCURVE('',#1071,#13019);
#13019 = DEFINITIONAL_REPRESENTATION('',(#13020),#13024);
#13020 = LINE('',#13021,#13022);
#13021 = CARTESIAN_POINT('',(6.28318530718,0.));
#13022 = VECTOR('',#13023,1.);
#13023 = DIRECTION('',(0.,-1.));
#13024 = ( GEOMETRIC_REPRESENTATION_CONTEXT(2) 
PARAMETRIC_REPRESENTATION_CONTEXT() REPRESENTATION_CONTEXT('2D SPACE',''
  ) );
#13025 = ORIENTED_EDGE('',*,*,#1050,.T.);
#13026 = ORIENTED_EDGE('',*,*,#13005,.F.);
#13027 = ORIENTED_EDGE('',*,*,#7447,.F.);
#13028 = ADVANCED_FACE('',(#13029),#1106,.F.);
#13029 = FACE_BOUND('',#13030,.F.);
#13030 = EDGE_LOOP('',(#13031,#13052,#13053,#13054));
#13031 = ORIENTED_EDGE('',*,*,#13032,.T.);
#13032 = EDGE_CURVE('',#7478,#1086,#13033,.T.);
#13033 = SEAM_CURVE('',#13034,(#13038,#13045),.PCURVE_S1.);
#13034 = LINE('',#13035,#13036);
#13035 = CARTESIAN_POINT('',(37.953094,-101.338791,-4.6E-02));
#13036 = VECTOR('',#13037,1.);
#13037 = DIRECTION('',(0.,0.,1.));
#13038 = PCURVE('',#1106,#13039);
#13039 = DEFINITIONAL_REPRESENTATION('',(#13040),#13044);
#13040 = LINE('',#13041,#13042);
#13041 = CARTESIAN_POINT('',(0.,0.));
#13042 = VECTOR('',#13043,1.);
#13043 = DIRECTION('',(0.,-1.));
#13044 = ( GEOMETRIC_REPRESENTATION_CONTEXT(2) 
PARAMETRIC_REPRESENTATION_CONTEXT() REPRESENTATION_CONTEXT('2D SPACE',''
  ) );
#13045 = PCURVE('',#1106,#13046);
#13046 = DEFINITIONAL_REPRESENTATION('',(#13047),#13051);
#13047 = LINE('',#13048,#13049);
#13048 = CARTESIAN_POINT('',(6.28318530718,0.));
#13049 = VECTOR('',#13050,1.);
#13050 = DIRECTION('',(0.,-1.));
#13051 = ( GEOMETRIC_REPRESENTATION_CONTEXT(2) 
PARAMETRIC_REPRESENTATION_CONTEXT() REPRESENTATION_CONTEXT('2D SPACE',''
  ) );
#13052 = ORIENTED_EDGE('',*,*,#1085,.T.);
#13053 = ORIENTED_EDGE('',*,*,#13032,.F.);
#13054 = ORIENTED_EDGE('',*,*,#7477,.F.);
#13055 = ADVANCED_FACE('',(#13056),#1141,.F.);
#13056 = FACE_BOUND('',#13057,.F.);
#13057 = EDGE_LOOP('',(#13058,#13079,#13080,#13081));
#13058 = ORIENTED_EDGE('',*,*,#13059,.T.);
#13059 = EDGE_CURVE('',#7508,#1121,#13060,.T.);
#13060 = SEAM_CURVE('',#13061,(#13065,#13072),.PCURVE_S1.);
#13061 = LINE('',#13062,#13063);
#13062 = CARTESIAN_POINT('',(36.426062,-96.719329,-4.6E-02));
#13063 = VECTOR('',#13064,1.);
#13064 = DIRECTION('',(0.,0.,1.));
#13065 = PCURVE('',#1141,#13066);
#13066 = DEFINITIONAL_REPRESENTATION('',(#13067),#13071);
#13067 = LINE('',#13068,#13069);
#13068 = CARTESIAN_POINT('',(0.,0.));
#13069 = VECTOR('',#13070,1.);
#13070 = DIRECTION('',(0.,-1.));
#13071 = ( GEOMETRIC_REPRESENTATION_CONTEXT(2) 
PARAMETRIC_REPRESENTATION_CONTEXT() REPRESENTATION_CONTEXT('2D SPACE',''
  ) );
#13072 = PCURVE('',#1141,#13073);
#13073 = DEFINITIONAL_REPRESENTATION('',(#13074),#13078);
#13074 = LINE('',#13075,#13076);
#13075 = CARTESIAN_POINT('',(6.28318530718,0.));
#13076 = VECTOR('',#13077,1.);
#13077 = DIRECTION('',(0.,-1.));
#13078 = ( GEOMETRIC_REPRESENTATION_CONTEXT(2) 
PARAMETRIC_REPRESENTATION_CONTEXT() REPRESENTATION_CONTEXT('2D SPACE',''
  ) );
#13079 = ORIENTED_EDGE('',*,*,#1120,.T.);
#13080 = ORIENTED_EDGE('',*,*,#13059,.F.);
#13081 = ORIENTED_EDGE('',*,*,#7507,.F.);
#13082 = ADVANCED_FACE('',(#13083),#1176,.F.);
#13083 = FACE_BOUND('',#13084,.F.);
#13084 = EDGE_LOOP('',(#13085,#13106,#13107,#13108));
#13085 = ORIENTED_EDGE('',*,*,#13086,.T.);
#13086 = EDGE_CURVE('',#7538,#1156,#13087,.T.);
#13087 = SEAM_CURVE('',#13088,(#13092,#13099),.PCURVE_S1.);
#13088 = LINE('',#13089,#13090);
#13089 = CARTESIAN_POINT('',(41.738654,-94.432224,-4.6E-02));
#13090 = VECTOR('',#13091,1.);
#13091 = DIRECTION('',(0.,0.,1.));
#13092 = PCURVE('',#1176,#13093);
#13093 = DEFINITIONAL_REPRESENTATION('',(#13094),#13098);
#13094 = LINE('',#13095,#13096);
#13095 = CARTESIAN_POINT('',(0.,0.));
#13096 = VECTOR('',#13097,1.);
#13097 = DIRECTION('',(0.,-1.));
#13098 = ( GEOMETRIC_REPRESENTATION_CONTEXT(2) 
PARAMETRIC_REPRESENTATION_CONTEXT() REPRESENTATION_CONTEXT('2D SPACE',''
  ) );
#13099 = PCURVE('',#1176,#13100);
#13100 = DEFINITIONAL_REPRESENTATION('',(#13101),#13105);
#13101 = LINE('',#13102,#13103);
#13102 = CARTESIAN_POINT('',(6.28318530718,0.));
#13103 = VECTOR('',#13104,1.);
#13104 = DIRECTION('',(0.,-1.));
#13105 = ( GEOMETRIC_REPRESENTATION_CONTEXT(2) 
PARAMETRIC_REPRESENTATION_CONTEXT() REPRESENTATION_CONTEXT('2D SPACE',''
  ) );
#13106 = ORIENTED_EDGE('',*,*,#1155,.T.);
#13107 = ORIENTED_EDGE('',*,*,#13086,.F.);
#13108 = ORIENTED_EDGE('',*,*,#7537,.F.);
#13109 = ADVANCED_FACE('',(#13110),#1211,.F.);
#13110 = FACE_BOUND('',#13111,.F.);
#13111 = EDGE_LOOP('',(#13112,#13133,#13134,#13135));
#13112 = ORIENTED_EDGE('',*,*,#13113,.T.);
#13113 = EDGE_CURVE('',#7568,#1191,#13114,.T.);
#13114 = SEAM_CURVE('',#13115,(#13119,#13126),.PCURVE_S1.);
#13115 = LINE('',#13116,#13117);
#13116 = CARTESIAN_POINT('',(28.180021,-84.183703,-4.6E-02));
#13117 = VECTOR('',#13118,1.);
#13118 = DIRECTION('',(0.,0.,1.));
#13119 = PCURVE('',#1211,#13120);
#13120 = DEFINITIONAL_REPRESENTATION('',(#13121),#13125);
#13121 = LINE('',#13122,#13123);
#13122 = CARTESIAN_POINT('',(0.,0.));
#13123 = VECTOR('',#13124,1.);
#13124 = DIRECTION('',(0.,-1.));
#13125 = ( GEOMETRIC_REPRESENTATION_CONTEXT(2) 
PARAMETRIC_REPRESENTATION_CONTEXT() REPRESENTATION_CONTEXT('2D SPACE',''
  ) );
#13126 = PCURVE('',#1211,#13127);
#13127 = DEFINITIONAL_REPRESENTATION('',(#13128),#13132);
#13128 = LINE('',#13129,#13130);
#13129 = CARTESIAN_POINT('',(6.28318530718,0.));
#13130 = VECTOR('',#13131,1.);
#13131 = DIRECTION('',(0.,-1.));
#13132 = ( GEOMETRIC_REPRESENTATION_CONTEXT(2) 
PARAMETRIC_REPRESENTATION_CONTEXT() REPRESENTATION_CONTEXT('2D SPACE',''
  ) );
#13133 = ORIENTED_EDGE('',*,*,#1190,.T.);
#13134 = ORIENTED_EDGE('',*,*,#13113,.F.);
#13135 = ORIENTED_EDGE('',*,*,#7567,.F.);
#13136 = ADVANCED_FACE('',(#13137),#1246,.F.);
#13137 = FACE_BOUND('',#13138,.F.);
#13138 = EDGE_LOOP('',(#13139,#13160,#13161,#13162));
#13139 = ORIENTED_EDGE('',*,*,#13140,.T.);
#13140 = EDGE_CURVE('',#7598,#1226,#13141,.T.);
#13141 = SEAM_CURVE('',#13142,(#13146,#13153),.PCURVE_S1.);
#13142 = LINE('',#13143,#13144);
#13143 = CARTESIAN_POINT('',(33.55317,-84.918052,-4.6E-02));
#13144 = VECTOR('',#13145,1.);
#13145 = DIRECTION('',(0.,0.,1.));
#13146 = PCURVE('',#1246,#13147);
#13147 = DEFINITIONAL_REPRESENTATION('',(#13148),#13152);
#13148 = LINE('',#13149,#13150);
#13149 = CARTESIAN_POINT('',(0.,0.));
#13150 = VECTOR('',#13151,1.);
#13151 = DIRECTION('',(0.,-1.));
#13152 = ( GEOMETRIC_REPRESENTATION_CONTEXT(2) 
PARAMETRIC_REPRESENTATION_CONTEXT() REPRESENTATION_CONTEXT('2D SPACE',''
  ) );
#13153 = PCURVE('',#1246,#13154);
#13154 = DEFINITIONAL_REPRESENTATION('',(#13155),#13159);
#13155 = LINE('',#13156,#13157);
#13156 = CARTESIAN_POINT('',(6.28318530718,0.));
#13157 = VECTOR('',#13158,1.);
#13158 = DIRECTION('',(0.,-1.));
#13159 = ( GEOMETRIC_REPRESENTATION_CONTEXT(2) 
PARAMETRIC_REPRESENTATION_CONTEXT() REPRESENTATION_CONTEXT('2D SPACE',''
  ) );
#13160 = ORIENTED_EDGE('',*,*,#1225,.T.);
#13161 = ORIENTED_EDGE('',*,*,#13140,.F.);
#13162 = ORIENTED_EDGE('',*,*,#7597,.F.);
#13163 = ADVANCED_FACE('',(#13164),#1281,.F.);
#13164 = FACE_BOUND('',#13165,.F.);
#13165 = EDGE_LOOP('',(#13166,#13187,#13188,#13189));
#13166 = ORIENTED_EDGE('',*,*,#13167,.T.);
#13167 = EDGE_CURVE('',#7628,#1261,#13168,.T.);
#13168 = SEAM_CURVE('',#13169,(#13173,#13180),.PCURVE_S1.);
#13169 = LINE('',#13170,#13171);
#13170 = CARTESIAN_POINT('',(40.381155,-90.092205,-4.6E-02));
#13171 = VECTOR('',#13172,1.);
#13172 = DIRECTION('',(0.,0.,1.));
#13173 = PCURVE('',#1281,#13174);
#13174 = DEFINITIONAL_REPRESENTATION('',(#13175),#13179);
#13175 = LINE('',#13176,#13177);
#13176 = CARTESIAN_POINT('',(0.,0.));
#13177 = VECTOR('',#13178,1.);
#13178 = DIRECTION('',(0.,-1.));
#13179 = ( GEOMETRIC_REPRESENTATION_CONTEXT(2) 
PARAMETRIC_REPRESENTATION_CONTEXT() REPRESENTATION_CONTEXT('2D SPACE',''
  ) );
#13180 = PCURVE('',#1281,#13181);
#13181 = DEFINITIONAL_REPRESENTATION('',(#13182),#13186);
#13182 = LINE('',#13183,#13184);
#13183 = CARTESIAN_POINT('',(6.28318530718,0.));
#13184 = VECTOR('',#13185,1.);
#13185 = DIRECTION('',(0.,-1.));
#13186 = ( GEOMETRIC_REPRESENTATION_CONTEXT(2) 
PARAMETRIC_REPRESENTATION_CONTEXT() REPRESENTATION_CONTEXT('2D SPACE',''
  ) );
#13187 = ORIENTED_EDGE('',*,*,#1260,.T.);
#13188 = ORIENTED_EDGE('',*,*,#13167,.F.);
#13189 = ORIENTED_EDGE('',*,*,#7627,.F.);
#13190 = ADVANCED_FACE('',(#13191),#1316,.F.);
#13191 = FACE_BOUND('',#13192,.F.);
#13192 = EDGE_LOOP('',(#13193,#13214,#13215,#13216));
#13193 = ORIENTED_EDGE('',*,*,#13194,.T.);
#13194 = EDGE_CURVE('',#7658,#1296,#13195,.T.);
#13195 = SEAM_CURVE('',#13196,(#13200,#13207),.PCURVE_S1.);
#13196 = LINE('',#13197,#13198);
#13197 = CARTESIAN_POINT('',(26.713546,-80.858495,-4.6E-02));
#13198 = VECTOR('',#13199,1.);
#13199 = DIRECTION('',(0.,0.,1.));
#13200 = PCURVE('',#1316,#13201);
#13201 = DEFINITIONAL_REPRESENTATION('',(#13202),#13206);
#13202 = LINE('',#13203,#13204);
#13203 = CARTESIAN_POINT('',(0.,0.));
#13204 = VECTOR('',#13205,1.);
#13205 = DIRECTION('',(0.,-1.));
#13206 = ( GEOMETRIC_REPRESENTATION_CONTEXT(2) 
PARAMETRIC_REPRESENTATION_CONTEXT() REPRESENTATION_CONTEXT('2D SPACE',''
  ) );
#13207 = PCURVE('',#1316,#13208);
#13208 = DEFINITIONAL_REPRESENTATION('',(#13209),#13213);
#13209 = LINE('',#13210,#13211);
#13210 = CARTESIAN_POINT('',(6.28318530718,0.));
#13211 = VECTOR('',#13212,1.);
#13212 = DIRECTION('',(0.,-1.));
#13213 = ( GEOMETRIC_REPRESENTATION_CONTEXT(2) 
PARAMETRIC_REPRESENTATION_CONTEXT() REPRESENTATION_CONTEXT('2D SPACE',''
  ) );
#13214 = ORIENTED_EDGE('',*,*,#1295,.T.);
#13215 = ORIENTED_EDGE('',*,*,#13194,.F.);
#13216 = ORIENTED_EDGE('',*,*,#7657,.F.);
#13217 = ADVANCED_FACE('',(#13218),#1351,.F.);
#13218 = FACE_BOUND('',#13219,.F.);
#13219 = EDGE_LOOP('',(#13220,#13241,#13242,#13243));
#13220 = ORIENTED_EDGE('',*,*,#13221,.T.);
#13221 = EDGE_CURVE('',#7688,#1331,#13222,.T.);
#13222 = SEAM_CURVE('',#13223,(#13227,#13234),.PCURVE_S1.);
#13223 = LINE('',#13224,#13225);
#13224 = CARTESIAN_POINT('',(32.026138,-80.29859,-4.6E-02));
#13225 = VECTOR('',#13226,1.);
#13226 = DIRECTION('',(0.,0.,1.));
#13227 = PCURVE('',#1351,#13228);
#13228 = DEFINITIONAL_REPRESENTATION('',(#13229),#13233);
#13229 = LINE('',#13230,#13231);
#13230 = CARTESIAN_POINT('',(0.,0.));
#13231 = VECTOR('',#13232,1.);
#13232 = DIRECTION('',(0.,-1.));
#13233 = ( GEOMETRIC_REPRESENTATION_CONTEXT(2) 
PARAMETRIC_REPRESENTATION_CONTEXT() REPRESENTATION_CONTEXT('2D SPACE',''
  ) );
#13234 = PCURVE('',#1351,#13235);
#13235 = DEFINITIONAL_REPRESENTATION('',(#13236),#13240);
#13236 = LINE('',#13237,#13238);
#13237 = CARTESIAN_POINT('',(6.28318530718,0.));
#13238 = VECTOR('',#13239,1.);
#13239 = DIRECTION('',(0.,-1.));
#13240 = ( GEOMETRIC_REPRESENTATION_CONTEXT(2) 
PARAMETRIC_REPRESENTATION_CONTEXT() REPRESENTATION_CONTEXT('2D SPACE',''
  ) );
#13241 = ORIENTED_EDGE('',*,*,#1330,.T.);
#13242 = ORIENTED_EDGE('',*,*,#13221,.F.);
#13243 = ORIENTED_EDGE('',*,*,#7687,.F.);
#13244 = ADVANCED_FACE('',(#13245),#1386,.F.);
#13245 = FACE_BOUND('',#13246,.F.);
#13246 = EDGE_LOOP('',(#13247,#13268,#13269,#13270));
#13247 = ORIENTED_EDGE('',*,*,#13248,.T.);
#13248 = EDGE_CURVE('',#7718,#1366,#13249,.T.);
#13249 = SEAM_CURVE('',#13250,(#13254,#13261),.PCURVE_S1.);
#13250 = LINE('',#13251,#13252);
#13251 = CARTESIAN_POINT('',(25.896965,-76.373537,-4.6E-02));
#13252 = VECTOR('',#13253,1.);
#13253 = DIRECTION('',(0.,0.,1.));
#13254 = PCURVE('',#1386,#13255);
#13255 = DEFINITIONAL_REPRESENTATION('',(#13256),#13260);
#13256 = LINE('',#13257,#13258);
#13257 = CARTESIAN_POINT('',(0.,0.));
#13258 = VECTOR('',#13259,1.);
#13259 = DIRECTION('',(0.,-1.));
#13260 = ( GEOMETRIC_REPRESENTATION_CONTEXT(2) 
PARAMETRIC_REPRESENTATION_CONTEXT() REPRESENTATION_CONTEXT('2D SPACE',''
  ) );
#13261 = PCURVE('',#1386,#13262);
#13262 = DEFINITIONAL_REPRESENTATION('',(#13263),#13267);
#13263 = LINE('',#13264,#13265);
#13264 = CARTESIAN_POINT('',(6.28318530718,0.));
#13265 = VECTOR('',#13266,1.);
#13266 = DIRECTION('',(0.,-1.));
#13267 = ( GEOMETRIC_REPRESENTATION_CONTEXT(2) 
PARAMETRIC_REPRESENTATION_CONTEXT() REPRESENTATION_CONTEXT('2D SPACE',''
  ) );
#13268 = ORIENTED_EDGE('',*,*,#1365,.T.);
#13269 = ORIENTED_EDGE('',*,*,#13248,.F.);
#13270 = ORIENTED_EDGE('',*,*,#7717,.F.);
#13271 = ADVANCED_FACE('',(#13272),#1421,.F.);
#13272 = FACE_BOUND('',#13273,.F.);
#13273 = EDGE_LOOP('',(#13274,#13295,#13296,#13297));
#13274 = ORIENTED_EDGE('',*,*,#13275,.T.);
#13275 = EDGE_CURVE('',#7748,#1401,#13276,.T.);
#13276 = SEAM_CURVE('',#13277,(#13281,#13288),.PCURVE_S1.);
#13277 = LINE('',#13278,#13279);
#13278 = CARTESIAN_POINT('',(37.33873,-78.011485,-4.6E-02));
#13279 = VECTOR('',#13280,1.);
#13280 = DIRECTION('',(0.,0.,1.));
#13281 = PCURVE('',#1421,#13282);
#13282 = DEFINITIONAL_REPRESENTATION('',(#13283),#13287);
#13283 = LINE('',#13284,#13285);
#13284 = CARTESIAN_POINT('',(0.,0.));
#13285 = VECTOR('',#13286,1.);
#13286 = DIRECTION('',(0.,-1.));
#13287 = ( GEOMETRIC_REPRESENTATION_CONTEXT(2) 
PARAMETRIC_REPRESENTATION_CONTEXT() REPRESENTATION_CONTEXT('2D SPACE',''
  ) );
#13288 = PCURVE('',#1421,#13289);
#13289 = DEFINITIONAL_REPRESENTATION('',(#13290),#13294);
#13290 = LINE('',#13291,#13292);
#13291 = CARTESIAN_POINT('',(6.28318530718,0.));
#13292 = VECTOR('',#13293,1.);
#13293 = DIRECTION('',(0.,-1.));
#13294 = ( GEOMETRIC_REPRESENTATION_CONTEXT(2) 
PARAMETRIC_REPRESENTATION_CONTEXT() REPRESENTATION_CONTEXT('2D SPACE',''
  ) );
#13295 = ORIENTED_EDGE('',*,*,#1400,.T.);
#13296 = ORIENTED_EDGE('',*,*,#13275,.F.);
#13297 = ORIENTED_EDGE('',*,*,#7747,.F.);
#13298 = ADVANCED_FACE('',(#13299),#1456,.F.);
#13299 = FACE_BOUND('',#13300,.F.);
#13300 = EDGE_LOOP('',(#13301,#13322,#13323,#13324));
#13301 = ORIENTED_EDGE('',*,*,#13302,.T.);
#13302 = EDGE_CURVE('',#7778,#1436,#13303,.T.);
#13303 = SEAM_CURVE('',#13304,(#13308,#13315),.PCURVE_S1.);
#13304 = LINE('',#13305,#13306);
#13305 = CARTESIAN_POINT('',(46.856386,-81.187866,-4.6E-02));
#13306 = VECTOR('',#13307,1.);
#13307 = DIRECTION('',(0.,0.,1.));
#13308 = PCURVE('',#1456,#13309);
#13309 = DEFINITIONAL_REPRESENTATION('',(#13310),#13314);
#13310 = LINE('',#13311,#13312);
#13311 = CARTESIAN_POINT('',(0.,0.));
#13312 = VECTOR('',#13313,1.);
#13313 = DIRECTION('',(0.,-1.));
#13314 = ( GEOMETRIC_REPRESENTATION_CONTEXT(2) 
PARAMETRIC_REPRESENTATION_CONTEXT() REPRESENTATION_CONTEXT('2D SPACE',''
  ) );
#13315 = PCURVE('',#1456,#13316);
#13316 = DEFINITIONAL_REPRESENTATION('',(#13317),#13321);
#13317 = LINE('',#13318,#13319);
#13318 = CARTESIAN_POINT('',(6.28318530718,0.));
#13319 = VECTOR('',#13320,1.);
#13320 = DIRECTION('',(0.,-1.));
#13321 = ( GEOMETRIC_REPRESENTATION_CONTEXT(2) 
PARAMETRIC_REPRESENTATION_CONTEXT() REPRESENTATION_CONTEXT('2D SPACE',''
  ) );
#13322 = ORIENTED_EDGE('',*,*,#1435,.T.);
#13323 = ORIENTED_EDGE('',*,*,#13302,.F.);
#13324 = ORIENTED_EDGE('',*,*,#7777,.F.);
#13325 = ADVANCED_FACE('',(#13326),#1491,.F.);
#13326 = FACE_BOUND('',#13327,.F.);
#13327 = EDGE_LOOP('',(#13328,#13349,#13350,#13351));
#13328 = ORIENTED_EDGE('',*,*,#13329,.T.);
#13329 = EDGE_CURVE('',#7808,#1471,#13330,.T.);
#13330 = SEAM_CURVE('',#13331,(#13335,#13342),.PCURVE_S1.);
#13331 = LINE('',#13332,#13333);
#13332 = CARTESIAN_POINT('',(46.09253,-77.647901,-4.6E-02));
#13333 = VECTOR('',#13334,1.);
#13334 = DIRECTION('',(0.,0.,1.));
#13335 = PCURVE('',#1491,#13336);
#13336 = DEFINITIONAL_REPRESENTATION('',(#13337),#13341);
#13337 = LINE('',#13338,#13339);
#13338 = CARTESIAN_POINT('',(0.,0.));
#13339 = VECTOR('',#13340,1.);
#13340 = DIRECTION('',(0.,-1.));
#13341 = ( GEOMETRIC_REPRESENTATION_CONTEXT(2) 
PARAMETRIC_REPRESENTATION_CONTEXT() REPRESENTATION_CONTEXT('2D SPACE',''
  ) );
#13342 = PCURVE('',#1491,#13343);
#13343 = DEFINITIONAL_REPRESENTATION('',(#13344),#13348);
#13344 = LINE('',#13345,#13346);
#13345 = CARTESIAN_POINT('',(6.28318530718,0.));
#13346 = VECTOR('',#13347,1.);
#13347 = DIRECTION('',(0.,-1.));
#13348 = ( GEOMETRIC_REPRESENTATION_CONTEXT(2) 
PARAMETRIC_REPRESENTATION_CONTEXT() REPRESENTATION_CONTEXT('2D SPACE',''
  ) );
#13349 = ORIENTED_EDGE('',*,*,#1470,.T.);
#13350 = ORIENTED_EDGE('',*,*,#13329,.F.);
#13351 = ORIENTED_EDGE('',*,*,#7807,.F.);
#13352 = ADVANCED_FACE('',(#13353),#1526,.F.);
#13353 = FACE_BOUND('',#13354,.F.);
#13354 = EDGE_LOOP('',(#13355,#13376,#13377,#13378));
#13355 = ORIENTED_EDGE('',*,*,#13356,.T.);
#13356 = EDGE_CURVE('',#7838,#1506,#13357,.T.);
#13357 = SEAM_CURVE('',#13358,(#13362,#13369),.PCURVE_S1.);
#13358 = LINE('',#13359,#13360);
#13359 = CARTESIAN_POINT('',(35.981231,-73.671466,-4.6E-02));
#13360 = VECTOR('',#13361,1.);
#13361 = DIRECTION('',(0.,0.,1.));
#13362 = PCURVE('',#1526,#13363);
#13363 = DEFINITIONAL_REPRESENTATION('',(#13364),#13368);
#13364 = LINE('',#13365,#13366);
#13365 = CARTESIAN_POINT('',(0.,0.));
#13366 = VECTOR('',#13367,1.);
#13367 = DIRECTION('',(0.,-1.));
#13368 = ( GEOMETRIC_REPRESENTATION_CONTEXT(2) 
PARAMETRIC_REPRESENTATION_CONTEXT() REPRESENTATION_CONTEXT('2D SPACE',''
  ) );
#13369 = PCURVE('',#1526,#13370);
#13370 = DEFINITIONAL_REPRESENTATION('',(#13371),#13375);
#13371 = LINE('',#13372,#13373);
#13372 = CARTESIAN_POINT('',(6.28318530718,0.));
#13373 = VECTOR('',#13374,1.);
#13374 = DIRECTION('',(0.,-1.));
#13375 = ( GEOMETRIC_REPRESENTATION_CONTEXT(2) 
PARAMETRIC_REPRESENTATION_CONTEXT() REPRESENTATION_CONTEXT('2D SPACE',''
  ) );
#13376 = ORIENTED_EDGE('',*,*,#1505,.T.);
#13377 = ORIENTED_EDGE('',*,*,#13356,.F.);
#13378 = ORIENTED_EDGE('',*,*,#7837,.F.);
#13379 = ADVANCED_FACE('',(#13380),#1561,.F.);
#13380 = FACE_BOUND('',#13381,.F.);
#13381 = EDGE_LOOP('',(#13382,#13403,#13404,#13405));
#13382 = ORIENTED_EDGE('',*,*,#13383,.T.);
#13383 = EDGE_CURVE('',#7868,#1541,#13384,.T.);
#13384 = SEAM_CURVE('',#13385,(#13389,#13396),.PCURVE_S1.);
#13385 = LINE('',#13386,#13387);
#13386 = CARTESIAN_POINT('',(46.07887,-73.083,-4.6E-02));
#13387 = VECTOR('',#13388,1.);
#13388 = DIRECTION('',(0.,0.,1.));
#13389 = PCURVE('',#1561,#13390);
#13390 = DEFINITIONAL_REPRESENTATION('',(#13391),#13395);
#13391 = LINE('',#13392,#13393);
#13392 = CARTESIAN_POINT('',(0.,0.));
#13393 = VECTOR('',#13394,1.);
#13394 = DIRECTION('',(0.,-1.));
#13395 = ( GEOMETRIC_REPRESENTATION_CONTEXT(2) 
PARAMETRIC_REPRESENTATION_CONTEXT() REPRESENTATION_CONTEXT('2D SPACE',''
  ) );
#13396 = PCURVE('',#1561,#13397);
#13397 = DEFINITIONAL_REPRESENTATION('',(#13398),#13402);
#13398 = LINE('',#13399,#13400);
#13399 = CARTESIAN_POINT('',(6.28318530718,0.));
#13400 = VECTOR('',#13401,1.);
#13401 = DIRECTION('',(0.,-1.));
#13402 = ( GEOMETRIC_REPRESENTATION_CONTEXT(2) 
PARAMETRIC_REPRESENTATION_CONTEXT() REPRESENTATION_CONTEXT('2D SPACE',''
  ) );
#13403 = ORIENTED_EDGE('',*,*,#1540,.T.);
#13404 = ORIENTED_EDGE('',*,*,#13383,.F.);
#13405 = ORIENTED_EDGE('',*,*,#7867,.F.);
#13406 = ADVANCED_FACE('',(#13407),#1596,.F.);
#13407 = FACE_BOUND('',#13408,.F.);
#13408 = EDGE_LOOP('',(#13409,#13430,#13431,#13432));
#13409 = ORIENTED_EDGE('',*,*,#13410,.T.);
#13410 = EDGE_CURVE('',#7898,#1576,#13411,.T.);
#13411 = SEAM_CURVE('',#13412,(#13416,#13423),.PCURVE_S1.);
#13412 = LINE('',#13413,#13414);
#13413 = CARTESIAN_POINT('',(51.990695,-82.933968,-4.6E-02));
#13414 = VECTOR('',#13415,1.);
#13415 = DIRECTION('',(0.,0.,1.));
#13416 = PCURVE('',#1596,#13417);
#13417 = DEFINITIONAL_REPRESENTATION('',(#13418),#13422);
#13418 = LINE('',#13419,#13420);
#13419 = CARTESIAN_POINT('',(0.,0.));
#13420 = VECTOR('',#13421,1.);
#13421 = DIRECTION('',(0.,-1.));
#13422 = ( GEOMETRIC_REPRESENTATION_CONTEXT(2) 
PARAMETRIC_REPRESENTATION_CONTEXT() REPRESENTATION_CONTEXT('2D SPACE',''
  ) );
#13423 = PCURVE('',#1596,#13424);
#13424 = DEFINITIONAL_REPRESENTATION('',(#13425),#13429);
#13425 = LINE('',#13426,#13427);
#13426 = CARTESIAN_POINT('',(6.28318530718,0.));
#13427 = VECTOR('',#13428,1.);
#13428 = DIRECTION('',(0.,-1.));
#13429 = ( GEOMETRIC_REPRESENTATION_CONTEXT(2) 
PARAMETRIC_REPRESENTATION_CONTEXT() REPRESENTATION_CONTEXT('2D SPACE',''
  ) );
#13430 = ORIENTED_EDGE('',*,*,#1575,.T.);
#13431 = ORIENTED_EDGE('',*,*,#13410,.F.);
#13432 = ORIENTED_EDGE('',*,*,#7897,.F.);
#13433 = ADVANCED_FACE('',(#13434),#1631,.F.);
#13434 = FACE_BOUND('',#13435,.F.);
#13435 = EDGE_LOOP('',(#13436,#13457,#13458,#13459));
#13436 = ORIENTED_EDGE('',*,*,#13437,.T.);
#13437 = EDGE_CURVE('',#7928,#1611,#13438,.T.);
#13438 = SEAM_CURVE('',#13439,(#13443,#13450),.PCURVE_S1.);
#13439 = LINE('',#13440,#13441);
#13440 = CARTESIAN_POINT('',(51.579132,-78.12784,-4.6E-02));
#13441 = VECTOR('',#13442,1.);
#13442 = DIRECTION('',(0.,0.,1.));
#13443 = PCURVE('',#1631,#13444);
#13444 = DEFINITIONAL_REPRESENTATION('',(#13445),#13449);
#13445 = LINE('',#13446,#13447);
#13446 = CARTESIAN_POINT('',(0.,0.));
#13447 = VECTOR('',#13448,1.);
#13448 = DIRECTION('',(0.,-1.));
#13449 = ( GEOMETRIC_REPRESENTATION_CONTEXT(2) 
PARAMETRIC_REPRESENTATION_CONTEXT() REPRESENTATION_CONTEXT('2D SPACE',''
  ) );
#13450 = PCURVE('',#1631,#13451);
#13451 = DEFINITIONAL_REPRESENTATION('',(#13452),#13456);
#13452 = LINE('',#13453,#13454);
#13453 = CARTESIAN_POINT('',(6.28318530718,0.));
#13454 = VECTOR('',#13455,1.);
#13455 = DIRECTION('',(0.,-1.));
#13456 = ( GEOMETRIC_REPRESENTATION_CONTEXT(2) 
PARAMETRIC_REPRESENTATION_CONTEXT() REPRESENTATION_CONTEXT('2D SPACE',''
  ) );
#13457 = ORIENTED_EDGE('',*,*,#1610,.T.);
#13458 = ORIENTED_EDGE('',*,*,#13437,.F.);
#13459 = ORIENTED_EDGE('',*,*,#7927,.F.);
#13460 = ADVANCED_FACE('',(#13461),#1666,.F.);
#13461 = FACE_BOUND('',#13462,.F.);
#13462 = EDGE_LOOP('',(#13463,#13484,#13485,#13486));
#13463 = ORIENTED_EDGE('',*,*,#13464,.T.);
#13464 = EDGE_CURVE('',#7958,#1646,#13465,.T.);
#13465 = SEAM_CURVE('',#13466,(#13470,#13477),.PCURVE_S1.);
#13466 = LINE('',#13467,#13468);
#13467 = CARTESIAN_POINT('',(57.065734,-76.880579,-4.6E-02));
#13468 = VECTOR('',#13469,1.);
#13469 = DIRECTION('',(0.,0.,1.));
#13470 = PCURVE('',#1666,#13471);
#13471 = DEFINITIONAL_REPRESENTATION('',(#13472),#13476);
#13472 = LINE('',#13473,#13474);
#13473 = CARTESIAN_POINT('',(0.,0.));
#13474 = VECTOR('',#13475,1.);
#13475 = DIRECTION('',(0.,-1.));
#13476 = ( GEOMETRIC_REPRESENTATION_CONTEXT(2) 
PARAMETRIC_REPRESENTATION_CONTEXT() REPRESENTATION_CONTEXT('2D SPACE',''
  ) );
#13477 = PCURVE('',#1666,#13478);
#13478 = DEFINITIONAL_REPRESENTATION('',(#13479),#13483);
#13479 = LINE('',#13480,#13481);
#13480 = CARTESIAN_POINT('',(6.28318530718,0.));
#13481 = VECTOR('',#13482,1.);
#13482 = DIRECTION('',(0.,-1.));
#13483 = ( GEOMETRIC_REPRESENTATION_CONTEXT(2) 
PARAMETRIC_REPRESENTATION_CONTEXT() REPRESENTATION_CONTEXT('2D SPACE',''
  ) );
#13484 = ORIENTED_EDGE('',*,*,#1645,.T.);
#13485 = ORIENTED_EDGE('',*,*,#13464,.F.);
#13486 = ORIENTED_EDGE('',*,*,#7957,.F.);
#13487 = ADVANCED_FACE('',(#13488),#1701,.F.);
#13488 = FACE_BOUND('',#13489,.F.);
#13489 = EDGE_LOOP('',(#13490,#13511,#13512,#13513));
#13490 = ORIENTED_EDGE('',*,*,#13491,.T.);
#13491 = EDGE_CURVE('',#7988,#1681,#13492,.T.);
#13492 = SEAM_CURVE('',#13493,(#13497,#13504),.PCURVE_S1.);
#13493 = LINE('',#13494,#13495);
#13494 = CARTESIAN_POINT('',(56.493439,-72.354742,-4.6E-02));
#13495 = VECTOR('',#13496,1.);
#13496 = DIRECTION('',(0.,0.,1.));
#13497 = PCURVE('',#1701,#13498);
#13498 = DEFINITIONAL_REPRESENTATION('',(#13499),#13503);
#13499 = LINE('',#13500,#13501);
#13500 = CARTESIAN_POINT('',(0.,0.));
#13501 = VECTOR('',#13502,1.);
#13502 = DIRECTION('',(0.,-1.));
#13503 = ( GEOMETRIC_REPRESENTATION_CONTEXT(2) 
PARAMETRIC_REPRESENTATION_CONTEXT() REPRESENTATION_CONTEXT('2D SPACE',''
  ) );
#13504 = PCURVE('',#1701,#13505);
#13505 = DEFINITIONAL_REPRESENTATION('',(#13506),#13510);
#13506 = LINE('',#13507,#13508);
#13507 = CARTESIAN_POINT('',(6.28318530718,0.));
#13508 = VECTOR('',#13509,1.);
#13509 = DIRECTION('',(0.,-1.));
#13510 = ( GEOMETRIC_REPRESENTATION_CONTEXT(2) 
PARAMETRIC_REPRESENTATION_CONTEXT() REPRESENTATION_CONTEXT('2D SPACE',''
  ) );
#13511 = ORIENTED_EDGE('',*,*,#1680,.T.);
#13512 = ORIENTED_EDGE('',*,*,#13491,.F.);
#13513 = ORIENTED_EDGE('',*,*,#7987,.F.);
#13514 = ADVANCED_FACE('',(#13515),#1736,.F.);
#13515 = FACE_BOUND('',#13516,.F.);
#13516 = EDGE_LOOP('',(#13517,#13538,#13539,#13540));
#13517 = ORIENTED_EDGE('',*,*,#13518,.T.);
#13518 = EDGE_CURVE('',#8018,#1716,#13519,.T.);
#13519 = SEAM_CURVE('',#13520,(#13524,#13531),.PCURVE_S1.);
#13520 = LINE('',#13521,#13522);
#13521 = CARTESIAN_POINT('',(69.938,-76.893,-4.6E-02));
#13522 = VECTOR('',#13523,1.);
#13523 = DIRECTION('',(0.,0.,1.));
#13524 = PCURVE('',#1736,#13525);
#13525 = DEFINITIONAL_REPRESENTATION('',(#13526),#13530);
#13526 = LINE('',#13527,#13528);
#13527 = CARTESIAN_POINT('',(0.,0.));
#13528 = VECTOR('',#13529,1.);
#13529 = DIRECTION('',(0.,-1.));
#13530 = ( GEOMETRIC_REPRESENTATION_CONTEXT(2) 
PARAMETRIC_REPRESENTATION_CONTEXT() REPRESENTATION_CONTEXT('2D SPACE',''
  ) );
#13531 = PCURVE('',#1736,#13532);
#13532 = DEFINITIONAL_REPRESENTATION('',(#13533),#13537);
#13533 = LINE('',#13534,#13535);
#13534 = CARTESIAN_POINT('',(6.28318530718,0.));
#13535 = VECTOR('',#13536,1.);
#13536 = DIRECTION('',(0.,-1.));
#13537 = ( GEOMETRIC_REPRESENTATION_CONTEXT(2) 
PARAMETRIC_REPRESENTATION_CONTEXT() REPRESENTATION_CONTEXT('2D SPACE',''
  ) );
#13538 = ORIENTED_EDGE('',*,*,#1715,.T.);
#13539 = ORIENTED_EDGE('',*,*,#13518,.F.);
#13540 = ORIENTED_EDGE('',*,*,#8017,.F.);
#13541 = ADVANCED_FACE('',(#13542),#1771,.F.);
#13542 = FACE_BOUND('',#13543,.F.);
#13543 = EDGE_LOOP('',(#13544,#13565,#13566,#13567));
#13544 = ORIENTED_EDGE('',*,*,#13545,.T.);
#13545 = EDGE_CURVE('',#8048,#1751,#13546,.T.);
#13546 = SEAM_CURVE('',#13547,(#13551,#13558),.PCURVE_S1.);
#13547 = LINE('',#13548,#13549);
#13548 = CARTESIAN_POINT('',(64.938,-74.793,-4.6E-02));
#13549 = VECTOR('',#13550,1.);
#13550 = DIRECTION('',(0.,0.,1.));
#13551 = PCURVE('',#1771,#13552);
#13552 = DEFINITIONAL_REPRESENTATION('',(#13553),#13557);
#13553 = LINE('',#13554,#13555);
#13554 = CARTESIAN_POINT('',(0.,0.));
#13555 = VECTOR('',#13556,1.);
#13556 = DIRECTION('',(0.,-1.));
#13557 = ( GEOMETRIC_REPRESENTATION_CONTEXT(2) 
PARAMETRIC_REPRESENTATION_CONTEXT() REPRESENTATION_CONTEXT('2D SPACE',''
  ) );
#13558 = PCURVE('',#1771,#13559);
#13559 = DEFINITIONAL_REPRESENTATION('',(#13560),#13564);
#13560 = LINE('',#13561,#13562);
#13561 = CARTESIAN_POINT('',(6.28318530718,0.));
#13562 = VECTOR('',#13563,1.);
#13563 = DIRECTION('',(0.,-1.));
#13564 = ( GEOMETRIC_REPRESENTATION_CONTEXT(2) 
PARAMETRIC_REPRESENTATION_CONTEXT() REPRESENTATION_CONTEXT('2D SPACE',''
  ) );
#13565 = ORIENTED_EDGE('',*,*,#1750,.T.);
#13566 = ORIENTED_EDGE('',*,*,#13545,.F.);
#13567 = ORIENTED_EDGE('',*,*,#8047,.F.);
#13568 = ADVANCED_FACE('',(#13569),#1806,.F.);
#13569 = FACE_BOUND('',#13570,.F.);
#13570 = EDGE_LOOP('',(#13571,#13592,#13593,#13594));
#13571 = ORIENTED_EDGE('',*,*,#13572,.T.);
#13572 = EDGE_CURVE('',#8078,#1786,#13573,.T.);
#13573 = SEAM_CURVE('',#13574,(#13578,#13585),.PCURVE_S1.);
#13574 = LINE('',#13575,#13576);
#13575 = CARTESIAN_POINT('',(100.972938,-110.013228,-4.6E-02));
#13576 = VECTOR('',#13577,1.);
#13577 = DIRECTION('',(0.,0.,1.));
#13578 = PCURVE('',#1806,#13579);
#13579 = DEFINITIONAL_REPRESENTATION('',(#13580),#13584);
#13580 = LINE('',#13581,#13582);
#13581 = CARTESIAN_POINT('',(0.,0.));
#13582 = VECTOR('',#13583,1.);
#13583 = DIRECTION('',(0.,-1.));
#13584 = ( GEOMETRIC_REPRESENTATION_CONTEXT(2) 
PARAMETRIC_REPRESENTATION_CONTEXT() REPRESENTATION_CONTEXT('2D SPACE',''
  ) );
#13585 = PCURVE('',#1806,#13586);
#13586 = DEFINITIONAL_REPRESENTATION('',(#13587),#13591);
#13587 = LINE('',#13588,#13589);
#13588 = CARTESIAN_POINT('',(6.28318530718,0.));
#13589 = VECTOR('',#13590,1.);
#13590 = DIRECTION('',(0.,-1.));
#13591 = ( GEOMETRIC_REPRESENTATION_CONTEXT(2) 
PARAMETRIC_REPRESENTATION_CONTEXT() REPRESENTATION_CONTEXT('2D SPACE',''
  ) );
#13592 = ORIENTED_EDGE('',*,*,#1785,.T.);
#13593 = ORIENTED_EDGE('',*,*,#13572,.F.);
#13594 = ORIENTED_EDGE('',*,*,#8077,.F.);
#13595 = ADVANCED_FACE('',(#13596),#1841,.F.);
#13596 = FACE_BOUND('',#13597,.F.);
#13597 = EDGE_LOOP('',(#13598,#13619,#13620,#13621));
#13598 = ORIENTED_EDGE('',*,*,#13599,.T.);
#13599 = EDGE_CURVE('',#8108,#1821,#13600,.T.);
#13600 = SEAM_CURVE('',#13601,(#13605,#13612),.PCURVE_S1.);
#13601 = LINE('',#13602,#13603);
#13602 = CARTESIAN_POINT('',(99.75705,-106.594348,-4.6E-02));
#13603 = VECTOR('',#13604,1.);
#13604 = DIRECTION('',(0.,0.,1.));
#13605 = PCURVE('',#1841,#13606);
#13606 = DEFINITIONAL_REPRESENTATION('',(#13607),#13611);
#13607 = LINE('',#13608,#13609);
#13608 = CARTESIAN_POINT('',(0.,0.));
#13609 = VECTOR('',#13610,1.);
#13610 = DIRECTION('',(0.,-1.));
#13611 = ( GEOMETRIC_REPRESENTATION_CONTEXT(2) 
PARAMETRIC_REPRESENTATION_CONTEXT() REPRESENTATION_CONTEXT('2D SPACE',''
  ) );
#13612 = PCURVE('',#1841,#13613);
#13613 = DEFINITIONAL_REPRESENTATION('',(#13614),#13618);
#13614 = LINE('',#13615,#13616);
#13615 = CARTESIAN_POINT('',(6.28318530718,0.));
#13616 = VECTOR('',#13617,1.);
#13617 = DIRECTION('',(0.,-1.));
#13618 = ( GEOMETRIC_REPRESENTATION_CONTEXT(2) 
PARAMETRIC_REPRESENTATION_CONTEXT() REPRESENTATION_CONTEXT('2D SPACE',''
  ) );
#13619 = ORIENTED_EDGE('',*,*,#1820,.T.);
#13620 = ORIENTED_EDGE('',*,*,#13599,.F.);
#13621 = ORIENTED_EDGE('',*,*,#8107,.F.);
#13622 = ADVANCED_FACE('',(#13623),#1876,.F.);
#13623 = FACE_BOUND('',#13624,.F.);
#13624 = EDGE_LOOP('',(#13625,#13646,#13647,#13648));
#13625 = ORIENTED_EDGE('',*,*,#13626,.T.);
#13626 = EDGE_CURVE('',#8138,#1856,#13627,.T.);
#13627 = SEAM_CURVE('',#13628,(#13632,#13639),.PCURVE_S1.);
#13628 = LINE('',#13629,#13630);
#13629 = CARTESIAN_POINT('',(99.230508,-102.062489,-4.6E-02));
#13630 = VECTOR('',#13631,1.);
#13631 = DIRECTION('',(0.,0.,1.));
#13632 = PCURVE('',#1876,#13633);
#13633 = DEFINITIONAL_REPRESENTATION('',(#13634),#13638);
#13634 = LINE('',#13635,#13636);
#13635 = CARTESIAN_POINT('',(0.,0.));
#13636 = VECTOR('',#13637,1.);
#13637 = DIRECTION('',(0.,-1.));
#13638 = ( GEOMETRIC_REPRESENTATION_CONTEXT(2) 
PARAMETRIC_REPRESENTATION_CONTEXT() REPRESENTATION_CONTEXT('2D SPACE',''
  ) );
#13639 = PCURVE('',#1876,#13640);
#13640 = DEFINITIONAL_REPRESENTATION('',(#13641),#13645);
#13641 = LINE('',#13642,#13643);
#13642 = CARTESIAN_POINT('',(6.28318530718,0.));
#13643 = VECTOR('',#13644,1.);
#13644 = DIRECTION('',(0.,-1.));
#13645 = ( GEOMETRIC_REPRESENTATION_CONTEXT(2) 
PARAMETRIC_REPRESENTATION_CONTEXT() REPRESENTATION_CONTEXT('2D SPACE',''
  ) );
#13646 = ORIENTED_EDGE('',*,*,#1855,.T.);
#13647 = ORIENTED_EDGE('',*,*,#13626,.F.);
#13648 = ORIENTED_EDGE('',*,*,#8137,.F.);
#13649 = ADVANCED_FACE('',(#13650),#1911,.F.);
#13650 = FACE_BOUND('',#13651,.F.);
#13651 = EDGE_LOOP('',(#13652,#13673,#13674,#13675));
#13652 = ORIENTED_EDGE('',*,*,#13653,.T.);
#13653 = EDGE_CURVE('',#8168,#1891,#13654,.T.);
#13654 = SEAM_CURVE('',#13655,(#13659,#13666),.PCURVE_S1.);
#13655 = LINE('',#13656,#13657);
#13656 = CARTESIAN_POINT('',(106.281773,-111.1206,-4.6E-02));
#13657 = VECTOR('',#13658,1.);
#13658 = DIRECTION('',(0.,0.,1.));
#13659 = PCURVE('',#1911,#13660);
#13660 = DEFINITIONAL_REPRESENTATION('',(#13661),#13665);
#13661 = LINE('',#13662,#13663);
#13662 = CARTESIAN_POINT('',(0.,0.));
#13663 = VECTOR('',#13664,1.);
#13664 = DIRECTION('',(0.,-1.));
#13665 = ( GEOMETRIC_REPRESENTATION_CONTEXT(2) 
PARAMETRIC_REPRESENTATION_CONTEXT() REPRESENTATION_CONTEXT('2D SPACE',''
  ) );
#13666 = PCURVE('',#1911,#13667);
#13667 = DEFINITIONAL_REPRESENTATION('',(#13668),#13672);
#13668 = LINE('',#13669,#13670);
#13669 = CARTESIAN_POINT('',(6.28318530718,0.));
#13670 = VECTOR('',#13671,1.);
#13671 = DIRECTION('',(0.,-1.));
#13672 = ( GEOMETRIC_REPRESENTATION_CONTEXT(2) 
PARAMETRIC_REPRESENTATION_CONTEXT() REPRESENTATION_CONTEXT('2D SPACE',''
  ) );
#13673 = ORIENTED_EDGE('',*,*,#1890,.T.);
#13674 = ORIENTED_EDGE('',*,*,#13653,.F.);
#13675 = ORIENTED_EDGE('',*,*,#8167,.F.);
#13676 = ADVANCED_FACE('',(#13677),#1946,.F.);
#13677 = FACE_BOUND('',#13678,.F.);
#13678 = EDGE_LOOP('',(#13679,#13700,#13701,#13702));
#13679 = ORIENTED_EDGE('',*,*,#13680,.T.);
#13680 = EDGE_CURVE('',#8198,#1926,#13681,.T.);
#13681 = SEAM_CURVE('',#13682,(#13686,#13693),.PCURVE_S1.);
#13682 = LINE('',#13683,#13684);
#13683 = CARTESIAN_POINT('',(105.156,-106.4085,-4.6E-02));
#13684 = VECTOR('',#13685,1.);
#13685 = DIRECTION('',(0.,0.,1.));
#13686 = PCURVE('',#1946,#13687);
#13687 = DEFINITIONAL_REPRESENTATION('',(#13688),#13692);
#13688 = LINE('',#13689,#13690);
#13689 = CARTESIAN_POINT('',(0.,0.));
#13690 = VECTOR('',#13691,1.);
#13691 = DIRECTION('',(0.,-1.));
#13692 = ( GEOMETRIC_REPRESENTATION_CONTEXT(2) 
PARAMETRIC_REPRESENTATION_CONTEXT() REPRESENTATION_CONTEXT('2D SPACE',''
  ) );
#13693 = PCURVE('',#1946,#13694);
#13694 = DEFINITIONAL_REPRESENTATION('',(#13695),#13699);
#13695 = LINE('',#13696,#13697);
#13696 = CARTESIAN_POINT('',(6.28318530718,0.));
#13697 = VECTOR('',#13698,1.);
#13698 = DIRECTION('',(0.,-1.));
#13699 = ( GEOMETRIC_REPRESENTATION_CONTEXT(2) 
PARAMETRIC_REPRESENTATION_CONTEXT() REPRESENTATION_CONTEXT('2D SPACE',''
  ) );
#13700 = ORIENTED_EDGE('',*,*,#1925,.T.);
#13701 = ORIENTED_EDGE('',*,*,#13680,.F.);
#13702 = ORIENTED_EDGE('',*,*,#8197,.F.);
#13703 = ADVANCED_FACE('',(#13704),#1981,.F.);
#13704 = FACE_BOUND('',#13705,.F.);
#13705 = EDGE_LOOP('',(#13706,#13727,#13728,#13729));
#13706 = ORIENTED_EDGE('',*,*,#13707,.T.);
#13707 = EDGE_CURVE('',#8228,#1961,#13708,.T.);
#13708 = SEAM_CURVE('',#13709,(#13713,#13720),.PCURVE_S1.);
#13709 = LINE('',#13710,#13711);
#13710 = CARTESIAN_POINT('',(110.55495,-104.495452,-4.6E-02));
#13711 = VECTOR('',#13712,1.);
#13712 = DIRECTION('',(0.,0.,1.));
#13713 = PCURVE('',#1981,#13714);
#13714 = DEFINITIONAL_REPRESENTATION('',(#13715),#13719);
#13715 = LINE('',#13716,#13717);
#13716 = CARTESIAN_POINT('',(0.,0.));
#13717 = VECTOR('',#13718,1.);
#13718 = DIRECTION('',(0.,-1.));
#13719 = ( GEOMETRIC_REPRESENTATION_CONTEXT(2) 
PARAMETRIC_REPRESENTATION_CONTEXT() REPRESENTATION_CONTEXT('2D SPACE',''
  ) );
#13720 = PCURVE('',#1981,#13721);
#13721 = DEFINITIONAL_REPRESENTATION('',(#13722),#13726);
#13722 = LINE('',#13723,#13724);
#13723 = CARTESIAN_POINT('',(6.28318530718,0.));
#13724 = VECTOR('',#13725,1.);
#13725 = DIRECTION('',(0.,-1.));
#13726 = ( GEOMETRIC_REPRESENTATION_CONTEXT(2) 
PARAMETRIC_REPRESENTATION_CONTEXT() REPRESENTATION_CONTEXT('2D SPACE',''
  ) );
#13727 = ORIENTED_EDGE('',*,*,#1960,.T.);
#13728 = ORIENTED_EDGE('',*,*,#13707,.F.);
#13729 = ORIENTED_EDGE('',*,*,#8227,.F.);
#13730 = ADVANCED_FACE('',(#13731),#2016,.F.);
#13731 = FACE_BOUND('',#13732,.F.);
#13732 = EDGE_LOOP('',(#13733,#13754,#13755,#13756));
#13733 = ORIENTED_EDGE('',*,*,#13734,.T.);
#13734 = EDGE_CURVE('',#8258,#1996,#13735,.T.);
#13735 = SEAM_CURVE('',#13736,(#13740,#13747),.PCURVE_S1.);
#13736 = LINE('',#13737,#13738);
#13737 = CARTESIAN_POINT('',(124.206,-104.1869,-4.6E-02));
#13738 = VECTOR('',#13739,1.);
#13739 = DIRECTION('',(0.,0.,1.));
#13740 = PCURVE('',#2016,#13741);
#13741 = DEFINITIONAL_REPRESENTATION('',(#13742),#13746);
#13742 = LINE('',#13743,#13744);
#13743 = CARTESIAN_POINT('',(0.,0.));
#13744 = VECTOR('',#13745,1.);
#13745 = DIRECTION('',(0.,-1.));
#13746 = ( GEOMETRIC_REPRESENTATION_CONTEXT(2) 
PARAMETRIC_REPRESENTATION_CONTEXT() REPRESENTATION_CONTEXT('2D SPACE',''
  ) );
#13747 = PCURVE('',#2016,#13748);
#13748 = DEFINITIONAL_REPRESENTATION('',(#13749),#13753);
#13749 = LINE('',#13750,#13751);
#13750 = CARTESIAN_POINT('',(6.28318530718,0.));
#13751 = VECTOR('',#13752,1.);
#13752 = DIRECTION('',(0.,-1.));
#13753 = ( GEOMETRIC_REPRESENTATION_CONTEXT(2) 
PARAMETRIC_REPRESENTATION_CONTEXT() REPRESENTATION_CONTEXT('2D SPACE',''
  ) );
#13754 = ORIENTED_EDGE('',*,*,#1995,.T.);
#13755 = ORIENTED_EDGE('',*,*,#13734,.F.);
#13756 = ORIENTED_EDGE('',*,*,#8257,.F.);
#13757 = ADVANCED_FACE('',(#13758),#2051,.F.);
#13758 = FACE_BOUND('',#13759,.F.);
#13759 = EDGE_LOOP('',(#13760,#13781,#13782,#13783));
#13760 = ORIENTED_EDGE('',*,*,#13761,.T.);
#13761 = EDGE_CURVE('',#8288,#2031,#13762,.T.);
#13762 = SEAM_CURVE('',#13763,(#13767,#13774),.PCURVE_S1.);
#13763 = LINE('',#13764,#13765);
#13764 = CARTESIAN_POINT('',(128.006,-103.471,-4.6E-02));
#13765 = VECTOR('',#13766,1.);
#13766 = DIRECTION('',(0.,0.,1.));
#13767 = PCURVE('',#2051,#13768);
#13768 = DEFINITIONAL_REPRESENTATION('',(#13769),#13773);
#13769 = LINE('',#13770,#13771);
#13770 = CARTESIAN_POINT('',(0.,0.));
#13771 = VECTOR('',#13772,1.);
#13772 = DIRECTION('',(0.,-1.));
#13773 = ( GEOMETRIC_REPRESENTATION_CONTEXT(2) 
PARAMETRIC_REPRESENTATION_CONTEXT() REPRESENTATION_CONTEXT('2D SPACE',''
  ) );
#13774 = PCURVE('',#2051,#13775);
#13775 = DEFINITIONAL_REPRESENTATION('',(#13776),#13780);
#13776 = LINE('',#13777,#13778);
#13777 = CARTESIAN_POINT('',(6.28318530718,0.));
#13778 = VECTOR('',#13779,1.);
#13779 = DIRECTION('',(0.,-1.));
#13780 = ( GEOMETRIC_REPRESENTATION_CONTEXT(2) 
PARAMETRIC_REPRESENTATION_CONTEXT() REPRESENTATION_CONTEXT('2D SPACE',''
  ) );
#13781 = ORIENTED_EDGE('',*,*,#2030,.T.);
#13782 = ORIENTED_EDGE('',*,*,#13761,.F.);
#13783 = ORIENTED_EDGE('',*,*,#8287,.F.);
#13784 = ADVANCED_FACE('',(#13785),#2086,.F.);
#13785 = FACE_BOUND('',#13786,.F.);
#13786 = EDGE_LOOP('',(#13787,#13808,#13809,#13810));
#13787 = ORIENTED_EDGE('',*,*,#13788,.T.);
#13788 = EDGE_CURVE('',#8318,#2066,#13789,.T.);
#13789 = SEAM_CURVE('',#13790,(#13794,#13801),.PCURVE_S1.);
#13790 = LINE('',#13791,#13792);
#13791 = CARTESIAN_POINT('',(109.478696,-100.070443,-4.6E-02));
#13792 = VECTOR('',#13793,1.);
#13793 = DIRECTION('',(0.,0.,1.));
#13794 = PCURVE('',#2086,#13795);
#13795 = DEFINITIONAL_REPRESENTATION('',(#13796),#13800);
#13796 = LINE('',#13797,#13798);
#13797 = CARTESIAN_POINT('',(0.,0.));
#13798 = VECTOR('',#13799,1.);
#13799 = DIRECTION('',(0.,-1.));
#13800 = ( GEOMETRIC_REPRESENTATION_CONTEXT(2) 
PARAMETRIC_REPRESENTATION_CONTEXT() REPRESENTATION_CONTEXT('2D SPACE',''
  ) );
#13801 = PCURVE('',#2086,#13802);
#13802 = DEFINITIONAL_REPRESENTATION('',(#13803),#13807);
#13803 = LINE('',#13804,#13805);
#13804 = CARTESIAN_POINT('',(6.28318530718,0.));
#13805 = VECTOR('',#13806,1.);
#13806 = DIRECTION('',(0.,-1.));
#13807 = ( GEOMETRIC_REPRESENTATION_CONTEXT(2) 
PARAMETRIC_REPRESENTATION_CONTEXT() REPRESENTATION_CONTEXT('2D SPACE',''
  ) );
#13808 = ORIENTED_EDGE('',*,*,#2065,.T.);
#13809 = ORIENTED_EDGE('',*,*,#13788,.F.);
#13810 = ORIENTED_EDGE('',*,*,#8317,.F.);
#13811 = ADVANCED_FACE('',(#13812),#2121,.F.);
#13812 = FACE_BOUND('',#13813,.F.);
#13813 = EDGE_LOOP('',(#13814,#13835,#13836,#13837));
#13814 = ORIENTED_EDGE('',*,*,#13815,.T.);
#13815 = EDGE_CURVE('',#8348,#2101,#13816,.T.);
#13816 = SEAM_CURVE('',#13817,(#13821,#13828),.PCURVE_S1.);
#13817 = LINE('',#13818,#13819);
#13818 = CARTESIAN_POINT('',(124.206,-99.5505,-4.6E-02));
#13819 = VECTOR('',#13820,1.);
#13820 = DIRECTION('',(0.,0.,1.));
#13821 = PCURVE('',#2121,#13822);
#13822 = DEFINITIONAL_REPRESENTATION('',(#13823),#13827);
#13823 = LINE('',#13824,#13825);
#13824 = CARTESIAN_POINT('',(0.,0.));
#13825 = VECTOR('',#13826,1.);
#13826 = DIRECTION('',(0.,-1.));
#13827 = ( GEOMETRIC_REPRESENTATION_CONTEXT(2) 
PARAMETRIC_REPRESENTATION_CONTEXT() REPRESENTATION_CONTEXT('2D SPACE',''
  ) );
#13828 = PCURVE('',#2121,#13829);
#13829 = DEFINITIONAL_REPRESENTATION('',(#13830),#13834);
#13830 = LINE('',#13831,#13832);
#13831 = CARTESIAN_POINT('',(6.28318530718,0.));
#13832 = VECTOR('',#13833,1.);
#13833 = DIRECTION('',(0.,-1.));
#13834 = ( GEOMETRIC_REPRESENTATION_CONTEXT(2) 
PARAMETRIC_REPRESENTATION_CONTEXT() REPRESENTATION_CONTEXT('2D SPACE',''
  ) );
#13835 = ORIENTED_EDGE('',*,*,#2100,.T.);
#13836 = ORIENTED_EDGE('',*,*,#13815,.F.);
#13837 = ORIENTED_EDGE('',*,*,#8347,.F.);
#13838 = ADVANCED_FACE('',(#13839),#2156,.F.);
#13839 = FACE_BOUND('',#13840,.F.);
#13840 = EDGE_LOOP('',(#13841,#13862,#13863,#13864));
#13841 = ORIENTED_EDGE('',*,*,#13842,.T.);
#13842 = EDGE_CURVE('',#8378,#2136,#13843,.T.);
#13843 = SEAM_CURVE('',#13844,(#13848,#13855),.PCURVE_S1.);
#13844 = LINE('',#13845,#13846);
#13845 = CARTESIAN_POINT('',(130.106,-98.471,-4.6E-02));
#13846 = VECTOR('',#13847,1.);
#13847 = DIRECTION('',(0.,0.,1.));
#13848 = PCURVE('',#2156,#13849);
#13849 = DEFINITIONAL_REPRESENTATION('',(#13850),#13854);
#13850 = LINE('',#13851,#13852);
#13851 = CARTESIAN_POINT('',(0.,0.));
#13852 = VECTOR('',#13853,1.);
#13853 = DIRECTION('',(0.,-1.));
#13854 = ( GEOMETRIC_REPRESENTATION_CONTEXT(2) 
PARAMETRIC_REPRESENTATION_CONTEXT() REPRESENTATION_CONTEXT('2D SPACE',''
  ) );
#13855 = PCURVE('',#2156,#13856);
#13856 = DEFINITIONAL_REPRESENTATION('',(#13857),#13861);
#13857 = LINE('',#13858,#13859);
#13858 = CARTESIAN_POINT('',(6.28318530718,0.));
#13859 = VECTOR('',#13860,1.);
#13860 = DIRECTION('',(0.,-1.));
#13861 = ( GEOMETRIC_REPRESENTATION_CONTEXT(2) 
PARAMETRIC_REPRESENTATION_CONTEXT() REPRESENTATION_CONTEXT('2D SPACE',''
  ) );
#13862 = ORIENTED_EDGE('',*,*,#2135,.T.);
#13863 = ORIENTED_EDGE('',*,*,#13842,.F.);
#13864 = ORIENTED_EDGE('',*,*,#8377,.F.);
#13865 = ADVANCED_FACE('',(#13866),#2191,.F.);
#13866 = FACE_BOUND('',#13867,.F.);
#13867 = EDGE_LOOP('',(#13868,#13889,#13890,#13891));
#13868 = ORIENTED_EDGE('',*,*,#13869,.T.);
#13869 = EDGE_CURVE('',#8408,#2171,#13870,.T.);
#13870 = SEAM_CURVE('',#13871,(#13875,#13882),.PCURVE_S1.);
#13871 = LINE('',#13872,#13873);
#13872 = CARTESIAN_POINT('',(124.206,-93.1869,-4.6E-02));
#13873 = VECTOR('',#13874,1.);
#13874 = DIRECTION('',(0.,0.,1.));
#13875 = PCURVE('',#2191,#13876);
#13876 = DEFINITIONAL_REPRESENTATION('',(#13877),#13881);
#13877 = LINE('',#13878,#13879);
#13878 = CARTESIAN_POINT('',(0.,0.));
#13879 = VECTOR('',#13880,1.);
#13880 = DIRECTION('',(0.,-1.));
#13881 = ( GEOMETRIC_REPRESENTATION_CONTEXT(2) 
PARAMETRIC_REPRESENTATION_CONTEXT() REPRESENTATION_CONTEXT('2D SPACE',''
  ) );
#13882 = PCURVE('',#2191,#13883);
#13883 = DEFINITIONAL_REPRESENTATION('',(#13884),#13888);
#13884 = LINE('',#13885,#13886);
#13885 = CARTESIAN_POINT('',(6.28318530718,0.));
#13886 = VECTOR('',#13887,1.);
#13887 = DIRECTION('',(0.,-1.));
#13888 = ( GEOMETRIC_REPRESENTATION_CONTEXT(2) 
PARAMETRIC_REPRESENTATION_CONTEXT() REPRESENTATION_CONTEXT('2D SPACE',''
  ) );
#13889 = ORIENTED_EDGE('',*,*,#2170,.T.);
#13890 = ORIENTED_EDGE('',*,*,#13869,.F.);
#13891 = ORIENTED_EDGE('',*,*,#8407,.F.);
#13892 = ADVANCED_FACE('',(#13893),#2226,.F.);
#13893 = FACE_BOUND('',#13894,.F.);
#13894 = EDGE_LOOP('',(#13895,#13916,#13917,#13918));
#13895 = ORIENTED_EDGE('',*,*,#13896,.T.);
#13896 = EDGE_CURVE('',#8438,#2206,#13897,.T.);
#13897 = SEAM_CURVE('',#13898,(#13902,#13909),.PCURVE_S1.);
#13898 = LINE('',#13899,#13900);
#13899 = CARTESIAN_POINT('',(87.938,-82.227,-4.6E-02));
#13900 = VECTOR('',#13901,1.);
#13901 = DIRECTION('',(0.,0.,1.));
#13902 = PCURVE('',#2226,#13903);
#13903 = DEFINITIONAL_REPRESENTATION('',(#13904),#13908);
#13904 = LINE('',#13905,#13906);
#13905 = CARTESIAN_POINT('',(0.,0.));
#13906 = VECTOR('',#13907,1.);
#13907 = DIRECTION('',(0.,-1.));
#13908 = ( GEOMETRIC_REPRESENTATION_CONTEXT(2) 
PARAMETRIC_REPRESENTATION_CONTEXT() REPRESENTATION_CONTEXT('2D SPACE',''
  ) );
#13909 = PCURVE('',#2226,#13910);
#13910 = DEFINITIONAL_REPRESENTATION('',(#13911),#13915);
#13911 = LINE('',#13912,#13913);
#13912 = CARTESIAN_POINT('',(6.28318530718,0.));
#13913 = VECTOR('',#13914,1.);
#13914 = DIRECTION('',(0.,-1.));
#13915 = ( GEOMETRIC_REPRESENTATION_CONTEXT(2) 
PARAMETRIC_REPRESENTATION_CONTEXT() REPRESENTATION_CONTEXT('2D SPACE',''
  ) );
#13916 = ORIENTED_EDGE('',*,*,#2205,.T.);
#13917 = ORIENTED_EDGE('',*,*,#13896,.F.);
#13918 = ORIENTED_EDGE('',*,*,#8437,.F.);
#13919 = ADVANCED_FACE('',(#13920),#2261,.F.);
#13920 = FACE_BOUND('',#13921,.F.);
#13921 = EDGE_LOOP('',(#13922,#13943,#13944,#13945));
#13922 = ORIENTED_EDGE('',*,*,#13923,.T.);
#13923 = EDGE_CURVE('',#8468,#2241,#13924,.T.);
#13924 = SEAM_CURVE('',#13925,(#13929,#13936),.PCURVE_S1.);
#13925 = LINE('',#13926,#13927);
#13926 = CARTESIAN_POINT('',(100.918,-82.667,-4.6E-02));
#13927 = VECTOR('',#13928,1.);
#13928 = DIRECTION('',(0.,0.,1.));
#13929 = PCURVE('',#2261,#13930);
#13930 = DEFINITIONAL_REPRESENTATION('',(#13931),#13935);
#13931 = LINE('',#13932,#13933);
#13932 = CARTESIAN_POINT('',(0.,0.));
#13933 = VECTOR('',#13934,1.);
#13934 = DIRECTION('',(0.,-1.));
#13935 = ( GEOMETRIC_REPRESENTATION_CONTEXT(2) 
PARAMETRIC_REPRESENTATION_CONTEXT() REPRESENTATION_CONTEXT('2D SPACE',''
  ) );
#13936 = PCURVE('',#2261,#13937);
#13937 = DEFINITIONAL_REPRESENTATION('',(#13938),#13942);
#13938 = LINE('',#13939,#13940);
#13939 = CARTESIAN_POINT('',(6.28318530718,0.));
#13940 = VECTOR('',#13941,1.);
#13941 = DIRECTION('',(0.,-1.));
#13942 = ( GEOMETRIC_REPRESENTATION_CONTEXT(2) 
PARAMETRIC_REPRESENTATION_CONTEXT() REPRESENTATION_CONTEXT('2D SPACE',''
  ) );
#13943 = ORIENTED_EDGE('',*,*,#2240,.T.);
#13944 = ORIENTED_EDGE('',*,*,#13923,.F.);
#13945 = ORIENTED_EDGE('',*,*,#8467,.F.);
#13946 = ADVANCED_FACE('',(#13947),#2296,.F.);
#13947 = FACE_BOUND('',#13948,.F.);
#13948 = EDGE_LOOP('',(#13949,#13970,#13971,#13972));
#13949 = ORIENTED_EDGE('',*,*,#13950,.T.);
#13950 = EDGE_CURVE('',#8498,#2276,#13951,.T.);
#13951 = SEAM_CURVE('',#13952,(#13956,#13963),.PCURVE_S1.);
#13952 = LINE('',#13953,#13954);
#13953 = CARTESIAN_POINT('',(82.938,-80.127,-4.6E-02));
#13954 = VECTOR('',#13955,1.);
#13955 = DIRECTION('',(0.,0.,1.));
#13956 = PCURVE('',#2296,#13957);
#13957 = DEFINITIONAL_REPRESENTATION('',(#13958),#13962);
#13958 = LINE('',#13959,#13960);
#13959 = CARTESIAN_POINT('',(0.,0.));
#13960 = VECTOR('',#13961,1.);
#13961 = DIRECTION('',(0.,-1.));
#13962 = ( GEOMETRIC_REPRESENTATION_CONTEXT(2) 
PARAMETRIC_REPRESENTATION_CONTEXT() REPRESENTATION_CONTEXT('2D SPACE',''
  ) );
#13963 = PCURVE('',#2296,#13964);
#13964 = DEFINITIONAL_REPRESENTATION('',(#13965),#13969);
#13965 = LINE('',#13966,#13967);
#13966 = CARTESIAN_POINT('',(6.28318530718,0.));
#13967 = VECTOR('',#13968,1.);
#13968 = DIRECTION('',(0.,-1.));
#13969 = ( GEOMETRIC_REPRESENTATION_CONTEXT(2) 
PARAMETRIC_REPRESENTATION_CONTEXT() REPRESENTATION_CONTEXT('2D SPACE',''
  ) );
#13970 = ORIENTED_EDGE('',*,*,#2275,.T.);
#13971 = ORIENTED_EDGE('',*,*,#13950,.F.);
#13972 = ORIENTED_EDGE('',*,*,#8497,.F.);
#13973 = ADVANCED_FACE('',(#13974),#2331,.F.);
#13974 = FACE_BOUND('',#13975,.F.);
#13975 = EDGE_LOOP('',(#13976,#13997,#13998,#13999));
#13976 = ORIENTED_EDGE('',*,*,#13977,.T.);
#13977 = EDGE_CURVE('',#8528,#2311,#13978,.T.);
#13978 = SEAM_CURVE('',#13979,(#13983,#13990),.PCURVE_S1.);
#13979 = LINE('',#13980,#13981);
#13980 = CARTESIAN_POINT('',(82.438,-76.5429,-4.6E-02));
#13981 = VECTOR('',#13982,1.);
#13982 = DIRECTION('',(0.,0.,1.));
#13983 = PCURVE('',#2331,#13984);
#13984 = DEFINITIONAL_REPRESENTATION('',(#13985),#13989);
#13985 = LINE('',#13986,#13987);
#13986 = CARTESIAN_POINT('',(0.,0.));
#13987 = VECTOR('',#13988,1.);
#13988 = DIRECTION('',(0.,-1.));
#13989 = ( GEOMETRIC_REPRESENTATION_CONTEXT(2) 
PARAMETRIC_REPRESENTATION_CONTEXT() REPRESENTATION_CONTEXT('2D SPACE',''
  ) );
#13990 = PCURVE('',#2331,#13991);
#13991 = DEFINITIONAL_REPRESENTATION('',(#13992),#13996);
#13992 = LINE('',#13993,#13994);
#13993 = CARTESIAN_POINT('',(6.28318530718,0.));
#13994 = VECTOR('',#13995,1.);
#13995 = DIRECTION('',(0.,-1.));
#13996 = ( GEOMETRIC_REPRESENTATION_CONTEXT(2) 
PARAMETRIC_REPRESENTATION_CONTEXT() REPRESENTATION_CONTEXT('2D SPACE',''
  ) );
#13997 = ORIENTED_EDGE('',*,*,#2310,.T.);
#13998 = ORIENTED_EDGE('',*,*,#13977,.F.);
#13999 = ORIENTED_EDGE('',*,*,#8527,.F.);
#14000 = ADVANCED_FACE('',(#14001),#2366,.F.);
#14001 = FACE_BOUND('',#14002,.F.);
#14002 = EDGE_LOOP('',(#14003,#14024,#14025,#14026));
#14003 = ORIENTED_EDGE('',*,*,#14004,.T.);
#14004 = EDGE_CURVE('',#8558,#2346,#14005,.T.);
#14005 = SEAM_CURVE('',#14006,(#14010,#14017),.PCURVE_S1.);
#14006 = LINE('',#14007,#14008);
#14007 = CARTESIAN_POINT('',(79.438,-72.274,-4.6E-02));
#14008 = VECTOR('',#14009,1.);
#14009 = DIRECTION('',(0.,0.,1.));
#14010 = PCURVE('',#2366,#14011);
#14011 = DEFINITIONAL_REPRESENTATION('',(#14012),#14016);
#14012 = LINE('',#14013,#14014);
#14013 = CARTESIAN_POINT('',(0.,0.));
#14014 = VECTOR('',#14015,1.);
#14015 = DIRECTION('',(0.,-1.));
#14016 = ( GEOMETRIC_REPRESENTATION_CONTEXT(2) 
PARAMETRIC_REPRESENTATION_CONTEXT() REPRESENTATION_CONTEXT('2D SPACE',''
  ) );
#14017 = PCURVE('',#2366,#14018);
#14018 = DEFINITIONAL_REPRESENTATION('',(#14019),#14023);
#14019 = LINE('',#14020,#14021);
#14020 = CARTESIAN_POINT('',(6.28318530718,0.));
#14021 = VECTOR('',#14022,1.);
#14022 = DIRECTION('',(0.,-1.));
#14023 = ( GEOMETRIC_REPRESENTATION_CONTEXT(2) 
PARAMETRIC_REPRESENTATION_CONTEXT() REPRESENTATION_CONTEXT('2D SPACE',''
  ) );
#14024 = ORIENTED_EDGE('',*,*,#2345,.T.);
#14025 = ORIENTED_EDGE('',*,*,#14004,.F.);
#14026 = ORIENTED_EDGE('',*,*,#8557,.F.);
#14027 = ADVANCED_FACE('',(#14028),#2401,.F.);
#14028 = FACE_BOUND('',#14029,.F.);
#14029 = EDGE_LOOP('',(#14030,#14051,#14052,#14053));
#14030 = ORIENTED_EDGE('',*,*,#14031,.T.);
#14031 = EDGE_CURVE('',#8588,#2381,#14032,.T.);
#14032 = SEAM_CURVE('',#14033,(#14037,#14044),.PCURVE_S1.);
#14033 = LINE('',#14034,#14035);
#14034 = CARTESIAN_POINT('',(82.718,-71.9873,-4.6E-02));
#14035 = VECTOR('',#14036,1.);
#14036 = DIRECTION('',(0.,0.,1.));
#14037 = PCURVE('',#2401,#14038);
#14038 = DEFINITIONAL_REPRESENTATION('',(#14039),#14043);
#14039 = LINE('',#14040,#14041);
#14040 = CARTESIAN_POINT('',(0.,0.));
#14041 = VECTOR('',#14042,1.);
#14042 = DIRECTION('',(0.,-1.));
#14043 = ( GEOMETRIC_REPRESENTATION_CONTEXT(2) 
PARAMETRIC_REPRESENTATION_CONTEXT() REPRESENTATION_CONTEXT('2D SPACE',''
  ) );
#14044 = PCURVE('',#2401,#14045);
#14045 = DEFINITIONAL_REPRESENTATION('',(#14046),#14050);
#14046 = LINE('',#14047,#14048);
#14047 = CARTESIAN_POINT('',(6.28318530718,0.));
#14048 = VECTOR('',#14049,1.);
#14049 = DIRECTION('',(0.,-1.));
#14050 = ( GEOMETRIC_REPRESENTATION_CONTEXT(2) 
PARAMETRIC_REPRESENTATION_CONTEXT() REPRESENTATION_CONTEXT('2D SPACE',''
  ) );
#14051 = ORIENTED_EDGE('',*,*,#2380,.T.);
#14052 = ORIENTED_EDGE('',*,*,#14031,.F.);
#14053 = ORIENTED_EDGE('',*,*,#8587,.F.);
#14054 = ADVANCED_FACE('',(#14055),#2436,.F.);
#14055 = FACE_BOUND('',#14056,.F.);
#14056 = EDGE_LOOP('',(#14057,#14078,#14079,#14080));
#14057 = ORIENTED_EDGE('',*,*,#14058,.T.);
#14058 = EDGE_CURVE('',#8618,#2416,#14059,.T.);
#14059 = SEAM_CURVE('',#14060,(#14064,#14071),.PCURVE_S1.);
#14060 = LINE('',#14061,#14062);
#14061 = CARTESIAN_POINT('',(87.938,-77.4065,-4.6E-02));
#14062 = VECTOR('',#14063,1.);
#14063 = DIRECTION('',(0.,0.,1.));
#14064 = PCURVE('',#2436,#14065);
#14065 = DEFINITIONAL_REPRESENTATION('',(#14066),#14070);
#14066 = LINE('',#14067,#14068);
#14067 = CARTESIAN_POINT('',(0.,0.));
#14068 = VECTOR('',#14069,1.);
#14069 = DIRECTION('',(0.,-1.));
#14070 = ( GEOMETRIC_REPRESENTATION_CONTEXT(2) 
PARAMETRIC_REPRESENTATION_CONTEXT() REPRESENTATION_CONTEXT('2D SPACE',''
  ) );
#14071 = PCURVE('',#2436,#14072);
#14072 = DEFINITIONAL_REPRESENTATION('',(#14073),#14077);
#14073 = LINE('',#14074,#14075);
#14074 = CARTESIAN_POINT('',(6.28318530718,0.));
#14075 = VECTOR('',#14076,1.);
#14076 = DIRECTION('',(0.,-1.));
#14077 = ( GEOMETRIC_REPRESENTATION_CONTEXT(2) 
PARAMETRIC_REPRESENTATION_CONTEXT() REPRESENTATION_CONTEXT('2D SPACE',''
  ) );
#14078 = ORIENTED_EDGE('',*,*,#2415,.T.);
#14079 = ORIENTED_EDGE('',*,*,#14058,.F.);
#14080 = ORIENTED_EDGE('',*,*,#8617,.F.);
#14081 = ADVANCED_FACE('',(#14082),#2471,.F.);
#14082 = FACE_BOUND('',#14083,.F.);
#14083 = EDGE_LOOP('',(#14084,#14105,#14106,#14107));
#14084 = ORIENTED_EDGE('',*,*,#14085,.T.);
#14085 = EDGE_CURVE('',#8648,#2451,#14086,.T.);
#14086 = SEAM_CURVE('',#14087,(#14091,#14098),.PCURVE_S1.);
#14087 = LINE('',#14088,#14089);
#14088 = CARTESIAN_POINT('',(100.418,-79.0829,-4.6E-02));
#14089 = VECTOR('',#14090,1.);
#14090 = DIRECTION('',(0.,0.,1.));
#14091 = PCURVE('',#2471,#14092);
#14092 = DEFINITIONAL_REPRESENTATION('',(#14093),#14097);
#14093 = LINE('',#14094,#14095);
#14094 = CARTESIAN_POINT('',(0.,0.));
#14095 = VECTOR('',#14096,1.);
#14096 = DIRECTION('',(0.,-1.));
#14097 = ( GEOMETRIC_REPRESENTATION_CONTEXT(2) 
PARAMETRIC_REPRESENTATION_CONTEXT() REPRESENTATION_CONTEXT('2D SPACE',''
  ) );
#14098 = PCURVE('',#2471,#14099);
#14099 = DEFINITIONAL_REPRESENTATION('',(#14100),#14104);
#14100 = LINE('',#14101,#14102);
#14101 = CARTESIAN_POINT('',(6.28318530718,0.));
#14102 = VECTOR('',#14103,1.);
#14103 = DIRECTION('',(0.,-1.));
#14104 = ( GEOMETRIC_REPRESENTATION_CONTEXT(2) 
PARAMETRIC_REPRESENTATION_CONTEXT() REPRESENTATION_CONTEXT('2D SPACE',''
  ) );
#14105 = ORIENTED_EDGE('',*,*,#2450,.T.);
#14106 = ORIENTED_EDGE('',*,*,#14085,.F.);
#14107 = ORIENTED_EDGE('',*,*,#8647,.F.);
#14108 = ADVANCED_FACE('',(#14109),#2506,.F.);
#14109 = FACE_BOUND('',#14110,.F.);
#14110 = EDGE_LOOP('',(#14111,#14132,#14133,#14134));
#14111 = ORIENTED_EDGE('',*,*,#14112,.T.);
#14112 = EDGE_CURVE('',#8678,#2486,#14113,.T.);
#14113 = SEAM_CURVE('',#14114,(#14118,#14125),.PCURVE_S1.);
#14114 = LINE('',#14115,#14116);
#14115 = CARTESIAN_POINT('',(93.438,-76.5429,-4.6E-02));
#14116 = VECTOR('',#14117,1.);
#14117 = DIRECTION('',(0.,0.,1.));
#14118 = PCURVE('',#2506,#14119);
#14119 = DEFINITIONAL_REPRESENTATION('',(#14120),#14124);
#14120 = LINE('',#14121,#14122);
#14121 = CARTESIAN_POINT('',(0.,0.));
#14122 = VECTOR('',#14123,1.);
#14123 = DIRECTION('',(0.,-1.));
#14124 = ( GEOMETRIC_REPRESENTATION_CONTEXT(2) 
PARAMETRIC_REPRESENTATION_CONTEXT() REPRESENTATION_CONTEXT('2D SPACE',''
  ) );
#14125 = PCURVE('',#2506,#14126);
#14126 = DEFINITIONAL_REPRESENTATION('',(#14127),#14131);
#14127 = LINE('',#14128,#14129);
#14128 = CARTESIAN_POINT('',(6.28318530718,0.));
#14129 = VECTOR('',#14130,1.);
#14130 = DIRECTION('',(0.,-1.));
#14131 = ( GEOMETRIC_REPRESENTATION_CONTEXT(2) 
PARAMETRIC_REPRESENTATION_CONTEXT() REPRESENTATION_CONTEXT('2D SPACE',''
  ) );
#14132 = ORIENTED_EDGE('',*,*,#2485,.T.);
#14133 = ORIENTED_EDGE('',*,*,#14112,.F.);
#14134 = ORIENTED_EDGE('',*,*,#8677,.F.);
#14135 = ADVANCED_FACE('',(#14136),#2541,.F.);
#14136 = FACE_BOUND('',#14137,.F.);
#14137 = EDGE_LOOP('',(#14138,#14159,#14160,#14161));
#14138 = ORIENTED_EDGE('',*,*,#14139,.T.);
#14139 = EDGE_CURVE('',#8708,#2521,#14140,.T.);
#14140 = SEAM_CURVE('',#14141,(#14145,#14152),.PCURVE_S1.);
#14141 = LINE('',#14142,#14143);
#14142 = CARTESIAN_POINT('',(93.158,-71.9873,-4.6E-02));
#14143 = VECTOR('',#14144,1.);
#14144 = DIRECTION('',(0.,0.,1.));
#14145 = PCURVE('',#2541,#14146);
#14146 = DEFINITIONAL_REPRESENTATION('',(#14147),#14151);
#14147 = LINE('',#14148,#14149);
#14148 = CARTESIAN_POINT('',(0.,0.));
#14149 = VECTOR('',#14150,1.);
#14150 = DIRECTION('',(0.,-1.));
#14151 = ( GEOMETRIC_REPRESENTATION_CONTEXT(2) 
PARAMETRIC_REPRESENTATION_CONTEXT() REPRESENTATION_CONTEXT('2D SPACE',''
  ) );
#14152 = PCURVE('',#2541,#14153);
#14153 = DEFINITIONAL_REPRESENTATION('',(#14154),#14158);
#14154 = LINE('',#14155,#14156);
#14155 = CARTESIAN_POINT('',(6.28318530718,0.));
#14156 = VECTOR('',#14157,1.);
#14157 = DIRECTION('',(0.,-1.));
#14158 = ( GEOMETRIC_REPRESENTATION_CONTEXT(2) 
PARAMETRIC_REPRESENTATION_CONTEXT() REPRESENTATION_CONTEXT('2D SPACE',''
  ) );
#14159 = ORIENTED_EDGE('',*,*,#2520,.T.);
#14160 = ORIENTED_EDGE('',*,*,#14139,.F.);
#14161 = ORIENTED_EDGE('',*,*,#8707,.F.);
#14162 = ADVANCED_FACE('',(#14163),#2576,.F.);
#14163 = FACE_BOUND('',#14164,.F.);
#14164 = EDGE_LOOP('',(#14165,#14186,#14187,#14188));
#14165 = ORIENTED_EDGE('',*,*,#14166,.T.);
#14166 = EDGE_CURVE('',#8738,#2556,#14167,.T.);
#14167 = SEAM_CURVE('',#14168,(#14172,#14179),.PCURVE_S1.);
#14168 = LINE('',#14169,#14170);
#14169 = CARTESIAN_POINT('',(100.698,-74.5273,-4.6E-02));
#14170 = VECTOR('',#14171,1.);
#14171 = DIRECTION('',(0.,0.,1.));
#14172 = PCURVE('',#2576,#14173);
#14173 = DEFINITIONAL_REPRESENTATION('',(#14174),#14178);
#14174 = LINE('',#14175,#14176);
#14175 = CARTESIAN_POINT('',(0.,0.));
#14176 = VECTOR('',#14177,1.);
#14177 = DIRECTION('',(0.,-1.));
#14178 = ( GEOMETRIC_REPRESENTATION_CONTEXT(2) 
PARAMETRIC_REPRESENTATION_CONTEXT() REPRESENTATION_CONTEXT('2D SPACE',''
  ) );
#14179 = PCURVE('',#2576,#14180);
#14180 = DEFINITIONAL_REPRESENTATION('',(#14181),#14185);
#14181 = LINE('',#14182,#14183);
#14182 = CARTESIAN_POINT('',(6.28318530718,0.));
#14183 = VECTOR('',#14184,1.);
#14184 = DIRECTION('',(0.,-1.));
#14185 = ( GEOMETRIC_REPRESENTATION_CONTEXT(2) 
PARAMETRIC_REPRESENTATION_CONTEXT() REPRESENTATION_CONTEXT('2D SPACE',''
  ) );
#14186 = ORIENTED_EDGE('',*,*,#2555,.T.);
#14187 = ORIENTED_EDGE('',*,*,#14166,.F.);
#14188 = ORIENTED_EDGE('',*,*,#8737,.F.);
#14189 = ADVANCED_FACE('',(#14190),#2611,.F.);
#14190 = FACE_BOUND('',#14191,.F.);
#14191 = EDGE_LOOP('',(#14192,#14213,#14214,#14215));
#14192 = ORIENTED_EDGE('',*,*,#14193,.T.);
#14193 = EDGE_CURVE('',#8768,#2591,#14194,.T.);
#14194 = SEAM_CURVE('',#14195,(#14199,#14206),.PCURVE_S1.);
#14195 = LINE('',#14196,#14197);
#14196 = CARTESIAN_POINT('',(105.918,-84.767,-4.6E-02));
#14197 = VECTOR('',#14198,1.);
#14198 = DIRECTION('',(0.,0.,1.));
#14199 = PCURVE('',#2611,#14200);
#14200 = DEFINITIONAL_REPRESENTATION('',(#14201),#14205);
#14201 = LINE('',#14202,#14203);
#14202 = CARTESIAN_POINT('',(0.,0.));
#14203 = VECTOR('',#14204,1.);
#14204 = DIRECTION('',(0.,-1.));
#14205 = ( GEOMETRIC_REPRESENTATION_CONTEXT(2) 
PARAMETRIC_REPRESENTATION_CONTEXT() REPRESENTATION_CONTEXT('2D SPACE',''
  ) );
#14206 = PCURVE('',#2611,#14207);
#14207 = DEFINITIONAL_REPRESENTATION('',(#14208),#14212);
#14208 = LINE('',#14209,#14210);
#14209 = CARTESIAN_POINT('',(6.28318530718,0.));
#14210 = VECTOR('',#14211,1.);
#14211 = DIRECTION('',(0.,-1.));
#14212 = ( GEOMETRIC_REPRESENTATION_CONTEXT(2) 
PARAMETRIC_REPRESENTATION_CONTEXT() REPRESENTATION_CONTEXT('2D SPACE',''
  ) );
#14213 = ORIENTED_EDGE('',*,*,#2590,.T.);
#14214 = ORIENTED_EDGE('',*,*,#14193,.F.);
#14215 = ORIENTED_EDGE('',*,*,#8767,.F.);
#14216 = ADVANCED_FACE('',(#14217),#2648,.F.);
#14217 = FACE_BOUND('',#14218,.F.);
#14218 = EDGE_LOOP('',(#14219,#14240,#14241,#14262));
#14219 = ORIENTED_EDGE('',*,*,#14220,.T.);
#14220 = EDGE_CURVE('',#8798,#2626,#14221,.T.);
#14221 = SURFACE_CURVE('',#14222,(#14226,#14233),.PCURVE_S1.);
#14222 = LINE('',#14223,#14224);
#14223 = CARTESIAN_POINT('',(121.172,-83.268,-4.6E-02));
#14224 = VECTOR('',#14225,1.);
#14225 = DIRECTION('',(0.,0.,1.));
#14226 = PCURVE('',#2648,#14227);
#14227 = DEFINITIONAL_REPRESENTATION('',(#14228),#14232);
#14228 = LINE('',#14229,#14230);
#14229 = CARTESIAN_POINT('',(3.14159265359,0.));
#14230 = VECTOR('',#14231,1.);
#14231 = DIRECTION('',(0.,-1.));
#14232 = ( GEOMETRIC_REPRESENTATION_CONTEXT(2) 
PARAMETRIC_REPRESENTATION_CONTEXT() REPRESENTATION_CONTEXT('2D SPACE',''
  ) );
#14233 = PCURVE('',#2735,#14234);
#14234 = DEFINITIONAL_REPRESENTATION('',(#14235),#14239);
#14235 = LINE('',#14236,#14237);
#14236 = CARTESIAN_POINT('',(0.,0.));
#14237 = VECTOR('',#14238,1.);
#14238 = DIRECTION('',(0.,-1.));
#14239 = ( GEOMETRIC_REPRESENTATION_CONTEXT(2) 
PARAMETRIC_REPRESENTATION_CONTEXT() REPRESENTATION_CONTEXT('2D SPACE',''
  ) );
#14240 = ORIENTED_EDGE('',*,*,#2625,.T.);
#14241 = ORIENTED_EDGE('',*,*,#14242,.F.);
#14242 = EDGE_CURVE('',#8800,#2628,#14243,.T.);
#14243 = SURFACE_CURVE('',#14244,(#14248,#14255),.PCURVE_S1.);
#14244 = LINE('',#14245,#14246);
#14245 = CARTESIAN_POINT('',(121.172,-82.368,-4.6E-02));
#14246 = VECTOR('',#14247,1.);
#14247 = DIRECTION('',(0.,0.,1.));
#14248 = PCURVE('',#2648,#14249);
#14249 = DEFINITIONAL_REPRESENTATION('',(#14250),#14254);
#14250 = LINE('',#14251,#14252);
#14251 = CARTESIAN_POINT('',(6.28318530718,0.));
#14252 = VECTOR('',#14253,1.);
#14253 = DIRECTION('',(0.,-1.));
#14254 = ( GEOMETRIC_REPRESENTATION_CONTEXT(2) 
PARAMETRIC_REPRESENTATION_CONTEXT() REPRESENTATION_CONTEXT('2D SPACE',''
  ) );
#14255 = PCURVE('',#2676,#14256);
#14256 = DEFINITIONAL_REPRESENTATION('',(#14257),#14261);
#14257 = LINE('',#14258,#14259);
#14258 = CARTESIAN_POINT('',(0.4,0.));
#14259 = VECTOR('',#14260,1.);
#14260 = DIRECTION('',(0.,-1.));
#14261 = ( GEOMETRIC_REPRESENTATION_CONTEXT(2) 
PARAMETRIC_REPRESENTATION_CONTEXT() REPRESENTATION_CONTEXT('2D SPACE',''
  ) );
#14262 = ORIENTED_EDGE('',*,*,#8797,.F.);
#14263 = ADVANCED_FACE('',(#14264),#2735,.T.);
#14264 = FACE_BOUND('',#14265,.T.);
#14265 = EDGE_LOOP('',(#14266,#14267,#14268,#14269));
#14266 = ORIENTED_EDGE('',*,*,#8878,.T.);
#14267 = ORIENTED_EDGE('',*,*,#14220,.T.);
#14268 = ORIENTED_EDGE('',*,*,#2721,.F.);
#14269 = ORIENTED_EDGE('',*,*,#14270,.F.);
#14270 = EDGE_CURVE('',#8851,#2689,#14271,.T.);
#14271 = SURFACE_CURVE('',#14272,(#14276,#14283),.PCURVE_S1.);
#14272 = LINE('',#14273,#14274);
#14273 = CARTESIAN_POINT('',(121.572,-83.268,-4.6E-02));
#14274 = VECTOR('',#14275,1.);
#14275 = DIRECTION('',(0.,0.,1.));
#14276 = PCURVE('',#2735,#14277);
#14277 = DEFINITIONAL_REPRESENTATION('',(#14278),#14282);
#14278 = LINE('',#14279,#14280);
#14279 = CARTESIAN_POINT('',(0.4,0.));
#14280 = VECTOR('',#14281,1.);
#14281 = DIRECTION('',(0.,-1.));
#14282 = ( GEOMETRIC_REPRESENTATION_CONTEXT(2) 
PARAMETRIC_REPRESENTATION_CONTEXT() REPRESENTATION_CONTEXT('2D SPACE',''
  ) );
#14283 = PCURVE('',#2709,#14284);
#14284 = DEFINITIONAL_REPRESENTATION('',(#14285),#14289);
#14285 = LINE('',#14286,#14287);
#14286 = CARTESIAN_POINT('',(6.28318530718,0.));
#14287 = VECTOR('',#14288,1.);
#14288 = DIRECTION('',(0.,-1.));
#14289 = ( GEOMETRIC_REPRESENTATION_CONTEXT(2) 
PARAMETRIC_REPRESENTATION_CONTEXT() REPRESENTATION_CONTEXT('2D SPACE',''
  ) );
#14290 = ADVANCED_FACE('',(#14291),#2676,.T.);
#14291 = FACE_BOUND('',#14292,.T.);
#14292 = EDGE_LOOP('',(#14293,#14294,#14315,#14316));
#14293 = ORIENTED_EDGE('',*,*,#8827,.T.);
#14294 = ORIENTED_EDGE('',*,*,#14295,.T.);
#14295 = EDGE_CURVE('',#8828,#2661,#14296,.T.);
#14296 = SURFACE_CURVE('',#14297,(#14301,#14308),.PCURVE_S1.);
#14297 = LINE('',#14298,#14299);
#14298 = CARTESIAN_POINT('',(121.572,-82.368,-4.6E-02));
#14299 = VECTOR('',#14300,1.);
#14300 = DIRECTION('',(0.,0.,1.));
#14301 = PCURVE('',#2676,#14302);
#14302 = DEFINITIONAL_REPRESENTATION('',(#14303),#14307);
#14303 = LINE('',#14304,#14305);
#14304 = CARTESIAN_POINT('',(0.,-0.));
#14305 = VECTOR('',#14306,1.);
#14306 = DIRECTION('',(0.,-1.));
#14307 = ( GEOMETRIC_REPRESENTATION_CONTEXT(2) 
PARAMETRIC_REPRESENTATION_CONTEXT() REPRESENTATION_CONTEXT('2D SPACE',''
  ) );
#14308 = PCURVE('',#2709,#14309);
#14309 = DEFINITIONAL_REPRESENTATION('',(#14310),#14314);
#14310 = LINE('',#14311,#14312);
#14311 = CARTESIAN_POINT('',(3.14159265359,0.));
#14312 = VECTOR('',#14313,1.);
#14313 = DIRECTION('',(0.,-1.));
#14314 = ( GEOMETRIC_REPRESENTATION_CONTEXT(2) 
PARAMETRIC_REPRESENTATION_CONTEXT() REPRESENTATION_CONTEXT('2D SPACE',''
  ) );
#14315 = ORIENTED_EDGE('',*,*,#2660,.F.);
#14316 = ORIENTED_EDGE('',*,*,#14242,.F.);
#14317 = ADVANCED_FACE('',(#14318),#2709,.F.);
#14318 = FACE_BOUND('',#14319,.F.);
#14319 = EDGE_LOOP('',(#14320,#14321,#14322,#14323));
#14320 = ORIENTED_EDGE('',*,*,#14295,.T.);
#14321 = ORIENTED_EDGE('',*,*,#2688,.T.);
#14322 = ORIENTED_EDGE('',*,*,#14270,.F.);
#14323 = ORIENTED_EDGE('',*,*,#8850,.F.);
#14324 = ADVANCED_FACE('',(#14325),#2772,.F.);
#14325 = FACE_BOUND('',#14326,.F.);
#14326 = EDGE_LOOP('',(#14327,#14348,#14349,#14370));
#14327 = ORIENTED_EDGE('',*,*,#14328,.T.);
#14328 = EDGE_CURVE('',#8902,#2750,#14329,.T.);
#14329 = SURFACE_CURVE('',#14330,(#14334,#14341),.PCURVE_S1.);
#14330 = LINE('',#14331,#14332);
#14331 = CARTESIAN_POINT('',(125.172,-83.268,-4.6E-02));
#14332 = VECTOR('',#14333,1.);
#14333 = DIRECTION('',(0.,0.,1.));
#14334 = PCURVE('',#2772,#14335);
#14335 = DEFINITIONAL_REPRESENTATION('',(#14336),#14340);
#14336 = LINE('',#14337,#14338);
#14337 = CARTESIAN_POINT('',(3.14159265359,0.));
#14338 = VECTOR('',#14339,1.);
#14339 = DIRECTION('',(0.,-1.));
#14340 = ( GEOMETRIC_REPRESENTATION_CONTEXT(2) 
PARAMETRIC_REPRESENTATION_CONTEXT() REPRESENTATION_CONTEXT('2D SPACE',''
  ) );
#14341 = PCURVE('',#2859,#14342);
#14342 = DEFINITIONAL_REPRESENTATION('',(#14343),#14347);
#14343 = LINE('',#14344,#14345);
#14344 = CARTESIAN_POINT('',(0.,0.));
#14345 = VECTOR('',#14346,1.);
#14346 = DIRECTION('',(0.,-1.));
#14347 = ( GEOMETRIC_REPRESENTATION_CONTEXT(2) 
PARAMETRIC_REPRESENTATION_CONTEXT() REPRESENTATION_CONTEXT('2D SPACE',''
  ) );
#14348 = ORIENTED_EDGE('',*,*,#2749,.T.);
#14349 = ORIENTED_EDGE('',*,*,#14350,.F.);
#14350 = EDGE_CURVE('',#8904,#2752,#14351,.T.);
#14351 = SURFACE_CURVE('',#14352,(#14356,#14363),.PCURVE_S1.);
#14352 = LINE('',#14353,#14354);
#14353 = CARTESIAN_POINT('',(125.172,-82.368,-4.6E-02));
#14354 = VECTOR('',#14355,1.);
#14355 = DIRECTION('',(0.,0.,1.));
#14356 = PCURVE('',#2772,#14357);
#14357 = DEFINITIONAL_REPRESENTATION('',(#14358),#14362);
#14358 = LINE('',#14359,#14360);
#14359 = CARTESIAN_POINT('',(6.28318530718,0.));
#14360 = VECTOR('',#14361,1.);
#14361 = DIRECTION('',(0.,-1.));
#14362 = ( GEOMETRIC_REPRESENTATION_CONTEXT(2) 
PARAMETRIC_REPRESENTATION_CONTEXT() REPRESENTATION_CONTEXT('2D SPACE',''
  ) );
#14363 = PCURVE('',#2800,#14364);
#14364 = DEFINITIONAL_REPRESENTATION('',(#14365),#14369);
#14365 = LINE('',#14366,#14367);
#14366 = CARTESIAN_POINT('',(0.4,0.));
#14367 = VECTOR('',#14368,1.);
#14368 = DIRECTION('',(0.,-1.));
#14369 = ( GEOMETRIC_REPRESENTATION_CONTEXT(2) 
PARAMETRIC_REPRESENTATION_CONTEXT() REPRESENTATION_CONTEXT('2D SPACE',''
  ) );
#14370 = ORIENTED_EDGE('',*,*,#8901,.F.);
#14371 = ADVANCED_FACE('',(#14372),#2859,.T.);
#14372 = FACE_BOUND('',#14373,.T.);
#14373 = EDGE_LOOP('',(#14374,#14375,#14376,#14377));
#14374 = ORIENTED_EDGE('',*,*,#8982,.T.);
#14375 = ORIENTED_EDGE('',*,*,#14328,.T.);
#14376 = ORIENTED_EDGE('',*,*,#2845,.F.);
#14377 = ORIENTED_EDGE('',*,*,#14378,.F.);
#14378 = EDGE_CURVE('',#8955,#2813,#14379,.T.);
#14379 = SURFACE_CURVE('',#14380,(#14384,#14391),.PCURVE_S1.);
#14380 = LINE('',#14381,#14382);
#14381 = CARTESIAN_POINT('',(125.572,-83.268,-4.6E-02));
#14382 = VECTOR('',#14383,1.);
#14383 = DIRECTION('',(0.,0.,1.));
#14384 = PCURVE('',#2859,#14385);
#14385 = DEFINITIONAL_REPRESENTATION('',(#14386),#14390);
#14386 = LINE('',#14387,#14388);
#14387 = CARTESIAN_POINT('',(0.4,0.));
#14388 = VECTOR('',#14389,1.);
#14389 = DIRECTION('',(0.,-1.));
#14390 = ( GEOMETRIC_REPRESENTATION_CONTEXT(2) 
PARAMETRIC_REPRESENTATION_CONTEXT() REPRESENTATION_CONTEXT('2D SPACE',''
  ) );
#14391 = PCURVE('',#2833,#14392);
#14392 = DEFINITIONAL_REPRESENTATION('',(#14393),#14397);
#14393 = LINE('',#14394,#14395);
#14394 = CARTESIAN_POINT('',(6.28318530718,0.));
#14395 = VECTOR('',#14396,1.);
#14396 = DIRECTION('',(0.,-1.));
#14397 = ( GEOMETRIC_REPRESENTATION_CONTEXT(2) 
PARAMETRIC_REPRESENTATION_CONTEXT() REPRESENTATION_CONTEXT('2D SPACE',''
  ) );
#14398 = ADVANCED_FACE('',(#14399),#2800,.T.);
#14399 = FACE_BOUND('',#14400,.T.);
#14400 = EDGE_LOOP('',(#14401,#14402,#14423,#14424));
#14401 = ORIENTED_EDGE('',*,*,#8931,.T.);
#14402 = ORIENTED_EDGE('',*,*,#14403,.T.);
#14403 = EDGE_CURVE('',#8932,#2785,#14404,.T.);
#14404 = SURFACE_CURVE('',#14405,(#14409,#14416),.PCURVE_S1.);
#14405 = LINE('',#14406,#14407);
#14406 = CARTESIAN_POINT('',(125.572,-82.368,-4.6E-02));
#14407 = VECTOR('',#14408,1.);
#14408 = DIRECTION('',(0.,0.,1.));
#14409 = PCURVE('',#2800,#14410);
#14410 = DEFINITIONAL_REPRESENTATION('',(#14411),#14415);
#14411 = LINE('',#14412,#14413);
#14412 = CARTESIAN_POINT('',(0.,-0.));
#14413 = VECTOR('',#14414,1.);
#14414 = DIRECTION('',(0.,-1.));
#14415 = ( GEOMETRIC_REPRESENTATION_CONTEXT(2) 
PARAMETRIC_REPRESENTATION_CONTEXT() REPRESENTATION_CONTEXT('2D SPACE',''
  ) );
#14416 = PCURVE('',#2833,#14417);
#14417 = DEFINITIONAL_REPRESENTATION('',(#14418),#14422);
#14418 = LINE('',#14419,#14420);
#14419 = CARTESIAN_POINT('',(3.14159265359,0.));
#14420 = VECTOR('',#14421,1.);
#14421 = DIRECTION('',(0.,-1.));
#14422 = ( GEOMETRIC_REPRESENTATION_CONTEXT(2) 
PARAMETRIC_REPRESENTATION_CONTEXT() REPRESENTATION_CONTEXT('2D SPACE',''
  ) );
#14423 = ORIENTED_EDGE('',*,*,#2784,.F.);
#14424 = ORIENTED_EDGE('',*,*,#14350,.F.);
#14425 = ADVANCED_FACE('',(#14426),#2833,.F.);
#14426 = FACE_BOUND('',#14427,.F.);
#14427 = EDGE_LOOP('',(#14428,#14429,#14430,#14431));
#14428 = ORIENTED_EDGE('',*,*,#14403,.T.);
#14429 = ORIENTED_EDGE('',*,*,#2812,.T.);
#14430 = ORIENTED_EDGE('',*,*,#14378,.F.);
#14431 = ORIENTED_EDGE('',*,*,#8954,.F.);
#14432 = ADVANCED_FACE('',(#14433),#2896,.F.);
#14433 = FACE_BOUND('',#14434,.F.);
#14434 = EDGE_LOOP('',(#14435,#14456,#14457,#14478));
#14435 = ORIENTED_EDGE('',*,*,#14436,.T.);
#14436 = EDGE_CURVE('',#9006,#2874,#14437,.T.);
#14437 = SURFACE_CURVE('',#14438,(#14442,#14449),.PCURVE_S1.);
#14438 = LINE('',#14439,#14440);
#14439 = CARTESIAN_POINT('',(128.172,-83.268,-4.6E-02));
#14440 = VECTOR('',#14441,1.);
#14441 = DIRECTION('',(0.,0.,1.));
#14442 = PCURVE('',#2896,#14443);
#14443 = DEFINITIONAL_REPRESENTATION('',(#14444),#14448);
#14444 = LINE('',#14445,#14446);
#14445 = CARTESIAN_POINT('',(3.14159265359,0.));
#14446 = VECTOR('',#14447,1.);
#14447 = DIRECTION('',(0.,-1.));
#14448 = ( GEOMETRIC_REPRESENTATION_CONTEXT(2) 
PARAMETRIC_REPRESENTATION_CONTEXT() REPRESENTATION_CONTEXT('2D SPACE',''
  ) );
#14449 = PCURVE('',#2983,#14450);
#14450 = DEFINITIONAL_REPRESENTATION('',(#14451),#14455);
#14451 = LINE('',#14452,#14453);
#14452 = CARTESIAN_POINT('',(0.,0.));
#14453 = VECTOR('',#14454,1.);
#14454 = DIRECTION('',(0.,-1.));
#14455 = ( GEOMETRIC_REPRESENTATION_CONTEXT(2) 
PARAMETRIC_REPRESENTATION_CONTEXT() REPRESENTATION_CONTEXT('2D SPACE',''
  ) );
#14456 = ORIENTED_EDGE('',*,*,#2873,.T.);
#14457 = ORIENTED_EDGE('',*,*,#14458,.F.);
#14458 = EDGE_CURVE('',#9008,#2876,#14459,.T.);
#14459 = SURFACE_CURVE('',#14460,(#14464,#14471),.PCURVE_S1.);
#14460 = LINE('',#14461,#14462);
#14461 = CARTESIAN_POINT('',(128.172,-82.368,-4.6E-02));
#14462 = VECTOR('',#14463,1.);
#14463 = DIRECTION('',(0.,0.,1.));
#14464 = PCURVE('',#2896,#14465);
#14465 = DEFINITIONAL_REPRESENTATION('',(#14466),#14470);
#14466 = LINE('',#14467,#14468);
#14467 = CARTESIAN_POINT('',(6.28318530718,0.));
#14468 = VECTOR('',#14469,1.);
#14469 = DIRECTION('',(0.,-1.));
#14470 = ( GEOMETRIC_REPRESENTATION_CONTEXT(2) 
PARAMETRIC_REPRESENTATION_CONTEXT() REPRESENTATION_CONTEXT('2D SPACE',''
  ) );
#14471 = PCURVE('',#2924,#14472);
#14472 = DEFINITIONAL_REPRESENTATION('',(#14473),#14477);
#14473 = LINE('',#14474,#14475);
#14474 = CARTESIAN_POINT('',(0.4,0.));
#14475 = VECTOR('',#14476,1.);
#14476 = DIRECTION('',(0.,-1.));
#14477 = ( GEOMETRIC_REPRESENTATION_CONTEXT(2) 
PARAMETRIC_REPRESENTATION_CONTEXT() REPRESENTATION_CONTEXT('2D SPACE',''
  ) );
#14478 = ORIENTED_EDGE('',*,*,#9005,.F.);
#14479 = ADVANCED_FACE('',(#14480),#2983,.T.);
#14480 = FACE_BOUND('',#14481,.T.);
#14481 = EDGE_LOOP('',(#14482,#14483,#14484,#14485));
#14482 = ORIENTED_EDGE('',*,*,#9086,.T.);
#14483 = ORIENTED_EDGE('',*,*,#14436,.T.);
#14484 = ORIENTED_EDGE('',*,*,#2969,.F.);
#14485 = ORIENTED_EDGE('',*,*,#14486,.F.);
#14486 = EDGE_CURVE('',#9059,#2937,#14487,.T.);
#14487 = SURFACE_CURVE('',#14488,(#14492,#14499),.PCURVE_S1.);
#14488 = LINE('',#14489,#14490);
#14489 = CARTESIAN_POINT('',(128.572,-83.268,-4.6E-02));
#14490 = VECTOR('',#14491,1.);
#14491 = DIRECTION('',(0.,0.,1.));
#14492 = PCURVE('',#2983,#14493);
#14493 = DEFINITIONAL_REPRESENTATION('',(#14494),#14498);
#14494 = LINE('',#14495,#14496);
#14495 = CARTESIAN_POINT('',(0.4,0.));
#14496 = VECTOR('',#14497,1.);
#14497 = DIRECTION('',(0.,-1.));
#14498 = ( GEOMETRIC_REPRESENTATION_CONTEXT(2) 
PARAMETRIC_REPRESENTATION_CONTEXT() REPRESENTATION_CONTEXT('2D SPACE',''
  ) );
#14499 = PCURVE('',#2957,#14500);
#14500 = DEFINITIONAL_REPRESENTATION('',(#14501),#14505);
#14501 = LINE('',#14502,#14503);
#14502 = CARTESIAN_POINT('',(6.28318530718,0.));
#14503 = VECTOR('',#14504,1.);
#14504 = DIRECTION('',(0.,-1.));
#14505 = ( GEOMETRIC_REPRESENTATION_CONTEXT(2) 
PARAMETRIC_REPRESENTATION_CONTEXT() REPRESENTATION_CONTEXT('2D SPACE',''
  ) );
#14506 = ADVANCED_FACE('',(#14507),#2924,.T.);
#14507 = FACE_BOUND('',#14508,.T.);
#14508 = EDGE_LOOP('',(#14509,#14510,#14531,#14532));
#14509 = ORIENTED_EDGE('',*,*,#9035,.T.);
#14510 = ORIENTED_EDGE('',*,*,#14511,.T.);
#14511 = EDGE_CURVE('',#9036,#2909,#14512,.T.);
#14512 = SURFACE_CURVE('',#14513,(#14517,#14524),.PCURVE_S1.);
#14513 = LINE('',#14514,#14515);
#14514 = CARTESIAN_POINT('',(128.572,-82.368,-4.6E-02));
#14515 = VECTOR('',#14516,1.);
#14516 = DIRECTION('',(0.,0.,1.));
#14517 = PCURVE('',#2924,#14518);
#14518 = DEFINITIONAL_REPRESENTATION('',(#14519),#14523);
#14519 = LINE('',#14520,#14521);
#14520 = CARTESIAN_POINT('',(0.,-0.));
#14521 = VECTOR('',#14522,1.);
#14522 = DIRECTION('',(0.,-1.));
#14523 = ( GEOMETRIC_REPRESENTATION_CONTEXT(2) 
PARAMETRIC_REPRESENTATION_CONTEXT() REPRESENTATION_CONTEXT('2D SPACE',''
  ) );
#14524 = PCURVE('',#2957,#14525);
#14525 = DEFINITIONAL_REPRESENTATION('',(#14526),#14530);
#14526 = LINE('',#14527,#14528);
#14527 = CARTESIAN_POINT('',(3.14159265359,0.));
#14528 = VECTOR('',#14529,1.);
#14529 = DIRECTION('',(0.,-1.));
#14530 = ( GEOMETRIC_REPRESENTATION_CONTEXT(2) 
PARAMETRIC_REPRESENTATION_CONTEXT() REPRESENTATION_CONTEXT('2D SPACE',''
  ) );
#14531 = ORIENTED_EDGE('',*,*,#2908,.F.);
#14532 = ORIENTED_EDGE('',*,*,#14458,.F.);
#14533 = ADVANCED_FACE('',(#14534),#2957,.F.);
#14534 = FACE_BOUND('',#14535,.F.);
#14535 = EDGE_LOOP('',(#14536,#14537,#14538,#14539));
#14536 = ORIENTED_EDGE('',*,*,#14511,.T.);
#14537 = ORIENTED_EDGE('',*,*,#2936,.T.);
#14538 = ORIENTED_EDGE('',*,*,#14486,.F.);
#14539 = ORIENTED_EDGE('',*,*,#9058,.F.);
#14540 = ADVANCED_FACE('',(#14541),#3018,.F.);
#14541 = FACE_BOUND('',#14542,.F.);
#14542 = EDGE_LOOP('',(#14543,#14564,#14565,#14566));
#14543 = ORIENTED_EDGE('',*,*,#14544,.T.);
#14544 = EDGE_CURVE('',#9110,#2998,#14545,.T.);
#14545 = SEAM_CURVE('',#14546,(#14550,#14557),.PCURVE_S1.);
#14546 = LINE('',#14547,#14548);
#14547 = CARTESIAN_POINT('',(105.918,-79.9465,-4.6E-02));
#14548 = VECTOR('',#14549,1.);
#14549 = DIRECTION('',(0.,0.,1.));
#14550 = PCURVE('',#3018,#14551);
#14551 = DEFINITIONAL_REPRESENTATION('',(#14552),#14556);
#14552 = LINE('',#14553,#14554);
#14553 = CARTESIAN_POINT('',(0.,0.));
#14554 = VECTOR('',#14555,1.);
#14555 = DIRECTION('',(0.,-1.));
#14556 = ( GEOMETRIC_REPRESENTATION_CONTEXT(2) 
PARAMETRIC_REPRESENTATION_CONTEXT() REPRESENTATION_CONTEXT('2D SPACE',''
  ) );
#14557 = PCURVE('',#3018,#14558);
#14558 = DEFINITIONAL_REPRESENTATION('',(#14559),#14563);
#14559 = LINE('',#14560,#14561);
#14560 = CARTESIAN_POINT('',(6.28318530718,0.));
#14561 = VECTOR('',#14562,1.);
#14562 = DIRECTION('',(0.,-1.));
#14563 = ( GEOMETRIC_REPRESENTATION_CONTEXT(2) 
PARAMETRIC_REPRESENTATION_CONTEXT() REPRESENTATION_CONTEXT('2D SPACE',''
  ) );
#14564 = ORIENTED_EDGE('',*,*,#2997,.T.);
#14565 = ORIENTED_EDGE('',*,*,#14544,.F.);
#14566 = ORIENTED_EDGE('',*,*,#9109,.F.);
#14567 = ADVANCED_FACE('',(#14568),#3053,.F.);
#14568 = FACE_BOUND('',#14569,.F.);
#14569 = EDGE_LOOP('',(#14570,#14591,#14592,#14593));
#14570 = ORIENTED_EDGE('',*,*,#14571,.T.);
#14571 = EDGE_CURVE('',#9140,#3033,#14572,.T.);
#14572 = SEAM_CURVE('',#14573,(#14577,#14584),.PCURVE_S1.);
#14573 = LINE('',#14574,#14575);
#14574 = CARTESIAN_POINT('',(111.418,-79.0829,-4.6E-02));
#14575 = VECTOR('',#14576,1.);
#14576 = DIRECTION('',(0.,0.,1.));
#14577 = PCURVE('',#3053,#14578);
#14578 = DEFINITIONAL_REPRESENTATION('',(#14579),#14583);
#14579 = LINE('',#14580,#14581);
#14580 = CARTESIAN_POINT('',(0.,0.));
#14581 = VECTOR('',#14582,1.);
#14582 = DIRECTION('',(0.,-1.));
#14583 = ( GEOMETRIC_REPRESENTATION_CONTEXT(2) 
PARAMETRIC_REPRESENTATION_CONTEXT() REPRESENTATION_CONTEXT('2D SPACE',''
  ) );
#14584 = PCURVE('',#3053,#14585);
#14585 = DEFINITIONAL_REPRESENTATION('',(#14586),#14590);
#14586 = LINE('',#14587,#14588);
#14587 = CARTESIAN_POINT('',(6.28318530718,0.));
#14588 = VECTOR('',#14589,1.);
#14589 = DIRECTION('',(0.,-1.));
#14590 = ( GEOMETRIC_REPRESENTATION_CONTEXT(2) 
PARAMETRIC_REPRESENTATION_CONTEXT() REPRESENTATION_CONTEXT('2D SPACE',''
  ) );
#14591 = ORIENTED_EDGE('',*,*,#3032,.T.);
#14592 = ORIENTED_EDGE('',*,*,#14571,.F.);
#14593 = ORIENTED_EDGE('',*,*,#9139,.F.);
#14594 = ADVANCED_FACE('',(#14595),#3088,.F.);
#14595 = FACE_BOUND('',#14596,.F.);
#14596 = EDGE_LOOP('',(#14597,#14618,#14619,#14620));
#14597 = ORIENTED_EDGE('',*,*,#14598,.T.);
#14598 = EDGE_CURVE('',#9170,#3068,#14599,.T.);
#14599 = SEAM_CURVE('',#14600,(#14604,#14611),.PCURVE_S1.);
#14600 = LINE('',#14601,#14602);
#14601 = CARTESIAN_POINT('',(111.138,-74.5273,-4.6E-02));
#14602 = VECTOR('',#14603,1.);
#14603 = DIRECTION('',(0.,0.,1.));
#14604 = PCURVE('',#3088,#14605);
#14605 = DEFINITIONAL_REPRESENTATION('',(#14606),#14610);
#14606 = LINE('',#14607,#14608);
#14607 = CARTESIAN_POINT('',(0.,0.));
#14608 = VECTOR('',#14609,1.);
#14609 = DIRECTION('',(0.,-1.));
#14610 = ( GEOMETRIC_REPRESENTATION_CONTEXT(2) 
PARAMETRIC_REPRESENTATION_CONTEXT() REPRESENTATION_CONTEXT('2D SPACE',''
  ) );
#14611 = PCURVE('',#3088,#14612);
#14612 = DEFINITIONAL_REPRESENTATION('',(#14613),#14617);
#14613 = LINE('',#14614,#14615);
#14614 = CARTESIAN_POINT('',(6.28318530718,0.));
#14615 = VECTOR('',#14616,1.);
#14616 = DIRECTION('',(0.,-1.));
#14617 = ( GEOMETRIC_REPRESENTATION_CONTEXT(2) 
PARAMETRIC_REPRESENTATION_CONTEXT() REPRESENTATION_CONTEXT('2D SPACE',''
  ) );
#14618 = ORIENTED_EDGE('',*,*,#3067,.T.);
#14619 = ORIENTED_EDGE('',*,*,#14598,.F.);
#14620 = ORIENTED_EDGE('',*,*,#9169,.F.);
#14621 = ADVANCED_FACE('',(#14622),#3123,.F.);
#14622 = FACE_BOUND('',#14623,.F.);
#14623 = EDGE_LOOP('',(#14624,#14645,#14646,#14647));
#14624 = ORIENTED_EDGE('',*,*,#14625,.T.);
#14625 = EDGE_CURVE('',#9200,#3103,#14626,.T.);
#14626 = SEAM_CURVE('',#14627,(#14631,#14638),.PCURVE_S1.);
#14627 = LINE('',#14628,#14629);
#14628 = CARTESIAN_POINT('',(117.0974,-74.5904,-4.6E-02));
#14629 = VECTOR('',#14630,1.);
#14630 = DIRECTION('',(0.,0.,1.));
#14631 = PCURVE('',#3123,#14632);
#14632 = DEFINITIONAL_REPRESENTATION('',(#14633),#14637);
#14633 = LINE('',#14634,#14635);
#14634 = CARTESIAN_POINT('',(0.,0.));
#14635 = VECTOR('',#14636,1.);
#14636 = DIRECTION('',(0.,-1.));
#14637 = ( GEOMETRIC_REPRESENTATION_CONTEXT(2) 
PARAMETRIC_REPRESENTATION_CONTEXT() REPRESENTATION_CONTEXT('2D SPACE',''
  ) );
#14638 = PCURVE('',#3123,#14639);
#14639 = DEFINITIONAL_REPRESENTATION('',(#14640),#14644);
#14640 = LINE('',#14641,#14642);
#14641 = CARTESIAN_POINT('',(6.28318530718,0.));
#14642 = VECTOR('',#14643,1.);
#14643 = DIRECTION('',(0.,-1.));
#14644 = ( GEOMETRIC_REPRESENTATION_CONTEXT(2) 
PARAMETRIC_REPRESENTATION_CONTEXT() REPRESENTATION_CONTEXT('2D SPACE',''
  ) );
#14645 = ORIENTED_EDGE('',*,*,#3102,.T.);
#14646 = ORIENTED_EDGE('',*,*,#14625,.F.);
#14647 = ORIENTED_EDGE('',*,*,#9199,.F.);
#14648 = ADVANCED_FACE('',(#14649),#3158,.F.);
#14649 = FACE_BOUND('',#14650,.F.);
#14650 = EDGE_LOOP('',(#14651,#14672,#14673,#14674));
#14651 = ORIENTED_EDGE('',*,*,#14652,.T.);
#14652 = EDGE_CURVE('',#9230,#3138,#14653,.T.);
#14653 = SEAM_CURVE('',#14654,(#14658,#14665),.PCURVE_S1.);
#14654 = LINE('',#14655,#14656);
#14655 = CARTESIAN_POINT('',(117.0974,-72.0504,-4.6E-02));
#14656 = VECTOR('',#14657,1.);
#14657 = DIRECTION('',(0.,0.,1.));
#14658 = PCURVE('',#3158,#14659);
#14659 = DEFINITIONAL_REPRESENTATION('',(#14660),#14664);
#14660 = LINE('',#14661,#14662);
#14661 = CARTESIAN_POINT('',(0.,0.));
#14662 = VECTOR('',#14663,1.);
#14663 = DIRECTION('',(0.,-1.));
#14664 = ( GEOMETRIC_REPRESENTATION_CONTEXT(2) 
PARAMETRIC_REPRESENTATION_CONTEXT() REPRESENTATION_CONTEXT('2D SPACE',''
  ) );
#14665 = PCURVE('',#3158,#14666);
#14666 = DEFINITIONAL_REPRESENTATION('',(#14667),#14671);
#14667 = LINE('',#14668,#14669);
#14668 = CARTESIAN_POINT('',(6.28318530718,0.));
#14669 = VECTOR('',#14670,1.);
#14670 = DIRECTION('',(0.,-1.));
#14671 = ( GEOMETRIC_REPRESENTATION_CONTEXT(2) 
PARAMETRIC_REPRESENTATION_CONTEXT() REPRESENTATION_CONTEXT('2D SPACE',''
  ) );
#14672 = ORIENTED_EDGE('',*,*,#3137,.T.);
#14673 = ORIENTED_EDGE('',*,*,#14652,.F.);
#14674 = ORIENTED_EDGE('',*,*,#9229,.F.);
#14675 = ADVANCED_FACE('',(#14676),#3193,.F.);
#14676 = FACE_BOUND('',#14677,.F.);
#14677 = EDGE_LOOP('',(#14678,#14699,#14700,#14701));
#14678 = ORIENTED_EDGE('',*,*,#14679,.T.);
#14679 = EDGE_CURVE('',#9260,#3173,#14680,.T.);
#14680 = SEAM_CURVE('',#14681,(#14685,#14692),.PCURVE_S1.);
#14681 = LINE('',#14682,#14683);
#14682 = CARTESIAN_POINT('',(122.972,-80.918,-4.6E-02));
#14683 = VECTOR('',#14684,1.);
#14684 = DIRECTION('',(0.,0.,1.));
#14685 = PCURVE('',#3193,#14686);
#14686 = DEFINITIONAL_REPRESENTATION('',(#14687),#14691);
#14687 = LINE('',#14688,#14689);
#14688 = CARTESIAN_POINT('',(0.,0.));
#14689 = VECTOR('',#14690,1.);
#14690 = DIRECTION('',(0.,-1.));
#14691 = ( GEOMETRIC_REPRESENTATION_CONTEXT(2) 
PARAMETRIC_REPRESENTATION_CONTEXT() REPRESENTATION_CONTEXT('2D SPACE',''
  ) );
#14692 = PCURVE('',#3193,#14693);
#14693 = DEFINITIONAL_REPRESENTATION('',(#14694),#14698);
#14694 = LINE('',#14695,#14696);
#14695 = CARTESIAN_POINT('',(6.28318530718,0.));
#14696 = VECTOR('',#14697,1.);
#14697 = DIRECTION('',(0.,-1.));
#14698 = ( GEOMETRIC_REPRESENTATION_CONTEXT(2) 
PARAMETRIC_REPRESENTATION_CONTEXT() REPRESENTATION_CONTEXT('2D SPACE',''
  ) );
#14699 = ORIENTED_EDGE('',*,*,#3172,.T.);
#14700 = ORIENTED_EDGE('',*,*,#14679,.F.);
#14701 = ORIENTED_EDGE('',*,*,#9259,.F.);
#14702 = ADVANCED_FACE('',(#14703),#3230,.F.);
#14703 = FACE_BOUND('',#14704,.F.);
#14704 = EDGE_LOOP('',(#14705,#14726,#14727,#14748));
#14705 = ORIENTED_EDGE('',*,*,#14706,.T.);
#14706 = EDGE_CURVE('',#9290,#3208,#14707,.T.);
#14707 = SURFACE_CURVE('',#14708,(#14712,#14719),.PCURVE_S1.);
#14708 = LINE('',#14709,#14710);
#14709 = CARTESIAN_POINT('',(120.072,-78.668,-4.6E-02));
#14710 = VECTOR('',#14711,1.);
#14711 = DIRECTION('',(0.,0.,1.));
#14712 = PCURVE('',#3230,#14713);
#14713 = DEFINITIONAL_REPRESENTATION('',(#14714),#14718);
#14714 = LINE('',#14715,#14716);
#14715 = CARTESIAN_POINT('',(3.14159265359,0.));
#14716 = VECTOR('',#14717,1.);
#14717 = DIRECTION('',(0.,-1.));
#14718 = ( GEOMETRIC_REPRESENTATION_CONTEXT(2) 
PARAMETRIC_REPRESENTATION_CONTEXT() REPRESENTATION_CONTEXT('2D SPACE',''
  ) );
#14719 = PCURVE('',#3317,#14720);
#14720 = DEFINITIONAL_REPRESENTATION('',(#14721),#14725);
#14721 = LINE('',#14722,#14723);
#14722 = CARTESIAN_POINT('',(0.,0.));
#14723 = VECTOR('',#14724,1.);
#14724 = DIRECTION('',(0.,-1.));
#14725 = ( GEOMETRIC_REPRESENTATION_CONTEXT(2) 
PARAMETRIC_REPRESENTATION_CONTEXT() REPRESENTATION_CONTEXT('2D SPACE',''
  ) );
#14726 = ORIENTED_EDGE('',*,*,#3207,.T.);
#14727 = ORIENTED_EDGE('',*,*,#14728,.F.);
#14728 = EDGE_CURVE('',#9292,#3210,#14729,.T.);
#14729 = SURFACE_CURVE('',#14730,(#14734,#14741),.PCURVE_S1.);
#14730 = LINE('',#14731,#14732);
#14731 = CARTESIAN_POINT('',(120.072,-77.768,-4.6E-02));
#14732 = VECTOR('',#14733,1.);
#14733 = DIRECTION('',(0.,0.,1.));
#14734 = PCURVE('',#3230,#14735);
#14735 = DEFINITIONAL_REPRESENTATION('',(#14736),#14740);
#14736 = LINE('',#14737,#14738);
#14737 = CARTESIAN_POINT('',(6.28318530718,0.));
#14738 = VECTOR('',#14739,1.);
#14739 = DIRECTION('',(0.,-1.));
#14740 = ( GEOMETRIC_REPRESENTATION_CONTEXT(2) 
PARAMETRIC_REPRESENTATION_CONTEXT() REPRESENTATION_CONTEXT('2D SPACE',''
  ) );
#14741 = PCURVE('',#3258,#14742);
#14742 = DEFINITIONAL_REPRESENTATION('',(#14743),#14747);
#14743 = LINE('',#14744,#14745);
#14744 = CARTESIAN_POINT('',(0.4,0.));
#14745 = VECTOR('',#14746,1.);
#14746 = DIRECTION('',(0.,-1.));
#14747 = ( GEOMETRIC_REPRESENTATION_CONTEXT(2) 
PARAMETRIC_REPRESENTATION_CONTEXT() REPRESENTATION_CONTEXT('2D SPACE',''
  ) );
#14748 = ORIENTED_EDGE('',*,*,#9289,.F.);
#14749 = ADVANCED_FACE('',(#14750),#3317,.T.);
#14750 = FACE_BOUND('',#14751,.T.);
#14751 = EDGE_LOOP('',(#14752,#14753,#14754,#14755));
#14752 = ORIENTED_EDGE('',*,*,#9370,.T.);
#14753 = ORIENTED_EDGE('',*,*,#14706,.T.);
#14754 = ORIENTED_EDGE('',*,*,#3303,.F.);
#14755 = ORIENTED_EDGE('',*,*,#14756,.F.);
#14756 = EDGE_CURVE('',#9343,#3271,#14757,.T.);
#14757 = SURFACE_CURVE('',#14758,(#14762,#14769),.PCURVE_S1.);
#14758 = LINE('',#14759,#14760);
#14759 = CARTESIAN_POINT('',(120.472,-78.668,-4.6E-02));
#14760 = VECTOR('',#14761,1.);
#14761 = DIRECTION('',(0.,0.,1.));
#14762 = PCURVE('',#3317,#14763);
#14763 = DEFINITIONAL_REPRESENTATION('',(#14764),#14768);
#14764 = LINE('',#14765,#14766);
#14765 = CARTESIAN_POINT('',(0.4,0.));
#14766 = VECTOR('',#14767,1.);
#14767 = DIRECTION('',(0.,-1.));
#14768 = ( GEOMETRIC_REPRESENTATION_CONTEXT(2) 
PARAMETRIC_REPRESENTATION_CONTEXT() REPRESENTATION_CONTEXT('2D SPACE',''
  ) );
#14769 = PCURVE('',#3291,#14770);
#14770 = DEFINITIONAL_REPRESENTATION('',(#14771),#14775);
#14771 = LINE('',#14772,#14773);
#14772 = CARTESIAN_POINT('',(6.28318530718,0.));
#14773 = VECTOR('',#14774,1.);
#14774 = DIRECTION('',(0.,-1.));
#14775 = ( GEOMETRIC_REPRESENTATION_CONTEXT(2) 
PARAMETRIC_REPRESENTATION_CONTEXT() REPRESENTATION_CONTEXT('2D SPACE',''
  ) );
#14776 = ADVANCED_FACE('',(#14777),#3258,.T.);
#14777 = FACE_BOUND('',#14778,.T.);
#14778 = EDGE_LOOP('',(#14779,#14780,#14801,#14802));
#14779 = ORIENTED_EDGE('',*,*,#9319,.T.);
#14780 = ORIENTED_EDGE('',*,*,#14781,.T.);
#14781 = EDGE_CURVE('',#9320,#3243,#14782,.T.);
#14782 = SURFACE_CURVE('',#14783,(#14787,#14794),.PCURVE_S1.);
#14783 = LINE('',#14784,#14785);
#14784 = CARTESIAN_POINT('',(120.472,-77.768,-4.6E-02));
#14785 = VECTOR('',#14786,1.);
#14786 = DIRECTION('',(0.,0.,1.));
#14787 = PCURVE('',#3258,#14788);
#14788 = DEFINITIONAL_REPRESENTATION('',(#14789),#14793);
#14789 = LINE('',#14790,#14791);
#14790 = CARTESIAN_POINT('',(0.,-0.));
#14791 = VECTOR('',#14792,1.);
#14792 = DIRECTION('',(0.,-1.));
#14793 = ( GEOMETRIC_REPRESENTATION_CONTEXT(2) 
PARAMETRIC_REPRESENTATION_CONTEXT() REPRESENTATION_CONTEXT('2D SPACE',''
  ) );
#14794 = PCURVE('',#3291,#14795);
#14795 = DEFINITIONAL_REPRESENTATION('',(#14796),#14800);
#14796 = LINE('',#14797,#14798);
#14797 = CARTESIAN_POINT('',(3.14159265359,0.));
#14798 = VECTOR('',#14799,1.);
#14799 = DIRECTION('',(0.,-1.));
#14800 = ( GEOMETRIC_REPRESENTATION_CONTEXT(2) 
PARAMETRIC_REPRESENTATION_CONTEXT() REPRESENTATION_CONTEXT('2D SPACE',''
  ) );
#14801 = ORIENTED_EDGE('',*,*,#3242,.F.);
#14802 = ORIENTED_EDGE('',*,*,#14728,.F.);
#14803 = ADVANCED_FACE('',(#14804),#3291,.F.);
#14804 = FACE_BOUND('',#14805,.F.);
#14805 = EDGE_LOOP('',(#14806,#14807,#14808,#14809));
#14806 = ORIENTED_EDGE('',*,*,#14781,.T.);
#14807 = ORIENTED_EDGE('',*,*,#3270,.T.);
#14808 = ORIENTED_EDGE('',*,*,#14756,.F.);
#14809 = ORIENTED_EDGE('',*,*,#9342,.F.);
#14810 = ADVANCED_FACE('',(#14811),#3352,.F.);
#14811 = FACE_BOUND('',#14812,.F.);
#14812 = EDGE_LOOP('',(#14813,#14834,#14835,#14836));
#14813 = ORIENTED_EDGE('',*,*,#14814,.T.);
#14814 = EDGE_CURVE('',#9394,#3332,#14815,.T.);
#14815 = SEAM_CURVE('',#14816,(#14820,#14827),.PCURVE_S1.);
#14816 = LINE('',#14817,#14818);
#14817 = CARTESIAN_POINT('',(129.972,-80.918,-4.6E-02));
#14818 = VECTOR('',#14819,1.);
#14819 = DIRECTION('',(0.,0.,1.));
#14820 = PCURVE('',#3352,#14821);
#14821 = DEFINITIONAL_REPRESENTATION('',(#14822),#14826);
#14822 = LINE('',#14823,#14824);
#14823 = CARTESIAN_POINT('',(0.,0.));
#14824 = VECTOR('',#14825,1.);
#14825 = DIRECTION('',(0.,-1.));
#14826 = ( GEOMETRIC_REPRESENTATION_CONTEXT(2) 
PARAMETRIC_REPRESENTATION_CONTEXT() REPRESENTATION_CONTEXT('2D SPACE',''
  ) );
#14827 = PCURVE('',#3352,#14828);
#14828 = DEFINITIONAL_REPRESENTATION('',(#14829),#14833);
#14829 = LINE('',#14830,#14831);
#14830 = CARTESIAN_POINT('',(6.28318530718,0.));
#14831 = VECTOR('',#14832,1.);
#14832 = DIRECTION('',(0.,-1.));
#14833 = ( GEOMETRIC_REPRESENTATION_CONTEXT(2) 
PARAMETRIC_REPRESENTATION_CONTEXT() REPRESENTATION_CONTEXT('2D SPACE',''
  ) );
#14834 = ORIENTED_EDGE('',*,*,#3331,.T.);
#14835 = ORIENTED_EDGE('',*,*,#14814,.F.);
#14836 = ORIENTED_EDGE('',*,*,#9393,.F.);
#14837 = ADVANCED_FACE('',(#14838),#3387,.F.);
#14838 = FACE_BOUND('',#14839,.F.);
#14839 = EDGE_LOOP('',(#14840,#14861,#14862,#14863));
#14840 = ORIENTED_EDGE('',*,*,#14841,.T.);
#14841 = EDGE_CURVE('',#9424,#3367,#14842,.T.);
#14842 = SEAM_CURVE('',#14843,(#14847,#14854),.PCURVE_S1.);
#14843 = LINE('',#14844,#14845);
#14844 = CARTESIAN_POINT('',(132.3174,-74.5904,-4.6E-02));
#14845 = VECTOR('',#14846,1.);
#14846 = DIRECTION('',(0.,0.,1.));
#14847 = PCURVE('',#3387,#14848);
#14848 = DEFINITIONAL_REPRESENTATION('',(#14849),#14853);
#14849 = LINE('',#14850,#14851);
#14850 = CARTESIAN_POINT('',(0.,0.));
#14851 = VECTOR('',#14852,1.);
#14852 = DIRECTION('',(0.,-1.));
#14853 = ( GEOMETRIC_REPRESENTATION_CONTEXT(2) 
PARAMETRIC_REPRESENTATION_CONTEXT() REPRESENTATION_CONTEXT('2D SPACE',''
  ) );
#14854 = PCURVE('',#3387,#14855);
#14855 = DEFINITIONAL_REPRESENTATION('',(#14856),#14860);
#14856 = LINE('',#14857,#14858);
#14857 = CARTESIAN_POINT('',(6.28318530718,0.));
#14858 = VECTOR('',#14859,1.);
#14859 = DIRECTION('',(0.,-1.));
#14860 = ( GEOMETRIC_REPRESENTATION_CONTEXT(2) 
PARAMETRIC_REPRESENTATION_CONTEXT() REPRESENTATION_CONTEXT('2D SPACE',''
  ) );
#14861 = ORIENTED_EDGE('',*,*,#3366,.T.);
#14862 = ORIENTED_EDGE('',*,*,#14841,.F.);
#14863 = ORIENTED_EDGE('',*,*,#9423,.F.);
#14864 = ADVANCED_FACE('',(#14865),#3422,.F.);
#14865 = FACE_BOUND('',#14866,.F.);
#14866 = EDGE_LOOP('',(#14867,#14888,#14889,#14890));
#14867 = ORIENTED_EDGE('',*,*,#14868,.T.);
#14868 = EDGE_CURVE('',#9454,#3402,#14869,.T.);
#14869 = SEAM_CURVE('',#14870,(#14874,#14881),.PCURVE_S1.);
#14870 = LINE('',#14871,#14872);
#14871 = CARTESIAN_POINT('',(132.3174,-72.0504,-4.6E-02));
#14872 = VECTOR('',#14873,1.);
#14873 = DIRECTION('',(0.,0.,1.));
#14874 = PCURVE('',#3422,#14875);
#14875 = DEFINITIONAL_REPRESENTATION('',(#14876),#14880);
#14876 = LINE('',#14877,#14878);
#14877 = CARTESIAN_POINT('',(0.,0.));
#14878 = VECTOR('',#14879,1.);
#14879 = DIRECTION('',(0.,-1.));
#14880 = ( GEOMETRIC_REPRESENTATION_CONTEXT(2) 
PARAMETRIC_REPRESENTATION_CONTEXT() REPRESENTATION_CONTEXT('2D SPACE',''
  ) );
#14881 = PCURVE('',#3422,#14882);
#14882 = DEFINITIONAL_REPRESENTATION('',(#14883),#14887);
#14883 = LINE('',#14884,#14885);
#14884 = CARTESIAN_POINT('',(6.28318530718,0.));
#14885 = VECTOR('',#14886,1.);
#14886 = DIRECTION('',(0.,-1.));
#14887 = ( GEOMETRIC_REPRESENTATION_CONTEXT(2) 
PARAMETRIC_REPRESENTATION_CONTEXT() REPRESENTATION_CONTEXT('2D SPACE',''
  ) );
#14888 = ORIENTED_EDGE('',*,*,#3401,.T.);
#14889 = ORIENTED_EDGE('',*,*,#14868,.F.);
#14890 = ORIENTED_EDGE('',*,*,#9453,.F.);
#14891 = ADVANCED_FACE('',(#14892),#3457,.F.);
#14892 = FACE_BOUND('',#14893,.F.);
#14893 = EDGE_LOOP('',(#14894,#14915,#14916,#14917));
#14894 = ORIENTED_EDGE('',*,*,#14895,.T.);
#14895 = EDGE_CURVE('',#9484,#3437,#14896,.T.);
#14896 = SEAM_CURVE('',#14897,(#14901,#14908),.PCURVE_S1.);
#14897 = LINE('',#14898,#14899);
#14898 = CARTESIAN_POINT('',(23.780098,-67.762963,-4.6E-02));
#14899 = VECTOR('',#14900,1.);
#14900 = DIRECTION('',(0.,0.,1.));
#14901 = PCURVE('',#3457,#14902);
#14902 = DEFINITIONAL_REPRESENTATION('',(#14903),#14907);
#14903 = LINE('',#14904,#14905);
#14904 = CARTESIAN_POINT('',(0.,0.));
#14905 = VECTOR('',#14906,1.);
#14906 = DIRECTION('',(0.,-1.));
#14907 = ( GEOMETRIC_REPRESENTATION_CONTEXT(2) 
PARAMETRIC_REPRESENTATION_CONTEXT() REPRESENTATION_CONTEXT('2D SPACE',''
  ) );
#14908 = PCURVE('',#3457,#14909);
#14909 = DEFINITIONAL_REPRESENTATION('',(#14910),#14914);
#14910 = LINE('',#14911,#14912);
#14911 = CARTESIAN_POINT('',(6.28318530718,0.));
#14912 = VECTOR('',#14913,1.);
#14913 = DIRECTION('',(0.,-1.));
#14914 = ( GEOMETRIC_REPRESENTATION_CONTEXT(2) 
PARAMETRIC_REPRESENTATION_CONTEXT() REPRESENTATION_CONTEXT('2D SPACE',''
  ) );
#14915 = ORIENTED_EDGE('',*,*,#3436,.T.);
#14916 = ORIENTED_EDGE('',*,*,#14895,.F.);
#14917 = ORIENTED_EDGE('',*,*,#9483,.F.);
#14918 = ADVANCED_FACE('',(#14919),#3492,.F.);
#14919 = FACE_BOUND('',#14920,.F.);
#14920 = EDGE_LOOP('',(#14921,#14942,#14943,#14944));
#14921 = ORIENTED_EDGE('',*,*,#14922,.T.);
#14922 = EDGE_CURVE('',#9514,#3472,#14923,.T.);
#14923 = SEAM_CURVE('',#14924,(#14928,#14935),.PCURVE_S1.);
#14924 = LINE('',#14925,#14926);
#14925 = CARTESIAN_POINT('',(29.153247,-68.497312,-4.6E-02));
#14926 = VECTOR('',#14927,1.);
#14927 = DIRECTION('',(0.,0.,1.));
#14928 = PCURVE('',#3492,#14929);
#14929 = DEFINITIONAL_REPRESENTATION('',(#14930),#14934);
#14930 = LINE('',#14931,#14932);
#14931 = CARTESIAN_POINT('',(0.,0.));
#14932 = VECTOR('',#14933,1.);
#14933 = DIRECTION('',(0.,-1.));
#14934 = ( GEOMETRIC_REPRESENTATION_CONTEXT(2) 
PARAMETRIC_REPRESENTATION_CONTEXT() REPRESENTATION_CONTEXT('2D SPACE',''
  ) );
#14935 = PCURVE('',#3492,#14936);
#14936 = DEFINITIONAL_REPRESENTATION('',(#14937),#14941);
#14937 = LINE('',#14938,#14939);
#14938 = CARTESIAN_POINT('',(6.28318530718,0.));
#14939 = VECTOR('',#14940,1.);
#14940 = DIRECTION('',(0.,-1.));
#14941 = ( GEOMETRIC_REPRESENTATION_CONTEXT(2) 
PARAMETRIC_REPRESENTATION_CONTEXT() REPRESENTATION_CONTEXT('2D SPACE',''
  ) );
#14942 = ORIENTED_EDGE('',*,*,#3471,.T.);
#14943 = ORIENTED_EDGE('',*,*,#14922,.F.);
#14944 = ORIENTED_EDGE('',*,*,#9513,.F.);
#14945 = ADVANCED_FACE('',(#14946),#3527,.F.);
#14946 = FACE_BOUND('',#14947,.F.);
#14947 = EDGE_LOOP('',(#14948,#14969,#14970,#14971));
#14948 = ORIENTED_EDGE('',*,*,#14949,.T.);
#14949 = EDGE_CURVE('',#9544,#3507,#14950,.T.);
#14950 = SEAM_CURVE('',#14951,(#14955,#14962),.PCURVE_S1.);
#14951 = LINE('',#14952,#14953);
#14952 = CARTESIAN_POINT('',(22.313623,-64.437755,-4.6E-02));
#14953 = VECTOR('',#14954,1.);
#14954 = DIRECTION('',(0.,0.,1.));
#14955 = PCURVE('',#3527,#14956);
#14956 = DEFINITIONAL_REPRESENTATION('',(#14957),#14961);
#14957 = LINE('',#14958,#14959);
#14958 = CARTESIAN_POINT('',(0.,0.));
#14959 = VECTOR('',#14960,1.);
#14960 = DIRECTION('',(0.,-1.));
#14961 = ( GEOMETRIC_REPRESENTATION_CONTEXT(2) 
PARAMETRIC_REPRESENTATION_CONTEXT() REPRESENTATION_CONTEXT('2D SPACE',''
  ) );
#14962 = PCURVE('',#3527,#14963);
#14963 = DEFINITIONAL_REPRESENTATION('',(#14964),#14968);
#14964 = LINE('',#14965,#14966);
#14965 = CARTESIAN_POINT('',(6.28318530718,0.));
#14966 = VECTOR('',#14967,1.);
#14967 = DIRECTION('',(0.,-1.));
#14968 = ( GEOMETRIC_REPRESENTATION_CONTEXT(2) 
PARAMETRIC_REPRESENTATION_CONTEXT() REPRESENTATION_CONTEXT('2D SPACE',''
  ) );
#14969 = ORIENTED_EDGE('',*,*,#3506,.T.);
#14970 = ORIENTED_EDGE('',*,*,#14949,.F.);
#14971 = ORIENTED_EDGE('',*,*,#9543,.F.);
#14972 = ADVANCED_FACE('',(#14973),#3562,.F.);
#14973 = FACE_BOUND('',#14974,.F.);
#14974 = EDGE_LOOP('',(#14975,#14996,#14997,#14998));
#14975 = ORIENTED_EDGE('',*,*,#14976,.T.);
#14976 = EDGE_CURVE('',#9574,#3542,#14977,.T.);
#14977 = SEAM_CURVE('',#14978,(#14982,#14989),.PCURVE_S1.);
#14978 = LINE('',#14979,#14980);
#14979 = CARTESIAN_POINT('',(27.626215,-63.87785,-4.6E-02));
#14980 = VECTOR('',#14981,1.);
#14981 = DIRECTION('',(0.,0.,1.));
#14982 = PCURVE('',#3562,#14983);
#14983 = DEFINITIONAL_REPRESENTATION('',(#14984),#14988);
#14984 = LINE('',#14985,#14986);
#14985 = CARTESIAN_POINT('',(0.,0.));
#14986 = VECTOR('',#14987,1.);
#14987 = DIRECTION('',(0.,-1.));
#14988 = ( GEOMETRIC_REPRESENTATION_CONTEXT(2) 
PARAMETRIC_REPRESENTATION_CONTEXT() REPRESENTATION_CONTEXT('2D SPACE',''
  ) );
#14989 = PCURVE('',#3562,#14990);
#14990 = DEFINITIONAL_REPRESENTATION('',(#14991),#14995);
#14991 = LINE('',#14992,#14993);
#14992 = CARTESIAN_POINT('',(6.28318530718,0.));
#14993 = VECTOR('',#14994,1.);
#14994 = DIRECTION('',(0.,-1.));
#14995 = ( GEOMETRIC_REPRESENTATION_CONTEXT(2) 
PARAMETRIC_REPRESENTATION_CONTEXT() REPRESENTATION_CONTEXT('2D SPACE',''
  ) );
#14996 = ORIENTED_EDGE('',*,*,#3541,.T.);
#14997 = ORIENTED_EDGE('',*,*,#14976,.F.);
#14998 = ORIENTED_EDGE('',*,*,#9573,.F.);
#14999 = ADVANCED_FACE('',(#15000),#3597,.F.);
#15000 = FACE_BOUND('',#15001,.F.);
#15001 = EDGE_LOOP('',(#15002,#15023,#15024,#15025));
#15002 = ORIENTED_EDGE('',*,*,#15003,.T.);
#15003 = EDGE_CURVE('',#9604,#3577,#15004,.T.);
#15004 = SEAM_CURVE('',#15005,(#15009,#15016),.PCURVE_S1.);
#15005 = LINE('',#15006,#15007);
#15006 = CARTESIAN_POINT('',(45.669271,-64.211321,-4.6E-02));
#15007 = VECTOR('',#15008,1.);
#15008 = DIRECTION('',(0.,0.,1.));
#15009 = PCURVE('',#3597,#15010);
#15010 = DEFINITIONAL_REPRESENTATION('',(#15011),#15015);
#15011 = LINE('',#15012,#15013);
#15012 = CARTESIAN_POINT('',(0.,0.));
#15013 = VECTOR('',#15014,1.);
#15014 = DIRECTION('',(0.,-1.));
#15015 = ( GEOMETRIC_REPRESENTATION_CONTEXT(2) 
PARAMETRIC_REPRESENTATION_CONTEXT() REPRESENTATION_CONTEXT('2D SPACE',''
  ) );
#15016 = PCURVE('',#3597,#15017);
#15017 = DEFINITIONAL_REPRESENTATION('',(#15018),#15022);
#15018 = LINE('',#15019,#15020);
#15019 = CARTESIAN_POINT('',(6.28318530718,0.));
#15020 = VECTOR('',#15021,1.);
#15021 = DIRECTION('',(0.,-1.));
#15022 = ( GEOMETRIC_REPRESENTATION_CONTEXT(2) 
PARAMETRIC_REPRESENTATION_CONTEXT() REPRESENTATION_CONTEXT('2D SPACE',''
  ) );
#15023 = ORIENTED_EDGE('',*,*,#3576,.T.);
#15024 = ORIENTED_EDGE('',*,*,#15003,.F.);
#15025 = ORIENTED_EDGE('',*,*,#9603,.F.);
#15026 = ADVANCED_FACE('',(#15027),#3632,.F.);
#15027 = FACE_BOUND('',#15028,.F.);
#15028 = EDGE_LOOP('',(#15029,#15050,#15051,#15052));
#15029 = ORIENTED_EDGE('',*,*,#15030,.T.);
#15030 = EDGE_CURVE('',#9634,#3612,#15031,.T.);
#15031 = SEAM_CURVE('',#15032,(#15036,#15043),.PCURVE_S1.);
#15032 = LINE('',#15033,#15034);
#15033 = CARTESIAN_POINT('',(21.497042,-59.952797,-4.6E-02));
#15034 = VECTOR('',#15035,1.);
#15035 = DIRECTION('',(0.,0.,1.));
#15036 = PCURVE('',#3632,#15037);
#15037 = DEFINITIONAL_REPRESENTATION('',(#15038),#15042);
#15038 = LINE('',#15039,#15040);
#15039 = CARTESIAN_POINT('',(0.,0.));
#15040 = VECTOR('',#15041,1.);
#15041 = DIRECTION('',(0.,-1.));
#15042 = ( GEOMETRIC_REPRESENTATION_CONTEXT(2) 
PARAMETRIC_REPRESENTATION_CONTEXT() REPRESENTATION_CONTEXT('2D SPACE',''
  ) );
#15043 = PCURVE('',#3632,#15044);
#15044 = DEFINITIONAL_REPRESENTATION('',(#15045),#15049);
#15045 = LINE('',#15046,#15047);
#15046 = CARTESIAN_POINT('',(6.28318530718,0.));
#15047 = VECTOR('',#15048,1.);
#15048 = DIRECTION('',(0.,-1.));
#15049 = ( GEOMETRIC_REPRESENTATION_CONTEXT(2) 
PARAMETRIC_REPRESENTATION_CONTEXT() REPRESENTATION_CONTEXT('2D SPACE',''
  ) );
#15050 = ORIENTED_EDGE('',*,*,#3611,.T.);
#15051 = ORIENTED_EDGE('',*,*,#15030,.F.);
#15052 = ORIENTED_EDGE('',*,*,#9633,.F.);
#15053 = ADVANCED_FACE('',(#15054),#3667,.F.);
#15054 = FACE_BOUND('',#15055,.F.);
#15055 = EDGE_LOOP('',(#15056,#15077,#15078,#15079));
#15056 = ORIENTED_EDGE('',*,*,#15057,.T.);
#15057 = EDGE_CURVE('',#9664,#3647,#15058,.T.);
#15058 = SEAM_CURVE('',#15059,(#15063,#15070),.PCURVE_S1.);
#15059 = LINE('',#15060,#15061);
#15060 = CARTESIAN_POINT('',(32.938807,-61.590745,-4.6E-02));
#15061 = VECTOR('',#15062,1.);
#15062 = DIRECTION('',(0.,0.,1.));
#15063 = PCURVE('',#3667,#15064);
#15064 = DEFINITIONAL_REPRESENTATION('',(#15065),#15069);
#15065 = LINE('',#15066,#15067);
#15066 = CARTESIAN_POINT('',(0.,0.));
#15067 = VECTOR('',#15068,1.);
#15068 = DIRECTION('',(0.,-1.));
#15069 = ( GEOMETRIC_REPRESENTATION_CONTEXT(2) 
PARAMETRIC_REPRESENTATION_CONTEXT() REPRESENTATION_CONTEXT('2D SPACE',''
  ) );
#15070 = PCURVE('',#3667,#15071);
#15071 = DEFINITIONAL_REPRESENTATION('',(#15072),#15076);
#15072 = LINE('',#15073,#15074);
#15073 = CARTESIAN_POINT('',(6.28318530718,0.));
#15074 = VECTOR('',#15075,1.);
#15075 = DIRECTION('',(0.,-1.));
#15076 = ( GEOMETRIC_REPRESENTATION_CONTEXT(2) 
PARAMETRIC_REPRESENTATION_CONTEXT() REPRESENTATION_CONTEXT('2D SPACE',''
  ) );
#15077 = ORIENTED_EDGE('',*,*,#3646,.T.);
#15078 = ORIENTED_EDGE('',*,*,#15057,.F.);
#15079 = ORIENTED_EDGE('',*,*,#9663,.F.);
#15080 = ADVANCED_FACE('',(#15081),#3702,.F.);
#15081 = FACE_BOUND('',#15082,.F.);
#15082 = EDGE_LOOP('',(#15083,#15104,#15105,#15106));
#15083 = ORIENTED_EDGE('',*,*,#15084,.T.);
#15084 = EDGE_CURVE('',#9694,#3682,#15085,.T.);
#15085 = SEAM_CURVE('',#15086,(#15090,#15097),.PCURVE_S1.);
#15086 = LINE('',#15087,#15088);
#15087 = CARTESIAN_POINT('',(31.581308,-57.250726,-4.6E-02));
#15088 = VECTOR('',#15089,1.);
#15089 = DIRECTION('',(0.,0.,1.));
#15090 = PCURVE('',#3702,#15091);
#15091 = DEFINITIONAL_REPRESENTATION('',(#15092),#15096);
#15092 = LINE('',#15093,#15094);
#15093 = CARTESIAN_POINT('',(0.,0.));
#15094 = VECTOR('',#15095,1.);
#15095 = DIRECTION('',(0.,-1.));
#15096 = ( GEOMETRIC_REPRESENTATION_CONTEXT(2) 
PARAMETRIC_REPRESENTATION_CONTEXT() REPRESENTATION_CONTEXT('2D SPACE',''
  ) );
#15097 = PCURVE('',#3702,#15098);
#15098 = DEFINITIONAL_REPRESENTATION('',(#15099),#15103);
#15099 = LINE('',#15100,#15101);
#15100 = CARTESIAN_POINT('',(6.28318530718,0.));
#15101 = VECTOR('',#15102,1.);
#15102 = DIRECTION('',(0.,-1.));
#15103 = ( GEOMETRIC_REPRESENTATION_CONTEXT(2) 
PARAMETRIC_REPRESENTATION_CONTEXT() REPRESENTATION_CONTEXT('2D SPACE',''
  ) );
#15104 = ORIENTED_EDGE('',*,*,#3681,.T.);
#15105 = ORIENTED_EDGE('',*,*,#15084,.F.);
#15106 = ORIENTED_EDGE('',*,*,#9693,.F.);
#15107 = ADVANCED_FACE('',(#15108),#3737,.F.);
#15108 = FACE_BOUND('',#15109,.F.);
#15109 = EDGE_LOOP('',(#15110,#15131,#15132,#15133));
#15110 = ORIENTED_EDGE('',*,*,#15111,.T.);
#15111 = EDGE_CURVE('',#9724,#3717,#15112,.T.);
#15112 = SEAM_CURVE('',#15113,(#15117,#15124),.PCURVE_S1.);
#15113 = LINE('',#15114,#15115);
#15114 = CARTESIAN_POINT('',(44.905415,-60.671356,-4.6E-02));
#15115 = VECTOR('',#15116,1.);
#15116 = DIRECTION('',(0.,0.,1.));
#15117 = PCURVE('',#3737,#15118);
#15118 = DEFINITIONAL_REPRESENTATION('',(#15119),#15123);
#15119 = LINE('',#15120,#15121);
#15120 = CARTESIAN_POINT('',(0.,0.));
#15121 = VECTOR('',#15122,1.);
#15122 = DIRECTION('',(0.,-1.));
#15123 = ( GEOMETRIC_REPRESENTATION_CONTEXT(2) 
PARAMETRIC_REPRESENTATION_CONTEXT() REPRESENTATION_CONTEXT('2D SPACE',''
  ) );
#15124 = PCURVE('',#3737,#15125);
#15125 = DEFINITIONAL_REPRESENTATION('',(#15126),#15130);
#15126 = LINE('',#15127,#15128);
#15127 = CARTESIAN_POINT('',(6.28318530718,0.));
#15128 = VECTOR('',#15129,1.);
#15129 = DIRECTION('',(0.,-1.));
#15130 = ( GEOMETRIC_REPRESENTATION_CONTEXT(2) 
PARAMETRIC_REPRESENTATION_CONTEXT() REPRESENTATION_CONTEXT('2D SPACE',''
  ) );
#15131 = ORIENTED_EDGE('',*,*,#3716,.T.);
#15132 = ORIENTED_EDGE('',*,*,#15111,.F.);
#15133 = ORIENTED_EDGE('',*,*,#9723,.F.);
#15134 = ADVANCED_FACE('',(#15135),#3772,.F.);
#15135 = FACE_BOUND('',#15136,.F.);
#15136 = EDGE_LOOP('',(#15137,#15158,#15159,#15160));
#15137 = ORIENTED_EDGE('',*,*,#15138,.T.);
#15138 = EDGE_CURVE('',#9754,#3752,#15139,.T.);
#15139 = SEAM_CURVE('',#15140,(#15144,#15151),.PCURVE_S1.);
#15140 = LINE('',#15141,#15142);
#15141 = CARTESIAN_POINT('',(44.891755,-56.106455,-4.6E-02));
#15142 = VECTOR('',#15143,1.);
#15143 = DIRECTION('',(0.,0.,1.));
#15144 = PCURVE('',#3772,#15145);
#15145 = DEFINITIONAL_REPRESENTATION('',(#15146),#15150);
#15146 = LINE('',#15147,#15148);
#15147 = CARTESIAN_POINT('',(0.,0.));
#15148 = VECTOR('',#15149,1.);
#15149 = DIRECTION('',(0.,-1.));
#15150 = ( GEOMETRIC_REPRESENTATION_CONTEXT(2) 
PARAMETRIC_REPRESENTATION_CONTEXT() REPRESENTATION_CONTEXT('2D SPACE',''
  ) );
#15151 = PCURVE('',#3772,#15152);
#15152 = DEFINITIONAL_REPRESENTATION('',(#15153),#15157);
#15153 = LINE('',#15154,#15155);
#15154 = CARTESIAN_POINT('',(6.28318530718,0.));
#15155 = VECTOR('',#15156,1.);
#15156 = DIRECTION('',(0.,-1.));
#15157 = ( GEOMETRIC_REPRESENTATION_CONTEXT(2) 
PARAMETRIC_REPRESENTATION_CONTEXT() REPRESENTATION_CONTEXT('2D SPACE',''
  ) );
#15158 = ORIENTED_EDGE('',*,*,#3751,.T.);
#15159 = ORIENTED_EDGE('',*,*,#15138,.F.);
#15160 = ORIENTED_EDGE('',*,*,#9753,.F.);
#15161 = ADVANCED_FACE('',(#15162),#3807,.F.);
#15162 = FACE_BOUND('',#15163,.F.);
#15163 = EDGE_LOOP('',(#15164,#15185,#15186,#15187));
#15164 = ORIENTED_EDGE('',*,*,#15165,.T.);
#15165 = EDGE_CURVE('',#9784,#3787,#15166,.T.);
#15166 = SEAM_CURVE('',#15167,(#15171,#15178),.PCURVE_S1.);
#15167 = LINE('',#15168,#15169);
#15168 = CARTESIAN_POINT('',(50.80358,-65.957423,-4.6E-02));
#15169 = VECTOR('',#15170,1.);
#15170 = DIRECTION('',(0.,0.,1.));
#15171 = PCURVE('',#3807,#15172);
#15172 = DEFINITIONAL_REPRESENTATION('',(#15173),#15177);
#15173 = LINE('',#15174,#15175);
#15174 = CARTESIAN_POINT('',(0.,0.));
#15175 = VECTOR('',#15176,1.);
#15176 = DIRECTION('',(0.,-1.));
#15177 = ( GEOMETRIC_REPRESENTATION_CONTEXT(2) 
PARAMETRIC_REPRESENTATION_CONTEXT() REPRESENTATION_CONTEXT('2D SPACE',''
  ) );
#15178 = PCURVE('',#3807,#15179);
#15179 = DEFINITIONAL_REPRESENTATION('',(#15180),#15184);
#15180 = LINE('',#15181,#15182);
#15181 = CARTESIAN_POINT('',(6.28318530718,0.));
#15182 = VECTOR('',#15183,1.);
#15183 = DIRECTION('',(0.,-1.));
#15184 = ( GEOMETRIC_REPRESENTATION_CONTEXT(2) 
PARAMETRIC_REPRESENTATION_CONTEXT() REPRESENTATION_CONTEXT('2D SPACE',''
  ) );
#15185 = ORIENTED_EDGE('',*,*,#3786,.T.);
#15186 = ORIENTED_EDGE('',*,*,#15165,.F.);
#15187 = ORIENTED_EDGE('',*,*,#9783,.F.);
#15188 = ADVANCED_FACE('',(#15189),#3842,.F.);
#15189 = FACE_BOUND('',#15190,.F.);
#15190 = EDGE_LOOP('',(#15191,#15212,#15213,#15214));
#15191 = ORIENTED_EDGE('',*,*,#15192,.T.);
#15192 = EDGE_CURVE('',#9814,#3822,#15193,.T.);
#15193 = SEAM_CURVE('',#15194,(#15198,#15205),.PCURVE_S1.);
#15194 = LINE('',#15195,#15196);
#15195 = CARTESIAN_POINT('',(64.438,-71.2089,-4.6E-02));
#15196 = VECTOR('',#15197,1.);
#15197 = DIRECTION('',(0.,0.,1.));
#15198 = PCURVE('',#3842,#15199);
#15199 = DEFINITIONAL_REPRESENTATION('',(#15200),#15204);
#15200 = LINE('',#15201,#15202);
#15201 = CARTESIAN_POINT('',(0.,0.));
#15202 = VECTOR('',#15203,1.);
#15203 = DIRECTION('',(0.,-1.));
#15204 = ( GEOMETRIC_REPRESENTATION_CONTEXT(2) 
PARAMETRIC_REPRESENTATION_CONTEXT() REPRESENTATION_CONTEXT('2D SPACE',''
  ) );
#15205 = PCURVE('',#3842,#15206);
#15206 = DEFINITIONAL_REPRESENTATION('',(#15207),#15211);
#15207 = LINE('',#15208,#15209);
#15208 = CARTESIAN_POINT('',(6.28318530718,0.));
#15209 = VECTOR('',#15210,1.);
#15210 = DIRECTION('',(0.,-1.));
#15211 = ( GEOMETRIC_REPRESENTATION_CONTEXT(2) 
PARAMETRIC_REPRESENTATION_CONTEXT() REPRESENTATION_CONTEXT('2D SPACE',''
  ) );
#15212 = ORIENTED_EDGE('',*,*,#3821,.T.);
#15213 = ORIENTED_EDGE('',*,*,#15192,.F.);
#15214 = ORIENTED_EDGE('',*,*,#9813,.F.);
#15215 = ADVANCED_FACE('',(#15216),#3877,.F.);
#15216 = FACE_BOUND('',#15217,.F.);
#15217 = EDGE_LOOP('',(#15218,#15239,#15240,#15241));
#15218 = ORIENTED_EDGE('',*,*,#15219,.T.);
#15219 = EDGE_CURVE('',#9844,#3857,#15220,.T.);
#15220 = SEAM_CURVE('',#15221,(#15225,#15232),.PCURVE_S1.);
#15221 = LINE('',#15222,#15223);
#15222 = CARTESIAN_POINT('',(64.718,-66.6533,-4.6E-02));
#15223 = VECTOR('',#15224,1.);
#15224 = DIRECTION('',(0.,0.,1.));
#15225 = PCURVE('',#3877,#15226);
#15226 = DEFINITIONAL_REPRESENTATION('',(#15227),#15231);
#15227 = LINE('',#15228,#15229);
#15228 = CARTESIAN_POINT('',(0.,0.));
#15229 = VECTOR('',#15230,1.);
#15230 = DIRECTION('',(0.,-1.));
#15231 = ( GEOMETRIC_REPRESENTATION_CONTEXT(2) 
PARAMETRIC_REPRESENTATION_CONTEXT() REPRESENTATION_CONTEXT('2D SPACE',''
  ) );
#15232 = PCURVE('',#3877,#15233);
#15233 = DEFINITIONAL_REPRESENTATION('',(#15234),#15238);
#15234 = LINE('',#15235,#15236);
#15235 = CARTESIAN_POINT('',(6.28318530718,0.));
#15236 = VECTOR('',#15237,1.);
#15237 = DIRECTION('',(0.,-1.));
#15238 = ( GEOMETRIC_REPRESENTATION_CONTEXT(2) 
PARAMETRIC_REPRESENTATION_CONTEXT() REPRESENTATION_CONTEXT('2D SPACE',''
  ) );
#15239 = ORIENTED_EDGE('',*,*,#3856,.T.);
#15240 = ORIENTED_EDGE('',*,*,#15219,.F.);
#15241 = ORIENTED_EDGE('',*,*,#9843,.F.);
#15242 = ADVANCED_FACE('',(#15243),#3912,.F.);
#15243 = FACE_BOUND('',#15244,.F.);
#15244 = EDGE_LOOP('',(#15245,#15266,#15267,#15268));
#15245 = ORIENTED_EDGE('',*,*,#15246,.T.);
#15246 = EDGE_CURVE('',#9874,#3892,#15247,.T.);
#15247 = SEAM_CURVE('',#15248,(#15252,#15259),.PCURVE_S1.);
#15248 = LINE('',#15249,#15250);
#15249 = CARTESIAN_POINT('',(69.938,-72.0725,-4.6E-02));
#15250 = VECTOR('',#15251,1.);
#15251 = DIRECTION('',(0.,0.,1.));
#15252 = PCURVE('',#3912,#15253);
#15253 = DEFINITIONAL_REPRESENTATION('',(#15254),#15258);
#15254 = LINE('',#15255,#15256);
#15255 = CARTESIAN_POINT('',(0.,0.));
#15256 = VECTOR('',#15257,1.);
#15257 = DIRECTION('',(0.,-1.));
#15258 = ( GEOMETRIC_REPRESENTATION_CONTEXT(2) 
PARAMETRIC_REPRESENTATION_CONTEXT() REPRESENTATION_CONTEXT('2D SPACE',''
  ) );
#15259 = PCURVE('',#3912,#15260);
#15260 = DEFINITIONAL_REPRESENTATION('',(#15261),#15265);
#15261 = LINE('',#15262,#15263);
#15262 = CARTESIAN_POINT('',(6.28318530718,0.));
#15263 = VECTOR('',#15264,1.);
#15264 = DIRECTION('',(0.,-1.));
#15265 = ( GEOMETRIC_REPRESENTATION_CONTEXT(2) 
PARAMETRIC_REPRESENTATION_CONTEXT() REPRESENTATION_CONTEXT('2D SPACE',''
  ) );
#15266 = ORIENTED_EDGE('',*,*,#3891,.T.);
#15267 = ORIENTED_EDGE('',*,*,#15246,.F.);
#15268 = ORIENTED_EDGE('',*,*,#9873,.F.);
#15269 = ADVANCED_FACE('',(#15270),#3947,.F.);
#15270 = FACE_BOUND('',#15271,.F.);
#15271 = EDGE_LOOP('',(#15272,#15293,#15294,#15295));
#15272 = ORIENTED_EDGE('',*,*,#15273,.T.);
#15273 = EDGE_CURVE('',#9904,#3927,#15274,.T.);
#15274 = SEAM_CURVE('',#15275,(#15279,#15286),.PCURVE_S1.);
#15275 = LINE('',#15276,#15277);
#15276 = CARTESIAN_POINT('',(75.438,-71.2089,-4.6E-02));
#15277 = VECTOR('',#15278,1.);
#15278 = DIRECTION('',(0.,0.,1.));
#15279 = PCURVE('',#3947,#15280);
#15280 = DEFINITIONAL_REPRESENTATION('',(#15281),#15285);
#15281 = LINE('',#15282,#15283);
#15282 = CARTESIAN_POINT('',(0.,0.));
#15283 = VECTOR('',#15284,1.);
#15284 = DIRECTION('',(0.,-1.));
#15285 = ( GEOMETRIC_REPRESENTATION_CONTEXT(2) 
PARAMETRIC_REPRESENTATION_CONTEXT() REPRESENTATION_CONTEXT('2D SPACE',''
  ) );
#15286 = PCURVE('',#3947,#15287);
#15287 = DEFINITIONAL_REPRESENTATION('',(#15288),#15292);
#15288 = LINE('',#15289,#15290);
#15289 = CARTESIAN_POINT('',(6.28318530718,0.));
#15290 = VECTOR('',#15291,1.);
#15291 = DIRECTION('',(0.,-1.));
#15292 = ( GEOMETRIC_REPRESENTATION_CONTEXT(2) 
PARAMETRIC_REPRESENTATION_CONTEXT() REPRESENTATION_CONTEXT('2D SPACE',''
  ) );
#15293 = ORIENTED_EDGE('',*,*,#3926,.T.);
#15294 = ORIENTED_EDGE('',*,*,#15273,.F.);
#15295 = ORIENTED_EDGE('',*,*,#9903,.F.);
#15296 = ADVANCED_FACE('',(#15297),#3982,.F.);
#15297 = FACE_BOUND('',#15298,.F.);
#15298 = EDGE_LOOP('',(#15299,#15320,#15321,#15322));
#15299 = ORIENTED_EDGE('',*,*,#15300,.T.);
#15300 = EDGE_CURVE('',#9934,#3962,#15301,.T.);
#15301 = SEAM_CURVE('',#15302,(#15306,#15313),.PCURVE_S1.);
#15302 = LINE('',#15303,#15304);
#15303 = CARTESIAN_POINT('',(75.158,-66.6533,-4.6E-02));
#15304 = VECTOR('',#15305,1.);
#15305 = DIRECTION('',(0.,0.,1.));
#15306 = PCURVE('',#3982,#15307);
#15307 = DEFINITIONAL_REPRESENTATION('',(#15308),#15312);
#15308 = LINE('',#15309,#15310);
#15309 = CARTESIAN_POINT('',(0.,0.));
#15310 = VECTOR('',#15311,1.);
#15311 = DIRECTION('',(0.,-1.));
#15312 = ( GEOMETRIC_REPRESENTATION_CONTEXT(2) 
PARAMETRIC_REPRESENTATION_CONTEXT() REPRESENTATION_CONTEXT('2D SPACE',''
  ) );
#15313 = PCURVE('',#3982,#15314);
#15314 = DEFINITIONAL_REPRESENTATION('',(#15315),#15319);
#15315 = LINE('',#15316,#15317);
#15316 = CARTESIAN_POINT('',(6.28318530718,0.));
#15317 = VECTOR('',#15318,1.);
#15318 = DIRECTION('',(0.,-1.));
#15319 = ( GEOMETRIC_REPRESENTATION_CONTEXT(2) 
PARAMETRIC_REPRESENTATION_CONTEXT() REPRESENTATION_CONTEXT('2D SPACE',''
  ) );
#15320 = ORIENTED_EDGE('',*,*,#3961,.T.);
#15321 = ORIENTED_EDGE('',*,*,#15300,.F.);
#15322 = ORIENTED_EDGE('',*,*,#9933,.F.);
#15323 = ADVANCED_FACE('',(#15324),#4017,.F.);
#15324 = FACE_BOUND('',#15325,.F.);
#15325 = EDGE_LOOP('',(#15326,#15347,#15348,#15349));
#15326 = ORIENTED_EDGE('',*,*,#15327,.T.);
#15327 = EDGE_CURVE('',#9964,#3997,#15328,.T.);
#15328 = SEAM_CURVE('',#15329,(#15333,#15340),.PCURVE_S1.);
#15329 = LINE('',#15330,#15331);
#15330 = CARTESIAN_POINT('',(50.392017,-61.151295,-4.6E-02));
#15331 = VECTOR('',#15332,1.);
#15332 = DIRECTION('',(0.,0.,1.));
#15333 = PCURVE('',#4017,#15334);
#15334 = DEFINITIONAL_REPRESENTATION('',(#15335),#15339);
#15335 = LINE('',#15336,#15337);
#15336 = CARTESIAN_POINT('',(0.,0.));
#15337 = VECTOR('',#15338,1.);
#15338 = DIRECTION('',(0.,-1.));
#15339 = ( GEOMETRIC_REPRESENTATION_CONTEXT(2) 
PARAMETRIC_REPRESENTATION_CONTEXT() REPRESENTATION_CONTEXT('2D SPACE',''
  ) );
#15340 = PCURVE('',#4017,#15341);
#15341 = DEFINITIONAL_REPRESENTATION('',(#15342),#15346);
#15342 = LINE('',#15343,#15344);
#15343 = CARTESIAN_POINT('',(6.28318530718,0.));
#15344 = VECTOR('',#15345,1.);
#15345 = DIRECTION('',(0.,-1.));
#15346 = ( GEOMETRIC_REPRESENTATION_CONTEXT(2) 
PARAMETRIC_REPRESENTATION_CONTEXT() REPRESENTATION_CONTEXT('2D SPACE',''
  ) );
#15347 = ORIENTED_EDGE('',*,*,#3996,.T.);
#15348 = ORIENTED_EDGE('',*,*,#15327,.F.);
#15349 = ORIENTED_EDGE('',*,*,#9963,.F.);
#15350 = ADVANCED_FACE('',(#15351),#4052,.F.);
#15351 = FACE_BOUND('',#15352,.F.);
#15352 = EDGE_LOOP('',(#15353,#15374,#15375,#15376));
#15353 = ORIENTED_EDGE('',*,*,#15354,.T.);
#15354 = EDGE_CURVE('',#9994,#4032,#15355,.T.);
#15355 = SEAM_CURVE('',#15356,(#15360,#15367),.PCURVE_S1.);
#15356 = LINE('',#15357,#15358);
#15357 = CARTESIAN_POINT('',(55.878619,-59.904034,-4.6E-02));
#15358 = VECTOR('',#15359,1.);
#15359 = DIRECTION('',(0.,0.,1.));
#15360 = PCURVE('',#4052,#15361);
#15361 = DEFINITIONAL_REPRESENTATION('',(#15362),#15366);
#15362 = LINE('',#15363,#15364);
#15363 = CARTESIAN_POINT('',(0.,0.));
#15364 = VECTOR('',#15365,1.);
#15365 = DIRECTION('',(0.,-1.));
#15366 = ( GEOMETRIC_REPRESENTATION_CONTEXT(2) 
PARAMETRIC_REPRESENTATION_CONTEXT() REPRESENTATION_CONTEXT('2D SPACE',''
  ) );
#15367 = PCURVE('',#4052,#15368);
#15368 = DEFINITIONAL_REPRESENTATION('',(#15369),#15373);
#15369 = LINE('',#15370,#15371);
#15370 = CARTESIAN_POINT('',(6.28318530718,0.));
#15371 = VECTOR('',#15372,1.);
#15372 = DIRECTION('',(0.,-1.));
#15373 = ( GEOMETRIC_REPRESENTATION_CONTEXT(2) 
PARAMETRIC_REPRESENTATION_CONTEXT() REPRESENTATION_CONTEXT('2D SPACE',''
  ) );
#15374 = ORIENTED_EDGE('',*,*,#4031,.T.);
#15375 = ORIENTED_EDGE('',*,*,#15354,.F.);
#15376 = ORIENTED_EDGE('',*,*,#9993,.F.);
#15377 = ADVANCED_FACE('',(#15378),#4087,.F.);
#15378 = FACE_BOUND('',#15379,.F.);
#15379 = EDGE_LOOP('',(#15380,#15401,#15402,#15403));
#15380 = ORIENTED_EDGE('',*,*,#15381,.T.);
#15381 = EDGE_CURVE('',#10024,#4067,#15382,.T.);
#15382 = SEAM_CURVE('',#15383,(#15387,#15394),.PCURVE_S1.);
#15383 = LINE('',#15384,#15385);
#15384 = CARTESIAN_POINT('',(55.306324,-55.378197,-4.6E-02));
#15385 = VECTOR('',#15386,1.);
#15386 = DIRECTION('',(0.,0.,1.));
#15387 = PCURVE('',#4087,#15388);
#15388 = DEFINITIONAL_REPRESENTATION('',(#15389),#15393);
#15389 = LINE('',#15390,#15391);
#15390 = CARTESIAN_POINT('',(0.,0.));
#15391 = VECTOR('',#15392,1.);
#15392 = DIRECTION('',(0.,-1.));
#15393 = ( GEOMETRIC_REPRESENTATION_CONTEXT(2) 
PARAMETRIC_REPRESENTATION_CONTEXT() REPRESENTATION_CONTEXT('2D SPACE',''
  ) );
#15394 = PCURVE('',#4087,#15395);
#15395 = DEFINITIONAL_REPRESENTATION('',(#15396),#15400);
#15396 = LINE('',#15397,#15398);
#15397 = CARTESIAN_POINT('',(6.28318530718,0.));
#15398 = VECTOR('',#15399,1.);
#15399 = DIRECTION('',(0.,-1.));
#15400 = ( GEOMETRIC_REPRESENTATION_CONTEXT(2) 
PARAMETRIC_REPRESENTATION_CONTEXT() REPRESENTATION_CONTEXT('2D SPACE',''
  ) );
#15401 = ORIENTED_EDGE('',*,*,#4066,.T.);
#15402 = ORIENTED_EDGE('',*,*,#15381,.F.);
#15403 = ORIENTED_EDGE('',*,*,#10023,.F.);
#15404 = ADVANCED_FACE('',(#15405),#4122,.F.);
#15405 = FACE_BOUND('',#15406,.F.);
#15406 = EDGE_LOOP('',(#15407,#15428,#15429,#15430));
#15407 = ORIENTED_EDGE('',*,*,#15408,.T.);
#15408 = EDGE_CURVE('',#10054,#4102,#15409,.T.);
#15409 = SEAM_CURVE('',#15410,(#15414,#15421),.PCURVE_S1.);
#15410 = LINE('',#15411,#15412);
#15411 = CARTESIAN_POINT('',(60.388,-53.224,-4.6E-02));
#15412 = VECTOR('',#15413,1.);
#15413 = DIRECTION('',(0.,0.,1.));
#15414 = PCURVE('',#4122,#15415);
#15415 = DEFINITIONAL_REPRESENTATION('',(#15416),#15420);
#15416 = LINE('',#15417,#15418);
#15417 = CARTESIAN_POINT('',(0.,0.));
#15418 = VECTOR('',#15419,1.);
#15419 = DIRECTION('',(0.,-1.));
#15420 = ( GEOMETRIC_REPRESENTATION_CONTEXT(2) 
PARAMETRIC_REPRESENTATION_CONTEXT() REPRESENTATION_CONTEXT('2D SPACE',''
  ) );
#15421 = PCURVE('',#4122,#15422);
#15422 = DEFINITIONAL_REPRESENTATION('',(#15423),#15427);
#15423 = LINE('',#15424,#15425);
#15424 = CARTESIAN_POINT('',(6.28318530718,0.));
#15425 = VECTOR('',#15426,1.);
#15426 = DIRECTION('',(0.,-1.));
#15427 = ( GEOMETRIC_REPRESENTATION_CONTEXT(2) 
PARAMETRIC_REPRESENTATION_CONTEXT() REPRESENTATION_CONTEXT('2D SPACE',''
  ) );
#15428 = ORIENTED_EDGE('',*,*,#4101,.T.);
#15429 = ORIENTED_EDGE('',*,*,#15408,.F.);
#15430 = ORIENTED_EDGE('',*,*,#10053,.F.);
#15431 = ADVANCED_FACE('',(#15432),#4157,.F.);
#15432 = FACE_BOUND('',#15433,.F.);
#15433 = EDGE_LOOP('',(#15434,#15455,#15456,#15457));
#15434 = ORIENTED_EDGE('',*,*,#15435,.T.);
#15435 = EDGE_CURVE('',#10084,#4137,#15436,.T.);
#15436 = SEAM_CURVE('',#15437,(#15441,#15448),.PCURVE_S1.);
#15437 = LINE('',#15438,#15439);
#15438 = CARTESIAN_POINT('',(64.938,-57.775,-4.6E-02));
#15439 = VECTOR('',#15440,1.);
#15440 = DIRECTION('',(0.,0.,1.));
#15441 = PCURVE('',#4157,#15442);
#15442 = DEFINITIONAL_REPRESENTATION('',(#15443),#15447);
#15443 = LINE('',#15444,#15445);
#15444 = CARTESIAN_POINT('',(0.,0.));
#15445 = VECTOR('',#15446,1.);
#15446 = DIRECTION('',(0.,-1.));
#15447 = ( GEOMETRIC_REPRESENTATION_CONTEXT(2) 
PARAMETRIC_REPRESENTATION_CONTEXT() REPRESENTATION_CONTEXT('2D SPACE',''
  ) );
#15448 = PCURVE('',#4157,#15449);
#15449 = DEFINITIONAL_REPRESENTATION('',(#15450),#15454);
#15450 = LINE('',#15451,#15452);
#15451 = CARTESIAN_POINT('',(6.28318530718,0.));
#15452 = VECTOR('',#15453,1.);
#15453 = DIRECTION('',(0.,-1.));
#15454 = ( GEOMETRIC_REPRESENTATION_CONTEXT(2) 
PARAMETRIC_REPRESENTATION_CONTEXT() REPRESENTATION_CONTEXT('2D SPACE',''
  ) );
#15455 = ORIENTED_EDGE('',*,*,#4136,.T.);
#15456 = ORIENTED_EDGE('',*,*,#15435,.F.);
#15457 = ORIENTED_EDGE('',*,*,#10083,.F.);
#15458 = ADVANCED_FACE('',(#15459),#4192,.F.);
#15459 = FACE_BOUND('',#15460,.F.);
#15460 = EDGE_LOOP('',(#15461,#15482,#15483,#15484));
#15461 = ORIENTED_EDGE('',*,*,#15462,.T.);
#15462 = EDGE_CURVE('',#10114,#4172,#15463,.T.);
#15463 = SEAM_CURVE('',#15464,(#15468,#15475),.PCURVE_S1.);
#15464 = LINE('',#15465,#15466);
#15465 = CARTESIAN_POINT('',(69.938,-59.875,-4.6E-02));
#15466 = VECTOR('',#15467,1.);
#15467 = DIRECTION('',(0.,0.,1.));
#15468 = PCURVE('',#4192,#15469);
#15469 = DEFINITIONAL_REPRESENTATION('',(#15470),#15474);
#15470 = LINE('',#15471,#15472);
#15471 = CARTESIAN_POINT('',(0.,0.));
#15472 = VECTOR('',#15473,1.);
#15473 = DIRECTION('',(0.,-1.));
#15474 = ( GEOMETRIC_REPRESENTATION_CONTEXT(2) 
PARAMETRIC_REPRESENTATION_CONTEXT() REPRESENTATION_CONTEXT('2D SPACE',''
  ) );
#15475 = PCURVE('',#4192,#15476);
#15476 = DEFINITIONAL_REPRESENTATION('',(#15477),#15481);
#15477 = LINE('',#15478,#15479);
#15478 = CARTESIAN_POINT('',(6.28318530718,0.));
#15479 = VECTOR('',#15480,1.);
#15480 = DIRECTION('',(0.,-1.));
#15481 = ( GEOMETRIC_REPRESENTATION_CONTEXT(2) 
PARAMETRIC_REPRESENTATION_CONTEXT() REPRESENTATION_CONTEXT('2D SPACE',''
  ) );
#15482 = ORIENTED_EDGE('',*,*,#4171,.T.);
#15483 = ORIENTED_EDGE('',*,*,#15462,.F.);
#15484 = ORIENTED_EDGE('',*,*,#10113,.F.);
#15485 = ADVANCED_FACE('',(#15486),#4227,.F.);
#15486 = FACE_BOUND('',#15487,.F.);
#15487 = EDGE_LOOP('',(#15488,#15509,#15510,#15511));
#15488 = ORIENTED_EDGE('',*,*,#15489,.T.);
#15489 = EDGE_CURVE('',#10144,#4207,#15490,.T.);
#15490 = SEAM_CURVE('',#15491,(#15495,#15502),.PCURVE_S1.);
#15491 = LINE('',#15492,#15493);
#15492 = CARTESIAN_POINT('',(74.938,-57.775,-4.6E-02));
#15493 = VECTOR('',#15494,1.);
#15494 = DIRECTION('',(0.,0.,1.));
#15495 = PCURVE('',#4227,#15496);
#15496 = DEFINITIONAL_REPRESENTATION('',(#15497),#15501);
#15497 = LINE('',#15498,#15499);
#15498 = CARTESIAN_POINT('',(0.,0.));
#15499 = VECTOR('',#15500,1.);
#15500 = DIRECTION('',(0.,-1.));
#15501 = ( GEOMETRIC_REPRESENTATION_CONTEXT(2) 
PARAMETRIC_REPRESENTATION_CONTEXT() REPRESENTATION_CONTEXT('2D SPACE',''
  ) );
#15502 = PCURVE('',#4227,#15503);
#15503 = DEFINITIONAL_REPRESENTATION('',(#15504),#15508);
#15504 = LINE('',#15505,#15506);
#15505 = CARTESIAN_POINT('',(6.28318530718,0.));
#15506 = VECTOR('',#15507,1.);
#15507 = DIRECTION('',(0.,-1.));
#15508 = ( GEOMETRIC_REPRESENTATION_CONTEXT(2) 
PARAMETRIC_REPRESENTATION_CONTEXT() REPRESENTATION_CONTEXT('2D SPACE',''
  ) );
#15509 = ORIENTED_EDGE('',*,*,#4206,.T.);
#15510 = ORIENTED_EDGE('',*,*,#15489,.F.);
#15511 = ORIENTED_EDGE('',*,*,#10143,.F.);
#15512 = ADVANCED_FACE('',(#15513),#4262,.F.);
#15513 = FACE_BOUND('',#15514,.F.);
#15514 = EDGE_LOOP('',(#15515,#15536,#15537,#15538));
#15515 = ORIENTED_EDGE('',*,*,#15516,.T.);
#15516 = EDGE_CURVE('',#10174,#4242,#15517,.T.);
#15517 = SEAM_CURVE('',#15518,(#15522,#15529),.PCURVE_S1.);
#15518 = LINE('',#15519,#15520);
#15519 = CARTESIAN_POINT('',(64.438,-54.1909,-4.6E-02));
#15520 = VECTOR('',#15521,1.);
#15521 = DIRECTION('',(0.,0.,1.));
#15522 = PCURVE('',#4262,#15523);
#15523 = DEFINITIONAL_REPRESENTATION('',(#15524),#15528);
#15524 = LINE('',#15525,#15526);
#15525 = CARTESIAN_POINT('',(0.,0.));
#15526 = VECTOR('',#15527,1.);
#15527 = DIRECTION('',(0.,-1.));
#15528 = ( GEOMETRIC_REPRESENTATION_CONTEXT(2) 
PARAMETRIC_REPRESENTATION_CONTEXT() REPRESENTATION_CONTEXT('2D SPACE',''
  ) );
#15529 = PCURVE('',#4262,#15530);
#15530 = DEFINITIONAL_REPRESENTATION('',(#15531),#15535);
#15531 = LINE('',#15532,#15533);
#15532 = CARTESIAN_POINT('',(6.28318530718,0.));
#15533 = VECTOR('',#15534,1.);
#15534 = DIRECTION('',(0.,-1.));
#15535 = ( GEOMETRIC_REPRESENTATION_CONTEXT(2) 
PARAMETRIC_REPRESENTATION_CONTEXT() REPRESENTATION_CONTEXT('2D SPACE',''
  ) );
#15536 = ORIENTED_EDGE('',*,*,#4241,.T.);
#15537 = ORIENTED_EDGE('',*,*,#15516,.F.);
#15538 = ORIENTED_EDGE('',*,*,#10173,.F.);
#15539 = ADVANCED_FACE('',(#15540),#4297,.F.);
#15540 = FACE_BOUND('',#15541,.F.);
#15541 = EDGE_LOOP('',(#15542,#15563,#15564,#15565));
#15542 = ORIENTED_EDGE('',*,*,#15543,.T.);
#15543 = EDGE_CURVE('',#10204,#4277,#15544,.T.);
#15544 = SEAM_CURVE('',#15545,(#15549,#15556),.PCURVE_S1.);
#15545 = LINE('',#15546,#15547);
#15546 = CARTESIAN_POINT('',(69.938,-55.0545,-4.6E-02));
#15547 = VECTOR('',#15548,1.);
#15548 = DIRECTION('',(0.,0.,1.));
#15549 = PCURVE('',#4297,#15550);
#15550 = DEFINITIONAL_REPRESENTATION('',(#15551),#15555);
#15551 = LINE('',#15552,#15553);
#15552 = CARTESIAN_POINT('',(0.,0.));
#15553 = VECTOR('',#15554,1.);
#15554 = DIRECTION('',(0.,-1.));
#15555 = ( GEOMETRIC_REPRESENTATION_CONTEXT(2) 
PARAMETRIC_REPRESENTATION_CONTEXT() REPRESENTATION_CONTEXT('2D SPACE',''
  ) );
#15556 = PCURVE('',#4297,#15557);
#15557 = DEFINITIONAL_REPRESENTATION('',(#15558),#15562);
#15558 = LINE('',#15559,#15560);
#15559 = CARTESIAN_POINT('',(6.28318530718,0.));
#15560 = VECTOR('',#15561,1.);
#15561 = DIRECTION('',(0.,-1.));
#15562 = ( GEOMETRIC_REPRESENTATION_CONTEXT(2) 
PARAMETRIC_REPRESENTATION_CONTEXT() REPRESENTATION_CONTEXT('2D SPACE',''
  ) );
#15563 = ORIENTED_EDGE('',*,*,#4276,.T.);
#15564 = ORIENTED_EDGE('',*,*,#15543,.F.);
#15565 = ORIENTED_EDGE('',*,*,#10203,.F.);
#15566 = ADVANCED_FACE('',(#15567),#4332,.F.);
#15567 = FACE_BOUND('',#15568,.F.);
#15568 = EDGE_LOOP('',(#15569,#15590,#15591,#15592));
#15569 = ORIENTED_EDGE('',*,*,#15570,.T.);
#15570 = EDGE_CURVE('',#10234,#4312,#15571,.T.);
#15571 = SEAM_CURVE('',#15572,(#15576,#15583),.PCURVE_S1.);
#15572 = LINE('',#15573,#15574);
#15573 = CARTESIAN_POINT('',(75.438,-54.1909,-4.6E-02));
#15574 = VECTOR('',#15575,1.);
#15575 = DIRECTION('',(0.,0.,1.));
#15576 = PCURVE('',#4332,#15577);
#15577 = DEFINITIONAL_REPRESENTATION('',(#15578),#15582);
#15578 = LINE('',#15579,#15580);
#15579 = CARTESIAN_POINT('',(0.,0.));
#15580 = VECTOR('',#15581,1.);
#15581 = DIRECTION('',(0.,-1.));
#15582 = ( GEOMETRIC_REPRESENTATION_CONTEXT(2) 
PARAMETRIC_REPRESENTATION_CONTEXT() REPRESENTATION_CONTEXT('2D SPACE',''
  ) );
#15583 = PCURVE('',#4332,#15584);
#15584 = DEFINITIONAL_REPRESENTATION('',(#15585),#15589);
#15585 = LINE('',#15586,#15587);
#15586 = CARTESIAN_POINT('',(6.28318530718,0.));
#15587 = VECTOR('',#15588,1.);
#15588 = DIRECTION('',(0.,-1.));
#15589 = ( GEOMETRIC_REPRESENTATION_CONTEXT(2) 
PARAMETRIC_REPRESENTATION_CONTEXT() REPRESENTATION_CONTEXT('2D SPACE',''
  ) );
#15590 = ORIENTED_EDGE('',*,*,#4311,.T.);
#15591 = ORIENTED_EDGE('',*,*,#15570,.F.);
#15592 = ORIENTED_EDGE('',*,*,#10233,.F.);
#15593 = ADVANCED_FACE('',(#15594),#4367,.F.);
#15594 = FACE_BOUND('',#15595,.F.);
#15595 = EDGE_LOOP('',(#15596,#15617,#15618,#15619));
#15596 = ORIENTED_EDGE('',*,*,#15597,.T.);
#15597 = EDGE_CURVE('',#10264,#4347,#15598,.T.);
#15598 = SEAM_CURVE('',#15599,(#15603,#15610),.PCURVE_S1.);
#15599 = LINE('',#15600,#15601);
#15600 = CARTESIAN_POINT('',(44.485224,-47.278669,-4.6E-02));
#15601 = VECTOR('',#15602,1.);
#15602 = DIRECTION('',(0.,0.,1.));
#15603 = PCURVE('',#4367,#15604);
#15604 = DEFINITIONAL_REPRESENTATION('',(#15605),#15609);
#15605 = LINE('',#15606,#15607);
#15606 = CARTESIAN_POINT('',(0.,0.));
#15607 = VECTOR('',#15608,1.);
#15608 = DIRECTION('',(0.,-1.));
#15609 = ( GEOMETRIC_REPRESENTATION_CONTEXT(2) 
PARAMETRIC_REPRESENTATION_CONTEXT() REPRESENTATION_CONTEXT('2D SPACE',''
  ) );
#15610 = PCURVE('',#4367,#15611);
#15611 = DEFINITIONAL_REPRESENTATION('',(#15612),#15616);
#15612 = LINE('',#15613,#15614);
#15613 = CARTESIAN_POINT('',(6.28318530718,0.));
#15614 = VECTOR('',#15615,1.);
#15615 = DIRECTION('',(0.,-1.));
#15616 = ( GEOMETRIC_REPRESENTATION_CONTEXT(2) 
PARAMETRIC_REPRESENTATION_CONTEXT() REPRESENTATION_CONTEXT('2D SPACE',''
  ) );
#15617 = ORIENTED_EDGE('',*,*,#4346,.T.);
#15618 = ORIENTED_EDGE('',*,*,#15597,.F.);
#15619 = ORIENTED_EDGE('',*,*,#10263,.F.);
#15620 = ADVANCED_FACE('',(#15621),#4402,.F.);
#15621 = FACE_BOUND('',#15622,.F.);
#15622 = EDGE_LOOP('',(#15623,#15644,#15645,#15646));
#15623 = ORIENTED_EDGE('',*,*,#15624,.T.);
#15624 = EDGE_CURVE('',#10294,#4382,#15625,.T.);
#15625 = SEAM_CURVE('',#15626,(#15630,#15637),.PCURVE_S1.);
#15626 = LINE('',#15627,#15628);
#15627 = CARTESIAN_POINT('',(43.721368,-43.738704,-4.6E-02));
#15628 = VECTOR('',#15629,1.);
#15629 = DIRECTION('',(0.,0.,1.));
#15630 = PCURVE('',#4402,#15631);
#15631 = DEFINITIONAL_REPRESENTATION('',(#15632),#15636);
#15632 = LINE('',#15633,#15634);
#15633 = CARTESIAN_POINT('',(0.,0.));
#15634 = VECTOR('',#15635,1.);
#15635 = DIRECTION('',(0.,-1.));
#15636 = ( GEOMETRIC_REPRESENTATION_CONTEXT(2) 
PARAMETRIC_REPRESENTATION_CONTEXT() REPRESENTATION_CONTEXT('2D SPACE',''
  ) );
#15637 = PCURVE('',#4402,#15638);
#15638 = DEFINITIONAL_REPRESENTATION('',(#15639),#15643);
#15639 = LINE('',#15640,#15641);
#15640 = CARTESIAN_POINT('',(6.28318530718,0.));
#15641 = VECTOR('',#15642,1.);
#15642 = DIRECTION('',(0.,-1.));
#15643 = ( GEOMETRIC_REPRESENTATION_CONTEXT(2) 
PARAMETRIC_REPRESENTATION_CONTEXT() REPRESENTATION_CONTEXT('2D SPACE',''
  ) );
#15644 = ORIENTED_EDGE('',*,*,#4381,.T.);
#15645 = ORIENTED_EDGE('',*,*,#15624,.F.);
#15646 = ORIENTED_EDGE('',*,*,#10293,.F.);
#15647 = ADVANCED_FACE('',(#15648),#4437,.F.);
#15648 = FACE_BOUND('',#15649,.F.);
#15649 = EDGE_LOOP('',(#15650,#15671,#15672,#15673));
#15650 = ORIENTED_EDGE('',*,*,#15651,.T.);
#15651 = EDGE_CURVE('',#10324,#4417,#15652,.T.);
#15652 = SEAM_CURVE('',#15653,(#15657,#15664),.PCURVE_S1.);
#15653 = LINE('',#15654,#15655);
#15654 = CARTESIAN_POINT('',(43.707708,-39.173803,-4.6E-02));
#15655 = VECTOR('',#15656,1.);
#15656 = DIRECTION('',(0.,0.,1.));
#15657 = PCURVE('',#4437,#15658);
#15658 = DEFINITIONAL_REPRESENTATION('',(#15659),#15663);
#15659 = LINE('',#15660,#15661);
#15660 = CARTESIAN_POINT('',(0.,0.));
#15661 = VECTOR('',#15662,1.);
#15662 = DIRECTION('',(0.,-1.));
#15663 = ( GEOMETRIC_REPRESENTATION_CONTEXT(2) 
PARAMETRIC_REPRESENTATION_CONTEXT() REPRESENTATION_CONTEXT('2D SPACE',''
  ) );
#15664 = PCURVE('',#4437,#15665);
#15665 = DEFINITIONAL_REPRESENTATION('',(#15666),#15670);
#15666 = LINE('',#15667,#15668);
#15667 = CARTESIAN_POINT('',(6.28318530718,0.));
#15668 = VECTOR('',#15669,1.);
#15669 = DIRECTION('',(0.,-1.));
#15670 = ( GEOMETRIC_REPRESENTATION_CONTEXT(2) 
PARAMETRIC_REPRESENTATION_CONTEXT() REPRESENTATION_CONTEXT('2D SPACE',''
  ) );
#15671 = ORIENTED_EDGE('',*,*,#4416,.T.);
#15672 = ORIENTED_EDGE('',*,*,#15651,.F.);
#15673 = ORIENTED_EDGE('',*,*,#10323,.F.);
#15674 = ADVANCED_FACE('',(#15675),#4472,.F.);
#15675 = FACE_BOUND('',#15676,.F.);
#15676 = EDGE_LOOP('',(#15677,#15698,#15699,#15700));
#15677 = ORIENTED_EDGE('',*,*,#15678,.T.);
#15678 = EDGE_CURVE('',#10354,#4452,#15679,.T.);
#15679 = SEAM_CURVE('',#15680,(#15684,#15691),.PCURVE_S1.);
#15680 = LINE('',#15681,#15682);
#15681 = CARTESIAN_POINT('',(49.619533,-49.024771,-4.6E-02));
#15682 = VECTOR('',#15683,1.);
#15683 = DIRECTION('',(0.,0.,1.));
#15684 = PCURVE('',#4472,#15685);
#15685 = DEFINITIONAL_REPRESENTATION('',(#15686),#15690);
#15686 = LINE('',#15687,#15688);
#15687 = CARTESIAN_POINT('',(0.,0.));
#15688 = VECTOR('',#15689,1.);
#15689 = DIRECTION('',(0.,-1.));
#15690 = ( GEOMETRIC_REPRESENTATION_CONTEXT(2) 
PARAMETRIC_REPRESENTATION_CONTEXT() REPRESENTATION_CONTEXT('2D SPACE',''
  ) );
#15691 = PCURVE('',#4472,#15692);
#15692 = DEFINITIONAL_REPRESENTATION('',(#15693),#15697);
#15693 = LINE('',#15694,#15695);
#15694 = CARTESIAN_POINT('',(6.28318530718,0.));
#15695 = VECTOR('',#15696,1.);
#15696 = DIRECTION('',(0.,-1.));
#15697 = ( GEOMETRIC_REPRESENTATION_CONTEXT(2) 
PARAMETRIC_REPRESENTATION_CONTEXT() REPRESENTATION_CONTEXT('2D SPACE',''
  ) );
#15698 = ORIENTED_EDGE('',*,*,#4451,.T.);
#15699 = ORIENTED_EDGE('',*,*,#15678,.F.);
#15700 = ORIENTED_EDGE('',*,*,#10353,.F.);
#15701 = ADVANCED_FACE('',(#15702),#4507,.F.);
#15702 = FACE_BOUND('',#15703,.F.);
#15703 = EDGE_LOOP('',(#15704,#15725,#15726,#15727));
#15704 = ORIENTED_EDGE('',*,*,#15705,.T.);
#15705 = EDGE_CURVE('',#10384,#4487,#15706,.T.);
#15706 = SEAM_CURVE('',#15707,(#15711,#15718),.PCURVE_S1.);
#15707 = LINE('',#15708,#15709);
#15708 = CARTESIAN_POINT('',(49.20797,-44.218643,-4.6E-02));
#15709 = VECTOR('',#15710,1.);
#15710 = DIRECTION('',(0.,0.,1.));
#15711 = PCURVE('',#4507,#15712);
#15712 = DEFINITIONAL_REPRESENTATION('',(#15713),#15717);
#15713 = LINE('',#15714,#15715);
#15714 = CARTESIAN_POINT('',(0.,0.));
#15715 = VECTOR('',#15716,1.);
#15716 = DIRECTION('',(0.,-1.));
#15717 = ( GEOMETRIC_REPRESENTATION_CONTEXT(2) 
PARAMETRIC_REPRESENTATION_CONTEXT() REPRESENTATION_CONTEXT('2D SPACE',''
  ) );
#15718 = PCURVE('',#4507,#15719);
#15719 = DEFINITIONAL_REPRESENTATION('',(#15720),#15724);
#15720 = LINE('',#15721,#15722);
#15721 = CARTESIAN_POINT('',(6.28318530718,0.));
#15722 = VECTOR('',#15723,1.);
#15723 = DIRECTION('',(0.,-1.));
#15724 = ( GEOMETRIC_REPRESENTATION_CONTEXT(2) 
PARAMETRIC_REPRESENTATION_CONTEXT() REPRESENTATION_CONTEXT('2D SPACE',''
  ) );
#15725 = ORIENTED_EDGE('',*,*,#4486,.T.);
#15726 = ORIENTED_EDGE('',*,*,#15705,.F.);
#15727 = ORIENTED_EDGE('',*,*,#10383,.F.);
#15728 = ADVANCED_FACE('',(#15729),#4542,.F.);
#15729 = FACE_BOUND('',#15730,.F.);
#15730 = EDGE_LOOP('',(#15731,#15752,#15753,#15754));
#15731 = ORIENTED_EDGE('',*,*,#15732,.T.);
#15732 = EDGE_CURVE('',#10414,#4522,#15733,.T.);
#15733 = SEAM_CURVE('',#15734,(#15738,#15745),.PCURVE_S1.);
#15734 = LINE('',#15735,#15736);
#15735 = CARTESIAN_POINT('',(54.694572,-42.971382,-4.6E-02));
#15736 = VECTOR('',#15737,1.);
#15737 = DIRECTION('',(0.,0.,1.));
#15738 = PCURVE('',#4542,#15739);
#15739 = DEFINITIONAL_REPRESENTATION('',(#15740),#15744);
#15740 = LINE('',#15741,#15742);
#15741 = CARTESIAN_POINT('',(0.,0.));
#15742 = VECTOR('',#15743,1.);
#15743 = DIRECTION('',(0.,-1.));
#15744 = ( GEOMETRIC_REPRESENTATION_CONTEXT(2) 
PARAMETRIC_REPRESENTATION_CONTEXT() REPRESENTATION_CONTEXT('2D SPACE',''
  ) );
#15745 = PCURVE('',#4542,#15746);
#15746 = DEFINITIONAL_REPRESENTATION('',(#15747),#15751);
#15747 = LINE('',#15748,#15749);
#15748 = CARTESIAN_POINT('',(6.28318530718,0.));
#15749 = VECTOR('',#15750,1.);
#15750 = DIRECTION('',(0.,-1.));
#15751 = ( GEOMETRIC_REPRESENTATION_CONTEXT(2) 
PARAMETRIC_REPRESENTATION_CONTEXT() REPRESENTATION_CONTEXT('2D SPACE',''
  ) );
#15752 = ORIENTED_EDGE('',*,*,#4521,.T.);
#15753 = ORIENTED_EDGE('',*,*,#15732,.F.);
#15754 = ORIENTED_EDGE('',*,*,#10413,.F.);
#15755 = ADVANCED_FACE('',(#15756),#4577,.F.);
#15756 = FACE_BOUND('',#15757,.F.);
#15757 = EDGE_LOOP('',(#15758,#15779,#15780,#15781));
#15758 = ORIENTED_EDGE('',*,*,#15759,.T.);
#15759 = EDGE_CURVE('',#10444,#4557,#15760,.T.);
#15760 = SEAM_CURVE('',#15761,(#15765,#15772),.PCURVE_S1.);
#15761 = LINE('',#15762,#15763);
#15762 = CARTESIAN_POINT('',(64.718,-49.6353,-4.6E-02));
#15763 = VECTOR('',#15764,1.);
#15764 = DIRECTION('',(0.,0.,1.));
#15765 = PCURVE('',#4577,#15766);
#15766 = DEFINITIONAL_REPRESENTATION('',(#15767),#15771);
#15767 = LINE('',#15768,#15769);
#15768 = CARTESIAN_POINT('',(0.,0.));
#15769 = VECTOR('',#15770,1.);
#15770 = DIRECTION('',(0.,-1.));
#15771 = ( GEOMETRIC_REPRESENTATION_CONTEXT(2) 
PARAMETRIC_REPRESENTATION_CONTEXT() REPRESENTATION_CONTEXT('2D SPACE',''
  ) );
#15772 = PCURVE('',#4577,#15773);
#15773 = DEFINITIONAL_REPRESENTATION('',(#15774),#15778);
#15774 = LINE('',#15775,#15776);
#15775 = CARTESIAN_POINT('',(6.28318530718,0.));
#15776 = VECTOR('',#15777,1.);
#15777 = DIRECTION('',(0.,-1.));
#15778 = ( GEOMETRIC_REPRESENTATION_CONTEXT(2) 
PARAMETRIC_REPRESENTATION_CONTEXT() REPRESENTATION_CONTEXT('2D SPACE',''
  ) );
#15779 = ORIENTED_EDGE('',*,*,#4556,.T.);
#15780 = ORIENTED_EDGE('',*,*,#15759,.F.);
#15781 = ORIENTED_EDGE('',*,*,#10443,.F.);
#15782 = ADVANCED_FACE('',(#15783),#4612,.F.);
#15783 = FACE_BOUND('',#15784,.F.);
#15784 = EDGE_LOOP('',(#15785,#15806,#15807,#15808));
#15785 = ORIENTED_EDGE('',*,*,#15786,.T.);
#15786 = EDGE_CURVE('',#10474,#4592,#15787,.T.);
#15787 = SEAM_CURVE('',#15788,(#15792,#15799),.PCURVE_S1.);
#15788 = LINE('',#15789,#15790);
#15789 = CARTESIAN_POINT('',(75.158,-49.6353,-4.6E-02));
#15790 = VECTOR('',#15791,1.);
#15791 = DIRECTION('',(0.,0.,1.));
#15792 = PCURVE('',#4612,#15793);
#15793 = DEFINITIONAL_REPRESENTATION('',(#15794),#15798);
#15794 = LINE('',#15795,#15796);
#15795 = CARTESIAN_POINT('',(0.,0.));
#15796 = VECTOR('',#15797,1.);
#15797 = DIRECTION('',(0.,-1.));
#15798 = ( GEOMETRIC_REPRESENTATION_CONTEXT(2) 
PARAMETRIC_REPRESENTATION_CONTEXT() REPRESENTATION_CONTEXT('2D SPACE',''
  ) );
#15799 = PCURVE('',#4612,#15800);
#15800 = DEFINITIONAL_REPRESENTATION('',(#15801),#15805);
#15801 = LINE('',#15802,#15803);
#15802 = CARTESIAN_POINT('',(6.28318530718,0.));
#15803 = VECTOR('',#15804,1.);
#15804 = DIRECTION('',(0.,-1.));
#15805 = ( GEOMETRIC_REPRESENTATION_CONTEXT(2) 
PARAMETRIC_REPRESENTATION_CONTEXT() REPRESENTATION_CONTEXT('2D SPACE',''
  ) );
#15806 = ORIENTED_EDGE('',*,*,#4591,.T.);
#15807 = ORIENTED_EDGE('',*,*,#15786,.F.);
#15808 = ORIENTED_EDGE('',*,*,#10473,.F.);
#15809 = ADVANCED_FACE('',(#15810),#4647,.F.);
#15810 = FACE_BOUND('',#15811,.F.);
#15811 = EDGE_LOOP('',(#15812,#15833,#15834,#15835));
#15812 = ORIENTED_EDGE('',*,*,#15813,.T.);
#15813 = EDGE_CURVE('',#10504,#4627,#15814,.T.);
#15814 = SEAM_CURVE('',#15815,(#15819,#15826),.PCURVE_S1.);
#15815 = LINE('',#15816,#15817);
#15816 = CARTESIAN_POINT('',(69.938,-42.759,-4.6E-02));
#15817 = VECTOR('',#15818,1.);
#15818 = DIRECTION('',(0.,0.,1.));
#15819 = PCURVE('',#4647,#15820);
#15820 = DEFINITIONAL_REPRESENTATION('',(#15821),#15825);
#15821 = LINE('',#15822,#15823);
#15822 = CARTESIAN_POINT('',(0.,0.));
#15823 = VECTOR('',#15824,1.);
#15824 = DIRECTION('',(0.,-1.));
#15825 = ( GEOMETRIC_REPRESENTATION_CONTEXT(2) 
PARAMETRIC_REPRESENTATION_CONTEXT() REPRESENTATION_CONTEXT('2D SPACE',''
  ) );
#15826 = PCURVE('',#4647,#15827);
#15827 = DEFINITIONAL_REPRESENTATION('',(#15828),#15832);
#15828 = LINE('',#15829,#15830);
#15829 = CARTESIAN_POINT('',(6.28318530718,0.));
#15830 = VECTOR('',#15831,1.);
#15831 = DIRECTION('',(0.,-1.));
#15832 = ( GEOMETRIC_REPRESENTATION_CONTEXT(2) 
PARAMETRIC_REPRESENTATION_CONTEXT() REPRESENTATION_CONTEXT('2D SPACE',''
  ) );
#15833 = ORIENTED_EDGE('',*,*,#4626,.T.);
#15834 = ORIENTED_EDGE('',*,*,#15813,.F.);
#15835 = ORIENTED_EDGE('',*,*,#10503,.F.);
#15836 = ADVANCED_FACE('',(#15837),#4682,.F.);
#15837 = FACE_BOUND('',#15838,.F.);
#15838 = EDGE_LOOP('',(#15839,#15860,#15861,#15862));
#15839 = ORIENTED_EDGE('',*,*,#15840,.T.);
#15840 = EDGE_CURVE('',#10534,#4662,#15841,.T.);
#15841 = SEAM_CURVE('',#15842,(#15846,#15853),.PCURVE_S1.);
#15842 = LINE('',#15843,#15844);
#15843 = CARTESIAN_POINT('',(54.122277,-38.445545,-4.6E-02));
#15844 = VECTOR('',#15845,1.);
#15845 = DIRECTION('',(0.,0.,1.));
#15846 = PCURVE('',#4682,#15847);
#15847 = DEFINITIONAL_REPRESENTATION('',(#15848),#15852);
#15848 = LINE('',#15849,#15850);
#15849 = CARTESIAN_POINT('',(0.,0.));
#15850 = VECTOR('',#15851,1.);
#15851 = DIRECTION('',(0.,-1.));
#15852 = ( GEOMETRIC_REPRESENTATION_CONTEXT(2) 
PARAMETRIC_REPRESENTATION_CONTEXT() REPRESENTATION_CONTEXT('2D SPACE',''
  ) );
#15853 = PCURVE('',#4682,#15854);
#15854 = DEFINITIONAL_REPRESENTATION('',(#15855),#15859);
#15855 = LINE('',#15856,#15857);
#15856 = CARTESIAN_POINT('',(6.28318530718,0.));
#15857 = VECTOR('',#15858,1.);
#15858 = DIRECTION('',(0.,-1.));
#15859 = ( GEOMETRIC_REPRESENTATION_CONTEXT(2) 
PARAMETRIC_REPRESENTATION_CONTEXT() REPRESENTATION_CONTEXT('2D SPACE',''
  ) );
#15860 = ORIENTED_EDGE('',*,*,#4661,.T.);
#15861 = ORIENTED_EDGE('',*,*,#15840,.F.);
#15862 = ORIENTED_EDGE('',*,*,#10533,.F.);
#15863 = ADVANCED_FACE('',(#15864),#4717,.F.);
#15864 = FACE_BOUND('',#15865,.F.);
#15865 = EDGE_LOOP('',(#15866,#15887,#15888,#15889));
#15866 = ORIENTED_EDGE('',*,*,#15867,.T.);
#15867 = EDGE_CURVE('',#10564,#4697,#15868,.T.);
#15868 = SEAM_CURVE('',#15869,(#15873,#15880),.PCURVE_S1.);
#15869 = LINE('',#15870,#15871);
#15870 = CARTESIAN_POINT('',(64.938,-40.659,-4.6E-02));
#15871 = VECTOR('',#15872,1.);
#15872 = DIRECTION('',(0.,0.,1.));
#15873 = PCURVE('',#4717,#15874);
#15874 = DEFINITIONAL_REPRESENTATION('',(#15875),#15879);
#15875 = LINE('',#15876,#15877);
#15876 = CARTESIAN_POINT('',(0.,0.));
#15877 = VECTOR('',#15878,1.);
#15878 = DIRECTION('',(0.,-1.));
#15879 = ( GEOMETRIC_REPRESENTATION_CONTEXT(2) 
PARAMETRIC_REPRESENTATION_CONTEXT() REPRESENTATION_CONTEXT('2D SPACE',''
  ) );
#15880 = PCURVE('',#4717,#15881);
#15881 = DEFINITIONAL_REPRESENTATION('',(#15882),#15886);
#15882 = LINE('',#15883,#15884);
#15883 = CARTESIAN_POINT('',(6.28318530718,0.));
#15884 = VECTOR('',#15885,1.);
#15885 = DIRECTION('',(0.,-1.));
#15886 = ( GEOMETRIC_REPRESENTATION_CONTEXT(2) 
PARAMETRIC_REPRESENTATION_CONTEXT() REPRESENTATION_CONTEXT('2D SPACE',''
  ) );
#15887 = ORIENTED_EDGE('',*,*,#4696,.T.);
#15888 = ORIENTED_EDGE('',*,*,#15867,.F.);
#15889 = ORIENTED_EDGE('',*,*,#10563,.F.);
#15890 = ADVANCED_FACE('',(#15891),#4752,.F.);
#15891 = FACE_BOUND('',#15892,.F.);
#15892 = EDGE_LOOP('',(#15893,#15914,#15915,#15916));
#15893 = ORIENTED_EDGE('',*,*,#15894,.T.);
#15894 = EDGE_CURVE('',#10594,#4732,#15895,.T.);
#15895 = SEAM_CURVE('',#15896,(#15900,#15907),.PCURVE_S1.);
#15896 = LINE('',#15897,#15898);
#15897 = CARTESIAN_POINT('',(64.438,-37.0749,-4.6E-02));
#15898 = VECTOR('',#15899,1.);
#15899 = DIRECTION('',(0.,0.,1.));
#15900 = PCURVE('',#4752,#15901);
#15901 = DEFINITIONAL_REPRESENTATION('',(#15902),#15906);
#15902 = LINE('',#15903,#15904);
#15903 = CARTESIAN_POINT('',(0.,0.));
#15904 = VECTOR('',#15905,1.);
#15905 = DIRECTION('',(0.,-1.));
#15906 = ( GEOMETRIC_REPRESENTATION_CONTEXT(2) 
PARAMETRIC_REPRESENTATION_CONTEXT() REPRESENTATION_CONTEXT('2D SPACE',''
  ) );
#15907 = PCURVE('',#4752,#15908);
#15908 = DEFINITIONAL_REPRESENTATION('',(#15909),#15913);
#15909 = LINE('',#15910,#15911);
#15910 = CARTESIAN_POINT('',(6.28318530718,0.));
#15911 = VECTOR('',#15912,1.);
#15912 = DIRECTION('',(0.,-1.));
#15913 = ( GEOMETRIC_REPRESENTATION_CONTEXT(2) 
PARAMETRIC_REPRESENTATION_CONTEXT() REPRESENTATION_CONTEXT('2D SPACE',''
  ) );
#15914 = ORIENTED_EDGE('',*,*,#4731,.T.);
#15915 = ORIENTED_EDGE('',*,*,#15894,.F.);
#15916 = ORIENTED_EDGE('',*,*,#10593,.F.);
#15917 = ADVANCED_FACE('',(#15918),#4787,.F.);
#15918 = FACE_BOUND('',#15919,.F.);
#15919 = EDGE_LOOP('',(#15920,#15941,#15942,#15943));
#15920 = ORIENTED_EDGE('',*,*,#15921,.T.);
#15921 = EDGE_CURVE('',#10624,#4767,#15922,.T.);
#15922 = SEAM_CURVE('',#15923,(#15927,#15934),.PCURVE_S1.);
#15923 = LINE('',#15924,#15925);
#15924 = CARTESIAN_POINT('',(69.938,-37.9385,-4.6E-02));
#15925 = VECTOR('',#15926,1.);
#15926 = DIRECTION('',(0.,0.,1.));
#15927 = PCURVE('',#4787,#15928);
#15928 = DEFINITIONAL_REPRESENTATION('',(#15929),#15933);
#15929 = LINE('',#15930,#15931);
#15930 = CARTESIAN_POINT('',(0.,0.));
#15931 = VECTOR('',#15932,1.);
#15932 = DIRECTION('',(0.,-1.));
#15933 = ( GEOMETRIC_REPRESENTATION_CONTEXT(2) 
PARAMETRIC_REPRESENTATION_CONTEXT() REPRESENTATION_CONTEXT('2D SPACE',''
  ) );
#15934 = PCURVE('',#4787,#15935);
#15935 = DEFINITIONAL_REPRESENTATION('',(#15936),#15940);
#15936 = LINE('',#15937,#15938);
#15937 = CARTESIAN_POINT('',(6.28318530718,0.));
#15938 = VECTOR('',#15939,1.);
#15939 = DIRECTION('',(0.,-1.));
#15940 = ( GEOMETRIC_REPRESENTATION_CONTEXT(2) 
PARAMETRIC_REPRESENTATION_CONTEXT() REPRESENTATION_CONTEXT('2D SPACE',''
  ) );
#15941 = ORIENTED_EDGE('',*,*,#4766,.T.);
#15942 = ORIENTED_EDGE('',*,*,#15921,.F.);
#15943 = ORIENTED_EDGE('',*,*,#10623,.F.);
#15944 = ADVANCED_FACE('',(#15945),#4822,.F.);
#15945 = FACE_BOUND('',#15946,.F.);
#15946 = EDGE_LOOP('',(#15947,#15968,#15969,#15970));
#15947 = ORIENTED_EDGE('',*,*,#15948,.T.);
#15948 = EDGE_CURVE('',#10654,#4802,#15949,.T.);
#15949 = SEAM_CURVE('',#15950,(#15954,#15961),.PCURVE_S1.);
#15950 = LINE('',#15951,#15952);
#15951 = CARTESIAN_POINT('',(75.438,-37.0749,-4.6E-02));
#15952 = VECTOR('',#15953,1.);
#15953 = DIRECTION('',(0.,0.,1.));
#15954 = PCURVE('',#4822,#15955);
#15955 = DEFINITIONAL_REPRESENTATION('',(#15956),#15960);
#15956 = LINE('',#15957,#15958);
#15957 = CARTESIAN_POINT('',(0.,0.));
#15958 = VECTOR('',#15959,1.);
#15959 = DIRECTION('',(0.,-1.));
#15960 = ( GEOMETRIC_REPRESENTATION_CONTEXT(2) 
PARAMETRIC_REPRESENTATION_CONTEXT() REPRESENTATION_CONTEXT('2D SPACE',''
  ) );
#15961 = PCURVE('',#4822,#15962);
#15962 = DEFINITIONAL_REPRESENTATION('',(#15963),#15967);
#15963 = LINE('',#15964,#15965);
#15964 = CARTESIAN_POINT('',(6.28318530718,0.));
#15965 = VECTOR('',#15966,1.);
#15966 = DIRECTION('',(0.,-1.));
#15967 = ( GEOMETRIC_REPRESENTATION_CONTEXT(2) 
PARAMETRIC_REPRESENTATION_CONTEXT() REPRESENTATION_CONTEXT('2D SPACE',''
  ) );
#15968 = ORIENTED_EDGE('',*,*,#4801,.T.);
#15969 = ORIENTED_EDGE('',*,*,#15948,.F.);
#15970 = ORIENTED_EDGE('',*,*,#10653,.F.);
#15971 = ADVANCED_FACE('',(#15972),#4857,.F.);
#15972 = FACE_BOUND('',#15973,.F.);
#15973 = EDGE_LOOP('',(#15974,#15995,#15996,#15997));
#15974 = ORIENTED_EDGE('',*,*,#15975,.T.);
#15975 = EDGE_CURVE('',#10684,#4837,#15976,.T.);
#15976 = SEAM_CURVE('',#15977,(#15981,#15988),.PCURVE_S1.);
#15977 = LINE('',#15978,#15979);
#15978 = CARTESIAN_POINT('',(64.718,-32.5193,-4.6E-02));
#15979 = VECTOR('',#15980,1.);
#15980 = DIRECTION('',(0.,0.,1.));
#15981 = PCURVE('',#4857,#15982);
#15982 = DEFINITIONAL_REPRESENTATION('',(#15983),#15987);
#15983 = LINE('',#15984,#15985);
#15984 = CARTESIAN_POINT('',(0.,0.));
#15985 = VECTOR('',#15986,1.);
#15986 = DIRECTION('',(0.,-1.));
#15987 = ( GEOMETRIC_REPRESENTATION_CONTEXT(2) 
PARAMETRIC_REPRESENTATION_CONTEXT() REPRESENTATION_CONTEXT('2D SPACE',''
  ) );
#15988 = PCURVE('',#4857,#15989);
#15989 = DEFINITIONAL_REPRESENTATION('',(#15990),#15994);
#15990 = LINE('',#15991,#15992);
#15991 = CARTESIAN_POINT('',(6.28318530718,0.));
#15992 = VECTOR('',#15993,1.);
#15993 = DIRECTION('',(0.,-1.));
#15994 = ( GEOMETRIC_REPRESENTATION_CONTEXT(2) 
PARAMETRIC_REPRESENTATION_CONTEXT() REPRESENTATION_CONTEXT('2D SPACE',''
  ) );
#15995 = ORIENTED_EDGE('',*,*,#4836,.T.);
#15996 = ORIENTED_EDGE('',*,*,#15975,.F.);
#15997 = ORIENTED_EDGE('',*,*,#10683,.F.);
#15998 = ADVANCED_FACE('',(#15999),#4892,.F.);
#15999 = FACE_BOUND('',#16000,.F.);
#16000 = EDGE_LOOP('',(#16001,#16022,#16023,#16024));
#16001 = ORIENTED_EDGE('',*,*,#16002,.T.);
#16002 = EDGE_CURVE('',#10714,#4872,#16003,.T.);
#16003 = SEAM_CURVE('',#16004,(#16008,#16015),.PCURVE_S1.);
#16004 = LINE('',#16005,#16006);
#16005 = CARTESIAN_POINT('',(75.158,-32.5193,-4.6E-02));
#16006 = VECTOR('',#16007,1.);
#16007 = DIRECTION('',(0.,0.,1.));
#16008 = PCURVE('',#4892,#16009);
#16009 = DEFINITIONAL_REPRESENTATION('',(#16010),#16014);
#16010 = LINE('',#16011,#16012);
#16011 = CARTESIAN_POINT('',(0.,0.));
#16012 = VECTOR('',#16013,1.);
#16013 = DIRECTION('',(0.,-1.));
#16014 = ( GEOMETRIC_REPRESENTATION_CONTEXT(2) 
PARAMETRIC_REPRESENTATION_CONTEXT() REPRESENTATION_CONTEXT('2D SPACE',''
  ) );
#16015 = PCURVE('',#4892,#16016);
#16016 = DEFINITIONAL_REPRESENTATION('',(#16017),#16021);
#16017 = LINE('',#16018,#16019);
#16018 = CARTESIAN_POINT('',(6.28318530718,0.));
#16019 = VECTOR('',#16020,1.);
#16020 = DIRECTION('',(0.,-1.));
#16021 = ( GEOMETRIC_REPRESENTATION_CONTEXT(2) 
PARAMETRIC_REPRESENTATION_CONTEXT() REPRESENTATION_CONTEXT('2D SPACE',''
  ) );
#16022 = ORIENTED_EDGE('',*,*,#4871,.T.);
#16023 = ORIENTED_EDGE('',*,*,#16002,.F.);
#16024 = ORIENTED_EDGE('',*,*,#10713,.F.);
#16025 = ADVANCED_FACE('',(#16026),#4927,.F.);
#16026 = FACE_BOUND('',#16027,.F.);
#16027 = EDGE_LOOP('',(#16028,#16049,#16050,#16051));
#16028 = ORIENTED_EDGE('',*,*,#16029,.T.);
#16029 = EDGE_CURVE('',#10744,#4907,#16030,.T.);
#16030 = SEAM_CURVE('',#16031,(#16035,#16042),.PCURVE_S1.);
#16031 = LINE('',#16032,#16033);
#16032 = CARTESIAN_POINT('',(82.938,-63.109,-4.6E-02));
#16033 = VECTOR('',#16034,1.);
#16034 = DIRECTION('',(0.,0.,1.));
#16035 = PCURVE('',#4927,#16036);
#16036 = DEFINITIONAL_REPRESENTATION('',(#16037),#16041);
#16037 = LINE('',#16038,#16039);
#16038 = CARTESIAN_POINT('',(0.,0.));
#16039 = VECTOR('',#16040,1.);
#16040 = DIRECTION('',(0.,-1.));
#16041 = ( GEOMETRIC_REPRESENTATION_CONTEXT(2) 
PARAMETRIC_REPRESENTATION_CONTEXT() REPRESENTATION_CONTEXT('2D SPACE',''
  ) );
#16042 = PCURVE('',#4927,#16043);
#16043 = DEFINITIONAL_REPRESENTATION('',(#16044),#16048);
#16044 = LINE('',#16045,#16046);
#16045 = CARTESIAN_POINT('',(6.28318530718,0.));
#16046 = VECTOR('',#16047,1.);
#16047 = DIRECTION('',(0.,-1.));
#16048 = ( GEOMETRIC_REPRESENTATION_CONTEXT(2) 
PARAMETRIC_REPRESENTATION_CONTEXT() REPRESENTATION_CONTEXT('2D SPACE',''
  ) );
#16049 = ORIENTED_EDGE('',*,*,#4906,.T.);
#16050 = ORIENTED_EDGE('',*,*,#16029,.F.);
#16051 = ORIENTED_EDGE('',*,*,#10743,.F.);
#16052 = ADVANCED_FACE('',(#16053),#4962,.F.);
#16053 = FACE_BOUND('',#16054,.F.);
#16054 = EDGE_LOOP('',(#16055,#16076,#16077,#16078));
#16055 = ORIENTED_EDGE('',*,*,#16056,.T.);
#16056 = EDGE_CURVE('',#10774,#4942,#16057,.T.);
#16057 = SEAM_CURVE('',#16058,(#16062,#16069),.PCURVE_S1.);
#16058 = LINE('',#16059,#16060);
#16059 = CARTESIAN_POINT('',(87.938,-65.209,-4.6E-02));
#16060 = VECTOR('',#16061,1.);
#16061 = DIRECTION('',(0.,0.,1.));
#16062 = PCURVE('',#4962,#16063);
#16063 = DEFINITIONAL_REPRESENTATION('',(#16064),#16068);
#16064 = LINE('',#16065,#16066);
#16065 = CARTESIAN_POINT('',(0.,0.));
#16066 = VECTOR('',#16067,1.);
#16067 = DIRECTION('',(0.,-1.));
#16068 = ( GEOMETRIC_REPRESENTATION_CONTEXT(2) 
PARAMETRIC_REPRESENTATION_CONTEXT() REPRESENTATION_CONTEXT('2D SPACE',''
  ) );
#16069 = PCURVE('',#4962,#16070);
#16070 = DEFINITIONAL_REPRESENTATION('',(#16071),#16075);
#16071 = LINE('',#16072,#16073);
#16072 = CARTESIAN_POINT('',(6.28318530718,0.));
#16073 = VECTOR('',#16074,1.);
#16074 = DIRECTION('',(0.,-1.));
#16075 = ( GEOMETRIC_REPRESENTATION_CONTEXT(2) 
PARAMETRIC_REPRESENTATION_CONTEXT() REPRESENTATION_CONTEXT('2D SPACE',''
  ) );
#16076 = ORIENTED_EDGE('',*,*,#4941,.T.);
#16077 = ORIENTED_EDGE('',*,*,#16056,.F.);
#16078 = ORIENTED_EDGE('',*,*,#10773,.F.);
#16079 = ADVANCED_FACE('',(#16080),#4997,.F.);
#16080 = FACE_BOUND('',#16081,.F.);
#16081 = EDGE_LOOP('',(#16082,#16103,#16104,#16105));
#16082 = ORIENTED_EDGE('',*,*,#16083,.T.);
#16083 = EDGE_CURVE('',#10804,#4977,#16084,.T.);
#16084 = SEAM_CURVE('',#16085,(#16089,#16096),.PCURVE_S1.);
#16085 = LINE('',#16086,#16087);
#16086 = CARTESIAN_POINT('',(100.918,-65.649,-4.6E-02));
#16087 = VECTOR('',#16088,1.);
#16088 = DIRECTION('',(0.,0.,1.));
#16089 = PCURVE('',#4997,#16090);
#16090 = DEFINITIONAL_REPRESENTATION('',(#16091),#16095);
#16091 = LINE('',#16092,#16093);
#16092 = CARTESIAN_POINT('',(0.,0.));
#16093 = VECTOR('',#16094,1.);
#16094 = DIRECTION('',(0.,-1.));
#16095 = ( GEOMETRIC_REPRESENTATION_CONTEXT(2) 
PARAMETRIC_REPRESENTATION_CONTEXT() REPRESENTATION_CONTEXT('2D SPACE',''
  ) );
#16096 = PCURVE('',#4997,#16097);
#16097 = DEFINITIONAL_REPRESENTATION('',(#16098),#16102);
#16098 = LINE('',#16099,#16100);
#16099 = CARTESIAN_POINT('',(6.28318530718,0.));
#16100 = VECTOR('',#16101,1.);
#16101 = DIRECTION('',(0.,-1.));
#16102 = ( GEOMETRIC_REPRESENTATION_CONTEXT(2) 
PARAMETRIC_REPRESENTATION_CONTEXT() REPRESENTATION_CONTEXT('2D SPACE',''
  ) );
#16103 = ORIENTED_EDGE('',*,*,#4976,.T.);
#16104 = ORIENTED_EDGE('',*,*,#16083,.F.);
#16105 = ORIENTED_EDGE('',*,*,#10803,.F.);
#16106 = ADVANCED_FACE('',(#16107),#5032,.F.);
#16107 = FACE_BOUND('',#16108,.F.);
#16108 = EDGE_LOOP('',(#16109,#16130,#16131,#16132));
#16109 = ORIENTED_EDGE('',*,*,#16110,.T.);
#16110 = EDGE_CURVE('',#10834,#5012,#16111,.T.);
#16111 = SEAM_CURVE('',#16112,(#16116,#16123),.PCURVE_S1.);
#16112 = LINE('',#16113,#16114);
#16113 = CARTESIAN_POINT('',(100.418,-62.0649,-4.6E-02));
#16114 = VECTOR('',#16115,1.);
#16115 = DIRECTION('',(0.,0.,1.));
#16116 = PCURVE('',#5032,#16117);
#16117 = DEFINITIONAL_REPRESENTATION('',(#16118),#16122);
#16118 = LINE('',#16119,#16120);
#16119 = CARTESIAN_POINT('',(0.,0.));
#16120 = VECTOR('',#16121,1.);
#16121 = DIRECTION('',(0.,-1.));
#16122 = ( GEOMETRIC_REPRESENTATION_CONTEXT(2) 
PARAMETRIC_REPRESENTATION_CONTEXT() REPRESENTATION_CONTEXT('2D SPACE',''
  ) );
#16123 = PCURVE('',#5032,#16124);
#16124 = DEFINITIONAL_REPRESENTATION('',(#16125),#16129);
#16125 = LINE('',#16126,#16127);
#16126 = CARTESIAN_POINT('',(6.28318530718,0.));
#16127 = VECTOR('',#16128,1.);
#16128 = DIRECTION('',(0.,-1.));
#16129 = ( GEOMETRIC_REPRESENTATION_CONTEXT(2) 
PARAMETRIC_REPRESENTATION_CONTEXT() REPRESENTATION_CONTEXT('2D SPACE',''
  ) );
#16130 = ORIENTED_EDGE('',*,*,#5011,.T.);
#16131 = ORIENTED_EDGE('',*,*,#16110,.F.);
#16132 = ORIENTED_EDGE('',*,*,#10833,.F.);
#16133 = ADVANCED_FACE('',(#16134),#5067,.F.);
#16134 = FACE_BOUND('',#16135,.F.);
#16135 = EDGE_LOOP('',(#16136,#16157,#16158,#16159));
#16136 = ORIENTED_EDGE('',*,*,#16137,.T.);
#16137 = EDGE_CURVE('',#10864,#5047,#16138,.T.);
#16138 = SEAM_CURVE('',#16139,(#16143,#16150),.PCURVE_S1.);
#16139 = LINE('',#16140,#16141);
#16140 = CARTESIAN_POINT('',(82.438,-59.5249,-4.6E-02));
#16141 = VECTOR('',#16142,1.);
#16142 = DIRECTION('',(0.,0.,1.));
#16143 = PCURVE('',#5067,#16144);
#16144 = DEFINITIONAL_REPRESENTATION('',(#16145),#16149);
#16145 = LINE('',#16146,#16147);
#16146 = CARTESIAN_POINT('',(0.,0.));
#16147 = VECTOR('',#16148,1.);
#16148 = DIRECTION('',(0.,-1.));
#16149 = ( GEOMETRIC_REPRESENTATION_CONTEXT(2) 
PARAMETRIC_REPRESENTATION_CONTEXT() REPRESENTATION_CONTEXT('2D SPACE',''
  ) );
#16150 = PCURVE('',#5067,#16151);
#16151 = DEFINITIONAL_REPRESENTATION('',(#16152),#16156);
#16152 = LINE('',#16153,#16154);
#16153 = CARTESIAN_POINT('',(6.28318530718,0.));
#16154 = VECTOR('',#16155,1.);
#16155 = DIRECTION('',(0.,-1.));
#16156 = ( GEOMETRIC_REPRESENTATION_CONTEXT(2) 
PARAMETRIC_REPRESENTATION_CONTEXT() REPRESENTATION_CONTEXT('2D SPACE',''
  ) );
#16157 = ORIENTED_EDGE('',*,*,#5046,.T.);
#16158 = ORIENTED_EDGE('',*,*,#16137,.F.);
#16159 = ORIENTED_EDGE('',*,*,#10863,.F.);
#16160 = ADVANCED_FACE('',(#16161),#5102,.F.);
#16161 = FACE_BOUND('',#16162,.F.);
#16162 = EDGE_LOOP('',(#16163,#16184,#16185,#16186));
#16163 = ORIENTED_EDGE('',*,*,#16164,.T.);
#16164 = EDGE_CURVE('',#10894,#5082,#16165,.T.);
#16165 = SEAM_CURVE('',#16166,(#16170,#16177),.PCURVE_S1.);
#16166 = LINE('',#16167,#16168);
#16167 = CARTESIAN_POINT('',(87.938,-60.3885,-4.6E-02));
#16168 = VECTOR('',#16169,1.);
#16169 = DIRECTION('',(0.,0.,1.));
#16170 = PCURVE('',#5102,#16171);
#16171 = DEFINITIONAL_REPRESENTATION('',(#16172),#16176);
#16172 = LINE('',#16173,#16174);
#16173 = CARTESIAN_POINT('',(0.,0.));
#16174 = VECTOR('',#16175,1.);
#16175 = DIRECTION('',(0.,-1.));
#16176 = ( GEOMETRIC_REPRESENTATION_CONTEXT(2) 
PARAMETRIC_REPRESENTATION_CONTEXT() REPRESENTATION_CONTEXT('2D SPACE',''
  ) );
#16177 = PCURVE('',#5102,#16178);
#16178 = DEFINITIONAL_REPRESENTATION('',(#16179),#16183);
#16179 = LINE('',#16180,#16181);
#16180 = CARTESIAN_POINT('',(6.28318530718,0.));
#16181 = VECTOR('',#16182,1.);
#16182 = DIRECTION('',(0.,-1.));
#16183 = ( GEOMETRIC_REPRESENTATION_CONTEXT(2) 
PARAMETRIC_REPRESENTATION_CONTEXT() REPRESENTATION_CONTEXT('2D SPACE',''
  ) );
#16184 = ORIENTED_EDGE('',*,*,#5081,.T.);
#16185 = ORIENTED_EDGE('',*,*,#16164,.F.);
#16186 = ORIENTED_EDGE('',*,*,#10893,.F.);
#16187 = ADVANCED_FACE('',(#16188),#5137,.F.);
#16188 = FACE_BOUND('',#16189,.F.);
#16189 = EDGE_LOOP('',(#16190,#16211,#16212,#16213));
#16190 = ORIENTED_EDGE('',*,*,#16191,.T.);
#16191 = EDGE_CURVE('',#10924,#5117,#16192,.T.);
#16192 = SEAM_CURVE('',#16193,(#16197,#16204),.PCURVE_S1.);
#16193 = LINE('',#16194,#16195);
#16194 = CARTESIAN_POINT('',(82.718,-54.9693,-4.6E-02));
#16195 = VECTOR('',#16196,1.);
#16196 = DIRECTION('',(0.,0.,1.));
#16197 = PCURVE('',#5137,#16198);
#16198 = DEFINITIONAL_REPRESENTATION('',(#16199),#16203);
#16199 = LINE('',#16200,#16201);
#16200 = CARTESIAN_POINT('',(0.,0.));
#16201 = VECTOR('',#16202,1.);
#16202 = DIRECTION('',(0.,-1.));
#16203 = ( GEOMETRIC_REPRESENTATION_CONTEXT(2) 
PARAMETRIC_REPRESENTATION_CONTEXT() REPRESENTATION_CONTEXT('2D SPACE',''
  ) );
#16204 = PCURVE('',#5137,#16205);
#16205 = DEFINITIONAL_REPRESENTATION('',(#16206),#16210);
#16206 = LINE('',#16207,#16208);
#16207 = CARTESIAN_POINT('',(6.28318530718,0.));
#16208 = VECTOR('',#16209,1.);
#16209 = DIRECTION('',(0.,-1.));
#16210 = ( GEOMETRIC_REPRESENTATION_CONTEXT(2) 
PARAMETRIC_REPRESENTATION_CONTEXT() REPRESENTATION_CONTEXT('2D SPACE',''
  ) );
#16211 = ORIENTED_EDGE('',*,*,#5116,.T.);
#16212 = ORIENTED_EDGE('',*,*,#16191,.F.);
#16213 = ORIENTED_EDGE('',*,*,#10923,.F.);
#16214 = ADVANCED_FACE('',(#16215),#5172,.F.);
#16215 = FACE_BOUND('',#16216,.F.);
#16216 = EDGE_LOOP('',(#16217,#16238,#16239,#16240));
#16217 = ORIENTED_EDGE('',*,*,#16218,.T.);
#16218 = EDGE_CURVE('',#10954,#5152,#16219,.T.);
#16219 = SEAM_CURVE('',#16220,(#16224,#16231),.PCURVE_S1.);
#16220 = LINE('',#16221,#16222);
#16221 = CARTESIAN_POINT('',(93.438,-59.5249,-4.6E-02));
#16222 = VECTOR('',#16223,1.);
#16223 = DIRECTION('',(0.,0.,1.));
#16224 = PCURVE('',#5172,#16225);
#16225 = DEFINITIONAL_REPRESENTATION('',(#16226),#16230);
#16226 = LINE('',#16227,#16228);
#16227 = CARTESIAN_POINT('',(0.,0.));
#16228 = VECTOR('',#16229,1.);
#16229 = DIRECTION('',(0.,-1.));
#16230 = ( GEOMETRIC_REPRESENTATION_CONTEXT(2) 
PARAMETRIC_REPRESENTATION_CONTEXT() REPRESENTATION_CONTEXT('2D SPACE',''
  ) );
#16231 = PCURVE('',#5172,#16232);
#16232 = DEFINITIONAL_REPRESENTATION('',(#16233),#16237);
#16233 = LINE('',#16234,#16235);
#16234 = CARTESIAN_POINT('',(6.28318530718,0.));
#16235 = VECTOR('',#16236,1.);
#16236 = DIRECTION('',(0.,-1.));
#16237 = ( GEOMETRIC_REPRESENTATION_CONTEXT(2) 
PARAMETRIC_REPRESENTATION_CONTEXT() REPRESENTATION_CONTEXT('2D SPACE',''
  ) );
#16238 = ORIENTED_EDGE('',*,*,#5151,.T.);
#16239 = ORIENTED_EDGE('',*,*,#16218,.F.);
#16240 = ORIENTED_EDGE('',*,*,#10953,.F.);
#16241 = ADVANCED_FACE('',(#16242),#5207,.F.);
#16242 = FACE_BOUND('',#16243,.F.);
#16243 = EDGE_LOOP('',(#16244,#16265,#16266,#16267));
#16244 = ORIENTED_EDGE('',*,*,#16245,.T.);
#16245 = EDGE_CURVE('',#10984,#5187,#16246,.T.);
#16246 = SEAM_CURVE('',#16247,(#16251,#16258),.PCURVE_S1.);
#16247 = LINE('',#16248,#16249);
#16248 = CARTESIAN_POINT('',(100.698,-57.5093,-4.6E-02));
#16249 = VECTOR('',#16250,1.);
#16250 = DIRECTION('',(0.,0.,1.));
#16251 = PCURVE('',#5207,#16252);
#16252 = DEFINITIONAL_REPRESENTATION('',(#16253),#16257);
#16253 = LINE('',#16254,#16255);
#16254 = CARTESIAN_POINT('',(0.,0.));
#16255 = VECTOR('',#16256,1.);
#16256 = DIRECTION('',(0.,-1.));
#16257 = ( GEOMETRIC_REPRESENTATION_CONTEXT(2) 
PARAMETRIC_REPRESENTATION_CONTEXT() REPRESENTATION_CONTEXT('2D SPACE',''
  ) );
#16258 = PCURVE('',#5207,#16259);
#16259 = DEFINITIONAL_REPRESENTATION('',(#16260),#16264);
#16260 = LINE('',#16261,#16262);
#16261 = CARTESIAN_POINT('',(6.28318530718,0.));
#16262 = VECTOR('',#16263,1.);
#16263 = DIRECTION('',(0.,-1.));
#16264 = ( GEOMETRIC_REPRESENTATION_CONTEXT(2) 
PARAMETRIC_REPRESENTATION_CONTEXT() REPRESENTATION_CONTEXT('2D SPACE',''
  ) );
#16265 = ORIENTED_EDGE('',*,*,#5186,.T.);
#16266 = ORIENTED_EDGE('',*,*,#16245,.F.);
#16267 = ORIENTED_EDGE('',*,*,#10983,.F.);
#16268 = ADVANCED_FACE('',(#16269),#5242,.F.);
#16269 = FACE_BOUND('',#16270,.F.);
#16270 = EDGE_LOOP('',(#16271,#16292,#16293,#16294));
#16271 = ORIENTED_EDGE('',*,*,#16272,.T.);
#16272 = EDGE_CURVE('',#11014,#5222,#16273,.T.);
#16273 = SEAM_CURVE('',#16274,(#16278,#16285),.PCURVE_S1.);
#16274 = LINE('',#16275,#16276);
#16275 = CARTESIAN_POINT('',(93.158,-54.9693,-4.6E-02));
#16276 = VECTOR('',#16277,1.);
#16277 = DIRECTION('',(0.,0.,1.));
#16278 = PCURVE('',#5242,#16279);
#16279 = DEFINITIONAL_REPRESENTATION('',(#16280),#16284);
#16280 = LINE('',#16281,#16282);
#16281 = CARTESIAN_POINT('',(0.,0.));
#16282 = VECTOR('',#16283,1.);
#16283 = DIRECTION('',(0.,-1.));
#16284 = ( GEOMETRIC_REPRESENTATION_CONTEXT(2) 
PARAMETRIC_REPRESENTATION_CONTEXT() REPRESENTATION_CONTEXT('2D SPACE',''
  ) );
#16285 = PCURVE('',#5242,#16286);
#16286 = DEFINITIONAL_REPRESENTATION('',(#16287),#16291);
#16287 = LINE('',#16288,#16289);
#16288 = CARTESIAN_POINT('',(6.28318530718,0.));
#16289 = VECTOR('',#16290,1.);
#16290 = DIRECTION('',(0.,-1.));
#16291 = ( GEOMETRIC_REPRESENTATION_CONTEXT(2) 
PARAMETRIC_REPRESENTATION_CONTEXT() REPRESENTATION_CONTEXT('2D SPACE',''
  ) );
#16292 = ORIENTED_EDGE('',*,*,#5221,.T.);
#16293 = ORIENTED_EDGE('',*,*,#16272,.F.);
#16294 = ORIENTED_EDGE('',*,*,#11013,.F.);
#16295 = ADVANCED_FACE('',(#16296),#5277,.F.);
#16296 = FACE_BOUND('',#16297,.F.);
#16297 = EDGE_LOOP('',(#16298,#16319,#16320,#16321));
#16298 = ORIENTED_EDGE('',*,*,#16299,.T.);
#16299 = EDGE_CURVE('',#11044,#5257,#16300,.T.);
#16300 = SEAM_CURVE('',#16301,(#16305,#16312),.PCURVE_S1.);
#16301 = LINE('',#16302,#16303);
#16302 = CARTESIAN_POINT('',(98.488,-53.224,-4.6E-02));
#16303 = VECTOR('',#16304,1.);
#16304 = DIRECTION('',(0.,0.,1.));
#16305 = PCURVE('',#5277,#16306);
#16306 = DEFINITIONAL_REPRESENTATION('',(#16307),#16311);
#16307 = LINE('',#16308,#16309);
#16308 = CARTESIAN_POINT('',(0.,0.));
#16309 = VECTOR('',#16310,1.);
#16310 = DIRECTION('',(0.,-1.));
#16311 = ( GEOMETRIC_REPRESENTATION_CONTEXT(2) 
PARAMETRIC_REPRESENTATION_CONTEXT() REPRESENTATION_CONTEXT('2D SPACE',''
  ) );
#16312 = PCURVE('',#5277,#16313);
#16313 = DEFINITIONAL_REPRESENTATION('',(#16314),#16318);
#16314 = LINE('',#16315,#16316);
#16315 = CARTESIAN_POINT('',(6.28318530718,0.));
#16316 = VECTOR('',#16317,1.);
#16317 = DIRECTION('',(0.,-1.));
#16318 = ( GEOMETRIC_REPRESENTATION_CONTEXT(2) 
PARAMETRIC_REPRESENTATION_CONTEXT() REPRESENTATION_CONTEXT('2D SPACE',''
  ) );
#16319 = ORIENTED_EDGE('',*,*,#5256,.T.);
#16320 = ORIENTED_EDGE('',*,*,#16299,.F.);
#16321 = ORIENTED_EDGE('',*,*,#11043,.F.);
#16322 = ADVANCED_FACE('',(#16323),#5312,.F.);
#16323 = FACE_BOUND('',#16324,.F.);
#16324 = EDGE_LOOP('',(#16325,#16346,#16347,#16348));
#16325 = ORIENTED_EDGE('',*,*,#16326,.T.);
#16326 = EDGE_CURVE('',#11074,#5292,#16327,.T.);
#16327 = SEAM_CURVE('',#16328,(#16332,#16339),.PCURVE_S1.);
#16328 = LINE('',#16329,#16330);
#16329 = CARTESIAN_POINT('',(105.918,-67.749,-4.6E-02));
#16330 = VECTOR('',#16331,1.);
#16331 = DIRECTION('',(0.,0.,1.));
#16332 = PCURVE('',#5312,#16333);
#16333 = DEFINITIONAL_REPRESENTATION('',(#16334),#16338);
#16334 = LINE('',#16335,#16336);
#16335 = CARTESIAN_POINT('',(0.,0.));
#16336 = VECTOR('',#16337,1.);
#16337 = DIRECTION('',(0.,-1.));
#16338 = ( GEOMETRIC_REPRESENTATION_CONTEXT(2) 
PARAMETRIC_REPRESENTATION_CONTEXT() REPRESENTATION_CONTEXT('2D SPACE',''
  ) );
#16339 = PCURVE('',#5312,#16340);
#16340 = DEFINITIONAL_REPRESENTATION('',(#16341),#16345);
#16341 = LINE('',#16342,#16343);
#16342 = CARTESIAN_POINT('',(6.28318530718,0.));
#16343 = VECTOR('',#16344,1.);
#16344 = DIRECTION('',(0.,-1.));
#16345 = ( GEOMETRIC_REPRESENTATION_CONTEXT(2) 
PARAMETRIC_REPRESENTATION_CONTEXT() REPRESENTATION_CONTEXT('2D SPACE',''
  ) );
#16346 = ORIENTED_EDGE('',*,*,#5291,.T.);
#16347 = ORIENTED_EDGE('',*,*,#16326,.F.);
#16348 = ORIENTED_EDGE('',*,*,#11073,.F.);
#16349 = ADVANCED_FACE('',(#16350),#5347,.F.);
#16350 = FACE_BOUND('',#16351,.F.);
#16351 = EDGE_LOOP('',(#16352,#16373,#16374,#16375));
#16352 = ORIENTED_EDGE('',*,*,#16353,.T.);
#16353 = EDGE_CURVE('',#11104,#5327,#16354,.T.);
#16354 = SEAM_CURVE('',#16355,(#16359,#16366),.PCURVE_S1.);
#16355 = LINE('',#16356,#16357);
#16356 = CARTESIAN_POINT('',(117.0974,-69.5104,-4.6E-02));
#16357 = VECTOR('',#16358,1.);
#16358 = DIRECTION('',(0.,0.,1.));
#16359 = PCURVE('',#5347,#16360);
#16360 = DEFINITIONAL_REPRESENTATION('',(#16361),#16365);
#16361 = LINE('',#16362,#16363);
#16362 = CARTESIAN_POINT('',(0.,0.));
#16363 = VECTOR('',#16364,1.);
#16364 = DIRECTION('',(0.,-1.));
#16365 = ( GEOMETRIC_REPRESENTATION_CONTEXT(2) 
PARAMETRIC_REPRESENTATION_CONTEXT() REPRESENTATION_CONTEXT('2D SPACE',''
  ) );
#16366 = PCURVE('',#5347,#16367);
#16367 = DEFINITIONAL_REPRESENTATION('',(#16368),#16372);
#16368 = LINE('',#16369,#16370);
#16369 = CARTESIAN_POINT('',(6.28318530718,0.));
#16370 = VECTOR('',#16371,1.);
#16371 = DIRECTION('',(0.,-1.));
#16372 = ( GEOMETRIC_REPRESENTATION_CONTEXT(2) 
PARAMETRIC_REPRESENTATION_CONTEXT() REPRESENTATION_CONTEXT('2D SPACE',''
  ) );
#16373 = ORIENTED_EDGE('',*,*,#5326,.T.);
#16374 = ORIENTED_EDGE('',*,*,#16353,.F.);
#16375 = ORIENTED_EDGE('',*,*,#11103,.F.);
#16376 = ADVANCED_FACE('',(#16377),#5382,.F.);
#16377 = FACE_BOUND('',#16378,.F.);
#16378 = EDGE_LOOP('',(#16379,#16400,#16401,#16402));
#16379 = ORIENTED_EDGE('',*,*,#16380,.T.);
#16380 = EDGE_CURVE('',#11134,#5362,#16381,.T.);
#16381 = SEAM_CURVE('',#16382,(#16386,#16393),.PCURVE_S1.);
#16382 = LINE('',#16383,#16384);
#16383 = CARTESIAN_POINT('',(117.0974,-66.9704,-4.6E-02));
#16384 = VECTOR('',#16385,1.);
#16385 = DIRECTION('',(0.,0.,1.));
#16386 = PCURVE('',#5382,#16387);
#16387 = DEFINITIONAL_REPRESENTATION('',(#16388),#16392);
#16388 = LINE('',#16389,#16390);
#16389 = CARTESIAN_POINT('',(0.,0.));
#16390 = VECTOR('',#16391,1.);
#16391 = DIRECTION('',(0.,-1.));
#16392 = ( GEOMETRIC_REPRESENTATION_CONTEXT(2) 
PARAMETRIC_REPRESENTATION_CONTEXT() REPRESENTATION_CONTEXT('2D SPACE',''
  ) );
#16393 = PCURVE('',#5382,#16394);
#16394 = DEFINITIONAL_REPRESENTATION('',(#16395),#16399);
#16395 = LINE('',#16396,#16397);
#16396 = CARTESIAN_POINT('',(6.28318530718,0.));
#16397 = VECTOR('',#16398,1.);
#16398 = DIRECTION('',(0.,-1.));
#16399 = ( GEOMETRIC_REPRESENTATION_CONTEXT(2) 
PARAMETRIC_REPRESENTATION_CONTEXT() REPRESENTATION_CONTEXT('2D SPACE',''
  ) );
#16400 = ORIENTED_EDGE('',*,*,#5361,.T.);
#16401 = ORIENTED_EDGE('',*,*,#16380,.F.);
#16402 = ORIENTED_EDGE('',*,*,#11133,.F.);
#16403 = ADVANCED_FACE('',(#16404),#5417,.F.);
#16404 = FACE_BOUND('',#16405,.F.);
#16405 = EDGE_LOOP('',(#16406,#16427,#16428,#16429));
#16406 = ORIENTED_EDGE('',*,*,#16407,.T.);
#16407 = EDGE_CURVE('',#11164,#5397,#16408,.T.);
#16408 = SEAM_CURVE('',#16409,(#16413,#16420),.PCURVE_S1.);
#16409 = LINE('',#16410,#16411);
#16410 = CARTESIAN_POINT('',(105.918,-62.9285,-4.6E-02));
#16411 = VECTOR('',#16412,1.);
#16412 = DIRECTION('',(0.,0.,1.));
#16413 = PCURVE('',#5417,#16414);
#16414 = DEFINITIONAL_REPRESENTATION('',(#16415),#16419);
#16415 = LINE('',#16416,#16417);
#16416 = CARTESIAN_POINT('',(0.,0.));
#16417 = VECTOR('',#16418,1.);
#16418 = DIRECTION('',(0.,-1.));
#16419 = ( GEOMETRIC_REPRESENTATION_CONTEXT(2) 
PARAMETRIC_REPRESENTATION_CONTEXT() REPRESENTATION_CONTEXT('2D SPACE',''
  ) );
#16420 = PCURVE('',#5417,#16421);
#16421 = DEFINITIONAL_REPRESENTATION('',(#16422),#16426);
#16422 = LINE('',#16423,#16424);
#16423 = CARTESIAN_POINT('',(6.28318530718,0.));
#16424 = VECTOR('',#16425,1.);
#16425 = DIRECTION('',(0.,-1.));
#16426 = ( GEOMETRIC_REPRESENTATION_CONTEXT(2) 
PARAMETRIC_REPRESENTATION_CONTEXT() REPRESENTATION_CONTEXT('2D SPACE',''
  ) );
#16427 = ORIENTED_EDGE('',*,*,#5396,.T.);
#16428 = ORIENTED_EDGE('',*,*,#16407,.F.);
#16429 = ORIENTED_EDGE('',*,*,#11163,.F.);
#16430 = ADVANCED_FACE('',(#16431),#5452,.F.);
#16431 = FACE_BOUND('',#16432,.F.);
#16432 = EDGE_LOOP('',(#16433,#16454,#16455,#16456));
#16433 = ORIENTED_EDGE('',*,*,#16434,.T.);
#16434 = EDGE_CURVE('',#11194,#5432,#16435,.T.);
#16435 = SEAM_CURVE('',#16436,(#16440,#16447),.PCURVE_S1.);
#16436 = LINE('',#16437,#16438);
#16437 = CARTESIAN_POINT('',(111.418,-62.0649,-4.6E-02));
#16438 = VECTOR('',#16439,1.);
#16439 = DIRECTION('',(0.,0.,1.));
#16440 = PCURVE('',#5452,#16441);
#16441 = DEFINITIONAL_REPRESENTATION('',(#16442),#16446);
#16442 = LINE('',#16443,#16444);
#16443 = CARTESIAN_POINT('',(0.,0.));
#16444 = VECTOR('',#16445,1.);
#16445 = DIRECTION('',(0.,-1.));
#16446 = ( GEOMETRIC_REPRESENTATION_CONTEXT(2) 
PARAMETRIC_REPRESENTATION_CONTEXT() REPRESENTATION_CONTEXT('2D SPACE',''
  ) );
#16447 = PCURVE('',#5452,#16448);
#16448 = DEFINITIONAL_REPRESENTATION('',(#16449),#16453);
#16449 = LINE('',#16450,#16451);
#16450 = CARTESIAN_POINT('',(6.28318530718,0.));
#16451 = VECTOR('',#16452,1.);
#16452 = DIRECTION('',(0.,-1.));
#16453 = ( GEOMETRIC_REPRESENTATION_CONTEXT(2) 
PARAMETRIC_REPRESENTATION_CONTEXT() REPRESENTATION_CONTEXT('2D SPACE',''
  ) );
#16454 = ORIENTED_EDGE('',*,*,#5431,.T.);
#16455 = ORIENTED_EDGE('',*,*,#16434,.F.);
#16456 = ORIENTED_EDGE('',*,*,#11193,.F.);
#16457 = ADVANCED_FACE('',(#16458),#5487,.F.);
#16458 = FACE_BOUND('',#16459,.F.);
#16459 = EDGE_LOOP('',(#16460,#16481,#16482,#16483));
#16460 = ORIENTED_EDGE('',*,*,#16461,.T.);
#16461 = EDGE_CURVE('',#11224,#5467,#16462,.T.);
#16462 = SEAM_CURVE('',#16463,(#16467,#16474),.PCURVE_S1.);
#16463 = LINE('',#16464,#16465);
#16464 = CARTESIAN_POINT('',(117.0974,-64.4304,-4.6E-02));
#16465 = VECTOR('',#16466,1.);
#16466 = DIRECTION('',(0.,0.,1.));
#16467 = PCURVE('',#5487,#16468);
#16468 = DEFINITIONAL_REPRESENTATION('',(#16469),#16473);
#16469 = LINE('',#16470,#16471);
#16470 = CARTESIAN_POINT('',(0.,0.));
#16471 = VECTOR('',#16472,1.);
#16472 = DIRECTION('',(0.,-1.));
#16473 = ( GEOMETRIC_REPRESENTATION_CONTEXT(2) 
PARAMETRIC_REPRESENTATION_CONTEXT() REPRESENTATION_CONTEXT('2D SPACE',''
  ) );
#16474 = PCURVE('',#5487,#16475);
#16475 = DEFINITIONAL_REPRESENTATION('',(#16476),#16480);
#16476 = LINE('',#16477,#16478);
#16477 = CARTESIAN_POINT('',(6.28318530718,0.));
#16478 = VECTOR('',#16479,1.);
#16479 = DIRECTION('',(0.,-1.));
#16480 = ( GEOMETRIC_REPRESENTATION_CONTEXT(2) 
PARAMETRIC_REPRESENTATION_CONTEXT() REPRESENTATION_CONTEXT('2D SPACE',''
  ) );
#16481 = ORIENTED_EDGE('',*,*,#5466,.T.);
#16482 = ORIENTED_EDGE('',*,*,#16461,.F.);
#16483 = ORIENTED_EDGE('',*,*,#11223,.F.);
#16484 = ADVANCED_FACE('',(#16485),#5522,.F.);
#16485 = FACE_BOUND('',#16486,.F.);
#16486 = EDGE_LOOP('',(#16487,#16508,#16509,#16510));
#16487 = ORIENTED_EDGE('',*,*,#16488,.T.);
#16488 = EDGE_CURVE('',#11254,#5502,#16489,.T.);
#16489 = SEAM_CURVE('',#16490,(#16494,#16501),.PCURVE_S1.);
#16490 = LINE('',#16491,#16492);
#16491 = CARTESIAN_POINT('',(117.0974,-61.8904,-4.6E-02));
#16492 = VECTOR('',#16493,1.);
#16493 = DIRECTION('',(0.,0.,1.));
#16494 = PCURVE('',#5522,#16495);
#16495 = DEFINITIONAL_REPRESENTATION('',(#16496),#16500);
#16496 = LINE('',#16497,#16498);
#16497 = CARTESIAN_POINT('',(0.,0.));
#16498 = VECTOR('',#16499,1.);
#16499 = DIRECTION('',(0.,-1.));
#16500 = ( GEOMETRIC_REPRESENTATION_CONTEXT(2) 
PARAMETRIC_REPRESENTATION_CONTEXT() REPRESENTATION_CONTEXT('2D SPACE',''
  ) );
#16501 = PCURVE('',#5522,#16502);
#16502 = DEFINITIONAL_REPRESENTATION('',(#16503),#16507);
#16503 = LINE('',#16504,#16505);
#16504 = CARTESIAN_POINT('',(6.28318530718,0.));
#16505 = VECTOR('',#16506,1.);
#16506 = DIRECTION('',(0.,-1.));
#16507 = ( GEOMETRIC_REPRESENTATION_CONTEXT(2) 
PARAMETRIC_REPRESENTATION_CONTEXT() REPRESENTATION_CONTEXT('2D SPACE',''
  ) );
#16508 = ORIENTED_EDGE('',*,*,#5501,.T.);
#16509 = ORIENTED_EDGE('',*,*,#16488,.F.);
#16510 = ORIENTED_EDGE('',*,*,#11253,.F.);
#16511 = ADVANCED_FACE('',(#16512),#5557,.F.);
#16512 = FACE_BOUND('',#16513,.F.);
#16513 = EDGE_LOOP('',(#16514,#16535,#16536,#16537));
#16514 = ORIENTED_EDGE('',*,*,#16515,.T.);
#16515 = EDGE_CURVE('',#11284,#5537,#16516,.T.);
#16516 = SEAM_CURVE('',#16517,(#16521,#16528),.PCURVE_S1.);
#16517 = LINE('',#16518,#16519);
#16518 = CARTESIAN_POINT('',(132.3174,-69.5104,-4.6E-02));
#16519 = VECTOR('',#16520,1.);
#16520 = DIRECTION('',(0.,0.,1.));
#16521 = PCURVE('',#5557,#16522);
#16522 = DEFINITIONAL_REPRESENTATION('',(#16523),#16527);
#16523 = LINE('',#16524,#16525);
#16524 = CARTESIAN_POINT('',(0.,0.));
#16525 = VECTOR('',#16526,1.);
#16526 = DIRECTION('',(0.,-1.));
#16527 = ( GEOMETRIC_REPRESENTATION_CONTEXT(2) 
PARAMETRIC_REPRESENTATION_CONTEXT() REPRESENTATION_CONTEXT('2D SPACE',''
  ) );
#16528 = PCURVE('',#5557,#16529);
#16529 = DEFINITIONAL_REPRESENTATION('',(#16530),#16534);
#16530 = LINE('',#16531,#16532);
#16531 = CARTESIAN_POINT('',(6.28318530718,0.));
#16532 = VECTOR('',#16533,1.);
#16533 = DIRECTION('',(0.,-1.));
#16534 = ( GEOMETRIC_REPRESENTATION_CONTEXT(2) 
PARAMETRIC_REPRESENTATION_CONTEXT() REPRESENTATION_CONTEXT('2D SPACE',''
  ) );
#16535 = ORIENTED_EDGE('',*,*,#5536,.T.);
#16536 = ORIENTED_EDGE('',*,*,#16515,.F.);
#16537 = ORIENTED_EDGE('',*,*,#11283,.F.);
#16538 = ADVANCED_FACE('',(#16539),#5592,.F.);
#16539 = FACE_BOUND('',#16540,.F.);
#16540 = EDGE_LOOP('',(#16541,#16562,#16563,#16564));
#16541 = ORIENTED_EDGE('',*,*,#16542,.T.);
#16542 = EDGE_CURVE('',#11314,#5572,#16543,.T.);
#16543 = SEAM_CURVE('',#16544,(#16548,#16555),.PCURVE_S1.);
#16544 = LINE('',#16545,#16546);
#16545 = CARTESIAN_POINT('',(132.3174,-66.9704,-4.6E-02));
#16546 = VECTOR('',#16547,1.);
#16547 = DIRECTION('',(0.,0.,1.));
#16548 = PCURVE('',#5592,#16549);
#16549 = DEFINITIONAL_REPRESENTATION('',(#16550),#16554);
#16550 = LINE('',#16551,#16552);
#16551 = CARTESIAN_POINT('',(0.,0.));
#16552 = VECTOR('',#16553,1.);
#16553 = DIRECTION('',(0.,-1.));
#16554 = ( GEOMETRIC_REPRESENTATION_CONTEXT(2) 
PARAMETRIC_REPRESENTATION_CONTEXT() REPRESENTATION_CONTEXT('2D SPACE',''
  ) );
#16555 = PCURVE('',#5592,#16556);
#16556 = DEFINITIONAL_REPRESENTATION('',(#16557),#16561);
#16557 = LINE('',#16558,#16559);
#16558 = CARTESIAN_POINT('',(6.28318530718,0.));
#16559 = VECTOR('',#16560,1.);
#16560 = DIRECTION('',(0.,-1.));
#16561 = ( GEOMETRIC_REPRESENTATION_CONTEXT(2) 
PARAMETRIC_REPRESENTATION_CONTEXT() REPRESENTATION_CONTEXT('2D SPACE',''
  ) );
#16562 = ORIENTED_EDGE('',*,*,#5571,.T.);
#16563 = ORIENTED_EDGE('',*,*,#16542,.F.);
#16564 = ORIENTED_EDGE('',*,*,#11313,.F.);
#16565 = ADVANCED_FACE('',(#16566),#5627,.F.);
#16566 = FACE_BOUND('',#16567,.F.);
#16567 = EDGE_LOOP('',(#16568,#16589,#16590,#16591));
#16568 = ORIENTED_EDGE('',*,*,#16569,.T.);
#16569 = EDGE_CURVE('',#11344,#5607,#16570,.T.);
#16570 = SEAM_CURVE('',#16571,(#16575,#16582),.PCURVE_S1.);
#16571 = LINE('',#16572,#16573);
#16572 = CARTESIAN_POINT('',(132.3174,-64.4304,-4.6E-02));
#16573 = VECTOR('',#16574,1.);
#16574 = DIRECTION('',(0.,0.,1.));
#16575 = PCURVE('',#5627,#16576);
#16576 = DEFINITIONAL_REPRESENTATION('',(#16577),#16581);
#16577 = LINE('',#16578,#16579);
#16578 = CARTESIAN_POINT('',(0.,0.));
#16579 = VECTOR('',#16580,1.);
#16580 = DIRECTION('',(0.,-1.));
#16581 = ( GEOMETRIC_REPRESENTATION_CONTEXT(2) 
PARAMETRIC_REPRESENTATION_CONTEXT() REPRESENTATION_CONTEXT('2D SPACE',''
  ) );
#16582 = PCURVE('',#5627,#16583);
#16583 = DEFINITIONAL_REPRESENTATION('',(#16584),#16588);
#16584 = LINE('',#16585,#16586);
#16585 = CARTESIAN_POINT('',(6.28318530718,0.));
#16586 = VECTOR('',#16587,1.);
#16587 = DIRECTION('',(0.,-1.));
#16588 = ( GEOMETRIC_REPRESENTATION_CONTEXT(2) 
PARAMETRIC_REPRESENTATION_CONTEXT() REPRESENTATION_CONTEXT('2D SPACE',''
  ) );
#16589 = ORIENTED_EDGE('',*,*,#5606,.T.);
#16590 = ORIENTED_EDGE('',*,*,#16569,.F.);
#16591 = ORIENTED_EDGE('',*,*,#11343,.F.);
#16592 = ADVANCED_FACE('',(#16593),#5662,.F.);
#16593 = FACE_BOUND('',#16594,.F.);
#16594 = EDGE_LOOP('',(#16595,#16616,#16617,#16618));
#16595 = ORIENTED_EDGE('',*,*,#16596,.T.);
#16596 = EDGE_CURVE('',#11374,#5642,#16597,.T.);
#16597 = SEAM_CURVE('',#16598,(#16602,#16609),.PCURVE_S1.);
#16598 = LINE('',#16599,#16600);
#16599 = CARTESIAN_POINT('',(132.3174,-61.8904,-4.6E-02));
#16600 = VECTOR('',#16601,1.);
#16601 = DIRECTION('',(0.,0.,1.));
#16602 = PCURVE('',#5662,#16603);
#16603 = DEFINITIONAL_REPRESENTATION('',(#16604),#16608);
#16604 = LINE('',#16605,#16606);
#16605 = CARTESIAN_POINT('',(0.,0.));
#16606 = VECTOR('',#16607,1.);
#16607 = DIRECTION('',(0.,-1.));
#16608 = ( GEOMETRIC_REPRESENTATION_CONTEXT(2) 
PARAMETRIC_REPRESENTATION_CONTEXT() REPRESENTATION_CONTEXT('2D SPACE',''
  ) );
#16609 = PCURVE('',#5662,#16610);
#16610 = DEFINITIONAL_REPRESENTATION('',(#16611),#16615);
#16611 = LINE('',#16612,#16613);
#16612 = CARTESIAN_POINT('',(6.28318530718,0.));
#16613 = VECTOR('',#16614,1.);
#16614 = DIRECTION('',(0.,-1.));
#16615 = ( GEOMETRIC_REPRESENTATION_CONTEXT(2) 
PARAMETRIC_REPRESENTATION_CONTEXT() REPRESENTATION_CONTEXT('2D SPACE',''
  ) );
#16616 = ORIENTED_EDGE('',*,*,#5641,.T.);
#16617 = ORIENTED_EDGE('',*,*,#16596,.F.);
#16618 = ORIENTED_EDGE('',*,*,#11373,.F.);
#16619 = ADVANCED_FACE('',(#16620),#5697,.F.);
#16620 = FACE_BOUND('',#16621,.F.);
#16621 = EDGE_LOOP('',(#16622,#16643,#16644,#16645));
#16622 = ORIENTED_EDGE('',*,*,#16623,.T.);
#16623 = EDGE_CURVE('',#11404,#5677,#16624,.T.);
#16624 = SEAM_CURVE('',#16625,(#16629,#16636),.PCURVE_S1.);
#16625 = LINE('',#16626,#16627);
#16626 = CARTESIAN_POINT('',(111.138,-57.5093,-4.6E-02));
#16627 = VECTOR('',#16628,1.);
#16628 = DIRECTION('',(0.,0.,1.));
#16629 = PCURVE('',#5697,#16630);
#16630 = DEFINITIONAL_REPRESENTATION('',(#16631),#16635);
#16631 = LINE('',#16632,#16633);
#16632 = CARTESIAN_POINT('',(0.,0.));
#16633 = VECTOR('',#16634,1.);
#16634 = DIRECTION('',(0.,-1.));
#16635 = ( GEOMETRIC_REPRESENTATION_CONTEXT(2) 
PARAMETRIC_REPRESENTATION_CONTEXT() REPRESENTATION_CONTEXT('2D SPACE',''
  ) );
#16636 = PCURVE('',#5697,#16637);
#16637 = DEFINITIONAL_REPRESENTATION('',(#16638),#16642);
#16638 = LINE('',#16639,#16640);
#16639 = CARTESIAN_POINT('',(6.28318530718,0.));
#16640 = VECTOR('',#16641,1.);
#16641 = DIRECTION('',(0.,-1.));
#16642 = ( GEOMETRIC_REPRESENTATION_CONTEXT(2) 
PARAMETRIC_REPRESENTATION_CONTEXT() REPRESENTATION_CONTEXT('2D SPACE',''
  ) );
#16643 = ORIENTED_EDGE('',*,*,#5676,.T.);
#16644 = ORIENTED_EDGE('',*,*,#16623,.F.);
#16645 = ORIENTED_EDGE('',*,*,#11403,.F.);
#16646 = ADVANCED_FACE('',(#16647),#5732,.F.);
#16647 = FACE_BOUND('',#16648,.F.);
#16648 = EDGE_LOOP('',(#16649,#16670,#16671,#16672));
#16649 = ORIENTED_EDGE('',*,*,#16650,.T.);
#16650 = EDGE_CURVE('',#11434,#5712,#16651,.T.);
#16651 = SEAM_CURVE('',#16652,(#16656,#16663),.PCURVE_S1.);
#16652 = LINE('',#16653,#16654);
#16653 = CARTESIAN_POINT('',(117.0974,-59.3504,-4.6E-02));
#16654 = VECTOR('',#16655,1.);
#16655 = DIRECTION('',(0.,0.,1.));
#16656 = PCURVE('',#5732,#16657);
#16657 = DEFINITIONAL_REPRESENTATION('',(#16658),#16662);
#16658 = LINE('',#16659,#16660);
#16659 = CARTESIAN_POINT('',(0.,0.));
#16660 = VECTOR('',#16661,1.);
#16661 = DIRECTION('',(0.,-1.));
#16662 = ( GEOMETRIC_REPRESENTATION_CONTEXT(2) 
PARAMETRIC_REPRESENTATION_CONTEXT() REPRESENTATION_CONTEXT('2D SPACE',''
  ) );
#16663 = PCURVE('',#5732,#16664);
#16664 = DEFINITIONAL_REPRESENTATION('',(#16665),#16669);
#16665 = LINE('',#16666,#16667);
#16666 = CARTESIAN_POINT('',(6.28318530718,0.));
#16667 = VECTOR('',#16668,1.);
#16668 = DIRECTION('',(0.,-1.));
#16669 = ( GEOMETRIC_REPRESENTATION_CONTEXT(2) 
PARAMETRIC_REPRESENTATION_CONTEXT() REPRESENTATION_CONTEXT('2D SPACE',''
  ) );
#16670 = ORIENTED_EDGE('',*,*,#5711,.T.);
#16671 = ORIENTED_EDGE('',*,*,#16650,.F.);
#16672 = ORIENTED_EDGE('',*,*,#11433,.F.);
#16673 = ADVANCED_FACE('',(#16674),#5767,.F.);
#16674 = FACE_BOUND('',#16675,.F.);
#16675 = EDGE_LOOP('',(#16676,#16697,#16698,#16699));
#16676 = ORIENTED_EDGE('',*,*,#16677,.T.);
#16677 = EDGE_CURVE('',#11464,#5747,#16678,.T.);
#16678 = SEAM_CURVE('',#16679,(#16683,#16690),.PCURVE_S1.);
#16679 = LINE('',#16680,#16681);
#16680 = CARTESIAN_POINT('',(117.0974,-56.8104,-4.6E-02));
#16681 = VECTOR('',#16682,1.);
#16682 = DIRECTION('',(0.,0.,1.));
#16683 = PCURVE('',#5767,#16684);
#16684 = DEFINITIONAL_REPRESENTATION('',(#16685),#16689);
#16685 = LINE('',#16686,#16687);
#16686 = CARTESIAN_POINT('',(0.,0.));
#16687 = VECTOR('',#16688,1.);
#16688 = DIRECTION('',(0.,-1.));
#16689 = ( GEOMETRIC_REPRESENTATION_CONTEXT(2) 
PARAMETRIC_REPRESENTATION_CONTEXT() REPRESENTATION_CONTEXT('2D SPACE',''
  ) );
#16690 = PCURVE('',#5767,#16691);
#16691 = DEFINITIONAL_REPRESENTATION('',(#16692),#16696);
#16692 = LINE('',#16693,#16694);
#16693 = CARTESIAN_POINT('',(6.28318530718,0.));
#16694 = VECTOR('',#16695,1.);
#16695 = DIRECTION('',(0.,-1.));
#16696 = ( GEOMETRIC_REPRESENTATION_CONTEXT(2) 
PARAMETRIC_REPRESENTATION_CONTEXT() REPRESENTATION_CONTEXT('2D SPACE',''
  ) );
#16697 = ORIENTED_EDGE('',*,*,#5746,.T.);
#16698 = ORIENTED_EDGE('',*,*,#16677,.F.);
#16699 = ORIENTED_EDGE('',*,*,#11463,.F.);
#16700 = ADVANCED_FACE('',(#16701),#5802,.F.);
#16701 = FACE_BOUND('',#16702,.F.);
#16702 = EDGE_LOOP('',(#16703,#16724,#16725,#16726));
#16703 = ORIENTED_EDGE('',*,*,#16704,.T.);
#16704 = EDGE_CURVE('',#11494,#5782,#16705,.T.);
#16705 = SEAM_CURVE('',#16706,(#16710,#16717),.PCURVE_S1.);
#16706 = LINE('',#16707,#16708);
#16707 = CARTESIAN_POINT('',(117.0974,-54.2704,-4.6E-02));
#16708 = VECTOR('',#16709,1.);
#16709 = DIRECTION('',(0.,0.,1.));
#16710 = PCURVE('',#5802,#16711);
#16711 = DEFINITIONAL_REPRESENTATION('',(#16712),#16716);
#16712 = LINE('',#16713,#16714);
#16713 = CARTESIAN_POINT('',(0.,0.));
#16714 = VECTOR('',#16715,1.);
#16715 = DIRECTION('',(0.,-1.));
#16716 = ( GEOMETRIC_REPRESENTATION_CONTEXT(2) 
PARAMETRIC_REPRESENTATION_CONTEXT() REPRESENTATION_CONTEXT('2D SPACE',''
  ) );
#16717 = PCURVE('',#5802,#16718);
#16718 = DEFINITIONAL_REPRESENTATION('',(#16719),#16723);
#16719 = LINE('',#16720,#16721);
#16720 = CARTESIAN_POINT('',(6.28318530718,0.));
#16721 = VECTOR('',#16722,1.);
#16722 = DIRECTION('',(0.,-1.));
#16723 = ( GEOMETRIC_REPRESENTATION_CONTEXT(2) 
PARAMETRIC_REPRESENTATION_CONTEXT() REPRESENTATION_CONTEXT('2D SPACE',''
  ) );
#16724 = ORIENTED_EDGE('',*,*,#5781,.T.);
#16725 = ORIENTED_EDGE('',*,*,#16704,.F.);
#16726 = ORIENTED_EDGE('',*,*,#11493,.F.);
#16727 = ADVANCED_FACE('',(#16728),#5837,.F.);
#16728 = FACE_BOUND('',#16729,.F.);
#16729 = EDGE_LOOP('',(#16730,#16751,#16752,#16753));
#16730 = ORIENTED_EDGE('',*,*,#16731,.T.);
#16731 = EDGE_CURVE('',#11524,#5817,#16732,.T.);
#16732 = SEAM_CURVE('',#16733,(#16737,#16744),.PCURVE_S1.);
#16733 = LINE('',#16734,#16735);
#16734 = CARTESIAN_POINT('',(117.0974,-51.7304,-4.6E-02));
#16735 = VECTOR('',#16736,1.);
#16736 = DIRECTION('',(0.,0.,1.));
#16737 = PCURVE('',#5837,#16738);
#16738 = DEFINITIONAL_REPRESENTATION('',(#16739),#16743);
#16739 = LINE('',#16740,#16741);
#16740 = CARTESIAN_POINT('',(0.,0.));
#16741 = VECTOR('',#16742,1.);
#16742 = DIRECTION('',(0.,-1.));
#16743 = ( GEOMETRIC_REPRESENTATION_CONTEXT(2) 
PARAMETRIC_REPRESENTATION_CONTEXT() REPRESENTATION_CONTEXT('2D SPACE',''
  ) );
#16744 = PCURVE('',#5837,#16745);
#16745 = DEFINITIONAL_REPRESENTATION('',(#16746),#16750);
#16746 = LINE('',#16747,#16748);
#16747 = CARTESIAN_POINT('',(6.28318530718,0.));
#16748 = VECTOR('',#16749,1.);
#16749 = DIRECTION('',(0.,-1.));
#16750 = ( GEOMETRIC_REPRESENTATION_CONTEXT(2) 
PARAMETRIC_REPRESENTATION_CONTEXT() REPRESENTATION_CONTEXT('2D SPACE',''
  ) );
#16751 = ORIENTED_EDGE('',*,*,#5816,.T.);
#16752 = ORIENTED_EDGE('',*,*,#16731,.F.);
#16753 = ORIENTED_EDGE('',*,*,#11523,.F.);
#16754 = ADVANCED_FACE('',(#16755),#5872,.F.);
#16755 = FACE_BOUND('',#16756,.F.);
#16756 = EDGE_LOOP('',(#16757,#16778,#16779,#16780));
#16757 = ORIENTED_EDGE('',*,*,#16758,.T.);
#16758 = EDGE_CURVE('',#11554,#5852,#16759,.T.);
#16759 = SEAM_CURVE('',#16760,(#16764,#16771),.PCURVE_S1.);
#16760 = LINE('',#16761,#16762);
#16761 = CARTESIAN_POINT('',(132.3174,-59.3504,-4.6E-02));
#16762 = VECTOR('',#16763,1.);
#16763 = DIRECTION('',(0.,0.,1.));
#16764 = PCURVE('',#5872,#16765);
#16765 = DEFINITIONAL_REPRESENTATION('',(#16766),#16770);
#16766 = LINE('',#16767,#16768);
#16767 = CARTESIAN_POINT('',(0.,0.));
#16768 = VECTOR('',#16769,1.);
#16769 = DIRECTION('',(0.,-1.));
#16770 = ( GEOMETRIC_REPRESENTATION_CONTEXT(2) 
PARAMETRIC_REPRESENTATION_CONTEXT() REPRESENTATION_CONTEXT('2D SPACE',''
  ) );
#16771 = PCURVE('',#5872,#16772);
#16772 = DEFINITIONAL_REPRESENTATION('',(#16773),#16777);
#16773 = LINE('',#16774,#16775);
#16774 = CARTESIAN_POINT('',(6.28318530718,0.));
#16775 = VECTOR('',#16776,1.);
#16776 = DIRECTION('',(0.,-1.));
#16777 = ( GEOMETRIC_REPRESENTATION_CONTEXT(2) 
PARAMETRIC_REPRESENTATION_CONTEXT() REPRESENTATION_CONTEXT('2D SPACE',''
  ) );
#16778 = ORIENTED_EDGE('',*,*,#5851,.T.);
#16779 = ORIENTED_EDGE('',*,*,#16758,.F.);
#16780 = ORIENTED_EDGE('',*,*,#11553,.F.);
#16781 = ADVANCED_FACE('',(#16782),#5907,.F.);
#16782 = FACE_BOUND('',#16783,.F.);
#16783 = EDGE_LOOP('',(#16784,#16805,#16806,#16807));
#16784 = ORIENTED_EDGE('',*,*,#16785,.T.);
#16785 = EDGE_CURVE('',#11584,#5887,#16786,.T.);
#16786 = SEAM_CURVE('',#16787,(#16791,#16798),.PCURVE_S1.);
#16787 = LINE('',#16788,#16789);
#16788 = CARTESIAN_POINT('',(132.3174,-56.8104,-4.6E-02));
#16789 = VECTOR('',#16790,1.);
#16790 = DIRECTION('',(0.,0.,1.));
#16791 = PCURVE('',#5907,#16792);
#16792 = DEFINITIONAL_REPRESENTATION('',(#16793),#16797);
#16793 = LINE('',#16794,#16795);
#16794 = CARTESIAN_POINT('',(0.,0.));
#16795 = VECTOR('',#16796,1.);
#16796 = DIRECTION('',(0.,-1.));
#16797 = ( GEOMETRIC_REPRESENTATION_CONTEXT(2) 
PARAMETRIC_REPRESENTATION_CONTEXT() REPRESENTATION_CONTEXT('2D SPACE',''
  ) );
#16798 = PCURVE('',#5907,#16799);
#16799 = DEFINITIONAL_REPRESENTATION('',(#16800),#16804);
#16800 = LINE('',#16801,#16802);
#16801 = CARTESIAN_POINT('',(6.28318530718,0.));
#16802 = VECTOR('',#16803,1.);
#16803 = DIRECTION('',(0.,-1.));
#16804 = ( GEOMETRIC_REPRESENTATION_CONTEXT(2) 
PARAMETRIC_REPRESENTATION_CONTEXT() REPRESENTATION_CONTEXT('2D SPACE',''
  ) );
#16805 = ORIENTED_EDGE('',*,*,#5886,.T.);
#16806 = ORIENTED_EDGE('',*,*,#16785,.F.);
#16807 = ORIENTED_EDGE('',*,*,#11583,.F.);
#16808 = ADVANCED_FACE('',(#16809),#5942,.F.);
#16809 = FACE_BOUND('',#16810,.F.);
#16810 = EDGE_LOOP('',(#16811,#16832,#16833,#16834));
#16811 = ORIENTED_EDGE('',*,*,#16812,.T.);
#16812 = EDGE_CURVE('',#11614,#5922,#16813,.T.);
#16813 = SEAM_CURVE('',#16814,(#16818,#16825),.PCURVE_S1.);
#16814 = LINE('',#16815,#16816);
#16815 = CARTESIAN_POINT('',(132.3174,-54.2704,-4.6E-02));
#16816 = VECTOR('',#16817,1.);
#16817 = DIRECTION('',(0.,0.,1.));
#16818 = PCURVE('',#5942,#16819);
#16819 = DEFINITIONAL_REPRESENTATION('',(#16820),#16824);
#16820 = LINE('',#16821,#16822);
#16821 = CARTESIAN_POINT('',(0.,0.));
#16822 = VECTOR('',#16823,1.);
#16823 = DIRECTION('',(0.,-1.));
#16824 = ( GEOMETRIC_REPRESENTATION_CONTEXT(2) 
PARAMETRIC_REPRESENTATION_CONTEXT() REPRESENTATION_CONTEXT('2D SPACE',''
  ) );
#16825 = PCURVE('',#5942,#16826);
#16826 = DEFINITIONAL_REPRESENTATION('',(#16827),#16831);
#16827 = LINE('',#16828,#16829);
#16828 = CARTESIAN_POINT('',(6.28318530718,0.));
#16829 = VECTOR('',#16830,1.);
#16830 = DIRECTION('',(0.,-1.));
#16831 = ( GEOMETRIC_REPRESENTATION_CONTEXT(2) 
PARAMETRIC_REPRESENTATION_CONTEXT() REPRESENTATION_CONTEXT('2D SPACE',''
  ) );
#16832 = ORIENTED_EDGE('',*,*,#5921,.T.);
#16833 = ORIENTED_EDGE('',*,*,#16812,.F.);
#16834 = ORIENTED_EDGE('',*,*,#11613,.F.);
#16835 = ADVANCED_FACE('',(#16836),#5977,.F.);
#16836 = FACE_BOUND('',#16837,.F.);
#16837 = EDGE_LOOP('',(#16838,#16859,#16860,#16861));
#16838 = ORIENTED_EDGE('',*,*,#16839,.T.);
#16839 = EDGE_CURVE('',#11644,#5957,#16840,.T.);
#16840 = SEAM_CURVE('',#16841,(#16845,#16852),.PCURVE_S1.);
#16841 = LINE('',#16842,#16843);
#16842 = CARTESIAN_POINT('',(132.3174,-51.7304,-4.6E-02));
#16843 = VECTOR('',#16844,1.);
#16844 = DIRECTION('',(0.,0.,1.));
#16845 = PCURVE('',#5977,#16846);
#16846 = DEFINITIONAL_REPRESENTATION('',(#16847),#16851);
#16847 = LINE('',#16848,#16849);
#16848 = CARTESIAN_POINT('',(0.,0.));
#16849 = VECTOR('',#16850,1.);
#16850 = DIRECTION('',(0.,-1.));
#16851 = ( GEOMETRIC_REPRESENTATION_CONTEXT(2) 
PARAMETRIC_REPRESENTATION_CONTEXT() REPRESENTATION_CONTEXT('2D SPACE',''
  ) );
#16852 = PCURVE('',#5977,#16853);
#16853 = DEFINITIONAL_REPRESENTATION('',(#16854),#16858);
#16854 = LINE('',#16855,#16856);
#16855 = CARTESIAN_POINT('',(6.28318530718,0.));
#16856 = VECTOR('',#16857,1.);
#16857 = DIRECTION('',(0.,-1.));
#16858 = ( GEOMETRIC_REPRESENTATION_CONTEXT(2) 
PARAMETRIC_REPRESENTATION_CONTEXT() REPRESENTATION_CONTEXT('2D SPACE',''
  ) );
#16859 = ORIENTED_EDGE('',*,*,#5956,.T.);
#16860 = ORIENTED_EDGE('',*,*,#16839,.F.);
#16861 = ORIENTED_EDGE('',*,*,#11643,.F.);
#16862 = ADVANCED_FACE('',(#16863),#6012,.F.);
#16863 = FACE_BOUND('',#16864,.F.);
#16864 = EDGE_LOOP('',(#16865,#16886,#16887,#16888));
#16865 = ORIENTED_EDGE('',*,*,#16866,.T.);
#16866 = EDGE_CURVE('',#11674,#5992,#16867,.T.);
#16867 = SEAM_CURVE('',#16868,(#16872,#16879),.PCURVE_S1.);
#16868 = LINE('',#16869,#16870);
#16869 = CARTESIAN_POINT('',(87.938,-48.259,-4.6E-02));
#16870 = VECTOR('',#16871,1.);
#16871 = DIRECTION('',(0.,0.,1.));
#16872 = PCURVE('',#6012,#16873);
#16873 = DEFINITIONAL_REPRESENTATION('',(#16874),#16878);
#16874 = LINE('',#16875,#16876);
#16875 = CARTESIAN_POINT('',(0.,0.));
#16876 = VECTOR('',#16877,1.);
#16877 = DIRECTION('',(0.,-1.));
#16878 = ( GEOMETRIC_REPRESENTATION_CONTEXT(2) 
PARAMETRIC_REPRESENTATION_CONTEXT() REPRESENTATION_CONTEXT('2D SPACE',''
  ) );
#16879 = PCURVE('',#6012,#16880);
#16880 = DEFINITIONAL_REPRESENTATION('',(#16881),#16885);
#16881 = LINE('',#16882,#16883);
#16882 = CARTESIAN_POINT('',(6.28318530718,0.));
#16883 = VECTOR('',#16884,1.);
#16884 = DIRECTION('',(0.,-1.));
#16885 = ( GEOMETRIC_REPRESENTATION_CONTEXT(2) 
PARAMETRIC_REPRESENTATION_CONTEXT() REPRESENTATION_CONTEXT('2D SPACE',''
  ) );
#16886 = ORIENTED_EDGE('',*,*,#5991,.T.);
#16887 = ORIENTED_EDGE('',*,*,#16866,.F.);
#16888 = ORIENTED_EDGE('',*,*,#11673,.F.);
#16889 = ADVANCED_FACE('',(#16890),#6047,.F.);
#16890 = FACE_BOUND('',#16891,.F.);
#16891 = EDGE_LOOP('',(#16892,#16913,#16914,#16915));
#16892 = ORIENTED_EDGE('',*,*,#16893,.T.);
#16893 = EDGE_CURVE('',#11704,#6027,#16894,.T.);
#16894 = SEAM_CURVE('',#16895,(#16899,#16906),.PCURVE_S1.);
#16895 = LINE('',#16896,#16897);
#16896 = CARTESIAN_POINT('',(82.938,-46.159,-4.6E-02));
#16897 = VECTOR('',#16898,1.);
#16898 = DIRECTION('',(0.,0.,1.));
#16899 = PCURVE('',#6047,#16900);
#16900 = DEFINITIONAL_REPRESENTATION('',(#16901),#16905);
#16901 = LINE('',#16902,#16903);
#16902 = CARTESIAN_POINT('',(0.,0.));
#16903 = VECTOR('',#16904,1.);
#16904 = DIRECTION('',(0.,-1.));
#16905 = ( GEOMETRIC_REPRESENTATION_CONTEXT(2) 
PARAMETRIC_REPRESENTATION_CONTEXT() REPRESENTATION_CONTEXT('2D SPACE',''
  ) );
#16906 = PCURVE('',#6047,#16907);
#16907 = DEFINITIONAL_REPRESENTATION('',(#16908),#16912);
#16908 = LINE('',#16909,#16910);
#16909 = CARTESIAN_POINT('',(6.28318530718,0.));
#16910 = VECTOR('',#16911,1.);
#16911 = DIRECTION('',(0.,-1.));
#16912 = ( GEOMETRIC_REPRESENTATION_CONTEXT(2) 
PARAMETRIC_REPRESENTATION_CONTEXT() REPRESENTATION_CONTEXT('2D SPACE',''
  ) );
#16913 = ORIENTED_EDGE('',*,*,#6026,.T.);
#16914 = ORIENTED_EDGE('',*,*,#16893,.F.);
#16915 = ORIENTED_EDGE('',*,*,#11703,.F.);
#16916 = ADVANCED_FACE('',(#16917),#6082,.F.);
#16917 = FACE_BOUND('',#16918,.F.);
#16918 = EDGE_LOOP('',(#16919,#16940,#16941,#16942));
#16919 = ORIENTED_EDGE('',*,*,#16920,.T.);
#16920 = EDGE_CURVE('',#11734,#6062,#16921,.T.);
#16921 = SEAM_CURVE('',#16922,(#16926,#16933),.PCURVE_S1.);
#16922 = LINE('',#16923,#16924);
#16923 = CARTESIAN_POINT('',(82.438,-42.5749,-4.6E-02));
#16924 = VECTOR('',#16925,1.);
#16925 = DIRECTION('',(0.,0.,1.));
#16926 = PCURVE('',#6082,#16927);
#16927 = DEFINITIONAL_REPRESENTATION('',(#16928),#16932);
#16928 = LINE('',#16929,#16930);
#16929 = CARTESIAN_POINT('',(0.,0.));
#16930 = VECTOR('',#16931,1.);
#16931 = DIRECTION('',(0.,-1.));
#16932 = ( GEOMETRIC_REPRESENTATION_CONTEXT(2) 
PARAMETRIC_REPRESENTATION_CONTEXT() REPRESENTATION_CONTEXT('2D SPACE',''
  ) );
#16933 = PCURVE('',#6082,#16934);
#16934 = DEFINITIONAL_REPRESENTATION('',(#16935),#16939);
#16935 = LINE('',#16936,#16937);
#16936 = CARTESIAN_POINT('',(6.28318530718,0.));
#16937 = VECTOR('',#16938,1.);
#16938 = DIRECTION('',(0.,-1.));
#16939 = ( GEOMETRIC_REPRESENTATION_CONTEXT(2) 
PARAMETRIC_REPRESENTATION_CONTEXT() REPRESENTATION_CONTEXT('2D SPACE',''
  ) );
#16940 = ORIENTED_EDGE('',*,*,#6061,.T.);
#16941 = ORIENTED_EDGE('',*,*,#16920,.F.);
#16942 = ORIENTED_EDGE('',*,*,#11733,.F.);
#16943 = ADVANCED_FACE('',(#16944),#6117,.F.);
#16944 = FACE_BOUND('',#16945,.F.);
#16945 = EDGE_LOOP('',(#16946,#16967,#16968,#16969));
#16946 = ORIENTED_EDGE('',*,*,#16947,.T.);
#16947 = EDGE_CURVE('',#11764,#6097,#16948,.T.);
#16948 = SEAM_CURVE('',#16949,(#16953,#16960),.PCURVE_S1.);
#16949 = LINE('',#16950,#16951);
#16950 = CARTESIAN_POINT('',(87.938,-43.4385,-4.6E-02));
#16951 = VECTOR('',#16952,1.);
#16952 = DIRECTION('',(0.,0.,1.));
#16953 = PCURVE('',#6117,#16954);
#16954 = DEFINITIONAL_REPRESENTATION('',(#16955),#16959);
#16955 = LINE('',#16956,#16957);
#16956 = CARTESIAN_POINT('',(0.,0.));
#16957 = VECTOR('',#16958,1.);
#16958 = DIRECTION('',(0.,-1.));
#16959 = ( GEOMETRIC_REPRESENTATION_CONTEXT(2) 
PARAMETRIC_REPRESENTATION_CONTEXT() REPRESENTATION_CONTEXT('2D SPACE',''
  ) );
#16960 = PCURVE('',#6117,#16961);
#16961 = DEFINITIONAL_REPRESENTATION('',(#16962),#16966);
#16962 = LINE('',#16963,#16964);
#16963 = CARTESIAN_POINT('',(6.28318530718,0.));
#16964 = VECTOR('',#16965,1.);
#16965 = DIRECTION('',(0.,-1.));
#16966 = ( GEOMETRIC_REPRESENTATION_CONTEXT(2) 
PARAMETRIC_REPRESENTATION_CONTEXT() REPRESENTATION_CONTEXT('2D SPACE',''
  ) );
#16967 = ORIENTED_EDGE('',*,*,#6096,.T.);
#16968 = ORIENTED_EDGE('',*,*,#16947,.F.);
#16969 = ORIENTED_EDGE('',*,*,#11763,.F.);
#16970 = ADVANCED_FACE('',(#16971),#6152,.F.);
#16971 = FACE_BOUND('',#16972,.F.);
#16972 = EDGE_LOOP('',(#16973,#16994,#16995,#16996));
#16973 = ORIENTED_EDGE('',*,*,#16974,.T.);
#16974 = EDGE_CURVE('',#11794,#6132,#16975,.T.);
#16975 = SEAM_CURVE('',#16976,(#16980,#16987),.PCURVE_S1.);
#16976 = LINE('',#16977,#16978);
#16977 = CARTESIAN_POINT('',(100.938,-48.659,-4.6E-02));
#16978 = VECTOR('',#16979,1.);
#16979 = DIRECTION('',(0.,0.,1.));
#16980 = PCURVE('',#6152,#16981);
#16981 = DEFINITIONAL_REPRESENTATION('',(#16982),#16986);
#16982 = LINE('',#16983,#16984);
#16983 = CARTESIAN_POINT('',(0.,0.));
#16984 = VECTOR('',#16985,1.);
#16985 = DIRECTION('',(0.,-1.));
#16986 = ( GEOMETRIC_REPRESENTATION_CONTEXT(2) 
PARAMETRIC_REPRESENTATION_CONTEXT() REPRESENTATION_CONTEXT('2D SPACE',''
  ) );
#16987 = PCURVE('',#6152,#16988);
#16988 = DEFINITIONAL_REPRESENTATION('',(#16989),#16993);
#16989 = LINE('',#16990,#16991);
#16990 = CARTESIAN_POINT('',(6.28318530718,0.));
#16991 = VECTOR('',#16992,1.);
#16992 = DIRECTION('',(0.,-1.));
#16993 = ( GEOMETRIC_REPRESENTATION_CONTEXT(2) 
PARAMETRIC_REPRESENTATION_CONTEXT() REPRESENTATION_CONTEXT('2D SPACE',''
  ) );
#16994 = ORIENTED_EDGE('',*,*,#6131,.T.);
#16995 = ORIENTED_EDGE('',*,*,#16974,.F.);
#16996 = ORIENTED_EDGE('',*,*,#11793,.F.);
#16997 = ADVANCED_FACE('',(#16998),#6187,.F.);
#16998 = FACE_BOUND('',#16999,.F.);
#16999 = EDGE_LOOP('',(#17000,#17021,#17022,#17023));
#17000 = ORIENTED_EDGE('',*,*,#17001,.T.);
#17001 = EDGE_CURVE('',#11824,#6167,#17002,.T.);
#17002 = SEAM_CURVE('',#17003,(#17007,#17014),.PCURVE_S1.);
#17003 = LINE('',#17004,#17005);
#17004 = CARTESIAN_POINT('',(93.438,-42.5749,-4.6E-02));
#17005 = VECTOR('',#17006,1.);
#17006 = DIRECTION('',(0.,0.,1.));
#17007 = PCURVE('',#6187,#17008);
#17008 = DEFINITIONAL_REPRESENTATION('',(#17009),#17013);
#17009 = LINE('',#17010,#17011);
#17010 = CARTESIAN_POINT('',(0.,0.));
#17011 = VECTOR('',#17012,1.);
#17012 = DIRECTION('',(0.,-1.));
#17013 = ( GEOMETRIC_REPRESENTATION_CONTEXT(2) 
PARAMETRIC_REPRESENTATION_CONTEXT() REPRESENTATION_CONTEXT('2D SPACE',''
  ) );
#17014 = PCURVE('',#6187,#17015);
#17015 = DEFINITIONAL_REPRESENTATION('',(#17016),#17020);
#17016 = LINE('',#17017,#17018);
#17017 = CARTESIAN_POINT('',(6.28318530718,0.));
#17018 = VECTOR('',#17019,1.);
#17019 = DIRECTION('',(0.,-1.));
#17020 = ( GEOMETRIC_REPRESENTATION_CONTEXT(2) 
PARAMETRIC_REPRESENTATION_CONTEXT() REPRESENTATION_CONTEXT('2D SPACE',''
  ) );
#17021 = ORIENTED_EDGE('',*,*,#6166,.T.);
#17022 = ORIENTED_EDGE('',*,*,#17001,.F.);
#17023 = ORIENTED_EDGE('',*,*,#11823,.F.);
#17024 = ADVANCED_FACE('',(#17025),#6222,.F.);
#17025 = FACE_BOUND('',#17026,.F.);
#17026 = EDGE_LOOP('',(#17027,#17048,#17049,#17050));
#17027 = ORIENTED_EDGE('',*,*,#17028,.T.);
#17028 = EDGE_CURVE('',#11854,#6202,#17029,.T.);
#17029 = SEAM_CURVE('',#17030,(#17034,#17041),.PCURVE_S1.);
#17030 = LINE('',#17031,#17032);
#17031 = CARTESIAN_POINT('',(100.438,-45.0749,-4.6E-02));
#17032 = VECTOR('',#17033,1.);
#17033 = DIRECTION('',(0.,0.,1.));
#17034 = PCURVE('',#6222,#17035);
#17035 = DEFINITIONAL_REPRESENTATION('',(#17036),#17040);
#17036 = LINE('',#17037,#17038);
#17037 = CARTESIAN_POINT('',(0.,0.));
#17038 = VECTOR('',#17039,1.);
#17039 = DIRECTION('',(0.,-1.));
#17040 = ( GEOMETRIC_REPRESENTATION_CONTEXT(2) 
PARAMETRIC_REPRESENTATION_CONTEXT() REPRESENTATION_CONTEXT('2D SPACE',''
  ) );
#17041 = PCURVE('',#6222,#17042);
#17042 = DEFINITIONAL_REPRESENTATION('',(#17043),#17047);
#17043 = LINE('',#17044,#17045);
#17044 = CARTESIAN_POINT('',(6.28318530718,0.));
#17045 = VECTOR('',#17046,1.);
#17046 = DIRECTION('',(0.,-1.));
#17047 = ( GEOMETRIC_REPRESENTATION_CONTEXT(2) 
PARAMETRIC_REPRESENTATION_CONTEXT() REPRESENTATION_CONTEXT('2D SPACE',''
  ) );
#17048 = ORIENTED_EDGE('',*,*,#6201,.T.);
#17049 = ORIENTED_EDGE('',*,*,#17028,.F.);
#17050 = ORIENTED_EDGE('',*,*,#11853,.F.);
#17051 = ADVANCED_FACE('',(#17052),#6257,.F.);
#17052 = FACE_BOUND('',#17053,.F.);
#17053 = EDGE_LOOP('',(#17054,#17075,#17076,#17077));
#17054 = ORIENTED_EDGE('',*,*,#17055,.T.);
#17055 = EDGE_CURVE('',#11884,#6237,#17056,.T.);
#17056 = SEAM_CURVE('',#17057,(#17061,#17068),.PCURVE_S1.);
#17057 = LINE('',#17058,#17059);
#17058 = CARTESIAN_POINT('',(82.718,-38.0193,-4.6E-02));
#17059 = VECTOR('',#17060,1.);
#17060 = DIRECTION('',(0.,0.,1.));
#17061 = PCURVE('',#6257,#17062);
#17062 = DEFINITIONAL_REPRESENTATION('',(#17063),#17067);
#17063 = LINE('',#17064,#17065);
#17064 = CARTESIAN_POINT('',(0.,0.));
#17065 = VECTOR('',#17066,1.);
#17066 = DIRECTION('',(0.,-1.));
#17067 = ( GEOMETRIC_REPRESENTATION_CONTEXT(2) 
PARAMETRIC_REPRESENTATION_CONTEXT() REPRESENTATION_CONTEXT('2D SPACE',''
  ) );
#17068 = PCURVE('',#6257,#17069);
#17069 = DEFINITIONAL_REPRESENTATION('',(#17070),#17074);
#17070 = LINE('',#17071,#17072);
#17071 = CARTESIAN_POINT('',(6.28318530718,0.));
#17072 = VECTOR('',#17073,1.);
#17073 = DIRECTION('',(0.,-1.));
#17074 = ( GEOMETRIC_REPRESENTATION_CONTEXT(2) 
PARAMETRIC_REPRESENTATION_CONTEXT() REPRESENTATION_CONTEXT('2D SPACE',''
  ) );
#17075 = ORIENTED_EDGE('',*,*,#6236,.T.);
#17076 = ORIENTED_EDGE('',*,*,#17055,.F.);
#17077 = ORIENTED_EDGE('',*,*,#11883,.F.);
#17078 = ADVANCED_FACE('',(#17079),#6292,.F.);
#17079 = FACE_BOUND('',#17080,.F.);
#17080 = EDGE_LOOP('',(#17081,#17102,#17103,#17104));
#17081 = ORIENTED_EDGE('',*,*,#17082,.T.);
#17082 = EDGE_CURVE('',#11914,#6272,#17083,.T.);
#17083 = SEAM_CURVE('',#17084,(#17088,#17095),.PCURVE_S1.);
#17084 = LINE('',#17085,#17086);
#17085 = CARTESIAN_POINT('',(79.438,-34.174,-4.6E-02));
#17086 = VECTOR('',#17087,1.);
#17087 = DIRECTION('',(0.,0.,1.));
#17088 = PCURVE('',#6292,#17089);
#17089 = DEFINITIONAL_REPRESENTATION('',(#17090),#17094);
#17090 = LINE('',#17091,#17092);
#17091 = CARTESIAN_POINT('',(0.,0.));
#17092 = VECTOR('',#17093,1.);
#17093 = DIRECTION('',(0.,-1.));
#17094 = ( GEOMETRIC_REPRESENTATION_CONTEXT(2) 
PARAMETRIC_REPRESENTATION_CONTEXT() REPRESENTATION_CONTEXT('2D SPACE',''
  ) );
#17095 = PCURVE('',#6292,#17096);
#17096 = DEFINITIONAL_REPRESENTATION('',(#17097),#17101);
#17097 = LINE('',#17098,#17099);
#17098 = CARTESIAN_POINT('',(6.28318530718,0.));
#17099 = VECTOR('',#17100,1.);
#17100 = DIRECTION('',(0.,-1.));
#17101 = ( GEOMETRIC_REPRESENTATION_CONTEXT(2) 
PARAMETRIC_REPRESENTATION_CONTEXT() REPRESENTATION_CONTEXT('2D SPACE',''
  ) );
#17102 = ORIENTED_EDGE('',*,*,#6271,.T.);
#17103 = ORIENTED_EDGE('',*,*,#17082,.F.);
#17104 = ORIENTED_EDGE('',*,*,#11913,.F.);
#17105 = ADVANCED_FACE('',(#17106),#6327,.F.);
#17106 = FACE_BOUND('',#17107,.F.);
#17107 = EDGE_LOOP('',(#17108,#17129,#17130,#17131));
#17108 = ORIENTED_EDGE('',*,*,#17109,.T.);
#17109 = EDGE_CURVE('',#11944,#6307,#17110,.T.);
#17110 = SEAM_CURVE('',#17111,(#17115,#17122),.PCURVE_S1.);
#17111 = LINE('',#17112,#17113);
#17112 = CARTESIAN_POINT('',(83.11,-31.892,-4.6E-02));
#17113 = VECTOR('',#17114,1.);
#17114 = DIRECTION('',(0.,0.,1.));
#17115 = PCURVE('',#6327,#17116);
#17116 = DEFINITIONAL_REPRESENTATION('',(#17117),#17121);
#17117 = LINE('',#17118,#17119);
#17118 = CARTESIAN_POINT('',(0.,0.));
#17119 = VECTOR('',#17120,1.);
#17120 = DIRECTION('',(0.,-1.));
#17121 = ( GEOMETRIC_REPRESENTATION_CONTEXT(2) 
PARAMETRIC_REPRESENTATION_CONTEXT() REPRESENTATION_CONTEXT('2D SPACE',''
  ) );
#17122 = PCURVE('',#6327,#17123);
#17123 = DEFINITIONAL_REPRESENTATION('',(#17124),#17128);
#17124 = LINE('',#17125,#17126);
#17125 = CARTESIAN_POINT('',(6.28318530718,0.));
#17126 = VECTOR('',#17127,1.);
#17127 = DIRECTION('',(0.,-1.));
#17128 = ( GEOMETRIC_REPRESENTATION_CONTEXT(2) 
PARAMETRIC_REPRESENTATION_CONTEXT() REPRESENTATION_CONTEXT('2D SPACE',''
  ) );
#17129 = ORIENTED_EDGE('',*,*,#6306,.T.);
#17130 = ORIENTED_EDGE('',*,*,#17109,.F.);
#17131 = ORIENTED_EDGE('',*,*,#11943,.F.);
#17132 = ADVANCED_FACE('',(#17133),#6362,.F.);
#17133 = FACE_BOUND('',#17134,.F.);
#17134 = EDGE_LOOP('',(#17135,#17156,#17157,#17158));
#17135 = ORIENTED_EDGE('',*,*,#17136,.T.);
#17136 = EDGE_CURVE('',#11974,#6342,#17137,.T.);
#17137 = SEAM_CURVE('',#17138,(#17142,#17149),.PCURVE_S1.);
#17138 = LINE('',#17139,#17140);
#17139 = CARTESIAN_POINT('',(89.61,-31.892,-4.6E-02));
#17140 = VECTOR('',#17141,1.);
#17141 = DIRECTION('',(0.,0.,1.));
#17142 = PCURVE('',#6362,#17143);
#17143 = DEFINITIONAL_REPRESENTATION('',(#17144),#17148);
#17144 = LINE('',#17145,#17146);
#17145 = CARTESIAN_POINT('',(0.,0.));
#17146 = VECTOR('',#17147,1.);
#17147 = DIRECTION('',(0.,-1.));
#17148 = ( GEOMETRIC_REPRESENTATION_CONTEXT(2) 
PARAMETRIC_REPRESENTATION_CONTEXT() REPRESENTATION_CONTEXT('2D SPACE',''
  ) );
#17149 = PCURVE('',#6362,#17150);
#17150 = DEFINITIONAL_REPRESENTATION('',(#17151),#17155);
#17151 = LINE('',#17152,#17153);
#17152 = CARTESIAN_POINT('',(6.28318530718,0.));
#17153 = VECTOR('',#17154,1.);
#17154 = DIRECTION('',(0.,-1.));
#17155 = ( GEOMETRIC_REPRESENTATION_CONTEXT(2) 
PARAMETRIC_REPRESENTATION_CONTEXT() REPRESENTATION_CONTEXT('2D SPACE',''
  ) );
#17156 = ORIENTED_EDGE('',*,*,#6341,.T.);
#17157 = ORIENTED_EDGE('',*,*,#17136,.F.);
#17158 = ORIENTED_EDGE('',*,*,#11973,.F.);
#17159 = ADVANCED_FACE('',(#17160),#6397,.F.);
#17160 = FACE_BOUND('',#17161,.F.);
#17161 = EDGE_LOOP('',(#17162,#17183,#17184,#17185));
#17162 = ORIENTED_EDGE('',*,*,#17163,.T.);
#17163 = EDGE_CURVE('',#12004,#6377,#17164,.T.);
#17164 = SEAM_CURVE('',#17165,(#17169,#17176),.PCURVE_S1.);
#17165 = LINE('',#17166,#17167);
#17166 = CARTESIAN_POINT('',(93.158,-38.0193,-4.6E-02));
#17167 = VECTOR('',#17168,1.);
#17168 = DIRECTION('',(0.,0.,1.));
#17169 = PCURVE('',#6397,#17170);
#17170 = DEFINITIONAL_REPRESENTATION('',(#17171),#17175);
#17171 = LINE('',#17172,#17173);
#17172 = CARTESIAN_POINT('',(0.,0.));
#17173 = VECTOR('',#17174,1.);
#17174 = DIRECTION('',(0.,-1.));
#17175 = ( GEOMETRIC_REPRESENTATION_CONTEXT(2) 
PARAMETRIC_REPRESENTATION_CONTEXT() REPRESENTATION_CONTEXT('2D SPACE',''
  ) );
#17176 = PCURVE('',#6397,#17177);
#17177 = DEFINITIONAL_REPRESENTATION('',(#17178),#17182);
#17178 = LINE('',#17179,#17180);
#17179 = CARTESIAN_POINT('',(6.28318530718,0.));
#17180 = VECTOR('',#17181,1.);
#17181 = DIRECTION('',(0.,-1.));
#17182 = ( GEOMETRIC_REPRESENTATION_CONTEXT(2) 
PARAMETRIC_REPRESENTATION_CONTEXT() REPRESENTATION_CONTEXT('2D SPACE',''
  ) );
#17183 = ORIENTED_EDGE('',*,*,#6376,.T.);
#17184 = ORIENTED_EDGE('',*,*,#17163,.F.);
#17185 = ORIENTED_EDGE('',*,*,#12003,.F.);
#17186 = ADVANCED_FACE('',(#17187),#6432,.F.);
#17187 = FACE_BOUND('',#17188,.F.);
#17188 = EDGE_LOOP('',(#17189,#17210,#17211,#17212));
#17189 = ORIENTED_EDGE('',*,*,#17190,.T.);
#17190 = EDGE_CURVE('',#12034,#6412,#17191,.T.);
#17191 = SEAM_CURVE('',#17192,(#17196,#17203),.PCURVE_S1.);
#17192 = LINE('',#17193,#17194);
#17193 = CARTESIAN_POINT('',(100.718,-40.5193,-4.6E-02));
#17194 = VECTOR('',#17195,1.);
#17195 = DIRECTION('',(0.,0.,1.));
#17196 = PCURVE('',#6432,#17197);
#17197 = DEFINITIONAL_REPRESENTATION('',(#17198),#17202);
#17198 = LINE('',#17199,#17200);
#17199 = CARTESIAN_POINT('',(0.,0.));
#17200 = VECTOR('',#17201,1.);
#17201 = DIRECTION('',(0.,-1.));
#17202 = ( GEOMETRIC_REPRESENTATION_CONTEXT(2) 
PARAMETRIC_REPRESENTATION_CONTEXT() REPRESENTATION_CONTEXT('2D SPACE',''
  ) );
#17203 = PCURVE('',#6432,#17204);
#17204 = DEFINITIONAL_REPRESENTATION('',(#17205),#17209);
#17205 = LINE('',#17206,#17207);
#17206 = CARTESIAN_POINT('',(6.28318530718,0.));
#17207 = VECTOR('',#17208,1.);
#17208 = DIRECTION('',(0.,-1.));
#17209 = ( GEOMETRIC_REPRESENTATION_CONTEXT(2) 
PARAMETRIC_REPRESENTATION_CONTEXT() REPRESENTATION_CONTEXT('2D SPACE',''
  ) );
#17210 = ORIENTED_EDGE('',*,*,#6411,.T.);
#17211 = ORIENTED_EDGE('',*,*,#17190,.F.);
#17212 = ORIENTED_EDGE('',*,*,#12033,.F.);
#17213 = ADVANCED_FACE('',(#17214),#6467,.F.);
#17214 = FACE_BOUND('',#17215,.F.);
#17215 = EDGE_LOOP('',(#17216,#17237,#17238,#17239));
#17216 = ORIENTED_EDGE('',*,*,#17217,.T.);
#17217 = EDGE_CURVE('',#12064,#6447,#17218,.T.);
#17218 = SEAM_CURVE('',#17219,(#17223,#17230),.PCURVE_S1.);
#17219 = LINE('',#17220,#17221);
#17220 = CARTESIAN_POINT('',(105.938,-50.759,-4.6E-02));
#17221 = VECTOR('',#17222,1.);
#17222 = DIRECTION('',(0.,0.,1.));
#17223 = PCURVE('',#6467,#17224);
#17224 = DEFINITIONAL_REPRESENTATION('',(#17225),#17229);
#17225 = LINE('',#17226,#17227);
#17226 = CARTESIAN_POINT('',(0.,0.));
#17227 = VECTOR('',#17228,1.);
#17228 = DIRECTION('',(0.,-1.));
#17229 = ( GEOMETRIC_REPRESENTATION_CONTEXT(2) 
PARAMETRIC_REPRESENTATION_CONTEXT() REPRESENTATION_CONTEXT('2D SPACE',''
  ) );
#17230 = PCURVE('',#6467,#17231);
#17231 = DEFINITIONAL_REPRESENTATION('',(#17232),#17236);
#17232 = LINE('',#17233,#17234);
#17233 = CARTESIAN_POINT('',(6.28318530718,0.));
#17234 = VECTOR('',#17235,1.);
#17235 = DIRECTION('',(0.,-1.));
#17236 = ( GEOMETRIC_REPRESENTATION_CONTEXT(2) 
PARAMETRIC_REPRESENTATION_CONTEXT() REPRESENTATION_CONTEXT('2D SPACE',''
  ) );
#17237 = ORIENTED_EDGE('',*,*,#6446,.T.);
#17238 = ORIENTED_EDGE('',*,*,#17217,.F.);
#17239 = ORIENTED_EDGE('',*,*,#12063,.F.);
#17240 = ADVANCED_FACE('',(#17241),#6502,.F.);
#17241 = FACE_BOUND('',#17242,.F.);
#17242 = EDGE_LOOP('',(#17243,#17264,#17265,#17266));
#17243 = ORIENTED_EDGE('',*,*,#17244,.T.);
#17244 = EDGE_CURVE('',#12094,#6482,#17245,.T.);
#17245 = SEAM_CURVE('',#17246,(#17250,#17257),.PCURVE_S1.);
#17246 = LINE('',#17247,#17248);
#17247 = CARTESIAN_POINT('',(117.0974,-49.1904,-4.6E-02));
#17248 = VECTOR('',#17249,1.);
#17249 = DIRECTION('',(0.,0.,1.));
#17250 = PCURVE('',#6502,#17251);
#17251 = DEFINITIONAL_REPRESENTATION('',(#17252),#17256);
#17252 = LINE('',#17253,#17254);
#17253 = CARTESIAN_POINT('',(0.,0.));
#17254 = VECTOR('',#17255,1.);
#17255 = DIRECTION('',(0.,-1.));
#17256 = ( GEOMETRIC_REPRESENTATION_CONTEXT(2) 
PARAMETRIC_REPRESENTATION_CONTEXT() REPRESENTATION_CONTEXT('2D SPACE',''
  ) );
#17257 = PCURVE('',#6502,#17258);
#17258 = DEFINITIONAL_REPRESENTATION('',(#17259),#17263);
#17259 = LINE('',#17260,#17261);
#17260 = CARTESIAN_POINT('',(6.28318530718,0.));
#17261 = VECTOR('',#17262,1.);
#17262 = DIRECTION('',(0.,-1.));
#17263 = ( GEOMETRIC_REPRESENTATION_CONTEXT(2) 
PARAMETRIC_REPRESENTATION_CONTEXT() REPRESENTATION_CONTEXT('2D SPACE',''
  ) );
#17264 = ORIENTED_EDGE('',*,*,#6481,.T.);
#17265 = ORIENTED_EDGE('',*,*,#17244,.F.);
#17266 = ORIENTED_EDGE('',*,*,#12093,.F.);
#17267 = ADVANCED_FACE('',(#17268),#6537,.F.);
#17268 = FACE_BOUND('',#17269,.F.);
#17269 = EDGE_LOOP('',(#17270,#17291,#17292,#17293));
#17270 = ORIENTED_EDGE('',*,*,#17271,.T.);
#17271 = EDGE_CURVE('',#12124,#6517,#17272,.T.);
#17272 = SEAM_CURVE('',#17273,(#17277,#17284),.PCURVE_S1.);
#17273 = LINE('',#17274,#17275);
#17274 = CARTESIAN_POINT('',(117.0974,-46.6504,-4.6E-02));
#17275 = VECTOR('',#17276,1.);
#17276 = DIRECTION('',(0.,0.,1.));
#17277 = PCURVE('',#6537,#17278);
#17278 = DEFINITIONAL_REPRESENTATION('',(#17279),#17283);
#17279 = LINE('',#17280,#17281);
#17280 = CARTESIAN_POINT('',(0.,0.));
#17281 = VECTOR('',#17282,1.);
#17282 = DIRECTION('',(0.,-1.));
#17283 = ( GEOMETRIC_REPRESENTATION_CONTEXT(2) 
PARAMETRIC_REPRESENTATION_CONTEXT() REPRESENTATION_CONTEXT('2D SPACE',''
  ) );
#17284 = PCURVE('',#6537,#17285);
#17285 = DEFINITIONAL_REPRESENTATION('',(#17286),#17290);
#17286 = LINE('',#17287,#17288);
#17287 = CARTESIAN_POINT('',(6.28318530718,0.));
#17288 = VECTOR('',#17289,1.);
#17289 = DIRECTION('',(0.,-1.));
#17290 = ( GEOMETRIC_REPRESENTATION_CONTEXT(2) 
PARAMETRIC_REPRESENTATION_CONTEXT() REPRESENTATION_CONTEXT('2D SPACE',''
  ) );
#17291 = ORIENTED_EDGE('',*,*,#6516,.T.);
#17292 = ORIENTED_EDGE('',*,*,#17271,.F.);
#17293 = ORIENTED_EDGE('',*,*,#12123,.F.);
#17294 = ADVANCED_FACE('',(#17295),#6572,.F.);
#17295 = FACE_BOUND('',#17296,.F.);
#17296 = EDGE_LOOP('',(#17297,#17318,#17319,#17320));
#17297 = ORIENTED_EDGE('',*,*,#17298,.T.);
#17298 = EDGE_CURVE('',#12154,#6552,#17299,.T.);
#17299 = SEAM_CURVE('',#17300,(#17304,#17311),.PCURVE_S1.);
#17300 = LINE('',#17301,#17302);
#17301 = CARTESIAN_POINT('',(105.938,-45.9385,-4.6E-02));
#17302 = VECTOR('',#17303,1.);
#17303 = DIRECTION('',(0.,0.,1.));
#17304 = PCURVE('',#6572,#17305);
#17305 = DEFINITIONAL_REPRESENTATION('',(#17306),#17310);
#17306 = LINE('',#17307,#17308);
#17307 = CARTESIAN_POINT('',(0.,0.));
#17308 = VECTOR('',#17309,1.);
#17309 = DIRECTION('',(0.,-1.));
#17310 = ( GEOMETRIC_REPRESENTATION_CONTEXT(2) 
PARAMETRIC_REPRESENTATION_CONTEXT() REPRESENTATION_CONTEXT('2D SPACE',''
  ) );
#17311 = PCURVE('',#6572,#17312);
#17312 = DEFINITIONAL_REPRESENTATION('',(#17313),#17317);
#17313 = LINE('',#17314,#17315);
#17314 = CARTESIAN_POINT('',(6.28318530718,0.));
#17315 = VECTOR('',#17316,1.);
#17316 = DIRECTION('',(0.,-1.));
#17317 = ( GEOMETRIC_REPRESENTATION_CONTEXT(2) 
PARAMETRIC_REPRESENTATION_CONTEXT() REPRESENTATION_CONTEXT('2D SPACE',''
  ) );
#17318 = ORIENTED_EDGE('',*,*,#6551,.T.);
#17319 = ORIENTED_EDGE('',*,*,#17298,.F.);
#17320 = ORIENTED_EDGE('',*,*,#12153,.F.);
#17321 = ADVANCED_FACE('',(#17322),#6607,.F.);
#17322 = FACE_BOUND('',#17323,.F.);
#17323 = EDGE_LOOP('',(#17324,#17345,#17346,#17347));
#17324 = ORIENTED_EDGE('',*,*,#17325,.T.);
#17325 = EDGE_CURVE('',#12184,#6587,#17326,.T.);
#17326 = SEAM_CURVE('',#17327,(#17331,#17338),.PCURVE_S1.);
#17327 = LINE('',#17328,#17329);
#17328 = CARTESIAN_POINT('',(111.438,-45.0749,-4.6E-02));
#17329 = VECTOR('',#17330,1.);
#17330 = DIRECTION('',(0.,0.,1.));
#17331 = PCURVE('',#6607,#17332);
#17332 = DEFINITIONAL_REPRESENTATION('',(#17333),#17337);
#17333 = LINE('',#17334,#17335);
#17334 = CARTESIAN_POINT('',(0.,0.));
#17335 = VECTOR('',#17336,1.);
#17336 = DIRECTION('',(0.,-1.));
#17337 = ( GEOMETRIC_REPRESENTATION_CONTEXT(2) 
PARAMETRIC_REPRESENTATION_CONTEXT() REPRESENTATION_CONTEXT('2D SPACE',''
  ) );
#17338 = PCURVE('',#6607,#17339);
#17339 = DEFINITIONAL_REPRESENTATION('',(#17340),#17344);
#17340 = LINE('',#17341,#17342);
#17341 = CARTESIAN_POINT('',(6.28318530718,0.));
#17342 = VECTOR('',#17343,1.);
#17343 = DIRECTION('',(0.,-1.));
#17344 = ( GEOMETRIC_REPRESENTATION_CONTEXT(2) 
PARAMETRIC_REPRESENTATION_CONTEXT() REPRESENTATION_CONTEXT('2D SPACE',''
  ) );
#17345 = ORIENTED_EDGE('',*,*,#6586,.T.);
#17346 = ORIENTED_EDGE('',*,*,#17325,.F.);
#17347 = ORIENTED_EDGE('',*,*,#12183,.F.);
#17348 = ADVANCED_FACE('',(#17349),#6642,.F.);
#17349 = FACE_BOUND('',#17350,.F.);
#17350 = EDGE_LOOP('',(#17351,#17372,#17373,#17374));
#17351 = ORIENTED_EDGE('',*,*,#17352,.T.);
#17352 = EDGE_CURVE('',#12214,#6622,#17353,.T.);
#17353 = SEAM_CURVE('',#17354,(#17358,#17365),.PCURVE_S1.);
#17354 = LINE('',#17355,#17356);
#17355 = CARTESIAN_POINT('',(132.3174,-49.1904,-4.6E-02));
#17356 = VECTOR('',#17357,1.);
#17357 = DIRECTION('',(0.,0.,1.));
#17358 = PCURVE('',#6642,#17359);
#17359 = DEFINITIONAL_REPRESENTATION('',(#17360),#17364);
#17360 = LINE('',#17361,#17362);
#17361 = CARTESIAN_POINT('',(0.,0.));
#17362 = VECTOR('',#17363,1.);
#17363 = DIRECTION('',(0.,-1.));
#17364 = ( GEOMETRIC_REPRESENTATION_CONTEXT(2) 
PARAMETRIC_REPRESENTATION_CONTEXT() REPRESENTATION_CONTEXT('2D SPACE',''
  ) );
#17365 = PCURVE('',#6642,#17366);
#17366 = DEFINITIONAL_REPRESENTATION('',(#17367),#17371);
#17367 = LINE('',#17368,#17369);
#17368 = CARTESIAN_POINT('',(6.28318530718,0.));
#17369 = VECTOR('',#17370,1.);
#17370 = DIRECTION('',(0.,-1.));
#17371 = ( GEOMETRIC_REPRESENTATION_CONTEXT(2) 
PARAMETRIC_REPRESENTATION_CONTEXT() REPRESENTATION_CONTEXT('2D SPACE',''
  ) );
#17372 = ORIENTED_EDGE('',*,*,#6621,.T.);
#17373 = ORIENTED_EDGE('',*,*,#17352,.F.);
#17374 = ORIENTED_EDGE('',*,*,#12213,.F.);
#17375 = ADVANCED_FACE('',(#17376),#6677,.F.);
#17376 = FACE_BOUND('',#17377,.F.);
#17377 = EDGE_LOOP('',(#17378,#17399,#17400,#17401));
#17378 = ORIENTED_EDGE('',*,*,#17379,.T.);
#17379 = EDGE_CURVE('',#12244,#6657,#17380,.T.);
#17380 = SEAM_CURVE('',#17381,(#17385,#17392),.PCURVE_S1.);
#17381 = LINE('',#17382,#17383);
#17382 = CARTESIAN_POINT('',(132.3174,-46.6504,-4.6E-02));
#17383 = VECTOR('',#17384,1.);
#17384 = DIRECTION('',(0.,0.,1.));
#17385 = PCURVE('',#6677,#17386);
#17386 = DEFINITIONAL_REPRESENTATION('',(#17387),#17391);
#17387 = LINE('',#17388,#17389);
#17388 = CARTESIAN_POINT('',(0.,0.));
#17389 = VECTOR('',#17390,1.);
#17390 = DIRECTION('',(0.,-1.));
#17391 = ( GEOMETRIC_REPRESENTATION_CONTEXT(2) 
PARAMETRIC_REPRESENTATION_CONTEXT() REPRESENTATION_CONTEXT('2D SPACE',''
  ) );
#17392 = PCURVE('',#6677,#17393);
#17393 = DEFINITIONAL_REPRESENTATION('',(#17394),#17398);
#17394 = LINE('',#17395,#17396);
#17395 = CARTESIAN_POINT('',(6.28318530718,0.));
#17396 = VECTOR('',#17397,1.);
#17397 = DIRECTION('',(0.,-1.));
#17398 = ( GEOMETRIC_REPRESENTATION_CONTEXT(2) 
PARAMETRIC_REPRESENTATION_CONTEXT() REPRESENTATION_CONTEXT('2D SPACE',''
  ) );
#17399 = ORIENTED_EDGE('',*,*,#6656,.T.);
#17400 = ORIENTED_EDGE('',*,*,#17379,.F.);
#17401 = ORIENTED_EDGE('',*,*,#12243,.F.);
#17402 = ADVANCED_FACE('',(#17403),#6712,.F.);
#17403 = FACE_BOUND('',#17404,.F.);
#17404 = EDGE_LOOP('',(#17405,#17426,#17427,#17428));
#17405 = ORIENTED_EDGE('',*,*,#17406,.T.);
#17406 = EDGE_CURVE('',#12274,#6692,#17407,.T.);
#17407 = SEAM_CURVE('',#17408,(#17412,#17419),.PCURVE_S1.);
#17408 = LINE('',#17409,#17410);
#17409 = CARTESIAN_POINT('',(111.158,-40.5193,-4.6E-02));
#17410 = VECTOR('',#17411,1.);
#17411 = DIRECTION('',(0.,0.,1.));
#17412 = PCURVE('',#6712,#17413);
#17413 = DEFINITIONAL_REPRESENTATION('',(#17414),#17418);
#17414 = LINE('',#17415,#17416);
#17415 = CARTESIAN_POINT('',(0.,0.));
#17416 = VECTOR('',#17417,1.);
#17417 = DIRECTION('',(0.,-1.));
#17418 = ( GEOMETRIC_REPRESENTATION_CONTEXT(2) 
PARAMETRIC_REPRESENTATION_CONTEXT() REPRESENTATION_CONTEXT('2D SPACE',''
  ) );
#17419 = PCURVE('',#6712,#17420);
#17420 = DEFINITIONAL_REPRESENTATION('',(#17421),#17425);
#17421 = LINE('',#17422,#17423);
#17422 = CARTESIAN_POINT('',(6.28318530718,0.));
#17423 = VECTOR('',#17424,1.);
#17424 = DIRECTION('',(0.,-1.));
#17425 = ( GEOMETRIC_REPRESENTATION_CONTEXT(2) 
PARAMETRIC_REPRESENTATION_CONTEXT() REPRESENTATION_CONTEXT('2D SPACE',''
  ) );
#17426 = ORIENTED_EDGE('',*,*,#6691,.T.);
#17427 = ORIENTED_EDGE('',*,*,#17406,.F.);
#17428 = ORIENTED_EDGE('',*,*,#12273,.F.);
#17429 = ( GEOMETRIC_REPRESENTATION_CONTEXT(3) 
GLOBAL_UNCERTAINTY_ASSIGNED_CONTEXT((#17433)) 
GLOBAL_UNIT_ASSIGNED_CONTEXT((#17430,#17431,#17432)) 
REPRESENTATION_CONTEXT('Context #1',
  '3D Context with UNIT and UNCERTAINTY') );
#17430 = ( LENGTH_UNIT() NAMED_UNIT(*) SI_UNIT(.MILLI.,.METRE.) );
#17431 = ( NAMED_UNIT(*) PLANE_ANGLE_UNIT() SI_UNIT($,.RADIAN.) );
#17432 = ( NAMED_UNIT(*) SI_UNIT($,.STERADIAN.) SOLID_ANGLE_UNIT() );
#17433 = UNCERTAINTY_MEASURE_WITH_UNIT(LENGTH_MEASURE(1.E-07),#17430,
  'distance_accuracy_value','confusion accuracy');
#17434 = PRODUCT_RELATED_PRODUCT_CATEGORY('part',$,(#7));
ENDSEC;
END-ISO-10303-21;
