ISO-10303-21;
HEADER;
FILE_DESCRIPTION(('Open CASCADE Model'),'2;1');
FILE_NAME('Open CASCADE Shape Model','2025-11-14T12:00:24',('Author'),(
    'Open CASCADE'),'Open CASCADE STEP processor 7.8','Open CASCADE 7.8'
  ,'Unknown');
FILE_SCHEMA(('AUTOMOTIVE_DESIGN { 1 0 10303 214 1 1 1 1 }'));
ENDSEC;
DATA;
#1 = APPLICATION_PROTOCOL_DEFINITION('international standard',
  'automotive_design',2000,#2);
#2 = APPLICATION_CONTEXT(
  'core data for automotive mechanical design processes');
#3 = SHAPE_DEFINITION_REPRESENTATION(#4,#10);
#4 = PRODUCT_DEFINITION_SHAPE('','',#5);
#5 = PRODUCT_DEFINITION('design','',#6,#9);
#6 = PRODUCT_DEFINITION_FORMATION('','',#7);
#7 = PRODUCT('Open CASCADE STEP translator 7.8 4',
  'Open CASCADE STEP translator 7.8 4','',(#8));
#8 = PRODUCT_CONTEXT('',#2,'mechanical');
#9 = PRODUCT_DEFINITION_CONTEXT('part definition',#2,'design');
#10 = ADVANCED_BREP_SHAPE_REPRESENTATION('',(#11,#15),#17687);
#11 = AXIS2_PLACEMENT_3D('',#12,#13,#14);
#12 = CARTESIAN_POINT('',(0.,0.,0.));
#13 = DIRECTION('',(0.,0.,1.));
#14 = DIRECTION('',(1.,0.,-0.));
#15 = MANIFOLD_SOLID_BREP('',#16);
#16 = CLOSED_SHELL('',(#17,#6690,#6768,#6817,#6866,#6920,#6969,#7019,
    #7068,#7122,#7171,#7225,#7274,#7328,#7377,#7431,#7480,#7534,#7583,
    #7633,#7682,#7736,#7785,#7839,#7888,#7937,#7989,#8034,#8087,#8136,
    #8185,#8234,#8286,#8311,#8365,#8419,#8473,#8527,#8581,#8635,#8689,
    #8743,#8797,#8851,#8905,#8959,#9035,#9084,#9133,#9165,#9219,#9273,
    #9327,#9403,#9452,#9501,#9533,#9587,#9663,#9712,#9761,#9793,#9869,
    #9918,#9967,#9999,#10053,#10107,#10161,#10215,#10269,#10323,#10377,
    #10431,#10485,#10539,#10593,#10647,#10701,#10755,#10809,#10863,
    #10917,#10971,#11025,#11079,#11133,#11187,#11241,#11295,#11349,
    #11403,#11457,#11511,#11565,#11619,#11673,#11727,#11781,#11835,
    #11889,#11943,#11997,#12051,#12105,#12159,#12213,#12267,#12321,
    #12375,#12429,#12483,#12537,#12591,#12645,#12699,#12753,#12807,
    #12861,#12915,#12969,#13023,#13077,#13131,#13185,#13239,#13293,
    #13347,#13401,#13455,#13509,#13563,#13617,#13671,#13725,#13779,
    #13833,#13887,#13941,#13995,#14049,#14103,#14157,#14211,#14265,
    #14319,#14373,#14427,#14481,#14535,#14589,#14643,#14697,#14751,
    #14805,#14859,#14913,#14967,#15021,#15075,#15129,#15183,#15237,
    #15291,#15345,#15399,#15453,#15507,#15561,#15615,#15669,#15723,
    #15777,#15831,#15885,#15939,#15993,#16047,#16101,#16155,#16209,
    #16263,#16317,#16371,#16425,#16479,#16533,#16587,#16641,#16695,
    #16749,#16803,#16857,#16911,#16965,#17019,#17073,#17127,#17181));
#17 = ADVANCED_FACE('',(#18,#979,#1014,#1049,#1084,#1119,#1154,#1189,
    #1224,#1259,#1294,#1329,#1364,#1399,#1523,#1558,#1593,#1628,#1752,
    #1787,#1911,#2035,#2070,#2105,#2140,#2175,#2210,#2245,#2280,#2315,
    #2350,#2385,#2420,#2455,#2490,#2525,#2560,#2595,#2630,#2665,#2700,
    #2735,#2770,#2805,#2840,#2875,#2910,#2945,#2980,#3015,#3050,#3085,
    #3120,#3155,#3190,#3225,#3260,#3295,#3330,#3365,#3400,#3435,#3470,
    #3505,#3540,#3575,#3610,#3645,#3680,#3715,#3750,#3785,#3820,#3855,
    #3890,#3925,#3960,#3995,#4030,#4065,#4100,#4135,#4170,#4205,#4240,
    #4275,#4310,#4345,#4380,#4415,#4450,#4485,#4520,#4555,#4590,#4625,
    #4660,#4695,#4730,#4765,#4800,#4835,#4870,#4905,#4940,#4975,#5010,
    #5045,#5080,#5115,#5150,#5185,#5220,#5255,#5290,#5325,#5360,#5395,
    #5430,#5465,#5500,#5535,#5570,#5605,#5640,#5675,#5710,#5745,#5780,
    #5815,#5850,#5885,#5920,#5955,#5990,#6025,#6060,#6095,#6130,#6165,
    #6200,#6235,#6270,#6305,#6340,#6375,#6410,#6445,#6480,#6515,#6550,
    #6585,#6620,#6655),#33,.T.);
#18 = FACE_BOUND('',#19,.T.);
#19 = EDGE_LOOP('',(#20,#60,#86,#119,#147,#175,#203,#236,#262,#295,#323,
    #351,#384,#412,#445,#473,#502,#530,#563,#591,#624,#652,#685,#713,
    #746,#774,#807,#835,#864,#892,#925,#953));
#20 = ORIENTED_EDGE('',*,*,#21,.T.);
#21 = EDGE_CURVE('',#22,#24,#26,.T.);
#22 = VERTEX_POINT('',#23);
#23 = CARTESIAN_POINT('',(135.61971183391,-49.276,1.51));
#24 = VERTEX_POINT('',#25);
#25 = CARTESIAN_POINT('',(135.61200039789,-49.35073601374,1.51));
#26 = SURFACE_CURVE('',#27,(#32,#48),.PCURVE_S1.);
#27 = CIRCLE('',#28,0.25);
#28 = AXIS2_PLACEMENT_3D('',#29,#30,#31);
#29 = CARTESIAN_POINT('',(135.37,-49.288,1.51));
#30 = DIRECTION('',(0.,0.,-1.));
#31 = DIRECTION('',(0.998847335682,4.800000000201E-02,0.));
#32 = PCURVE('',#33,#38);
#33 = PLANE('',#34);
#34 = AXIS2_PLACEMENT_3D('',#35,#36,#37);
#35 = CARTESIAN_POINT('',(0.,0.,1.51));
#36 = DIRECTION('',(0.,0.,1.));
#37 = DIRECTION('',(1.,0.,0.));
#38 = DEFINITIONAL_REPRESENTATION('',(#39),#47);
#39 = ( BOUNDED_CURVE() B_SPLINE_CURVE(2,(#40,#41,#42,#43,#44,#45,#46),
.UNSPECIFIED.,.T.,.F.) B_SPLINE_CURVE_WITH_KNOTS((1,2,2,2,2,1),(
    -2.094395102393,0.,2.094395102393,4.188790204786,6.28318530718,
8.377580409573),.UNSPECIFIED.) CURVE() GEOMETRIC_REPRESENTATION_ITEM() 
RATIONAL_B_SPLINE_CURVE((1.,0.5,1.,0.5,1.,0.5,1.)) REPRESENTATION_ITEM(
  '') );
#40 = CARTESIAN_POINT('',(135.61971183392,-49.27599999999));
#41 = CARTESIAN_POINT('',(135.64049644361,-49.7085135836));
#42 = CARTESIAN_POINT('',(135.25553638788,-49.5102567918));
#43 = CARTESIAN_POINT('',(134.87057633215,-49.312));
#44 = CARTESIAN_POINT('',(135.23475177819,-49.07774320819));
#45 = CARTESIAN_POINT('',(135.59892722422,-48.84348641639));
#46 = CARTESIAN_POINT('',(135.61971183392,-49.27599999999));
#47 = ( GEOMETRIC_REPRESENTATION_CONTEXT(2) 
PARAMETRIC_REPRESENTATION_CONTEXT() REPRESENTATION_CONTEXT('2D SPACE',''
  ) );
#48 = PCURVE('',#49,#54);
#49 = CYLINDRICAL_SURFACE('',#50,0.25);
#50 = AXIS2_PLACEMENT_3D('',#51,#52,#53);
#51 = CARTESIAN_POINT('',(135.37,-49.288,-4.6E-02));
#52 = DIRECTION('',(-0.,-0.,-1.));
#53 = DIRECTION('',(0.,-1.,0.));
#54 = DEFINITIONAL_REPRESENTATION('',(#55),#59);
#55 = LINE('',#56,#57);
#56 = CARTESIAN_POINT('',(4.664370529246,-1.556));
#57 = VECTOR('',#58,1.);
#58 = DIRECTION('',(1.,0.));
#59 = ( GEOMETRIC_REPRESENTATION_CONTEXT(2) 
PARAMETRIC_REPRESENTATION_CONTEXT() REPRESENTATION_CONTEXT('2D SPACE',''
  ) );
#60 = ORIENTED_EDGE('',*,*,#61,.F.);
#61 = EDGE_CURVE('',#62,#24,#64,.T.);
#62 = VERTEX_POINT('',#63);
#63 = CARTESIAN_POINT('',(135.61200039789,-50.72526398625,1.51));
#64 = SURFACE_CURVE('',#65,(#69,#75),.PCURVE_S1.);
#65 = LINE('',#66,#67);
#66 = CARTESIAN_POINT('',(135.61200039789,-60.04953289001,1.51));
#67 = VECTOR('',#68,1.);
#68 = DIRECTION('',(0.,1.,0.));
#69 = PCURVE('',#33,#70);
#70 = DEFINITIONAL_REPRESENTATION('',(#71),#74);
#71 = B_SPLINE_CURVE_WITH_KNOTS('',1,(#72,#73),.UNSPECIFIED.,.F.,.F.,(2,
    2),(-55.04953289001,32.650463736569),.PIECEWISE_BEZIER_KNOTS.);
#72 = CARTESIAN_POINT('',(135.61200039789,-115.09906578));
#73 = CARTESIAN_POINT('',(135.61200039789,-27.39906915344));
#74 = ( GEOMETRIC_REPRESENTATION_CONTEXT(2) 
PARAMETRIC_REPRESENTATION_CONTEXT() REPRESENTATION_CONTEXT('2D SPACE',''
  ) );
#75 = PCURVE('',#76,#81);
#76 = PLANE('',#77);
#77 = AXIS2_PLACEMENT_3D('',#78,#79,#80);
#78 = CARTESIAN_POINT('',(135.61200039789,-120.09906578,-1.));
#79 = DIRECTION('',(1.,0.,0.));
#80 = DIRECTION('',(0.,0.,1.));
#81 = DEFINITIONAL_REPRESENTATION('',(#82),#85);
#82 = B_SPLINE_CURVE_WITH_KNOTS('',1,(#83,#84),.UNSPECIFIED.,.F.,.F.,(2,
    2),(-55.04953289001,32.650463736569),.PIECEWISE_BEZIER_KNOTS.);
#83 = CARTESIAN_POINT('',(2.51,-5.));
#84 = CARTESIAN_POINT('',(2.51,-92.69999662658));
#85 = ( GEOMETRIC_REPRESENTATION_CONTEXT(2) 
PARAMETRIC_REPRESENTATION_CONTEXT() REPRESENTATION_CONTEXT('2D SPACE',''
  ) );
#86 = ORIENTED_EDGE('',*,*,#87,.T.);
#87 = EDGE_CURVE('',#62,#88,#90,.T.);
#88 = VERTEX_POINT('',#89);
#89 = CARTESIAN_POINT('',(135.61971183391,-50.8,1.51));
#90 = SURFACE_CURVE('',#91,(#96,#107),.PCURVE_S1.);
#91 = CIRCLE('',#92,0.25);
#92 = AXIS2_PLACEMENT_3D('',#93,#94,#95);
#93 = CARTESIAN_POINT('',(135.37,-50.788,1.51));
#94 = DIRECTION('',(-0.,-0.,-1.));
#95 = DIRECTION('',(0.,-1.,0.));
#96 = PCURVE('',#33,#97);
#97 = DEFINITIONAL_REPRESENTATION('',(#98),#106);
#98 = ( BOUNDED_CURVE() B_SPLINE_CURVE(2,(#99,#100,#101,#102,#103,#104,
#105),.UNSPECIFIED.,.T.,.F.) B_SPLINE_CURVE_WITH_KNOTS((1,2,2,2,2,1),(
    -2.094395102393,0.,2.094395102393,4.188790204786,6.28318530718,
8.377580409573),.UNSPECIFIED.) CURVE() GEOMETRIC_REPRESENTATION_ITEM() 
RATIONAL_B_SPLINE_CURVE((1.,0.5,1.,0.5,1.,0.5,1.)) REPRESENTATION_ITEM(
  '') );
#99 = CARTESIAN_POINT('',(135.37,-51.038));
#100 = CARTESIAN_POINT('',(134.9369872981,-51.038));
#101 = CARTESIAN_POINT('',(135.15349364905,-50.663));
#102 = CARTESIAN_POINT('',(135.37,-50.288));
#103 = CARTESIAN_POINT('',(135.58650635094,-50.663));
#104 = CARTESIAN_POINT('',(135.80301270189,-51.038));
#105 = CARTESIAN_POINT('',(135.37,-51.038));
#106 = ( GEOMETRIC_REPRESENTATION_CONTEXT(2) 
PARAMETRIC_REPRESENTATION_CONTEXT() REPRESENTATION_CONTEXT('2D SPACE',''
  ) );
#107 = PCURVE('',#108,#113);
#108 = CYLINDRICAL_SURFACE('',#109,0.25);
#109 = AXIS2_PLACEMENT_3D('',#110,#111,#112);
#110 = CARTESIAN_POINT('',(135.37,-50.788,-4.6E-02));
#111 = DIRECTION('',(-0.,-0.,-1.));
#112 = DIRECTION('',(0.,-1.,0.));
#113 = DEFINITIONAL_REPRESENTATION('',(#114),#118);
#114 = LINE('',#115,#116);
#115 = CARTESIAN_POINT('',(-8.437694987151E-15,-1.556));
#116 = VECTOR('',#117,1.);
#117 = DIRECTION('',(1.,0.));
#118 = ( GEOMETRIC_REPRESENTATION_CONTEXT(2) 
PARAMETRIC_REPRESENTATION_CONTEXT() REPRESENTATION_CONTEXT('2D SPACE',''
  ) );
#119 = ORIENTED_EDGE('',*,*,#120,.F.);
#120 = EDGE_CURVE('',#121,#88,#123,.T.);
#121 = VERTEX_POINT('',#122);
#122 = CARTESIAN_POINT('',(135.69032,-50.8,1.51));
#123 = SURFACE_CURVE('',#124,(#128,#135),.PCURVE_S1.);
#124 = LINE('',#125,#126);
#125 = CARTESIAN_POINT('',(135.69032,-50.8,1.51));
#126 = VECTOR('',#127,1.);
#127 = DIRECTION('',(-1.,0.,0.));
#128 = PCURVE('',#33,#129);
#129 = DEFINITIONAL_REPRESENTATION('',(#130),#134);
#130 = LINE('',#131,#132);
#131 = CARTESIAN_POINT('',(135.69032,-50.8));
#132 = VECTOR('',#133,1.);
#133 = DIRECTION('',(-1.,0.));
#134 = ( GEOMETRIC_REPRESENTATION_CONTEXT(2) 
PARAMETRIC_REPRESENTATION_CONTEXT() REPRESENTATION_CONTEXT('2D SPACE',''
  ) );
#135 = PCURVE('',#136,#141);
#136 = PLANE('',#137);
#137 = AXIS2_PLACEMENT_3D('',#138,#139,#140);
#138 = CARTESIAN_POINT('',(135.69032,-50.8,0.));
#139 = DIRECTION('',(0.,-1.,0.));
#140 = DIRECTION('',(-1.,0.,0.));
#141 = DEFINITIONAL_REPRESENTATION('',(#142),#146);
#142 = LINE('',#143,#144);
#143 = CARTESIAN_POINT('',(0.,-1.51));
#144 = VECTOR('',#145,1.);
#145 = DIRECTION('',(1.,0.));
#146 = ( GEOMETRIC_REPRESENTATION_CONTEXT(2) 
PARAMETRIC_REPRESENTATION_CONTEXT() REPRESENTATION_CONTEXT('2D SPACE',''
  ) );
#147 = ORIENTED_EDGE('',*,*,#148,.F.);
#148 = EDGE_CURVE('',#149,#121,#151,.T.);
#149 = VERTEX_POINT('',#150);
#150 = CARTESIAN_POINT('',(135.69032,-80.772,1.51));
#151 = SURFACE_CURVE('',#152,(#156,#163),.PCURVE_S1.);
#152 = LINE('',#153,#154);
#153 = CARTESIAN_POINT('',(135.69032,-80.772,1.51));
#154 = VECTOR('',#155,1.);
#155 = DIRECTION('',(0.,1.,0.));
#156 = PCURVE('',#33,#157);
#157 = DEFINITIONAL_REPRESENTATION('',(#158),#162);
#158 = LINE('',#159,#160);
#159 = CARTESIAN_POINT('',(135.69032,-80.772));
#160 = VECTOR('',#161,1.);
#161 = DIRECTION('',(0.,1.));
#162 = ( GEOMETRIC_REPRESENTATION_CONTEXT(2) 
PARAMETRIC_REPRESENTATION_CONTEXT() REPRESENTATION_CONTEXT('2D SPACE',''
  ) );
#163 = PCURVE('',#164,#169);
#164 = PLANE('',#165);
#165 = AXIS2_PLACEMENT_3D('',#166,#167,#168);
#166 = CARTESIAN_POINT('',(135.69032,-80.772,0.));
#167 = DIRECTION('',(-1.,0.,0.));
#168 = DIRECTION('',(0.,1.,0.));
#169 = DEFINITIONAL_REPRESENTATION('',(#170),#174);
#170 = LINE('',#171,#172);
#171 = CARTESIAN_POINT('',(0.,-1.51));
#172 = VECTOR('',#173,1.);
#173 = DIRECTION('',(1.,0.));
#174 = ( GEOMETRIC_REPRESENTATION_CONTEXT(2) 
PARAMETRIC_REPRESENTATION_CONTEXT() REPRESENTATION_CONTEXT('2D SPACE',''
  ) );
#175 = ORIENTED_EDGE('',*,*,#176,.F.);
#176 = EDGE_CURVE('',#177,#149,#179,.T.);
#177 = VERTEX_POINT('',#178);
#178 = CARTESIAN_POINT('',(135.61971183391,-80.772,1.51));
#179 = SURFACE_CURVE('',#180,(#184,#191),.PCURVE_S1.);
#180 = LINE('',#181,#182);
#181 = CARTESIAN_POINT('',(133.53368,-80.772,1.51));
#182 = VECTOR('',#183,1.);
#183 = DIRECTION('',(1.,0.,0.));
#184 = PCURVE('',#33,#185);
#185 = DEFINITIONAL_REPRESENTATION('',(#186),#190);
#186 = LINE('',#187,#188);
#187 = CARTESIAN_POINT('',(133.53368,-80.772));
#188 = VECTOR('',#189,1.);
#189 = DIRECTION('',(1.,0.));
#190 = ( GEOMETRIC_REPRESENTATION_CONTEXT(2) 
PARAMETRIC_REPRESENTATION_CONTEXT() REPRESENTATION_CONTEXT('2D SPACE',''
  ) );
#191 = PCURVE('',#192,#197);
#192 = PLANE('',#193);
#193 = AXIS2_PLACEMENT_3D('',#194,#195,#196);
#194 = CARTESIAN_POINT('',(133.53368,-80.772,0.));
#195 = DIRECTION('',(0.,1.,0.));
#196 = DIRECTION('',(1.,0.,0.));
#197 = DEFINITIONAL_REPRESENTATION('',(#198),#202);
#198 = LINE('',#199,#200);
#199 = CARTESIAN_POINT('',(0.,-1.51));
#200 = VECTOR('',#201,1.);
#201 = DIRECTION('',(1.,0.));
#202 = ( GEOMETRIC_REPRESENTATION_CONTEXT(2) 
PARAMETRIC_REPRESENTATION_CONTEXT() REPRESENTATION_CONTEXT('2D SPACE',''
  ) );
#203 = ORIENTED_EDGE('',*,*,#204,.T.);
#204 = EDGE_CURVE('',#177,#205,#207,.T.);
#205 = VERTEX_POINT('',#206);
#206 = CARTESIAN_POINT('',(135.61200039789,-80.84673601374,1.51));
#207 = SURFACE_CURVE('',#208,(#213,#224),.PCURVE_S1.);
#208 = CIRCLE('',#209,0.25);
#209 = AXIS2_PLACEMENT_3D('',#210,#211,#212);
#210 = CARTESIAN_POINT('',(135.37,-80.784,1.51));
#211 = DIRECTION('',(0.,0.,-1.));
#212 = DIRECTION('',(0.998847335682,4.800000000204E-02,0.));
#213 = PCURVE('',#33,#214);
#214 = DEFINITIONAL_REPRESENTATION('',(#215),#223);
#215 = ( BOUNDED_CURVE() B_SPLINE_CURVE(2,(#216,#217,#218,#219,#220,#221
,#222),.UNSPECIFIED.,.T.,.F.) B_SPLINE_CURVE_WITH_KNOTS((1,2,2,2,2,1),(
    -2.094395102393,0.,2.094395102393,4.188790204786,6.28318530718,
8.377580409573),.UNSPECIFIED.) CURVE() GEOMETRIC_REPRESENTATION_ITEM() 
RATIONAL_B_SPLINE_CURVE((1.,0.5,1.,0.5,1.,0.5,1.)) REPRESENTATION_ITEM(
  '') );
#216 = CARTESIAN_POINT('',(135.61971183392,-80.77199999999));
#217 = CARTESIAN_POINT('',(135.64049644361,-81.2045135836));
#218 = CARTESIAN_POINT('',(135.25553638788,-81.0062567918));
#219 = CARTESIAN_POINT('',(134.87057633215,-80.808));
#220 = CARTESIAN_POINT('',(135.23475177819,-80.57374320819));
#221 = CARTESIAN_POINT('',(135.59892722422,-80.33948641639));
#222 = CARTESIAN_POINT('',(135.61971183392,-80.77199999999));
#223 = ( GEOMETRIC_REPRESENTATION_CONTEXT(2) 
PARAMETRIC_REPRESENTATION_CONTEXT() REPRESENTATION_CONTEXT('2D SPACE',''
  ) );
#224 = PCURVE('',#225,#230);
#225 = CYLINDRICAL_SURFACE('',#226,0.25);
#226 = AXIS2_PLACEMENT_3D('',#227,#228,#229);
#227 = CARTESIAN_POINT('',(135.37,-80.784,-4.6E-02));
#228 = DIRECTION('',(-0.,-0.,-1.));
#229 = DIRECTION('',(0.,-1.,0.));
#230 = DEFINITIONAL_REPRESENTATION('',(#231),#235);
#231 = LINE('',#232,#233);
#232 = CARTESIAN_POINT('',(4.664370529246,-1.556));
#233 = VECTOR('',#234,1.);
#234 = DIRECTION('',(1.,0.));
#235 = ( GEOMETRIC_REPRESENTATION_CONTEXT(2) 
PARAMETRIC_REPRESENTATION_CONTEXT() REPRESENTATION_CONTEXT('2D SPACE',''
  ) );
#236 = ORIENTED_EDGE('',*,*,#237,.F.);
#237 = EDGE_CURVE('',#238,#205,#240,.T.);
#238 = VERTEX_POINT('',#239);
#239 = CARTESIAN_POINT('',(135.61200039789,-82.22126398625,1.51));
#240 = SURFACE_CURVE('',#241,(#245,#251),.PCURVE_S1.);
#241 = LINE('',#242,#243);
#242 = CARTESIAN_POINT('',(135.61200039789,-60.04953289001,1.51));
#243 = VECTOR('',#244,1.);
#244 = DIRECTION('',(0.,1.,0.));
#245 = PCURVE('',#33,#246);
#246 = DEFINITIONAL_REPRESENTATION('',(#247),#250);
#247 = B_SPLINE_CURVE_WITH_KNOTS('',1,(#248,#249),.UNSPECIFIED.,.F.,.F.,
  (2,2),(-55.04953289001,32.650463736569),.PIECEWISE_BEZIER_KNOTS.);
#248 = CARTESIAN_POINT('',(135.61200039789,-115.09906578));
#249 = CARTESIAN_POINT('',(135.61200039789,-27.39906915344));
#250 = ( GEOMETRIC_REPRESENTATION_CONTEXT(2) 
PARAMETRIC_REPRESENTATION_CONTEXT() REPRESENTATION_CONTEXT('2D SPACE',''
  ) );
#251 = PCURVE('',#252,#257);
#252 = PLANE('',#253);
#253 = AXIS2_PLACEMENT_3D('',#254,#255,#256);
#254 = CARTESIAN_POINT('',(135.61200039789,-120.09906578,-1.));
#255 = DIRECTION('',(1.,0.,0.));
#256 = DIRECTION('',(0.,0.,1.));
#257 = DEFINITIONAL_REPRESENTATION('',(#258),#261);
#258 = B_SPLINE_CURVE_WITH_KNOTS('',1,(#259,#260),.UNSPECIFIED.,.F.,.F.,
  (2,2),(-55.04953289001,32.650463736569),.PIECEWISE_BEZIER_KNOTS.);
#259 = CARTESIAN_POINT('',(2.51,-5.));
#260 = CARTESIAN_POINT('',(2.51,-92.69999662658));
#261 = ( GEOMETRIC_REPRESENTATION_CONTEXT(2) 
PARAMETRIC_REPRESENTATION_CONTEXT() REPRESENTATION_CONTEXT('2D SPACE',''
  ) );
#262 = ORIENTED_EDGE('',*,*,#263,.T.);
#263 = EDGE_CURVE('',#238,#264,#266,.T.);
#264 = VERTEX_POINT('',#265);
#265 = CARTESIAN_POINT('',(135.61971183392,-82.296,1.51));
#266 = SURFACE_CURVE('',#267,(#272,#283),.PCURVE_S1.);
#267 = CIRCLE('',#268,0.25);
#268 = AXIS2_PLACEMENT_3D('',#269,#270,#271);
#269 = CARTESIAN_POINT('',(135.37,-82.284,1.51));
#270 = DIRECTION('',(-0.,-0.,-1.));
#271 = DIRECTION('',(0.,-1.,0.));
#272 = PCURVE('',#33,#273);
#273 = DEFINITIONAL_REPRESENTATION('',(#274),#282);
#274 = ( BOUNDED_CURVE() B_SPLINE_CURVE(2,(#275,#276,#277,#278,#279,#280
,#281),.UNSPECIFIED.,.T.,.F.) B_SPLINE_CURVE_WITH_KNOTS((1,2,2,2,2,1),(
    -2.094395102393,0.,2.094395102393,4.188790204786,6.28318530718,
8.377580409573),.UNSPECIFIED.) CURVE() GEOMETRIC_REPRESENTATION_ITEM() 
RATIONAL_B_SPLINE_CURVE((1.,0.5,1.,0.5,1.,0.5,1.)) REPRESENTATION_ITEM(
  '') );
#275 = CARTESIAN_POINT('',(135.37,-82.534));
#276 = CARTESIAN_POINT('',(134.9369872981,-82.534));
#277 = CARTESIAN_POINT('',(135.15349364905,-82.159));
#278 = CARTESIAN_POINT('',(135.37,-81.784));
#279 = CARTESIAN_POINT('',(135.58650635094,-82.159));
#280 = CARTESIAN_POINT('',(135.80301270189,-82.534));
#281 = CARTESIAN_POINT('',(135.37,-82.534));
#282 = ( GEOMETRIC_REPRESENTATION_CONTEXT(2) 
PARAMETRIC_REPRESENTATION_CONTEXT() REPRESENTATION_CONTEXT('2D SPACE',''
  ) );
#283 = PCURVE('',#284,#289);
#284 = CYLINDRICAL_SURFACE('',#285,0.25);
#285 = AXIS2_PLACEMENT_3D('',#286,#287,#288);
#286 = CARTESIAN_POINT('',(135.37,-82.284,-4.6E-02));
#287 = DIRECTION('',(-0.,-0.,-1.));
#288 = DIRECTION('',(0.,-1.,0.));
#289 = DEFINITIONAL_REPRESENTATION('',(#290),#294);
#290 = LINE('',#291,#292);
#291 = CARTESIAN_POINT('',(2.153832667773E-14,-1.556));
#292 = VECTOR('',#293,1.);
#293 = DIRECTION('',(1.,0.));
#294 = ( GEOMETRIC_REPRESENTATION_CONTEXT(2) 
PARAMETRIC_REPRESENTATION_CONTEXT() REPRESENTATION_CONTEXT('2D SPACE',''
  ) );
#295 = ORIENTED_EDGE('',*,*,#296,.F.);
#296 = EDGE_CURVE('',#297,#264,#299,.T.);
#297 = VERTEX_POINT('',#298);
#298 = CARTESIAN_POINT('',(135.69032,-82.296,1.51));
#299 = SURFACE_CURVE('',#300,(#304,#311),.PCURVE_S1.);
#300 = LINE('',#301,#302);
#301 = CARTESIAN_POINT('',(135.69032,-82.296,1.51));
#302 = VECTOR('',#303,1.);
#303 = DIRECTION('',(-1.,0.,0.));
#304 = PCURVE('',#33,#305);
#305 = DEFINITIONAL_REPRESENTATION('',(#306),#310);
#306 = LINE('',#307,#308);
#307 = CARTESIAN_POINT('',(135.69032,-82.296));
#308 = VECTOR('',#309,1.);
#309 = DIRECTION('',(-1.,0.));
#310 = ( GEOMETRIC_REPRESENTATION_CONTEXT(2) 
PARAMETRIC_REPRESENTATION_CONTEXT() REPRESENTATION_CONTEXT('2D SPACE',''
  ) );
#311 = PCURVE('',#312,#317);
#312 = PLANE('',#313);
#313 = AXIS2_PLACEMENT_3D('',#314,#315,#316);
#314 = CARTESIAN_POINT('',(135.69032,-82.296,0.));
#315 = DIRECTION('',(0.,-1.,0.));
#316 = DIRECTION('',(-1.,0.,0.));
#317 = DEFINITIONAL_REPRESENTATION('',(#318),#322);
#318 = LINE('',#319,#320);
#319 = CARTESIAN_POINT('',(0.,-1.51));
#320 = VECTOR('',#321,1.);
#321 = DIRECTION('',(1.,0.));
#322 = ( GEOMETRIC_REPRESENTATION_CONTEXT(2) 
PARAMETRIC_REPRESENTATION_CONTEXT() REPRESENTATION_CONTEXT('2D SPACE',''
  ) );
#323 = ORIENTED_EDGE('',*,*,#324,.T.);
#324 = EDGE_CURVE('',#297,#325,#327,.T.);
#325 = VERTEX_POINT('',#326);
#326 = CARTESIAN_POINT('',(135.69032,-108.458,1.51));
#327 = SURFACE_CURVE('',#328,(#332,#339),.PCURVE_S1.);
#328 = LINE('',#329,#330);
#329 = CARTESIAN_POINT('',(135.69032,-82.296,1.51));
#330 = VECTOR('',#331,1.);
#331 = DIRECTION('',(0.,-1.,0.));
#332 = PCURVE('',#33,#333);
#333 = DEFINITIONAL_REPRESENTATION('',(#334),#338);
#334 = LINE('',#335,#336);
#335 = CARTESIAN_POINT('',(135.69032,-82.296));
#336 = VECTOR('',#337,1.);
#337 = DIRECTION('',(0.,-1.));
#338 = ( GEOMETRIC_REPRESENTATION_CONTEXT(2) 
PARAMETRIC_REPRESENTATION_CONTEXT() REPRESENTATION_CONTEXT('2D SPACE',''
  ) );
#339 = PCURVE('',#340,#345);
#340 = PLANE('',#341);
#341 = AXIS2_PLACEMENT_3D('',#342,#343,#344);
#342 = CARTESIAN_POINT('',(135.69032,-108.458,0.));
#343 = DIRECTION('',(-1.,0.,0.));
#344 = DIRECTION('',(0.,1.,0.));
#345 = DEFINITIONAL_REPRESENTATION('',(#346),#350);
#346 = LINE('',#347,#348);
#347 = CARTESIAN_POINT('',(26.162,-1.51));
#348 = VECTOR('',#349,1.);
#349 = DIRECTION('',(-1.,0.));
#350 = ( GEOMETRIC_REPRESENTATION_CONTEXT(2) 
PARAMETRIC_REPRESENTATION_CONTEXT() REPRESENTATION_CONTEXT('2D SPACE',''
  ) );
#351 = ORIENTED_EDGE('',*,*,#352,.F.);
#352 = EDGE_CURVE('',#353,#325,#355,.T.);
#353 = VERTEX_POINT('',#354);
#354 = CARTESIAN_POINT('',(139.938,-113.03,1.51));
#355 = SURFACE_CURVE('',#356,(#361,#372),.PCURVE_S1.);
#356 = CIRCLE('',#357,4.584381200066);
#357 = AXIS2_PLACEMENT_3D('',#358,#359,#360);
#358 = CARTESIAN_POINT('',(140.27470120006,-108.4580000777,1.51));
#359 = DIRECTION('',(0.,0.,-1.));
#360 = DIRECTION('',(-7.344528855078E-02,-0.997299247764,-0.));
#361 = PCURVE('',#33,#362);
#362 = DEFINITIONAL_REPRESENTATION('',(#363),#371);
#363 = ( BOUNDED_CURVE() B_SPLINE_CURVE(2,(#364,#365,#366,#367,#368,#369
,#370),.UNSPECIFIED.,.T.,.F.) B_SPLINE_CURVE_WITH_KNOTS((1,2,2,2,2,1),(
    -2.094395102393,0.,2.094395102393,4.188790204786,6.28318530718,
8.377580409573),.UNSPECIFIED.) CURVE() GEOMETRIC_REPRESENTATION_ITEM() 
RATIONAL_B_SPLINE_CURVE((1.,0.5,1.,0.5,1.,0.5,1.)) REPRESENTATION_ITEM(
  '') );
#364 = CARTESIAN_POINT('',(139.93799999999,-113.0299999999));
#365 = CARTESIAN_POINT('',(132.01906384239,-112.4468164145));
#366 = CARTESIAN_POINT('',(136.48358372129,-105.8804083238));
#367 = CARTESIAN_POINT('',(140.94810360019,-99.31400023312));
#368 = CARTESIAN_POINT('',(144.40251987889,-106.4635919092));
#369 = CARTESIAN_POINT('',(147.85693615759,-113.6131835854));
#370 = CARTESIAN_POINT('',(139.93799999999,-113.0299999999));
#371 = ( GEOMETRIC_REPRESENTATION_CONTEXT(2) 
PARAMETRIC_REPRESENTATION_CONTEXT() REPRESENTATION_CONTEXT('2D SPACE',''
  ) );
#372 = PCURVE('',#373,#378);
#373 = CYLINDRICAL_SURFACE('',#374,4.584381200066);
#374 = AXIS2_PLACEMENT_3D('',#375,#376,#377);
#375 = CARTESIAN_POINT('',(140.27470120006,-108.4580000777,0.));
#376 = DIRECTION('',(0.,0.,-1.));
#377 = DIRECTION('',(-7.344528855078E-02,-0.997299247764,-0.));
#378 = DEFINITIONAL_REPRESENTATION('',(#379),#383);
#379 = LINE('',#380,#381);
#380 = CARTESIAN_POINT('',(0.,-1.51));
#381 = VECTOR('',#382,1.);
#382 = DIRECTION('',(1.,0.));
#383 = ( GEOMETRIC_REPRESENTATION_CONTEXT(2) 
PARAMETRIC_REPRESENTATION_CONTEXT() REPRESENTATION_CONTEXT('2D SPACE',''
  ) );
#384 = ORIENTED_EDGE('',*,*,#385,.F.);
#385 = EDGE_CURVE('',#386,#353,#388,.T.);
#386 = VERTEX_POINT('',#387);
#387 = CARTESIAN_POINT('',(171.939187,-115.091456,1.51));
#388 = SURFACE_CURVE('',#389,(#393,#400),.PCURVE_S1.);
#389 = LINE('',#390,#391);
#390 = CARTESIAN_POINT('',(171.939187,-115.091456,1.51));
#391 = VECTOR('',#392,1.);
#392 = DIRECTION('',(-0.997931588753,6.428486734641E-02,0.));
#393 = PCURVE('',#33,#394);
#394 = DEFINITIONAL_REPRESENTATION('',(#395),#399);
#395 = LINE('',#396,#397);
#396 = CARTESIAN_POINT('',(171.939187,-115.091456));
#397 = VECTOR('',#398,1.);
#398 = DIRECTION('',(-0.997931588753,6.428486734641E-02));
#399 = ( GEOMETRIC_REPRESENTATION_CONTEXT(2) 
PARAMETRIC_REPRESENTATION_CONTEXT() REPRESENTATION_CONTEXT('2D SPACE',''
  ) );
#400 = PCURVE('',#401,#406);
#401 = PLANE('',#402);
#402 = AXIS2_PLACEMENT_3D('',#403,#404,#405);
#403 = CARTESIAN_POINT('',(171.939187,-115.091456,0.));
#404 = DIRECTION('',(-6.428486734641E-02,-0.997931588753,0.));
#405 = DIRECTION('',(-0.997931588753,6.428486734641E-02,0.));
#406 = DEFINITIONAL_REPRESENTATION('',(#407),#411);
#407 = LINE('',#408,#409);
#408 = CARTESIAN_POINT('',(0.,-1.51));
#409 = VECTOR('',#410,1.);
#410 = DIRECTION('',(1.,0.));
#411 = ( GEOMETRIC_REPRESENTATION_CONTEXT(2) 
PARAMETRIC_REPRESENTATION_CONTEXT() REPRESENTATION_CONTEXT('2D SPACE',''
  ) );
#412 = ORIENTED_EDGE('',*,*,#413,.F.);
#413 = EDGE_CURVE('',#414,#386,#416,.T.);
#414 = VERTEX_POINT('',#415);
#415 = CARTESIAN_POINT('',(172.45,-115.062,1.51));
#416 = SURFACE_CURVE('',#417,(#422,#433),.PCURVE_S1.);
#417 = CIRCLE('',#418,1.680911916124);
#418 = AXIS2_PLACEMENT_3D('',#419,#420,#421);
#419 = CARTESIAN_POINT('',(172.09895192519,-113.4181538639,1.51));
#420 = DIRECTION('',(0.,-0.,-1.));
#421 = DIRECTION('',(0.208843825448,-0.977949005098,0.));
#422 = PCURVE('',#33,#423);
#423 = DEFINITIONAL_REPRESENTATION('',(#424),#432);
#424 = ( BOUNDED_CURVE() B_SPLINE_CURVE(2,(#425,#426,#427,#428,#429,#430
,#431),.UNSPECIFIED.,.T.,.F.) B_SPLINE_CURVE_WITH_KNOTS((1,2,2,2,2,1),(
    -2.094395102393,0.,2.094395102393,4.188790204786,6.28318530718,
8.377580409573),.UNSPECIFIED.) CURVE() GEOMETRIC_REPRESENTATION_ITEM() 
RATIONAL_B_SPLINE_CURVE((1.,0.5,1.,0.5,1.,0.5,1.)) REPRESENTATION_ITEM(
  '') );
#425 = CARTESIAN_POINT('',(172.44999999999,-115.0619999999));
#426 = CARTESIAN_POINT('',(169.60277497256,-115.6700331013));
#427 = CARTESIAN_POINT('',(170.49981537407,-112.9002473466));
#428 = CARTESIAN_POINT('',(171.39685577558,-110.1304615918));
#429 = CARTESIAN_POINT('',(173.3470404015,-112.2922142451));
#430 = CARTESIAN_POINT('',(175.29722502742,-114.4539668984));
#431 = CARTESIAN_POINT('',(172.44999999999,-115.0619999999));
#432 = ( GEOMETRIC_REPRESENTATION_CONTEXT(2) 
PARAMETRIC_REPRESENTATION_CONTEXT() REPRESENTATION_CONTEXT('2D SPACE',''
  ) );
#433 = PCURVE('',#434,#439);
#434 = CYLINDRICAL_SURFACE('',#435,1.680911916124);
#435 = AXIS2_PLACEMENT_3D('',#436,#437,#438);
#436 = CARTESIAN_POINT('',(172.09895192519,-113.4181538639,0.));
#437 = DIRECTION('',(0.,0.,-1.));
#438 = DIRECTION('',(0.208843825448,-0.977949005098,0.));
#439 = DEFINITIONAL_REPRESENTATION('',(#440),#444);
#440 = LINE('',#441,#442);
#441 = CARTESIAN_POINT('',(0.,-1.51));
#442 = VECTOR('',#443,1.);
#443 = DIRECTION('',(1.,0.));
#444 = ( GEOMETRIC_REPRESENTATION_CONTEXT(2) 
PARAMETRIC_REPRESENTATION_CONTEXT() REPRESENTATION_CONTEXT('2D SPACE',''
  ) );
#445 = ORIENTED_EDGE('',*,*,#446,.F.);
#446 = EDGE_CURVE('',#447,#414,#449,.T.);
#447 = VERTEX_POINT('',#448);
#448 = CARTESIAN_POINT('',(182.61,-113.284,1.51));
#449 = SURFACE_CURVE('',#450,(#454,#461),.PCURVE_S1.);
#450 = LINE('',#451,#452);
#451 = CARTESIAN_POINT('',(182.61,-113.284,1.51));
#452 = VECTOR('',#453,1.);
#453 = DIRECTION('',(-0.985030467156,-0.172380331752,0.));
#454 = PCURVE('',#33,#455);
#455 = DEFINITIONAL_REPRESENTATION('',(#456),#460);
#456 = LINE('',#457,#458);
#457 = CARTESIAN_POINT('',(182.61,-113.284));
#458 = VECTOR('',#459,1.);
#459 = DIRECTION('',(-0.985030467156,-0.172380331752));
#460 = ( GEOMETRIC_REPRESENTATION_CONTEXT(2) 
PARAMETRIC_REPRESENTATION_CONTEXT() REPRESENTATION_CONTEXT('2D SPACE',''
  ) );
#461 = PCURVE('',#462,#467);
#462 = PLANE('',#463);
#463 = AXIS2_PLACEMENT_3D('',#464,#465,#466);
#464 = CARTESIAN_POINT('',(182.61,-113.284,0.));
#465 = DIRECTION('',(0.172380331752,-0.985030467156,0.));
#466 = DIRECTION('',(-0.985030467156,-0.172380331752,0.));
#467 = DEFINITIONAL_REPRESENTATION('',(#468),#472);
#468 = LINE('',#469,#470);
#469 = CARTESIAN_POINT('',(0.,-1.51));
#470 = VECTOR('',#471,1.);
#471 = DIRECTION('',(1.,0.));
#472 = ( GEOMETRIC_REPRESENTATION_CONTEXT(2) 
PARAMETRIC_REPRESENTATION_CONTEXT() REPRESENTATION_CONTEXT('2D SPACE',''
  ) );
#473 = ORIENTED_EDGE('',*,*,#474,.F.);
#474 = EDGE_CURVE('',#475,#447,#477,.T.);
#475 = VERTEX_POINT('',#476);
#476 = CARTESIAN_POINT('',(210.440454,-110.725903,1.51));
#477 = SURFACE_CURVE('',#478,(#483,#490),.PCURVE_S1.);
#478 = CIRCLE('',#479,123.23917588978);
#479 = AXIS2_PLACEMENT_3D('',#480,#481,#482);
#480 = CARTESIAN_POINT('',(207.73272412077,-233.9353290716,1.51));
#481 = DIRECTION('',(0.,-0.,1.));
#482 = DIRECTION('',(2.197134036054E-02,0.999758600965,0.));
#483 = PCURVE('',#33,#484);
#484 = DEFINITIONAL_REPRESENTATION('',(#485),#489);
#485 = CIRCLE('',#486,123.23917588978);
#486 = AXIS2_PLACEMENT_2D('',#487,#488);
#487 = CARTESIAN_POINT('',(207.73272412077,-233.9353290716));
#488 = DIRECTION('',(2.197134036054E-02,0.999758600965));
#489 = ( GEOMETRIC_REPRESENTATION_CONTEXT(2) 
PARAMETRIC_REPRESENTATION_CONTEXT() REPRESENTATION_CONTEXT('2D SPACE',''
  ) );
#490 = PCURVE('',#491,#496);
#491 = CYLINDRICAL_SURFACE('',#492,123.23917588978);
#492 = AXIS2_PLACEMENT_3D('',#493,#494,#495);
#493 = CARTESIAN_POINT('',(207.73272412077,-233.9353290716,0.));
#494 = DIRECTION('',(-0.,-0.,-1.));
#495 = DIRECTION('',(2.197134036054E-02,0.999758600965,0.));
#496 = DEFINITIONAL_REPRESENTATION('',(#497),#501);
#497 = LINE('',#498,#499);
#498 = CARTESIAN_POINT('',(6.28318530718,-1.51));
#499 = VECTOR('',#500,1.);
#500 = DIRECTION('',(-1.,0.));
#501 = ( GEOMETRIC_REPRESENTATION_CONTEXT(2) 
PARAMETRIC_REPRESENTATION_CONTEXT() REPRESENTATION_CONTEXT('2D SPACE',''
  ) );
#502 = ORIENTED_EDGE('',*,*,#503,.F.);
#503 = EDGE_CURVE('',#504,#475,#506,.T.);
#504 = VERTEX_POINT('',#505);
#505 = CARTESIAN_POINT('',(233.674052,-111.575617,1.51));
#506 = SURFACE_CURVE('',#507,(#511,#518),.PCURVE_S1.);
#507 = LINE('',#508,#509);
#508 = CARTESIAN_POINT('',(233.674052,-111.575617,1.51));
#509 = VECTOR('',#510,1.);
#510 = DIRECTION('',(-0.999331891177,3.654820482734E-02,0.));
#511 = PCURVE('',#33,#512);
#512 = DEFINITIONAL_REPRESENTATION('',(#513),#517);
#513 = LINE('',#514,#515);
#514 = CARTESIAN_POINT('',(233.674052,-111.575617));
#515 = VECTOR('',#516,1.);
#516 = DIRECTION('',(-0.999331891177,3.654820482734E-02));
#517 = ( GEOMETRIC_REPRESENTATION_CONTEXT(2) 
PARAMETRIC_REPRESENTATION_CONTEXT() REPRESENTATION_CONTEXT('2D SPACE',''
  ) );
#518 = PCURVE('',#519,#524);
#519 = PLANE('',#520);
#520 = AXIS2_PLACEMENT_3D('',#521,#522,#523);
#521 = CARTESIAN_POINT('',(233.674052,-111.575617,0.));
#522 = DIRECTION('',(-3.654820482734E-02,-0.999331891177,0.));
#523 = DIRECTION('',(-0.999331891177,3.654820482734E-02,0.));
#524 = DEFINITIONAL_REPRESENTATION('',(#525),#529);
#525 = LINE('',#526,#527);
#526 = CARTESIAN_POINT('',(0.,-1.51));
#527 = VECTOR('',#528,1.);
#528 = DIRECTION('',(1.,0.));
#529 = ( GEOMETRIC_REPRESENTATION_CONTEXT(2) 
PARAMETRIC_REPRESENTATION_CONTEXT() REPRESENTATION_CONTEXT('2D SPACE',''
  ) );
#530 = ORIENTED_EDGE('',*,*,#531,.F.);
#531 = EDGE_CURVE('',#532,#504,#534,.T.);
#532 = VERTEX_POINT('',#533);
#533 = CARTESIAN_POINT('',(240.263602,-107.848346,1.51));
#534 = SURFACE_CURVE('',#535,(#540,#551),.PCURVE_S1.);
#535 = CIRCLE('',#536,9.094471180767);
#536 = AXIS2_PLACEMENT_3D('',#537,#538,#539);
#537 = CARTESIAN_POINT('',(232.89760537793,-102.514351266,1.51));
#538 = DIRECTION('',(0.,0.,-1.));
#539 = DIRECTION('',(0.809942268841,-0.58650960874,0.));
#540 = PCURVE('',#33,#541);
#541 = DEFINITIONAL_REPRESENTATION('',(#542),#550);
#542 = ( BOUNDED_CURVE() B_SPLINE_CURVE(2,(#543,#544,#545,#546,#547,#548
,#549),.UNSPECIFIED.,.T.,.F.) B_SPLINE_CURVE_WITH_KNOTS((1,2,2,2,2,1),(
    -2.094395102393,0.,2.094395102393,4.188790204786,6.28318530718,
8.377580409573),.UNSPECIFIED.) CURVE() GEOMETRIC_REPRESENTATION_ITEM() 
RATIONAL_B_SPLINE_CURVE((1.,0.5,1.,0.5,1.,0.5,1.)) REPRESENTATION_ITEM(
  '') );
#543 = CARTESIAN_POINT('',(240.26360199999,-107.8483459999));
#544 = CARTESIAN_POINT('',(231.02485211352,-120.6066263977));
#545 = CARTESIAN_POINT('',(224.59523212366,-106.2264940979));
#546 = CARTESIAN_POINT('',(218.1656121338,-91.84636179814));
#547 = CARTESIAN_POINT('',(233.83398201013,-93.46821370014));
#548 = CARTESIAN_POINT('',(249.50235188646,-95.09006560214));
#549 = CARTESIAN_POINT('',(240.26360199999,-107.8483459999));
#550 = ( GEOMETRIC_REPRESENTATION_CONTEXT(2) 
PARAMETRIC_REPRESENTATION_CONTEXT() REPRESENTATION_CONTEXT('2D SPACE',''
  ) );
#551 = PCURVE('',#552,#557);
#552 = CYLINDRICAL_SURFACE('',#553,9.094471180767);
#553 = AXIS2_PLACEMENT_3D('',#554,#555,#556);
#554 = CARTESIAN_POINT('',(232.89760537793,-102.514351266,0.));
#555 = DIRECTION('',(0.,0.,-1.));
#556 = DIRECTION('',(0.809942268841,-0.58650960874,0.));
#557 = DEFINITIONAL_REPRESENTATION('',(#558),#562);
#558 = LINE('',#559,#560);
#559 = CARTESIAN_POINT('',(0.,-1.51));
#560 = VECTOR('',#561,1.);
#561 = DIRECTION('',(1.,0.));
#562 = ( GEOMETRIC_REPRESENTATION_CONTEXT(2) 
PARAMETRIC_REPRESENTATION_CONTEXT() REPRESENTATION_CONTEXT('2D SPACE',''
  ) );
#563 = ORIENTED_EDGE('',*,*,#564,.F.);
#564 = EDGE_CURVE('',#565,#532,#567,.T.);
#565 = VERTEX_POINT('',#566);
#566 = CARTESIAN_POINT('',(253.73,-57.822,1.51));
#567 = SURFACE_CURVE('',#568,(#572,#579),.PCURVE_S1.);
#568 = LINE('',#569,#570);
#569 = CARTESIAN_POINT('',(253.73,-57.822,1.51));
#570 = VECTOR('',#571,1.);
#571 = DIRECTION('',(-0.259933273088,-0.965626580797,0.));
#572 = PCURVE('',#33,#573);
#573 = DEFINITIONAL_REPRESENTATION('',(#574),#578);
#574 = LINE('',#575,#576);
#575 = CARTESIAN_POINT('',(253.73,-57.822));
#576 = VECTOR('',#577,1.);
#577 = DIRECTION('',(-0.259933273088,-0.965626580797));
#578 = ( GEOMETRIC_REPRESENTATION_CONTEXT(2) 
PARAMETRIC_REPRESENTATION_CONTEXT() REPRESENTATION_CONTEXT('2D SPACE',''
  ) );
#579 = PCURVE('',#580,#585);
#580 = PLANE('',#581);
#581 = AXIS2_PLACEMENT_3D('',#582,#583,#584);
#582 = CARTESIAN_POINT('',(253.73,-57.822,0.));
#583 = DIRECTION('',(0.965626580797,-0.259933273088,0.));
#584 = DIRECTION('',(-0.259933273088,-0.965626580797,0.));
#585 = DEFINITIONAL_REPRESENTATION('',(#586),#590);
#586 = LINE('',#587,#588);
#587 = CARTESIAN_POINT('',(0.,-1.51));
#588 = VECTOR('',#589,1.);
#589 = DIRECTION('',(1.,0.));
#590 = ( GEOMETRIC_REPRESENTATION_CONTEXT(2) 
PARAMETRIC_REPRESENTATION_CONTEXT() REPRESENTATION_CONTEXT('2D SPACE',''
  ) );
#591 = ORIENTED_EDGE('',*,*,#592,.F.);
#592 = EDGE_CURVE('',#593,#565,#595,.T.);
#593 = VERTEX_POINT('',#594);
#594 = CARTESIAN_POINT('',(252.378161,-52.13132,1.51));
#595 = SURFACE_CURVE('',#596,(#601,#612),.PCURVE_S1.);
#596 = CIRCLE('',#597,5.57372241739);
#597 = AXIS2_PLACEMENT_3D('',#598,#599,#600);
#598 = CARTESIAN_POINT('',(248.43770248267,-56.07329517234,1.51));
#599 = DIRECTION('',(0.,0.,-1.));
#600 = DIRECTION('',(0.706970714047,0.707242822148,0.));
#601 = PCURVE('',#33,#602);
#602 = DEFINITIONAL_REPRESENTATION('',(#603),#611);
#603 = ( BOUNDED_CURVE() B_SPLINE_CURVE(2,(#604,#605,#606,#607,#608,#609
,#610),.UNSPECIFIED.,.T.,.F.) B_SPLINE_CURVE_WITH_KNOTS((1,2,2,2,2,1),(
    -2.094395102393,0.,2.094395102393,4.188790204786,6.28318530718,
8.377580409573),.UNSPECIFIED.) CURVE() GEOMETRIC_REPRESENTATION_ITEM() 
RATIONAL_B_SPLINE_CURVE((1.,0.5,1.,0.5,1.,0.5,1.)) REPRESENTATION_ITEM(
  '') );
#604 = CARTESIAN_POINT('',(252.37816099999,-52.13131999999));
#605 = CARTESIAN_POINT('',(259.20586228066,-58.95639435711));
#606 = CARTESIAN_POINT('',(249.88132386434,-61.45681993707));
#607 = CARTESIAN_POINT('',(240.55678544802,-63.95724551702));
#608 = CARTESIAN_POINT('',(243.05362258367,-54.63174557995));
#609 = CARTESIAN_POINT('',(245.55045971931,-45.30624564287));
#610 = CARTESIAN_POINT('',(252.37816099999,-52.13131999999));
#611 = ( GEOMETRIC_REPRESENTATION_CONTEXT(2) 
PARAMETRIC_REPRESENTATION_CONTEXT() REPRESENTATION_CONTEXT('2D SPACE',''
  ) );
#612 = PCURVE('',#613,#618);
#613 = CYLINDRICAL_SURFACE('',#614,5.57372241739);
#614 = AXIS2_PLACEMENT_3D('',#615,#616,#617);
#615 = CARTESIAN_POINT('',(248.43770248267,-56.07329517234,0.));
#616 = DIRECTION('',(0.,0.,-1.));
#617 = DIRECTION('',(0.706970714047,0.707242822148,0.));
#618 = DEFINITIONAL_REPRESENTATION('',(#619),#623);
#619 = LINE('',#620,#621);
#620 = CARTESIAN_POINT('',(0.,-1.51));
#621 = VECTOR('',#622,1.);
#622 = DIRECTION('',(1.,0.));
#623 = ( GEOMETRIC_REPRESENTATION_CONTEXT(2) 
PARAMETRIC_REPRESENTATION_CONTEXT() REPRESENTATION_CONTEXT('2D SPACE',''
  ) );
#624 = ORIENTED_EDGE('',*,*,#625,.F.);
#625 = EDGE_CURVE('',#626,#593,#628,.T.);
#626 = VERTEX_POINT('',#627);
#627 = CARTESIAN_POINT('',(232.215515,-31.17335,1.51));
#628 = SURFACE_CURVE('',#629,(#633,#640),.PCURVE_S1.);
#629 = LINE('',#630,#631);
#630 = CARTESIAN_POINT('',(232.215515,-31.17335,1.51));
#631 = VECTOR('',#632,1.);
#632 = DIRECTION('',(0.693300789932,-0.720648329409,0.));
#633 = PCURVE('',#33,#634);
#634 = DEFINITIONAL_REPRESENTATION('',(#635),#639);
#635 = LINE('',#636,#637);
#636 = CARTESIAN_POINT('',(232.215515,-31.17335));
#637 = VECTOR('',#638,1.);
#638 = DIRECTION('',(0.693300789932,-0.720648329409));
#639 = ( GEOMETRIC_REPRESENTATION_CONTEXT(2) 
PARAMETRIC_REPRESENTATION_CONTEXT() REPRESENTATION_CONTEXT('2D SPACE',''
  ) );
#640 = PCURVE('',#641,#646);
#641 = PLANE('',#642);
#642 = AXIS2_PLACEMENT_3D('',#643,#644,#645);
#643 = CARTESIAN_POINT('',(232.215515,-31.17335,0.));
#644 = DIRECTION('',(0.720648329409,0.693300789932,0.));
#645 = DIRECTION('',(0.693300789932,-0.720648329409,0.));
#646 = DEFINITIONAL_REPRESENTATION('',(#647),#651);
#647 = LINE('',#648,#649);
#648 = CARTESIAN_POINT('',(0.,-1.51));
#649 = VECTOR('',#650,1.);
#650 = DIRECTION('',(1.,0.));
#651 = ( GEOMETRIC_REPRESENTATION_CONTEXT(2) 
PARAMETRIC_REPRESENTATION_CONTEXT() REPRESENTATION_CONTEXT('2D SPACE',''
  ) );
#652 = ORIENTED_EDGE('',*,*,#653,.F.);
#653 = EDGE_CURVE('',#654,#626,#656,.T.);
#654 = VERTEX_POINT('',#655);
#655 = CARTESIAN_POINT('',(223.758,-27.432,1.51));
#656 = SURFACE_CURVE('',#657,(#662,#673),.PCURVE_S1.);
#657 = CIRCLE('',#658,11.430005655952);
#658 = AXIS2_PLACEMENT_3D('',#659,#660,#661);
#659 = CARTESIAN_POINT('',(223.7579974269,-38.86200565595,1.51));
#660 = DIRECTION('',(0.,0.,-1.));
#661 = DIRECTION('',(2.251179943102E-07,1.,0.));
#662 = PCURVE('',#33,#663);
#663 = DEFINITIONAL_REPRESENTATION('',(#664),#672);
#664 = ( BOUNDED_CURVE() B_SPLINE_CURVE(2,(#665,#666,#667,#668,#669,#670
,#671),.UNSPECIFIED.,.T.,.F.) B_SPLINE_CURVE_WITH_KNOTS((1,2,2,2,2,1),(
    -2.094395102393,0.,2.094395102393,4.188790204786,6.28318530718,
8.377580409573),.UNSPECIFIED.) CURVE() GEOMETRIC_REPRESENTATION_ITEM() 
RATIONAL_B_SPLINE_CURVE((1.,0.5,1.,0.5,1.,0.5,1.)) REPRESENTATION_ITEM(
  '') );
#665 = CARTESIAN_POINT('',(223.758,-27.43199999999));
#666 = CARTESIAN_POINT('',(243.5553505269,-27.43200445673));
#667 = CARTESIAN_POINT('',(233.6566714038,-44.57701071229));
#668 = CARTESIAN_POINT('',(223.7579922807,-61.72201696785));
#669 = CARTESIAN_POINT('',(213.85932087689,-44.57700625555));
#670 = CARTESIAN_POINT('',(203.96064947309,-27.43199554325));
#671 = CARTESIAN_POINT('',(223.758,-27.43199999999));
#672 = ( GEOMETRIC_REPRESENTATION_CONTEXT(2) 
PARAMETRIC_REPRESENTATION_CONTEXT() REPRESENTATION_CONTEXT('2D SPACE',''
  ) );
#673 = PCURVE('',#674,#679);
#674 = CYLINDRICAL_SURFACE('',#675,11.430005655952);
#675 = AXIS2_PLACEMENT_3D('',#676,#677,#678);
#676 = CARTESIAN_POINT('',(223.7579974269,-38.86200565595,0.));
#677 = DIRECTION('',(0.,0.,-1.));
#678 = DIRECTION('',(2.251179943102E-07,1.,0.));
#679 = DEFINITIONAL_REPRESENTATION('',(#680),#684);
#680 = LINE('',#681,#682);
#681 = CARTESIAN_POINT('',(0.,-1.51));
#682 = VECTOR('',#683,1.);
#683 = DIRECTION('',(1.,0.));
#684 = ( GEOMETRIC_REPRESENTATION_CONTEXT(2) 
PARAMETRIC_REPRESENTATION_CONTEXT() REPRESENTATION_CONTEXT('2D SPACE',''
  ) );
#685 = ORIENTED_EDGE('',*,*,#686,.F.);
#686 = EDGE_CURVE('',#687,#654,#689,.T.);
#687 = VERTEX_POINT('',#688);
#688 = CARTESIAN_POINT('',(193.786528,-27.407567,1.51));
#689 = SURFACE_CURVE('',#690,(#694,#701),.PCURVE_S1.);
#690 = LINE('',#691,#692);
#691 = CARTESIAN_POINT('',(193.786528,-27.407567,1.51));
#692 = VECTOR('',#693,1.);
#693 = DIRECTION('',(0.999999667718,-8.152082714301E-04,0.));
#694 = PCURVE('',#33,#695);
#695 = DEFINITIONAL_REPRESENTATION('',(#696),#700);
#696 = LINE('',#697,#698);
#697 = CARTESIAN_POINT('',(193.786528,-27.407567));
#698 = VECTOR('',#699,1.);
#699 = DIRECTION('',(0.999999667718,-8.152082714301E-04));
#700 = ( GEOMETRIC_REPRESENTATION_CONTEXT(2) 
PARAMETRIC_REPRESENTATION_CONTEXT() REPRESENTATION_CONTEXT('2D SPACE',''
  ) );
#701 = PCURVE('',#702,#707);
#702 = PLANE('',#703);
#703 = AXIS2_PLACEMENT_3D('',#704,#705,#706);
#704 = CARTESIAN_POINT('',(193.786528,-27.407567,0.));
#705 = DIRECTION('',(8.152082714301E-04,0.999999667718,0.));
#706 = DIRECTION('',(0.999999667718,-8.152082714301E-04,0.));
#707 = DEFINITIONAL_REPRESENTATION('',(#708),#712);
#708 = LINE('',#709,#710);
#709 = CARTESIAN_POINT('',(0.,-1.51));
#710 = VECTOR('',#711,1.);
#711 = DIRECTION('',(1.,0.));
#712 = ( GEOMETRIC_REPRESENTATION_CONTEXT(2) 
PARAMETRIC_REPRESENTATION_CONTEXT() REPRESENTATION_CONTEXT('2D SPACE',''
  ) );
#713 = ORIENTED_EDGE('',*,*,#714,.F.);
#714 = EDGE_CURVE('',#715,#687,#717,.T.);
#715 = VERTEX_POINT('',#716);
#716 = CARTESIAN_POINT('',(184.858393,-28.321399,1.51));
#717 = SURFACE_CURVE('',#718,(#723,#734),.PCURVE_S1.);
#718 = CIRCLE('',#719,36.395751903927);
#719 = AXIS2_PLACEMENT_3D('',#720,#721,#722);
#720 = CARTESIAN_POINT('',(193.0000810431,-63.79482105737,1.51));
#721 = DIRECTION('',(0.,0.,-1.));
#722 = DIRECTION('',(-0.223698855421,0.974658310426,0.));
#723 = PCURVE('',#33,#724);
#724 = DEFINITIONAL_REPRESENTATION('',(#725),#733);
#725 = ( BOUNDED_CURVE() B_SPLINE_CURVE(2,(#726,#727,#728,#729,#730,#731
,#732),.UNSPECIFIED.,.T.,.F.) B_SPLINE_CURVE_WITH_KNOTS((1,2,2,2,2,1),(
    -2.094395102393,0.,2.094395102393,4.188790204786,6.28318530718,
8.377580409573),.UNSPECIFIED.) CURVE() GEOMETRIC_REPRESENTATION_ITEM() 
RATIONAL_B_SPLINE_CURVE((1.,0.5,1.,0.5,1.,0.5,1.)) REPRESENTATION_ITEM(
  '') );
#726 = CARTESIAN_POINT('',(184.858393,-28.32139899998));
#727 = CARTESIAN_POINT('',(246.30016232171,-14.21958164996));
#728 = CARTESIAN_POINT('',(227.7918097255,-74.48062341104));
#729 = CARTESIAN_POINT('',(209.28345712929,-134.7416651721));
#730 = CARTESIAN_POINT('',(166.35004040379,-88.58244076107));
#731 = CARTESIAN_POINT('',(123.41662367828,-42.42321635001));
#732 = CARTESIAN_POINT('',(184.858393,-28.32139899998));
#733 = ( GEOMETRIC_REPRESENTATION_CONTEXT(2) 
PARAMETRIC_REPRESENTATION_CONTEXT() REPRESENTATION_CONTEXT('2D SPACE',''
  ) );
#734 = PCURVE('',#735,#740);
#735 = CYLINDRICAL_SURFACE('',#736,36.395751903927);
#736 = AXIS2_PLACEMENT_3D('',#737,#738,#739);
#737 = CARTESIAN_POINT('',(193.0000810431,-63.79482105737,0.));
#738 = DIRECTION('',(0.,0.,-1.));
#739 = DIRECTION('',(-0.223698855421,0.974658310426,0.));
#740 = DEFINITIONAL_REPRESENTATION('',(#741),#745);
#741 = LINE('',#742,#743);
#742 = CARTESIAN_POINT('',(0.,-1.51));
#743 = VECTOR('',#744,1.);
#744 = DIRECTION('',(1.,0.));
#745 = ( GEOMETRIC_REPRESENTATION_CONTEXT(2) 
PARAMETRIC_REPRESENTATION_CONTEXT() REPRESENTATION_CONTEXT('2D SPACE',''
  ) );
#746 = ORIENTED_EDGE('',*,*,#747,.F.);
#747 = EDGE_CURVE('',#748,#715,#750,.T.);
#748 = VERTEX_POINT('',#749);
#749 = CARTESIAN_POINT('',(158.476201,-33.50343,1.51));
#750 = SURFACE_CURVE('',#751,(#755,#762),.PCURVE_S1.);
#751 = LINE('',#752,#753);
#752 = CARTESIAN_POINT('',(158.476201,-33.50343,1.51));
#753 = VECTOR('',#754,1.);
#754 = DIRECTION('',(0.981250123887,0.192738668596,0.));
#755 = PCURVE('',#33,#756);
#756 = DEFINITIONAL_REPRESENTATION('',(#757),#761);
#757 = LINE('',#758,#759);
#758 = CARTESIAN_POINT('',(158.476201,-33.50343));
#759 = VECTOR('',#760,1.);
#760 = DIRECTION('',(0.981250123887,0.192738668596));
#761 = ( GEOMETRIC_REPRESENTATION_CONTEXT(2) 
PARAMETRIC_REPRESENTATION_CONTEXT() REPRESENTATION_CONTEXT('2D SPACE',''
  ) );
#762 = PCURVE('',#763,#768);
#763 = PLANE('',#764);
#764 = AXIS2_PLACEMENT_3D('',#765,#766,#767);
#765 = CARTESIAN_POINT('',(158.476201,-33.50343,0.));
#766 = DIRECTION('',(-0.192738668596,0.981250123887,0.));
#767 = DIRECTION('',(0.981250123887,0.192738668596,0.));
#768 = DEFINITIONAL_REPRESENTATION('',(#769),#773);
#769 = LINE('',#770,#771);
#770 = CARTESIAN_POINT('',(0.,-1.51));
#771 = VECTOR('',#772,1.);
#772 = DIRECTION('',(1.,0.));
#773 = ( GEOMETRIC_REPRESENTATION_CONTEXT(2) 
PARAMETRIC_REPRESENTATION_CONTEXT() REPRESENTATION_CONTEXT('2D SPACE',''
  ) );
#774 = ORIENTED_EDGE('',*,*,#775,.F.);
#775 = EDGE_CURVE('',#776,#748,#778,.T.);
#776 = VERTEX_POINT('',#777);
#777 = CARTESIAN_POINT('',(154.158821,-38.841439,1.51));
#778 = SURFACE_CURVE('',#779,(#784,#795),.PCURVE_S1.);
#779 = CIRCLE('',#780,5.105867468502);
#780 = AXIS2_PLACEMENT_3D('',#781,#782,#783);
#781 = CARTESIAN_POINT('',(159.25632679512,-38.54934779062,1.51));
#782 = DIRECTION('',(0.,0.,-1.));
#783 = DIRECTION('',(-0.998362340301,-5.720697044763E-02,-0.));
#784 = PCURVE('',#33,#785);
#785 = DEFINITIONAL_REPRESENTATION('',(#786),#794);
#786 = ( BOUNDED_CURVE() B_SPLINE_CURVE(2,(#787,#788,#789,#790,#791,#792
,#793),.UNSPECIFIED.,.T.,.F.) B_SPLINE_CURVE_WITH_KNOTS((1,2,2,2,2,1),(
    -2.094395102393,0.,2.094395102393,4.188790204786,6.28318530718,
8.377580409573),.UNSPECIFIED.) CURVE() GEOMETRIC_REPRESENTATION_ITEM() 
RATIONAL_B_SPLINE_CURVE((1.,0.5,1.,0.5,1.,0.5,1.)) REPRESENTATION_ITEM(
  '') );
#787 = CARTESIAN_POINT('',(154.15882099999,-38.841439));
#788 = CARTESIAN_POINT('',(153.6529041849,-30.01229997097));
#789 = CARTESIAN_POINT('',(161.55212128513,-33.98873267141));
#790 = CARTESIAN_POINT('',(169.45133838536,-37.96516537186));
#791 = CARTESIAN_POINT('',(162.05803810022,-42.81787170044));
#792 = CARTESIAN_POINT('',(154.66473781508,-47.67057802902));
#793 = CARTESIAN_POINT('',(154.15882099999,-38.841439));
#794 = ( GEOMETRIC_REPRESENTATION_CONTEXT(2) 
PARAMETRIC_REPRESENTATION_CONTEXT() REPRESENTATION_CONTEXT('2D SPACE',''
  ) );
#795 = PCURVE('',#796,#801);
#796 = CYLINDRICAL_SURFACE('',#797,5.105867468502);
#797 = AXIS2_PLACEMENT_3D('',#798,#799,#800);
#798 = CARTESIAN_POINT('',(159.25632679512,-38.54934779062,0.));
#799 = DIRECTION('',(0.,0.,-1.));
#800 = DIRECTION('',(-0.998362340301,-5.720697044763E-02,-0.));
#801 = DEFINITIONAL_REPRESENTATION('',(#802),#806);
#802 = LINE('',#803,#804);
#803 = CARTESIAN_POINT('',(0.,-1.51));
#804 = VECTOR('',#805,1.);
#805 = DIRECTION('',(1.,0.));
#806 = ( GEOMETRIC_REPRESENTATION_CONTEXT(2) 
PARAMETRIC_REPRESENTATION_CONTEXT() REPRESENTATION_CONTEXT('2D SPACE',''
  ) );
#807 = ORIENTED_EDGE('',*,*,#808,.F.);
#808 = EDGE_CURVE('',#809,#776,#811,.T.);
#809 = VERTEX_POINT('',#810);
#810 = CARTESIAN_POINT('',(154.162,-40.64,1.51));
#811 = SURFACE_CURVE('',#812,(#816,#823),.PCURVE_S1.);
#812 = LINE('',#813,#814);
#813 = CARTESIAN_POINT('',(154.162,-40.64,1.51));
#814 = VECTOR('',#815,1.);
#815 = DIRECTION('',(-1.76752138749E-03,0.999998437933,0.));
#816 = PCURVE('',#33,#817);
#817 = DEFINITIONAL_REPRESENTATION('',(#818),#822);
#818 = LINE('',#819,#820);
#819 = CARTESIAN_POINT('',(154.162,-40.64));
#820 = VECTOR('',#821,1.);
#821 = DIRECTION('',(-1.76752138749E-03,0.999998437933));
#822 = ( GEOMETRIC_REPRESENTATION_CONTEXT(2) 
PARAMETRIC_REPRESENTATION_CONTEXT() REPRESENTATION_CONTEXT('2D SPACE',''
  ) );
#823 = PCURVE('',#824,#829);
#824 = PLANE('',#825);
#825 = AXIS2_PLACEMENT_3D('',#826,#827,#828);
#826 = CARTESIAN_POINT('',(154.162,-40.64,0.));
#827 = DIRECTION('',(-0.999998437933,-1.76752138749E-03,0.));
#828 = DIRECTION('',(-1.76752138749E-03,0.999998437933,0.));
#829 = DEFINITIONAL_REPRESENTATION('',(#830),#834);
#830 = LINE('',#831,#832);
#831 = CARTESIAN_POINT('',(0.,-1.51));
#832 = VECTOR('',#833,1.);
#833 = DIRECTION('',(1.,0.));
#834 = ( GEOMETRIC_REPRESENTATION_CONTEXT(2) 
PARAMETRIC_REPRESENTATION_CONTEXT() REPRESENTATION_CONTEXT('2D SPACE',''
  ) );
#835 = ORIENTED_EDGE('',*,*,#836,.F.);
#836 = EDGE_CURVE('',#837,#809,#839,.T.);
#837 = VERTEX_POINT('',#838);
#838 = CARTESIAN_POINT('',(153.102595,-41.625211,1.51));
#839 = SURFACE_CURVE('',#840,(#845,#852),.PCURVE_S1.);
#840 = CIRCLE('',#841,1.016451989888);
#841 = AXIS2_PLACEMENT_3D('',#842,#843,#844);
#842 = CARTESIAN_POINT('',(153.14600013749,-40.60968618898,1.51));
#843 = DIRECTION('',(0.,0.,1.));
#844 = DIRECTION('',(-4.270259483751E-02,-0.999087828168,0.));
#845 = PCURVE('',#33,#846);
#846 = DEFINITIONAL_REPRESENTATION('',(#847),#851);
#847 = CIRCLE('',#848,1.016451989888);
#848 = AXIS2_PLACEMENT_2D('',#849,#850);
#849 = CARTESIAN_POINT('',(153.14600013749,-40.60968618898));
#850 = DIRECTION('',(-4.270259483751E-02,-0.999087828168));
#851 = ( GEOMETRIC_REPRESENTATION_CONTEXT(2) 
PARAMETRIC_REPRESENTATION_CONTEXT() REPRESENTATION_CONTEXT('2D SPACE',''
  ) );
#852 = PCURVE('',#853,#858);
#853 = CYLINDRICAL_SURFACE('',#854,1.016451989888);
#854 = AXIS2_PLACEMENT_3D('',#855,#856,#857);
#855 = CARTESIAN_POINT('',(153.14600013749,-40.60968618898,0.));
#856 = DIRECTION('',(-0.,-0.,-1.));
#857 = DIRECTION('',(-4.270259483751E-02,-0.999087828168,0.));
#858 = DEFINITIONAL_REPRESENTATION('',(#859),#863);
#859 = LINE('',#860,#861);
#860 = CARTESIAN_POINT('',(6.28318530718,-1.51));
#861 = VECTOR('',#862,1.);
#862 = DIRECTION('',(-1.,0.));
#863 = ( GEOMETRIC_REPRESENTATION_CONTEXT(2) 
PARAMETRIC_REPRESENTATION_CONTEXT() REPRESENTATION_CONTEXT('2D SPACE',''
  ) );
#864 = ORIENTED_EDGE('',*,*,#865,.F.);
#865 = EDGE_CURVE('',#866,#837,#868,.T.);
#866 = VERTEX_POINT('',#867);
#867 = CARTESIAN_POINT('',(137.040164,-41.648473,1.51));
#868 = SURFACE_CURVE('',#869,(#873,#880),.PCURVE_S1.);
#869 = LINE('',#870,#871);
#870 = CARTESIAN_POINT('',(137.040164,-41.648473,1.51));
#871 = VECTOR('',#872,1.);
#872 = DIRECTION('',(0.999998951325,1.448222601282E-03,0.));
#873 = PCURVE('',#33,#874);
#874 = DEFINITIONAL_REPRESENTATION('',(#875),#879);
#875 = LINE('',#876,#877);
#876 = CARTESIAN_POINT('',(137.040164,-41.648473));
#877 = VECTOR('',#878,1.);
#878 = DIRECTION('',(0.999998951325,1.448222601282E-03));
#879 = ( GEOMETRIC_REPRESENTATION_CONTEXT(2) 
PARAMETRIC_REPRESENTATION_CONTEXT() REPRESENTATION_CONTEXT('2D SPACE',''
  ) );
#880 = PCURVE('',#881,#886);
#881 = PLANE('',#882);
#882 = AXIS2_PLACEMENT_3D('',#883,#884,#885);
#883 = CARTESIAN_POINT('',(137.040164,-41.648473,0.));
#884 = DIRECTION('',(-1.448222601282E-03,0.999998951325,0.));
#885 = DIRECTION('',(0.999998951325,1.448222601282E-03,0.));
#886 = DEFINITIONAL_REPRESENTATION('',(#887),#891);
#887 = LINE('',#888,#889);
#888 = CARTESIAN_POINT('',(0.,-1.51));
#889 = VECTOR('',#890,1.);
#890 = DIRECTION('',(1.,0.));
#891 = ( GEOMETRIC_REPRESENTATION_CONTEXT(2) 
PARAMETRIC_REPRESENTATION_CONTEXT() REPRESENTATION_CONTEXT('2D SPACE',''
  ) );
#892 = ORIENTED_EDGE('',*,*,#893,.F.);
#893 = EDGE_CURVE('',#894,#866,#896,.T.);
#894 = VERTEX_POINT('',#895);
#895 = CARTESIAN_POINT('',(135.69032,-42.926,1.51));
#896 = SURFACE_CURVE('',#897,(#902,#913),.PCURVE_S1.);
#897 = CIRCLE('',#898,1.270039073645);
#898 = AXIS2_PLACEMENT_3D('',#899,#900,#901);
#899 = CARTESIAN_POINT('',(136.96031970243,-42.91599977949,1.51));
#900 = DIRECTION('',(0.,0.,-1.));
#901 = DIRECTION('',(-0.999968999998,-7.873947120989E-03,-0.));
#902 = PCURVE('',#33,#903);
#903 = DEFINITIONAL_REPRESENTATION('',(#904),#912);
#904 = ( BOUNDED_CURVE() B_SPLINE_CURVE(2,(#905,#906,#907,#908,#909,#910
,#911),.UNSPECIFIED.,.T.,.F.) B_SPLINE_CURVE_WITH_KNOTS((1,2,2,2,2,1),(
    -2.094395102393,0.,2.094395102393,4.188790204786,6.28318530718,
8.377580409573),.UNSPECIFIED.) CURVE() GEOMETRIC_REPRESENTATION_ITEM() 
RATIONAL_B_SPLINE_CURVE((1.,0.5,1.,0.5,1.,0.5,1.)) REPRESENTATION_ITEM(
  '') );
#905 = CARTESIAN_POINT('',(135.69031999999,-42.92599999999));
#906 = CARTESIAN_POINT('',(135.67299910999,-40.72629598979));
#907 = CARTESIAN_POINT('',(137.58665910864,-41.81114766413));
#908 = CARTESIAN_POINT('',(139.50031910729,-42.89599933847));
#909 = CARTESIAN_POINT('',(137.60397999864,-44.01085167434));
#910 = CARTESIAN_POINT('',(135.70764089,-45.1257040102));
#911 = CARTESIAN_POINT('',(135.69031999999,-42.92599999999));
#912 = ( GEOMETRIC_REPRESENTATION_CONTEXT(2) 
PARAMETRIC_REPRESENTATION_CONTEXT() REPRESENTATION_CONTEXT('2D SPACE',''
  ) );
#913 = PCURVE('',#914,#919);
#914 = CYLINDRICAL_SURFACE('',#915,1.270039073645);
#915 = AXIS2_PLACEMENT_3D('',#916,#917,#918);
#916 = CARTESIAN_POINT('',(136.96031970243,-42.91599977949,0.));
#917 = DIRECTION('',(0.,0.,-1.));
#918 = DIRECTION('',(-0.999968999998,-7.873947120989E-03,-0.));
#919 = DEFINITIONAL_REPRESENTATION('',(#920),#924);
#920 = LINE('',#921,#922);
#921 = CARTESIAN_POINT('',(0.,-1.51));
#922 = VECTOR('',#923,1.);
#923 = DIRECTION('',(1.,0.));
#924 = ( GEOMETRIC_REPRESENTATION_CONTEXT(2) 
PARAMETRIC_REPRESENTATION_CONTEXT() REPRESENTATION_CONTEXT('2D SPACE',''
  ) );
#925 = ORIENTED_EDGE('',*,*,#926,.F.);
#926 = EDGE_CURVE('',#927,#894,#929,.T.);
#927 = VERTEX_POINT('',#928);
#928 = CARTESIAN_POINT('',(135.69032,-49.276,1.51));
#929 = SURFACE_CURVE('',#930,(#934,#941),.PCURVE_S1.);
#930 = LINE('',#931,#932);
#931 = CARTESIAN_POINT('',(135.69032,-49.276,1.51));
#932 = VECTOR('',#933,1.);
#933 = DIRECTION('',(0.,1.,0.));
#934 = PCURVE('',#33,#935);
#935 = DEFINITIONAL_REPRESENTATION('',(#936),#940);
#936 = LINE('',#937,#938);
#937 = CARTESIAN_POINT('',(135.69032,-49.276));
#938 = VECTOR('',#939,1.);
#939 = DIRECTION('',(0.,1.));
#940 = ( GEOMETRIC_REPRESENTATION_CONTEXT(2) 
PARAMETRIC_REPRESENTATION_CONTEXT() REPRESENTATION_CONTEXT('2D SPACE',''
  ) );
#941 = PCURVE('',#942,#947);
#942 = PLANE('',#943);
#943 = AXIS2_PLACEMENT_3D('',#944,#945,#946);
#944 = CARTESIAN_POINT('',(135.69032,-49.276,0.));
#945 = DIRECTION('',(-1.,0.,0.));
#946 = DIRECTION('',(0.,1.,0.));
#947 = DEFINITIONAL_REPRESENTATION('',(#948),#952);
#948 = LINE('',#949,#950);
#949 = CARTESIAN_POINT('',(0.,-1.51));
#950 = VECTOR('',#951,1.);
#951 = DIRECTION('',(1.,0.));
#952 = ( GEOMETRIC_REPRESENTATION_CONTEXT(2) 
PARAMETRIC_REPRESENTATION_CONTEXT() REPRESENTATION_CONTEXT('2D SPACE',''
  ) );
#953 = ORIENTED_EDGE('',*,*,#954,.F.);
#954 = EDGE_CURVE('',#22,#927,#955,.T.);
#955 = SURFACE_CURVE('',#956,(#960,#967),.PCURVE_S1.);
#956 = LINE('',#957,#958);
#957 = CARTESIAN_POINT('',(133.53368,-49.276,1.51));
#958 = VECTOR('',#959,1.);
#959 = DIRECTION('',(1.,0.,0.));
#960 = PCURVE('',#33,#961);
#961 = DEFINITIONAL_REPRESENTATION('',(#962),#966);
#962 = LINE('',#963,#964);
#963 = CARTESIAN_POINT('',(133.53368,-49.276));
#964 = VECTOR('',#965,1.);
#965 = DIRECTION('',(1.,0.));
#966 = ( GEOMETRIC_REPRESENTATION_CONTEXT(2) 
PARAMETRIC_REPRESENTATION_CONTEXT() REPRESENTATION_CONTEXT('2D SPACE',''
  ) );
#967 = PCURVE('',#968,#973);
#968 = PLANE('',#969);
#969 = AXIS2_PLACEMENT_3D('',#970,#971,#972);
#970 = CARTESIAN_POINT('',(133.53368,-49.276,0.));
#971 = DIRECTION('',(0.,1.,0.));
#972 = DIRECTION('',(1.,0.,0.));
#973 = DEFINITIONAL_REPRESENTATION('',(#974),#978);
#974 = LINE('',#975,#976);
#975 = CARTESIAN_POINT('',(0.,-1.51));
#976 = VECTOR('',#977,1.);
#977 = DIRECTION('',(1.,0.));
#978 = ( GEOMETRIC_REPRESENTATION_CONTEXT(2) 
PARAMETRIC_REPRESENTATION_CONTEXT() REPRESENTATION_CONTEXT('2D SPACE',''
  ) );
#979 = FACE_BOUND('',#980,.T.);
#980 = EDGE_LOOP('',(#981));
#981 = ORIENTED_EDGE('',*,*,#982,.T.);
#982 = EDGE_CURVE('',#983,#983,#985,.T.);
#983 = VERTEX_POINT('',#984);
#984 = CARTESIAN_POINT('',(145.018,-104.1869,1.51));
#985 = SURFACE_CURVE('',#986,(#991,#1002),.PCURVE_S1.);
#986 = CIRCLE('',#987,0.8509);
#987 = AXIS2_PLACEMENT_3D('',#988,#989,#990);
#988 = CARTESIAN_POINT('',(145.018,-103.336,1.51));
#989 = DIRECTION('',(-0.,-0.,-1.));
#990 = DIRECTION('',(0.,-1.,0.));
#991 = PCURVE('',#33,#992);
#992 = DEFINITIONAL_REPRESENTATION('',(#993),#1001);
#993 = ( BOUNDED_CURVE() B_SPLINE_CURVE(2,(#994,#995,#996,#997,#998,#999
,#1000),.UNSPECIFIED.,.T.,.F.) B_SPLINE_CURVE_WITH_KNOTS((1,2,2,2,2,1),(
    -2.094395102393,0.,2.094395102393,4.188790204786,6.28318530718,
8.377580409573),.UNSPECIFIED.) CURVE() GEOMETRIC_REPRESENTATION_ITEM() 
RATIONAL_B_SPLINE_CURVE((1.,0.5,1.,0.5,1.,0.5,1.)) REPRESENTATION_ITEM(
  '') );
#994 = CARTESIAN_POINT('',(145.018,-104.1869));
#995 = CARTESIAN_POINT('',(143.54419796784,-104.1869));
#996 = CARTESIAN_POINT('',(144.28109898392,-102.91055));
#997 = CARTESIAN_POINT('',(145.018,-101.6342));
#998 = CARTESIAN_POINT('',(145.75490101608,-102.91055));
#999 = CARTESIAN_POINT('',(146.49180203216,-104.1869));
#1000 = CARTESIAN_POINT('',(145.018,-104.1869));
#1001 = ( GEOMETRIC_REPRESENTATION_CONTEXT(2) 
PARAMETRIC_REPRESENTATION_CONTEXT() REPRESENTATION_CONTEXT('2D SPACE',''
  ) );
#1002 = PCURVE('',#1003,#1008);
#1003 = CYLINDRICAL_SURFACE('',#1004,0.8509);
#1004 = AXIS2_PLACEMENT_3D('',#1005,#1006,#1007);
#1005 = CARTESIAN_POINT('',(145.018,-103.336,-4.6E-02));
#1006 = DIRECTION('',(-0.,-0.,-1.));
#1007 = DIRECTION('',(0.,-1.,0.));
#1008 = DEFINITIONAL_REPRESENTATION('',(#1009),#1013);
#1009 = LINE('',#1010,#1011);
#1010 = CARTESIAN_POINT('',(0.,-1.556));
#1011 = VECTOR('',#1012,1.);
#1012 = DIRECTION('',(1.,0.));
#1013 = ( GEOMETRIC_REPRESENTATION_CONTEXT(2) 
PARAMETRIC_REPRESENTATION_CONTEXT() REPRESENTATION_CONTEXT('2D SPACE',''
  ) );
#1014 = FACE_BOUND('',#1015,.T.);
#1015 = EDGE_LOOP('',(#1016));
#1016 = ORIENTED_EDGE('',*,*,#1017,.T.);
#1017 = EDGE_CURVE('',#1018,#1018,#1020,.T.);
#1018 = VERTEX_POINT('',#1019);
#1019 = CARTESIAN_POINT('',(162.958227,-111.1206,1.51));
#1020 = SURFACE_CURVE('',#1021,(#1026,#1037),.PCURVE_S1.);
#1021 = CIRCLE('',#1022,0.635);
#1022 = AXIS2_PLACEMENT_3D('',#1023,#1024,#1025);
#1023 = CARTESIAN_POINT('',(162.958227,-110.4856,1.51));
#1024 = DIRECTION('',(-0.,0.,-1.));
#1025 = DIRECTION('',(-4.475859752819E-14,-1.,0.));
#1026 = PCURVE('',#33,#1027);
#1027 = DEFINITIONAL_REPRESENTATION('',(#1028),#1036);
#1028 = ( BOUNDED_CURVE() B_SPLINE_CURVE(2,(#1029,#1030,#1031,#1032,
#1033,#1034,#1035),.UNSPECIFIED.,.T.,.F.) B_SPLINE_CURVE_WITH_KNOTS((1,2
    ,2,2,2,1),(-2.094395102393,0.,2.094395102393,4.188790204786,
6.28318530718,8.377580409573),.UNSPECIFIED.) CURVE() 
GEOMETRIC_REPRESENTATION_ITEM() RATIONAL_B_SPLINE_CURVE((1.,0.5,1.,0.5,
1.,0.5,1.)) REPRESENTATION_ITEM('') );
#1029 = CARTESIAN_POINT('',(162.958227,-111.1206));
#1030 = CARTESIAN_POINT('',(161.85837473719,-111.1206));
#1031 = CARTESIAN_POINT('',(162.40830086859,-110.1681));
#1032 = CARTESIAN_POINT('',(162.958227,-109.2156));
#1033 = CARTESIAN_POINT('',(163.5081531314,-110.1681));
#1034 = CARTESIAN_POINT('',(164.0580792628,-111.1206));
#1035 = CARTESIAN_POINT('',(162.958227,-111.1206));
#1036 = ( GEOMETRIC_REPRESENTATION_CONTEXT(2) 
PARAMETRIC_REPRESENTATION_CONTEXT() REPRESENTATION_CONTEXT('2D SPACE',''
  ) );
#1037 = PCURVE('',#1038,#1043);
#1038 = CYLINDRICAL_SURFACE('',#1039,0.635);
#1039 = AXIS2_PLACEMENT_3D('',#1040,#1041,#1042);
#1040 = CARTESIAN_POINT('',(162.958227,-110.4856,-4.6E-02));
#1041 = DIRECTION('',(-0.,-0.,-1.));
#1042 = DIRECTION('',(-4.475859752819E-14,-1.,0.));
#1043 = DEFINITIONAL_REPRESENTATION('',(#1044),#1048);
#1044 = LINE('',#1045,#1046);
#1045 = CARTESIAN_POINT('',(0.,-1.556));
#1046 = VECTOR('',#1047,1.);
#1047 = DIRECTION('',(1.,0.));
#1048 = ( GEOMETRIC_REPRESENTATION_CONTEXT(2) 
PARAMETRIC_REPRESENTATION_CONTEXT() REPRESENTATION_CONTEXT('2D SPACE',''
  ) );
#1049 = FACE_BOUND('',#1050,.T.);
#1050 = EDGE_LOOP('',(#1051));
#1051 = ORIENTED_EDGE('',*,*,#1052,.T.);
#1052 = EDGE_CURVE('',#1053,#1053,#1055,.T.);
#1053 = VERTEX_POINT('',#1054);
#1054 = CARTESIAN_POINT('',(158.45079,-108.105138,1.51));
#1055 = SURFACE_CURVE('',#1056,(#1061,#1072),.PCURVE_S1.);
#1056 = CIRCLE('',#1057,0.635);
#1057 = AXIS2_PLACEMENT_3D('',#1058,#1059,#1060);
#1058 = CARTESIAN_POINT('',(158.45079,-107.470138,1.51));
#1059 = DIRECTION('',(0.,-0.,-1.));
#1060 = DIRECTION('',(4.475859752819E-14,-1.,0.));
#1061 = PCURVE('',#33,#1062);
#1062 = DEFINITIONAL_REPRESENTATION('',(#1063),#1071);
#1063 = ( BOUNDED_CURVE() B_SPLINE_CURVE(2,(#1064,#1065,#1066,#1067,
#1068,#1069,#1070),.UNSPECIFIED.,.T.,.F.) B_SPLINE_CURVE_WITH_KNOTS((1,2
    ,2,2,2,1),(-2.094395102393,0.,2.094395102393,4.188790204786,
6.28318530718,8.377580409573),.UNSPECIFIED.) CURVE() 
GEOMETRIC_REPRESENTATION_ITEM() RATIONAL_B_SPLINE_CURVE((1.,0.5,1.,0.5,
1.,0.5,1.)) REPRESENTATION_ITEM('') );
#1064 = CARTESIAN_POINT('',(158.45079,-108.105138));
#1065 = CARTESIAN_POINT('',(157.35093773719,-108.105138));
#1066 = CARTESIAN_POINT('',(157.90086386859,-107.152638));
#1067 = CARTESIAN_POINT('',(158.45079,-106.200138));
#1068 = CARTESIAN_POINT('',(159.0007161314,-107.152638));
#1069 = CARTESIAN_POINT('',(159.5506422628,-108.105138));
#1070 = CARTESIAN_POINT('',(158.45079,-108.105138));
#1071 = ( GEOMETRIC_REPRESENTATION_CONTEXT(2) 
PARAMETRIC_REPRESENTATION_CONTEXT() REPRESENTATION_CONTEXT('2D SPACE',''
  ) );
#1072 = PCURVE('',#1073,#1078);
#1073 = CYLINDRICAL_SURFACE('',#1074,0.635);
#1074 = AXIS2_PLACEMENT_3D('',#1075,#1076,#1077);
#1075 = CARTESIAN_POINT('',(158.45079,-107.470138,-4.6E-02));
#1076 = DIRECTION('',(0.,0.,-1.));
#1077 = DIRECTION('',(4.475859752819E-14,-1.,0.));
#1078 = DEFINITIONAL_REPRESENTATION('',(#1079),#1083);
#1079 = LINE('',#1080,#1081);
#1080 = CARTESIAN_POINT('',(0.,-1.556));
#1081 = VECTOR('',#1082,1.);
#1082 = DIRECTION('',(1.,0.));
#1083 = ( GEOMETRIC_REPRESENTATION_CONTEXT(2) 
PARAMETRIC_REPRESENTATION_CONTEXT() REPRESENTATION_CONTEXT('2D SPACE',''
  ) );
#1084 = FACE_BOUND('',#1085,.T.);
#1085 = EDGE_LOOP('',(#1086));
#1086 = ORIENTED_EDGE('',*,*,#1087,.T.);
#1087 = EDGE_CURVE('',#1088,#1088,#1090,.T.);
#1088 = VERTEX_POINT('',#1089);
#1089 = CARTESIAN_POINT('',(158.68505,-104.495452,1.51));
#1090 = SURFACE_CURVE('',#1091,(#1096,#1107),.PCURVE_S1.);
#1091 = CIRCLE('',#1092,0.8509);
#1092 = AXIS2_PLACEMENT_3D('',#1093,#1094,#1095);
#1093 = CARTESIAN_POINT('',(158.68505,-103.644552,1.51));
#1094 = DIRECTION('',(-0.,-0.,-1.));
#1095 = DIRECTION('',(0.,-1.,0.));
#1096 = PCURVE('',#33,#1097);
#1097 = DEFINITIONAL_REPRESENTATION('',(#1098),#1106);
#1098 = ( BOUNDED_CURVE() B_SPLINE_CURVE(2,(#1099,#1100,#1101,#1102,
#1103,#1104,#1105),.UNSPECIFIED.,.T.,.F.) B_SPLINE_CURVE_WITH_KNOTS((1,2
    ,2,2,2,1),(-2.094395102393,0.,2.094395102393,4.188790204786,
6.28318530718,8.377580409573),.UNSPECIFIED.) CURVE() 
GEOMETRIC_REPRESENTATION_ITEM() RATIONAL_B_SPLINE_CURVE((1.,0.5,1.,0.5,
1.,0.5,1.)) REPRESENTATION_ITEM('') );
#1099 = CARTESIAN_POINT('',(158.68505,-104.495452));
#1100 = CARTESIAN_POINT('',(157.21124796784,-104.495452));
#1101 = CARTESIAN_POINT('',(157.94814898392,-103.219102));
#1102 = CARTESIAN_POINT('',(158.68505,-101.942752));
#1103 = CARTESIAN_POINT('',(159.42195101608,-103.219102));
#1104 = CARTESIAN_POINT('',(160.15885203216,-104.495452));
#1105 = CARTESIAN_POINT('',(158.68505,-104.495452));
#1106 = ( GEOMETRIC_REPRESENTATION_CONTEXT(2) 
PARAMETRIC_REPRESENTATION_CONTEXT() REPRESENTATION_CONTEXT('2D SPACE',''
  ) );
#1107 = PCURVE('',#1108,#1113);
#1108 = CYLINDRICAL_SURFACE('',#1109,0.8509);
#1109 = AXIS2_PLACEMENT_3D('',#1110,#1111,#1112);
#1110 = CARTESIAN_POINT('',(158.68505,-103.644552,-4.6E-02));
#1111 = DIRECTION('',(-0.,-0.,-1.));
#1112 = DIRECTION('',(0.,-1.,0.));
#1113 = DEFINITIONAL_REPRESENTATION('',(#1114),#1118);
#1114 = LINE('',#1115,#1116);
#1115 = CARTESIAN_POINT('',(0.,-1.556));
#1116 = VECTOR('',#1117,1.);
#1117 = DIRECTION('',(1.,0.));
#1118 = ( GEOMETRIC_REPRESENTATION_CONTEXT(2) 
PARAMETRIC_REPRESENTATION_CONTEXT() REPRESENTATION_CONTEXT('2D SPACE',''
  ) );
#1119 = FACE_BOUND('',#1120,.T.);
#1120 = EDGE_LOOP('',(#1121));
#1121 = ORIENTED_EDGE('',*,*,#1122,.T.);
#1122 = EDGE_CURVE('',#1123,#1123,#1125,.T.);
#1123 = VERTEX_POINT('',#1124);
#1124 = CARTESIAN_POINT('',(164.084,-106.4085,1.51));
#1125 = SURFACE_CURVE('',#1126,(#1131,#1142),.PCURVE_S1.);
#1126 = CIRCLE('',#1127,1.7145);
#1127 = AXIS2_PLACEMENT_3D('',#1128,#1129,#1130);
#1128 = CARTESIAN_POINT('',(164.084,-104.694,1.51));
#1129 = DIRECTION('',(-0.,-0.,-1.));
#1130 = DIRECTION('',(0.,-1.,0.));
#1131 = PCURVE('',#33,#1132);
#1132 = DEFINITIONAL_REPRESENTATION('',(#1133),#1141);
#1133 = ( BOUNDED_CURVE() B_SPLINE_CURVE(2,(#1134,#1135,#1136,#1137,
#1138,#1139,#1140),.UNSPECIFIED.,.T.,.F.) B_SPLINE_CURVE_WITH_KNOTS((1,2
    ,2,2,2,1),(-2.094395102393,0.,2.094395102393,4.188790204786,
6.28318530718,8.377580409573),.UNSPECIFIED.) CURVE() 
GEOMETRIC_REPRESENTATION_ITEM() RATIONAL_B_SPLINE_CURVE((1.,0.5,1.,0.5,
1.,0.5,1.)) REPRESENTATION_ITEM('') );
#1134 = CARTESIAN_POINT('',(164.084,-106.4085));
#1135 = CARTESIAN_POINT('',(161.11439889042,-106.4085));
#1136 = CARTESIAN_POINT('',(162.59919944521,-103.83675));
#1137 = CARTESIAN_POINT('',(164.084,-101.265));
#1138 = CARTESIAN_POINT('',(165.56880055478,-103.83675));
#1139 = CARTESIAN_POINT('',(167.05360110957,-106.4085));
#1140 = CARTESIAN_POINT('',(164.084,-106.4085));
#1141 = ( GEOMETRIC_REPRESENTATION_CONTEXT(2) 
PARAMETRIC_REPRESENTATION_CONTEXT() REPRESENTATION_CONTEXT('2D SPACE',''
  ) );
#1142 = PCURVE('',#1143,#1148);
#1143 = CYLINDRICAL_SURFACE('',#1144,1.7145);
#1144 = AXIS2_PLACEMENT_3D('',#1145,#1146,#1147);
#1145 = CARTESIAN_POINT('',(164.084,-104.694,-4.6E-02));
#1146 = DIRECTION('',(-0.,-0.,-1.));
#1147 = DIRECTION('',(0.,-1.,0.));
#1148 = DEFINITIONAL_REPRESENTATION('',(#1149),#1153);
#1149 = LINE('',#1150,#1151);
#1150 = CARTESIAN_POINT('',(0.,-1.556));
#1151 = VECTOR('',#1152,1.);
#1152 = DIRECTION('',(1.,0.));
#1153 = ( GEOMETRIC_REPRESENTATION_CONTEXT(2) 
PARAMETRIC_REPRESENTATION_CONTEXT() REPRESENTATION_CONTEXT('2D SPACE',''
  ) );
#1154 = FACE_BOUND('',#1155,.T.);
#1155 = EDGE_LOOP('',(#1156));
#1156 = ORIENTED_EDGE('',*,*,#1157,.T.);
#1157 = EDGE_CURVE('',#1158,#1158,#1160,.T.);
#1158 = VERTEX_POINT('',#1159);
#1159 = CARTESIAN_POINT('',(139.118,-98.471,1.51));
#1160 = SURFACE_CURVE('',#1161,(#1166,#1177),.PCURVE_S1.);
#1161 = CIRCLE('',#1162,0.635);
#1162 = AXIS2_PLACEMENT_3D('',#1163,#1164,#1165);
#1163 = CARTESIAN_POINT('',(139.118,-97.836,1.51));
#1164 = DIRECTION('',(-0.,-0.,-1.));
#1165 = DIRECTION('',(0.,-1.,0.));
#1166 = PCURVE('',#33,#1167);
#1167 = DEFINITIONAL_REPRESENTATION('',(#1168),#1176);
#1168 = ( BOUNDED_CURVE() B_SPLINE_CURVE(2,(#1169,#1170,#1171,#1172,
#1173,#1174,#1175),.UNSPECIFIED.,.T.,.F.) B_SPLINE_CURVE_WITH_KNOTS((1,2
    ,2,2,2,1),(-2.094395102393,0.,2.094395102393,4.188790204786,
6.28318530718,8.377580409573),.UNSPECIFIED.) CURVE() 
GEOMETRIC_REPRESENTATION_ITEM() RATIONAL_B_SPLINE_CURVE((1.,0.5,1.,0.5,
1.,0.5,1.)) REPRESENTATION_ITEM('') );
#1169 = CARTESIAN_POINT('',(139.118,-98.471));
#1170 = CARTESIAN_POINT('',(138.01814773719,-98.471));
#1171 = CARTESIAN_POINT('',(138.56807386859,-97.5185));
#1172 = CARTESIAN_POINT('',(139.118,-96.566));
#1173 = CARTESIAN_POINT('',(139.6679261314,-97.5185));
#1174 = CARTESIAN_POINT('',(140.2178522628,-98.471));
#1175 = CARTESIAN_POINT('',(139.118,-98.471));
#1176 = ( GEOMETRIC_REPRESENTATION_CONTEXT(2) 
PARAMETRIC_REPRESENTATION_CONTEXT() REPRESENTATION_CONTEXT('2D SPACE',''
  ) );
#1177 = PCURVE('',#1178,#1183);
#1178 = CYLINDRICAL_SURFACE('',#1179,0.635);
#1179 = AXIS2_PLACEMENT_3D('',#1180,#1181,#1182);
#1180 = CARTESIAN_POINT('',(139.118,-97.836,-4.6E-02));
#1181 = DIRECTION('',(-0.,-0.,-1.));
#1182 = DIRECTION('',(0.,-1.,0.));
#1183 = DEFINITIONAL_REPRESENTATION('',(#1184),#1188);
#1184 = LINE('',#1185,#1186);
#1185 = CARTESIAN_POINT('',(0.,-1.556));
#1186 = VECTOR('',#1187,1.);
#1187 = DIRECTION('',(1.,0.));
#1188 = ( GEOMETRIC_REPRESENTATION_CONTEXT(2) 
PARAMETRIC_REPRESENTATION_CONTEXT() REPRESENTATION_CONTEXT('2D SPACE',''
  ) );
#1189 = FACE_BOUND('',#1190,.T.);
#1190 = EDGE_LOOP('',(#1191));
#1191 = ORIENTED_EDGE('',*,*,#1192,.T.);
#1192 = EDGE_CURVE('',#1193,#1193,#1195,.T.);
#1193 = VERTEX_POINT('',#1194);
#1194 = CARTESIAN_POINT('',(145.018,-99.5505,1.51));
#1195 = SURFACE_CURVE('',#1196,(#1201,#1212),.PCURVE_S1.);
#1196 = CIRCLE('',#1197,1.7145);
#1197 = AXIS2_PLACEMENT_3D('',#1198,#1199,#1200);
#1198 = CARTESIAN_POINT('',(145.018,-97.836,1.51));
#1199 = DIRECTION('',(-0.,-0.,-1.));
#1200 = DIRECTION('',(0.,-1.,0.));
#1201 = PCURVE('',#33,#1202);
#1202 = DEFINITIONAL_REPRESENTATION('',(#1203),#1211);
#1203 = ( BOUNDED_CURVE() B_SPLINE_CURVE(2,(#1204,#1205,#1206,#1207,
#1208,#1209,#1210),.UNSPECIFIED.,.T.,.F.) B_SPLINE_CURVE_WITH_KNOTS((1,2
    ,2,2,2,1),(-2.094395102393,0.,2.094395102393,4.188790204786,
6.28318530718,8.377580409573),.UNSPECIFIED.) CURVE() 
GEOMETRIC_REPRESENTATION_ITEM() RATIONAL_B_SPLINE_CURVE((1.,0.5,1.,0.5,
1.,0.5,1.)) REPRESENTATION_ITEM('') );
#1204 = CARTESIAN_POINT('',(145.018,-99.5505));
#1205 = CARTESIAN_POINT('',(142.04839889042,-99.5505));
#1206 = CARTESIAN_POINT('',(143.53319944521,-96.97875));
#1207 = CARTESIAN_POINT('',(145.018,-94.407));
#1208 = CARTESIAN_POINT('',(146.50280055478,-96.97875));
#1209 = CARTESIAN_POINT('',(147.98760110957,-99.5505));
#1210 = CARTESIAN_POINT('',(145.018,-99.5505));
#1211 = ( GEOMETRIC_REPRESENTATION_CONTEXT(2) 
PARAMETRIC_REPRESENTATION_CONTEXT() REPRESENTATION_CONTEXT('2D SPACE',''
  ) );
#1212 = PCURVE('',#1213,#1218);
#1213 = CYLINDRICAL_SURFACE('',#1214,1.7145);
#1214 = AXIS2_PLACEMENT_3D('',#1215,#1216,#1217);
#1215 = CARTESIAN_POINT('',(145.018,-97.836,-4.6E-02));
#1216 = DIRECTION('',(-0.,-0.,-1.));
#1217 = DIRECTION('',(0.,-1.,0.));
#1218 = DEFINITIONAL_REPRESENTATION('',(#1219),#1223);
#1219 = LINE('',#1220,#1221);
#1220 = CARTESIAN_POINT('',(0.,-1.556));
#1221 = VECTOR('',#1222,1.);
#1222 = DIRECTION('',(1.,0.));
#1223 = ( GEOMETRIC_REPRESENTATION_CONTEXT(2) 
PARAMETRIC_REPRESENTATION_CONTEXT() REPRESENTATION_CONTEXT('2D SPACE',''
  ) );
#1224 = FACE_BOUND('',#1225,.T.);
#1225 = EDGE_LOOP('',(#1226));
#1226 = ORIENTED_EDGE('',*,*,#1227,.T.);
#1227 = EDGE_CURVE('',#1228,#1228,#1230,.T.);
#1228 = VERTEX_POINT('',#1229);
#1229 = CARTESIAN_POINT('',(141.218,-93.471,1.51));
#1230 = SURFACE_CURVE('',#1231,(#1236,#1247),.PCURVE_S1.);
#1231 = CIRCLE('',#1232,0.635);
#1232 = AXIS2_PLACEMENT_3D('',#1233,#1234,#1235);
#1233 = CARTESIAN_POINT('',(141.218,-92.836,1.51));
#1234 = DIRECTION('',(-0.,0.,-1.));
#1235 = DIRECTION('',(-4.47585975282E-14,-1.,0.));
#1236 = PCURVE('',#33,#1237);
#1237 = DEFINITIONAL_REPRESENTATION('',(#1238),#1246);
#1238 = ( BOUNDED_CURVE() B_SPLINE_CURVE(2,(#1239,#1240,#1241,#1242,
#1243,#1244,#1245),.UNSPECIFIED.,.T.,.F.) B_SPLINE_CURVE_WITH_KNOTS((1,2
    ,2,2,2,1),(-2.094395102393,0.,2.094395102393,4.188790204786,
6.28318530718,8.377580409573),.UNSPECIFIED.) CURVE() 
GEOMETRIC_REPRESENTATION_ITEM() RATIONAL_B_SPLINE_CURVE((1.,0.5,1.,0.5,
1.,0.5,1.)) REPRESENTATION_ITEM('') );
#1239 = CARTESIAN_POINT('',(141.218,-93.471));
#1240 = CARTESIAN_POINT('',(140.11814773719,-93.471));
#1241 = CARTESIAN_POINT('',(140.66807386859,-92.5185));
#1242 = CARTESIAN_POINT('',(141.218,-91.566));
#1243 = CARTESIAN_POINT('',(141.7679261314,-92.5185));
#1244 = CARTESIAN_POINT('',(142.3178522628,-93.471));
#1245 = CARTESIAN_POINT('',(141.218,-93.471));
#1246 = ( GEOMETRIC_REPRESENTATION_CONTEXT(2) 
PARAMETRIC_REPRESENTATION_CONTEXT() REPRESENTATION_CONTEXT('2D SPACE',''
  ) );
#1247 = PCURVE('',#1248,#1253);
#1248 = CYLINDRICAL_SURFACE('',#1249,0.635);
#1249 = AXIS2_PLACEMENT_3D('',#1250,#1251,#1252);
#1250 = CARTESIAN_POINT('',(141.218,-92.836,-4.6E-02));
#1251 = DIRECTION('',(-0.,-0.,-1.));
#1252 = DIRECTION('',(-4.47585975282E-14,-1.,0.));
#1253 = DEFINITIONAL_REPRESENTATION('',(#1254),#1258);
#1254 = LINE('',#1255,#1256);
#1255 = CARTESIAN_POINT('',(0.,-1.556));
#1256 = VECTOR('',#1257,1.);
#1257 = DIRECTION('',(1.,0.));
#1258 = ( GEOMETRIC_REPRESENTATION_CONTEXT(2) 
PARAMETRIC_REPRESENTATION_CONTEXT() REPRESENTATION_CONTEXT('2D SPACE',''
  ) );
#1259 = FACE_BOUND('',#1260,.T.);
#1260 = EDGE_LOOP('',(#1261));
#1261 = ORIENTED_EDGE('',*,*,#1262,.T.);
#1262 = EDGE_CURVE('',#1263,#1263,#1265,.T.);
#1263 = VERTEX_POINT('',#1264);
#1264 = CARTESIAN_POINT('',(145.018,-93.1869,1.51));
#1265 = SURFACE_CURVE('',#1266,(#1271,#1282),.PCURVE_S1.);
#1266 = CIRCLE('',#1267,0.8509);
#1267 = AXIS2_PLACEMENT_3D('',#1268,#1269,#1270);
#1268 = CARTESIAN_POINT('',(145.018,-92.336,1.51));
#1269 = DIRECTION('',(-0.,-0.,-1.));
#1270 = DIRECTION('',(0.,-1.,0.));
#1271 = PCURVE('',#33,#1272);
#1272 = DEFINITIONAL_REPRESENTATION('',(#1273),#1281);
#1273 = ( BOUNDED_CURVE() B_SPLINE_CURVE(2,(#1274,#1275,#1276,#1277,
#1278,#1279,#1280),.UNSPECIFIED.,.T.,.F.) B_SPLINE_CURVE_WITH_KNOTS((1,2
    ,2,2,2,1),(-2.094395102393,0.,2.094395102393,4.188790204786,
6.28318530718,8.377580409573),.UNSPECIFIED.) CURVE() 
GEOMETRIC_REPRESENTATION_ITEM() RATIONAL_B_SPLINE_CURVE((1.,0.5,1.,0.5,
1.,0.5,1.)) REPRESENTATION_ITEM('') );
#1274 = CARTESIAN_POINT('',(145.018,-93.1869));
#1275 = CARTESIAN_POINT('',(143.54419796784,-93.1869));
#1276 = CARTESIAN_POINT('',(144.28109898392,-91.91055));
#1277 = CARTESIAN_POINT('',(145.018,-90.6342));
#1278 = CARTESIAN_POINT('',(145.75490101608,-91.91055));
#1279 = CARTESIAN_POINT('',(146.49180203216,-93.1869));
#1280 = CARTESIAN_POINT('',(145.018,-93.1869));
#1281 = ( GEOMETRIC_REPRESENTATION_CONTEXT(2) 
PARAMETRIC_REPRESENTATION_CONTEXT() REPRESENTATION_CONTEXT('2D SPACE',''
  ) );
#1282 = PCURVE('',#1283,#1288);
#1283 = CYLINDRICAL_SURFACE('',#1284,0.8509);
#1284 = AXIS2_PLACEMENT_3D('',#1285,#1286,#1287);
#1285 = CARTESIAN_POINT('',(145.018,-92.336,-4.6E-02));
#1286 = DIRECTION('',(-0.,-0.,-1.));
#1287 = DIRECTION('',(0.,-1.,0.));
#1288 = DEFINITIONAL_REPRESENTATION('',(#1289),#1293);
#1289 = LINE('',#1290,#1291);
#1290 = CARTESIAN_POINT('',(0.,-1.556));
#1291 = VECTOR('',#1292,1.);
#1292 = DIRECTION('',(1.,0.));
#1293 = ( GEOMETRIC_REPRESENTATION_CONTEXT(2) 
PARAMETRIC_REPRESENTATION_CONTEXT() REPRESENTATION_CONTEXT('2D SPACE',''
  ) );
#1294 = FACE_BOUND('',#1295,.T.);
#1295 = EDGE_LOOP('',(#1296));
#1296 = ORIENTED_EDGE('',*,*,#1297,.T.);
#1297 = EDGE_CURVE('',#1298,#1298,#1300,.T.);
#1298 = VERTEX_POINT('',#1299);
#1299 = CARTESIAN_POINT('',(159.761304,-100.070443,1.51));
#1300 = SURFACE_CURVE('',#1301,(#1306,#1317),.PCURVE_S1.);
#1301 = CIRCLE('',#1302,0.4953);
#1302 = AXIS2_PLACEMENT_3D('',#1303,#1304,#1305);
#1303 = CARTESIAN_POINT('',(159.761304,-99.575143,1.51));
#1304 = DIRECTION('',(-0.,-0.,-1.));
#1305 = DIRECTION('',(0.,-1.,0.));
#1306 = PCURVE('',#33,#1307);
#1307 = DEFINITIONAL_REPRESENTATION('',(#1308),#1316);
#1308 = ( BOUNDED_CURVE() B_SPLINE_CURVE(2,(#1309,#1310,#1311,#1312,
#1313,#1314,#1315),.UNSPECIFIED.,.T.,.F.) B_SPLINE_CURVE_WITH_KNOTS((1,2
    ,2,2,2,1),(-2.094395102393,0.,2.094395102393,4.188790204786,
6.28318530718,8.377580409573),.UNSPECIFIED.) CURVE() 
GEOMETRIC_REPRESENTATION_ITEM() RATIONAL_B_SPLINE_CURVE((1.,0.5,1.,0.5,
1.,0.5,1.)) REPRESENTATION_ITEM('') );
#1309 = CARTESIAN_POINT('',(159.761304,-100.070443));
#1310 = CARTESIAN_POINT('',(158.90341923501,-100.070443));
#1311 = CARTESIAN_POINT('',(159.3323616175,-99.327493));
#1312 = CARTESIAN_POINT('',(159.761304,-98.584543));
#1313 = CARTESIAN_POINT('',(160.19024638249,-99.327493));
#1314 = CARTESIAN_POINT('',(160.61918876498,-100.070443));
#1315 = CARTESIAN_POINT('',(159.761304,-100.070443));
#1316 = ( GEOMETRIC_REPRESENTATION_CONTEXT(2) 
PARAMETRIC_REPRESENTATION_CONTEXT() REPRESENTATION_CONTEXT('2D SPACE',''
  ) );
#1317 = PCURVE('',#1318,#1323);
#1318 = CYLINDRICAL_SURFACE('',#1319,0.4953);
#1319 = AXIS2_PLACEMENT_3D('',#1320,#1321,#1322);
#1320 = CARTESIAN_POINT('',(159.761304,-99.575143,-4.6E-02));
#1321 = DIRECTION('',(-0.,-0.,-1.));
#1322 = DIRECTION('',(0.,-1.,0.));
#1323 = DEFINITIONAL_REPRESENTATION('',(#1324),#1328);
#1324 = LINE('',#1325,#1326);
#1325 = CARTESIAN_POINT('',(0.,-1.556));
#1326 = VECTOR('',#1327,1.);
#1327 = DIRECTION('',(1.,0.));
#1328 = ( GEOMETRIC_REPRESENTATION_CONTEXT(2) 
PARAMETRIC_REPRESENTATION_CONTEXT() REPRESENTATION_CONTEXT('2D SPACE',''
  ) );
#1329 = FACE_BOUND('',#1330,.T.);
#1330 = EDGE_LOOP('',(#1331));
#1331 = ORIENTED_EDGE('',*,*,#1332,.T.);
#1332 = EDGE_CURVE('',#1333,#1333,#1335,.T.);
#1333 = VERTEX_POINT('',#1334);
#1334 = CARTESIAN_POINT('',(169.48295,-106.594348,1.51));
#1335 = SURFACE_CURVE('',#1336,(#1341,#1352),.PCURVE_S1.);
#1336 = CIRCLE('',#1337,0.8509);
#1337 = AXIS2_PLACEMENT_3D('',#1338,#1339,#1340);
#1338 = CARTESIAN_POINT('',(169.48295,-105.743448,1.51));
#1339 = DIRECTION('',(-0.,0.,-1.));
#1340 = DIRECTION('',(-3.340193845388E-14,-1.,0.));
#1341 = PCURVE('',#33,#1342);
#1342 = DEFINITIONAL_REPRESENTATION('',(#1343),#1351);
#1343 = ( BOUNDED_CURVE() B_SPLINE_CURVE(2,(#1344,#1345,#1346,#1347,
#1348,#1349,#1350),.UNSPECIFIED.,.T.,.F.) B_SPLINE_CURVE_WITH_KNOTS((1,2
    ,2,2,2,1),(-2.094395102393,0.,2.094395102393,4.188790204786,
6.28318530718,8.377580409573),.UNSPECIFIED.) CURVE() 
GEOMETRIC_REPRESENTATION_ITEM() RATIONAL_B_SPLINE_CURVE((1.,0.5,1.,0.5,
1.,0.5,1.)) REPRESENTATION_ITEM('') );
#1344 = CARTESIAN_POINT('',(169.48295,-106.594348));
#1345 = CARTESIAN_POINT('',(168.00914796784,-106.594348));
#1346 = CARTESIAN_POINT('',(168.74604898392,-105.317998));
#1347 = CARTESIAN_POINT('',(169.48295,-104.041648));
#1348 = CARTESIAN_POINT('',(170.21985101608,-105.317998));
#1349 = CARTESIAN_POINT('',(170.95675203216,-106.594348));
#1350 = CARTESIAN_POINT('',(169.48295,-106.594348));
#1351 = ( GEOMETRIC_REPRESENTATION_CONTEXT(2) 
PARAMETRIC_REPRESENTATION_CONTEXT() REPRESENTATION_CONTEXT('2D SPACE',''
  ) );
#1352 = PCURVE('',#1353,#1358);
#1353 = CYLINDRICAL_SURFACE('',#1354,0.8509);
#1354 = AXIS2_PLACEMENT_3D('',#1355,#1356,#1357);
#1355 = CARTESIAN_POINT('',(169.48295,-105.743448,-4.6E-02));
#1356 = DIRECTION('',(-0.,-0.,-1.));
#1357 = DIRECTION('',(-3.340193845388E-14,-1.,0.));
#1358 = DEFINITIONAL_REPRESENTATION('',(#1359),#1363);
#1359 = LINE('',#1360,#1361);
#1360 = CARTESIAN_POINT('',(0.,-1.556));
#1361 = VECTOR('',#1362,1.);
#1362 = DIRECTION('',(1.,0.));
#1363 = ( GEOMETRIC_REPRESENTATION_CONTEXT(2) 
PARAMETRIC_REPRESENTATION_CONTEXT() REPRESENTATION_CONTEXT('2D SPACE',''
  ) );
#1364 = FACE_BOUND('',#1365,.T.);
#1365 = EDGE_LOOP('',(#1366));
#1366 = ORIENTED_EDGE('',*,*,#1367,.T.);
#1367 = EDGE_CURVE('',#1368,#1368,#1370,.T.);
#1368 = VERTEX_POINT('',#1369);
#1369 = CARTESIAN_POINT('',(170.009492,-102.062489,1.51));
#1370 = SURFACE_CURVE('',#1371,(#1376,#1387),.PCURVE_S1.);
#1371 = CIRCLE('',#1372,0.4953);
#1372 = AXIS2_PLACEMENT_3D('',#1373,#1374,#1375);
#1373 = CARTESIAN_POINT('',(170.009492,-101.567189,1.51));
#1374 = DIRECTION('',(-0.,0.,-1.));
#1375 = DIRECTION('',(-5.738281734385E-14,-1.,0.));
#1376 = PCURVE('',#33,#1377);
#1377 = DEFINITIONAL_REPRESENTATION('',(#1378),#1386);
#1378 = ( BOUNDED_CURVE() B_SPLINE_CURVE(2,(#1379,#1380,#1381,#1382,
#1383,#1384,#1385),.UNSPECIFIED.,.T.,.F.) B_SPLINE_CURVE_WITH_KNOTS((1,2
    ,2,2,2,1),(-2.094395102393,0.,2.094395102393,4.188790204786,
6.28318530718,8.377580409573),.UNSPECIFIED.) CURVE() 
GEOMETRIC_REPRESENTATION_ITEM() RATIONAL_B_SPLINE_CURVE((1.,0.5,1.,0.5,
1.,0.5,1.)) REPRESENTATION_ITEM('') );
#1379 = CARTESIAN_POINT('',(170.009492,-102.062489));
#1380 = CARTESIAN_POINT('',(169.15160723501,-102.062489));
#1381 = CARTESIAN_POINT('',(169.5805496175,-101.319539));
#1382 = CARTESIAN_POINT('',(170.009492,-100.576589));
#1383 = CARTESIAN_POINT('',(170.43843438249,-101.319539));
#1384 = CARTESIAN_POINT('',(170.86737676498,-102.062489));
#1385 = CARTESIAN_POINT('',(170.009492,-102.062489));
#1386 = ( GEOMETRIC_REPRESENTATION_CONTEXT(2) 
PARAMETRIC_REPRESENTATION_CONTEXT() REPRESENTATION_CONTEXT('2D SPACE',''
  ) );
#1387 = PCURVE('',#1388,#1393);
#1388 = CYLINDRICAL_SURFACE('',#1389,0.4953);
#1389 = AXIS2_PLACEMENT_3D('',#1390,#1391,#1392);
#1390 = CARTESIAN_POINT('',(170.009492,-101.567189,-4.6E-02));
#1391 = DIRECTION('',(-0.,-0.,-1.));
#1392 = DIRECTION('',(-5.738281734385E-14,-1.,0.));
#1393 = DEFINITIONAL_REPRESENTATION('',(#1394),#1398);
#1394 = LINE('',#1395,#1396);
#1395 = CARTESIAN_POINT('',(0.,-1.556));
#1396 = VECTOR('',#1397,1.);
#1397 = DIRECTION('',(1.,0.));
#1398 = ( GEOMETRIC_REPRESENTATION_CONTEXT(2) 
PARAMETRIC_REPRESENTATION_CONTEXT() REPRESENTATION_CONTEXT('2D SPACE',''
  ) );
#1399 = FACE_BOUND('',#1400,.T.);
#1400 = EDGE_LOOP('',(#1401,#1436,#1464,#1497));
#1401 = ORIENTED_EDGE('',*,*,#1402,.T.);
#1402 = EDGE_CURVE('',#1403,#1405,#1407,.T.);
#1403 = VERTEX_POINT('',#1404);
#1404 = CARTESIAN_POINT('',(149.168,-82.368,1.51));
#1405 = VERTEX_POINT('',#1406);
#1406 = CARTESIAN_POINT('',(149.168,-83.268,1.51));
#1407 = SURFACE_CURVE('',#1408,(#1413,#1424),.PCURVE_S1.);
#1408 = CIRCLE('',#1409,0.45);
#1409 = AXIS2_PLACEMENT_3D('',#1410,#1411,#1412);
#1410 = CARTESIAN_POINT('',(149.168,-82.818,1.51));
#1411 = DIRECTION('',(0.,-0.,-1.));
#1412 = DIRECTION('',(6.315935428979E-14,-1.,0.));
#1413 = PCURVE('',#33,#1414);
#1414 = DEFINITIONAL_REPRESENTATION('',(#1415),#1423);
#1415 = ( BOUNDED_CURVE() B_SPLINE_CURVE(2,(#1416,#1417,#1418,#1419,
#1420,#1421,#1422),.UNSPECIFIED.,.T.,.F.) B_SPLINE_CURVE_WITH_KNOTS((1,2
    ,2,2,2,1),(-2.094395102393,0.,2.094395102393,4.188790204786,
6.28318530718,8.377580409573),.UNSPECIFIED.) CURVE() 
GEOMETRIC_REPRESENTATION_ITEM() RATIONAL_B_SPLINE_CURVE((1.,0.5,1.,0.5,
1.,0.5,1.)) REPRESENTATION_ITEM('') );
#1416 = CARTESIAN_POINT('',(149.168,-83.268));
#1417 = CARTESIAN_POINT('',(148.38857713659,-83.268));
#1418 = CARTESIAN_POINT('',(148.77828856829,-82.593));
#1419 = CARTESIAN_POINT('',(149.168,-81.918));
#1420 = CARTESIAN_POINT('',(149.5577114317,-82.593));
#1421 = CARTESIAN_POINT('',(149.9474228634,-83.268));
#1422 = CARTESIAN_POINT('',(149.168,-83.268));
#1423 = ( GEOMETRIC_REPRESENTATION_CONTEXT(2) 
PARAMETRIC_REPRESENTATION_CONTEXT() REPRESENTATION_CONTEXT('2D SPACE',''
  ) );
#1424 = PCURVE('',#1425,#1430);
#1425 = CYLINDRICAL_SURFACE('',#1426,0.45);
#1426 = AXIS2_PLACEMENT_3D('',#1427,#1428,#1429);
#1427 = CARTESIAN_POINT('',(149.168,-82.818,-4.6E-02));
#1428 = DIRECTION('',(0.,0.,-1.));
#1429 = DIRECTION('',(6.315935428979E-14,-1.,0.));
#1430 = DEFINITIONAL_REPRESENTATION('',(#1431),#1435);
#1431 = LINE('',#1432,#1433);
#1432 = CARTESIAN_POINT('',(0.,-1.556));
#1433 = VECTOR('',#1434,1.);
#1434 = DIRECTION('',(1.,0.));
#1435 = ( GEOMETRIC_REPRESENTATION_CONTEXT(2) 
PARAMETRIC_REPRESENTATION_CONTEXT() REPRESENTATION_CONTEXT('2D SPACE',''
  ) );
#1436 = ORIENTED_EDGE('',*,*,#1437,.T.);
#1437 = EDGE_CURVE('',#1405,#1438,#1440,.T.);
#1438 = VERTEX_POINT('',#1439);
#1439 = CARTESIAN_POINT('',(148.768,-83.268,1.51));
#1440 = SURFACE_CURVE('',#1441,(#1445,#1452),.PCURVE_S1.);
#1441 = LINE('',#1442,#1443);
#1442 = CARTESIAN_POINT('',(74.384,-83.268,1.51));
#1443 = VECTOR('',#1444,1.);
#1444 = DIRECTION('',(-1.,0.,0.));
#1445 = PCURVE('',#33,#1446);
#1446 = DEFINITIONAL_REPRESENTATION('',(#1447),#1451);
#1447 = LINE('',#1448,#1449);
#1448 = CARTESIAN_POINT('',(74.384,-83.268));
#1449 = VECTOR('',#1450,1.);
#1450 = DIRECTION('',(-1.,0.));
#1451 = ( GEOMETRIC_REPRESENTATION_CONTEXT(2) 
PARAMETRIC_REPRESENTATION_CONTEXT() REPRESENTATION_CONTEXT('2D SPACE',''
  ) );
#1452 = PCURVE('',#1453,#1458);
#1453 = PLANE('',#1454);
#1454 = AXIS2_PLACEMENT_3D('',#1455,#1456,#1457);
#1455 = CARTESIAN_POINT('',(148.768,-83.268,-4.6E-02));
#1456 = DIRECTION('',(0.,1.,0.));
#1457 = DIRECTION('',(1.,0.,0.));
#1458 = DEFINITIONAL_REPRESENTATION('',(#1459),#1463);
#1459 = LINE('',#1460,#1461);
#1460 = CARTESIAN_POINT('',(-74.384,-1.556));
#1461 = VECTOR('',#1462,1.);
#1462 = DIRECTION('',(-1.,0.));
#1463 = ( GEOMETRIC_REPRESENTATION_CONTEXT(2) 
PARAMETRIC_REPRESENTATION_CONTEXT() REPRESENTATION_CONTEXT('2D SPACE',''
  ) );
#1464 = ORIENTED_EDGE('',*,*,#1465,.T.);
#1465 = EDGE_CURVE('',#1438,#1466,#1468,.T.);
#1466 = VERTEX_POINT('',#1467);
#1467 = CARTESIAN_POINT('',(148.768,-82.368,1.51));
#1468 = SURFACE_CURVE('',#1469,(#1474,#1485),.PCURVE_S1.);
#1469 = CIRCLE('',#1470,0.45);
#1470 = AXIS2_PLACEMENT_3D('',#1471,#1472,#1473);
#1471 = CARTESIAN_POINT('',(148.768,-82.818,1.51));
#1472 = DIRECTION('',(0.,0.,-1.));
#1473 = DIRECTION('',(-6.315935428979E-14,1.,0.));
#1474 = PCURVE('',#33,#1475);
#1475 = DEFINITIONAL_REPRESENTATION('',(#1476),#1484);
#1476 = ( BOUNDED_CURVE() B_SPLINE_CURVE(2,(#1477,#1478,#1479,#1480,
#1481,#1482,#1483),.UNSPECIFIED.,.T.,.F.) B_SPLINE_CURVE_WITH_KNOTS((1,2
    ,2,2,2,1),(-2.094395102393,0.,2.094395102393,4.188790204786,
6.28318530718,8.377580409573),.UNSPECIFIED.) CURVE() 
GEOMETRIC_REPRESENTATION_ITEM() RATIONAL_B_SPLINE_CURVE((1.,0.5,1.,0.5,
1.,0.5,1.)) REPRESENTATION_ITEM('') );
#1477 = CARTESIAN_POINT('',(148.768,-82.368));
#1478 = CARTESIAN_POINT('',(149.5474228634,-82.368));
#1479 = CARTESIAN_POINT('',(149.1577114317,-83.043));
#1480 = CARTESIAN_POINT('',(148.768,-83.718));
#1481 = CARTESIAN_POINT('',(148.37828856829,-83.043));
#1482 = CARTESIAN_POINT('',(147.98857713659,-82.368));
#1483 = CARTESIAN_POINT('',(148.768,-82.368));
#1484 = ( GEOMETRIC_REPRESENTATION_CONTEXT(2) 
PARAMETRIC_REPRESENTATION_CONTEXT() REPRESENTATION_CONTEXT('2D SPACE',''
  ) );
#1485 = PCURVE('',#1486,#1491);
#1486 = CYLINDRICAL_SURFACE('',#1487,0.45);
#1487 = AXIS2_PLACEMENT_3D('',#1488,#1489,#1490);
#1488 = CARTESIAN_POINT('',(148.768,-82.818,-4.6E-02));
#1489 = DIRECTION('',(-0.,-0.,-1.));
#1490 = DIRECTION('',(-6.315935428979E-14,1.,0.));
#1491 = DEFINITIONAL_REPRESENTATION('',(#1492),#1496);
#1492 = LINE('',#1493,#1494);
#1493 = CARTESIAN_POINT('',(0.,-1.556));
#1494 = VECTOR('',#1495,1.);
#1495 = DIRECTION('',(1.,0.));
#1496 = ( GEOMETRIC_REPRESENTATION_CONTEXT(2) 
PARAMETRIC_REPRESENTATION_CONTEXT() REPRESENTATION_CONTEXT('2D SPACE',''
  ) );
#1497 = ORIENTED_EDGE('',*,*,#1498,.T.);
#1498 = EDGE_CURVE('',#1466,#1403,#1499,.T.);
#1499 = SURFACE_CURVE('',#1500,(#1504,#1511),.PCURVE_S1.);
#1500 = LINE('',#1501,#1502);
#1501 = CARTESIAN_POINT('',(74.584,-82.368,1.51));
#1502 = VECTOR('',#1503,1.);
#1503 = DIRECTION('',(1.,0.,0.));
#1504 = PCURVE('',#33,#1505);
#1505 = DEFINITIONAL_REPRESENTATION('',(#1506),#1510);
#1506 = LINE('',#1507,#1508);
#1507 = CARTESIAN_POINT('',(74.584,-82.368));
#1508 = VECTOR('',#1509,1.);
#1509 = DIRECTION('',(1.,0.));
#1510 = ( GEOMETRIC_REPRESENTATION_CONTEXT(2) 
PARAMETRIC_REPRESENTATION_CONTEXT() REPRESENTATION_CONTEXT('2D SPACE',''
  ) );
#1511 = PCURVE('',#1512,#1517);
#1512 = PLANE('',#1513);
#1513 = AXIS2_PLACEMENT_3D('',#1514,#1515,#1516);
#1514 = CARTESIAN_POINT('',(149.168,-82.368,-4.6E-02));
#1515 = DIRECTION('',(0.,-1.,0.));
#1516 = DIRECTION('',(-1.,0.,0.));
#1517 = DEFINITIONAL_REPRESENTATION('',(#1518),#1522);
#1518 = LINE('',#1519,#1520);
#1519 = CARTESIAN_POINT('',(74.584,-1.556));
#1520 = VECTOR('',#1521,1.);
#1521 = DIRECTION('',(-1.,0.));
#1522 = ( GEOMETRIC_REPRESENTATION_CONTEXT(2) 
PARAMETRIC_REPRESENTATION_CONTEXT() REPRESENTATION_CONTEXT('2D SPACE',''
  ) );
#1523 = FACE_BOUND('',#1524,.T.);
#1524 = EDGE_LOOP('',(#1525));
#1525 = ORIENTED_EDGE('',*,*,#1526,.T.);
#1526 = EDGE_CURVE('',#1527,#1527,#1529,.T.);
#1527 = VERTEX_POINT('',#1528);
#1528 = CARTESIAN_POINT('',(163.478,-84.767,1.51));
#1529 = SURFACE_CURVE('',#1530,(#1535,#1546),.PCURVE_S1.);
#1530 = CIRCLE('',#1531,0.635);
#1531 = AXIS2_PLACEMENT_3D('',#1532,#1533,#1534);
#1532 = CARTESIAN_POINT('',(163.478,-84.132,1.51));
#1533 = DIRECTION('',(-0.,-0.,-1.));
#1534 = DIRECTION('',(0.,-1.,0.));
#1535 = PCURVE('',#33,#1536);
#1536 = DEFINITIONAL_REPRESENTATION('',(#1537),#1545);
#1537 = ( BOUNDED_CURVE() B_SPLINE_CURVE(2,(#1538,#1539,#1540,#1541,
#1542,#1543,#1544),.UNSPECIFIED.,.T.,.F.) B_SPLINE_CURVE_WITH_KNOTS((1,2
    ,2,2,2,1),(-2.094395102393,0.,2.094395102393,4.188790204786,
6.28318530718,8.377580409573),.UNSPECIFIED.) CURVE() 
GEOMETRIC_REPRESENTATION_ITEM() RATIONAL_B_SPLINE_CURVE((1.,0.5,1.,0.5,
1.,0.5,1.)) REPRESENTATION_ITEM('') );
#1538 = CARTESIAN_POINT('',(163.478,-84.767));
#1539 = CARTESIAN_POINT('',(162.37814773719,-84.767));
#1540 = CARTESIAN_POINT('',(162.92807386859,-83.8145));
#1541 = CARTESIAN_POINT('',(163.478,-82.862));
#1542 = CARTESIAN_POINT('',(164.0279261314,-83.8145));
#1543 = CARTESIAN_POINT('',(164.5778522628,-84.767));
#1544 = CARTESIAN_POINT('',(163.478,-84.767));
#1545 = ( GEOMETRIC_REPRESENTATION_CONTEXT(2) 
PARAMETRIC_REPRESENTATION_CONTEXT() REPRESENTATION_CONTEXT('2D SPACE',''
  ) );
#1546 = PCURVE('',#1547,#1552);
#1547 = CYLINDRICAL_SURFACE('',#1548,0.635);
#1548 = AXIS2_PLACEMENT_3D('',#1549,#1550,#1551);
#1549 = CARTESIAN_POINT('',(163.478,-84.132,-4.6E-02));
#1550 = DIRECTION('',(-0.,-0.,-1.));
#1551 = DIRECTION('',(0.,-1.,0.));
#1552 = DEFINITIONAL_REPRESENTATION('',(#1553),#1557);
#1553 = LINE('',#1554,#1555);
#1554 = CARTESIAN_POINT('',(0.,-1.556));
#1555 = VECTOR('',#1556,1.);
#1556 = DIRECTION('',(1.,0.));
#1557 = ( GEOMETRIC_REPRESENTATION_CONTEXT(2) 
PARAMETRIC_REPRESENTATION_CONTEXT() REPRESENTATION_CONTEXT('2D SPACE',''
  ) );
#1558 = FACE_BOUND('',#1559,.T.);
#1559 = EDGE_LOOP('',(#1560));
#1560 = ORIENTED_EDGE('',*,*,#1561,.T.);
#1561 = EDGE_CURVE('',#1562,#1562,#1564,.T.);
#1562 = VERTEX_POINT('',#1563);
#1563 = CARTESIAN_POINT('',(158.478,-82.667,1.51));
#1564 = SURFACE_CURVE('',#1565,(#1570,#1581),.PCURVE_S1.);
#1565 = CIRCLE('',#1566,0.635);
#1566 = AXIS2_PLACEMENT_3D('',#1567,#1568,#1569);
#1567 = CARTESIAN_POINT('',(158.478,-82.032,1.51));
#1568 = DIRECTION('',(-0.,-0.,-1.));
#1569 = DIRECTION('',(0.,-1.,0.));
#1570 = PCURVE('',#33,#1571);
#1571 = DEFINITIONAL_REPRESENTATION('',(#1572),#1580);
#1572 = ( BOUNDED_CURVE() B_SPLINE_CURVE(2,(#1573,#1574,#1575,#1576,
#1577,#1578,#1579),.UNSPECIFIED.,.T.,.F.) B_SPLINE_CURVE_WITH_KNOTS((1,2
    ,2,2,2,1),(-2.094395102393,0.,2.094395102393,4.188790204786,
6.28318530718,8.377580409573),.UNSPECIFIED.) CURVE() 
GEOMETRIC_REPRESENTATION_ITEM() RATIONAL_B_SPLINE_CURVE((1.,0.5,1.,0.5,
1.,0.5,1.)) REPRESENTATION_ITEM('') );
#1573 = CARTESIAN_POINT('',(158.478,-82.667));
#1574 = CARTESIAN_POINT('',(157.37814773719,-82.667));
#1575 = CARTESIAN_POINT('',(157.92807386859,-81.7145));
#1576 = CARTESIAN_POINT('',(158.478,-80.762));
#1577 = CARTESIAN_POINT('',(159.0279261314,-81.7145));
#1578 = CARTESIAN_POINT('',(159.5778522628,-82.667));
#1579 = CARTESIAN_POINT('',(158.478,-82.667));
#1580 = ( GEOMETRIC_REPRESENTATION_CONTEXT(2) 
PARAMETRIC_REPRESENTATION_CONTEXT() REPRESENTATION_CONTEXT('2D SPACE',''
  ) );
#1581 = PCURVE('',#1582,#1587);
#1582 = CYLINDRICAL_SURFACE('',#1583,0.635);
#1583 = AXIS2_PLACEMENT_3D('',#1584,#1585,#1586);
#1584 = CARTESIAN_POINT('',(158.478,-82.032,-4.6E-02));
#1585 = DIRECTION('',(-0.,-0.,-1.));
#1586 = DIRECTION('',(0.,-1.,0.));
#1587 = DEFINITIONAL_REPRESENTATION('',(#1588),#1592);
#1588 = LINE('',#1589,#1590);
#1589 = CARTESIAN_POINT('',(0.,-1.556));
#1590 = VECTOR('',#1591,1.);
#1591 = DIRECTION('',(1.,0.));
#1592 = ( GEOMETRIC_REPRESENTATION_CONTEXT(2) 
PARAMETRIC_REPRESENTATION_CONTEXT() REPRESENTATION_CONTEXT('2D SPACE',''
  ) );
#1593 = FACE_BOUND('',#1594,.T.);
#1594 = EDGE_LOOP('',(#1595));
#1595 = ORIENTED_EDGE('',*,*,#1596,.T.);
#1596 = EDGE_CURVE('',#1597,#1597,#1599,.T.);
#1597 = VERTEX_POINT('',#1598);
#1598 = CARTESIAN_POINT('',(139.268,-80.918,1.51));
#1599 = SURFACE_CURVE('',#1600,(#1605,#1616),.PCURVE_S1.);
#1600 = CIRCLE('',#1601,0.4);
#1601 = AXIS2_PLACEMENT_3D('',#1602,#1603,#1604);
#1602 = CARTESIAN_POINT('',(139.268,-80.518,1.51));
#1603 = DIRECTION('',(-0.,-0.,-1.));
#1604 = DIRECTION('',(0.,-1.,0.));
#1605 = PCURVE('',#33,#1606);
#1606 = DEFINITIONAL_REPRESENTATION('',(#1607),#1615);
#1607 = ( BOUNDED_CURVE() B_SPLINE_CURVE(2,(#1608,#1609,#1610,#1611,
#1612,#1613,#1614),.UNSPECIFIED.,.T.,.F.) B_SPLINE_CURVE_WITH_KNOTS((1,2
    ,2,2,2,1),(-2.094395102393,0.,2.094395102393,4.188790204786,
6.28318530718,8.377580409573),.UNSPECIFIED.) CURVE() 
GEOMETRIC_REPRESENTATION_ITEM() RATIONAL_B_SPLINE_CURVE((1.,0.5,1.,0.5,
1.,0.5,1.)) REPRESENTATION_ITEM('') );
#1608 = CARTESIAN_POINT('',(139.268,-80.918));
#1609 = CARTESIAN_POINT('',(138.57517967697,-80.918));
#1610 = CARTESIAN_POINT('',(138.92158983848,-80.318));
#1611 = CARTESIAN_POINT('',(139.268,-79.718));
#1612 = CARTESIAN_POINT('',(139.61441016151,-80.318));
#1613 = CARTESIAN_POINT('',(139.96082032302,-80.918));
#1614 = CARTESIAN_POINT('',(139.268,-80.918));
#1615 = ( GEOMETRIC_REPRESENTATION_CONTEXT(2) 
PARAMETRIC_REPRESENTATION_CONTEXT() REPRESENTATION_CONTEXT('2D SPACE',''
  ) );
#1616 = PCURVE('',#1617,#1622);
#1617 = CYLINDRICAL_SURFACE('',#1618,0.4);
#1618 = AXIS2_PLACEMENT_3D('',#1619,#1620,#1621);
#1619 = CARTESIAN_POINT('',(139.268,-80.518,-4.6E-02));
#1620 = DIRECTION('',(-0.,-0.,-1.));
#1621 = DIRECTION('',(0.,-1.,0.));
#1622 = DEFINITIONAL_REPRESENTATION('',(#1623),#1627);
#1623 = LINE('',#1624,#1625);
#1624 = CARTESIAN_POINT('',(0.,-1.556));
#1625 = VECTOR('',#1626,1.);
#1626 = DIRECTION('',(1.,0.));
#1627 = ( GEOMETRIC_REPRESENTATION_CONTEXT(2) 
PARAMETRIC_REPRESENTATION_CONTEXT() REPRESENTATION_CONTEXT('2D SPACE',''
  ) );
#1628 = FACE_BOUND('',#1629,.T.);
#1629 = EDGE_LOOP('',(#1630,#1665,#1693,#1726));
#1630 = ORIENTED_EDGE('',*,*,#1631,.T.);
#1631 = EDGE_CURVE('',#1632,#1634,#1636,.T.);
#1632 = VERTEX_POINT('',#1633);
#1633 = CARTESIAN_POINT('',(141.068,-77.768,1.51));
#1634 = VERTEX_POINT('',#1635);
#1635 = CARTESIAN_POINT('',(141.068,-78.668,1.51));
#1636 = SURFACE_CURVE('',#1637,(#1642,#1653),.PCURVE_S1.);
#1637 = CIRCLE('',#1638,0.45);
#1638 = AXIS2_PLACEMENT_3D('',#1639,#1640,#1641);
#1639 = CARTESIAN_POINT('',(141.068,-78.218,1.51));
#1640 = DIRECTION('',(0.,-0.,-1.));
#1641 = DIRECTION('',(6.315935428979E-14,-1.,0.));
#1642 = PCURVE('',#33,#1643);
#1643 = DEFINITIONAL_REPRESENTATION('',(#1644),#1652);
#1644 = ( BOUNDED_CURVE() B_SPLINE_CURVE(2,(#1645,#1646,#1647,#1648,
#1649,#1650,#1651),.UNSPECIFIED.,.T.,.F.) B_SPLINE_CURVE_WITH_KNOTS((1,2
    ,2,2,2,1),(-2.094395102393,0.,2.094395102393,4.188790204786,
6.28318530718,8.377580409573),.UNSPECIFIED.) CURVE() 
GEOMETRIC_REPRESENTATION_ITEM() RATIONAL_B_SPLINE_CURVE((1.,0.5,1.,0.5,
1.,0.5,1.)) REPRESENTATION_ITEM('') );
#1645 = CARTESIAN_POINT('',(141.068,-78.668));
#1646 = CARTESIAN_POINT('',(140.28857713659,-78.668));
#1647 = CARTESIAN_POINT('',(140.67828856829,-77.993));
#1648 = CARTESIAN_POINT('',(141.068,-77.318));
#1649 = CARTESIAN_POINT('',(141.4577114317,-77.993));
#1650 = CARTESIAN_POINT('',(141.8474228634,-78.668));
#1651 = CARTESIAN_POINT('',(141.068,-78.668));
#1652 = ( GEOMETRIC_REPRESENTATION_CONTEXT(2) 
PARAMETRIC_REPRESENTATION_CONTEXT() REPRESENTATION_CONTEXT('2D SPACE',''
  ) );
#1653 = PCURVE('',#1654,#1659);
#1654 = CYLINDRICAL_SURFACE('',#1655,0.45);
#1655 = AXIS2_PLACEMENT_3D('',#1656,#1657,#1658);
#1656 = CARTESIAN_POINT('',(141.068,-78.218,-4.6E-02));
#1657 = DIRECTION('',(0.,0.,-1.));
#1658 = DIRECTION('',(6.315935428979E-14,-1.,0.));
#1659 = DEFINITIONAL_REPRESENTATION('',(#1660),#1664);
#1660 = LINE('',#1661,#1662);
#1661 = CARTESIAN_POINT('',(0.,-1.556));
#1662 = VECTOR('',#1663,1.);
#1663 = DIRECTION('',(1.,0.));
#1664 = ( GEOMETRIC_REPRESENTATION_CONTEXT(2) 
PARAMETRIC_REPRESENTATION_CONTEXT() REPRESENTATION_CONTEXT('2D SPACE',''
  ) );
#1665 = ORIENTED_EDGE('',*,*,#1666,.T.);
#1666 = EDGE_CURVE('',#1634,#1667,#1669,.T.);
#1667 = VERTEX_POINT('',#1668);
#1668 = CARTESIAN_POINT('',(140.668,-78.668,1.51));
#1669 = SURFACE_CURVE('',#1670,(#1674,#1681),.PCURVE_S1.);
#1670 = LINE('',#1671,#1672);
#1671 = CARTESIAN_POINT('',(70.334,-78.668,1.51));
#1672 = VECTOR('',#1673,1.);
#1673 = DIRECTION('',(-1.,0.,0.));
#1674 = PCURVE('',#33,#1675);
#1675 = DEFINITIONAL_REPRESENTATION('',(#1676),#1680);
#1676 = LINE('',#1677,#1678);
#1677 = CARTESIAN_POINT('',(70.334,-78.668));
#1678 = VECTOR('',#1679,1.);
#1679 = DIRECTION('',(-1.,0.));
#1680 = ( GEOMETRIC_REPRESENTATION_CONTEXT(2) 
PARAMETRIC_REPRESENTATION_CONTEXT() REPRESENTATION_CONTEXT('2D SPACE',''
  ) );
#1681 = PCURVE('',#1682,#1687);
#1682 = PLANE('',#1683);
#1683 = AXIS2_PLACEMENT_3D('',#1684,#1685,#1686);
#1684 = CARTESIAN_POINT('',(140.668,-78.668,-4.6E-02));
#1685 = DIRECTION('',(0.,1.,0.));
#1686 = DIRECTION('',(1.,0.,0.));
#1687 = DEFINITIONAL_REPRESENTATION('',(#1688),#1692);
#1688 = LINE('',#1689,#1690);
#1689 = CARTESIAN_POINT('',(-70.334,-1.556));
#1690 = VECTOR('',#1691,1.);
#1691 = DIRECTION('',(-1.,0.));
#1692 = ( GEOMETRIC_REPRESENTATION_CONTEXT(2) 
PARAMETRIC_REPRESENTATION_CONTEXT() REPRESENTATION_CONTEXT('2D SPACE',''
  ) );
#1693 = ORIENTED_EDGE('',*,*,#1694,.T.);
#1694 = EDGE_CURVE('',#1667,#1695,#1697,.T.);
#1695 = VERTEX_POINT('',#1696);
#1696 = CARTESIAN_POINT('',(140.668,-77.768,1.51));
#1697 = SURFACE_CURVE('',#1698,(#1703,#1714),.PCURVE_S1.);
#1698 = CIRCLE('',#1699,0.45);
#1699 = AXIS2_PLACEMENT_3D('',#1700,#1701,#1702);
#1700 = CARTESIAN_POINT('',(140.668,-78.218,1.51));
#1701 = DIRECTION('',(0.,0.,-1.));
#1702 = DIRECTION('',(6.315935428979E-14,1.,0.));
#1703 = PCURVE('',#33,#1704);
#1704 = DEFINITIONAL_REPRESENTATION('',(#1705),#1713);
#1705 = ( BOUNDED_CURVE() B_SPLINE_CURVE(2,(#1706,#1707,#1708,#1709,
#1710,#1711,#1712),.UNSPECIFIED.,.T.,.F.) B_SPLINE_CURVE_WITH_KNOTS((1,2
    ,2,2,2,1),(-2.094395102393,0.,2.094395102393,4.188790204786,
6.28318530718,8.377580409573),.UNSPECIFIED.) CURVE() 
GEOMETRIC_REPRESENTATION_ITEM() RATIONAL_B_SPLINE_CURVE((1.,0.5,1.,0.5,
1.,0.5,1.)) REPRESENTATION_ITEM('') );
#1706 = CARTESIAN_POINT('',(140.668,-77.768));
#1707 = CARTESIAN_POINT('',(141.4474228634,-77.768));
#1708 = CARTESIAN_POINT('',(141.0577114317,-78.443));
#1709 = CARTESIAN_POINT('',(140.668,-79.118));
#1710 = CARTESIAN_POINT('',(140.27828856829,-78.443));
#1711 = CARTESIAN_POINT('',(139.88857713659,-77.768));
#1712 = CARTESIAN_POINT('',(140.668,-77.768));
#1713 = ( GEOMETRIC_REPRESENTATION_CONTEXT(2) 
PARAMETRIC_REPRESENTATION_CONTEXT() REPRESENTATION_CONTEXT('2D SPACE',''
  ) );
#1714 = PCURVE('',#1715,#1720);
#1715 = CYLINDRICAL_SURFACE('',#1716,0.45);
#1716 = AXIS2_PLACEMENT_3D('',#1717,#1718,#1719);
#1717 = CARTESIAN_POINT('',(140.668,-78.218,-4.6E-02));
#1718 = DIRECTION('',(-0.,-0.,-1.));
#1719 = DIRECTION('',(6.315935428979E-14,1.,0.));
#1720 = DEFINITIONAL_REPRESENTATION('',(#1721),#1725);
#1721 = LINE('',#1722,#1723);
#1722 = CARTESIAN_POINT('',(0.,-1.556));
#1723 = VECTOR('',#1724,1.);
#1724 = DIRECTION('',(1.,0.));
#1725 = ( GEOMETRIC_REPRESENTATION_CONTEXT(2) 
PARAMETRIC_REPRESENTATION_CONTEXT() REPRESENTATION_CONTEXT('2D SPACE',''
  ) );
#1726 = ORIENTED_EDGE('',*,*,#1727,.T.);
#1727 = EDGE_CURVE('',#1695,#1632,#1728,.T.);
#1728 = SURFACE_CURVE('',#1729,(#1733,#1740),.PCURVE_S1.);
#1729 = LINE('',#1730,#1731);
#1730 = CARTESIAN_POINT('',(70.534,-77.768,1.51));
#1731 = VECTOR('',#1732,1.);
#1732 = DIRECTION('',(1.,0.,0.));
#1733 = PCURVE('',#33,#1734);
#1734 = DEFINITIONAL_REPRESENTATION('',(#1735),#1739);
#1735 = LINE('',#1736,#1737);
#1736 = CARTESIAN_POINT('',(70.534,-77.768));
#1737 = VECTOR('',#1738,1.);
#1738 = DIRECTION('',(1.,0.));
#1739 = ( GEOMETRIC_REPRESENTATION_CONTEXT(2) 
PARAMETRIC_REPRESENTATION_CONTEXT() REPRESENTATION_CONTEXT('2D SPACE',''
  ) );
#1740 = PCURVE('',#1741,#1746);
#1741 = PLANE('',#1742);
#1742 = AXIS2_PLACEMENT_3D('',#1743,#1744,#1745);
#1743 = CARTESIAN_POINT('',(141.068,-77.768,-4.6E-02));
#1744 = DIRECTION('',(0.,-1.,0.));
#1745 = DIRECTION('',(-1.,0.,0.));
#1746 = DEFINITIONAL_REPRESENTATION('',(#1747),#1751);
#1747 = LINE('',#1748,#1749);
#1748 = CARTESIAN_POINT('',(70.534,-1.556));
#1749 = VECTOR('',#1750,1.);
#1750 = DIRECTION('',(-1.,0.));
#1751 = ( GEOMETRIC_REPRESENTATION_CONTEXT(2) 
PARAMETRIC_REPRESENTATION_CONTEXT() REPRESENTATION_CONTEXT('2D SPACE',''
  ) );
#1752 = FACE_BOUND('',#1753,.T.);
#1753 = EDGE_LOOP('',(#1754));
#1754 = ORIENTED_EDGE('',*,*,#1755,.T.);
#1755 = EDGE_CURVE('',#1756,#1756,#1758,.T.);
#1756 = VERTEX_POINT('',#1757);
#1757 = CARTESIAN_POINT('',(146.268,-80.918,1.51));
#1758 = SURFACE_CURVE('',#1759,(#1764,#1775),.PCURVE_S1.);
#1759 = CIRCLE('',#1760,0.4);
#1760 = AXIS2_PLACEMENT_3D('',#1761,#1762,#1763);
#1761 = CARTESIAN_POINT('',(146.268,-80.518,1.51));
#1762 = DIRECTION('',(-0.,-0.,-1.));
#1763 = DIRECTION('',(0.,-1.,0.));
#1764 = PCURVE('',#33,#1765);
#1765 = DEFINITIONAL_REPRESENTATION('',(#1766),#1774);
#1766 = ( BOUNDED_CURVE() B_SPLINE_CURVE(2,(#1767,#1768,#1769,#1770,
#1771,#1772,#1773),.UNSPECIFIED.,.T.,.F.) B_SPLINE_CURVE_WITH_KNOTS((1,2
    ,2,2,2,1),(-2.094395102393,0.,2.094395102393,4.188790204786,
6.28318530718,8.377580409573),.UNSPECIFIED.) CURVE() 
GEOMETRIC_REPRESENTATION_ITEM() RATIONAL_B_SPLINE_CURVE((1.,0.5,1.,0.5,
1.,0.5,1.)) REPRESENTATION_ITEM('') );
#1767 = CARTESIAN_POINT('',(146.268,-80.918));
#1768 = CARTESIAN_POINT('',(145.57517967697,-80.918));
#1769 = CARTESIAN_POINT('',(145.92158983848,-80.318));
#1770 = CARTESIAN_POINT('',(146.268,-79.718));
#1771 = CARTESIAN_POINT('',(146.61441016151,-80.318));
#1772 = CARTESIAN_POINT('',(146.96082032302,-80.918));
#1773 = CARTESIAN_POINT('',(146.268,-80.918));
#1774 = ( GEOMETRIC_REPRESENTATION_CONTEXT(2) 
PARAMETRIC_REPRESENTATION_CONTEXT() REPRESENTATION_CONTEXT('2D SPACE',''
  ) );
#1775 = PCURVE('',#1776,#1781);
#1776 = CYLINDRICAL_SURFACE('',#1777,0.4);
#1777 = AXIS2_PLACEMENT_3D('',#1778,#1779,#1780);
#1778 = CARTESIAN_POINT('',(146.268,-80.518,-4.6E-02));
#1779 = DIRECTION('',(-0.,-0.,-1.));
#1780 = DIRECTION('',(0.,-1.,0.));
#1781 = DEFINITIONAL_REPRESENTATION('',(#1782),#1786);
#1782 = LINE('',#1783,#1784);
#1783 = CARTESIAN_POINT('',(0.,-1.556));
#1784 = VECTOR('',#1785,1.);
#1785 = DIRECTION('',(1.,0.));
#1786 = ( GEOMETRIC_REPRESENTATION_CONTEXT(2) 
PARAMETRIC_REPRESENTATION_CONTEXT() REPRESENTATION_CONTEXT('2D SPACE',''
  ) );
#1787 = FACE_BOUND('',#1788,.T.);
#1788 = EDGE_LOOP('',(#1789,#1824,#1852,#1885));
#1789 = ORIENTED_EDGE('',*,*,#1790,.T.);
#1790 = EDGE_CURVE('',#1791,#1793,#1795,.T.);
#1791 = VERTEX_POINT('',#1792);
#1792 = CARTESIAN_POINT('',(144.068,-77.768,1.51));
#1793 = VERTEX_POINT('',#1794);
#1794 = CARTESIAN_POINT('',(144.068,-78.668,1.51));
#1795 = SURFACE_CURVE('',#1796,(#1801,#1812),.PCURVE_S1.);
#1796 = CIRCLE('',#1797,0.45);
#1797 = AXIS2_PLACEMENT_3D('',#1798,#1799,#1800);
#1798 = CARTESIAN_POINT('',(144.068,-78.218,1.51));
#1799 = DIRECTION('',(0.,-0.,-1.));
#1800 = DIRECTION('',(6.315935428979E-14,-1.,0.));
#1801 = PCURVE('',#33,#1802);
#1802 = DEFINITIONAL_REPRESENTATION('',(#1803),#1811);
#1803 = ( BOUNDED_CURVE() B_SPLINE_CURVE(2,(#1804,#1805,#1806,#1807,
#1808,#1809,#1810),.UNSPECIFIED.,.T.,.F.) B_SPLINE_CURVE_WITH_KNOTS((1,2
    ,2,2,2,1),(-2.094395102393,0.,2.094395102393,4.188790204786,
6.28318530718,8.377580409573),.UNSPECIFIED.) CURVE() 
GEOMETRIC_REPRESENTATION_ITEM() RATIONAL_B_SPLINE_CURVE((1.,0.5,1.,0.5,
1.,0.5,1.)) REPRESENTATION_ITEM('') );
#1804 = CARTESIAN_POINT('',(144.068,-78.668));
#1805 = CARTESIAN_POINT('',(143.28857713659,-78.668));
#1806 = CARTESIAN_POINT('',(143.67828856829,-77.993));
#1807 = CARTESIAN_POINT('',(144.068,-77.318));
#1808 = CARTESIAN_POINT('',(144.4577114317,-77.993));
#1809 = CARTESIAN_POINT('',(144.8474228634,-78.668));
#1810 = CARTESIAN_POINT('',(144.068,-78.668));
#1811 = ( GEOMETRIC_REPRESENTATION_CONTEXT(2) 
PARAMETRIC_REPRESENTATION_CONTEXT() REPRESENTATION_CONTEXT('2D SPACE',''
  ) );
#1812 = PCURVE('',#1813,#1818);
#1813 = CYLINDRICAL_SURFACE('',#1814,0.45);
#1814 = AXIS2_PLACEMENT_3D('',#1815,#1816,#1817);
#1815 = CARTESIAN_POINT('',(144.068,-78.218,-4.6E-02));
#1816 = DIRECTION('',(0.,0.,-1.));
#1817 = DIRECTION('',(6.315935428979E-14,-1.,0.));
#1818 = DEFINITIONAL_REPRESENTATION('',(#1819),#1823);
#1819 = LINE('',#1820,#1821);
#1820 = CARTESIAN_POINT('',(0.,-1.556));
#1821 = VECTOR('',#1822,1.);
#1822 = DIRECTION('',(1.,0.));
#1823 = ( GEOMETRIC_REPRESENTATION_CONTEXT(2) 
PARAMETRIC_REPRESENTATION_CONTEXT() REPRESENTATION_CONTEXT('2D SPACE',''
  ) );
#1824 = ORIENTED_EDGE('',*,*,#1825,.T.);
#1825 = EDGE_CURVE('',#1793,#1826,#1828,.T.);
#1826 = VERTEX_POINT('',#1827);
#1827 = CARTESIAN_POINT('',(143.668,-78.668,1.51));
#1828 = SURFACE_CURVE('',#1829,(#1833,#1840),.PCURVE_S1.);
#1829 = LINE('',#1830,#1831);
#1830 = CARTESIAN_POINT('',(71.834,-78.668,1.51));
#1831 = VECTOR('',#1832,1.);
#1832 = DIRECTION('',(-1.,0.,0.));
#1833 = PCURVE('',#33,#1834);
#1834 = DEFINITIONAL_REPRESENTATION('',(#1835),#1839);
#1835 = LINE('',#1836,#1837);
#1836 = CARTESIAN_POINT('',(71.834,-78.668));
#1837 = VECTOR('',#1838,1.);
#1838 = DIRECTION('',(-1.,0.));
#1839 = ( GEOMETRIC_REPRESENTATION_CONTEXT(2) 
PARAMETRIC_REPRESENTATION_CONTEXT() REPRESENTATION_CONTEXT('2D SPACE',''
  ) );
#1840 = PCURVE('',#1841,#1846);
#1841 = PLANE('',#1842);
#1842 = AXIS2_PLACEMENT_3D('',#1843,#1844,#1845);
#1843 = CARTESIAN_POINT('',(143.668,-78.668,-4.6E-02));
#1844 = DIRECTION('',(0.,1.,0.));
#1845 = DIRECTION('',(1.,0.,0.));
#1846 = DEFINITIONAL_REPRESENTATION('',(#1847),#1851);
#1847 = LINE('',#1848,#1849);
#1848 = CARTESIAN_POINT('',(-71.834,-1.556));
#1849 = VECTOR('',#1850,1.);
#1850 = DIRECTION('',(-1.,0.));
#1851 = ( GEOMETRIC_REPRESENTATION_CONTEXT(2) 
PARAMETRIC_REPRESENTATION_CONTEXT() REPRESENTATION_CONTEXT('2D SPACE',''
  ) );
#1852 = ORIENTED_EDGE('',*,*,#1853,.T.);
#1853 = EDGE_CURVE('',#1826,#1854,#1856,.T.);
#1854 = VERTEX_POINT('',#1855);
#1855 = CARTESIAN_POINT('',(143.668,-77.768,1.51));
#1856 = SURFACE_CURVE('',#1857,(#1862,#1873),.PCURVE_S1.);
#1857 = CIRCLE('',#1858,0.45);
#1858 = AXIS2_PLACEMENT_3D('',#1859,#1860,#1861);
#1859 = CARTESIAN_POINT('',(143.668,-78.218,1.51));
#1860 = DIRECTION('',(0.,0.,-1.));
#1861 = DIRECTION('',(6.315935428979E-14,1.,0.));
#1862 = PCURVE('',#33,#1863);
#1863 = DEFINITIONAL_REPRESENTATION('',(#1864),#1872);
#1864 = ( BOUNDED_CURVE() B_SPLINE_CURVE(2,(#1865,#1866,#1867,#1868,
#1869,#1870,#1871),.UNSPECIFIED.,.T.,.F.) B_SPLINE_CURVE_WITH_KNOTS((1,2
    ,2,2,2,1),(-2.094395102393,0.,2.094395102393,4.188790204786,
6.28318530718,8.377580409573),.UNSPECIFIED.) CURVE() 
GEOMETRIC_REPRESENTATION_ITEM() RATIONAL_B_SPLINE_CURVE((1.,0.5,1.,0.5,
1.,0.5,1.)) REPRESENTATION_ITEM('') );
#1865 = CARTESIAN_POINT('',(143.668,-77.768));
#1866 = CARTESIAN_POINT('',(144.4474228634,-77.768));
#1867 = CARTESIAN_POINT('',(144.0577114317,-78.443));
#1868 = CARTESIAN_POINT('',(143.668,-79.118));
#1869 = CARTESIAN_POINT('',(143.27828856829,-78.443));
#1870 = CARTESIAN_POINT('',(142.88857713659,-77.768));
#1871 = CARTESIAN_POINT('',(143.668,-77.768));
#1872 = ( GEOMETRIC_REPRESENTATION_CONTEXT(2) 
PARAMETRIC_REPRESENTATION_CONTEXT() REPRESENTATION_CONTEXT('2D SPACE',''
  ) );
#1873 = PCURVE('',#1874,#1879);
#1874 = CYLINDRICAL_SURFACE('',#1875,0.45);
#1875 = AXIS2_PLACEMENT_3D('',#1876,#1877,#1878);
#1876 = CARTESIAN_POINT('',(143.668,-78.218,-4.6E-02));
#1877 = DIRECTION('',(-0.,-0.,-1.));
#1878 = DIRECTION('',(6.315935428979E-14,1.,0.));
#1879 = DEFINITIONAL_REPRESENTATION('',(#1880),#1884);
#1880 = LINE('',#1881,#1882);
#1881 = CARTESIAN_POINT('',(0.,-1.556));
#1882 = VECTOR('',#1883,1.);
#1883 = DIRECTION('',(1.,0.));
#1884 = ( GEOMETRIC_REPRESENTATION_CONTEXT(2) 
PARAMETRIC_REPRESENTATION_CONTEXT() REPRESENTATION_CONTEXT('2D SPACE',''
  ) );
#1885 = ORIENTED_EDGE('',*,*,#1886,.T.);
#1886 = EDGE_CURVE('',#1854,#1791,#1887,.T.);
#1887 = SURFACE_CURVE('',#1888,(#1892,#1899),.PCURVE_S1.);
#1888 = LINE('',#1889,#1890);
#1889 = CARTESIAN_POINT('',(72.034,-77.768,1.51));
#1890 = VECTOR('',#1891,1.);
#1891 = DIRECTION('',(1.,0.,0.));
#1892 = PCURVE('',#33,#1893);
#1893 = DEFINITIONAL_REPRESENTATION('',(#1894),#1898);
#1894 = LINE('',#1895,#1896);
#1895 = CARTESIAN_POINT('',(72.034,-77.768));
#1896 = VECTOR('',#1897,1.);
#1897 = DIRECTION('',(1.,0.));
#1898 = ( GEOMETRIC_REPRESENTATION_CONTEXT(2) 
PARAMETRIC_REPRESENTATION_CONTEXT() REPRESENTATION_CONTEXT('2D SPACE',''
  ) );
#1899 = PCURVE('',#1900,#1905);
#1900 = PLANE('',#1901);
#1901 = AXIS2_PLACEMENT_3D('',#1902,#1903,#1904);
#1902 = CARTESIAN_POINT('',(144.068,-77.768,-4.6E-02));
#1903 = DIRECTION('',(0.,-1.,0.));
#1904 = DIRECTION('',(-1.,0.,0.));
#1905 = DEFINITIONAL_REPRESENTATION('',(#1906),#1910);
#1906 = LINE('',#1907,#1908);
#1907 = CARTESIAN_POINT('',(72.034,-1.556));
#1908 = VECTOR('',#1909,1.);
#1909 = DIRECTION('',(-1.,0.));
#1910 = ( GEOMETRIC_REPRESENTATION_CONTEXT(2) 
PARAMETRIC_REPRESENTATION_CONTEXT() REPRESENTATION_CONTEXT('2D SPACE',''
  ) );
#1911 = FACE_BOUND('',#1912,.T.);
#1912 = EDGE_LOOP('',(#1913,#1948,#1976,#2009));
#1913 = ORIENTED_EDGE('',*,*,#1914,.T.);
#1914 = EDGE_CURVE('',#1915,#1917,#1919,.T.);
#1915 = VERTEX_POINT('',#1916);
#1916 = CARTESIAN_POINT('',(148.068,-77.768,1.51));
#1917 = VERTEX_POINT('',#1918);
#1918 = CARTESIAN_POINT('',(148.068,-78.668,1.51));
#1919 = SURFACE_CURVE('',#1920,(#1925,#1936),.PCURVE_S1.);
#1920 = CIRCLE('',#1921,0.45);
#1921 = AXIS2_PLACEMENT_3D('',#1922,#1923,#1924);
#1922 = CARTESIAN_POINT('',(148.068,-78.218,1.51));
#1923 = DIRECTION('',(0.,-0.,-1.));
#1924 = DIRECTION('',(6.315935428979E-14,-1.,0.));
#1925 = PCURVE('',#33,#1926);
#1926 = DEFINITIONAL_REPRESENTATION('',(#1927),#1935);
#1927 = ( BOUNDED_CURVE() B_SPLINE_CURVE(2,(#1928,#1929,#1930,#1931,
#1932,#1933,#1934),.UNSPECIFIED.,.T.,.F.) B_SPLINE_CURVE_WITH_KNOTS((1,2
    ,2,2,2,1),(-2.094395102393,0.,2.094395102393,4.188790204786,
6.28318530718,8.377580409573),.UNSPECIFIED.) CURVE() 
GEOMETRIC_REPRESENTATION_ITEM() RATIONAL_B_SPLINE_CURVE((1.,0.5,1.,0.5,
1.,0.5,1.)) REPRESENTATION_ITEM('') );
#1928 = CARTESIAN_POINT('',(148.068,-78.668));
#1929 = CARTESIAN_POINT('',(147.28857713659,-78.668));
#1930 = CARTESIAN_POINT('',(147.67828856829,-77.993));
#1931 = CARTESIAN_POINT('',(148.068,-77.318));
#1932 = CARTESIAN_POINT('',(148.4577114317,-77.993));
#1933 = CARTESIAN_POINT('',(148.8474228634,-78.668));
#1934 = CARTESIAN_POINT('',(148.068,-78.668));
#1935 = ( GEOMETRIC_REPRESENTATION_CONTEXT(2) 
PARAMETRIC_REPRESENTATION_CONTEXT() REPRESENTATION_CONTEXT('2D SPACE',''
  ) );
#1936 = PCURVE('',#1937,#1942);
#1937 = CYLINDRICAL_SURFACE('',#1938,0.45);
#1938 = AXIS2_PLACEMENT_3D('',#1939,#1940,#1941);
#1939 = CARTESIAN_POINT('',(148.068,-78.218,-4.6E-02));
#1940 = DIRECTION('',(0.,0.,-1.));
#1941 = DIRECTION('',(6.315935428979E-14,-1.,0.));
#1942 = DEFINITIONAL_REPRESENTATION('',(#1943),#1947);
#1943 = LINE('',#1944,#1945);
#1944 = CARTESIAN_POINT('',(0.,-1.556));
#1945 = VECTOR('',#1946,1.);
#1946 = DIRECTION('',(1.,0.));
#1947 = ( GEOMETRIC_REPRESENTATION_CONTEXT(2) 
PARAMETRIC_REPRESENTATION_CONTEXT() REPRESENTATION_CONTEXT('2D SPACE',''
  ) );
#1948 = ORIENTED_EDGE('',*,*,#1949,.T.);
#1949 = EDGE_CURVE('',#1917,#1950,#1952,.T.);
#1950 = VERTEX_POINT('',#1951);
#1951 = CARTESIAN_POINT('',(147.668,-78.668,1.51));
#1952 = SURFACE_CURVE('',#1953,(#1957,#1964),.PCURVE_S1.);
#1953 = LINE('',#1954,#1955);
#1954 = CARTESIAN_POINT('',(73.834,-78.668,1.51));
#1955 = VECTOR('',#1956,1.);
#1956 = DIRECTION('',(-1.,0.,0.));
#1957 = PCURVE('',#33,#1958);
#1958 = DEFINITIONAL_REPRESENTATION('',(#1959),#1963);
#1959 = LINE('',#1960,#1961);
#1960 = CARTESIAN_POINT('',(73.834,-78.668));
#1961 = VECTOR('',#1962,1.);
#1962 = DIRECTION('',(-1.,0.));
#1963 = ( GEOMETRIC_REPRESENTATION_CONTEXT(2) 
PARAMETRIC_REPRESENTATION_CONTEXT() REPRESENTATION_CONTEXT('2D SPACE',''
  ) );
#1964 = PCURVE('',#1965,#1970);
#1965 = PLANE('',#1966);
#1966 = AXIS2_PLACEMENT_3D('',#1967,#1968,#1969);
#1967 = CARTESIAN_POINT('',(147.668,-78.668,-4.6E-02));
#1968 = DIRECTION('',(0.,1.,0.));
#1969 = DIRECTION('',(1.,0.,0.));
#1970 = DEFINITIONAL_REPRESENTATION('',(#1971),#1975);
#1971 = LINE('',#1972,#1973);
#1972 = CARTESIAN_POINT('',(-73.834,-1.556));
#1973 = VECTOR('',#1974,1.);
#1974 = DIRECTION('',(-1.,0.));
#1975 = ( GEOMETRIC_REPRESENTATION_CONTEXT(2) 
PARAMETRIC_REPRESENTATION_CONTEXT() REPRESENTATION_CONTEXT('2D SPACE',''
  ) );
#1976 = ORIENTED_EDGE('',*,*,#1977,.T.);
#1977 = EDGE_CURVE('',#1950,#1978,#1980,.T.);
#1978 = VERTEX_POINT('',#1979);
#1979 = CARTESIAN_POINT('',(147.668,-77.768,1.51));
#1980 = SURFACE_CURVE('',#1981,(#1986,#1997),.PCURVE_S1.);
#1981 = CIRCLE('',#1982,0.45);
#1982 = AXIS2_PLACEMENT_3D('',#1983,#1984,#1985);
#1983 = CARTESIAN_POINT('',(147.668,-78.218,1.51));
#1984 = DIRECTION('',(0.,0.,-1.));
#1985 = DIRECTION('',(6.315935428979E-14,1.,0.));
#1986 = PCURVE('',#33,#1987);
#1987 = DEFINITIONAL_REPRESENTATION('',(#1988),#1996);
#1988 = ( BOUNDED_CURVE() B_SPLINE_CURVE(2,(#1989,#1990,#1991,#1992,
#1993,#1994,#1995),.UNSPECIFIED.,.T.,.F.) B_SPLINE_CURVE_WITH_KNOTS((1,2
    ,2,2,2,1),(-2.094395102393,0.,2.094395102393,4.188790204786,
6.28318530718,8.377580409573),.UNSPECIFIED.) CURVE() 
GEOMETRIC_REPRESENTATION_ITEM() RATIONAL_B_SPLINE_CURVE((1.,0.5,1.,0.5,
1.,0.5,1.)) REPRESENTATION_ITEM('') );
#1989 = CARTESIAN_POINT('',(147.668,-77.768));
#1990 = CARTESIAN_POINT('',(148.4474228634,-77.768));
#1991 = CARTESIAN_POINT('',(148.0577114317,-78.443));
#1992 = CARTESIAN_POINT('',(147.668,-79.118));
#1993 = CARTESIAN_POINT('',(147.27828856829,-78.443));
#1994 = CARTESIAN_POINT('',(146.88857713659,-77.768));
#1995 = CARTESIAN_POINT('',(147.668,-77.768));
#1996 = ( GEOMETRIC_REPRESENTATION_CONTEXT(2) 
PARAMETRIC_REPRESENTATION_CONTEXT() REPRESENTATION_CONTEXT('2D SPACE',''
  ) );
#1997 = PCURVE('',#1998,#2003);
#1998 = CYLINDRICAL_SURFACE('',#1999,0.45);
#1999 = AXIS2_PLACEMENT_3D('',#2000,#2001,#2002);
#2000 = CARTESIAN_POINT('',(147.668,-78.218,-4.6E-02));
#2001 = DIRECTION('',(-0.,-0.,-1.));
#2002 = DIRECTION('',(6.315935428979E-14,1.,0.));
#2003 = DEFINITIONAL_REPRESENTATION('',(#2004),#2008);
#2004 = LINE('',#2005,#2006);
#2005 = CARTESIAN_POINT('',(0.,-1.556));
#2006 = VECTOR('',#2007,1.);
#2007 = DIRECTION('',(1.,0.));
#2008 = ( GEOMETRIC_REPRESENTATION_CONTEXT(2) 
PARAMETRIC_REPRESENTATION_CONTEXT() REPRESENTATION_CONTEXT('2D SPACE',''
  ) );
#2009 = ORIENTED_EDGE('',*,*,#2010,.T.);
#2010 = EDGE_CURVE('',#1978,#1915,#2011,.T.);
#2011 = SURFACE_CURVE('',#2012,(#2016,#2023),.PCURVE_S1.);
#2012 = LINE('',#2013,#2014);
#2013 = CARTESIAN_POINT('',(74.034,-77.768,1.51));
#2014 = VECTOR('',#2015,1.);
#2015 = DIRECTION('',(1.,0.,0.));
#2016 = PCURVE('',#33,#2017);
#2017 = DEFINITIONAL_REPRESENTATION('',(#2018),#2022);
#2018 = LINE('',#2019,#2020);
#2019 = CARTESIAN_POINT('',(74.034,-77.768));
#2020 = VECTOR('',#2021,1.);
#2021 = DIRECTION('',(1.,0.));
#2022 = ( GEOMETRIC_REPRESENTATION_CONTEXT(2) 
PARAMETRIC_REPRESENTATION_CONTEXT() REPRESENTATION_CONTEXT('2D SPACE',''
  ) );
#2023 = PCURVE('',#2024,#2029);
#2024 = PLANE('',#2025);
#2025 = AXIS2_PLACEMENT_3D('',#2026,#2027,#2028);
#2026 = CARTESIAN_POINT('',(148.068,-77.768,-4.6E-02));
#2027 = DIRECTION('',(0.,-1.,0.));
#2028 = DIRECTION('',(-1.,0.,0.));
#2029 = DEFINITIONAL_REPRESENTATION('',(#2030),#2034);
#2030 = LINE('',#2031,#2032);
#2031 = CARTESIAN_POINT('',(74.034,-1.556));
#2032 = VECTOR('',#2033,1.);
#2033 = DIRECTION('',(-1.,0.));
#2034 = ( GEOMETRIC_REPRESENTATION_CONTEXT(2) 
PARAMETRIC_REPRESENTATION_CONTEXT() REPRESENTATION_CONTEXT('2D SPACE',''
  ) );
#2035 = FACE_BOUND('',#2036,.T.);
#2036 = EDGE_LOOP('',(#2037));
#2037 = ORIENTED_EDGE('',*,*,#2038,.T.);
#2038 = EDGE_CURVE('',#2039,#2039,#2041,.T.);
#2039 = VERTEX_POINT('',#2040);
#2040 = CARTESIAN_POINT('',(136.9714,-74.5904,1.51));
#2041 = SURFACE_CURVE('',#2042,(#2047,#2058),.PCURVE_S1.);
#2042 = CIRCLE('',#2043,0.4064);
#2043 = AXIS2_PLACEMENT_3D('',#2044,#2045,#2046);
#2044 = CARTESIAN_POINT('',(136.9714,-74.184,1.51));
#2045 = DIRECTION('',(-0.,0.,-1.));
#2046 = DIRECTION('',(-6.993530863781E-14,-1.,0.));
#2047 = PCURVE('',#33,#2048);
#2048 = DEFINITIONAL_REPRESENTATION('',(#2049),#2057);
#2049 = ( BOUNDED_CURVE() B_SPLINE_CURVE(2,(#2050,#2051,#2052,#2053,
#2054,#2055,#2056),.UNSPECIFIED.,.T.,.F.) B_SPLINE_CURVE_WITH_KNOTS((1,2
    ,2,2,2,1),(-2.094395102393,0.,2.094395102393,4.188790204786,
6.28318530718,8.377580409573),.UNSPECIFIED.) CURVE() 
GEOMETRIC_REPRESENTATION_ITEM() RATIONAL_B_SPLINE_CURVE((1.,0.5,1.,0.5,
1.,0.5,1.)) REPRESENTATION_ITEM('') );
#2050 = CARTESIAN_POINT('',(136.9714,-74.5904));
#2051 = CARTESIAN_POINT('',(136.2674945518,-74.5904));
#2052 = CARTESIAN_POINT('',(136.6194472759,-73.9808));
#2053 = CARTESIAN_POINT('',(136.9714,-73.3712));
#2054 = CARTESIAN_POINT('',(137.32335272409,-73.9808));
#2055 = CARTESIAN_POINT('',(137.67530544819,-74.5904));
#2056 = CARTESIAN_POINT('',(136.9714,-74.5904));
#2057 = ( GEOMETRIC_REPRESENTATION_CONTEXT(2) 
PARAMETRIC_REPRESENTATION_CONTEXT() REPRESENTATION_CONTEXT('2D SPACE',''
  ) );
#2058 = PCURVE('',#2059,#2064);
#2059 = CYLINDRICAL_SURFACE('',#2060,0.4064);
#2060 = AXIS2_PLACEMENT_3D('',#2061,#2062,#2063);
#2061 = CARTESIAN_POINT('',(136.9714,-74.184,-4.6E-02));
#2062 = DIRECTION('',(-0.,-0.,-1.));
#2063 = DIRECTION('',(-6.993530863781E-14,-1.,0.));
#2064 = DEFINITIONAL_REPRESENTATION('',(#2065),#2069);
#2065 = LINE('',#2066,#2067);
#2066 = CARTESIAN_POINT('',(0.,-1.556));
#2067 = VECTOR('',#2068,1.);
#2068 = DIRECTION('',(1.,0.));
#2069 = ( GEOMETRIC_REPRESENTATION_CONTEXT(2) 
PARAMETRIC_REPRESENTATION_CONTEXT() REPRESENTATION_CONTEXT('2D SPACE',''
  ) );
#2070 = FACE_BOUND('',#2071,.T.);
#2071 = EDGE_LOOP('',(#2072));
#2072 = ORIENTED_EDGE('',*,*,#2073,.T.);
#2073 = EDGE_CURVE('',#2074,#2074,#2076,.T.);
#2074 = VERTEX_POINT('',#2075);
#2075 = CARTESIAN_POINT('',(136.9714,-72.0504,1.51));
#2076 = SURFACE_CURVE('',#2077,(#2082,#2093),.PCURVE_S1.);
#2077 = CIRCLE('',#2078,0.4064);
#2078 = AXIS2_PLACEMENT_3D('',#2079,#2080,#2081);
#2079 = CARTESIAN_POINT('',(136.9714,-71.644,1.51));
#2080 = DIRECTION('',(-0.,0.,-1.));
#2081 = DIRECTION('',(-6.993530863781E-14,-1.,0.));
#2082 = PCURVE('',#33,#2083);
#2083 = DEFINITIONAL_REPRESENTATION('',(#2084),#2092);
#2084 = ( BOUNDED_CURVE() B_SPLINE_CURVE(2,(#2085,#2086,#2087,#2088,
#2089,#2090,#2091),.UNSPECIFIED.,.T.,.F.) B_SPLINE_CURVE_WITH_KNOTS((1,2
    ,2,2,2,1),(-2.094395102393,0.,2.094395102393,4.188790204786,
6.28318530718,8.377580409573),.UNSPECIFIED.) CURVE() 
GEOMETRIC_REPRESENTATION_ITEM() RATIONAL_B_SPLINE_CURVE((1.,0.5,1.,0.5,
1.,0.5,1.)) REPRESENTATION_ITEM('') );
#2085 = CARTESIAN_POINT('',(136.9714,-72.0504));
#2086 = CARTESIAN_POINT('',(136.2674945518,-72.0504));
#2087 = CARTESIAN_POINT('',(136.6194472759,-71.4408));
#2088 = CARTESIAN_POINT('',(136.9714,-70.8312));
#2089 = CARTESIAN_POINT('',(137.32335272409,-71.4408));
#2090 = CARTESIAN_POINT('',(137.67530544819,-72.0504));
#2091 = CARTESIAN_POINT('',(136.9714,-72.0504));
#2092 = ( GEOMETRIC_REPRESENTATION_CONTEXT(2) 
PARAMETRIC_REPRESENTATION_CONTEXT() REPRESENTATION_CONTEXT('2D SPACE',''
  ) );
#2093 = PCURVE('',#2094,#2099);
#2094 = CYLINDRICAL_SURFACE('',#2095,0.4064);
#2095 = AXIS2_PLACEMENT_3D('',#2096,#2097,#2098);
#2096 = CARTESIAN_POINT('',(136.9714,-71.644,-4.6E-02));
#2097 = DIRECTION('',(-0.,-0.,-1.));
#2098 = DIRECTION('',(-6.993530863781E-14,-1.,0.));
#2099 = DEFINITIONAL_REPRESENTATION('',(#2100),#2104);
#2100 = LINE('',#2101,#2102);
#2101 = CARTESIAN_POINT('',(0.,-1.556));
#2102 = VECTOR('',#2103,1.);
#2103 = DIRECTION('',(1.,0.));
#2104 = ( GEOMETRIC_REPRESENTATION_CONTEXT(2) 
PARAMETRIC_REPRESENTATION_CONTEXT() REPRESENTATION_CONTEXT('2D SPACE',''
  ) );
#2105 = FACE_BOUND('',#2106,.T.);
#2106 = EDGE_LOOP('',(#2107));
#2107 = ORIENTED_EDGE('',*,*,#2108,.T.);
#2108 = EDGE_CURVE('',#2109,#2109,#2111,.T.);
#2109 = VERTEX_POINT('',#2110);
#2110 = CARTESIAN_POINT('',(157.978,-79.0829,1.51));
#2111 = SURFACE_CURVE('',#2112,(#2117,#2128),.PCURVE_S1.);
#2112 = CIRCLE('',#2113,0.8509);
#2113 = AXIS2_PLACEMENT_3D('',#2114,#2115,#2116);
#2114 = CARTESIAN_POINT('',(157.978,-78.232,1.51));
#2115 = DIRECTION('',(-0.,-0.,-1.));
#2116 = DIRECTION('',(0.,-1.,0.));
#2117 = PCURVE('',#33,#2118);
#2118 = DEFINITIONAL_REPRESENTATION('',(#2119),#2127);
#2119 = ( BOUNDED_CURVE() B_SPLINE_CURVE(2,(#2120,#2121,#2122,#2123,
#2124,#2125,#2126),.UNSPECIFIED.,.T.,.F.) B_SPLINE_CURVE_WITH_KNOTS((1,2
    ,2,2,2,1),(-2.094395102393,0.,2.094395102393,4.188790204786,
6.28318530718,8.377580409573),.UNSPECIFIED.) CURVE() 
GEOMETRIC_REPRESENTATION_ITEM() RATIONAL_B_SPLINE_CURVE((1.,0.5,1.,0.5,
1.,0.5,1.)) REPRESENTATION_ITEM('') );
#2120 = CARTESIAN_POINT('',(157.978,-79.0829));
#2121 = CARTESIAN_POINT('',(156.50419796784,-79.0829));
#2122 = CARTESIAN_POINT('',(157.24109898392,-77.80655));
#2123 = CARTESIAN_POINT('',(157.978,-76.5302));
#2124 = CARTESIAN_POINT('',(158.71490101608,-77.80655));
#2125 = CARTESIAN_POINT('',(159.45180203216,-79.0829));
#2126 = CARTESIAN_POINT('',(157.978,-79.0829));
#2127 = ( GEOMETRIC_REPRESENTATION_CONTEXT(2) 
PARAMETRIC_REPRESENTATION_CONTEXT() REPRESENTATION_CONTEXT('2D SPACE',''
  ) );
#2128 = PCURVE('',#2129,#2134);
#2129 = CYLINDRICAL_SURFACE('',#2130,0.8509);
#2130 = AXIS2_PLACEMENT_3D('',#2131,#2132,#2133);
#2131 = CARTESIAN_POINT('',(157.978,-78.232,-4.6E-02));
#2132 = DIRECTION('',(-0.,-0.,-1.));
#2133 = DIRECTION('',(0.,-1.,0.));
#2134 = DEFINITIONAL_REPRESENTATION('',(#2135),#2139);
#2135 = LINE('',#2136,#2137);
#2136 = CARTESIAN_POINT('',(0.,-1.556));
#2137 = VECTOR('',#2138,1.);
#2138 = DIRECTION('',(1.,0.));
#2139 = ( GEOMETRIC_REPRESENTATION_CONTEXT(2) 
PARAMETRIC_REPRESENTATION_CONTEXT() REPRESENTATION_CONTEXT('2D SPACE',''
  ) );
#2140 = FACE_BOUND('',#2141,.T.);
#2141 = EDGE_LOOP('',(#2142));
#2142 = ORIENTED_EDGE('',*,*,#2143,.T.);
#2143 = EDGE_CURVE('',#2144,#2144,#2146,.T.);
#2144 = VERTEX_POINT('',#2145);
#2145 = CARTESIAN_POINT('',(163.478,-79.9465,1.51));
#2146 = SURFACE_CURVE('',#2147,(#2152,#2163),.PCURVE_S1.);
#2147 = CIRCLE('',#2148,1.7145);
#2148 = AXIS2_PLACEMENT_3D('',#2149,#2150,#2151);
#2149 = CARTESIAN_POINT('',(163.478,-78.232,1.51));
#2150 = DIRECTION('',(-0.,-0.,-1.));
#2151 = DIRECTION('',(0.,-1.,0.));
#2152 = PCURVE('',#33,#2153);
#2153 = DEFINITIONAL_REPRESENTATION('',(#2154),#2162);
#2154 = ( BOUNDED_CURVE() B_SPLINE_CURVE(2,(#2155,#2156,#2157,#2158,
#2159,#2160,#2161),.UNSPECIFIED.,.T.,.F.) B_SPLINE_CURVE_WITH_KNOTS((1,2
    ,2,2,2,1),(-2.094395102393,0.,2.094395102393,4.188790204786,
6.28318530718,8.377580409573),.UNSPECIFIED.) CURVE() 
GEOMETRIC_REPRESENTATION_ITEM() RATIONAL_B_SPLINE_CURVE((1.,0.5,1.,0.5,
1.,0.5,1.)) REPRESENTATION_ITEM('') );
#2155 = CARTESIAN_POINT('',(163.478,-79.9465));
#2156 = CARTESIAN_POINT('',(160.50839889042,-79.9465));
#2157 = CARTESIAN_POINT('',(161.99319944521,-77.37475));
#2158 = CARTESIAN_POINT('',(163.478,-74.803));
#2159 = CARTESIAN_POINT('',(164.96280055478,-77.37475));
#2160 = CARTESIAN_POINT('',(166.44760110957,-79.9465));
#2161 = CARTESIAN_POINT('',(163.478,-79.9465));
#2162 = ( GEOMETRIC_REPRESENTATION_CONTEXT(2) 
PARAMETRIC_REPRESENTATION_CONTEXT() REPRESENTATION_CONTEXT('2D SPACE',''
  ) );
#2163 = PCURVE('',#2164,#2169);
#2164 = CYLINDRICAL_SURFACE('',#2165,1.7145);
#2165 = AXIS2_PLACEMENT_3D('',#2166,#2167,#2168);
#2166 = CARTESIAN_POINT('',(163.478,-78.232,-4.6E-02));
#2167 = DIRECTION('',(-0.,-0.,-1.));
#2168 = DIRECTION('',(0.,-1.,0.));
#2169 = DEFINITIONAL_REPRESENTATION('',(#2170),#2174);
#2170 = LINE('',#2171,#2172);
#2171 = CARTESIAN_POINT('',(0.,-1.556));
#2172 = VECTOR('',#2173,1.);
#2173 = DIRECTION('',(1.,0.));
#2174 = ( GEOMETRIC_REPRESENTATION_CONTEXT(2) 
PARAMETRIC_REPRESENTATION_CONTEXT() REPRESENTATION_CONTEXT('2D SPACE',''
  ) );
#2175 = FACE_BOUND('',#2176,.T.);
#2176 = EDGE_LOOP('',(#2177));
#2177 = ORIENTED_EDGE('',*,*,#2178,.T.);
#2178 = EDGE_CURVE('',#2179,#2179,#2181,.T.);
#2179 = VERTEX_POINT('',#2180);
#2180 = CARTESIAN_POINT('',(152.1914,-74.5904,1.51));
#2181 = SURFACE_CURVE('',#2182,(#2187,#2198),.PCURVE_S1.);
#2182 = CIRCLE('',#2183,0.4064);
#2183 = AXIS2_PLACEMENT_3D('',#2184,#2185,#2186);
#2184 = CARTESIAN_POINT('',(152.1914,-74.184,1.51));
#2185 = DIRECTION('',(-0.,-0.,-1.));
#2186 = DIRECTION('',(0.,-1.,0.));
#2187 = PCURVE('',#33,#2188);
#2188 = DEFINITIONAL_REPRESENTATION('',(#2189),#2197);
#2189 = ( BOUNDED_CURVE() B_SPLINE_CURVE(2,(#2190,#2191,#2192,#2193,
#2194,#2195,#2196),.UNSPECIFIED.,.T.,.F.) B_SPLINE_CURVE_WITH_KNOTS((1,2
    ,2,2,2,1),(-2.094395102393,0.,2.094395102393,4.188790204786,
6.28318530718,8.377580409573),.UNSPECIFIED.) CURVE() 
GEOMETRIC_REPRESENTATION_ITEM() RATIONAL_B_SPLINE_CURVE((1.,0.5,1.,0.5,
1.,0.5,1.)) REPRESENTATION_ITEM('') );
#2190 = CARTESIAN_POINT('',(152.1914,-74.5904));
#2191 = CARTESIAN_POINT('',(151.4874945518,-74.5904));
#2192 = CARTESIAN_POINT('',(151.8394472759,-73.9808));
#2193 = CARTESIAN_POINT('',(152.1914,-73.3712));
#2194 = CARTESIAN_POINT('',(152.54335272409,-73.9808));
#2195 = CARTESIAN_POINT('',(152.89530544819,-74.5904));
#2196 = CARTESIAN_POINT('',(152.1914,-74.5904));
#2197 = ( GEOMETRIC_REPRESENTATION_CONTEXT(2) 
PARAMETRIC_REPRESENTATION_CONTEXT() REPRESENTATION_CONTEXT('2D SPACE',''
  ) );
#2198 = PCURVE('',#2199,#2204);
#2199 = CYLINDRICAL_SURFACE('',#2200,0.4064);
#2200 = AXIS2_PLACEMENT_3D('',#2201,#2202,#2203);
#2201 = CARTESIAN_POINT('',(152.1914,-74.184,-4.6E-02));
#2202 = DIRECTION('',(-0.,-0.,-1.));
#2203 = DIRECTION('',(0.,-1.,0.));
#2204 = DEFINITIONAL_REPRESENTATION('',(#2205),#2209);
#2205 = LINE('',#2206,#2207);
#2206 = CARTESIAN_POINT('',(0.,-1.556));
#2207 = VECTOR('',#2208,1.);
#2208 = DIRECTION('',(1.,0.));
#2209 = ( GEOMETRIC_REPRESENTATION_CONTEXT(2) 
PARAMETRIC_REPRESENTATION_CONTEXT() REPRESENTATION_CONTEXT('2D SPACE',''
  ) );
#2210 = FACE_BOUND('',#2211,.T.);
#2211 = EDGE_LOOP('',(#2212));
#2212 = ORIENTED_EDGE('',*,*,#2213,.T.);
#2213 = EDGE_CURVE('',#2214,#2214,#2216,.T.);
#2214 = VERTEX_POINT('',#2215);
#2215 = CARTESIAN_POINT('',(152.1914,-72.0504,1.51));
#2216 = SURFACE_CURVE('',#2217,(#2222,#2233),.PCURVE_S1.);
#2217 = CIRCLE('',#2218,0.4064);
#2218 = AXIS2_PLACEMENT_3D('',#2219,#2220,#2221);
#2219 = CARTESIAN_POINT('',(152.1914,-71.644,1.51));
#2220 = DIRECTION('',(-0.,-0.,-1.));
#2221 = DIRECTION('',(0.,-1.,0.));
#2222 = PCURVE('',#33,#2223);
#2223 = DEFINITIONAL_REPRESENTATION('',(#2224),#2232);
#2224 = ( BOUNDED_CURVE() B_SPLINE_CURVE(2,(#2225,#2226,#2227,#2228,
#2229,#2230,#2231),.UNSPECIFIED.,.T.,.F.) B_SPLINE_CURVE_WITH_KNOTS((1,2
    ,2,2,2,1),(-2.094395102393,0.,2.094395102393,4.188790204786,
6.28318530718,8.377580409573),.UNSPECIFIED.) CURVE() 
GEOMETRIC_REPRESENTATION_ITEM() RATIONAL_B_SPLINE_CURVE((1.,0.5,1.,0.5,
1.,0.5,1.)) REPRESENTATION_ITEM('') );
#2225 = CARTESIAN_POINT('',(152.1914,-72.0504));
#2226 = CARTESIAN_POINT('',(151.4874945518,-72.0504));
#2227 = CARTESIAN_POINT('',(151.8394472759,-71.4408));
#2228 = CARTESIAN_POINT('',(152.1914,-70.8312));
#2229 = CARTESIAN_POINT('',(152.54335272409,-71.4408));
#2230 = CARTESIAN_POINT('',(152.89530544819,-72.0504));
#2231 = CARTESIAN_POINT('',(152.1914,-72.0504));
#2232 = ( GEOMETRIC_REPRESENTATION_CONTEXT(2) 
PARAMETRIC_REPRESENTATION_CONTEXT() REPRESENTATION_CONTEXT('2D SPACE',''
  ) );
#2233 = PCURVE('',#2234,#2239);
#2234 = CYLINDRICAL_SURFACE('',#2235,0.4064);
#2235 = AXIS2_PLACEMENT_3D('',#2236,#2237,#2238);
#2236 = CARTESIAN_POINT('',(152.1914,-71.644,-4.6E-02));
#2237 = DIRECTION('',(-0.,-0.,-1.));
#2238 = DIRECTION('',(0.,-1.,0.));
#2239 = DEFINITIONAL_REPRESENTATION('',(#2240),#2244);
#2240 = LINE('',#2241,#2242);
#2241 = CARTESIAN_POINT('',(0.,-1.556));
#2242 = VECTOR('',#2243,1.);
#2243 = DIRECTION('',(1.,0.));
#2244 = ( GEOMETRIC_REPRESENTATION_CONTEXT(2) 
PARAMETRIC_REPRESENTATION_CONTEXT() REPRESENTATION_CONTEXT('2D SPACE',''
  ) );
#2245 = FACE_BOUND('',#2246,.T.);
#2246 = EDGE_LOOP('',(#2247));
#2247 = ORIENTED_EDGE('',*,*,#2248,.T.);
#2248 = EDGE_CURVE('',#2249,#2249,#2251,.T.);
#2249 = VERTEX_POINT('',#2250);
#2250 = CARTESIAN_POINT('',(158.258,-74.5273,1.51));
#2251 = SURFACE_CURVE('',#2252,(#2257,#2268),.PCURVE_S1.);
#2252 = CIRCLE('',#2253,0.4953);
#2253 = AXIS2_PLACEMENT_3D('',#2254,#2255,#2256);
#2254 = CARTESIAN_POINT('',(158.258,-74.032,1.51));
#2255 = DIRECTION('',(0.,-0.,-1.));
#2256 = DIRECTION('',(5.738281734384E-14,-1.,0.));
#2257 = PCURVE('',#33,#2258);
#2258 = DEFINITIONAL_REPRESENTATION('',(#2259),#2267);
#2259 = ( BOUNDED_CURVE() B_SPLINE_CURVE(2,(#2260,#2261,#2262,#2263,
#2264,#2265,#2266),.UNSPECIFIED.,.T.,.F.) B_SPLINE_CURVE_WITH_KNOTS((1,2
    ,2,2,2,1),(-2.094395102393,0.,2.094395102393,4.188790204786,
6.28318530718,8.377580409573),.UNSPECIFIED.) CURVE() 
GEOMETRIC_REPRESENTATION_ITEM() RATIONAL_B_SPLINE_CURVE((1.,0.5,1.,0.5,
1.,0.5,1.)) REPRESENTATION_ITEM('') );
#2260 = CARTESIAN_POINT('',(158.258,-74.5273));
#2261 = CARTESIAN_POINT('',(157.40011523501,-74.5273));
#2262 = CARTESIAN_POINT('',(157.8290576175,-73.78435));
#2263 = CARTESIAN_POINT('',(158.258,-73.0414));
#2264 = CARTESIAN_POINT('',(158.68694238249,-73.78435));
#2265 = CARTESIAN_POINT('',(159.11588476498,-74.5273));
#2266 = CARTESIAN_POINT('',(158.258,-74.5273));
#2267 = ( GEOMETRIC_REPRESENTATION_CONTEXT(2) 
PARAMETRIC_REPRESENTATION_CONTEXT() REPRESENTATION_CONTEXT('2D SPACE',''
  ) );
#2268 = PCURVE('',#2269,#2274);
#2269 = CYLINDRICAL_SURFACE('',#2270,0.4953);
#2270 = AXIS2_PLACEMENT_3D('',#2271,#2272,#2273);
#2271 = CARTESIAN_POINT('',(158.258,-74.032,-4.6E-02));
#2272 = DIRECTION('',(0.,0.,-1.));
#2273 = DIRECTION('',(5.738281734384E-14,-1.,0.));
#2274 = DEFINITIONAL_REPRESENTATION('',(#2275),#2279);
#2275 = LINE('',#2276,#2277);
#2276 = CARTESIAN_POINT('',(0.,-1.556));
#2277 = VECTOR('',#2278,1.);
#2278 = DIRECTION('',(1.,0.));
#2279 = ( GEOMETRIC_REPRESENTATION_CONTEXT(2) 
PARAMETRIC_REPRESENTATION_CONTEXT() REPRESENTATION_CONTEXT('2D SPACE',''
  ) );
#2280 = FACE_BOUND('',#2281,.T.);
#2281 = EDGE_LOOP('',(#2282));
#2282 = ORIENTED_EDGE('',*,*,#2283,.T.);
#2283 = EDGE_CURVE('',#2284,#2284,#2286,.T.);
#2284 = VERTEX_POINT('',#2285);
#2285 = CARTESIAN_POINT('',(181.492,-82.227,1.51));
#2286 = SURFACE_CURVE('',#2287,(#2292,#2303),.PCURVE_S1.);
#2287 = CIRCLE('',#2288,0.635);
#2288 = AXIS2_PLACEMENT_3D('',#2289,#2290,#2291);
#2289 = CARTESIAN_POINT('',(181.492,-81.592,1.51));
#2290 = DIRECTION('',(-0.,0.,-1.));
#2291 = DIRECTION('',(-4.47585975282E-14,-1.,0.));
#2292 = PCURVE('',#33,#2293);
#2293 = DEFINITIONAL_REPRESENTATION('',(#2294),#2302);
#2294 = ( BOUNDED_CURVE() B_SPLINE_CURVE(2,(#2295,#2296,#2297,#2298,
#2299,#2300,#2301),.UNSPECIFIED.,.T.,.F.) B_SPLINE_CURVE_WITH_KNOTS((1,2
    ,2,2,2,1),(-2.094395102393,0.,2.094395102393,4.188790204786,
6.28318530718,8.377580409573),.UNSPECIFIED.) CURVE() 
GEOMETRIC_REPRESENTATION_ITEM() RATIONAL_B_SPLINE_CURVE((1.,0.5,1.,0.5,
1.,0.5,1.)) REPRESENTATION_ITEM('') );
#2295 = CARTESIAN_POINT('',(181.492,-82.227));
#2296 = CARTESIAN_POINT('',(180.39214773719,-82.227));
#2297 = CARTESIAN_POINT('',(180.94207386859,-81.2745));
#2298 = CARTESIAN_POINT('',(181.492,-80.322));
#2299 = CARTESIAN_POINT('',(182.0419261314,-81.2745));
#2300 = CARTESIAN_POINT('',(182.5918522628,-82.227));
#2301 = CARTESIAN_POINT('',(181.492,-82.227));
#2302 = ( GEOMETRIC_REPRESENTATION_CONTEXT(2) 
PARAMETRIC_REPRESENTATION_CONTEXT() REPRESENTATION_CONTEXT('2D SPACE',''
  ) );
#2303 = PCURVE('',#2304,#2309);
#2304 = CYLINDRICAL_SURFACE('',#2305,0.635);
#2305 = AXIS2_PLACEMENT_3D('',#2306,#2307,#2308);
#2306 = CARTESIAN_POINT('',(181.492,-81.592,-4.6E-02));
#2307 = DIRECTION('',(-0.,-0.,-1.));
#2308 = DIRECTION('',(-4.47585975282E-14,-1.,0.));
#2309 = DEFINITIONAL_REPRESENTATION('',(#2310),#2314);
#2310 = LINE('',#2311,#2312);
#2311 = CARTESIAN_POINT('',(0.,-1.556));
#2312 = VECTOR('',#2313,1.);
#2313 = DIRECTION('',(1.,0.));
#2314 = ( GEOMETRIC_REPRESENTATION_CONTEXT(2) 
PARAMETRIC_REPRESENTATION_CONTEXT() REPRESENTATION_CONTEXT('2D SPACE',''
  ) );
#2315 = FACE_BOUND('',#2316,.T.);
#2316 = EDGE_LOOP('',(#2317));
#2317 = ORIENTED_EDGE('',*,*,#2318,.T.);
#2318 = EDGE_CURVE('',#2319,#2319,#2321,.T.);
#2319 = VERTEX_POINT('',#2320);
#2320 = CARTESIAN_POINT('',(168.978,-79.0829,1.51));
#2321 = SURFACE_CURVE('',#2322,(#2327,#2338),.PCURVE_S1.);
#2322 = CIRCLE('',#2323,0.8509);
#2323 = AXIS2_PLACEMENT_3D('',#2324,#2325,#2326);
#2324 = CARTESIAN_POINT('',(168.978,-78.232,1.51));
#2325 = DIRECTION('',(-0.,-0.,-1.));
#2326 = DIRECTION('',(0.,-1.,0.));
#2327 = PCURVE('',#33,#2328);
#2328 = DEFINITIONAL_REPRESENTATION('',(#2329),#2337);
#2329 = ( BOUNDED_CURVE() B_SPLINE_CURVE(2,(#2330,#2331,#2332,#2333,
#2334,#2335,#2336),.UNSPECIFIED.,.T.,.F.) B_SPLINE_CURVE_WITH_KNOTS((1,2
    ,2,2,2,1),(-2.094395102393,0.,2.094395102393,4.188790204786,
6.28318530718,8.377580409573),.UNSPECIFIED.) CURVE() 
GEOMETRIC_REPRESENTATION_ITEM() RATIONAL_B_SPLINE_CURVE((1.,0.5,1.,0.5,
1.,0.5,1.)) REPRESENTATION_ITEM('') );
#2330 = CARTESIAN_POINT('',(168.978,-79.0829));
#2331 = CARTESIAN_POINT('',(167.50419796784,-79.0829));
#2332 = CARTESIAN_POINT('',(168.24109898392,-77.80655));
#2333 = CARTESIAN_POINT('',(168.978,-76.5302));
#2334 = CARTESIAN_POINT('',(169.71490101608,-77.80655));
#2335 = CARTESIAN_POINT('',(170.45180203216,-79.0829));
#2336 = CARTESIAN_POINT('',(168.978,-79.0829));
#2337 = ( GEOMETRIC_REPRESENTATION_CONTEXT(2) 
PARAMETRIC_REPRESENTATION_CONTEXT() REPRESENTATION_CONTEXT('2D SPACE',''
  ) );
#2338 = PCURVE('',#2339,#2344);
#2339 = CYLINDRICAL_SURFACE('',#2340,0.8509);
#2340 = AXIS2_PLACEMENT_3D('',#2341,#2342,#2343);
#2341 = CARTESIAN_POINT('',(168.978,-78.232,-4.6E-02));
#2342 = DIRECTION('',(-0.,-0.,-1.));
#2343 = DIRECTION('',(0.,-1.,0.));
#2344 = DEFINITIONAL_REPRESENTATION('',(#2345),#2349);
#2345 = LINE('',#2346,#2347);
#2346 = CARTESIAN_POINT('',(0.,-1.556));
#2347 = VECTOR('',#2348,1.);
#2348 = DIRECTION('',(1.,0.));
#2349 = ( GEOMETRIC_REPRESENTATION_CONTEXT(2) 
PARAMETRIC_REPRESENTATION_CONTEXT() REPRESENTATION_CONTEXT('2D SPACE',''
  ) );
#2350 = FACE_BOUND('',#2351,.T.);
#2351 = EDGE_LOOP('',(#2352));
#2352 = ORIENTED_EDGE('',*,*,#2353,.T.);
#2353 = EDGE_CURVE('',#2354,#2354,#2356,.T.);
#2354 = VERTEX_POINT('',#2355);
#2355 = CARTESIAN_POINT('',(176.492,-80.127,1.51));
#2356 = SURFACE_CURVE('',#2357,(#2362,#2373),.PCURVE_S1.);
#2357 = CIRCLE('',#2358,0.635);
#2358 = AXIS2_PLACEMENT_3D('',#2359,#2360,#2361);
#2359 = CARTESIAN_POINT('',(176.492,-79.492,1.51));
#2360 = DIRECTION('',(-0.,0.,-1.));
#2361 = DIRECTION('',(-4.475859752819E-14,-1.,0.));
#2362 = PCURVE('',#33,#2363);
#2363 = DEFINITIONAL_REPRESENTATION('',(#2364),#2372);
#2364 = ( BOUNDED_CURVE() B_SPLINE_CURVE(2,(#2365,#2366,#2367,#2368,
#2369,#2370,#2371),.UNSPECIFIED.,.T.,.F.) B_SPLINE_CURVE_WITH_KNOTS((1,2
    ,2,2,2,1),(-2.094395102393,0.,2.094395102393,4.188790204786,
6.28318530718,8.377580409573),.UNSPECIFIED.) CURVE() 
GEOMETRIC_REPRESENTATION_ITEM() RATIONAL_B_SPLINE_CURVE((1.,0.5,1.,0.5,
1.,0.5,1.)) REPRESENTATION_ITEM('') );
#2365 = CARTESIAN_POINT('',(176.492,-80.127));
#2366 = CARTESIAN_POINT('',(175.39214773719,-80.127));
#2367 = CARTESIAN_POINT('',(175.94207386859,-79.1745));
#2368 = CARTESIAN_POINT('',(176.492,-78.222));
#2369 = CARTESIAN_POINT('',(177.0419261314,-79.1745));
#2370 = CARTESIAN_POINT('',(177.5918522628,-80.127));
#2371 = CARTESIAN_POINT('',(176.492,-80.127));
#2372 = ( GEOMETRIC_REPRESENTATION_CONTEXT(2) 
PARAMETRIC_REPRESENTATION_CONTEXT() REPRESENTATION_CONTEXT('2D SPACE',''
  ) );
#2373 = PCURVE('',#2374,#2379);
#2374 = CYLINDRICAL_SURFACE('',#2375,0.635);
#2375 = AXIS2_PLACEMENT_3D('',#2376,#2377,#2378);
#2376 = CARTESIAN_POINT('',(176.492,-79.492,-4.6E-02));
#2377 = DIRECTION('',(-0.,-0.,-1.));
#2378 = DIRECTION('',(-4.475859752819E-14,-1.,0.));
#2379 = DEFINITIONAL_REPRESENTATION('',(#2380),#2384);
#2380 = LINE('',#2381,#2382);
#2381 = CARTESIAN_POINT('',(0.,-1.556));
#2382 = VECTOR('',#2383,1.);
#2383 = DIRECTION('',(1.,0.));
#2384 = ( GEOMETRIC_REPRESENTATION_CONTEXT(2) 
PARAMETRIC_REPRESENTATION_CONTEXT() REPRESENTATION_CONTEXT('2D SPACE',''
  ) );
#2385 = FACE_BOUND('',#2386,.T.);
#2386 = EDGE_LOOP('',(#2387));
#2387 = ORIENTED_EDGE('',*,*,#2388,.T.);
#2388 = EDGE_CURVE('',#2389,#2389,#2391,.T.);
#2389 = VERTEX_POINT('',#2390);
#2390 = CARTESIAN_POINT('',(168.698,-74.5273,1.51));
#2391 = SURFACE_CURVE('',#2392,(#2397,#2408),.PCURVE_S1.);
#2392 = CIRCLE('',#2393,0.4953);
#2393 = AXIS2_PLACEMENT_3D('',#2394,#2395,#2396);
#2394 = CARTESIAN_POINT('',(168.698,-74.032,1.51));
#2395 = DIRECTION('',(0.,-0.,-1.));
#2396 = DIRECTION('',(5.738281734384E-14,-1.,0.));
#2397 = PCURVE('',#33,#2398);
#2398 = DEFINITIONAL_REPRESENTATION('',(#2399),#2407);
#2399 = ( BOUNDED_CURVE() B_SPLINE_CURVE(2,(#2400,#2401,#2402,#2403,
#2404,#2405,#2406),.UNSPECIFIED.,.T.,.F.) B_SPLINE_CURVE_WITH_KNOTS((1,2
    ,2,2,2,1),(-2.094395102393,0.,2.094395102393,4.188790204786,
6.28318530718,8.377580409573),.UNSPECIFIED.) CURVE() 
GEOMETRIC_REPRESENTATION_ITEM() RATIONAL_B_SPLINE_CURVE((1.,0.5,1.,0.5,
1.,0.5,1.)) REPRESENTATION_ITEM('') );
#2400 = CARTESIAN_POINT('',(168.698,-74.5273));
#2401 = CARTESIAN_POINT('',(167.84011523501,-74.5273));
#2402 = CARTESIAN_POINT('',(168.2690576175,-73.78435));
#2403 = CARTESIAN_POINT('',(168.698,-73.0414));
#2404 = CARTESIAN_POINT('',(169.12694238249,-73.78435));
#2405 = CARTESIAN_POINT('',(169.55588476498,-74.5273));
#2406 = CARTESIAN_POINT('',(168.698,-74.5273));
#2407 = ( GEOMETRIC_REPRESENTATION_CONTEXT(2) 
PARAMETRIC_REPRESENTATION_CONTEXT() REPRESENTATION_CONTEXT('2D SPACE',''
  ) );
#2408 = PCURVE('',#2409,#2414);
#2409 = CYLINDRICAL_SURFACE('',#2410,0.4953);
#2410 = AXIS2_PLACEMENT_3D('',#2411,#2412,#2413);
#2411 = CARTESIAN_POINT('',(168.698,-74.032,-4.6E-02));
#2412 = DIRECTION('',(0.,0.,-1.));
#2413 = DIRECTION('',(5.738281734384E-14,-1.,0.));
#2414 = DEFINITIONAL_REPRESENTATION('',(#2415),#2419);
#2415 = LINE('',#2416,#2417);
#2416 = CARTESIAN_POINT('',(0.,-1.556));
#2417 = VECTOR('',#2418,1.);
#2418 = DIRECTION('',(1.,0.));
#2419 = ( GEOMETRIC_REPRESENTATION_CONTEXT(2) 
PARAMETRIC_REPRESENTATION_CONTEXT() REPRESENTATION_CONTEXT('2D SPACE',''
  ) );
#2420 = FACE_BOUND('',#2421,.T.);
#2421 = EDGE_LOOP('',(#2422));
#2422 = ORIENTED_EDGE('',*,*,#2423,.T.);
#2423 = EDGE_CURVE('',#2424,#2424,#2426,.T.);
#2424 = VERTEX_POINT('',#2425);
#2425 = CARTESIAN_POINT('',(175.992,-76.5429,1.51));
#2426 = SURFACE_CURVE('',#2427,(#2432,#2443),.PCURVE_S1.);
#2427 = CIRCLE('',#2428,0.8509);
#2428 = AXIS2_PLACEMENT_3D('',#2429,#2430,#2431);
#2429 = CARTESIAN_POINT('',(175.992,-75.692,1.51));
#2430 = DIRECTION('',(-0.,-0.,-1.));
#2431 = DIRECTION('',(0.,-1.,0.));
#2432 = PCURVE('',#33,#2433);
#2433 = DEFINITIONAL_REPRESENTATION('',(#2434),#2442);
#2434 = ( BOUNDED_CURVE() B_SPLINE_CURVE(2,(#2435,#2436,#2437,#2438,
#2439,#2440,#2441),.UNSPECIFIED.,.T.,.F.) B_SPLINE_CURVE_WITH_KNOTS((1,2
    ,2,2,2,1),(-2.094395102393,0.,2.094395102393,4.188790204786,
6.28318530718,8.377580409573),.UNSPECIFIED.) CURVE() 
GEOMETRIC_REPRESENTATION_ITEM() RATIONAL_B_SPLINE_CURVE((1.,0.5,1.,0.5,
1.,0.5,1.)) REPRESENTATION_ITEM('') );
#2435 = CARTESIAN_POINT('',(175.992,-76.5429));
#2436 = CARTESIAN_POINT('',(174.51819796784,-76.5429));
#2437 = CARTESIAN_POINT('',(175.25509898392,-75.26655));
#2438 = CARTESIAN_POINT('',(175.992,-73.9902));
#2439 = CARTESIAN_POINT('',(176.72890101608,-75.26655));
#2440 = CARTESIAN_POINT('',(177.46580203216,-76.5429));
#2441 = CARTESIAN_POINT('',(175.992,-76.5429));
#2442 = ( GEOMETRIC_REPRESENTATION_CONTEXT(2) 
PARAMETRIC_REPRESENTATION_CONTEXT() REPRESENTATION_CONTEXT('2D SPACE',''
  ) );
#2443 = PCURVE('',#2444,#2449);
#2444 = CYLINDRICAL_SURFACE('',#2445,0.8509);
#2445 = AXIS2_PLACEMENT_3D('',#2446,#2447,#2448);
#2446 = CARTESIAN_POINT('',(175.992,-75.692,-4.6E-02));
#2447 = DIRECTION('',(-0.,-0.,-1.));
#2448 = DIRECTION('',(0.,-1.,0.));
#2449 = DEFINITIONAL_REPRESENTATION('',(#2450),#2454);
#2450 = LINE('',#2451,#2452);
#2451 = CARTESIAN_POINT('',(0.,-1.556));
#2452 = VECTOR('',#2453,1.);
#2453 = DIRECTION('',(1.,0.));
#2454 = ( GEOMETRIC_REPRESENTATION_CONTEXT(2) 
PARAMETRIC_REPRESENTATION_CONTEXT() REPRESENTATION_CONTEXT('2D SPACE',''
  ) );
#2455 = FACE_BOUND('',#2456,.T.);
#2456 = EDGE_LOOP('',(#2457));
#2457 = ORIENTED_EDGE('',*,*,#2458,.T.);
#2458 = EDGE_CURVE('',#2459,#2459,#2461,.T.);
#2459 = VERTEX_POINT('',#2460);
#2460 = CARTESIAN_POINT('',(176.272,-71.9873,1.51));
#2461 = SURFACE_CURVE('',#2462,(#2467,#2478),.PCURVE_S1.);
#2462 = CIRCLE('',#2463,0.4953);
#2463 = AXIS2_PLACEMENT_3D('',#2464,#2465,#2466);
#2464 = CARTESIAN_POINT('',(176.272,-71.492,1.51));
#2465 = DIRECTION('',(-0.,-0.,-1.));
#2466 = DIRECTION('',(0.,-1.,0.));
#2467 = PCURVE('',#33,#2468);
#2468 = DEFINITIONAL_REPRESENTATION('',(#2469),#2477);
#2469 = ( BOUNDED_CURVE() B_SPLINE_CURVE(2,(#2470,#2471,#2472,#2473,
#2474,#2475,#2476),.UNSPECIFIED.,.T.,.F.) B_SPLINE_CURVE_WITH_KNOTS((1,2
    ,2,2,2,1),(-2.094395102393,0.,2.094395102393,4.188790204786,
6.28318530718,8.377580409573),.UNSPECIFIED.) CURVE() 
GEOMETRIC_REPRESENTATION_ITEM() RATIONAL_B_SPLINE_CURVE((1.,0.5,1.,0.5,
1.,0.5,1.)) REPRESENTATION_ITEM('') );
#2470 = CARTESIAN_POINT('',(176.272,-71.9873));
#2471 = CARTESIAN_POINT('',(175.41411523501,-71.9873));
#2472 = CARTESIAN_POINT('',(175.8430576175,-71.24435));
#2473 = CARTESIAN_POINT('',(176.272,-70.5014));
#2474 = CARTESIAN_POINT('',(176.70094238249,-71.24435));
#2475 = CARTESIAN_POINT('',(177.12988476498,-71.9873));
#2476 = CARTESIAN_POINT('',(176.272,-71.9873));
#2477 = ( GEOMETRIC_REPRESENTATION_CONTEXT(2) 
PARAMETRIC_REPRESENTATION_CONTEXT() REPRESENTATION_CONTEXT('2D SPACE',''
  ) );
#2478 = PCURVE('',#2479,#2484);
#2479 = CYLINDRICAL_SURFACE('',#2480,0.4953);
#2480 = AXIS2_PLACEMENT_3D('',#2481,#2482,#2483);
#2481 = CARTESIAN_POINT('',(176.272,-71.492,-4.6E-02));
#2482 = DIRECTION('',(-0.,-0.,-1.));
#2483 = DIRECTION('',(0.,-1.,0.));
#2484 = DEFINITIONAL_REPRESENTATION('',(#2485),#2489);
#2485 = LINE('',#2486,#2487);
#2486 = CARTESIAN_POINT('',(0.,-1.556));
#2487 = VECTOR('',#2488,1.);
#2488 = DIRECTION('',(1.,0.));
#2489 = ( GEOMETRIC_REPRESENTATION_CONTEXT(2) 
PARAMETRIC_REPRESENTATION_CONTEXT() REPRESENTATION_CONTEXT('2D SPACE',''
  ) );
#2490 = FACE_BOUND('',#2491,.T.);
#2491 = EDGE_LOOP('',(#2492));
#2492 = ORIENTED_EDGE('',*,*,#2493,.T.);
#2493 = EDGE_CURVE('',#2494,#2494,#2496,.T.);
#2494 = VERTEX_POINT('',#2495);
#2495 = CARTESIAN_POINT('',(181.492,-77.4065,1.51));
#2496 = SURFACE_CURVE('',#2497,(#2502,#2513),.PCURVE_S1.);
#2497 = CIRCLE('',#2498,1.7145);
#2498 = AXIS2_PLACEMENT_3D('',#2499,#2500,#2501);
#2499 = CARTESIAN_POINT('',(181.492,-75.692,1.51));
#2500 = DIRECTION('',(-0.,0.,-1.));
#2501 = DIRECTION('',(-1.657725834378E-14,-1.,0.));
#2502 = PCURVE('',#33,#2503);
#2503 = DEFINITIONAL_REPRESENTATION('',(#2504),#2512);
#2504 = ( BOUNDED_CURVE() B_SPLINE_CURVE(2,(#2505,#2506,#2507,#2508,
#2509,#2510,#2511),.UNSPECIFIED.,.T.,.F.) B_SPLINE_CURVE_WITH_KNOTS((1,2
    ,2,2,2,1),(-2.094395102393,0.,2.094395102393,4.188790204786,
6.28318530718,8.377580409573),.UNSPECIFIED.) CURVE() 
GEOMETRIC_REPRESENTATION_ITEM() RATIONAL_B_SPLINE_CURVE((1.,0.5,1.,0.5,
1.,0.5,1.)) REPRESENTATION_ITEM('') );
#2505 = CARTESIAN_POINT('',(181.492,-77.4065));
#2506 = CARTESIAN_POINT('',(178.52239889042,-77.4065));
#2507 = CARTESIAN_POINT('',(180.00719944521,-74.83475));
#2508 = CARTESIAN_POINT('',(181.492,-72.263));
#2509 = CARTESIAN_POINT('',(182.97680055478,-74.83475));
#2510 = CARTESIAN_POINT('',(184.46160110957,-77.4065));
#2511 = CARTESIAN_POINT('',(181.492,-77.4065));
#2512 = ( GEOMETRIC_REPRESENTATION_CONTEXT(2) 
PARAMETRIC_REPRESENTATION_CONTEXT() REPRESENTATION_CONTEXT('2D SPACE',''
  ) );
#2513 = PCURVE('',#2514,#2519);
#2514 = CYLINDRICAL_SURFACE('',#2515,1.7145);
#2515 = AXIS2_PLACEMENT_3D('',#2516,#2517,#2518);
#2516 = CARTESIAN_POINT('',(181.492,-75.692,-4.6E-02));
#2517 = DIRECTION('',(-0.,-0.,-1.));
#2518 = DIRECTION('',(-1.657725834378E-14,-1.,0.));
#2519 = DEFINITIONAL_REPRESENTATION('',(#2520),#2524);
#2520 = LINE('',#2521,#2522);
#2521 = CARTESIAN_POINT('',(0.,-1.556));
#2522 = VECTOR('',#2523,1.);
#2523 = DIRECTION('',(1.,0.));
#2524 = ( GEOMETRIC_REPRESENTATION_CONTEXT(2) 
PARAMETRIC_REPRESENTATION_CONTEXT() REPRESENTATION_CONTEXT('2D SPACE',''
  ) );
#2525 = FACE_BOUND('',#2526,.T.);
#2526 = EDGE_LOOP('',(#2527));
#2527 = ORIENTED_EDGE('',*,*,#2528,.T.);
#2528 = EDGE_CURVE('',#2529,#2529,#2531,.T.);
#2529 = VERTEX_POINT('',#2530);
#2530 = CARTESIAN_POINT('',(186.992,-76.5429,1.51));
#2531 = SURFACE_CURVE('',#2532,(#2537,#2548),.PCURVE_S1.);
#2532 = CIRCLE('',#2533,0.8509);
#2533 = AXIS2_PLACEMENT_3D('',#2534,#2535,#2536);
#2534 = CARTESIAN_POINT('',(186.992,-75.692,1.51));
#2535 = DIRECTION('',(-0.,-0.,-1.));
#2536 = DIRECTION('',(0.,-1.,0.));
#2537 = PCURVE('',#33,#2538);
#2538 = DEFINITIONAL_REPRESENTATION('',(#2539),#2547);
#2539 = ( BOUNDED_CURVE() B_SPLINE_CURVE(2,(#2540,#2541,#2542,#2543,
#2544,#2545,#2546),.UNSPECIFIED.,.T.,.F.) B_SPLINE_CURVE_WITH_KNOTS((1,2
    ,2,2,2,1),(-2.094395102393,0.,2.094395102393,4.188790204786,
6.28318530718,8.377580409573),.UNSPECIFIED.) CURVE() 
GEOMETRIC_REPRESENTATION_ITEM() RATIONAL_B_SPLINE_CURVE((1.,0.5,1.,0.5,
1.,0.5,1.)) REPRESENTATION_ITEM('') );
#2540 = CARTESIAN_POINT('',(186.992,-76.5429));
#2541 = CARTESIAN_POINT('',(185.51819796784,-76.5429));
#2542 = CARTESIAN_POINT('',(186.25509898392,-75.26655));
#2543 = CARTESIAN_POINT('',(186.992,-73.9902));
#2544 = CARTESIAN_POINT('',(187.72890101608,-75.26655));
#2545 = CARTESIAN_POINT('',(188.46580203216,-76.5429));
#2546 = CARTESIAN_POINT('',(186.992,-76.5429));
#2547 = ( GEOMETRIC_REPRESENTATION_CONTEXT(2) 
PARAMETRIC_REPRESENTATION_CONTEXT() REPRESENTATION_CONTEXT('2D SPACE',''
  ) );
#2548 = PCURVE('',#2549,#2554);
#2549 = CYLINDRICAL_SURFACE('',#2550,0.8509);
#2550 = AXIS2_PLACEMENT_3D('',#2551,#2552,#2553);
#2551 = CARTESIAN_POINT('',(186.992,-75.692,-4.6E-02));
#2552 = DIRECTION('',(-0.,-0.,-1.));
#2553 = DIRECTION('',(0.,-1.,0.));
#2554 = DEFINITIONAL_REPRESENTATION('',(#2555),#2559);
#2555 = LINE('',#2556,#2557);
#2556 = CARTESIAN_POINT('',(0.,-1.556));
#2557 = VECTOR('',#2558,1.);
#2558 = DIRECTION('',(1.,0.));
#2559 = ( GEOMETRIC_REPRESENTATION_CONTEXT(2) 
PARAMETRIC_REPRESENTATION_CONTEXT() REPRESENTATION_CONTEXT('2D SPACE',''
  ) );
#2560 = FACE_BOUND('',#2561,.T.);
#2561 = EDGE_LOOP('',(#2562));
#2562 = ORIENTED_EDGE('',*,*,#2563,.T.);
#2563 = EDGE_CURVE('',#2564,#2564,#2566,.T.);
#2564 = VERTEX_POINT('',#2565);
#2565 = CARTESIAN_POINT('',(186.712,-71.9873,1.51));
#2566 = SURFACE_CURVE('',#2567,(#2572,#2583),.PCURVE_S1.);
#2567 = CIRCLE('',#2568,0.4953);
#2568 = AXIS2_PLACEMENT_3D('',#2569,#2570,#2571);
#2569 = CARTESIAN_POINT('',(186.712,-71.492,1.51));
#2570 = DIRECTION('',(-0.,-0.,-1.));
#2571 = DIRECTION('',(0.,-1.,0.));
#2572 = PCURVE('',#33,#2573);
#2573 = DEFINITIONAL_REPRESENTATION('',(#2574),#2582);
#2574 = ( BOUNDED_CURVE() B_SPLINE_CURVE(2,(#2575,#2576,#2577,#2578,
#2579,#2580,#2581),.UNSPECIFIED.,.T.,.F.) B_SPLINE_CURVE_WITH_KNOTS((1,2
    ,2,2,2,1),(-2.094395102393,0.,2.094395102393,4.188790204786,
6.28318530718,8.377580409573),.UNSPECIFIED.) CURVE() 
GEOMETRIC_REPRESENTATION_ITEM() RATIONAL_B_SPLINE_CURVE((1.,0.5,1.,0.5,
1.,0.5,1.)) REPRESENTATION_ITEM('') );
#2575 = CARTESIAN_POINT('',(186.712,-71.9873));
#2576 = CARTESIAN_POINT('',(185.85411523501,-71.9873));
#2577 = CARTESIAN_POINT('',(186.2830576175,-71.24435));
#2578 = CARTESIAN_POINT('',(186.712,-70.5014));
#2579 = CARTESIAN_POINT('',(187.14094238249,-71.24435));
#2580 = CARTESIAN_POINT('',(187.56988476498,-71.9873));
#2581 = CARTESIAN_POINT('',(186.712,-71.9873));
#2582 = ( GEOMETRIC_REPRESENTATION_CONTEXT(2) 
PARAMETRIC_REPRESENTATION_CONTEXT() REPRESENTATION_CONTEXT('2D SPACE',''
  ) );
#2583 = PCURVE('',#2584,#2589);
#2584 = CYLINDRICAL_SURFACE('',#2585,0.4953);
#2585 = AXIS2_PLACEMENT_3D('',#2586,#2587,#2588);
#2586 = CARTESIAN_POINT('',(186.712,-71.492,-4.6E-02));
#2587 = DIRECTION('',(-0.,-0.,-1.));
#2588 = DIRECTION('',(0.,-1.,0.));
#2589 = DEFINITIONAL_REPRESENTATION('',(#2590),#2594);
#2590 = LINE('',#2591,#2592);
#2591 = CARTESIAN_POINT('',(0.,-1.556));
#2592 = VECTOR('',#2593,1.);
#2593 = DIRECTION('',(1.,0.));
#2594 = ( GEOMETRIC_REPRESENTATION_CONTEXT(2) 
PARAMETRIC_REPRESENTATION_CONTEXT() REPRESENTATION_CONTEXT('2D SPACE',''
  ) );
#2595 = FACE_BOUND('',#2596,.T.);
#2596 = EDGE_LOOP('',(#2597));
#2597 = ORIENTED_EDGE('',*,*,#2598,.T.);
#2598 = EDGE_CURVE('',#2599,#2599,#2601,.T.);
#2599 = VERTEX_POINT('',#2600);
#2600 = CARTESIAN_POINT('',(190.484,-72.274,1.51));
#2601 = SURFACE_CURVE('',#2602,(#2607,#2618),.PCURVE_S1.);
#2602 = CIRCLE('',#2603,1.1);
#2603 = AXIS2_PLACEMENT_3D('',#2604,#2605,#2606);
#2604 = CARTESIAN_POINT('',(190.484,-71.174,1.51));
#2605 = DIRECTION('',(0.,-0.,-1.));
#2606 = DIRECTION('',(2.5837917664E-14,-1.,0.));
#2607 = PCURVE('',#33,#2608);
#2608 = DEFINITIONAL_REPRESENTATION('',(#2609),#2617);
#2609 = ( BOUNDED_CURVE() B_SPLINE_CURVE(2,(#2610,#2611,#2612,#2613,
#2614,#2615,#2616),.UNSPECIFIED.,.T.,.F.) B_SPLINE_CURVE_WITH_KNOTS((1,2
    ,2,2,2,1),(-2.094395102393,0.,2.094395102393,4.188790204786,
6.28318530718,8.377580409573),.UNSPECIFIED.) CURVE() 
GEOMETRIC_REPRESENTATION_ITEM() RATIONAL_B_SPLINE_CURVE((1.,0.5,1.,0.5,
1.,0.5,1.)) REPRESENTATION_ITEM('') );
#2610 = CARTESIAN_POINT('',(190.484,-72.274));
#2611 = CARTESIAN_POINT('',(188.57874411167,-72.274));
#2612 = CARTESIAN_POINT('',(189.53137205583,-70.624));
#2613 = CARTESIAN_POINT('',(190.484,-68.974));
#2614 = CARTESIAN_POINT('',(191.43662794416,-70.624));
#2615 = CARTESIAN_POINT('',(192.38925588832,-72.274));
#2616 = CARTESIAN_POINT('',(190.484,-72.274));
#2617 = ( GEOMETRIC_REPRESENTATION_CONTEXT(2) 
PARAMETRIC_REPRESENTATION_CONTEXT() REPRESENTATION_CONTEXT('2D SPACE',''
  ) );
#2618 = PCURVE('',#2619,#2624);
#2619 = CYLINDRICAL_SURFACE('',#2620,1.1);
#2620 = AXIS2_PLACEMENT_3D('',#2621,#2622,#2623);
#2621 = CARTESIAN_POINT('',(190.484,-71.174,-4.6E-02));
#2622 = DIRECTION('',(0.,0.,-1.));
#2623 = DIRECTION('',(2.5837917664E-14,-1.,0.));
#2624 = DEFINITIONAL_REPRESENTATION('',(#2625),#2629);
#2625 = LINE('',#2626,#2627);
#2626 = CARTESIAN_POINT('',(0.,-1.556));
#2627 = VECTOR('',#2628,1.);
#2628 = DIRECTION('',(1.,0.));
#2629 = ( GEOMETRIC_REPRESENTATION_CONTEXT(2) 
PARAMETRIC_REPRESENTATION_CONTEXT() REPRESENTATION_CONTEXT('2D SPACE',''
  ) );
#2630 = FACE_BOUND('',#2631,.T.);
#2631 = EDGE_LOOP('',(#2632));
#2632 = ORIENTED_EDGE('',*,*,#2633,.T.);
#2633 = EDGE_CURVE('',#2634,#2634,#2636,.T.);
#2634 = VERTEX_POINT('',#2635);
#2635 = CARTESIAN_POINT('',(227.212327,-98.246076,1.51));
#2636 = SURFACE_CURVE('',#2637,(#2642,#2653),.PCURVE_S1.);
#2637 = CIRCLE('',#2638,0.635);
#2638 = AXIS2_PLACEMENT_3D('',#2639,#2640,#2641);
#2639 = CARTESIAN_POINT('',(227.212327,-97.611076,1.51));
#2640 = DIRECTION('',(-0.,0.,-1.));
#2641 = DIRECTION('',(-4.475859752819E-14,-1.,0.));
#2642 = PCURVE('',#33,#2643);
#2643 = DEFINITIONAL_REPRESENTATION('',(#2644),#2652);
#2644 = ( BOUNDED_CURVE() B_SPLINE_CURVE(2,(#2645,#2646,#2647,#2648,
#2649,#2650,#2651),.UNSPECIFIED.,.T.,.F.) B_SPLINE_CURVE_WITH_KNOTS((1,2
    ,2,2,2,1),(-2.094395102393,0.,2.094395102393,4.188790204786,
6.28318530718,8.377580409573),.UNSPECIFIED.) CURVE() 
GEOMETRIC_REPRESENTATION_ITEM() RATIONAL_B_SPLINE_CURVE((1.,0.5,1.,0.5,
1.,0.5,1.)) REPRESENTATION_ITEM('') );
#2645 = CARTESIAN_POINT('',(227.212327,-98.246076));
#2646 = CARTESIAN_POINT('',(226.11247473719,-98.246076));
#2647 = CARTESIAN_POINT('',(226.66240086859,-97.293576));
#2648 = CARTESIAN_POINT('',(227.212327,-96.341076));
#2649 = CARTESIAN_POINT('',(227.7622531314,-97.293576));
#2650 = CARTESIAN_POINT('',(228.3121792628,-98.246076));
#2651 = CARTESIAN_POINT('',(227.212327,-98.246076));
#2652 = ( GEOMETRIC_REPRESENTATION_CONTEXT(2) 
PARAMETRIC_REPRESENTATION_CONTEXT() REPRESENTATION_CONTEXT('2D SPACE',''
  ) );
#2653 = PCURVE('',#2654,#2659);
#2654 = CYLINDRICAL_SURFACE('',#2655,0.635);
#2655 = AXIS2_PLACEMENT_3D('',#2656,#2657,#2658);
#2656 = CARTESIAN_POINT('',(227.212327,-97.611076,-4.6E-02));
#2657 = DIRECTION('',(-0.,-0.,-1.));
#2658 = DIRECTION('',(-4.475859752819E-14,-1.,0.));
#2659 = DEFINITIONAL_REPRESENTATION('',(#2660),#2664);
#2660 = LINE('',#2661,#2662);
#2661 = CARTESIAN_POINT('',(0.,-1.556));
#2662 = VECTOR('',#2663,1.);
#2663 = DIRECTION('',(1.,0.));
#2664 = ( GEOMETRIC_REPRESENTATION_CONTEXT(2) 
PARAMETRIC_REPRESENTATION_CONTEXT() REPRESENTATION_CONTEXT('2D SPACE',''
  ) );
#2665 = FACE_BOUND('',#2666,.T.);
#2666 = EDGE_LOOP('',(#2667));
#2667 = ORIENTED_EDGE('',*,*,#2668,.T.);
#2668 = EDGE_CURVE('',#2669,#2669,#2671,.T.);
#2669 = VERTEX_POINT('',#2670);
#2670 = CARTESIAN_POINT('',(231.498437,-101.568615,1.51));
#2671 = SURFACE_CURVE('',#2672,(#2677,#2688),.PCURVE_S1.);
#2672 = CIRCLE('',#2673,0.635);
#2673 = AXIS2_PLACEMENT_3D('',#2674,#2675,#2676);
#2674 = CARTESIAN_POINT('',(231.498437,-100.933615,1.51));
#2675 = DIRECTION('',(-0.,-0.,-1.));
#2676 = DIRECTION('',(0.,-1.,0.));
#2677 = PCURVE('',#33,#2678);
#2678 = DEFINITIONAL_REPRESENTATION('',(#2679),#2687);
#2679 = ( BOUNDED_CURVE() B_SPLINE_CURVE(2,(#2680,#2681,#2682,#2683,
#2684,#2685,#2686),.UNSPECIFIED.,.T.,.F.) B_SPLINE_CURVE_WITH_KNOTS((1,2
    ,2,2,2,1),(-2.094395102393,0.,2.094395102393,4.188790204786,
6.28318530718,8.377580409573),.UNSPECIFIED.) CURVE() 
GEOMETRIC_REPRESENTATION_ITEM() RATIONAL_B_SPLINE_CURVE((1.,0.5,1.,0.5,
1.,0.5,1.)) REPRESENTATION_ITEM('') );
#2680 = CARTESIAN_POINT('',(231.498437,-101.568615));
#2681 = CARTESIAN_POINT('',(230.39858473719,-101.568615));
#2682 = CARTESIAN_POINT('',(230.94851086859,-100.616115));
#2683 = CARTESIAN_POINT('',(231.498437,-99.663615));
#2684 = CARTESIAN_POINT('',(232.0483631314,-100.616115));
#2685 = CARTESIAN_POINT('',(232.5982892628,-101.568615));
#2686 = CARTESIAN_POINT('',(231.498437,-101.568615));
#2687 = ( GEOMETRIC_REPRESENTATION_CONTEXT(2) 
PARAMETRIC_REPRESENTATION_CONTEXT() REPRESENTATION_CONTEXT('2D SPACE',''
  ) );
#2688 = PCURVE('',#2689,#2694);
#2689 = CYLINDRICAL_SURFACE('',#2690,0.635);
#2690 = AXIS2_PLACEMENT_3D('',#2691,#2692,#2693);
#2691 = CARTESIAN_POINT('',(231.498437,-100.933615,-4.6E-02));
#2692 = DIRECTION('',(-0.,-0.,-1.));
#2693 = DIRECTION('',(0.,-1.,0.));
#2694 = DEFINITIONAL_REPRESENTATION('',(#2695),#2699);
#2695 = LINE('',#2696,#2697);
#2696 = CARTESIAN_POINT('',(0.,-1.556));
#2697 = VECTOR('',#2698,1.);
#2698 = DIRECTION('',(1.,0.));
#2699 = ( GEOMETRIC_REPRESENTATION_CONTEXT(2) 
PARAMETRIC_REPRESENTATION_CONTEXT() REPRESENTATION_CONTEXT('2D SPACE',''
  ) );
#2700 = FACE_BOUND('',#2701,.T.);
#2701 = EDGE_LOOP('',(#2702));
#2702 = ORIENTED_EDGE('',*,*,#2703,.T.);
#2703 = EDGE_CURVE('',#2704,#2704,#2706,.T.);
#2704 = VERTEX_POINT('',#2705);
#2705 = CARTESIAN_POINT('',(227.712877,-94.662048,1.51));
#2706 = SURFACE_CURVE('',#2707,(#2712,#2723),.PCURVE_S1.);
#2707 = CIRCLE('',#2708,0.8509);
#2708 = AXIS2_PLACEMENT_3D('',#2709,#2710,#2711);
#2709 = CARTESIAN_POINT('',(227.712877,-93.811148,1.51));
#2710 = DIRECTION('',(-0.,-0.,-1.));
#2711 = DIRECTION('',(0.,-1.,0.));
#2712 = PCURVE('',#33,#2713);
#2713 = DEFINITIONAL_REPRESENTATION('',(#2714),#2722);
#2714 = ( BOUNDED_CURVE() B_SPLINE_CURVE(2,(#2715,#2716,#2717,#2718,
#2719,#2720,#2721),.UNSPECIFIED.,.T.,.F.) B_SPLINE_CURVE_WITH_KNOTS((1,2
    ,2,2,2,1),(-2.094395102393,0.,2.094395102393,4.188790204786,
6.28318530718,8.377580409573),.UNSPECIFIED.) CURVE() 
GEOMETRIC_REPRESENTATION_ITEM() RATIONAL_B_SPLINE_CURVE((1.,0.5,1.,0.5,
1.,0.5,1.)) REPRESENTATION_ITEM('') );
#2715 = CARTESIAN_POINT('',(227.712877,-94.662048));
#2716 = CARTESIAN_POINT('',(226.23907496784,-94.662048));
#2717 = CARTESIAN_POINT('',(226.97597598392,-93.385698));
#2718 = CARTESIAN_POINT('',(227.712877,-92.109348));
#2719 = CARTESIAN_POINT('',(228.44977801608,-93.385698));
#2720 = CARTESIAN_POINT('',(229.18667903216,-94.662048));
#2721 = CARTESIAN_POINT('',(227.712877,-94.662048));
#2722 = ( GEOMETRIC_REPRESENTATION_CONTEXT(2) 
PARAMETRIC_REPRESENTATION_CONTEXT() REPRESENTATION_CONTEXT('2D SPACE',''
  ) );
#2723 = PCURVE('',#2724,#2729);
#2724 = CYLINDRICAL_SURFACE('',#2725,0.8509);
#2725 = AXIS2_PLACEMENT_3D('',#2726,#2727,#2728);
#2726 = CARTESIAN_POINT('',(227.712877,-93.811148,-4.6E-02));
#2727 = DIRECTION('',(-0.,-0.,-1.));
#2728 = DIRECTION('',(0.,-1.,0.));
#2729 = DEFINITIONAL_REPRESENTATION('',(#2730),#2734);
#2730 = LINE('',#2731,#2732);
#2731 = CARTESIAN_POINT('',(0.,-1.556));
#2732 = VECTOR('',#2733,1.);
#2733 = DIRECTION('',(1.,0.));
#2734 = ( GEOMETRIC_REPRESENTATION_CONTEXT(2) 
PARAMETRIC_REPRESENTATION_CONTEXT() REPRESENTATION_CONTEXT('2D SPACE',''
  ) );
#2735 = FACE_BOUND('',#2736,.T.);
#2736 = EDGE_LOOP('',(#2737));
#2737 = ORIENTED_EDGE('',*,*,#2738,.T.);
#2738 = EDGE_CURVE('',#2739,#2739,#2741,.T.);
#2739 = VERTEX_POINT('',#2740);
#2740 = CARTESIAN_POINT('',(233.025469,-96.949153,1.51));
#2741 = SURFACE_CURVE('',#2742,(#2747,#2758),.PCURVE_S1.);
#2742 = CIRCLE('',#2743,1.7145);
#2743 = AXIS2_PLACEMENT_3D('',#2744,#2745,#2746);
#2744 = CARTESIAN_POINT('',(233.025469,-95.234653,1.51));
#2745 = DIRECTION('',(-0.,-0.,-1.));
#2746 = DIRECTION('',(0.,-1.,0.));
#2747 = PCURVE('',#33,#2748);
#2748 = DEFINITIONAL_REPRESENTATION('',(#2749),#2757);
#2749 = ( BOUNDED_CURVE() B_SPLINE_CURVE(2,(#2750,#2751,#2752,#2753,
#2754,#2755,#2756),.UNSPECIFIED.,.T.,.F.) B_SPLINE_CURVE_WITH_KNOTS((1,2
    ,2,2,2,1),(-2.094395102393,0.,2.094395102393,4.188790204786,
6.28318530718,8.377580409573),.UNSPECIFIED.) CURVE() 
GEOMETRIC_REPRESENTATION_ITEM() RATIONAL_B_SPLINE_CURVE((1.,0.5,1.,0.5,
1.,0.5,1.)) REPRESENTATION_ITEM('') );
#2750 = CARTESIAN_POINT('',(233.025469,-96.949153));
#2751 = CARTESIAN_POINT('',(230.05586789042,-96.949153));
#2752 = CARTESIAN_POINT('',(231.54066844521,-94.377403));
#2753 = CARTESIAN_POINT('',(233.025469,-91.805653));
#2754 = CARTESIAN_POINT('',(234.51026955478,-94.377403));
#2755 = CARTESIAN_POINT('',(235.99507010957,-96.949153));
#2756 = CARTESIAN_POINT('',(233.025469,-96.949153));
#2757 = ( GEOMETRIC_REPRESENTATION_CONTEXT(2) 
PARAMETRIC_REPRESENTATION_CONTEXT() REPRESENTATION_CONTEXT('2D SPACE',''
  ) );
#2758 = PCURVE('',#2759,#2764);
#2759 = CYLINDRICAL_SURFACE('',#2760,1.7145);
#2760 = AXIS2_PLACEMENT_3D('',#2761,#2762,#2763);
#2761 = CARTESIAN_POINT('',(233.025469,-95.234653,-4.6E-02));
#2762 = DIRECTION('',(-0.,-0.,-1.));
#2763 = DIRECTION('',(0.,-1.,0.));
#2764 = DEFINITIONAL_REPRESENTATION('',(#2765),#2769);
#2765 = LINE('',#2766,#2767);
#2766 = CARTESIAN_POINT('',(0.,-1.556));
#2767 = VECTOR('',#2768,1.);
#2768 = DIRECTION('',(1.,0.));
#2769 = ( GEOMETRIC_REPRESENTATION_CONTEXT(2) 
PARAMETRIC_REPRESENTATION_CONTEXT() REPRESENTATION_CONTEXT('2D SPACE',''
  ) );
#2770 = FACE_BOUND('',#2771,.T.);
#2771 = EDGE_LOOP('',(#2772));
#2772 = ORIENTED_EDGE('',*,*,#2773,.T.);
#2773 = EDGE_CURVE('',#2774,#2774,#2776,.T.);
#2774 = VERTEX_POINT('',#2775);
#2775 = CARTESIAN_POINT('',(238.338061,-97.509058,1.51));
#2776 = SURFACE_CURVE('',#2777,(#2782,#2793),.PCURVE_S1.);
#2777 = CIRCLE('',#2778,0.8509);
#2778 = AXIS2_PLACEMENT_3D('',#2779,#2780,#2781);
#2779 = CARTESIAN_POINT('',(238.338061,-96.658158,1.51));
#2780 = DIRECTION('',(0.,-0.,-1.));
#2781 = DIRECTION('',(3.340193845388E-14,-1.,0.));
#2782 = PCURVE('',#33,#2783);
#2783 = DEFINITIONAL_REPRESENTATION('',(#2784),#2792);
#2784 = ( BOUNDED_CURVE() B_SPLINE_CURVE(2,(#2785,#2786,#2787,#2788,
#2789,#2790,#2791),.UNSPECIFIED.,.T.,.F.) B_SPLINE_CURVE_WITH_KNOTS((1,2
    ,2,2,2,1),(-2.094395102393,0.,2.094395102393,4.188790204786,
6.28318530718,8.377580409573),.UNSPECIFIED.) CURVE() 
GEOMETRIC_REPRESENTATION_ITEM() RATIONAL_B_SPLINE_CURVE((1.,0.5,1.,0.5,
1.,0.5,1.)) REPRESENTATION_ITEM('') );
#2785 = CARTESIAN_POINT('',(238.338061,-97.509058));
#2786 = CARTESIAN_POINT('',(236.86425896784,-97.509058));
#2787 = CARTESIAN_POINT('',(237.60115998392,-96.232708));
#2788 = CARTESIAN_POINT('',(238.338061,-94.956358));
#2789 = CARTESIAN_POINT('',(239.07496201608,-96.232708));
#2790 = CARTESIAN_POINT('',(239.81186303216,-97.509058));
#2791 = CARTESIAN_POINT('',(238.338061,-97.509058));
#2792 = ( GEOMETRIC_REPRESENTATION_CONTEXT(2) 
PARAMETRIC_REPRESENTATION_CONTEXT() REPRESENTATION_CONTEXT('2D SPACE',''
  ) );
#2793 = PCURVE('',#2794,#2799);
#2794 = CYLINDRICAL_SURFACE('',#2795,0.8509);
#2795 = AXIS2_PLACEMENT_3D('',#2796,#2797,#2798);
#2796 = CARTESIAN_POINT('',(238.338061,-96.658158,-4.6E-02));
#2797 = DIRECTION('',(0.,0.,-1.));
#2798 = DIRECTION('',(3.340193845388E-14,-1.,0.));
#2799 = DEFINITIONAL_REPRESENTATION('',(#2800),#2804);
#2800 = LINE('',#2801,#2802);
#2801 = CARTESIAN_POINT('',(0.,-1.556));
#2802 = VECTOR('',#2803,1.);
#2803 = DIRECTION('',(1.,0.));
#2804 = ( GEOMETRIC_REPRESENTATION_CONTEXT(2) 
PARAMETRIC_REPRESENTATION_CONTEXT() REPRESENTATION_CONTEXT('2D SPACE',''
  ) );
#2805 = FACE_BOUND('',#2806,.T.);
#2806 = EDGE_LOOP('',(#2807));
#2807 = ORIENTED_EDGE('',*,*,#2808,.T.);
#2808 = EDGE_CURVE('',#2809,#2809,#2811,.T.);
#2809 = VERTEX_POINT('',#2810);
#2810 = CARTESIAN_POINT('',(239.154642,-93.0241,1.51));
#2811 = SURFACE_CURVE('',#2812,(#2817,#2828),.PCURVE_S1.);
#2812 = CIRCLE('',#2813,0.4953);
#2813 = AXIS2_PLACEMENT_3D('',#2814,#2815,#2816);
#2814 = CARTESIAN_POINT('',(239.154642,-92.5288,1.51));
#2815 = DIRECTION('',(-0.,0.,-1.));
#2816 = DIRECTION('',(-5.738281734385E-14,-1.,0.));
#2817 = PCURVE('',#33,#2818);
#2818 = DEFINITIONAL_REPRESENTATION('',(#2819),#2827);
#2819 = ( BOUNDED_CURVE() B_SPLINE_CURVE(2,(#2820,#2821,#2822,#2823,
#2824,#2825,#2826),.UNSPECIFIED.,.T.,.F.) B_SPLINE_CURVE_WITH_KNOTS((1,2
    ,2,2,2,1),(-2.094395102393,0.,2.094395102393,4.188790204786,
6.28318530718,8.377580409573),.UNSPECIFIED.) CURVE() 
GEOMETRIC_REPRESENTATION_ITEM() RATIONAL_B_SPLINE_CURVE((1.,0.5,1.,0.5,
1.,0.5,1.)) REPRESENTATION_ITEM('') );
#2820 = CARTESIAN_POINT('',(239.154642,-93.0241));
#2821 = CARTESIAN_POINT('',(238.29675723501,-93.0241));
#2822 = CARTESIAN_POINT('',(238.7256996175,-92.28115));
#2823 = CARTESIAN_POINT('',(239.154642,-91.5382));
#2824 = CARTESIAN_POINT('',(239.58358438249,-92.28115));
#2825 = CARTESIAN_POINT('',(240.01252676498,-93.0241));
#2826 = CARTESIAN_POINT('',(239.154642,-93.0241));
#2827 = ( GEOMETRIC_REPRESENTATION_CONTEXT(2) 
PARAMETRIC_REPRESENTATION_CONTEXT() REPRESENTATION_CONTEXT('2D SPACE',''
  ) );
#2828 = PCURVE('',#2829,#2834);
#2829 = CYLINDRICAL_SURFACE('',#2830,0.4953);
#2830 = AXIS2_PLACEMENT_3D('',#2831,#2832,#2833);
#2831 = CARTESIAN_POINT('',(239.154642,-92.5288,-4.6E-02));
#2832 = DIRECTION('',(-0.,-0.,-1.));
#2833 = DIRECTION('',(-5.738281734385E-14,-1.,0.));
#2834 = DEFINITIONAL_REPRESENTATION('',(#2835),#2839);
#2835 = LINE('',#2836,#2837);
#2836 = CARTESIAN_POINT('',(0.,-1.556));
#2837 = VECTOR('',#2838,1.);
#2838 = DIRECTION('',(1.,0.));
#2839 = ( GEOMETRIC_REPRESENTATION_CONTEXT(2) 
PARAMETRIC_REPRESENTATION_CONTEXT() REPRESENTATION_CONTEXT('2D SPACE',''
  ) );
#2840 = FACE_BOUND('',#2841,.T.);
#2841 = EDGE_LOOP('',(#2842));
#2842 = ORIENTED_EDGE('',*,*,#2843,.T.);
#2843 = EDGE_CURVE('',#2844,#2844,#2846,.T.);
#2844 = VERTEX_POINT('',#2845);
#2845 = CARTESIAN_POINT('',(217.453307,-82.933968,1.51));
#2846 = SURFACE_CURVE('',#2847,(#2852,#2863),.PCURVE_S1.);
#2847 = CIRCLE('',#2848,0.635);
#2848 = AXIS2_PLACEMENT_3D('',#2849,#2850,#2851);
#2849 = CARTESIAN_POINT('',(217.453307,-82.298968,1.51));
#2850 = DIRECTION('',(-0.,-0.,-1.));
#2851 = DIRECTION('',(0.,-1.,0.));
#2852 = PCURVE('',#33,#2853);
#2853 = DEFINITIONAL_REPRESENTATION('',(#2854),#2862);
#2854 = ( BOUNDED_CURVE() B_SPLINE_CURVE(2,(#2855,#2856,#2857,#2858,
#2859,#2860,#2861),.UNSPECIFIED.,.T.,.F.) B_SPLINE_CURVE_WITH_KNOTS((1,2
    ,2,2,2,1),(-2.094395102393,0.,2.094395102393,4.188790204786,
6.28318530718,8.377580409573),.UNSPECIFIED.) CURVE() 
GEOMETRIC_REPRESENTATION_ITEM() RATIONAL_B_SPLINE_CURVE((1.,0.5,1.,0.5,
1.,0.5,1.)) REPRESENTATION_ITEM('') );
#2855 = CARTESIAN_POINT('',(217.453307,-82.933968));
#2856 = CARTESIAN_POINT('',(216.35345473719,-82.933968));
#2857 = CARTESIAN_POINT('',(216.90338086859,-81.981468));
#2858 = CARTESIAN_POINT('',(217.453307,-81.028968));
#2859 = CARTESIAN_POINT('',(218.0032331314,-81.981468));
#2860 = CARTESIAN_POINT('',(218.5531592628,-82.933968));
#2861 = CARTESIAN_POINT('',(217.453307,-82.933968));
#2862 = ( GEOMETRIC_REPRESENTATION_CONTEXT(2) 
PARAMETRIC_REPRESENTATION_CONTEXT() REPRESENTATION_CONTEXT('2D SPACE',''
  ) );
#2863 = PCURVE('',#2864,#2869);
#2864 = CYLINDRICAL_SURFACE('',#2865,0.635);
#2865 = AXIS2_PLACEMENT_3D('',#2866,#2867,#2868);
#2866 = CARTESIAN_POINT('',(217.453307,-82.298968,-4.6E-02));
#2867 = DIRECTION('',(-0.,-0.,-1.));
#2868 = DIRECTION('',(0.,-1.,0.));
#2869 = DEFINITIONAL_REPRESENTATION('',(#2870),#2874);
#2870 = LINE('',#2871,#2872);
#2871 = CARTESIAN_POINT('',(0.,-1.556));
#2872 = VECTOR('',#2873,1.);
#2873 = DIRECTION('',(1.,0.));
#2874 = ( GEOMETRIC_REPRESENTATION_CONTEXT(2) 
PARAMETRIC_REPRESENTATION_CONTEXT() REPRESENTATION_CONTEXT('2D SPACE',''
  ) );
#2875 = FACE_BOUND('',#2876,.T.);
#2876 = EDGE_LOOP('',(#2877));
#2877 = ORIENTED_EDGE('',*,*,#2878,.T.);
#2878 = EDGE_CURVE('',#2879,#2879,#2881,.T.);
#2879 = VERTEX_POINT('',#2880);
#2880 = CARTESIAN_POINT('',(199.48,-76.893,1.51));
#2881 = SURFACE_CURVE('',#2882,(#2887,#2898),.PCURVE_S1.);
#2882 = CIRCLE('',#2883,0.635);
#2883 = AXIS2_PLACEMENT_3D('',#2884,#2885,#2886);
#2884 = CARTESIAN_POINT('',(199.48,-76.258,1.51));
#2885 = DIRECTION('',(-0.,0.,-1.));
#2886 = DIRECTION('',(-4.47585975282E-14,-1.,0.));
#2887 = PCURVE('',#33,#2888);
#2888 = DEFINITIONAL_REPRESENTATION('',(#2889),#2897);
#2889 = ( BOUNDED_CURVE() B_SPLINE_CURVE(2,(#2890,#2891,#2892,#2893,
#2894,#2895,#2896),.UNSPECIFIED.,.T.,.F.) B_SPLINE_CURVE_WITH_KNOTS((1,2
    ,2,2,2,1),(-2.094395102393,0.,2.094395102393,4.188790204786,
6.28318530718,8.377580409573),.UNSPECIFIED.) CURVE() 
GEOMETRIC_REPRESENTATION_ITEM() RATIONAL_B_SPLINE_CURVE((1.,0.5,1.,0.5,
1.,0.5,1.)) REPRESENTATION_ITEM('') );
#2890 = CARTESIAN_POINT('',(199.48,-76.893));
#2891 = CARTESIAN_POINT('',(198.38014773719,-76.893));
#2892 = CARTESIAN_POINT('',(198.93007386859,-75.9405));
#2893 = CARTESIAN_POINT('',(199.48,-74.988));
#2894 = CARTESIAN_POINT('',(200.0299261314,-75.9405));
#2895 = CARTESIAN_POINT('',(200.5798522628,-76.893));
#2896 = CARTESIAN_POINT('',(199.48,-76.893));
#2897 = ( GEOMETRIC_REPRESENTATION_CONTEXT(2) 
PARAMETRIC_REPRESENTATION_CONTEXT() REPRESENTATION_CONTEXT('2D SPACE',''
  ) );
#2898 = PCURVE('',#2899,#2904);
#2899 = CYLINDRICAL_SURFACE('',#2900,0.635);
#2900 = AXIS2_PLACEMENT_3D('',#2901,#2902,#2903);
#2901 = CARTESIAN_POINT('',(199.48,-76.258,-4.6E-02));
#2902 = DIRECTION('',(-0.,-0.,-1.));
#2903 = DIRECTION('',(-4.47585975282E-14,-1.,0.));
#2904 = DEFINITIONAL_REPRESENTATION('',(#2905),#2909);
#2905 = LINE('',#2906,#2907);
#2906 = CARTESIAN_POINT('',(0.,-1.556));
#2907 = VECTOR('',#2908,1.);
#2908 = DIRECTION('',(1.,0.));
#2909 = ( GEOMETRIC_REPRESENTATION_CONTEXT(2) 
PARAMETRIC_REPRESENTATION_CONTEXT() REPRESENTATION_CONTEXT('2D SPACE',''
  ) );
#2910 = FACE_BOUND('',#2911,.T.);
#2911 = EDGE_LOOP('',(#2912));
#2912 = ORIENTED_EDGE('',*,*,#2913,.T.);
#2913 = EDGE_CURVE('',#2914,#2914,#2916,.T.);
#2914 = VERTEX_POINT('',#2915);
#2915 = CARTESIAN_POINT('',(194.48,-74.793,1.51));
#2916 = SURFACE_CURVE('',#2917,(#2922,#2933),.PCURVE_S1.);
#2917 = CIRCLE('',#2918,0.635);
#2918 = AXIS2_PLACEMENT_3D('',#2919,#2920,#2921);
#2919 = CARTESIAN_POINT('',(194.48,-74.158,1.51));
#2920 = DIRECTION('',(-0.,0.,-1.));
#2921 = DIRECTION('',(-4.47585975282E-14,-1.,0.));
#2922 = PCURVE('',#33,#2923);
#2923 = DEFINITIONAL_REPRESENTATION('',(#2924),#2932);
#2924 = ( BOUNDED_CURVE() B_SPLINE_CURVE(2,(#2925,#2926,#2927,#2928,
#2929,#2930,#2931),.UNSPECIFIED.,.T.,.F.) B_SPLINE_CURVE_WITH_KNOTS((1,2
    ,2,2,2,1),(-2.094395102393,0.,2.094395102393,4.188790204786,
6.28318530718,8.377580409573),.UNSPECIFIED.) CURVE() 
GEOMETRIC_REPRESENTATION_ITEM() RATIONAL_B_SPLINE_CURVE((1.,0.5,1.,0.5,
1.,0.5,1.)) REPRESENTATION_ITEM('') );
#2925 = CARTESIAN_POINT('',(194.48,-74.793));
#2926 = CARTESIAN_POINT('',(193.38014773719,-74.793));
#2927 = CARTESIAN_POINT('',(193.93007386859,-73.8405));
#2928 = CARTESIAN_POINT('',(194.48,-72.888));
#2929 = CARTESIAN_POINT('',(195.0299261314,-73.8405));
#2930 = CARTESIAN_POINT('',(195.5798522628,-74.793));
#2931 = CARTESIAN_POINT('',(194.48,-74.793));
#2932 = ( GEOMETRIC_REPRESENTATION_CONTEXT(2) 
PARAMETRIC_REPRESENTATION_CONTEXT() REPRESENTATION_CONTEXT('2D SPACE',''
  ) );
#2933 = PCURVE('',#2934,#2939);
#2934 = CYLINDRICAL_SURFACE('',#2935,0.635);
#2935 = AXIS2_PLACEMENT_3D('',#2936,#2937,#2938);
#2936 = CARTESIAN_POINT('',(194.48,-74.158,-4.6E-02));
#2937 = DIRECTION('',(-0.,-0.,-1.));
#2938 = DIRECTION('',(-4.47585975282E-14,-1.,0.));
#2939 = DEFINITIONAL_REPRESENTATION('',(#2940),#2944);
#2940 = LINE('',#2941,#2942);
#2941 = CARTESIAN_POINT('',(0.,-1.556));
#2942 = VECTOR('',#2943,1.);
#2943 = DIRECTION('',(1.,0.));
#2944 = ( GEOMETRIC_REPRESENTATION_CONTEXT(2) 
PARAMETRIC_REPRESENTATION_CONTEXT() REPRESENTATION_CONTEXT('2D SPACE',''
  ) );
#2945 = FACE_BOUND('',#2946,.T.);
#2946 = EDGE_LOOP('',(#2947));
#2947 = ORIENTED_EDGE('',*,*,#2948,.T.);
#2948 = EDGE_CURVE('',#2949,#2949,#2951,.T.);
#2949 = VERTEX_POINT('',#2950);
#2950 = CARTESIAN_POINT('',(212.611975,-80.490301,1.51));
#2951 = SURFACE_CURVE('',#2952,(#2957,#2968),.PCURVE_S1.);
#2952 = CIRCLE('',#2953,0.635);
#2953 = AXIS2_PLACEMENT_3D('',#2954,#2955,#2956);
#2954 = CARTESIAN_POINT('',(212.611975,-79.855301,1.51));
#2955 = DIRECTION('',(-0.,-0.,-1.));
#2956 = DIRECTION('',(0.,-1.,0.));
#2957 = PCURVE('',#33,#2958);
#2958 = DEFINITIONAL_REPRESENTATION('',(#2959),#2967);
#2959 = ( BOUNDED_CURVE() B_SPLINE_CURVE(2,(#2960,#2961,#2962,#2963,
#2964,#2965,#2966),.UNSPECIFIED.,.T.,.F.) B_SPLINE_CURVE_WITH_KNOTS((1,2
    ,2,2,2,1),(-2.094395102393,0.,2.094395102393,4.188790204786,
6.28318530718,8.377580409573),.UNSPECIFIED.) CURVE() 
GEOMETRIC_REPRESENTATION_ITEM() RATIONAL_B_SPLINE_CURVE((1.,0.5,1.,0.5,
1.,0.5,1.)) REPRESENTATION_ITEM('') );
#2960 = CARTESIAN_POINT('',(212.611975,-80.490301));
#2961 = CARTESIAN_POINT('',(211.51212273719,-80.490301));
#2962 = CARTESIAN_POINT('',(212.06204886859,-79.537801));
#2963 = CARTESIAN_POINT('',(212.611975,-78.585301));
#2964 = CARTESIAN_POINT('',(213.1619011314,-79.537801));
#2965 = CARTESIAN_POINT('',(213.7118272628,-80.490301));
#2966 = CARTESIAN_POINT('',(212.611975,-80.490301));
#2967 = ( GEOMETRIC_REPRESENTATION_CONTEXT(2) 
PARAMETRIC_REPRESENTATION_CONTEXT() REPRESENTATION_CONTEXT('2D SPACE',''
  ) );
#2968 = PCURVE('',#2969,#2974);
#2969 = CYLINDRICAL_SURFACE('',#2970,0.635);
#2970 = AXIS2_PLACEMENT_3D('',#2971,#2972,#2973);
#2971 = CARTESIAN_POINT('',(212.611975,-79.855301,-4.6E-02));
#2972 = DIRECTION('',(-0.,-0.,-1.));
#2973 = DIRECTION('',(0.,-1.,0.));
#2974 = DEFINITIONAL_REPRESENTATION('',(#2975),#2979);
#2975 = LINE('',#2976,#2977);
#2976 = CARTESIAN_POINT('',(0.,-1.556));
#2977 = VECTOR('',#2978,1.);
#2978 = DIRECTION('',(1.,0.));
#2979 = ( GEOMETRIC_REPRESENTATION_CONTEXT(2) 
PARAMETRIC_REPRESENTATION_CONTEXT() REPRESENTATION_CONTEXT('2D SPACE',''
  ) );
#2980 = FACE_BOUND('',#2981,.T.);
#2981 = EDGE_LOOP('',(#2982));
#2982 = ORIENTED_EDGE('',*,*,#2983,.T.);
#2983 = EDGE_CURVE('',#2984,#2984,#2986,.T.);
#2984 = VERTEX_POINT('',#2985);
#2985 = CARTESIAN_POINT('',(212.378268,-76.880579,1.51));
#2986 = SURFACE_CURVE('',#2987,(#2992,#3003),.PCURVE_S1.);
#2987 = CIRCLE('',#2988,0.8509);
#2988 = AXIS2_PLACEMENT_3D('',#2989,#2990,#2991);
#2989 = CARTESIAN_POINT('',(212.378268,-76.029679,1.51));
#2990 = DIRECTION('',(-0.,-0.,-1.));
#2991 = DIRECTION('',(0.,-1.,0.));
#2992 = PCURVE('',#33,#2993);
#2993 = DEFINITIONAL_REPRESENTATION('',(#2994),#3002);
#2994 = ( BOUNDED_CURVE() B_SPLINE_CURVE(2,(#2995,#2996,#2997,#2998,
#2999,#3000,#3001),.UNSPECIFIED.,.T.,.F.) B_SPLINE_CURVE_WITH_KNOTS((1,2
    ,2,2,2,1),(-2.094395102393,0.,2.094395102393,4.188790204786,
6.28318530718,8.377580409573),.UNSPECIFIED.) CURVE() 
GEOMETRIC_REPRESENTATION_ITEM() RATIONAL_B_SPLINE_CURVE((1.,0.5,1.,0.5,
1.,0.5,1.)) REPRESENTATION_ITEM('') );
#2995 = CARTESIAN_POINT('',(212.378268,-76.880579));
#2996 = CARTESIAN_POINT('',(210.90446596784,-76.880579));
#2997 = CARTESIAN_POINT('',(211.64136698392,-75.604229));
#2998 = CARTESIAN_POINT('',(212.378268,-74.327879));
#2999 = CARTESIAN_POINT('',(213.11516901608,-75.604229));
#3000 = CARTESIAN_POINT('',(213.85207003216,-76.880579));
#3001 = CARTESIAN_POINT('',(212.378268,-76.880579));
#3002 = ( GEOMETRIC_REPRESENTATION_CONTEXT(2) 
PARAMETRIC_REPRESENTATION_CONTEXT() REPRESENTATION_CONTEXT('2D SPACE',''
  ) );
#3003 = PCURVE('',#3004,#3009);
#3004 = CYLINDRICAL_SURFACE('',#3005,0.8509);
#3005 = AXIS2_PLACEMENT_3D('',#3006,#3007,#3008);
#3006 = CARTESIAN_POINT('',(212.378268,-76.029679,-4.6E-02));
#3007 = DIRECTION('',(-0.,-0.,-1.));
#3008 = DIRECTION('',(0.,-1.,0.));
#3009 = DEFINITIONAL_REPRESENTATION('',(#3010),#3014);
#3010 = LINE('',#3011,#3012);
#3011 = CARTESIAN_POINT('',(0.,-1.556));
#3012 = VECTOR('',#3013,1.);
#3013 = DIRECTION('',(1.,0.));
#3014 = ( GEOMETRIC_REPRESENTATION_CONTEXT(2) 
PARAMETRIC_REPRESENTATION_CONTEXT() REPRESENTATION_CONTEXT('2D SPACE',''
  ) );
#3015 = FACE_BOUND('',#3016,.T.);
#3016 = EDGE_LOOP('',(#3017));
#3017 = ORIENTED_EDGE('',*,*,#3018,.T.);
#3018 = EDGE_CURVE('',#3019,#3019,#3021,.T.);
#3019 = VERTEX_POINT('',#3020);
#3020 = CARTESIAN_POINT('',(217.86487,-78.12784,1.51));
#3021 = SURFACE_CURVE('',#3022,(#3027,#3038),.PCURVE_S1.);
#3022 = CIRCLE('',#3023,1.7145);
#3023 = AXIS2_PLACEMENT_3D('',#3024,#3025,#3026);
#3024 = CARTESIAN_POINT('',(217.86487,-76.41334,1.51));
#3025 = DIRECTION('',(-0.,-0.,-1.));
#3026 = DIRECTION('',(0.,-1.,0.));
#3027 = PCURVE('',#33,#3028);
#3028 = DEFINITIONAL_REPRESENTATION('',(#3029),#3037);
#3029 = ( BOUNDED_CURVE() B_SPLINE_CURVE(2,(#3030,#3031,#3032,#3033,
#3034,#3035,#3036),.UNSPECIFIED.,.T.,.F.) B_SPLINE_CURVE_WITH_KNOTS((1,2
    ,2,2,2,1),(-2.094395102393,0.,2.094395102393,4.188790204786,
6.28318530718,8.377580409573),.UNSPECIFIED.) CURVE() 
GEOMETRIC_REPRESENTATION_ITEM() RATIONAL_B_SPLINE_CURVE((1.,0.5,1.,0.5,
1.,0.5,1.)) REPRESENTATION_ITEM('') );
#3030 = CARTESIAN_POINT('',(217.86487,-78.12784));
#3031 = CARTESIAN_POINT('',(214.89526889042,-78.12784));
#3032 = CARTESIAN_POINT('',(216.38006944521,-75.55609));
#3033 = CARTESIAN_POINT('',(217.86487,-72.98434));
#3034 = CARTESIAN_POINT('',(219.34967055478,-75.55609));
#3035 = CARTESIAN_POINT('',(220.83447110957,-78.12784));
#3036 = CARTESIAN_POINT('',(217.86487,-78.12784));
#3037 = ( GEOMETRIC_REPRESENTATION_CONTEXT(2) 
PARAMETRIC_REPRESENTATION_CONTEXT() REPRESENTATION_CONTEXT('2D SPACE',''
  ) );
#3038 = PCURVE('',#3039,#3044);
#3039 = CYLINDRICAL_SURFACE('',#3040,1.7145);
#3040 = AXIS2_PLACEMENT_3D('',#3041,#3042,#3043);
#3041 = CARTESIAN_POINT('',(217.86487,-76.41334,-4.6E-02));
#3042 = DIRECTION('',(-0.,-0.,-1.));
#3043 = DIRECTION('',(0.,-1.,0.));
#3044 = DEFINITIONAL_REPRESENTATION('',(#3045),#3049);
#3045 = LINE('',#3046,#3047);
#3046 = CARTESIAN_POINT('',(0.,-1.556));
#3047 = VECTOR('',#3048,1.);
#3048 = DIRECTION('',(1.,0.));
#3049 = ( GEOMETRIC_REPRESENTATION_CONTEXT(2) 
PARAMETRIC_REPRESENTATION_CONTEXT() REPRESENTATION_CONTEXT('2D SPACE',''
  ) );
#3050 = FACE_BOUND('',#3051,.T.);
#3051 = EDGE_LOOP('',(#3052));
#3052 = ORIENTED_EDGE('',*,*,#3053,.T.);
#3053 = EDGE_CURVE('',#3054,#3054,#3056,.T.);
#3054 = VERTEX_POINT('',#3055);
#3055 = CARTESIAN_POINT('',(212.950563,-72.354742,1.51));
#3056 = SURFACE_CURVE('',#3057,(#3062,#3073),.PCURVE_S1.);
#3057 = CIRCLE('',#3058,0.4953);
#3058 = AXIS2_PLACEMENT_3D('',#3059,#3060,#3061);
#3059 = CARTESIAN_POINT('',(212.950563,-71.859442,1.51));
#3060 = DIRECTION('',(-0.,-0.,-1.));
#3061 = DIRECTION('',(0.,-1.,0.));
#3062 = PCURVE('',#33,#3063);
#3063 = DEFINITIONAL_REPRESENTATION('',(#3064),#3072);
#3064 = ( BOUNDED_CURVE() B_SPLINE_CURVE(2,(#3065,#3066,#3067,#3068,
#3069,#3070,#3071),.UNSPECIFIED.,.T.,.F.) B_SPLINE_CURVE_WITH_KNOTS((1,2
    ,2,2,2,1),(-2.094395102393,0.,2.094395102393,4.188790204786,
6.28318530718,8.377580409573),.UNSPECIFIED.) CURVE() 
GEOMETRIC_REPRESENTATION_ITEM() RATIONAL_B_SPLINE_CURVE((1.,0.5,1.,0.5,
1.,0.5,1.)) REPRESENTATION_ITEM('') );
#3065 = CARTESIAN_POINT('',(212.950563,-72.354742));
#3066 = CARTESIAN_POINT('',(212.09267823501,-72.354742));
#3067 = CARTESIAN_POINT('',(212.5216206175,-71.611792));
#3068 = CARTESIAN_POINT('',(212.950563,-70.868842));
#3069 = CARTESIAN_POINT('',(213.37950538249,-71.611792));
#3070 = CARTESIAN_POINT('',(213.80844776498,-72.354742));
#3071 = CARTESIAN_POINT('',(212.950563,-72.354742));
#3072 = ( GEOMETRIC_REPRESENTATION_CONTEXT(2) 
PARAMETRIC_REPRESENTATION_CONTEXT() REPRESENTATION_CONTEXT('2D SPACE',''
  ) );
#3073 = PCURVE('',#3074,#3079);
#3074 = CYLINDRICAL_SURFACE('',#3075,0.4953);
#3075 = AXIS2_PLACEMENT_3D('',#3076,#3077,#3078);
#3076 = CARTESIAN_POINT('',(212.950563,-71.859442,-4.6E-02));
#3077 = DIRECTION('',(-0.,-0.,-1.));
#3078 = DIRECTION('',(0.,-1.,0.));
#3079 = DEFINITIONAL_REPRESENTATION('',(#3080),#3084);
#3080 = LINE('',#3081,#3082);
#3081 = CARTESIAN_POINT('',(0.,-1.556));
#3082 = VECTOR('',#3083,1.);
#3083 = DIRECTION('',(1.,0.));
#3084 = ( GEOMETRIC_REPRESENTATION_CONTEXT(2) 
PARAMETRIC_REPRESENTATION_CONTEXT() REPRESENTATION_CONTEXT('2D SPACE',''
  ) );
#3085 = FACE_BOUND('',#3086,.T.);
#3086 = EDGE_LOOP('',(#3087));
#3087 = ORIENTED_EDGE('',*,*,#3088,.T.);
#3088 = EDGE_CURVE('',#3089,#3089,#3091,.T.);
#3089 = VERTEX_POINT('',#3090);
#3090 = CARTESIAN_POINT('',(229.070376,-90.322029,1.51));
#3091 = SURFACE_CURVE('',#3092,(#3097,#3108),.PCURVE_S1.);
#3092 = CIRCLE('',#3093,0.4953);
#3093 = AXIS2_PLACEMENT_3D('',#3094,#3095,#3096);
#3094 = CARTESIAN_POINT('',(229.070376,-89.826729,1.51));
#3095 = DIRECTION('',(-0.,-0.,-1.));
#3096 = DIRECTION('',(0.,-1.,0.));
#3097 = PCURVE('',#33,#3098);
#3098 = DEFINITIONAL_REPRESENTATION('',(#3099),#3107);
#3099 = ( BOUNDED_CURVE() B_SPLINE_CURVE(2,(#3100,#3101,#3102,#3103,
#3104,#3105,#3106),.UNSPECIFIED.,.T.,.F.) B_SPLINE_CURVE_WITH_KNOTS((1,2
    ,2,2,2,1),(-2.094395102393,0.,2.094395102393,4.188790204786,
6.28318530718,8.377580409573),.UNSPECIFIED.) CURVE() 
GEOMETRIC_REPRESENTATION_ITEM() RATIONAL_B_SPLINE_CURVE((1.,0.5,1.,0.5,
1.,0.5,1.)) REPRESENTATION_ITEM('') );
#3100 = CARTESIAN_POINT('',(229.070376,-90.322029));
#3101 = CARTESIAN_POINT('',(228.21249123501,-90.322029));
#3102 = CARTESIAN_POINT('',(228.6414336175,-89.579079));
#3103 = CARTESIAN_POINT('',(229.070376,-88.836129));
#3104 = CARTESIAN_POINT('',(229.49931838249,-89.579079));
#3105 = CARTESIAN_POINT('',(229.92826076498,-90.322029));
#3106 = CARTESIAN_POINT('',(229.070376,-90.322029));
#3107 = ( GEOMETRIC_REPRESENTATION_CONTEXT(2) 
PARAMETRIC_REPRESENTATION_CONTEXT() REPRESENTATION_CONTEXT('2D SPACE',''
  ) );
#3108 = PCURVE('',#3109,#3114);
#3109 = CYLINDRICAL_SURFACE('',#3110,0.4953);
#3110 = AXIS2_PLACEMENT_3D('',#3111,#3112,#3113);
#3111 = CARTESIAN_POINT('',(229.070376,-89.826729,-4.6E-02));
#3112 = DIRECTION('',(-0.,-0.,-1.));
#3113 = DIRECTION('',(0.,-1.,0.));
#3114 = DEFINITIONAL_REPRESENTATION('',(#3115),#3119);
#3115 = LINE('',#3116,#3117);
#3116 = CARTESIAN_POINT('',(0.,-1.556));
#3117 = VECTOR('',#3118,1.);
#3118 = DIRECTION('',(1.,0.));
#3119 = ( GEOMETRIC_REPRESENTATION_CONTEXT(2) 
PARAMETRIC_REPRESENTATION_CONTEXT() REPRESENTATION_CONTEXT('2D SPACE',''
  ) );
#3120 = FACE_BOUND('',#3121,.T.);
#3121 = EDGE_LOOP('',(#3122));
#3122 = ORIENTED_EDGE('',*,*,#3123,.T.);
#3123 = EDGE_CURVE('',#3124,#3124,#3126,.T.);
#3124 = VERTEX_POINT('',#3125);
#3125 = CARTESIAN_POINT('',(231.613462,-81.820818,1.51));
#3126 = SURFACE_CURVE('',#3127,(#3132,#3143),.PCURVE_S1.);
#3127 = CIRCLE('',#3128,0.635);
#3128 = AXIS2_PLACEMENT_3D('',#3129,#3130,#3131);
#3129 = CARTESIAN_POINT('',(231.613462,-81.185818,1.51));
#3130 = DIRECTION('',(-0.,-0.,-1.));
#3131 = DIRECTION('',(0.,-1.,0.));
#3132 = PCURVE('',#33,#3133);
#3133 = DEFINITIONAL_REPRESENTATION('',(#3134),#3142);
#3134 = ( BOUNDED_CURVE() B_SPLINE_CURVE(2,(#3135,#3136,#3137,#3138,
#3139,#3140,#3141),.UNSPECIFIED.,.T.,.F.) B_SPLINE_CURVE_WITH_KNOTS((1,2
    ,2,2,2,1),(-2.094395102393,0.,2.094395102393,4.188790204786,
6.28318530718,8.377580409573),.UNSPECIFIED.) CURVE() 
GEOMETRIC_REPRESENTATION_ITEM() RATIONAL_B_SPLINE_CURVE((1.,0.5,1.,0.5,
1.,0.5,1.)) REPRESENTATION_ITEM('') );
#3135 = CARTESIAN_POINT('',(231.613462,-81.820818));
#3136 = CARTESIAN_POINT('',(230.51360973719,-81.820818));
#3137 = CARTESIAN_POINT('',(231.06353586859,-80.868318));
#3138 = CARTESIAN_POINT('',(231.613462,-79.915818));
#3139 = CARTESIAN_POINT('',(232.1633881314,-80.868318));
#3140 = CARTESIAN_POINT('',(232.7133142628,-81.820818));
#3141 = CARTESIAN_POINT('',(231.613462,-81.820818));
#3142 = ( GEOMETRIC_REPRESENTATION_CONTEXT(2) 
PARAMETRIC_REPRESENTATION_CONTEXT() REPRESENTATION_CONTEXT('2D SPACE',''
  ) );
#3143 = PCURVE('',#3144,#3149);
#3144 = CYLINDRICAL_SURFACE('',#3145,0.635);
#3145 = AXIS2_PLACEMENT_3D('',#3146,#3147,#3148);
#3146 = CARTESIAN_POINT('',(231.613462,-81.185818,-4.6E-02));
#3147 = DIRECTION('',(-0.,-0.,-1.));
#3148 = DIRECTION('',(0.,-1.,0.));
#3149 = DEFINITIONAL_REPRESENTATION('',(#3150),#3154);
#3150 = LINE('',#3151,#3152);
#3151 = CARTESIAN_POINT('',(0.,-1.556));
#3152 = VECTOR('',#3153,1.);
#3153 = DIRECTION('',(1.,0.));
#3154 = ( GEOMETRIC_REPRESENTATION_CONTEXT(2) 
PARAMETRIC_REPRESENTATION_CONTEXT() REPRESENTATION_CONTEXT('2D SPACE',''
  ) );
#3155 = FACE_BOUND('',#3156,.T.);
#3156 = EDGE_LOOP('',(#3157));
#3157 = ORIENTED_EDGE('',*,*,#3158,.T.);
#3158 = EDGE_CURVE('',#3159,#3159,#3161,.T.);
#3159 = VERTEX_POINT('',#3160);
#3160 = CARTESIAN_POINT('',(235.899572,-85.143357,1.51));
#3161 = SURFACE_CURVE('',#3162,(#3167,#3178),.PCURVE_S1.);
#3162 = CIRCLE('',#3163,0.635);
#3163 = AXIS2_PLACEMENT_3D('',#3164,#3165,#3166);
#3164 = CARTESIAN_POINT('',(235.899572,-84.508357,1.51));
#3165 = DIRECTION('',(0.,-0.,-1.));
#3166 = DIRECTION('',(4.475859752819E-14,-1.,0.));
#3167 = PCURVE('',#33,#3168);
#3168 = DEFINITIONAL_REPRESENTATION('',(#3169),#3177);
#3169 = ( BOUNDED_CURVE() B_SPLINE_CURVE(2,(#3170,#3171,#3172,#3173,
#3174,#3175,#3176),.UNSPECIFIED.,.T.,.F.) B_SPLINE_CURVE_WITH_KNOTS((1,2
    ,2,2,2,1),(-2.094395102393,0.,2.094395102393,4.188790204786,
6.28318530718,8.377580409573),.UNSPECIFIED.) CURVE() 
GEOMETRIC_REPRESENTATION_ITEM() RATIONAL_B_SPLINE_CURVE((1.,0.5,1.,0.5,
1.,0.5,1.)) REPRESENTATION_ITEM('') );
#3170 = CARTESIAN_POINT('',(235.899572,-85.143357));
#3171 = CARTESIAN_POINT('',(234.79971973719,-85.143357));
#3172 = CARTESIAN_POINT('',(235.34964586859,-84.190857));
#3173 = CARTESIAN_POINT('',(235.899572,-83.238357));
#3174 = CARTESIAN_POINT('',(236.4494981314,-84.190857));
#3175 = CARTESIAN_POINT('',(236.9994242628,-85.143357));
#3176 = CARTESIAN_POINT('',(235.899572,-85.143357));
#3177 = ( GEOMETRIC_REPRESENTATION_CONTEXT(2) 
PARAMETRIC_REPRESENTATION_CONTEXT() REPRESENTATION_CONTEXT('2D SPACE',''
  ) );
#3178 = PCURVE('',#3179,#3184);
#3179 = CYLINDRICAL_SURFACE('',#3180,0.635);
#3180 = AXIS2_PLACEMENT_3D('',#3181,#3182,#3183);
#3181 = CARTESIAN_POINT('',(235.899572,-84.508357,-4.6E-02));
#3182 = DIRECTION('',(0.,0.,-1.));
#3183 = DIRECTION('',(4.475859752819E-14,-1.,0.));
#3184 = DEFINITIONAL_REPRESENTATION('',(#3185),#3189);
#3185 = LINE('',#3186,#3187);
#3186 = CARTESIAN_POINT('',(0.,-1.556));
#3187 = VECTOR('',#3188,1.);
#3188 = DIRECTION('',(1.,0.));
#3189 = ( GEOMETRIC_REPRESENTATION_CONTEXT(2) 
PARAMETRIC_REPRESENTATION_CONTEXT() REPRESENTATION_CONTEXT('2D SPACE',''
  ) );
#3190 = FACE_BOUND('',#3191,.T.);
#3191 = EDGE_LOOP('',(#3192));
#3192 = ORIENTED_EDGE('',*,*,#3193,.T.);
#3193 = EDGE_CURVE('',#3194,#3194,#3196,.T.);
#3194 = VERTEX_POINT('',#3195);
#3195 = CARTESIAN_POINT('',(223.351472,-77.647901,1.51));
#3196 = SURFACE_CURVE('',#3197,(#3202,#3213),.PCURVE_S1.);
#3197 = CIRCLE('',#3198,0.8509);
#3198 = AXIS2_PLACEMENT_3D('',#3199,#3200,#3201);
#3199 = CARTESIAN_POINT('',(223.351472,-76.797001,1.51));
#3200 = DIRECTION('',(-0.,-0.,-1.));
#3201 = DIRECTION('',(0.,-1.,0.));
#3202 = PCURVE('',#33,#3203);
#3203 = DEFINITIONAL_REPRESENTATION('',(#3204),#3212);
#3204 = ( BOUNDED_CURVE() B_SPLINE_CURVE(2,(#3205,#3206,#3207,#3208,
#3209,#3210,#3211),.UNSPECIFIED.,.T.,.F.) B_SPLINE_CURVE_WITH_KNOTS((1,2
    ,2,2,2,1),(-2.094395102393,0.,2.094395102393,4.188790204786,
6.28318530718,8.377580409573),.UNSPECIFIED.) CURVE() 
GEOMETRIC_REPRESENTATION_ITEM() RATIONAL_B_SPLINE_CURVE((1.,0.5,1.,0.5,
1.,0.5,1.)) REPRESENTATION_ITEM('') );
#3205 = CARTESIAN_POINT('',(223.351472,-77.647901));
#3206 = CARTESIAN_POINT('',(221.87766996784,-77.647901));
#3207 = CARTESIAN_POINT('',(222.61457098392,-76.371551));
#3208 = CARTESIAN_POINT('',(223.351472,-75.095201));
#3209 = CARTESIAN_POINT('',(224.08837301608,-76.371551));
#3210 = CARTESIAN_POINT('',(224.82527403216,-77.647901));
#3211 = CARTESIAN_POINT('',(223.351472,-77.647901));
#3212 = ( GEOMETRIC_REPRESENTATION_CONTEXT(2) 
PARAMETRIC_REPRESENTATION_CONTEXT() REPRESENTATION_CONTEXT('2D SPACE',''
  ) );
#3213 = PCURVE('',#3214,#3219);
#3214 = CYLINDRICAL_SURFACE('',#3215,0.8509);
#3215 = AXIS2_PLACEMENT_3D('',#3216,#3217,#3218);
#3216 = CARTESIAN_POINT('',(223.351472,-76.797001,-4.6E-02));
#3217 = DIRECTION('',(-0.,-0.,-1.));
#3218 = DIRECTION('',(0.,-1.,0.));
#3219 = DEFINITIONAL_REPRESENTATION('',(#3220),#3224);
#3220 = LINE('',#3221,#3222);
#3221 = CARTESIAN_POINT('',(0.,-1.556));
#3222 = VECTOR('',#3223,1.);
#3223 = DIRECTION('',(1.,0.));
#3224 = ( GEOMETRIC_REPRESENTATION_CONTEXT(2) 
PARAMETRIC_REPRESENTATION_CONTEXT() REPRESENTATION_CONTEXT('2D SPACE',''
  ) );
#3225 = FACE_BOUND('',#3226,.T.);
#3226 = EDGE_LOOP('',(#3227));
#3227 = ORIENTED_EDGE('',*,*,#3228,.T.);
#3228 = EDGE_CURVE('',#3229,#3229,#3231,.T.);
#3229 = VERTEX_POINT('',#3230);
#3230 = CARTESIAN_POINT('',(232.114012,-78.23679,1.51));
#3231 = SURFACE_CURVE('',#3232,(#3237,#3248),.PCURVE_S1.);
#3232 = CIRCLE('',#3233,0.8509);
#3233 = AXIS2_PLACEMENT_3D('',#3234,#3235,#3236);
#3234 = CARTESIAN_POINT('',(232.114012,-77.38589,1.51));
#3235 = DIRECTION('',(-0.,-0.,-1.));
#3236 = DIRECTION('',(0.,-1.,0.));
#3237 = PCURVE('',#33,#3238);
#3238 = DEFINITIONAL_REPRESENTATION('',(#3239),#3247);
#3239 = ( BOUNDED_CURVE() B_SPLINE_CURVE(2,(#3240,#3241,#3242,#3243,
#3244,#3245,#3246),.UNSPECIFIED.,.T.,.F.) B_SPLINE_CURVE_WITH_KNOTS((1,2
    ,2,2,2,1),(-2.094395102393,0.,2.094395102393,4.188790204786,
6.28318530718,8.377580409573),.UNSPECIFIED.) CURVE() 
GEOMETRIC_REPRESENTATION_ITEM() RATIONAL_B_SPLINE_CURVE((1.,0.5,1.,0.5,
1.,0.5,1.)) REPRESENTATION_ITEM('') );
#3240 = CARTESIAN_POINT('',(232.114012,-78.23679));
#3241 = CARTESIAN_POINT('',(230.64020996784,-78.23679));
#3242 = CARTESIAN_POINT('',(231.37711098392,-76.96044));
#3243 = CARTESIAN_POINT('',(232.114012,-75.68409));
#3244 = CARTESIAN_POINT('',(232.85091301608,-76.96044));
#3245 = CARTESIAN_POINT('',(233.58781403216,-78.23679));
#3246 = CARTESIAN_POINT('',(232.114012,-78.23679));
#3247 = ( GEOMETRIC_REPRESENTATION_CONTEXT(2) 
PARAMETRIC_REPRESENTATION_CONTEXT() REPRESENTATION_CONTEXT('2D SPACE',''
  ) );
#3248 = PCURVE('',#3249,#3254);
#3249 = CYLINDRICAL_SURFACE('',#3250,0.8509);
#3250 = AXIS2_PLACEMENT_3D('',#3251,#3252,#3253);
#3251 = CARTESIAN_POINT('',(232.114012,-77.38589,-4.6E-02));
#3252 = DIRECTION('',(-0.,-0.,-1.));
#3253 = DIRECTION('',(0.,-1.,0.));
#3254 = DEFINITIONAL_REPRESENTATION('',(#3255),#3259);
#3255 = LINE('',#3256,#3257);
#3256 = CARTESIAN_POINT('',(0.,-1.556));
#3257 = VECTOR('',#3258,1.);
#3258 = DIRECTION('',(1.,0.));
#3259 = ( GEOMETRIC_REPRESENTATION_CONTEXT(2) 
PARAMETRIC_REPRESENTATION_CONTEXT() REPRESENTATION_CONTEXT('2D SPACE',''
  ) );
#3260 = FACE_BOUND('',#3261,.T.);
#3261 = EDGE_LOOP('',(#3262));
#3262 = ORIENTED_EDGE('',*,*,#3263,.T.);
#3263 = EDGE_CURVE('',#3264,#3264,#3266,.T.);
#3264 = VERTEX_POINT('',#3265);
#3265 = CARTESIAN_POINT('',(223.365132,-73.083,1.51));
#3266 = SURFACE_CURVE('',#3267,(#3272,#3283),.PCURVE_S1.);
#3267 = CIRCLE('',#3268,0.4953);
#3268 = AXIS2_PLACEMENT_3D('',#3269,#3270,#3271);
#3269 = CARTESIAN_POINT('',(223.365132,-72.5877,1.51));
#3270 = DIRECTION('',(-0.,0.,-1.));
#3271 = DIRECTION('',(-5.738281734385E-14,-1.,0.));
#3272 = PCURVE('',#33,#3273);
#3273 = DEFINITIONAL_REPRESENTATION('',(#3274),#3282);
#3274 = ( BOUNDED_CURVE() B_SPLINE_CURVE(2,(#3275,#3276,#3277,#3278,
#3279,#3280,#3281),.UNSPECIFIED.,.T.,.F.) B_SPLINE_CURVE_WITH_KNOTS((1,2
    ,2,2,2,1),(-2.094395102393,0.,2.094395102393,4.188790204786,
6.28318530718,8.377580409573),.UNSPECIFIED.) CURVE() 
GEOMETRIC_REPRESENTATION_ITEM() RATIONAL_B_SPLINE_CURVE((1.,0.5,1.,0.5,
1.,0.5,1.)) REPRESENTATION_ITEM('') );
#3275 = CARTESIAN_POINT('',(223.365132,-73.083));
#3276 = CARTESIAN_POINT('',(222.50724723501,-73.083));
#3277 = CARTESIAN_POINT('',(222.9361896175,-72.34005));
#3278 = CARTESIAN_POINT('',(223.365132,-71.5971));
#3279 = CARTESIAN_POINT('',(223.79407438249,-72.34005));
#3280 = CARTESIAN_POINT('',(224.22301676498,-73.083));
#3281 = CARTESIAN_POINT('',(223.365132,-73.083));
#3282 = ( GEOMETRIC_REPRESENTATION_CONTEXT(2) 
PARAMETRIC_REPRESENTATION_CONTEXT() REPRESENTATION_CONTEXT('2D SPACE',''
  ) );
#3283 = PCURVE('',#3284,#3289);
#3284 = CYLINDRICAL_SURFACE('',#3285,0.4953);
#3285 = AXIS2_PLACEMENT_3D('',#3286,#3287,#3288);
#3286 = CARTESIAN_POINT('',(223.365132,-72.5877,-4.6E-02));
#3287 = DIRECTION('',(-0.,-0.,-1.));
#3288 = DIRECTION('',(-5.738281734385E-14,-1.,0.));
#3289 = DEFINITIONAL_REPRESENTATION('',(#3290),#3294);
#3290 = LINE('',#3291,#3292);
#3291 = CARTESIAN_POINT('',(0.,-1.556));
#3292 = VECTOR('',#3293,1.);
#3293 = DIRECTION('',(1.,0.));
#3294 = ( GEOMETRIC_REPRESENTATION_CONTEXT(2) 
PARAMETRIC_REPRESENTATION_CONTEXT() REPRESENTATION_CONTEXT('2D SPACE',''
  ) );
#3295 = FACE_BOUND('',#3296,.T.);
#3296 = EDGE_LOOP('',(#3297));
#3297 = ORIENTED_EDGE('',*,*,#3298,.T.);
#3298 = EDGE_CURVE('',#3299,#3299,#3301,.T.);
#3299 = VERTEX_POINT('',#3300);
#3300 = CARTESIAN_POINT('',(233.471511,-73.896771,1.51));
#3301 = SURFACE_CURVE('',#3302,(#3307,#3318),.PCURVE_S1.);
#3302 = CIRCLE('',#3303,0.4953);
#3303 = AXIS2_PLACEMENT_3D('',#3304,#3305,#3306);
#3304 = CARTESIAN_POINT('',(233.471511,-73.401471,1.51));
#3305 = DIRECTION('',(-0.,0.,-1.));
#3306 = DIRECTION('',(-5.738281734385E-14,-1.,0.));
#3307 = PCURVE('',#33,#3308);
#3308 = DEFINITIONAL_REPRESENTATION('',(#3309),#3317);
#3309 = ( BOUNDED_CURVE() B_SPLINE_CURVE(2,(#3310,#3311,#3312,#3313,
#3314,#3315,#3316),.UNSPECIFIED.,.T.,.F.) B_SPLINE_CURVE_WITH_KNOTS((1,2
    ,2,2,2,1),(-2.094395102393,0.,2.094395102393,4.188790204786,
6.28318530718,8.377580409573),.UNSPECIFIED.) CURVE() 
GEOMETRIC_REPRESENTATION_ITEM() RATIONAL_B_SPLINE_CURVE((1.,0.5,1.,0.5,
1.,0.5,1.)) REPRESENTATION_ITEM('') );
#3310 = CARTESIAN_POINT('',(233.471511,-73.896771));
#3311 = CARTESIAN_POINT('',(232.61362623501,-73.896771));
#3312 = CARTESIAN_POINT('',(233.0425686175,-73.153821));
#3313 = CARTESIAN_POINT('',(233.471511,-72.410871));
#3314 = CARTESIAN_POINT('',(233.90045338249,-73.153821));
#3315 = CARTESIAN_POINT('',(234.32939576498,-73.896771));
#3316 = CARTESIAN_POINT('',(233.471511,-73.896771));
#3317 = ( GEOMETRIC_REPRESENTATION_CONTEXT(2) 
PARAMETRIC_REPRESENTATION_CONTEXT() REPRESENTATION_CONTEXT('2D SPACE',''
  ) );
#3318 = PCURVE('',#3319,#3324);
#3319 = CYLINDRICAL_SURFACE('',#3320,0.4953);
#3320 = AXIS2_PLACEMENT_3D('',#3321,#3322,#3323);
#3321 = CARTESIAN_POINT('',(233.471511,-73.401471,-4.6E-02));
#3322 = DIRECTION('',(-0.,-0.,-1.));
#3323 = DIRECTION('',(-5.738281734385E-14,-1.,0.));
#3324 = DEFINITIONAL_REPRESENTATION('',(#3325),#3329);
#3325 = LINE('',#3326,#3327);
#3326 = CARTESIAN_POINT('',(0.,-1.556));
#3327 = VECTOR('',#3328,1.);
#3328 = DIRECTION('',(1.,0.));
#3329 = ( GEOMETRIC_REPRESENTATION_CONTEXT(2) 
PARAMETRIC_REPRESENTATION_CONTEXT() REPRESENTATION_CONTEXT('2D SPACE',''
  ) );
#3330 = FACE_BOUND('',#3331,.T.);
#3331 = EDGE_LOOP('',(#3332));
#3332 = ORIENTED_EDGE('',*,*,#3333,.T.);
#3333 = EDGE_CURVE('',#3334,#3334,#3336,.T.);
#3334 = VERTEX_POINT('',#3335);
#3335 = CARTESIAN_POINT('',(237.426604,-80.523895,1.51));
#3336 = SURFACE_CURVE('',#3337,(#3342,#3353),.PCURVE_S1.);
#3337 = CIRCLE('',#3338,1.7145);
#3338 = AXIS2_PLACEMENT_3D('',#3339,#3340,#3341);
#3339 = CARTESIAN_POINT('',(237.426604,-78.809395,1.51));
#3340 = DIRECTION('',(-0.,-0.,-1.));
#3341 = DIRECTION('',(0.,-1.,0.));
#3342 = PCURVE('',#33,#3343);
#3343 = DEFINITIONAL_REPRESENTATION('',(#3344),#3352);
#3344 = ( BOUNDED_CURVE() B_SPLINE_CURVE(2,(#3345,#3346,#3347,#3348,
#3349,#3350,#3351),.UNSPECIFIED.,.T.,.F.) B_SPLINE_CURVE_WITH_KNOTS((1,2
    ,2,2,2,1),(-2.094395102393,0.,2.094395102393,4.188790204786,
6.28318530718,8.377580409573),.UNSPECIFIED.) CURVE() 
GEOMETRIC_REPRESENTATION_ITEM() RATIONAL_B_SPLINE_CURVE((1.,0.5,1.,0.5,
1.,0.5,1.)) REPRESENTATION_ITEM('') );
#3345 = CARTESIAN_POINT('',(237.426604,-80.523895));
#3346 = CARTESIAN_POINT('',(234.45700289042,-80.523895));
#3347 = CARTESIAN_POINT('',(235.94180344521,-77.952145));
#3348 = CARTESIAN_POINT('',(237.426604,-75.380395));
#3349 = CARTESIAN_POINT('',(238.91140455478,-77.952145));
#3350 = CARTESIAN_POINT('',(240.39620510957,-80.523895));
#3351 = CARTESIAN_POINT('',(237.426604,-80.523895));
#3352 = ( GEOMETRIC_REPRESENTATION_CONTEXT(2) 
PARAMETRIC_REPRESENTATION_CONTEXT() REPRESENTATION_CONTEXT('2D SPACE',''
  ) );
#3353 = PCURVE('',#3354,#3359);
#3354 = CYLINDRICAL_SURFACE('',#3355,1.7145);
#3355 = AXIS2_PLACEMENT_3D('',#3356,#3357,#3358);
#3356 = CARTESIAN_POINT('',(237.426604,-78.809395,-4.6E-02));
#3357 = DIRECTION('',(-0.,-0.,-1.));
#3358 = DIRECTION('',(0.,-1.,0.));
#3359 = DEFINITIONAL_REPRESENTATION('',(#3360),#3364);
#3360 = LINE('',#3361,#3362);
#3361 = CARTESIAN_POINT('',(0.,-1.556));
#3362 = VECTOR('',#3363,1.);
#3363 = DIRECTION('',(1.,0.));
#3364 = ( GEOMETRIC_REPRESENTATION_CONTEXT(2) 
PARAMETRIC_REPRESENTATION_CONTEXT() REPRESENTATION_CONTEXT('2D SPACE',''
  ) );
#3365 = FACE_BOUND('',#3366,.T.);
#3366 = EDGE_LOOP('',(#3367));
#3367 = ORIENTED_EDGE('',*,*,#3368,.T.);
#3368 = EDGE_CURVE('',#3369,#3369,#3371,.T.);
#3369 = VERTEX_POINT('',#3370);
#3370 = CARTESIAN_POINT('',(242.739196,-81.0838,1.51));
#3371 = SURFACE_CURVE('',#3372,(#3377,#3388),.PCURVE_S1.);
#3372 = CIRCLE('',#3373,0.8509);
#3373 = AXIS2_PLACEMENT_3D('',#3374,#3375,#3376);
#3374 = CARTESIAN_POINT('',(242.739196,-80.2329,1.51));
#3375 = DIRECTION('',(-0.,-0.,-1.));
#3376 = DIRECTION('',(0.,-1.,0.));
#3377 = PCURVE('',#33,#3378);
#3378 = DEFINITIONAL_REPRESENTATION('',(#3379),#3387);
#3379 = ( BOUNDED_CURVE() B_SPLINE_CURVE(2,(#3380,#3381,#3382,#3383,
#3384,#3385,#3386),.UNSPECIFIED.,.T.,.F.) B_SPLINE_CURVE_WITH_KNOTS((1,2
    ,2,2,2,1),(-2.094395102393,0.,2.094395102393,4.188790204786,
6.28318530718,8.377580409573),.UNSPECIFIED.) CURVE() 
GEOMETRIC_REPRESENTATION_ITEM() RATIONAL_B_SPLINE_CURVE((1.,0.5,1.,0.5,
1.,0.5,1.)) REPRESENTATION_ITEM('') );
#3380 = CARTESIAN_POINT('',(242.739196,-81.0838));
#3381 = CARTESIAN_POINT('',(241.26539396784,-81.0838));
#3382 = CARTESIAN_POINT('',(242.00229498392,-79.80745));
#3383 = CARTESIAN_POINT('',(242.739196,-78.5311));
#3384 = CARTESIAN_POINT('',(243.47609701608,-79.80745));
#3385 = CARTESIAN_POINT('',(244.21299803216,-81.0838));
#3386 = CARTESIAN_POINT('',(242.739196,-81.0838));
#3387 = ( GEOMETRIC_REPRESENTATION_CONTEXT(2) 
PARAMETRIC_REPRESENTATION_CONTEXT() REPRESENTATION_CONTEXT('2D SPACE',''
  ) );
#3388 = PCURVE('',#3389,#3394);
#3389 = CYLINDRICAL_SURFACE('',#3390,0.8509);
#3390 = AXIS2_PLACEMENT_3D('',#3391,#3392,#3393);
#3391 = CARTESIAN_POINT('',(242.739196,-80.2329,-4.6E-02));
#3392 = DIRECTION('',(-0.,-0.,-1.));
#3393 = DIRECTION('',(0.,-1.,0.));
#3394 = DEFINITIONAL_REPRESENTATION('',(#3395),#3399);
#3395 = LINE('',#3396,#3397);
#3396 = CARTESIAN_POINT('',(0.,-1.556));
#3397 = VECTOR('',#3398,1.);
#3398 = DIRECTION('',(1.,0.));
#3399 = ( GEOMETRIC_REPRESENTATION_CONTEXT(2) 
PARAMETRIC_REPRESENTATION_CONTEXT() REPRESENTATION_CONTEXT('2D SPACE',''
  ) );
#3400 = FACE_BOUND('',#3401,.T.);
#3401 = EDGE_LOOP('',(#3402));
#3402 = ORIENTED_EDGE('',*,*,#3403,.T.);
#3403 = EDGE_CURVE('',#3404,#3404,#3406,.T.);
#3404 = VERTEX_POINT('',#3405);
#3405 = CARTESIAN_POINT('',(243.555777,-76.598842,1.51));
#3406 = SURFACE_CURVE('',#3407,(#3412,#3423),.PCURVE_S1.);
#3407 = CIRCLE('',#3408,0.4953);
#3408 = AXIS2_PLACEMENT_3D('',#3409,#3410,#3411);
#3409 = CARTESIAN_POINT('',(243.555777,-76.103542,1.51));
#3410 = DIRECTION('',(0.,-0.,-1.));
#3411 = DIRECTION('',(5.738281734384E-14,-1.,0.));
#3412 = PCURVE('',#33,#3413);
#3413 = DEFINITIONAL_REPRESENTATION('',(#3414),#3422);
#3414 = ( BOUNDED_CURVE() B_SPLINE_CURVE(2,(#3415,#3416,#3417,#3418,
#3419,#3420,#3421),.UNSPECIFIED.,.T.,.F.) B_SPLINE_CURVE_WITH_KNOTS((1,2
    ,2,2,2,1),(-2.094395102393,0.,2.094395102393,4.188790204786,
6.28318530718,8.377580409573),.UNSPECIFIED.) CURVE() 
GEOMETRIC_REPRESENTATION_ITEM() RATIONAL_B_SPLINE_CURVE((1.,0.5,1.,0.5,
1.,0.5,1.)) REPRESENTATION_ITEM('') );
#3415 = CARTESIAN_POINT('',(243.555777,-76.598842));
#3416 = CARTESIAN_POINT('',(242.69789223501,-76.598842));
#3417 = CARTESIAN_POINT('',(243.1268346175,-75.855892));
#3418 = CARTESIAN_POINT('',(243.555777,-75.112942));
#3419 = CARTESIAN_POINT('',(243.98471938249,-75.855892));
#3420 = CARTESIAN_POINT('',(244.41366176498,-76.598842));
#3421 = CARTESIAN_POINT('',(243.555777,-76.598842));
#3422 = ( GEOMETRIC_REPRESENTATION_CONTEXT(2) 
PARAMETRIC_REPRESENTATION_CONTEXT() REPRESENTATION_CONTEXT('2D SPACE',''
  ) );
#3423 = PCURVE('',#3424,#3429);
#3424 = CYLINDRICAL_SURFACE('',#3425,0.4953);
#3425 = AXIS2_PLACEMENT_3D('',#3426,#3427,#3428);
#3426 = CARTESIAN_POINT('',(243.555777,-76.103542,-4.6E-02));
#3427 = DIRECTION('',(0.,0.,-1.));
#3428 = DIRECTION('',(5.738281734384E-14,-1.,0.));
#3429 = DEFINITIONAL_REPRESENTATION('',(#3430),#3434);
#3430 = LINE('',#3431,#3432);
#3431 = CARTESIAN_POINT('',(0.,-1.556));
#3432 = VECTOR('',#3433,1.);
#3433 = DIRECTION('',(1.,0.));
#3434 = ( GEOMETRIC_REPRESENTATION_CONTEXT(2) 
PARAMETRIC_REPRESENTATION_CONTEXT() REPRESENTATION_CONTEXT('2D SPACE',''
  ) );
#3435 = FACE_BOUND('',#3436,.T.);
#3436 = EDGE_LOOP('',(#3437));
#3437 = ORIENTED_EDGE('',*,*,#3438,.T.);
#3438 = EDGE_CURVE('',#3439,#3439,#3441,.T.);
#3439 = VERTEX_POINT('',#3440);
#3440 = CARTESIAN_POINT('',(136.9714,-69.5104,1.51));
#3441 = SURFACE_CURVE('',#3442,(#3447,#3458),.PCURVE_S1.);
#3442 = CIRCLE('',#3443,0.4064);
#3443 = AXIS2_PLACEMENT_3D('',#3444,#3445,#3446);
#3444 = CARTESIAN_POINT('',(136.9714,-69.104,1.51));
#3445 = DIRECTION('',(-0.,0.,-1.));
#3446 = DIRECTION('',(-6.993530863781E-14,-1.,0.));
#3447 = PCURVE('',#33,#3448);
#3448 = DEFINITIONAL_REPRESENTATION('',(#3449),#3457);
#3449 = ( BOUNDED_CURVE() B_SPLINE_CURVE(2,(#3450,#3451,#3452,#3453,
#3454,#3455,#3456),.UNSPECIFIED.,.T.,.F.) B_SPLINE_CURVE_WITH_KNOTS((1,2
    ,2,2,2,1),(-2.094395102393,0.,2.094395102393,4.188790204786,
6.28318530718,8.377580409573),.UNSPECIFIED.) CURVE() 
GEOMETRIC_REPRESENTATION_ITEM() RATIONAL_B_SPLINE_CURVE((1.,0.5,1.,0.5,
1.,0.5,1.)) REPRESENTATION_ITEM('') );
#3450 = CARTESIAN_POINT('',(136.9714,-69.5104));
#3451 = CARTESIAN_POINT('',(136.2674945518,-69.5104));
#3452 = CARTESIAN_POINT('',(136.6194472759,-68.9008));
#3453 = CARTESIAN_POINT('',(136.9714,-68.2912));
#3454 = CARTESIAN_POINT('',(137.32335272409,-68.9008));
#3455 = CARTESIAN_POINT('',(137.67530544819,-69.5104));
#3456 = CARTESIAN_POINT('',(136.9714,-69.5104));
#3457 = ( GEOMETRIC_REPRESENTATION_CONTEXT(2) 
PARAMETRIC_REPRESENTATION_CONTEXT() REPRESENTATION_CONTEXT('2D SPACE',''
  ) );
#3458 = PCURVE('',#3459,#3464);
#3459 = CYLINDRICAL_SURFACE('',#3460,0.4064);
#3460 = AXIS2_PLACEMENT_3D('',#3461,#3462,#3463);
#3461 = CARTESIAN_POINT('',(136.9714,-69.104,-4.6E-02));
#3462 = DIRECTION('',(-0.,-0.,-1.));
#3463 = DIRECTION('',(-6.993530863781E-14,-1.,0.));
#3464 = DEFINITIONAL_REPRESENTATION('',(#3465),#3469);
#3465 = LINE('',#3466,#3467);
#3466 = CARTESIAN_POINT('',(0.,-1.556));
#3467 = VECTOR('',#3468,1.);
#3468 = DIRECTION('',(1.,0.));
#3469 = ( GEOMETRIC_REPRESENTATION_CONTEXT(2) 
PARAMETRIC_REPRESENTATION_CONTEXT() REPRESENTATION_CONTEXT('2D SPACE',''
  ) );
#3470 = FACE_BOUND('',#3471,.T.);
#3471 = EDGE_LOOP('',(#3472));
#3472 = ORIENTED_EDGE('',*,*,#3473,.T.);
#3473 = EDGE_CURVE('',#3474,#3474,#3476,.T.);
#3474 = VERTEX_POINT('',#3475);
#3475 = CARTESIAN_POINT('',(136.9714,-66.9704,1.51));
#3476 = SURFACE_CURVE('',#3477,(#3482,#3493),.PCURVE_S1.);
#3477 = CIRCLE('',#3478,0.4064);
#3478 = AXIS2_PLACEMENT_3D('',#3479,#3480,#3481);
#3479 = CARTESIAN_POINT('',(136.9714,-66.564,1.51));
#3480 = DIRECTION('',(-0.,0.,-1.));
#3481 = DIRECTION('',(-6.993530863781E-14,-1.,0.));
#3482 = PCURVE('',#33,#3483);
#3483 = DEFINITIONAL_REPRESENTATION('',(#3484),#3492);
#3484 = ( BOUNDED_CURVE() B_SPLINE_CURVE(2,(#3485,#3486,#3487,#3488,
#3489,#3490,#3491),.UNSPECIFIED.,.T.,.F.) B_SPLINE_CURVE_WITH_KNOTS((1,2
    ,2,2,2,1),(-2.094395102393,0.,2.094395102393,4.188790204786,
6.28318530718,8.377580409573),.UNSPECIFIED.) CURVE() 
GEOMETRIC_REPRESENTATION_ITEM() RATIONAL_B_SPLINE_CURVE((1.,0.5,1.,0.5,
1.,0.5,1.)) REPRESENTATION_ITEM('') );
#3485 = CARTESIAN_POINT('',(136.9714,-66.9704));
#3486 = CARTESIAN_POINT('',(136.2674945518,-66.9704));
#3487 = CARTESIAN_POINT('',(136.6194472759,-66.3608));
#3488 = CARTESIAN_POINT('',(136.9714,-65.7512));
#3489 = CARTESIAN_POINT('',(137.32335272409,-66.3608));
#3490 = CARTESIAN_POINT('',(137.67530544819,-66.9704));
#3491 = CARTESIAN_POINT('',(136.9714,-66.9704));
#3492 = ( GEOMETRIC_REPRESENTATION_CONTEXT(2) 
PARAMETRIC_REPRESENTATION_CONTEXT() REPRESENTATION_CONTEXT('2D SPACE',''
  ) );
#3493 = PCURVE('',#3494,#3499);
#3494 = CYLINDRICAL_SURFACE('',#3495,0.4064);
#3495 = AXIS2_PLACEMENT_3D('',#3496,#3497,#3498);
#3496 = CARTESIAN_POINT('',(136.9714,-66.564,-4.6E-02));
#3497 = DIRECTION('',(-0.,-0.,-1.));
#3498 = DIRECTION('',(-6.993530863781E-14,-1.,0.));
#3499 = DEFINITIONAL_REPRESENTATION('',(#3500),#3504);
#3500 = LINE('',#3501,#3502);
#3501 = CARTESIAN_POINT('',(0.,-1.556));
#3502 = VECTOR('',#3503,1.);
#3503 = DIRECTION('',(1.,0.));
#3504 = ( GEOMETRIC_REPRESENTATION_CONTEXT(2) 
PARAMETRIC_REPRESENTATION_CONTEXT() REPRESENTATION_CONTEXT('2D SPACE',''
  ) );
#3505 = FACE_BOUND('',#3506,.T.);
#3506 = EDGE_LOOP('',(#3507));
#3507 = ORIENTED_EDGE('',*,*,#3508,.T.);
#3508 = EDGE_CURVE('',#3509,#3509,#3511,.T.);
#3509 = VERTEX_POINT('',#3510);
#3510 = CARTESIAN_POINT('',(136.9714,-64.4304,1.51));
#3511 = SURFACE_CURVE('',#3512,(#3517,#3528),.PCURVE_S1.);
#3512 = CIRCLE('',#3513,0.4064);
#3513 = AXIS2_PLACEMENT_3D('',#3514,#3515,#3516);
#3514 = CARTESIAN_POINT('',(136.9714,-64.024,1.51));
#3515 = DIRECTION('',(-0.,0.,-1.));
#3516 = DIRECTION('',(-6.993530863781E-14,-1.,0.));
#3517 = PCURVE('',#33,#3518);
#3518 = DEFINITIONAL_REPRESENTATION('',(#3519),#3527);
#3519 = ( BOUNDED_CURVE() B_SPLINE_CURVE(2,(#3520,#3521,#3522,#3523,
#3524,#3525,#3526),.UNSPECIFIED.,.T.,.F.) B_SPLINE_CURVE_WITH_KNOTS((1,2
    ,2,2,2,1),(-2.094395102393,0.,2.094395102393,4.188790204786,
6.28318530718,8.377580409573),.UNSPECIFIED.) CURVE() 
GEOMETRIC_REPRESENTATION_ITEM() RATIONAL_B_SPLINE_CURVE((1.,0.5,1.,0.5,
1.,0.5,1.)) REPRESENTATION_ITEM('') );
#3520 = CARTESIAN_POINT('',(136.9714,-64.4304));
#3521 = CARTESIAN_POINT('',(136.2674945518,-64.4304));
#3522 = CARTESIAN_POINT('',(136.6194472759,-63.8208));
#3523 = CARTESIAN_POINT('',(136.9714,-63.2112));
#3524 = CARTESIAN_POINT('',(137.32335272409,-63.8208));
#3525 = CARTESIAN_POINT('',(137.67530544819,-64.4304));
#3526 = CARTESIAN_POINT('',(136.9714,-64.4304));
#3527 = ( GEOMETRIC_REPRESENTATION_CONTEXT(2) 
PARAMETRIC_REPRESENTATION_CONTEXT() REPRESENTATION_CONTEXT('2D SPACE',''
  ) );
#3528 = PCURVE('',#3529,#3534);
#3529 = CYLINDRICAL_SURFACE('',#3530,0.4064);
#3530 = AXIS2_PLACEMENT_3D('',#3531,#3532,#3533);
#3531 = CARTESIAN_POINT('',(136.9714,-64.024,-4.6E-02));
#3532 = DIRECTION('',(-0.,-0.,-1.));
#3533 = DIRECTION('',(-6.993530863781E-14,-1.,0.));
#3534 = DEFINITIONAL_REPRESENTATION('',(#3535),#3539);
#3535 = LINE('',#3536,#3537);
#3536 = CARTESIAN_POINT('',(0.,-1.556));
#3537 = VECTOR('',#3538,1.);
#3538 = DIRECTION('',(1.,0.));
#3539 = ( GEOMETRIC_REPRESENTATION_CONTEXT(2) 
PARAMETRIC_REPRESENTATION_CONTEXT() REPRESENTATION_CONTEXT('2D SPACE',''
  ) );
#3540 = FACE_BOUND('',#3541,.T.);
#3541 = EDGE_LOOP('',(#3542));
#3542 = ORIENTED_EDGE('',*,*,#3543,.T.);
#3543 = EDGE_CURVE('',#3544,#3544,#3546,.T.);
#3544 = VERTEX_POINT('',#3545);
#3545 = CARTESIAN_POINT('',(136.9714,-61.8904,1.51));
#3546 = SURFACE_CURVE('',#3547,(#3552,#3563),.PCURVE_S1.);
#3547 = CIRCLE('',#3548,0.4064);
#3548 = AXIS2_PLACEMENT_3D('',#3549,#3550,#3551);
#3549 = CARTESIAN_POINT('',(136.9714,-61.484,1.51));
#3550 = DIRECTION('',(-0.,0.,-1.));
#3551 = DIRECTION('',(-6.993530863781E-14,-1.,0.));
#3552 = PCURVE('',#33,#3553);
#3553 = DEFINITIONAL_REPRESENTATION('',(#3554),#3562);
#3554 = ( BOUNDED_CURVE() B_SPLINE_CURVE(2,(#3555,#3556,#3557,#3558,
#3559,#3560,#3561),.UNSPECIFIED.,.T.,.F.) B_SPLINE_CURVE_WITH_KNOTS((1,2
    ,2,2,2,1),(-2.094395102393,0.,2.094395102393,4.188790204786,
6.28318530718,8.377580409573),.UNSPECIFIED.) CURVE() 
GEOMETRIC_REPRESENTATION_ITEM() RATIONAL_B_SPLINE_CURVE((1.,0.5,1.,0.5,
1.,0.5,1.)) REPRESENTATION_ITEM('') );
#3555 = CARTESIAN_POINT('',(136.9714,-61.8904));
#3556 = CARTESIAN_POINT('',(136.2674945518,-61.8904));
#3557 = CARTESIAN_POINT('',(136.6194472759,-61.2808));
#3558 = CARTESIAN_POINT('',(136.9714,-60.6712));
#3559 = CARTESIAN_POINT('',(137.32335272409,-61.2808));
#3560 = CARTESIAN_POINT('',(137.67530544819,-61.8904));
#3561 = CARTESIAN_POINT('',(136.9714,-61.8904));
#3562 = ( GEOMETRIC_REPRESENTATION_CONTEXT(2) 
PARAMETRIC_REPRESENTATION_CONTEXT() REPRESENTATION_CONTEXT('2D SPACE',''
  ) );
#3563 = PCURVE('',#3564,#3569);
#3564 = CYLINDRICAL_SURFACE('',#3565,0.4064);
#3565 = AXIS2_PLACEMENT_3D('',#3566,#3567,#3568);
#3566 = CARTESIAN_POINT('',(136.9714,-61.484,-4.6E-02));
#3567 = DIRECTION('',(-0.,-0.,-1.));
#3568 = DIRECTION('',(-6.993530863781E-14,-1.,0.));
#3569 = DEFINITIONAL_REPRESENTATION('',(#3570),#3574);
#3570 = LINE('',#3571,#3572);
#3571 = CARTESIAN_POINT('',(0.,-1.556));
#3572 = VECTOR('',#3573,1.);
#3573 = DIRECTION('',(1.,0.));
#3574 = ( GEOMETRIC_REPRESENTATION_CONTEXT(2) 
PARAMETRIC_REPRESENTATION_CONTEXT() REPRESENTATION_CONTEXT('2D SPACE',''
  ) );
#3575 = FACE_BOUND('',#3576,.T.);
#3576 = EDGE_LOOP('',(#3577));
#3577 = ORIENTED_EDGE('',*,*,#3578,.T.);
#3578 = EDGE_CURVE('',#3579,#3579,#3581,.T.);
#3579 = VERTEX_POINT('',#3580);
#3580 = CARTESIAN_POINT('',(152.1914,-69.5104,1.51));
#3581 = SURFACE_CURVE('',#3582,(#3587,#3598),.PCURVE_S1.);
#3582 = CIRCLE('',#3583,0.4064);
#3583 = AXIS2_PLACEMENT_3D('',#3584,#3585,#3586);
#3584 = CARTESIAN_POINT('',(152.1914,-69.104,1.51));
#3585 = DIRECTION('',(-0.,-0.,-1.));
#3586 = DIRECTION('',(0.,-1.,0.));
#3587 = PCURVE('',#33,#3588);
#3588 = DEFINITIONAL_REPRESENTATION('',(#3589),#3597);
#3589 = ( BOUNDED_CURVE() B_SPLINE_CURVE(2,(#3590,#3591,#3592,#3593,
#3594,#3595,#3596),.UNSPECIFIED.,.T.,.F.) B_SPLINE_CURVE_WITH_KNOTS((1,2
    ,2,2,2,1),(-2.094395102393,0.,2.094395102393,4.188790204786,
6.28318530718,8.377580409573),.UNSPECIFIED.) CURVE() 
GEOMETRIC_REPRESENTATION_ITEM() RATIONAL_B_SPLINE_CURVE((1.,0.5,1.,0.5,
1.,0.5,1.)) REPRESENTATION_ITEM('') );
#3590 = CARTESIAN_POINT('',(152.1914,-69.5104));
#3591 = CARTESIAN_POINT('',(151.4874945518,-69.5104));
#3592 = CARTESIAN_POINT('',(151.8394472759,-68.9008));
#3593 = CARTESIAN_POINT('',(152.1914,-68.2912));
#3594 = CARTESIAN_POINT('',(152.54335272409,-68.9008));
#3595 = CARTESIAN_POINT('',(152.89530544819,-69.5104));
#3596 = CARTESIAN_POINT('',(152.1914,-69.5104));
#3597 = ( GEOMETRIC_REPRESENTATION_CONTEXT(2) 
PARAMETRIC_REPRESENTATION_CONTEXT() REPRESENTATION_CONTEXT('2D SPACE',''
  ) );
#3598 = PCURVE('',#3599,#3604);
#3599 = CYLINDRICAL_SURFACE('',#3600,0.4064);
#3600 = AXIS2_PLACEMENT_3D('',#3601,#3602,#3603);
#3601 = CARTESIAN_POINT('',(152.1914,-69.104,-4.6E-02));
#3602 = DIRECTION('',(-0.,-0.,-1.));
#3603 = DIRECTION('',(0.,-1.,0.));
#3604 = DEFINITIONAL_REPRESENTATION('',(#3605),#3609);
#3605 = LINE('',#3606,#3607);
#3606 = CARTESIAN_POINT('',(0.,-1.556));
#3607 = VECTOR('',#3608,1.);
#3608 = DIRECTION('',(1.,0.));
#3609 = ( GEOMETRIC_REPRESENTATION_CONTEXT(2) 
PARAMETRIC_REPRESENTATION_CONTEXT() REPRESENTATION_CONTEXT('2D SPACE',''
  ) );
#3610 = FACE_BOUND('',#3611,.T.);
#3611 = EDGE_LOOP('',(#3612));
#3612 = ORIENTED_EDGE('',*,*,#3613,.T.);
#3613 = EDGE_CURVE('',#3614,#3614,#3616,.T.);
#3614 = VERTEX_POINT('',#3615);
#3615 = CARTESIAN_POINT('',(152.1914,-66.9704,1.51));
#3616 = SURFACE_CURVE('',#3617,(#3622,#3633),.PCURVE_S1.);
#3617 = CIRCLE('',#3618,0.4064);
#3618 = AXIS2_PLACEMENT_3D('',#3619,#3620,#3621);
#3619 = CARTESIAN_POINT('',(152.1914,-66.564,1.51));
#3620 = DIRECTION('',(-0.,-0.,-1.));
#3621 = DIRECTION('',(0.,-1.,0.));
#3622 = PCURVE('',#33,#3623);
#3623 = DEFINITIONAL_REPRESENTATION('',(#3624),#3632);
#3624 = ( BOUNDED_CURVE() B_SPLINE_CURVE(2,(#3625,#3626,#3627,#3628,
#3629,#3630,#3631),.UNSPECIFIED.,.T.,.F.) B_SPLINE_CURVE_WITH_KNOTS((1,2
    ,2,2,2,1),(-2.094395102393,0.,2.094395102393,4.188790204786,
6.28318530718,8.377580409573),.UNSPECIFIED.) CURVE() 
GEOMETRIC_REPRESENTATION_ITEM() RATIONAL_B_SPLINE_CURVE((1.,0.5,1.,0.5,
1.,0.5,1.)) REPRESENTATION_ITEM('') );
#3625 = CARTESIAN_POINT('',(152.1914,-66.9704));
#3626 = CARTESIAN_POINT('',(151.4874945518,-66.9704));
#3627 = CARTESIAN_POINT('',(151.8394472759,-66.3608));
#3628 = CARTESIAN_POINT('',(152.1914,-65.7512));
#3629 = CARTESIAN_POINT('',(152.54335272409,-66.3608));
#3630 = CARTESIAN_POINT('',(152.89530544819,-66.9704));
#3631 = CARTESIAN_POINT('',(152.1914,-66.9704));
#3632 = ( GEOMETRIC_REPRESENTATION_CONTEXT(2) 
PARAMETRIC_REPRESENTATION_CONTEXT() REPRESENTATION_CONTEXT('2D SPACE',''
  ) );
#3633 = PCURVE('',#3634,#3639);
#3634 = CYLINDRICAL_SURFACE('',#3635,0.4064);
#3635 = AXIS2_PLACEMENT_3D('',#3636,#3637,#3638);
#3636 = CARTESIAN_POINT('',(152.1914,-66.564,-4.6E-02));
#3637 = DIRECTION('',(-0.,-0.,-1.));
#3638 = DIRECTION('',(0.,-1.,0.));
#3639 = DEFINITIONAL_REPRESENTATION('',(#3640),#3644);
#3640 = LINE('',#3641,#3642);
#3641 = CARTESIAN_POINT('',(0.,-1.556));
#3642 = VECTOR('',#3643,1.);
#3643 = DIRECTION('',(1.,0.));
#3644 = ( GEOMETRIC_REPRESENTATION_CONTEXT(2) 
PARAMETRIC_REPRESENTATION_CONTEXT() REPRESENTATION_CONTEXT('2D SPACE',''
  ) );
#3645 = FACE_BOUND('',#3646,.T.);
#3646 = EDGE_LOOP('',(#3647));
#3647 = ORIENTED_EDGE('',*,*,#3648,.T.);
#3648 = EDGE_CURVE('',#3649,#3649,#3651,.T.);
#3649 = VERTEX_POINT('',#3650);
#3650 = CARTESIAN_POINT('',(163.478,-67.749,1.51));
#3651 = SURFACE_CURVE('',#3652,(#3657,#3668),.PCURVE_S1.);
#3652 = CIRCLE('',#3653,0.635);
#3653 = AXIS2_PLACEMENT_3D('',#3654,#3655,#3656);
#3654 = CARTESIAN_POINT('',(163.478,-67.114,1.51));
#3655 = DIRECTION('',(-0.,-0.,-1.));
#3656 = DIRECTION('',(0.,-1.,0.));
#3657 = PCURVE('',#33,#3658);
#3658 = DEFINITIONAL_REPRESENTATION('',(#3659),#3667);
#3659 = ( BOUNDED_CURVE() B_SPLINE_CURVE(2,(#3660,#3661,#3662,#3663,
#3664,#3665,#3666),.UNSPECIFIED.,.T.,.F.) B_SPLINE_CURVE_WITH_KNOTS((1,2
    ,2,2,2,1),(-2.094395102393,0.,2.094395102393,4.188790204786,
6.28318530718,8.377580409573),.UNSPECIFIED.) CURVE() 
GEOMETRIC_REPRESENTATION_ITEM() RATIONAL_B_SPLINE_CURVE((1.,0.5,1.,0.5,
1.,0.5,1.)) REPRESENTATION_ITEM('') );
#3660 = CARTESIAN_POINT('',(163.478,-67.749));
#3661 = CARTESIAN_POINT('',(162.37814773719,-67.749));
#3662 = CARTESIAN_POINT('',(162.92807386859,-66.7965));
#3663 = CARTESIAN_POINT('',(163.478,-65.844));
#3664 = CARTESIAN_POINT('',(164.0279261314,-66.7965));
#3665 = CARTESIAN_POINT('',(164.5778522628,-67.749));
#3666 = CARTESIAN_POINT('',(163.478,-67.749));
#3667 = ( GEOMETRIC_REPRESENTATION_CONTEXT(2) 
PARAMETRIC_REPRESENTATION_CONTEXT() REPRESENTATION_CONTEXT('2D SPACE',''
  ) );
#3668 = PCURVE('',#3669,#3674);
#3669 = CYLINDRICAL_SURFACE('',#3670,0.635);
#3670 = AXIS2_PLACEMENT_3D('',#3671,#3672,#3673);
#3671 = CARTESIAN_POINT('',(163.478,-67.114,-4.6E-02));
#3672 = DIRECTION('',(-0.,-0.,-1.));
#3673 = DIRECTION('',(0.,-1.,0.));
#3674 = DEFINITIONAL_REPRESENTATION('',(#3675),#3679);
#3675 = LINE('',#3676,#3677);
#3676 = CARTESIAN_POINT('',(0.,-1.556));
#3677 = VECTOR('',#3678,1.);
#3678 = DIRECTION('',(1.,0.));
#3679 = ( GEOMETRIC_REPRESENTATION_CONTEXT(2) 
PARAMETRIC_REPRESENTATION_CONTEXT() REPRESENTATION_CONTEXT('2D SPACE',''
  ) );
#3680 = FACE_BOUND('',#3681,.T.);
#3681 = EDGE_LOOP('',(#3682));
#3682 = ORIENTED_EDGE('',*,*,#3683,.T.);
#3683 = EDGE_CURVE('',#3684,#3684,#3686,.T.);
#3684 = VERTEX_POINT('',#3685);
#3685 = CARTESIAN_POINT('',(152.1914,-64.4304,1.51));
#3686 = SURFACE_CURVE('',#3687,(#3692,#3703),.PCURVE_S1.);
#3687 = CIRCLE('',#3688,0.4064);
#3688 = AXIS2_PLACEMENT_3D('',#3689,#3690,#3691);
#3689 = CARTESIAN_POINT('',(152.1914,-64.024,1.51));
#3690 = DIRECTION('',(-0.,-0.,-1.));
#3691 = DIRECTION('',(0.,-1.,0.));
#3692 = PCURVE('',#33,#3693);
#3693 = DEFINITIONAL_REPRESENTATION('',(#3694),#3702);
#3694 = ( BOUNDED_CURVE() B_SPLINE_CURVE(2,(#3695,#3696,#3697,#3698,
#3699,#3700,#3701),.UNSPECIFIED.,.T.,.F.) B_SPLINE_CURVE_WITH_KNOTS((1,2
    ,2,2,2,1),(-2.094395102393,0.,2.094395102393,4.188790204786,
6.28318530718,8.377580409573),.UNSPECIFIED.) CURVE() 
GEOMETRIC_REPRESENTATION_ITEM() RATIONAL_B_SPLINE_CURVE((1.,0.5,1.,0.5,
1.,0.5,1.)) REPRESENTATION_ITEM('') );
#3695 = CARTESIAN_POINT('',(152.1914,-64.4304));
#3696 = CARTESIAN_POINT('',(151.4874945518,-64.4304));
#3697 = CARTESIAN_POINT('',(151.8394472759,-63.8208));
#3698 = CARTESIAN_POINT('',(152.1914,-63.2112));
#3699 = CARTESIAN_POINT('',(152.54335272409,-63.8208));
#3700 = CARTESIAN_POINT('',(152.89530544819,-64.4304));
#3701 = CARTESIAN_POINT('',(152.1914,-64.4304));
#3702 = ( GEOMETRIC_REPRESENTATION_CONTEXT(2) 
PARAMETRIC_REPRESENTATION_CONTEXT() REPRESENTATION_CONTEXT('2D SPACE',''
  ) );
#3703 = PCURVE('',#3704,#3709);
#3704 = CYLINDRICAL_SURFACE('',#3705,0.4064);
#3705 = AXIS2_PLACEMENT_3D('',#3706,#3707,#3708);
#3706 = CARTESIAN_POINT('',(152.1914,-64.024,-4.6E-02));
#3707 = DIRECTION('',(-0.,-0.,-1.));
#3708 = DIRECTION('',(0.,-1.,0.));
#3709 = DEFINITIONAL_REPRESENTATION('',(#3710),#3714);
#3710 = LINE('',#3711,#3712);
#3711 = CARTESIAN_POINT('',(0.,-1.556));
#3712 = VECTOR('',#3713,1.);
#3713 = DIRECTION('',(1.,0.));
#3714 = ( GEOMETRIC_REPRESENTATION_CONTEXT(2) 
PARAMETRIC_REPRESENTATION_CONTEXT() REPRESENTATION_CONTEXT('2D SPACE',''
  ) );
#3715 = FACE_BOUND('',#3716,.T.);
#3716 = EDGE_LOOP('',(#3717));
#3717 = ORIENTED_EDGE('',*,*,#3718,.T.);
#3718 = EDGE_CURVE('',#3719,#3719,#3721,.T.);
#3719 = VERTEX_POINT('',#3720);
#3720 = CARTESIAN_POINT('',(152.1914,-61.8904,1.51));
#3721 = SURFACE_CURVE('',#3722,(#3727,#3738),.PCURVE_S1.);
#3722 = CIRCLE('',#3723,0.4064);
#3723 = AXIS2_PLACEMENT_3D('',#3724,#3725,#3726);
#3724 = CARTESIAN_POINT('',(152.1914,-61.484,1.51));
#3725 = DIRECTION('',(-0.,-0.,-1.));
#3726 = DIRECTION('',(0.,-1.,0.));
#3727 = PCURVE('',#33,#3728);
#3728 = DEFINITIONAL_REPRESENTATION('',(#3729),#3737);
#3729 = ( BOUNDED_CURVE() B_SPLINE_CURVE(2,(#3730,#3731,#3732,#3733,
#3734,#3735,#3736),.UNSPECIFIED.,.T.,.F.) B_SPLINE_CURVE_WITH_KNOTS((1,2
    ,2,2,2,1),(-2.094395102393,0.,2.094395102393,4.188790204786,
6.28318530718,8.377580409573),.UNSPECIFIED.) CURVE() 
GEOMETRIC_REPRESENTATION_ITEM() RATIONAL_B_SPLINE_CURVE((1.,0.5,1.,0.5,
1.,0.5,1.)) REPRESENTATION_ITEM('') );
#3730 = CARTESIAN_POINT('',(152.1914,-61.8904));
#3731 = CARTESIAN_POINT('',(151.4874945518,-61.8904));
#3732 = CARTESIAN_POINT('',(151.8394472759,-61.2808));
#3733 = CARTESIAN_POINT('',(152.1914,-60.6712));
#3734 = CARTESIAN_POINT('',(152.54335272409,-61.2808));
#3735 = CARTESIAN_POINT('',(152.89530544819,-61.8904));
#3736 = CARTESIAN_POINT('',(152.1914,-61.8904));
#3737 = ( GEOMETRIC_REPRESENTATION_CONTEXT(2) 
PARAMETRIC_REPRESENTATION_CONTEXT() REPRESENTATION_CONTEXT('2D SPACE',''
  ) );
#3738 = PCURVE('',#3739,#3744);
#3739 = CYLINDRICAL_SURFACE('',#3740,0.4064);
#3740 = AXIS2_PLACEMENT_3D('',#3741,#3742,#3743);
#3741 = CARTESIAN_POINT('',(152.1914,-61.484,-4.6E-02));
#3742 = DIRECTION('',(-0.,-0.,-1.));
#3743 = DIRECTION('',(0.,-1.,0.));
#3744 = DEFINITIONAL_REPRESENTATION('',(#3745),#3749);
#3745 = LINE('',#3746,#3747);
#3746 = CARTESIAN_POINT('',(0.,-1.556));
#3747 = VECTOR('',#3748,1.);
#3748 = DIRECTION('',(1.,0.));
#3749 = ( GEOMETRIC_REPRESENTATION_CONTEXT(2) 
PARAMETRIC_REPRESENTATION_CONTEXT() REPRESENTATION_CONTEXT('2D SPACE',''
  ) );
#3750 = FACE_BOUND('',#3751,.T.);
#3751 = EDGE_LOOP('',(#3752));
#3752 = ORIENTED_EDGE('',*,*,#3753,.T.);
#3753 = EDGE_CURVE('',#3754,#3754,#3756,.T.);
#3754 = VERTEX_POINT('',#3755);
#3755 = CARTESIAN_POINT('',(158.478,-65.649,1.51));
#3756 = SURFACE_CURVE('',#3757,(#3762,#3773),.PCURVE_S1.);
#3757 = CIRCLE('',#3758,0.635);
#3758 = AXIS2_PLACEMENT_3D('',#3759,#3760,#3761);
#3759 = CARTESIAN_POINT('',(158.478,-65.014,1.51));
#3760 = DIRECTION('',(-0.,-0.,-1.));
#3761 = DIRECTION('',(0.,-1.,0.));
#3762 = PCURVE('',#33,#3763);
#3763 = DEFINITIONAL_REPRESENTATION('',(#3764),#3772);
#3764 = ( BOUNDED_CURVE() B_SPLINE_CURVE(2,(#3765,#3766,#3767,#3768,
#3769,#3770,#3771),.UNSPECIFIED.,.T.,.F.) B_SPLINE_CURVE_WITH_KNOTS((1,2
    ,2,2,2,1),(-2.094395102393,0.,2.094395102393,4.188790204786,
6.28318530718,8.377580409573),.UNSPECIFIED.) CURVE() 
GEOMETRIC_REPRESENTATION_ITEM() RATIONAL_B_SPLINE_CURVE((1.,0.5,1.,0.5,
1.,0.5,1.)) REPRESENTATION_ITEM('') );
#3765 = CARTESIAN_POINT('',(158.478,-65.649));
#3766 = CARTESIAN_POINT('',(157.37814773719,-65.649));
#3767 = CARTESIAN_POINT('',(157.92807386859,-64.6965));
#3768 = CARTESIAN_POINT('',(158.478,-63.744));
#3769 = CARTESIAN_POINT('',(159.0279261314,-64.6965));
#3770 = CARTESIAN_POINT('',(159.5778522628,-65.649));
#3771 = CARTESIAN_POINT('',(158.478,-65.649));
#3772 = ( GEOMETRIC_REPRESENTATION_CONTEXT(2) 
PARAMETRIC_REPRESENTATION_CONTEXT() REPRESENTATION_CONTEXT('2D SPACE',''
  ) );
#3773 = PCURVE('',#3774,#3779);
#3774 = CYLINDRICAL_SURFACE('',#3775,0.635);
#3775 = AXIS2_PLACEMENT_3D('',#3776,#3777,#3778);
#3776 = CARTESIAN_POINT('',(158.478,-65.014,-4.6E-02));
#3777 = DIRECTION('',(-0.,-0.,-1.));
#3778 = DIRECTION('',(0.,-1.,0.));
#3779 = DEFINITIONAL_REPRESENTATION('',(#3780),#3784);
#3780 = LINE('',#3781,#3782);
#3781 = CARTESIAN_POINT('',(0.,-1.556));
#3782 = VECTOR('',#3783,1.);
#3783 = DIRECTION('',(1.,0.));
#3784 = ( GEOMETRIC_REPRESENTATION_CONTEXT(2) 
PARAMETRIC_REPRESENTATION_CONTEXT() REPRESENTATION_CONTEXT('2D SPACE',''
  ) );
#3785 = FACE_BOUND('',#3786,.T.);
#3786 = EDGE_LOOP('',(#3787));
#3787 = ORIENTED_EDGE('',*,*,#3788,.T.);
#3788 = EDGE_CURVE('',#3789,#3789,#3791,.T.);
#3789 = VERTEX_POINT('',#3790);
#3790 = CARTESIAN_POINT('',(157.978,-62.0649,1.51));
#3791 = SURFACE_CURVE('',#3792,(#3797,#3808),.PCURVE_S1.);
#3792 = CIRCLE('',#3793,0.8509);
#3793 = AXIS2_PLACEMENT_3D('',#3794,#3795,#3796);
#3794 = CARTESIAN_POINT('',(157.978,-61.214,1.51));
#3795 = DIRECTION('',(-0.,-0.,-1.));
#3796 = DIRECTION('',(0.,-1.,0.));
#3797 = PCURVE('',#33,#3798);
#3798 = DEFINITIONAL_REPRESENTATION('',(#3799),#3807);
#3799 = ( BOUNDED_CURVE() B_SPLINE_CURVE(2,(#3800,#3801,#3802,#3803,
#3804,#3805,#3806),.UNSPECIFIED.,.T.,.F.) B_SPLINE_CURVE_WITH_KNOTS((1,2
    ,2,2,2,1),(-2.094395102393,0.,2.094395102393,4.188790204786,
6.28318530718,8.377580409573),.UNSPECIFIED.) CURVE() 
GEOMETRIC_REPRESENTATION_ITEM() RATIONAL_B_SPLINE_CURVE((1.,0.5,1.,0.5,
1.,0.5,1.)) REPRESENTATION_ITEM('') );
#3800 = CARTESIAN_POINT('',(157.978,-62.0649));
#3801 = CARTESIAN_POINT('',(156.50419796784,-62.0649));
#3802 = CARTESIAN_POINT('',(157.24109898392,-60.78855));
#3803 = CARTESIAN_POINT('',(157.978,-59.5122));
#3804 = CARTESIAN_POINT('',(158.71490101608,-60.78855));
#3805 = CARTESIAN_POINT('',(159.45180203216,-62.0649));
#3806 = CARTESIAN_POINT('',(157.978,-62.0649));
#3807 = ( GEOMETRIC_REPRESENTATION_CONTEXT(2) 
PARAMETRIC_REPRESENTATION_CONTEXT() REPRESENTATION_CONTEXT('2D SPACE',''
  ) );
#3808 = PCURVE('',#3809,#3814);
#3809 = CYLINDRICAL_SURFACE('',#3810,0.8509);
#3810 = AXIS2_PLACEMENT_3D('',#3811,#3812,#3813);
#3811 = CARTESIAN_POINT('',(157.978,-61.214,-4.6E-02));
#3812 = DIRECTION('',(-0.,-0.,-1.));
#3813 = DIRECTION('',(0.,-1.,0.));
#3814 = DEFINITIONAL_REPRESENTATION('',(#3815),#3819);
#3815 = LINE('',#3816,#3817);
#3816 = CARTESIAN_POINT('',(0.,-1.556));
#3817 = VECTOR('',#3818,1.);
#3818 = DIRECTION('',(1.,0.));
#3819 = ( GEOMETRIC_REPRESENTATION_CONTEXT(2) 
PARAMETRIC_REPRESENTATION_CONTEXT() REPRESENTATION_CONTEXT('2D SPACE',''
  ) );
#3820 = FACE_BOUND('',#3821,.T.);
#3821 = EDGE_LOOP('',(#3822));
#3822 = ORIENTED_EDGE('',*,*,#3823,.T.);
#3823 = EDGE_CURVE('',#3824,#3824,#3826,.T.);
#3824 = VERTEX_POINT('',#3825);
#3825 = CARTESIAN_POINT('',(163.478,-62.9285,1.51));
#3826 = SURFACE_CURVE('',#3827,(#3832,#3843),.PCURVE_S1.);
#3827 = CIRCLE('',#3828,1.7145);
#3828 = AXIS2_PLACEMENT_3D('',#3829,#3830,#3831);
#3829 = CARTESIAN_POINT('',(163.478,-61.214,1.51));
#3830 = DIRECTION('',(-0.,-0.,-1.));
#3831 = DIRECTION('',(0.,-1.,0.));
#3832 = PCURVE('',#33,#3833);
#3833 = DEFINITIONAL_REPRESENTATION('',(#3834),#3842);
#3834 = ( BOUNDED_CURVE() B_SPLINE_CURVE(2,(#3835,#3836,#3837,#3838,
#3839,#3840,#3841),.UNSPECIFIED.,.T.,.F.) B_SPLINE_CURVE_WITH_KNOTS((1,2
    ,2,2,2,1),(-2.094395102393,0.,2.094395102393,4.188790204786,
6.28318530718,8.377580409573),.UNSPECIFIED.) CURVE() 
GEOMETRIC_REPRESENTATION_ITEM() RATIONAL_B_SPLINE_CURVE((1.,0.5,1.,0.5,
1.,0.5,1.)) REPRESENTATION_ITEM('') );
#3835 = CARTESIAN_POINT('',(163.478,-62.9285));
#3836 = CARTESIAN_POINT('',(160.50839889042,-62.9285));
#3837 = CARTESIAN_POINT('',(161.99319944521,-60.35675));
#3838 = CARTESIAN_POINT('',(163.478,-57.785));
#3839 = CARTESIAN_POINT('',(164.96280055478,-60.35675));
#3840 = CARTESIAN_POINT('',(166.44760110957,-62.9285));
#3841 = CARTESIAN_POINT('',(163.478,-62.9285));
#3842 = ( GEOMETRIC_REPRESENTATION_CONTEXT(2) 
PARAMETRIC_REPRESENTATION_CONTEXT() REPRESENTATION_CONTEXT('2D SPACE',''
  ) );
#3843 = PCURVE('',#3844,#3849);
#3844 = CYLINDRICAL_SURFACE('',#3845,1.7145);
#3845 = AXIS2_PLACEMENT_3D('',#3846,#3847,#3848);
#3846 = CARTESIAN_POINT('',(163.478,-61.214,-4.6E-02));
#3847 = DIRECTION('',(-0.,-0.,-1.));
#3848 = DIRECTION('',(0.,-1.,0.));
#3849 = DEFINITIONAL_REPRESENTATION('',(#3850),#3854);
#3850 = LINE('',#3851,#3852);
#3851 = CARTESIAN_POINT('',(0.,-1.556));
#3852 = VECTOR('',#3853,1.);
#3853 = DIRECTION('',(1.,0.));
#3854 = ( GEOMETRIC_REPRESENTATION_CONTEXT(2) 
PARAMETRIC_REPRESENTATION_CONTEXT() REPRESENTATION_CONTEXT('2D SPACE',''
  ) );
#3855 = FACE_BOUND('',#3856,.T.);
#3856 = EDGE_LOOP('',(#3857));
#3857 = ORIENTED_EDGE('',*,*,#3858,.T.);
#3858 = EDGE_CURVE('',#3859,#3859,#3861,.T.);
#3859 = VERTEX_POINT('',#3860);
#3860 = CARTESIAN_POINT('',(136.9714,-59.3504,1.51));
#3861 = SURFACE_CURVE('',#3862,(#3867,#3878),.PCURVE_S1.);
#3862 = CIRCLE('',#3863,0.4064);
#3863 = AXIS2_PLACEMENT_3D('',#3864,#3865,#3866);
#3864 = CARTESIAN_POINT('',(136.9714,-58.944,1.51));
#3865 = DIRECTION('',(-0.,0.,-1.));
#3866 = DIRECTION('',(-6.993530863781E-14,-1.,0.));
#3867 = PCURVE('',#33,#3868);
#3868 = DEFINITIONAL_REPRESENTATION('',(#3869),#3877);
#3869 = ( BOUNDED_CURVE() B_SPLINE_CURVE(2,(#3870,#3871,#3872,#3873,
#3874,#3875,#3876),.UNSPECIFIED.,.T.,.F.) B_SPLINE_CURVE_WITH_KNOTS((1,2
    ,2,2,2,1),(-2.094395102393,0.,2.094395102393,4.188790204786,
6.28318530718,8.377580409573),.UNSPECIFIED.) CURVE() 
GEOMETRIC_REPRESENTATION_ITEM() RATIONAL_B_SPLINE_CURVE((1.,0.5,1.,0.5,
1.,0.5,1.)) REPRESENTATION_ITEM('') );
#3870 = CARTESIAN_POINT('',(136.9714,-59.3504));
#3871 = CARTESIAN_POINT('',(136.2674945518,-59.3504));
#3872 = CARTESIAN_POINT('',(136.6194472759,-58.7408));
#3873 = CARTESIAN_POINT('',(136.9714,-58.1312));
#3874 = CARTESIAN_POINT('',(137.32335272409,-58.7408));
#3875 = CARTESIAN_POINT('',(137.67530544819,-59.3504));
#3876 = CARTESIAN_POINT('',(136.9714,-59.3504));
#3877 = ( GEOMETRIC_REPRESENTATION_CONTEXT(2) 
PARAMETRIC_REPRESENTATION_CONTEXT() REPRESENTATION_CONTEXT('2D SPACE',''
  ) );
#3878 = PCURVE('',#3879,#3884);
#3879 = CYLINDRICAL_SURFACE('',#3880,0.4064);
#3880 = AXIS2_PLACEMENT_3D('',#3881,#3882,#3883);
#3881 = CARTESIAN_POINT('',(136.9714,-58.944,-4.6E-02));
#3882 = DIRECTION('',(-0.,-0.,-1.));
#3883 = DIRECTION('',(-6.993530863781E-14,-1.,0.));
#3884 = DEFINITIONAL_REPRESENTATION('',(#3885),#3889);
#3885 = LINE('',#3886,#3887);
#3886 = CARTESIAN_POINT('',(0.,-1.556));
#3887 = VECTOR('',#3888,1.);
#3888 = DIRECTION('',(1.,0.));
#3889 = ( GEOMETRIC_REPRESENTATION_CONTEXT(2) 
PARAMETRIC_REPRESENTATION_CONTEXT() REPRESENTATION_CONTEXT('2D SPACE',''
  ) );
#3890 = FACE_BOUND('',#3891,.T.);
#3891 = EDGE_LOOP('',(#3892));
#3892 = ORIENTED_EDGE('',*,*,#3893,.T.);
#3893 = EDGE_CURVE('',#3894,#3894,#3896,.T.);
#3894 = VERTEX_POINT('',#3895);
#3895 = CARTESIAN_POINT('',(136.9714,-56.8104,1.51));
#3896 = SURFACE_CURVE('',#3897,(#3902,#3913),.PCURVE_S1.);
#3897 = CIRCLE('',#3898,0.4064);
#3898 = AXIS2_PLACEMENT_3D('',#3899,#3900,#3901);
#3899 = CARTESIAN_POINT('',(136.9714,-56.404,1.51));
#3900 = DIRECTION('',(-0.,0.,-1.));
#3901 = DIRECTION('',(-6.993530863781E-14,-1.,0.));
#3902 = PCURVE('',#33,#3903);
#3903 = DEFINITIONAL_REPRESENTATION('',(#3904),#3912);
#3904 = ( BOUNDED_CURVE() B_SPLINE_CURVE(2,(#3905,#3906,#3907,#3908,
#3909,#3910,#3911),.UNSPECIFIED.,.T.,.F.) B_SPLINE_CURVE_WITH_KNOTS((1,2
    ,2,2,2,1),(-2.094395102393,0.,2.094395102393,4.188790204786,
6.28318530718,8.377580409573),.UNSPECIFIED.) CURVE() 
GEOMETRIC_REPRESENTATION_ITEM() RATIONAL_B_SPLINE_CURVE((1.,0.5,1.,0.5,
1.,0.5,1.)) REPRESENTATION_ITEM('') );
#3905 = CARTESIAN_POINT('',(136.9714,-56.8104));
#3906 = CARTESIAN_POINT('',(136.2674945518,-56.8104));
#3907 = CARTESIAN_POINT('',(136.6194472759,-56.2008));
#3908 = CARTESIAN_POINT('',(136.9714,-55.5912));
#3909 = CARTESIAN_POINT('',(137.32335272409,-56.2008));
#3910 = CARTESIAN_POINT('',(137.67530544819,-56.8104));
#3911 = CARTESIAN_POINT('',(136.9714,-56.8104));
#3912 = ( GEOMETRIC_REPRESENTATION_CONTEXT(2) 
PARAMETRIC_REPRESENTATION_CONTEXT() REPRESENTATION_CONTEXT('2D SPACE',''
  ) );
#3913 = PCURVE('',#3914,#3919);
#3914 = CYLINDRICAL_SURFACE('',#3915,0.4064);
#3915 = AXIS2_PLACEMENT_3D('',#3916,#3917,#3918);
#3916 = CARTESIAN_POINT('',(136.9714,-56.404,-4.6E-02));
#3917 = DIRECTION('',(-0.,-0.,-1.));
#3918 = DIRECTION('',(-6.993530863781E-14,-1.,0.));
#3919 = DEFINITIONAL_REPRESENTATION('',(#3920),#3924);
#3920 = LINE('',#3921,#3922);
#3921 = CARTESIAN_POINT('',(0.,-1.556));
#3922 = VECTOR('',#3923,1.);
#3923 = DIRECTION('',(1.,0.));
#3924 = ( GEOMETRIC_REPRESENTATION_CONTEXT(2) 
PARAMETRIC_REPRESENTATION_CONTEXT() REPRESENTATION_CONTEXT('2D SPACE',''
  ) );
#3925 = FACE_BOUND('',#3926,.T.);
#3926 = EDGE_LOOP('',(#3927));
#3927 = ORIENTED_EDGE('',*,*,#3928,.T.);
#3928 = EDGE_CURVE('',#3929,#3929,#3931,.T.);
#3929 = VERTEX_POINT('',#3930);
#3930 = CARTESIAN_POINT('',(136.9714,-54.2704,1.51));
#3931 = SURFACE_CURVE('',#3932,(#3937,#3948),.PCURVE_S1.);
#3932 = CIRCLE('',#3933,0.4064);
#3933 = AXIS2_PLACEMENT_3D('',#3934,#3935,#3936);
#3934 = CARTESIAN_POINT('',(136.9714,-53.864,1.51));
#3935 = DIRECTION('',(-0.,0.,-1.));
#3936 = DIRECTION('',(-6.993530863781E-14,-1.,0.));
#3937 = PCURVE('',#33,#3938);
#3938 = DEFINITIONAL_REPRESENTATION('',(#3939),#3947);
#3939 = ( BOUNDED_CURVE() B_SPLINE_CURVE(2,(#3940,#3941,#3942,#3943,
#3944,#3945,#3946),.UNSPECIFIED.,.T.,.F.) B_SPLINE_CURVE_WITH_KNOTS((1,2
    ,2,2,2,1),(-2.094395102393,0.,2.094395102393,4.188790204786,
6.28318530718,8.377580409573),.UNSPECIFIED.) CURVE() 
GEOMETRIC_REPRESENTATION_ITEM() RATIONAL_B_SPLINE_CURVE((1.,0.5,1.,0.5,
1.,0.5,1.)) REPRESENTATION_ITEM('') );
#3940 = CARTESIAN_POINT('',(136.9714,-54.2704));
#3941 = CARTESIAN_POINT('',(136.2674945518,-54.2704));
#3942 = CARTESIAN_POINT('',(136.6194472759,-53.6608));
#3943 = CARTESIAN_POINT('',(136.9714,-53.0512));
#3944 = CARTESIAN_POINT('',(137.32335272409,-53.6608));
#3945 = CARTESIAN_POINT('',(137.67530544819,-54.2704));
#3946 = CARTESIAN_POINT('',(136.9714,-54.2704));
#3947 = ( GEOMETRIC_REPRESENTATION_CONTEXT(2) 
PARAMETRIC_REPRESENTATION_CONTEXT() REPRESENTATION_CONTEXT('2D SPACE',''
  ) );
#3948 = PCURVE('',#3949,#3954);
#3949 = CYLINDRICAL_SURFACE('',#3950,0.4064);
#3950 = AXIS2_PLACEMENT_3D('',#3951,#3952,#3953);
#3951 = CARTESIAN_POINT('',(136.9714,-53.864,-4.6E-02));
#3952 = DIRECTION('',(-0.,-0.,-1.));
#3953 = DIRECTION('',(-6.993530863781E-14,-1.,0.));
#3954 = DEFINITIONAL_REPRESENTATION('',(#3955),#3959);
#3955 = LINE('',#3956,#3957);
#3956 = CARTESIAN_POINT('',(0.,-1.556));
#3957 = VECTOR('',#3958,1.);
#3958 = DIRECTION('',(1.,0.));
#3959 = ( GEOMETRIC_REPRESENTATION_CONTEXT(2) 
PARAMETRIC_REPRESENTATION_CONTEXT() REPRESENTATION_CONTEXT('2D SPACE',''
  ) );
#3960 = FACE_BOUND('',#3961,.T.);
#3961 = EDGE_LOOP('',(#3962));
#3962 = ORIENTED_EDGE('',*,*,#3963,.T.);
#3963 = EDGE_CURVE('',#3964,#3964,#3966,.T.);
#3964 = VERTEX_POINT('',#3965);
#3965 = CARTESIAN_POINT('',(136.9714,-51.7304,1.51));
#3966 = SURFACE_CURVE('',#3967,(#3972,#3983),.PCURVE_S1.);
#3967 = CIRCLE('',#3968,0.4064);
#3968 = AXIS2_PLACEMENT_3D('',#3969,#3970,#3971);
#3969 = CARTESIAN_POINT('',(136.9714,-51.324,1.51));
#3970 = DIRECTION('',(-0.,0.,-1.));
#3971 = DIRECTION('',(-6.993530863781E-14,-1.,0.));
#3972 = PCURVE('',#33,#3973);
#3973 = DEFINITIONAL_REPRESENTATION('',(#3974),#3982);
#3974 = ( BOUNDED_CURVE() B_SPLINE_CURVE(2,(#3975,#3976,#3977,#3978,
#3979,#3980,#3981),.UNSPECIFIED.,.T.,.F.) B_SPLINE_CURVE_WITH_KNOTS((1,2
    ,2,2,2,1),(-2.094395102393,0.,2.094395102393,4.188790204786,
6.28318530718,8.377580409573),.UNSPECIFIED.) CURVE() 
GEOMETRIC_REPRESENTATION_ITEM() RATIONAL_B_SPLINE_CURVE((1.,0.5,1.,0.5,
1.,0.5,1.)) REPRESENTATION_ITEM('') );
#3975 = CARTESIAN_POINT('',(136.9714,-51.7304));
#3976 = CARTESIAN_POINT('',(136.2674945518,-51.7304));
#3977 = CARTESIAN_POINT('',(136.6194472759,-51.1208));
#3978 = CARTESIAN_POINT('',(136.9714,-50.5112));
#3979 = CARTESIAN_POINT('',(137.32335272409,-51.1208));
#3980 = CARTESIAN_POINT('',(137.67530544819,-51.7304));
#3981 = CARTESIAN_POINT('',(136.9714,-51.7304));
#3982 = ( GEOMETRIC_REPRESENTATION_CONTEXT(2) 
PARAMETRIC_REPRESENTATION_CONTEXT() REPRESENTATION_CONTEXT('2D SPACE',''
  ) );
#3983 = PCURVE('',#3984,#3989);
#3984 = CYLINDRICAL_SURFACE('',#3985,0.4064);
#3985 = AXIS2_PLACEMENT_3D('',#3986,#3987,#3988);
#3986 = CARTESIAN_POINT('',(136.9714,-51.324,-4.6E-02));
#3987 = DIRECTION('',(-0.,-0.,-1.));
#3988 = DIRECTION('',(-6.993530863781E-14,-1.,0.));
#3989 = DEFINITIONAL_REPRESENTATION('',(#3990),#3994);
#3990 = LINE('',#3991,#3992);
#3991 = CARTESIAN_POINT('',(0.,-1.556));
#3992 = VECTOR('',#3993,1.);
#3993 = DIRECTION('',(1.,0.));
#3994 = ( GEOMETRIC_REPRESENTATION_CONTEXT(2) 
PARAMETRIC_REPRESENTATION_CONTEXT() REPRESENTATION_CONTEXT('2D SPACE',''
  ) );
#3995 = FACE_BOUND('',#3996,.T.);
#3996 = EDGE_LOOP('',(#3997));
#3997 = ORIENTED_EDGE('',*,*,#3998,.T.);
#3998 = EDGE_CURVE('',#3999,#3999,#4001,.T.);
#3999 = VERTEX_POINT('',#4000);
#4000 = CARTESIAN_POINT('',(152.1914,-59.3504,1.51));
#4001 = SURFACE_CURVE('',#4002,(#4007,#4018),.PCURVE_S1.);
#4002 = CIRCLE('',#4003,0.4064);
#4003 = AXIS2_PLACEMENT_3D('',#4004,#4005,#4006);
#4004 = CARTESIAN_POINT('',(152.1914,-58.944,1.51));
#4005 = DIRECTION('',(-0.,-0.,-1.));
#4006 = DIRECTION('',(0.,-1.,0.));
#4007 = PCURVE('',#33,#4008);
#4008 = DEFINITIONAL_REPRESENTATION('',(#4009),#4017);
#4009 = ( BOUNDED_CURVE() B_SPLINE_CURVE(2,(#4010,#4011,#4012,#4013,
#4014,#4015,#4016),.UNSPECIFIED.,.T.,.F.) B_SPLINE_CURVE_WITH_KNOTS((1,2
    ,2,2,2,1),(-2.094395102393,0.,2.094395102393,4.188790204786,
6.28318530718,8.377580409573),.UNSPECIFIED.) CURVE() 
GEOMETRIC_REPRESENTATION_ITEM() RATIONAL_B_SPLINE_CURVE((1.,0.5,1.,0.5,
1.,0.5,1.)) REPRESENTATION_ITEM('') );
#4010 = CARTESIAN_POINT('',(152.1914,-59.3504));
#4011 = CARTESIAN_POINT('',(151.4874945518,-59.3504));
#4012 = CARTESIAN_POINT('',(151.8394472759,-58.7408));
#4013 = CARTESIAN_POINT('',(152.1914,-58.1312));
#4014 = CARTESIAN_POINT('',(152.54335272409,-58.7408));
#4015 = CARTESIAN_POINT('',(152.89530544819,-59.3504));
#4016 = CARTESIAN_POINT('',(152.1914,-59.3504));
#4017 = ( GEOMETRIC_REPRESENTATION_CONTEXT(2) 
PARAMETRIC_REPRESENTATION_CONTEXT() REPRESENTATION_CONTEXT('2D SPACE',''
  ) );
#4018 = PCURVE('',#4019,#4024);
#4019 = CYLINDRICAL_SURFACE('',#4020,0.4064);
#4020 = AXIS2_PLACEMENT_3D('',#4021,#4022,#4023);
#4021 = CARTESIAN_POINT('',(152.1914,-58.944,-4.6E-02));
#4022 = DIRECTION('',(-0.,-0.,-1.));
#4023 = DIRECTION('',(0.,-1.,0.));
#4024 = DEFINITIONAL_REPRESENTATION('',(#4025),#4029);
#4025 = LINE('',#4026,#4027);
#4026 = CARTESIAN_POINT('',(0.,-1.556));
#4027 = VECTOR('',#4028,1.);
#4028 = DIRECTION('',(1.,0.));
#4029 = ( GEOMETRIC_REPRESENTATION_CONTEXT(2) 
PARAMETRIC_REPRESENTATION_CONTEXT() REPRESENTATION_CONTEXT('2D SPACE',''
  ) );
#4030 = FACE_BOUND('',#4031,.T.);
#4031 = EDGE_LOOP('',(#4032));
#4032 = ORIENTED_EDGE('',*,*,#4033,.T.);
#4033 = EDGE_CURVE('',#4034,#4034,#4036,.T.);
#4034 = VERTEX_POINT('',#4035);
#4035 = CARTESIAN_POINT('',(152.1914,-56.8104,1.51));
#4036 = SURFACE_CURVE('',#4037,(#4042,#4053),.PCURVE_S1.);
#4037 = CIRCLE('',#4038,0.4064);
#4038 = AXIS2_PLACEMENT_3D('',#4039,#4040,#4041);
#4039 = CARTESIAN_POINT('',(152.1914,-56.404,1.51));
#4040 = DIRECTION('',(-0.,-0.,-1.));
#4041 = DIRECTION('',(0.,-1.,0.));
#4042 = PCURVE('',#33,#4043);
#4043 = DEFINITIONAL_REPRESENTATION('',(#4044),#4052);
#4044 = ( BOUNDED_CURVE() B_SPLINE_CURVE(2,(#4045,#4046,#4047,#4048,
#4049,#4050,#4051),.UNSPECIFIED.,.T.,.F.) B_SPLINE_CURVE_WITH_KNOTS((1,2
    ,2,2,2,1),(-2.094395102393,0.,2.094395102393,4.188790204786,
6.28318530718,8.377580409573),.UNSPECIFIED.) CURVE() 
GEOMETRIC_REPRESENTATION_ITEM() RATIONAL_B_SPLINE_CURVE((1.,0.5,1.,0.5,
1.,0.5,1.)) REPRESENTATION_ITEM('') );
#4045 = CARTESIAN_POINT('',(152.1914,-56.8104));
#4046 = CARTESIAN_POINT('',(151.4874945518,-56.8104));
#4047 = CARTESIAN_POINT('',(151.8394472759,-56.2008));
#4048 = CARTESIAN_POINT('',(152.1914,-55.5912));
#4049 = CARTESIAN_POINT('',(152.54335272409,-56.2008));
#4050 = CARTESIAN_POINT('',(152.89530544819,-56.8104));
#4051 = CARTESIAN_POINT('',(152.1914,-56.8104));
#4052 = ( GEOMETRIC_REPRESENTATION_CONTEXT(2) 
PARAMETRIC_REPRESENTATION_CONTEXT() REPRESENTATION_CONTEXT('2D SPACE',''
  ) );
#4053 = PCURVE('',#4054,#4059);
#4054 = CYLINDRICAL_SURFACE('',#4055,0.4064);
#4055 = AXIS2_PLACEMENT_3D('',#4056,#4057,#4058);
#4056 = CARTESIAN_POINT('',(152.1914,-56.404,-4.6E-02));
#4057 = DIRECTION('',(-0.,-0.,-1.));
#4058 = DIRECTION('',(0.,-1.,0.));
#4059 = DEFINITIONAL_REPRESENTATION('',(#4060),#4064);
#4060 = LINE('',#4061,#4062);
#4061 = CARTESIAN_POINT('',(0.,-1.556));
#4062 = VECTOR('',#4063,1.);
#4063 = DIRECTION('',(1.,0.));
#4064 = ( GEOMETRIC_REPRESENTATION_CONTEXT(2) 
PARAMETRIC_REPRESENTATION_CONTEXT() REPRESENTATION_CONTEXT('2D SPACE',''
  ) );
#4065 = FACE_BOUND('',#4066,.T.);
#4066 = EDGE_LOOP('',(#4067));
#4067 = ORIENTED_EDGE('',*,*,#4068,.T.);
#4068 = EDGE_CURVE('',#4069,#4069,#4071,.T.);
#4069 = VERTEX_POINT('',#4070);
#4070 = CARTESIAN_POINT('',(158.258,-57.5093,1.51));
#4071 = SURFACE_CURVE('',#4072,(#4077,#4088),.PCURVE_S1.);
#4072 = CIRCLE('',#4073,0.4953);
#4073 = AXIS2_PLACEMENT_3D('',#4074,#4075,#4076);
#4074 = CARTESIAN_POINT('',(158.258,-57.014,1.51));
#4075 = DIRECTION('',(0.,-0.,-1.));
#4076 = DIRECTION('',(5.738281734384E-14,-1.,0.));
#4077 = PCURVE('',#33,#4078);
#4078 = DEFINITIONAL_REPRESENTATION('',(#4079),#4087);
#4079 = ( BOUNDED_CURVE() B_SPLINE_CURVE(2,(#4080,#4081,#4082,#4083,
#4084,#4085,#4086),.UNSPECIFIED.,.T.,.F.) B_SPLINE_CURVE_WITH_KNOTS((1,2
    ,2,2,2,1),(-2.094395102393,0.,2.094395102393,4.188790204786,
6.28318530718,8.377580409573),.UNSPECIFIED.) CURVE() 
GEOMETRIC_REPRESENTATION_ITEM() RATIONAL_B_SPLINE_CURVE((1.,0.5,1.,0.5,
1.,0.5,1.)) REPRESENTATION_ITEM('') );
#4080 = CARTESIAN_POINT('',(158.258,-57.5093));
#4081 = CARTESIAN_POINT('',(157.40011523501,-57.5093));
#4082 = CARTESIAN_POINT('',(157.8290576175,-56.76635));
#4083 = CARTESIAN_POINT('',(158.258,-56.0234));
#4084 = CARTESIAN_POINT('',(158.68694238249,-56.76635));
#4085 = CARTESIAN_POINT('',(159.11588476498,-57.5093));
#4086 = CARTESIAN_POINT('',(158.258,-57.5093));
#4087 = ( GEOMETRIC_REPRESENTATION_CONTEXT(2) 
PARAMETRIC_REPRESENTATION_CONTEXT() REPRESENTATION_CONTEXT('2D SPACE',''
  ) );
#4088 = PCURVE('',#4089,#4094);
#4089 = CYLINDRICAL_SURFACE('',#4090,0.4953);
#4090 = AXIS2_PLACEMENT_3D('',#4091,#4092,#4093);
#4091 = CARTESIAN_POINT('',(158.258,-57.014,-4.6E-02));
#4092 = DIRECTION('',(0.,0.,-1.));
#4093 = DIRECTION('',(5.738281734384E-14,-1.,0.));
#4094 = DEFINITIONAL_REPRESENTATION('',(#4095),#4099);
#4095 = LINE('',#4096,#4097);
#4096 = CARTESIAN_POINT('',(0.,-1.556));
#4097 = VECTOR('',#4098,1.);
#4098 = DIRECTION('',(1.,0.));
#4099 = ( GEOMETRIC_REPRESENTATION_CONTEXT(2) 
PARAMETRIC_REPRESENTATION_CONTEXT() REPRESENTATION_CONTEXT('2D SPACE',''
  ) );
#4100 = FACE_BOUND('',#4101,.T.);
#4101 = EDGE_LOOP('',(#4102));
#4102 = ORIENTED_EDGE('',*,*,#4103,.T.);
#4103 = EDGE_CURVE('',#4104,#4104,#4106,.T.);
#4104 = VERTEX_POINT('',#4105);
#4105 = CARTESIAN_POINT('',(152.1914,-54.2704,1.51));
#4106 = SURFACE_CURVE('',#4107,(#4112,#4123),.PCURVE_S1.);
#4107 = CIRCLE('',#4108,0.4064);
#4108 = AXIS2_PLACEMENT_3D('',#4109,#4110,#4111);
#4109 = CARTESIAN_POINT('',(152.1914,-53.864,1.51));
#4110 = DIRECTION('',(-0.,-0.,-1.));
#4111 = DIRECTION('',(0.,-1.,0.));
#4112 = PCURVE('',#33,#4113);
#4113 = DEFINITIONAL_REPRESENTATION('',(#4114),#4122);
#4114 = ( BOUNDED_CURVE() B_SPLINE_CURVE(2,(#4115,#4116,#4117,#4118,
#4119,#4120,#4121),.UNSPECIFIED.,.T.,.F.) B_SPLINE_CURVE_WITH_KNOTS((1,2
    ,2,2,2,1),(-2.094395102393,0.,2.094395102393,4.188790204786,
6.28318530718,8.377580409573),.UNSPECIFIED.) CURVE() 
GEOMETRIC_REPRESENTATION_ITEM() RATIONAL_B_SPLINE_CURVE((1.,0.5,1.,0.5,
1.,0.5,1.)) REPRESENTATION_ITEM('') );
#4115 = CARTESIAN_POINT('',(152.1914,-54.2704));
#4116 = CARTESIAN_POINT('',(151.4874945518,-54.2704));
#4117 = CARTESIAN_POINT('',(151.8394472759,-53.6608));
#4118 = CARTESIAN_POINT('',(152.1914,-53.0512));
#4119 = CARTESIAN_POINT('',(152.54335272409,-53.6608));
#4120 = CARTESIAN_POINT('',(152.89530544819,-54.2704));
#4121 = CARTESIAN_POINT('',(152.1914,-54.2704));
#4122 = ( GEOMETRIC_REPRESENTATION_CONTEXT(2) 
PARAMETRIC_REPRESENTATION_CONTEXT() REPRESENTATION_CONTEXT('2D SPACE',''
  ) );
#4123 = PCURVE('',#4124,#4129);
#4124 = CYLINDRICAL_SURFACE('',#4125,0.4064);
#4125 = AXIS2_PLACEMENT_3D('',#4126,#4127,#4128);
#4126 = CARTESIAN_POINT('',(152.1914,-53.864,-4.6E-02));
#4127 = DIRECTION('',(-0.,-0.,-1.));
#4128 = DIRECTION('',(0.,-1.,0.));
#4129 = DEFINITIONAL_REPRESENTATION('',(#4130),#4134);
#4130 = LINE('',#4131,#4132);
#4131 = CARTESIAN_POINT('',(0.,-1.556));
#4132 = VECTOR('',#4133,1.);
#4133 = DIRECTION('',(1.,0.));
#4134 = ( GEOMETRIC_REPRESENTATION_CONTEXT(2) 
PARAMETRIC_REPRESENTATION_CONTEXT() REPRESENTATION_CONTEXT('2D SPACE',''
  ) );
#4135 = FACE_BOUND('',#4136,.T.);
#4136 = EDGE_LOOP('',(#4137));
#4137 = ORIENTED_EDGE('',*,*,#4138,.T.);
#4138 = EDGE_CURVE('',#4139,#4139,#4141,.T.);
#4139 = VERTEX_POINT('',#4140);
#4140 = CARTESIAN_POINT('',(152.1914,-51.7304,1.51));
#4141 = SURFACE_CURVE('',#4142,(#4147,#4158),.PCURVE_S1.);
#4142 = CIRCLE('',#4143,0.4064);
#4143 = AXIS2_PLACEMENT_3D('',#4144,#4145,#4146);
#4144 = CARTESIAN_POINT('',(152.1914,-51.324,1.51));
#4145 = DIRECTION('',(-0.,-0.,-1.));
#4146 = DIRECTION('',(0.,-1.,0.));
#4147 = PCURVE('',#33,#4148);
#4148 = DEFINITIONAL_REPRESENTATION('',(#4149),#4157);
#4149 = ( BOUNDED_CURVE() B_SPLINE_CURVE(2,(#4150,#4151,#4152,#4153,
#4154,#4155,#4156),.UNSPECIFIED.,.T.,.F.) B_SPLINE_CURVE_WITH_KNOTS((1,2
    ,2,2,2,1),(-2.094395102393,0.,2.094395102393,4.188790204786,
6.28318530718,8.377580409573),.UNSPECIFIED.) CURVE() 
GEOMETRIC_REPRESENTATION_ITEM() RATIONAL_B_SPLINE_CURVE((1.,0.5,1.,0.5,
1.,0.5,1.)) REPRESENTATION_ITEM('') );
#4150 = CARTESIAN_POINT('',(152.1914,-51.7304));
#4151 = CARTESIAN_POINT('',(151.4874945518,-51.7304));
#4152 = CARTESIAN_POINT('',(151.8394472759,-51.1208));
#4153 = CARTESIAN_POINT('',(152.1914,-50.5112));
#4154 = CARTESIAN_POINT('',(152.54335272409,-51.1208));
#4155 = CARTESIAN_POINT('',(152.89530544819,-51.7304));
#4156 = CARTESIAN_POINT('',(152.1914,-51.7304));
#4157 = ( GEOMETRIC_REPRESENTATION_CONTEXT(2) 
PARAMETRIC_REPRESENTATION_CONTEXT() REPRESENTATION_CONTEXT('2D SPACE',''
  ) );
#4158 = PCURVE('',#4159,#4164);
#4159 = CYLINDRICAL_SURFACE('',#4160,0.4064);
#4160 = AXIS2_PLACEMENT_3D('',#4161,#4162,#4163);
#4161 = CARTESIAN_POINT('',(152.1914,-51.324,-4.6E-02));
#4162 = DIRECTION('',(-0.,-0.,-1.));
#4163 = DIRECTION('',(0.,-1.,0.));
#4164 = DEFINITIONAL_REPRESENTATION('',(#4165),#4169);
#4165 = LINE('',#4166,#4167);
#4166 = CARTESIAN_POINT('',(0.,-1.556));
#4167 = VECTOR('',#4168,1.);
#4168 = DIRECTION('',(1.,0.));
#4169 = ( GEOMETRIC_REPRESENTATION_CONTEXT(2) 
PARAMETRIC_REPRESENTATION_CONTEXT() REPRESENTATION_CONTEXT('2D SPACE',''
  ) );
#4170 = FACE_BOUND('',#4171,.T.);
#4171 = EDGE_LOOP('',(#4172));
#4172 = ORIENTED_EDGE('',*,*,#4173,.T.);
#4173 = EDGE_CURVE('',#4174,#4174,#4176,.T.);
#4174 = VERTEX_POINT('',#4175);
#4175 = CARTESIAN_POINT('',(168.978,-62.0649,1.51));
#4176 = SURFACE_CURVE('',#4177,(#4182,#4193),.PCURVE_S1.);
#4177 = CIRCLE('',#4178,0.8509);
#4178 = AXIS2_PLACEMENT_3D('',#4179,#4180,#4181);
#4179 = CARTESIAN_POINT('',(168.978,-61.214,1.51));
#4180 = DIRECTION('',(-0.,-0.,-1.));
#4181 = DIRECTION('',(0.,-1.,0.));
#4182 = PCURVE('',#33,#4183);
#4183 = DEFINITIONAL_REPRESENTATION('',(#4184),#4192);
#4184 = ( BOUNDED_CURVE() B_SPLINE_CURVE(2,(#4185,#4186,#4187,#4188,
#4189,#4190,#4191),.UNSPECIFIED.,.T.,.F.) B_SPLINE_CURVE_WITH_KNOTS((1,2
    ,2,2,2,1),(-2.094395102393,0.,2.094395102393,4.188790204786,
6.28318530718,8.377580409573),.UNSPECIFIED.) CURVE() 
GEOMETRIC_REPRESENTATION_ITEM() RATIONAL_B_SPLINE_CURVE((1.,0.5,1.,0.5,
1.,0.5,1.)) REPRESENTATION_ITEM('') );
#4185 = CARTESIAN_POINT('',(168.978,-62.0649));
#4186 = CARTESIAN_POINT('',(167.50419796784,-62.0649));
#4187 = CARTESIAN_POINT('',(168.24109898392,-60.78855));
#4188 = CARTESIAN_POINT('',(168.978,-59.5122));
#4189 = CARTESIAN_POINT('',(169.71490101608,-60.78855));
#4190 = CARTESIAN_POINT('',(170.45180203216,-62.0649));
#4191 = CARTESIAN_POINT('',(168.978,-62.0649));
#4192 = ( GEOMETRIC_REPRESENTATION_CONTEXT(2) 
PARAMETRIC_REPRESENTATION_CONTEXT() REPRESENTATION_CONTEXT('2D SPACE',''
  ) );
#4193 = PCURVE('',#4194,#4199);
#4194 = CYLINDRICAL_SURFACE('',#4195,0.8509);
#4195 = AXIS2_PLACEMENT_3D('',#4196,#4197,#4198);
#4196 = CARTESIAN_POINT('',(168.978,-61.214,-4.6E-02));
#4197 = DIRECTION('',(-0.,-0.,-1.));
#4198 = DIRECTION('',(0.,-1.,0.));
#4199 = DEFINITIONAL_REPRESENTATION('',(#4200),#4204);
#4200 = LINE('',#4201,#4202);
#4201 = CARTESIAN_POINT('',(0.,-1.556));
#4202 = VECTOR('',#4203,1.);
#4203 = DIRECTION('',(1.,0.));
#4204 = ( GEOMETRIC_REPRESENTATION_CONTEXT(2) 
PARAMETRIC_REPRESENTATION_CONTEXT() REPRESENTATION_CONTEXT('2D SPACE',''
  ) );
#4205 = FACE_BOUND('',#4206,.T.);
#4206 = EDGE_LOOP('',(#4207));
#4207 = ORIENTED_EDGE('',*,*,#4208,.T.);
#4208 = EDGE_CURVE('',#4209,#4209,#4211,.T.);
#4209 = VERTEX_POINT('',#4210);
#4210 = CARTESIAN_POINT('',(176.492,-63.109,1.51));
#4211 = SURFACE_CURVE('',#4212,(#4217,#4228),.PCURVE_S1.);
#4212 = CIRCLE('',#4213,0.635);
#4213 = AXIS2_PLACEMENT_3D('',#4214,#4215,#4216);
#4214 = CARTESIAN_POINT('',(176.492,-62.474,1.51));
#4215 = DIRECTION('',(-0.,0.,-1.));
#4216 = DIRECTION('',(-4.475859752819E-14,-1.,0.));
#4217 = PCURVE('',#33,#4218);
#4218 = DEFINITIONAL_REPRESENTATION('',(#4219),#4227);
#4219 = ( BOUNDED_CURVE() B_SPLINE_CURVE(2,(#4220,#4221,#4222,#4223,
#4224,#4225,#4226),.UNSPECIFIED.,.T.,.F.) B_SPLINE_CURVE_WITH_KNOTS((1,2
    ,2,2,2,1),(-2.094395102393,0.,2.094395102393,4.188790204786,
6.28318530718,8.377580409573),.UNSPECIFIED.) CURVE() 
GEOMETRIC_REPRESENTATION_ITEM() RATIONAL_B_SPLINE_CURVE((1.,0.5,1.,0.5,
1.,0.5,1.)) REPRESENTATION_ITEM('') );
#4220 = CARTESIAN_POINT('',(176.492,-63.109));
#4221 = CARTESIAN_POINT('',(175.39214773719,-63.109));
#4222 = CARTESIAN_POINT('',(175.94207386859,-62.1565));
#4223 = CARTESIAN_POINT('',(176.492,-61.204));
#4224 = CARTESIAN_POINT('',(177.0419261314,-62.1565));
#4225 = CARTESIAN_POINT('',(177.5918522628,-63.109));
#4226 = CARTESIAN_POINT('',(176.492,-63.109));
#4227 = ( GEOMETRIC_REPRESENTATION_CONTEXT(2) 
PARAMETRIC_REPRESENTATION_CONTEXT() REPRESENTATION_CONTEXT('2D SPACE',''
  ) );
#4228 = PCURVE('',#4229,#4234);
#4229 = CYLINDRICAL_SURFACE('',#4230,0.635);
#4230 = AXIS2_PLACEMENT_3D('',#4231,#4232,#4233);
#4231 = CARTESIAN_POINT('',(176.492,-62.474,-4.6E-02));
#4232 = DIRECTION('',(-0.,-0.,-1.));
#4233 = DIRECTION('',(-4.475859752819E-14,-1.,0.));
#4234 = DEFINITIONAL_REPRESENTATION('',(#4235),#4239);
#4235 = LINE('',#4236,#4237);
#4236 = CARTESIAN_POINT('',(0.,-1.556));
#4237 = VECTOR('',#4238,1.);
#4238 = DIRECTION('',(1.,0.));
#4239 = ( GEOMETRIC_REPRESENTATION_CONTEXT(2) 
PARAMETRIC_REPRESENTATION_CONTEXT() REPRESENTATION_CONTEXT('2D SPACE',''
  ) );
#4240 = FACE_BOUND('',#4241,.T.);
#4241 = EDGE_LOOP('',(#4242));
#4242 = ORIENTED_EDGE('',*,*,#4243,.T.);
#4243 = EDGE_CURVE('',#4244,#4244,#4246,.T.);
#4244 = VERTEX_POINT('',#4245);
#4245 = CARTESIAN_POINT('',(181.492,-65.209,1.51));
#4246 = SURFACE_CURVE('',#4247,(#4252,#4263),.PCURVE_S1.);
#4247 = CIRCLE('',#4248,0.635);
#4248 = AXIS2_PLACEMENT_3D('',#4249,#4250,#4251);
#4249 = CARTESIAN_POINT('',(181.492,-64.574,1.51));
#4250 = DIRECTION('',(-0.,0.,-1.));
#4251 = DIRECTION('',(-4.47585975282E-14,-1.,0.));
#4252 = PCURVE('',#33,#4253);
#4253 = DEFINITIONAL_REPRESENTATION('',(#4254),#4262);
#4254 = ( BOUNDED_CURVE() B_SPLINE_CURVE(2,(#4255,#4256,#4257,#4258,
#4259,#4260,#4261),.UNSPECIFIED.,.T.,.F.) B_SPLINE_CURVE_WITH_KNOTS((1,2
    ,2,2,2,1),(-2.094395102393,0.,2.094395102393,4.188790204786,
6.28318530718,8.377580409573),.UNSPECIFIED.) CURVE() 
GEOMETRIC_REPRESENTATION_ITEM() RATIONAL_B_SPLINE_CURVE((1.,0.5,1.,0.5,
1.,0.5,1.)) REPRESENTATION_ITEM('') );
#4255 = CARTESIAN_POINT('',(181.492,-65.209));
#4256 = CARTESIAN_POINT('',(180.39214773719,-65.209));
#4257 = CARTESIAN_POINT('',(180.94207386859,-64.2565));
#4258 = CARTESIAN_POINT('',(181.492,-63.304));
#4259 = CARTESIAN_POINT('',(182.0419261314,-64.2565));
#4260 = CARTESIAN_POINT('',(182.5918522628,-65.209));
#4261 = CARTESIAN_POINT('',(181.492,-65.209));
#4262 = ( GEOMETRIC_REPRESENTATION_CONTEXT(2) 
PARAMETRIC_REPRESENTATION_CONTEXT() REPRESENTATION_CONTEXT('2D SPACE',''
  ) );
#4263 = PCURVE('',#4264,#4269);
#4264 = CYLINDRICAL_SURFACE('',#4265,0.635);
#4265 = AXIS2_PLACEMENT_3D('',#4266,#4267,#4268);
#4266 = CARTESIAN_POINT('',(181.492,-64.574,-4.6E-02));
#4267 = DIRECTION('',(-0.,-0.,-1.));
#4268 = DIRECTION('',(-4.47585975282E-14,-1.,0.));
#4269 = DEFINITIONAL_REPRESENTATION('',(#4270),#4274);
#4270 = LINE('',#4271,#4272);
#4271 = CARTESIAN_POINT('',(0.,-1.556));
#4272 = VECTOR('',#4273,1.);
#4273 = DIRECTION('',(1.,0.));
#4274 = ( GEOMETRIC_REPRESENTATION_CONTEXT(2) 
PARAMETRIC_REPRESENTATION_CONTEXT() REPRESENTATION_CONTEXT('2D SPACE',''
  ) );
#4275 = FACE_BOUND('',#4276,.T.);
#4276 = EDGE_LOOP('',(#4277));
#4277 = ORIENTED_EDGE('',*,*,#4278,.T.);
#4278 = EDGE_CURVE('',#4279,#4279,#4281,.T.);
#4279 = VERTEX_POINT('',#4280);
#4280 = CARTESIAN_POINT('',(168.698,-57.5093,1.51));
#4281 = SURFACE_CURVE('',#4282,(#4287,#4298),.PCURVE_S1.);
#4282 = CIRCLE('',#4283,0.4953);
#4283 = AXIS2_PLACEMENT_3D('',#4284,#4285,#4286);
#4284 = CARTESIAN_POINT('',(168.698,-57.014,1.51));
#4285 = DIRECTION('',(0.,-0.,-1.));
#4286 = DIRECTION('',(5.738281734384E-14,-1.,0.));
#4287 = PCURVE('',#33,#4288);
#4288 = DEFINITIONAL_REPRESENTATION('',(#4289),#4297);
#4289 = ( BOUNDED_CURVE() B_SPLINE_CURVE(2,(#4290,#4291,#4292,#4293,
#4294,#4295,#4296),.UNSPECIFIED.,.T.,.F.) B_SPLINE_CURVE_WITH_KNOTS((1,2
    ,2,2,2,1),(-2.094395102393,0.,2.094395102393,4.188790204786,
6.28318530718,8.377580409573),.UNSPECIFIED.) CURVE() 
GEOMETRIC_REPRESENTATION_ITEM() RATIONAL_B_SPLINE_CURVE((1.,0.5,1.,0.5,
1.,0.5,1.)) REPRESENTATION_ITEM('') );
#4290 = CARTESIAN_POINT('',(168.698,-57.5093));
#4291 = CARTESIAN_POINT('',(167.84011523501,-57.5093));
#4292 = CARTESIAN_POINT('',(168.2690576175,-56.76635));
#4293 = CARTESIAN_POINT('',(168.698,-56.0234));
#4294 = CARTESIAN_POINT('',(169.12694238249,-56.76635));
#4295 = CARTESIAN_POINT('',(169.55588476498,-57.5093));
#4296 = CARTESIAN_POINT('',(168.698,-57.5093));
#4297 = ( GEOMETRIC_REPRESENTATION_CONTEXT(2) 
PARAMETRIC_REPRESENTATION_CONTEXT() REPRESENTATION_CONTEXT('2D SPACE',''
  ) );
#4298 = PCURVE('',#4299,#4304);
#4299 = CYLINDRICAL_SURFACE('',#4300,0.4953);
#4300 = AXIS2_PLACEMENT_3D('',#4301,#4302,#4303);
#4301 = CARTESIAN_POINT('',(168.698,-57.014,-4.6E-02));
#4302 = DIRECTION('',(0.,0.,-1.));
#4303 = DIRECTION('',(5.738281734384E-14,-1.,0.));
#4304 = DEFINITIONAL_REPRESENTATION('',(#4305),#4309);
#4305 = LINE('',#4306,#4307);
#4306 = CARTESIAN_POINT('',(0.,-1.556));
#4307 = VECTOR('',#4308,1.);
#4308 = DIRECTION('',(1.,0.));
#4309 = ( GEOMETRIC_REPRESENTATION_CONTEXT(2) 
PARAMETRIC_REPRESENTATION_CONTEXT() REPRESENTATION_CONTEXT('2D SPACE',''
  ) );
#4310 = FACE_BOUND('',#4311,.T.);
#4311 = EDGE_LOOP('',(#4312));
#4312 = ORIENTED_EDGE('',*,*,#4313,.T.);
#4313 = EDGE_CURVE('',#4314,#4314,#4316,.T.);
#4314 = VERTEX_POINT('',#4315);
#4315 = CARTESIAN_POINT('',(175.992,-59.5249,1.51));
#4316 = SURFACE_CURVE('',#4317,(#4322,#4333),.PCURVE_S1.);
#4317 = CIRCLE('',#4318,0.8509);
#4318 = AXIS2_PLACEMENT_3D('',#4319,#4320,#4321);
#4319 = CARTESIAN_POINT('',(175.992,-58.674,1.51));
#4320 = DIRECTION('',(-0.,-0.,-1.));
#4321 = DIRECTION('',(0.,-1.,0.));
#4322 = PCURVE('',#33,#4323);
#4323 = DEFINITIONAL_REPRESENTATION('',(#4324),#4332);
#4324 = ( BOUNDED_CURVE() B_SPLINE_CURVE(2,(#4325,#4326,#4327,#4328,
#4329,#4330,#4331),.UNSPECIFIED.,.T.,.F.) B_SPLINE_CURVE_WITH_KNOTS((1,2
    ,2,2,2,1),(-2.094395102393,0.,2.094395102393,4.188790204786,
6.28318530718,8.377580409573),.UNSPECIFIED.) CURVE() 
GEOMETRIC_REPRESENTATION_ITEM() RATIONAL_B_SPLINE_CURVE((1.,0.5,1.,0.5,
1.,0.5,1.)) REPRESENTATION_ITEM('') );
#4325 = CARTESIAN_POINT('',(175.992,-59.5249));
#4326 = CARTESIAN_POINT('',(174.51819796784,-59.5249));
#4327 = CARTESIAN_POINT('',(175.25509898392,-58.24855));
#4328 = CARTESIAN_POINT('',(175.992,-56.9722));
#4329 = CARTESIAN_POINT('',(176.72890101608,-58.24855));
#4330 = CARTESIAN_POINT('',(177.46580203216,-59.5249));
#4331 = CARTESIAN_POINT('',(175.992,-59.5249));
#4332 = ( GEOMETRIC_REPRESENTATION_CONTEXT(2) 
PARAMETRIC_REPRESENTATION_CONTEXT() REPRESENTATION_CONTEXT('2D SPACE',''
  ) );
#4333 = PCURVE('',#4334,#4339);
#4334 = CYLINDRICAL_SURFACE('',#4335,0.8509);
#4335 = AXIS2_PLACEMENT_3D('',#4336,#4337,#4338);
#4336 = CARTESIAN_POINT('',(175.992,-58.674,-4.6E-02));
#4337 = DIRECTION('',(-0.,-0.,-1.));
#4338 = DIRECTION('',(0.,-1.,0.));
#4339 = DEFINITIONAL_REPRESENTATION('',(#4340),#4344);
#4340 = LINE('',#4341,#4342);
#4341 = CARTESIAN_POINT('',(0.,-1.556));
#4342 = VECTOR('',#4343,1.);
#4343 = DIRECTION('',(1.,0.));
#4344 = ( GEOMETRIC_REPRESENTATION_CONTEXT(2) 
PARAMETRIC_REPRESENTATION_CONTEXT() REPRESENTATION_CONTEXT('2D SPACE',''
  ) );
#4345 = FACE_BOUND('',#4346,.T.);
#4346 = EDGE_LOOP('',(#4347));
#4347 = ORIENTED_EDGE('',*,*,#4348,.T.);
#4348 = EDGE_CURVE('',#4349,#4349,#4351,.T.);
#4349 = VERTEX_POINT('',#4350);
#4350 = CARTESIAN_POINT('',(171.434,-53.224,1.51));
#4351 = SURFACE_CURVE('',#4352,(#4357,#4368),.PCURVE_S1.);
#4352 = CIRCLE('',#4353,1.1);
#4353 = AXIS2_PLACEMENT_3D('',#4354,#4355,#4356);
#4354 = CARTESIAN_POINT('',(171.434,-52.124,1.51));
#4355 = DIRECTION('',(-0.,-0.,-1.));
#4356 = DIRECTION('',(0.,-1.,0.));
#4357 = PCURVE('',#33,#4358);
#4358 = DEFINITIONAL_REPRESENTATION('',(#4359),#4367);
#4359 = ( BOUNDED_CURVE() B_SPLINE_CURVE(2,(#4360,#4361,#4362,#4363,
#4364,#4365,#4366),.UNSPECIFIED.,.T.,.F.) B_SPLINE_CURVE_WITH_KNOTS((1,2
    ,2,2,2,1),(-2.094395102393,0.,2.094395102393,4.188790204786,
6.28318530718,8.377580409573),.UNSPECIFIED.) CURVE() 
GEOMETRIC_REPRESENTATION_ITEM() RATIONAL_B_SPLINE_CURVE((1.,0.5,1.,0.5,
1.,0.5,1.)) REPRESENTATION_ITEM('') );
#4360 = CARTESIAN_POINT('',(171.434,-53.224));
#4361 = CARTESIAN_POINT('',(169.52874411167,-53.224));
#4362 = CARTESIAN_POINT('',(170.48137205583,-51.574));
#4363 = CARTESIAN_POINT('',(171.434,-49.924));
#4364 = CARTESIAN_POINT('',(172.38662794416,-51.574));
#4365 = CARTESIAN_POINT('',(173.33925588832,-53.224));
#4366 = CARTESIAN_POINT('',(171.434,-53.224));
#4367 = ( GEOMETRIC_REPRESENTATION_CONTEXT(2) 
PARAMETRIC_REPRESENTATION_CONTEXT() REPRESENTATION_CONTEXT('2D SPACE',''
  ) );
#4368 = PCURVE('',#4369,#4374);
#4369 = CYLINDRICAL_SURFACE('',#4370,1.1);
#4370 = AXIS2_PLACEMENT_3D('',#4371,#4372,#4373);
#4371 = CARTESIAN_POINT('',(171.434,-52.124,-4.6E-02));
#4372 = DIRECTION('',(-0.,-0.,-1.));
#4373 = DIRECTION('',(0.,-1.,0.));
#4374 = DEFINITIONAL_REPRESENTATION('',(#4375),#4379);
#4375 = LINE('',#4376,#4377);
#4376 = CARTESIAN_POINT('',(0.,-1.556));
#4377 = VECTOR('',#4378,1.);
#4378 = DIRECTION('',(1.,0.));
#4379 = ( GEOMETRIC_REPRESENTATION_CONTEXT(2) 
PARAMETRIC_REPRESENTATION_CONTEXT() REPRESENTATION_CONTEXT('2D SPACE',''
  ) );
#4380 = FACE_BOUND('',#4381,.T.);
#4381 = EDGE_LOOP('',(#4382));
#4382 = ORIENTED_EDGE('',*,*,#4383,.T.);
#4383 = EDGE_CURVE('',#4384,#4384,#4386,.T.);
#4384 = VERTEX_POINT('',#4385);
#4385 = CARTESIAN_POINT('',(176.272,-54.9693,1.51));
#4386 = SURFACE_CURVE('',#4387,(#4392,#4403),.PCURVE_S1.);
#4387 = CIRCLE('',#4388,0.4953);
#4388 = AXIS2_PLACEMENT_3D('',#4389,#4390,#4391);
#4389 = CARTESIAN_POINT('',(176.272,-54.474,1.51));
#4390 = DIRECTION('',(-0.,-0.,-1.));
#4391 = DIRECTION('',(0.,-1.,0.));
#4392 = PCURVE('',#33,#4393);
#4393 = DEFINITIONAL_REPRESENTATION('',(#4394),#4402);
#4394 = ( BOUNDED_CURVE() B_SPLINE_CURVE(2,(#4395,#4396,#4397,#4398,
#4399,#4400,#4401),.UNSPECIFIED.,.T.,.F.) B_SPLINE_CURVE_WITH_KNOTS((1,2
    ,2,2,2,1),(-2.094395102393,0.,2.094395102393,4.188790204786,
6.28318530718,8.377580409573),.UNSPECIFIED.) CURVE() 
GEOMETRIC_REPRESENTATION_ITEM() RATIONAL_B_SPLINE_CURVE((1.,0.5,1.,0.5,
1.,0.5,1.)) REPRESENTATION_ITEM('') );
#4395 = CARTESIAN_POINT('',(176.272,-54.9693));
#4396 = CARTESIAN_POINT('',(175.41411523501,-54.9693));
#4397 = CARTESIAN_POINT('',(175.8430576175,-54.22635));
#4398 = CARTESIAN_POINT('',(176.272,-53.4834));
#4399 = CARTESIAN_POINT('',(176.70094238249,-54.22635));
#4400 = CARTESIAN_POINT('',(177.12988476498,-54.9693));
#4401 = CARTESIAN_POINT('',(176.272,-54.9693));
#4402 = ( GEOMETRIC_REPRESENTATION_CONTEXT(2) 
PARAMETRIC_REPRESENTATION_CONTEXT() REPRESENTATION_CONTEXT('2D SPACE',''
  ) );
#4403 = PCURVE('',#4404,#4409);
#4404 = CYLINDRICAL_SURFACE('',#4405,0.4953);
#4405 = AXIS2_PLACEMENT_3D('',#4406,#4407,#4408);
#4406 = CARTESIAN_POINT('',(176.272,-54.474,-4.6E-02));
#4407 = DIRECTION('',(-0.,-0.,-1.));
#4408 = DIRECTION('',(0.,-1.,0.));
#4409 = DEFINITIONAL_REPRESENTATION('',(#4410),#4414);
#4410 = LINE('',#4411,#4412);
#4411 = CARTESIAN_POINT('',(0.,-1.556));
#4412 = VECTOR('',#4413,1.);
#4413 = DIRECTION('',(1.,0.));
#4414 = ( GEOMETRIC_REPRESENTATION_CONTEXT(2) 
PARAMETRIC_REPRESENTATION_CONTEXT() REPRESENTATION_CONTEXT('2D SPACE',''
  ) );
#4415 = FACE_BOUND('',#4416,.T.);
#4416 = EDGE_LOOP('',(#4417));
#4417 = ORIENTED_EDGE('',*,*,#4418,.T.);
#4418 = EDGE_CURVE('',#4419,#4419,#4421,.T.);
#4419 = VERTEX_POINT('',#4420);
#4420 = CARTESIAN_POINT('',(181.492,-60.3885,1.51));
#4421 = SURFACE_CURVE('',#4422,(#4427,#4438),.PCURVE_S1.);
#4422 = CIRCLE('',#4423,1.7145);
#4423 = AXIS2_PLACEMENT_3D('',#4424,#4425,#4426);
#4424 = CARTESIAN_POINT('',(181.492,-58.674,1.51));
#4425 = DIRECTION('',(-0.,0.,-1.));
#4426 = DIRECTION('',(-1.657725834378E-14,-1.,0.));
#4427 = PCURVE('',#33,#4428);
#4428 = DEFINITIONAL_REPRESENTATION('',(#4429),#4437);
#4429 = ( BOUNDED_CURVE() B_SPLINE_CURVE(2,(#4430,#4431,#4432,#4433,
#4434,#4435,#4436),.UNSPECIFIED.,.T.,.F.) B_SPLINE_CURVE_WITH_KNOTS((1,2
    ,2,2,2,1),(-2.094395102393,0.,2.094395102393,4.188790204786,
6.28318530718,8.377580409573),.UNSPECIFIED.) CURVE() 
GEOMETRIC_REPRESENTATION_ITEM() RATIONAL_B_SPLINE_CURVE((1.,0.5,1.,0.5,
1.,0.5,1.)) REPRESENTATION_ITEM('') );
#4430 = CARTESIAN_POINT('',(181.492,-60.3885));
#4431 = CARTESIAN_POINT('',(178.52239889042,-60.3885));
#4432 = CARTESIAN_POINT('',(180.00719944521,-57.81675));
#4433 = CARTESIAN_POINT('',(181.492,-55.245));
#4434 = CARTESIAN_POINT('',(182.97680055478,-57.81675));
#4435 = CARTESIAN_POINT('',(184.46160110957,-60.3885));
#4436 = CARTESIAN_POINT('',(181.492,-60.3885));
#4437 = ( GEOMETRIC_REPRESENTATION_CONTEXT(2) 
PARAMETRIC_REPRESENTATION_CONTEXT() REPRESENTATION_CONTEXT('2D SPACE',''
  ) );
#4438 = PCURVE('',#4439,#4444);
#4439 = CYLINDRICAL_SURFACE('',#4440,1.7145);
#4440 = AXIS2_PLACEMENT_3D('',#4441,#4442,#4443);
#4441 = CARTESIAN_POINT('',(181.492,-58.674,-4.6E-02));
#4442 = DIRECTION('',(-0.,-0.,-1.));
#4443 = DIRECTION('',(-1.657725834378E-14,-1.,0.));
#4444 = DEFINITIONAL_REPRESENTATION('',(#4445),#4449);
#4445 = LINE('',#4446,#4447);
#4446 = CARTESIAN_POINT('',(0.,-1.556));
#4447 = VECTOR('',#4448,1.);
#4448 = DIRECTION('',(1.,0.));
#4449 = ( GEOMETRIC_REPRESENTATION_CONTEXT(2) 
PARAMETRIC_REPRESENTATION_CONTEXT() REPRESENTATION_CONTEXT('2D SPACE',''
  ) );
#4450 = FACE_BOUND('',#4451,.T.);
#4451 = EDGE_LOOP('',(#4452));
#4452 = ORIENTED_EDGE('',*,*,#4453,.T.);
#4453 = EDGE_CURVE('',#4454,#4454,#4456,.T.);
#4454 = VERTEX_POINT('',#4455);
#4455 = CARTESIAN_POINT('',(186.992,-59.5249,1.51));
#4456 = SURFACE_CURVE('',#4457,(#4462,#4473),.PCURVE_S1.);
#4457 = CIRCLE('',#4458,0.8509);
#4458 = AXIS2_PLACEMENT_3D('',#4459,#4460,#4461);
#4459 = CARTESIAN_POINT('',(186.992,-58.674,1.51));
#4460 = DIRECTION('',(-0.,-0.,-1.));
#4461 = DIRECTION('',(0.,-1.,0.));
#4462 = PCURVE('',#33,#4463);
#4463 = DEFINITIONAL_REPRESENTATION('',(#4464),#4472);
#4464 = ( BOUNDED_CURVE() B_SPLINE_CURVE(2,(#4465,#4466,#4467,#4468,
#4469,#4470,#4471),.UNSPECIFIED.,.T.,.F.) B_SPLINE_CURVE_WITH_KNOTS((1,2
    ,2,2,2,1),(-2.094395102393,0.,2.094395102393,4.188790204786,
6.28318530718,8.377580409573),.UNSPECIFIED.) CURVE() 
GEOMETRIC_REPRESENTATION_ITEM() RATIONAL_B_SPLINE_CURVE((1.,0.5,1.,0.5,
1.,0.5,1.)) REPRESENTATION_ITEM('') );
#4465 = CARTESIAN_POINT('',(186.992,-59.5249));
#4466 = CARTESIAN_POINT('',(185.51819796784,-59.5249));
#4467 = CARTESIAN_POINT('',(186.25509898392,-58.24855));
#4468 = CARTESIAN_POINT('',(186.992,-56.9722));
#4469 = CARTESIAN_POINT('',(187.72890101608,-58.24855));
#4470 = CARTESIAN_POINT('',(188.46580203216,-59.5249));
#4471 = CARTESIAN_POINT('',(186.992,-59.5249));
#4472 = ( GEOMETRIC_REPRESENTATION_CONTEXT(2) 
PARAMETRIC_REPRESENTATION_CONTEXT() REPRESENTATION_CONTEXT('2D SPACE',''
  ) );
#4473 = PCURVE('',#4474,#4479);
#4474 = CYLINDRICAL_SURFACE('',#4475,0.8509);
#4475 = AXIS2_PLACEMENT_3D('',#4476,#4477,#4478);
#4476 = CARTESIAN_POINT('',(186.992,-58.674,-4.6E-02));
#4477 = DIRECTION('',(-0.,-0.,-1.));
#4478 = DIRECTION('',(0.,-1.,0.));
#4479 = DEFINITIONAL_REPRESENTATION('',(#4480),#4484);
#4480 = LINE('',#4481,#4482);
#4481 = CARTESIAN_POINT('',(0.,-1.556));
#4482 = VECTOR('',#4483,1.);
#4483 = DIRECTION('',(1.,0.));
#4484 = ( GEOMETRIC_REPRESENTATION_CONTEXT(2) 
PARAMETRIC_REPRESENTATION_CONTEXT() REPRESENTATION_CONTEXT('2D SPACE',''
  ) );
#4485 = FACE_BOUND('',#4486,.T.);
#4486 = EDGE_LOOP('',(#4487));
#4487 = ORIENTED_EDGE('',*,*,#4488,.T.);
#4488 = EDGE_CURVE('',#4489,#4489,#4491,.T.);
#4489 = VERTEX_POINT('',#4490);
#4490 = CARTESIAN_POINT('',(186.712,-54.9693,1.51));
#4491 = SURFACE_CURVE('',#4492,(#4497,#4508),.PCURVE_S1.);
#4492 = CIRCLE('',#4493,0.4953);
#4493 = AXIS2_PLACEMENT_3D('',#4494,#4495,#4496);
#4494 = CARTESIAN_POINT('',(186.712,-54.474,1.51));
#4495 = DIRECTION('',(-0.,-0.,-1.));
#4496 = DIRECTION('',(0.,-1.,0.));
#4497 = PCURVE('',#33,#4498);
#4498 = DEFINITIONAL_REPRESENTATION('',(#4499),#4507);
#4499 = ( BOUNDED_CURVE() B_SPLINE_CURVE(2,(#4500,#4501,#4502,#4503,
#4504,#4505,#4506),.UNSPECIFIED.,.T.,.F.) B_SPLINE_CURVE_WITH_KNOTS((1,2
    ,2,2,2,1),(-2.094395102393,0.,2.094395102393,4.188790204786,
6.28318530718,8.377580409573),.UNSPECIFIED.) CURVE() 
GEOMETRIC_REPRESENTATION_ITEM() RATIONAL_B_SPLINE_CURVE((1.,0.5,1.,0.5,
1.,0.5,1.)) REPRESENTATION_ITEM('') );
#4500 = CARTESIAN_POINT('',(186.712,-54.9693));
#4501 = CARTESIAN_POINT('',(185.85411523501,-54.9693));
#4502 = CARTESIAN_POINT('',(186.2830576175,-54.22635));
#4503 = CARTESIAN_POINT('',(186.712,-53.4834));
#4504 = CARTESIAN_POINT('',(187.14094238249,-54.22635));
#4505 = CARTESIAN_POINT('',(187.56988476498,-54.9693));
#4506 = CARTESIAN_POINT('',(186.712,-54.9693));
#4507 = ( GEOMETRIC_REPRESENTATION_CONTEXT(2) 
PARAMETRIC_REPRESENTATION_CONTEXT() REPRESENTATION_CONTEXT('2D SPACE',''
  ) );
#4508 = PCURVE('',#4509,#4514);
#4509 = CYLINDRICAL_SURFACE('',#4510,0.4953);
#4510 = AXIS2_PLACEMENT_3D('',#4511,#4512,#4513);
#4511 = CARTESIAN_POINT('',(186.712,-54.474,-4.6E-02));
#4512 = DIRECTION('',(-0.,-0.,-1.));
#4513 = DIRECTION('',(0.,-1.,0.));
#4514 = DEFINITIONAL_REPRESENTATION('',(#4515),#4519);
#4515 = LINE('',#4516,#4517);
#4516 = CARTESIAN_POINT('',(0.,-1.556));
#4517 = VECTOR('',#4518,1.);
#4518 = DIRECTION('',(1.,0.));
#4519 = ( GEOMETRIC_REPRESENTATION_CONTEXT(2) 
PARAMETRIC_REPRESENTATION_CONTEXT() REPRESENTATION_CONTEXT('2D SPACE',''
  ) );
#4520 = FACE_BOUND('',#4521,.T.);
#4521 = EDGE_LOOP('',(#4522));
#4522 = ORIENTED_EDGE('',*,*,#4523,.T.);
#4523 = EDGE_CURVE('',#4524,#4524,#4526,.T.);
#4524 = VERTEX_POINT('',#4525);
#4525 = CARTESIAN_POINT('',(136.9714,-49.1904,1.51));
#4526 = SURFACE_CURVE('',#4527,(#4532,#4543),.PCURVE_S1.);
#4527 = CIRCLE('',#4528,0.4064);
#4528 = AXIS2_PLACEMENT_3D('',#4529,#4530,#4531);
#4529 = CARTESIAN_POINT('',(136.9714,-48.784,1.51));
#4530 = DIRECTION('',(-0.,0.,-1.));
#4531 = DIRECTION('',(-6.993530863781E-14,-1.,0.));
#4532 = PCURVE('',#33,#4533);
#4533 = DEFINITIONAL_REPRESENTATION('',(#4534),#4542);
#4534 = ( BOUNDED_CURVE() B_SPLINE_CURVE(2,(#4535,#4536,#4537,#4538,
#4539,#4540,#4541),.UNSPECIFIED.,.T.,.F.) B_SPLINE_CURVE_WITH_KNOTS((1,2
    ,2,2,2,1),(-2.094395102393,0.,2.094395102393,4.188790204786,
6.28318530718,8.377580409573),.UNSPECIFIED.) CURVE() 
GEOMETRIC_REPRESENTATION_ITEM() RATIONAL_B_SPLINE_CURVE((1.,0.5,1.,0.5,
1.,0.5,1.)) REPRESENTATION_ITEM('') );
#4535 = CARTESIAN_POINT('',(136.9714,-49.1904));
#4536 = CARTESIAN_POINT('',(136.2674945518,-49.1904));
#4537 = CARTESIAN_POINT('',(136.6194472759,-48.5808));
#4538 = CARTESIAN_POINT('',(136.9714,-47.9712));
#4539 = CARTESIAN_POINT('',(137.32335272409,-48.5808));
#4540 = CARTESIAN_POINT('',(137.67530544819,-49.1904));
#4541 = CARTESIAN_POINT('',(136.9714,-49.1904));
#4542 = ( GEOMETRIC_REPRESENTATION_CONTEXT(2) 
PARAMETRIC_REPRESENTATION_CONTEXT() REPRESENTATION_CONTEXT('2D SPACE',''
  ) );
#4543 = PCURVE('',#4544,#4549);
#4544 = CYLINDRICAL_SURFACE('',#4545,0.4064);
#4545 = AXIS2_PLACEMENT_3D('',#4546,#4547,#4548);
#4546 = CARTESIAN_POINT('',(136.9714,-48.784,-4.6E-02));
#4547 = DIRECTION('',(-0.,-0.,-1.));
#4548 = DIRECTION('',(-6.993530863781E-14,-1.,0.));
#4549 = DEFINITIONAL_REPRESENTATION('',(#4550),#4554);
#4550 = LINE('',#4551,#4552);
#4551 = CARTESIAN_POINT('',(0.,-1.556));
#4552 = VECTOR('',#4553,1.);
#4553 = DIRECTION('',(1.,0.));
#4554 = ( GEOMETRIC_REPRESENTATION_CONTEXT(2) 
PARAMETRIC_REPRESENTATION_CONTEXT() REPRESENTATION_CONTEXT('2D SPACE',''
  ) );
#4555 = FACE_BOUND('',#4556,.T.);
#4556 = EDGE_LOOP('',(#4557));
#4557 = ORIENTED_EDGE('',*,*,#4558,.T.);
#4558 = EDGE_CURVE('',#4559,#4559,#4561,.T.);
#4559 = VERTEX_POINT('',#4560);
#4560 = CARTESIAN_POINT('',(136.9714,-46.6504,1.51));
#4561 = SURFACE_CURVE('',#4562,(#4567,#4578),.PCURVE_S1.);
#4562 = CIRCLE('',#4563,0.4064);
#4563 = AXIS2_PLACEMENT_3D('',#4564,#4565,#4566);
#4564 = CARTESIAN_POINT('',(136.9714,-46.244,1.51));
#4565 = DIRECTION('',(-0.,0.,-1.));
#4566 = DIRECTION('',(-6.993530863781E-14,-1.,0.));
#4567 = PCURVE('',#33,#4568);
#4568 = DEFINITIONAL_REPRESENTATION('',(#4569),#4577);
#4569 = ( BOUNDED_CURVE() B_SPLINE_CURVE(2,(#4570,#4571,#4572,#4573,
#4574,#4575,#4576),.UNSPECIFIED.,.T.,.F.) B_SPLINE_CURVE_WITH_KNOTS((1,2
    ,2,2,2,1),(-2.094395102393,0.,2.094395102393,4.188790204786,
6.28318530718,8.377580409573),.UNSPECIFIED.) CURVE() 
GEOMETRIC_REPRESENTATION_ITEM() RATIONAL_B_SPLINE_CURVE((1.,0.5,1.,0.5,
1.,0.5,1.)) REPRESENTATION_ITEM('') );
#4570 = CARTESIAN_POINT('',(136.9714,-46.6504));
#4571 = CARTESIAN_POINT('',(136.2674945518,-46.6504));
#4572 = CARTESIAN_POINT('',(136.6194472759,-46.0408));
#4573 = CARTESIAN_POINT('',(136.9714,-45.4312));
#4574 = CARTESIAN_POINT('',(137.32335272409,-46.0408));
#4575 = CARTESIAN_POINT('',(137.67530544819,-46.6504));
#4576 = CARTESIAN_POINT('',(136.9714,-46.6504));
#4577 = ( GEOMETRIC_REPRESENTATION_CONTEXT(2) 
PARAMETRIC_REPRESENTATION_CONTEXT() REPRESENTATION_CONTEXT('2D SPACE',''
  ) );
#4578 = PCURVE('',#4579,#4584);
#4579 = CYLINDRICAL_SURFACE('',#4580,0.4064);
#4580 = AXIS2_PLACEMENT_3D('',#4581,#4582,#4583);
#4581 = CARTESIAN_POINT('',(136.9714,-46.244,-4.6E-02));
#4582 = DIRECTION('',(-0.,-0.,-1.));
#4583 = DIRECTION('',(-6.993530863781E-14,-1.,0.));
#4584 = DEFINITIONAL_REPRESENTATION('',(#4585),#4589);
#4585 = LINE('',#4586,#4587);
#4586 = CARTESIAN_POINT('',(0.,-1.556));
#4587 = VECTOR('',#4588,1.);
#4588 = DIRECTION('',(1.,0.));
#4589 = ( GEOMETRIC_REPRESENTATION_CONTEXT(2) 
PARAMETRIC_REPRESENTATION_CONTEXT() REPRESENTATION_CONTEXT('2D SPACE',''
  ) );
#4590 = FACE_BOUND('',#4591,.T.);
#4591 = EDGE_LOOP('',(#4592));
#4592 = ORIENTED_EDGE('',*,*,#4593,.T.);
#4593 = EDGE_CURVE('',#4594,#4594,#4596,.T.);
#4594 = VERTEX_POINT('',#4595);
#4595 = CARTESIAN_POINT('',(152.1914,-49.1904,1.51));
#4596 = SURFACE_CURVE('',#4597,(#4602,#4613),.PCURVE_S1.);
#4597 = CIRCLE('',#4598,0.4064);
#4598 = AXIS2_PLACEMENT_3D('',#4599,#4600,#4601);
#4599 = CARTESIAN_POINT('',(152.1914,-48.784,1.51));
#4600 = DIRECTION('',(-0.,-0.,-1.));
#4601 = DIRECTION('',(0.,-1.,0.));
#4602 = PCURVE('',#33,#4603);
#4603 = DEFINITIONAL_REPRESENTATION('',(#4604),#4612);
#4604 = ( BOUNDED_CURVE() B_SPLINE_CURVE(2,(#4605,#4606,#4607,#4608,
#4609,#4610,#4611),.UNSPECIFIED.,.T.,.F.) B_SPLINE_CURVE_WITH_KNOTS((1,2
    ,2,2,2,1),(-2.094395102393,0.,2.094395102393,4.188790204786,
6.28318530718,8.377580409573),.UNSPECIFIED.) CURVE() 
GEOMETRIC_REPRESENTATION_ITEM() RATIONAL_B_SPLINE_CURVE((1.,0.5,1.,0.5,
1.,0.5,1.)) REPRESENTATION_ITEM('') );
#4605 = CARTESIAN_POINT('',(152.1914,-49.1904));
#4606 = CARTESIAN_POINT('',(151.4874945518,-49.1904));
#4607 = CARTESIAN_POINT('',(151.8394472759,-48.5808));
#4608 = CARTESIAN_POINT('',(152.1914,-47.9712));
#4609 = CARTESIAN_POINT('',(152.54335272409,-48.5808));
#4610 = CARTESIAN_POINT('',(152.89530544819,-49.1904));
#4611 = CARTESIAN_POINT('',(152.1914,-49.1904));
#4612 = ( GEOMETRIC_REPRESENTATION_CONTEXT(2) 
PARAMETRIC_REPRESENTATION_CONTEXT() REPRESENTATION_CONTEXT('2D SPACE',''
  ) );
#4613 = PCURVE('',#4614,#4619);
#4614 = CYLINDRICAL_SURFACE('',#4615,0.4064);
#4615 = AXIS2_PLACEMENT_3D('',#4616,#4617,#4618);
#4616 = CARTESIAN_POINT('',(152.1914,-48.784,-4.6E-02));
#4617 = DIRECTION('',(-0.,-0.,-1.));
#4618 = DIRECTION('',(0.,-1.,0.));
#4619 = DEFINITIONAL_REPRESENTATION('',(#4620),#4624);
#4620 = LINE('',#4621,#4622);
#4621 = CARTESIAN_POINT('',(0.,-1.556));
#4622 = VECTOR('',#4623,1.);
#4623 = DIRECTION('',(1.,0.));
#4624 = ( GEOMETRIC_REPRESENTATION_CONTEXT(2) 
PARAMETRIC_REPRESENTATION_CONTEXT() REPRESENTATION_CONTEXT('2D SPACE',''
  ) );
#4625 = FACE_BOUND('',#4626,.T.);
#4626 = EDGE_LOOP('',(#4627));
#4627 = ORIENTED_EDGE('',*,*,#4628,.T.);
#4628 = EDGE_CURVE('',#4629,#4629,#4631,.T.);
#4629 = VERTEX_POINT('',#4630);
#4630 = CARTESIAN_POINT('',(152.1914,-46.6504,1.51));
#4631 = SURFACE_CURVE('',#4632,(#4637,#4648),.PCURVE_S1.);
#4632 = CIRCLE('',#4633,0.4064);
#4633 = AXIS2_PLACEMENT_3D('',#4634,#4635,#4636);
#4634 = CARTESIAN_POINT('',(152.1914,-46.244,1.51));
#4635 = DIRECTION('',(-0.,-0.,-1.));
#4636 = DIRECTION('',(0.,-1.,0.));
#4637 = PCURVE('',#33,#4638);
#4638 = DEFINITIONAL_REPRESENTATION('',(#4639),#4647);
#4639 = ( BOUNDED_CURVE() B_SPLINE_CURVE(2,(#4640,#4641,#4642,#4643,
#4644,#4645,#4646),.UNSPECIFIED.,.T.,.F.) B_SPLINE_CURVE_WITH_KNOTS((1,2
    ,2,2,2,1),(-2.094395102393,0.,2.094395102393,4.188790204786,
6.28318530718,8.377580409573),.UNSPECIFIED.) CURVE() 
GEOMETRIC_REPRESENTATION_ITEM() RATIONAL_B_SPLINE_CURVE((1.,0.5,1.,0.5,
1.,0.5,1.)) REPRESENTATION_ITEM('') );
#4640 = CARTESIAN_POINT('',(152.1914,-46.6504));
#4641 = CARTESIAN_POINT('',(151.4874945518,-46.6504));
#4642 = CARTESIAN_POINT('',(151.8394472759,-46.0408));
#4643 = CARTESIAN_POINT('',(152.1914,-45.4312));
#4644 = CARTESIAN_POINT('',(152.54335272409,-46.0408));
#4645 = CARTESIAN_POINT('',(152.89530544819,-46.6504));
#4646 = CARTESIAN_POINT('',(152.1914,-46.6504));
#4647 = ( GEOMETRIC_REPRESENTATION_CONTEXT(2) 
PARAMETRIC_REPRESENTATION_CONTEXT() REPRESENTATION_CONTEXT('2D SPACE',''
  ) );
#4648 = PCURVE('',#4649,#4654);
#4649 = CYLINDRICAL_SURFACE('',#4650,0.4064);
#4650 = AXIS2_PLACEMENT_3D('',#4651,#4652,#4653);
#4651 = CARTESIAN_POINT('',(152.1914,-46.244,-4.6E-02));
#4652 = DIRECTION('',(-0.,-0.,-1.));
#4653 = DIRECTION('',(0.,-1.,0.));
#4654 = DEFINITIONAL_REPRESENTATION('',(#4655),#4659);
#4655 = LINE('',#4656,#4657);
#4656 = CARTESIAN_POINT('',(0.,-1.556));
#4657 = VECTOR('',#4658,1.);
#4658 = DIRECTION('',(1.,0.));
#4659 = ( GEOMETRIC_REPRESENTATION_CONTEXT(2) 
PARAMETRIC_REPRESENTATION_CONTEXT() REPRESENTATION_CONTEXT('2D SPACE',''
  ) );
#4660 = FACE_BOUND('',#4661,.T.);
#4661 = EDGE_LOOP('',(#4662));
#4662 = ORIENTED_EDGE('',*,*,#4663,.T.);
#4663 = EDGE_CURVE('',#4664,#4664,#4666,.T.);
#4664 = VERTEX_POINT('',#4665);
#4665 = CARTESIAN_POINT('',(163.478,-50.759,1.51));
#4666 = SURFACE_CURVE('',#4667,(#4672,#4683),.PCURVE_S1.);
#4667 = CIRCLE('',#4668,0.635);
#4668 = AXIS2_PLACEMENT_3D('',#4669,#4670,#4671);
#4669 = CARTESIAN_POINT('',(163.478,-50.124,1.51));
#4670 = DIRECTION('',(-0.,-0.,-1.));
#4671 = DIRECTION('',(0.,-1.,0.));
#4672 = PCURVE('',#33,#4673);
#4673 = DEFINITIONAL_REPRESENTATION('',(#4674),#4682);
#4674 = ( BOUNDED_CURVE() B_SPLINE_CURVE(2,(#4675,#4676,#4677,#4678,
#4679,#4680,#4681),.UNSPECIFIED.,.T.,.F.) B_SPLINE_CURVE_WITH_KNOTS((1,2
    ,2,2,2,1),(-2.094395102393,0.,2.094395102393,4.188790204786,
6.28318530718,8.377580409573),.UNSPECIFIED.) CURVE() 
GEOMETRIC_REPRESENTATION_ITEM() RATIONAL_B_SPLINE_CURVE((1.,0.5,1.,0.5,
1.,0.5,1.)) REPRESENTATION_ITEM('') );
#4675 = CARTESIAN_POINT('',(163.478,-50.759));
#4676 = CARTESIAN_POINT('',(162.37814773719,-50.759));
#4677 = CARTESIAN_POINT('',(162.92807386859,-49.8065));
#4678 = CARTESIAN_POINT('',(163.478,-48.854));
#4679 = CARTESIAN_POINT('',(164.0279261314,-49.8065));
#4680 = CARTESIAN_POINT('',(164.5778522628,-50.759));
#4681 = CARTESIAN_POINT('',(163.478,-50.759));
#4682 = ( GEOMETRIC_REPRESENTATION_CONTEXT(2) 
PARAMETRIC_REPRESENTATION_CONTEXT() REPRESENTATION_CONTEXT('2D SPACE',''
  ) );
#4683 = PCURVE('',#4684,#4689);
#4684 = CYLINDRICAL_SURFACE('',#4685,0.635);
#4685 = AXIS2_PLACEMENT_3D('',#4686,#4687,#4688);
#4686 = CARTESIAN_POINT('',(163.478,-50.124,-4.6E-02));
#4687 = DIRECTION('',(-0.,-0.,-1.));
#4688 = DIRECTION('',(0.,-1.,0.));
#4689 = DEFINITIONAL_REPRESENTATION('',(#4690),#4694);
#4690 = LINE('',#4691,#4692);
#4691 = CARTESIAN_POINT('',(0.,-1.556));
#4692 = VECTOR('',#4693,1.);
#4693 = DIRECTION('',(1.,0.));
#4694 = ( GEOMETRIC_REPRESENTATION_CONTEXT(2) 
PARAMETRIC_REPRESENTATION_CONTEXT() REPRESENTATION_CONTEXT('2D SPACE',''
  ) );
#4695 = FACE_BOUND('',#4696,.T.);
#4696 = EDGE_LOOP('',(#4697));
#4697 = ORIENTED_EDGE('',*,*,#4698,.T.);
#4698 = EDGE_CURVE('',#4699,#4699,#4701,.T.);
#4699 = VERTEX_POINT('',#4700);
#4700 = CARTESIAN_POINT('',(158.478,-48.659,1.51));
#4701 = SURFACE_CURVE('',#4702,(#4707,#4718),.PCURVE_S1.);
#4702 = CIRCLE('',#4703,0.635);
#4703 = AXIS2_PLACEMENT_3D('',#4704,#4705,#4706);
#4704 = CARTESIAN_POINT('',(158.478,-48.024,1.51));
#4705 = DIRECTION('',(-0.,-0.,-1.));
#4706 = DIRECTION('',(0.,-1.,0.));
#4707 = PCURVE('',#33,#4708);
#4708 = DEFINITIONAL_REPRESENTATION('',(#4709),#4717);
#4709 = ( BOUNDED_CURVE() B_SPLINE_CURVE(2,(#4710,#4711,#4712,#4713,
#4714,#4715,#4716),.UNSPECIFIED.,.T.,.F.) B_SPLINE_CURVE_WITH_KNOTS((1,2
    ,2,2,2,1),(-2.094395102393,0.,2.094395102393,4.188790204786,
6.28318530718,8.377580409573),.UNSPECIFIED.) CURVE() 
GEOMETRIC_REPRESENTATION_ITEM() RATIONAL_B_SPLINE_CURVE((1.,0.5,1.,0.5,
1.,0.5,1.)) REPRESENTATION_ITEM('') );
#4710 = CARTESIAN_POINT('',(158.478,-48.659));
#4711 = CARTESIAN_POINT('',(157.37814773719,-48.659));
#4712 = CARTESIAN_POINT('',(157.92807386859,-47.7065));
#4713 = CARTESIAN_POINT('',(158.478,-46.754));
#4714 = CARTESIAN_POINT('',(159.0279261314,-47.7065));
#4715 = CARTESIAN_POINT('',(159.5778522628,-48.659));
#4716 = CARTESIAN_POINT('',(158.478,-48.659));
#4717 = ( GEOMETRIC_REPRESENTATION_CONTEXT(2) 
PARAMETRIC_REPRESENTATION_CONTEXT() REPRESENTATION_CONTEXT('2D SPACE',''
  ) );
#4718 = PCURVE('',#4719,#4724);
#4719 = CYLINDRICAL_SURFACE('',#4720,0.635);
#4720 = AXIS2_PLACEMENT_3D('',#4721,#4722,#4723);
#4721 = CARTESIAN_POINT('',(158.478,-48.024,-4.6E-02));
#4722 = DIRECTION('',(-0.,-0.,-1.));
#4723 = DIRECTION('',(0.,-1.,0.));
#4724 = DEFINITIONAL_REPRESENTATION('',(#4725),#4729);
#4725 = LINE('',#4726,#4727);
#4726 = CARTESIAN_POINT('',(0.,-1.556));
#4727 = VECTOR('',#4728,1.);
#4728 = DIRECTION('',(1.,0.));
#4729 = ( GEOMETRIC_REPRESENTATION_CONTEXT(2) 
PARAMETRIC_REPRESENTATION_CONTEXT() REPRESENTATION_CONTEXT('2D SPACE',''
  ) );
#4730 = FACE_BOUND('',#4731,.T.);
#4731 = EDGE_LOOP('',(#4732));
#4732 = ORIENTED_EDGE('',*,*,#4733,.T.);
#4733 = EDGE_CURVE('',#4734,#4734,#4736,.T.);
#4734 = VERTEX_POINT('',#4735);
#4735 = CARTESIAN_POINT('',(157.978,-45.0749,1.51));
#4736 = SURFACE_CURVE('',#4737,(#4742,#4753),.PCURVE_S1.);
#4737 = CIRCLE('',#4738,0.8509);
#4738 = AXIS2_PLACEMENT_3D('',#4739,#4740,#4741);
#4739 = CARTESIAN_POINT('',(157.978,-44.224,1.51));
#4740 = DIRECTION('',(-0.,-0.,-1.));
#4741 = DIRECTION('',(0.,-1.,0.));
#4742 = PCURVE('',#33,#4743);
#4743 = DEFINITIONAL_REPRESENTATION('',(#4744),#4752);
#4744 = ( BOUNDED_CURVE() B_SPLINE_CURVE(2,(#4745,#4746,#4747,#4748,
#4749,#4750,#4751),.UNSPECIFIED.,.T.,.F.) B_SPLINE_CURVE_WITH_KNOTS((1,2
    ,2,2,2,1),(-2.094395102393,0.,2.094395102393,4.188790204786,
6.28318530718,8.377580409573),.UNSPECIFIED.) CURVE() 
GEOMETRIC_REPRESENTATION_ITEM() RATIONAL_B_SPLINE_CURVE((1.,0.5,1.,0.5,
1.,0.5,1.)) REPRESENTATION_ITEM('') );
#4745 = CARTESIAN_POINT('',(157.978,-45.0749));
#4746 = CARTESIAN_POINT('',(156.50419796784,-45.0749));
#4747 = CARTESIAN_POINT('',(157.24109898392,-43.79855));
#4748 = CARTESIAN_POINT('',(157.978,-42.5222));
#4749 = CARTESIAN_POINT('',(158.71490101608,-43.79855));
#4750 = CARTESIAN_POINT('',(159.45180203216,-45.0749));
#4751 = CARTESIAN_POINT('',(157.978,-45.0749));
#4752 = ( GEOMETRIC_REPRESENTATION_CONTEXT(2) 
PARAMETRIC_REPRESENTATION_CONTEXT() REPRESENTATION_CONTEXT('2D SPACE',''
  ) );
#4753 = PCURVE('',#4754,#4759);
#4754 = CYLINDRICAL_SURFACE('',#4755,0.8509);
#4755 = AXIS2_PLACEMENT_3D('',#4756,#4757,#4758);
#4756 = CARTESIAN_POINT('',(157.978,-44.224,-4.6E-02));
#4757 = DIRECTION('',(-0.,-0.,-1.));
#4758 = DIRECTION('',(0.,-1.,0.));
#4759 = DEFINITIONAL_REPRESENTATION('',(#4760),#4764);
#4760 = LINE('',#4761,#4762);
#4761 = CARTESIAN_POINT('',(0.,-1.556));
#4762 = VECTOR('',#4763,1.);
#4763 = DIRECTION('',(1.,0.));
#4764 = ( GEOMETRIC_REPRESENTATION_CONTEXT(2) 
PARAMETRIC_REPRESENTATION_CONTEXT() REPRESENTATION_CONTEXT('2D SPACE',''
  ) );
#4765 = FACE_BOUND('',#4766,.T.);
#4766 = EDGE_LOOP('',(#4767));
#4767 = ORIENTED_EDGE('',*,*,#4768,.T.);
#4768 = EDGE_CURVE('',#4769,#4769,#4771,.T.);
#4769 = VERTEX_POINT('',#4770);
#4770 = CARTESIAN_POINT('',(163.478,-45.9385,1.51));
#4771 = SURFACE_CURVE('',#4772,(#4777,#4788),.PCURVE_S1.);
#4772 = CIRCLE('',#4773,1.7145);
#4773 = AXIS2_PLACEMENT_3D('',#4774,#4775,#4776);
#4774 = CARTESIAN_POINT('',(163.478,-44.224,1.51));
#4775 = DIRECTION('',(-0.,-0.,-1.));
#4776 = DIRECTION('',(0.,-1.,0.));
#4777 = PCURVE('',#33,#4778);
#4778 = DEFINITIONAL_REPRESENTATION('',(#4779),#4787);
#4779 = ( BOUNDED_CURVE() B_SPLINE_CURVE(2,(#4780,#4781,#4782,#4783,
#4784,#4785,#4786),.UNSPECIFIED.,.T.,.F.) B_SPLINE_CURVE_WITH_KNOTS((1,2
    ,2,2,2,1),(-2.094395102393,0.,2.094395102393,4.188790204786,
6.28318530718,8.377580409573),.UNSPECIFIED.) CURVE() 
GEOMETRIC_REPRESENTATION_ITEM() RATIONAL_B_SPLINE_CURVE((1.,0.5,1.,0.5,
1.,0.5,1.)) REPRESENTATION_ITEM('') );
#4780 = CARTESIAN_POINT('',(163.478,-45.9385));
#4781 = CARTESIAN_POINT('',(160.50839889042,-45.9385));
#4782 = CARTESIAN_POINT('',(161.99319944521,-43.36675));
#4783 = CARTESIAN_POINT('',(163.478,-40.795));
#4784 = CARTESIAN_POINT('',(164.96280055478,-43.36675));
#4785 = CARTESIAN_POINT('',(166.44760110957,-45.9385));
#4786 = CARTESIAN_POINT('',(163.478,-45.9385));
#4787 = ( GEOMETRIC_REPRESENTATION_CONTEXT(2) 
PARAMETRIC_REPRESENTATION_CONTEXT() REPRESENTATION_CONTEXT('2D SPACE',''
  ) );
#4788 = PCURVE('',#4789,#4794);
#4789 = CYLINDRICAL_SURFACE('',#4790,1.7145);
#4790 = AXIS2_PLACEMENT_3D('',#4791,#4792,#4793);
#4791 = CARTESIAN_POINT('',(163.478,-44.224,-4.6E-02));
#4792 = DIRECTION('',(-0.,-0.,-1.));
#4793 = DIRECTION('',(0.,-1.,0.));
#4794 = DEFINITIONAL_REPRESENTATION('',(#4795),#4799);
#4795 = LINE('',#4796,#4797);
#4796 = CARTESIAN_POINT('',(0.,-1.556));
#4797 = VECTOR('',#4798,1.);
#4798 = DIRECTION('',(1.,0.));
#4799 = ( GEOMETRIC_REPRESENTATION_CONTEXT(2) 
PARAMETRIC_REPRESENTATION_CONTEXT() REPRESENTATION_CONTEXT('2D SPACE',''
  ) );
#4800 = FACE_BOUND('',#4801,.T.);
#4801 = EDGE_LOOP('',(#4802));
#4802 = ORIENTED_EDGE('',*,*,#4803,.T.);
#4803 = EDGE_CURVE('',#4804,#4804,#4806,.T.);
#4804 = VERTEX_POINT('',#4805);
#4805 = CARTESIAN_POINT('',(158.258,-40.5193,1.51));
#4806 = SURFACE_CURVE('',#4807,(#4812,#4823),.PCURVE_S1.);
#4807 = CIRCLE('',#4808,0.4953);
#4808 = AXIS2_PLACEMENT_3D('',#4809,#4810,#4811);
#4809 = CARTESIAN_POINT('',(158.258,-40.024,1.51));
#4810 = DIRECTION('',(0.,-0.,-1.));
#4811 = DIRECTION('',(5.738281734384E-14,-1.,0.));
#4812 = PCURVE('',#33,#4813);
#4813 = DEFINITIONAL_REPRESENTATION('',(#4814),#4822);
#4814 = ( BOUNDED_CURVE() B_SPLINE_CURVE(2,(#4815,#4816,#4817,#4818,
#4819,#4820,#4821),.UNSPECIFIED.,.T.,.F.) B_SPLINE_CURVE_WITH_KNOTS((1,2
    ,2,2,2,1),(-2.094395102393,0.,2.094395102393,4.188790204786,
6.28318530718,8.377580409573),.UNSPECIFIED.) CURVE() 
GEOMETRIC_REPRESENTATION_ITEM() RATIONAL_B_SPLINE_CURVE((1.,0.5,1.,0.5,
1.,0.5,1.)) REPRESENTATION_ITEM('') );
#4815 = CARTESIAN_POINT('',(158.258,-40.5193));
#4816 = CARTESIAN_POINT('',(157.40011523501,-40.5193));
#4817 = CARTESIAN_POINT('',(157.8290576175,-39.77635));
#4818 = CARTESIAN_POINT('',(158.258,-39.0334));
#4819 = CARTESIAN_POINT('',(158.68694238249,-39.77635));
#4820 = CARTESIAN_POINT('',(159.11588476498,-40.5193));
#4821 = CARTESIAN_POINT('',(158.258,-40.5193));
#4822 = ( GEOMETRIC_REPRESENTATION_CONTEXT(2) 
PARAMETRIC_REPRESENTATION_CONTEXT() REPRESENTATION_CONTEXT('2D SPACE',''
  ) );
#4823 = PCURVE('',#4824,#4829);
#4824 = CYLINDRICAL_SURFACE('',#4825,0.4953);
#4825 = AXIS2_PLACEMENT_3D('',#4826,#4827,#4828);
#4826 = CARTESIAN_POINT('',(158.258,-40.024,-4.6E-02));
#4827 = DIRECTION('',(0.,0.,-1.));
#4828 = DIRECTION('',(5.738281734384E-14,-1.,0.));
#4829 = DEFINITIONAL_REPRESENTATION('',(#4830),#4834);
#4830 = LINE('',#4831,#4832);
#4831 = CARTESIAN_POINT('',(0.,-1.556));
#4832 = VECTOR('',#4833,1.);
#4833 = DIRECTION('',(1.,0.));
#4834 = ( GEOMETRIC_REPRESENTATION_CONTEXT(2) 
PARAMETRIC_REPRESENTATION_CONTEXT() REPRESENTATION_CONTEXT('2D SPACE',''
  ) );
#4835 = FACE_BOUND('',#4836,.T.);
#4836 = EDGE_LOOP('',(#4837));
#4837 = ORIENTED_EDGE('',*,*,#4838,.T.);
#4838 = EDGE_CURVE('',#4839,#4839,#4841,.T.);
#4839 = VERTEX_POINT('',#4840);
#4840 = CARTESIAN_POINT('',(168.978,-45.0749,1.51));
#4841 = SURFACE_CURVE('',#4842,(#4847,#4858),.PCURVE_S1.);
#4842 = CIRCLE('',#4843,0.8509);
#4843 = AXIS2_PLACEMENT_3D('',#4844,#4845,#4846);
#4844 = CARTESIAN_POINT('',(168.978,-44.224,1.51));
#4845 = DIRECTION('',(-0.,-0.,-1.));
#4846 = DIRECTION('',(0.,-1.,0.));
#4847 = PCURVE('',#33,#4848);
#4848 = DEFINITIONAL_REPRESENTATION('',(#4849),#4857);
#4849 = ( BOUNDED_CURVE() B_SPLINE_CURVE(2,(#4850,#4851,#4852,#4853,
#4854,#4855,#4856),.UNSPECIFIED.,.T.,.F.) B_SPLINE_CURVE_WITH_KNOTS((1,2
    ,2,2,2,1),(-2.094395102393,0.,2.094395102393,4.188790204786,
6.28318530718,8.377580409573),.UNSPECIFIED.) CURVE() 
GEOMETRIC_REPRESENTATION_ITEM() RATIONAL_B_SPLINE_CURVE((1.,0.5,1.,0.5,
1.,0.5,1.)) REPRESENTATION_ITEM('') );
#4850 = CARTESIAN_POINT('',(168.978,-45.0749));
#4851 = CARTESIAN_POINT('',(167.50419796784,-45.0749));
#4852 = CARTESIAN_POINT('',(168.24109898392,-43.79855));
#4853 = CARTESIAN_POINT('',(168.978,-42.5222));
#4854 = CARTESIAN_POINT('',(169.71490101608,-43.79855));
#4855 = CARTESIAN_POINT('',(170.45180203216,-45.0749));
#4856 = CARTESIAN_POINT('',(168.978,-45.0749));
#4857 = ( GEOMETRIC_REPRESENTATION_CONTEXT(2) 
PARAMETRIC_REPRESENTATION_CONTEXT() REPRESENTATION_CONTEXT('2D SPACE',''
  ) );
#4858 = PCURVE('',#4859,#4864);
#4859 = CYLINDRICAL_SURFACE('',#4860,0.8509);
#4860 = AXIS2_PLACEMENT_3D('',#4861,#4862,#4863);
#4861 = CARTESIAN_POINT('',(168.978,-44.224,-4.6E-02));
#4862 = DIRECTION('',(-0.,-0.,-1.));
#4863 = DIRECTION('',(0.,-1.,0.));
#4864 = DEFINITIONAL_REPRESENTATION('',(#4865),#4869);
#4865 = LINE('',#4866,#4867);
#4866 = CARTESIAN_POINT('',(0.,-1.556));
#4867 = VECTOR('',#4868,1.);
#4868 = DIRECTION('',(1.,0.));
#4869 = ( GEOMETRIC_REPRESENTATION_CONTEXT(2) 
PARAMETRIC_REPRESENTATION_CONTEXT() REPRESENTATION_CONTEXT('2D SPACE',''
  ) );
#4870 = FACE_BOUND('',#4871,.T.);
#4871 = EDGE_LOOP('',(#4872));
#4872 = ORIENTED_EDGE('',*,*,#4873,.T.);
#4873 = EDGE_CURVE('',#4874,#4874,#4876,.T.);
#4874 = VERTEX_POINT('',#4875);
#4875 = CARTESIAN_POINT('',(176.492,-46.159,1.51));
#4876 = SURFACE_CURVE('',#4877,(#4882,#4893),.PCURVE_S1.);
#4877 = CIRCLE('',#4878,0.635);
#4878 = AXIS2_PLACEMENT_3D('',#4879,#4880,#4881);
#4879 = CARTESIAN_POINT('',(176.492,-45.524,1.51));
#4880 = DIRECTION('',(-0.,0.,-1.));
#4881 = DIRECTION('',(-4.475859752819E-14,-1.,0.));
#4882 = PCURVE('',#33,#4883);
#4883 = DEFINITIONAL_REPRESENTATION('',(#4884),#4892);
#4884 = ( BOUNDED_CURVE() B_SPLINE_CURVE(2,(#4885,#4886,#4887,#4888,
#4889,#4890,#4891),.UNSPECIFIED.,.T.,.F.) B_SPLINE_CURVE_WITH_KNOTS((1,2
    ,2,2,2,1),(-2.094395102393,0.,2.094395102393,4.188790204786,
6.28318530718,8.377580409573),.UNSPECIFIED.) CURVE() 
GEOMETRIC_REPRESENTATION_ITEM() RATIONAL_B_SPLINE_CURVE((1.,0.5,1.,0.5,
1.,0.5,1.)) REPRESENTATION_ITEM('') );
#4885 = CARTESIAN_POINT('',(176.492,-46.159));
#4886 = CARTESIAN_POINT('',(175.39214773719,-46.159));
#4887 = CARTESIAN_POINT('',(175.94207386859,-45.2065));
#4888 = CARTESIAN_POINT('',(176.492,-44.254));
#4889 = CARTESIAN_POINT('',(177.0419261314,-45.2065));
#4890 = CARTESIAN_POINT('',(177.5918522628,-46.159));
#4891 = CARTESIAN_POINT('',(176.492,-46.159));
#4892 = ( GEOMETRIC_REPRESENTATION_CONTEXT(2) 
PARAMETRIC_REPRESENTATION_CONTEXT() REPRESENTATION_CONTEXT('2D SPACE',''
  ) );
#4893 = PCURVE('',#4894,#4899);
#4894 = CYLINDRICAL_SURFACE('',#4895,0.635);
#4895 = AXIS2_PLACEMENT_3D('',#4896,#4897,#4898);
#4896 = CARTESIAN_POINT('',(176.492,-45.524,-4.6E-02));
#4897 = DIRECTION('',(-0.,-0.,-1.));
#4898 = DIRECTION('',(-4.475859752819E-14,-1.,0.));
#4899 = DEFINITIONAL_REPRESENTATION('',(#4900),#4904);
#4900 = LINE('',#4901,#4902);
#4901 = CARTESIAN_POINT('',(0.,-1.556));
#4902 = VECTOR('',#4903,1.);
#4903 = DIRECTION('',(1.,0.));
#4904 = ( GEOMETRIC_REPRESENTATION_CONTEXT(2) 
PARAMETRIC_REPRESENTATION_CONTEXT() REPRESENTATION_CONTEXT('2D SPACE',''
  ) );
#4905 = FACE_BOUND('',#4906,.T.);
#4906 = EDGE_LOOP('',(#4907));
#4907 = ORIENTED_EDGE('',*,*,#4908,.T.);
#4908 = EDGE_CURVE('',#4909,#4909,#4911,.T.);
#4909 = VERTEX_POINT('',#4910);
#4910 = CARTESIAN_POINT('',(175.992,-42.5749,1.51));
#4911 = SURFACE_CURVE('',#4912,(#4917,#4928),.PCURVE_S1.);
#4912 = CIRCLE('',#4913,0.8509);
#4913 = AXIS2_PLACEMENT_3D('',#4914,#4915,#4916);
#4914 = CARTESIAN_POINT('',(175.992,-41.724,1.51));
#4915 = DIRECTION('',(-0.,-0.,-1.));
#4916 = DIRECTION('',(0.,-1.,0.));
#4917 = PCURVE('',#33,#4918);
#4918 = DEFINITIONAL_REPRESENTATION('',(#4919),#4927);
#4919 = ( BOUNDED_CURVE() B_SPLINE_CURVE(2,(#4920,#4921,#4922,#4923,
#4924,#4925,#4926),.UNSPECIFIED.,.T.,.F.) B_SPLINE_CURVE_WITH_KNOTS((1,2
    ,2,2,2,1),(-2.094395102393,0.,2.094395102393,4.188790204786,
6.28318530718,8.377580409573),.UNSPECIFIED.) CURVE() 
GEOMETRIC_REPRESENTATION_ITEM() RATIONAL_B_SPLINE_CURVE((1.,0.5,1.,0.5,
1.,0.5,1.)) REPRESENTATION_ITEM('') );
#4920 = CARTESIAN_POINT('',(175.992,-42.5749));
#4921 = CARTESIAN_POINT('',(174.51819796784,-42.5749));
#4922 = CARTESIAN_POINT('',(175.25509898392,-41.29855));
#4923 = CARTESIAN_POINT('',(175.992,-40.0222));
#4924 = CARTESIAN_POINT('',(176.72890101608,-41.29855));
#4925 = CARTESIAN_POINT('',(177.46580203216,-42.5749));
#4926 = CARTESIAN_POINT('',(175.992,-42.5749));
#4927 = ( GEOMETRIC_REPRESENTATION_CONTEXT(2) 
PARAMETRIC_REPRESENTATION_CONTEXT() REPRESENTATION_CONTEXT('2D SPACE',''
  ) );
#4928 = PCURVE('',#4929,#4934);
#4929 = CYLINDRICAL_SURFACE('',#4930,0.8509);
#4930 = AXIS2_PLACEMENT_3D('',#4931,#4932,#4933);
#4931 = CARTESIAN_POINT('',(175.992,-41.724,-4.6E-02));
#4932 = DIRECTION('',(-0.,-0.,-1.));
#4933 = DIRECTION('',(0.,-1.,0.));
#4934 = DEFINITIONAL_REPRESENTATION('',(#4935),#4939);
#4935 = LINE('',#4936,#4937);
#4936 = CARTESIAN_POINT('',(0.,-1.556));
#4937 = VECTOR('',#4938,1.);
#4938 = DIRECTION('',(1.,0.));
#4939 = ( GEOMETRIC_REPRESENTATION_CONTEXT(2) 
PARAMETRIC_REPRESENTATION_CONTEXT() REPRESENTATION_CONTEXT('2D SPACE',''
  ) );
#4940 = FACE_BOUND('',#4941,.T.);
#4941 = EDGE_LOOP('',(#4942));
#4942 = ORIENTED_EDGE('',*,*,#4943,.T.);
#4943 = EDGE_CURVE('',#4944,#4944,#4946,.T.);
#4944 = VERTEX_POINT('',#4945);
#4945 = CARTESIAN_POINT('',(181.492,-48.259,1.51));
#4946 = SURFACE_CURVE('',#4947,(#4952,#4963),.PCURVE_S1.);
#4947 = CIRCLE('',#4948,0.635);
#4948 = AXIS2_PLACEMENT_3D('',#4949,#4950,#4951);
#4949 = CARTESIAN_POINT('',(181.492,-47.624,1.51));
#4950 = DIRECTION('',(-0.,0.,-1.));
#4951 = DIRECTION('',(-4.475859752819E-14,-1.,0.));
#4952 = PCURVE('',#33,#4953);
#4953 = DEFINITIONAL_REPRESENTATION('',(#4954),#4962);
#4954 = ( BOUNDED_CURVE() B_SPLINE_CURVE(2,(#4955,#4956,#4957,#4958,
#4959,#4960,#4961),.UNSPECIFIED.,.T.,.F.) B_SPLINE_CURVE_WITH_KNOTS((1,2
    ,2,2,2,1),(-2.094395102393,0.,2.094395102393,4.188790204786,
6.28318530718,8.377580409573),.UNSPECIFIED.) CURVE() 
GEOMETRIC_REPRESENTATION_ITEM() RATIONAL_B_SPLINE_CURVE((1.,0.5,1.,0.5,
1.,0.5,1.)) REPRESENTATION_ITEM('') );
#4955 = CARTESIAN_POINT('',(181.492,-48.259));
#4956 = CARTESIAN_POINT('',(180.39214773719,-48.259));
#4957 = CARTESIAN_POINT('',(180.94207386859,-47.3065));
#4958 = CARTESIAN_POINT('',(181.492,-46.354));
#4959 = CARTESIAN_POINT('',(182.0419261314,-47.3065));
#4960 = CARTESIAN_POINT('',(182.5918522628,-48.259));
#4961 = CARTESIAN_POINT('',(181.492,-48.259));
#4962 = ( GEOMETRIC_REPRESENTATION_CONTEXT(2) 
PARAMETRIC_REPRESENTATION_CONTEXT() REPRESENTATION_CONTEXT('2D SPACE',''
  ) );
#4963 = PCURVE('',#4964,#4969);
#4964 = CYLINDRICAL_SURFACE('',#4965,0.635);
#4965 = AXIS2_PLACEMENT_3D('',#4966,#4967,#4968);
#4966 = CARTESIAN_POINT('',(181.492,-47.624,-4.6E-02));
#4967 = DIRECTION('',(-0.,-0.,-1.));
#4968 = DIRECTION('',(-4.475859752819E-14,-1.,0.));
#4969 = DEFINITIONAL_REPRESENTATION('',(#4970),#4974);
#4970 = LINE('',#4971,#4972);
#4971 = CARTESIAN_POINT('',(0.,-1.556));
#4972 = VECTOR('',#4973,1.);
#4973 = DIRECTION('',(1.,0.));
#4974 = ( GEOMETRIC_REPRESENTATION_CONTEXT(2) 
PARAMETRIC_REPRESENTATION_CONTEXT() REPRESENTATION_CONTEXT('2D SPACE',''
  ) );
#4975 = FACE_BOUND('',#4976,.T.);
#4976 = EDGE_LOOP('',(#4977));
#4977 = ORIENTED_EDGE('',*,*,#4978,.T.);
#4978 = EDGE_CURVE('',#4979,#4979,#4981,.T.);
#4979 = VERTEX_POINT('',#4980);
#4980 = CARTESIAN_POINT('',(181.492,-43.4385,1.51));
#4981 = SURFACE_CURVE('',#4982,(#4987,#4998),.PCURVE_S1.);
#4982 = CIRCLE('',#4983,1.7145);
#4983 = AXIS2_PLACEMENT_3D('',#4984,#4985,#4986);
#4984 = CARTESIAN_POINT('',(181.492,-41.724,1.51));
#4985 = DIRECTION('',(-0.,0.,-1.));
#4986 = DIRECTION('',(-1.657725834378E-14,-1.,0.));
#4987 = PCURVE('',#33,#4988);
#4988 = DEFINITIONAL_REPRESENTATION('',(#4989),#4997);
#4989 = ( BOUNDED_CURVE() B_SPLINE_CURVE(2,(#4990,#4991,#4992,#4993,
#4994,#4995,#4996),.UNSPECIFIED.,.T.,.F.) B_SPLINE_CURVE_WITH_KNOTS((1,2
    ,2,2,2,1),(-2.094395102393,0.,2.094395102393,4.188790204786,
6.28318530718,8.377580409573),.UNSPECIFIED.) CURVE() 
GEOMETRIC_REPRESENTATION_ITEM() RATIONAL_B_SPLINE_CURVE((1.,0.5,1.,0.5,
1.,0.5,1.)) REPRESENTATION_ITEM('') );
#4990 = CARTESIAN_POINT('',(181.492,-43.4385));
#4991 = CARTESIAN_POINT('',(178.52239889042,-43.4385));
#4992 = CARTESIAN_POINT('',(180.00719944521,-40.86675));
#4993 = CARTESIAN_POINT('',(181.492,-38.295));
#4994 = CARTESIAN_POINT('',(182.97680055478,-40.86675));
#4995 = CARTESIAN_POINT('',(184.46160110957,-43.4385));
#4996 = CARTESIAN_POINT('',(181.492,-43.4385));
#4997 = ( GEOMETRIC_REPRESENTATION_CONTEXT(2) 
PARAMETRIC_REPRESENTATION_CONTEXT() REPRESENTATION_CONTEXT('2D SPACE',''
  ) );
#4998 = PCURVE('',#4999,#5004);
#4999 = CYLINDRICAL_SURFACE('',#5000,1.7145);
#5000 = AXIS2_PLACEMENT_3D('',#5001,#5002,#5003);
#5001 = CARTESIAN_POINT('',(181.492,-41.724,-4.6E-02));
#5002 = DIRECTION('',(-0.,-0.,-1.));
#5003 = DIRECTION('',(-1.657725834378E-14,-1.,0.));
#5004 = DEFINITIONAL_REPRESENTATION('',(#5005),#5009);
#5005 = LINE('',#5006,#5007);
#5006 = CARTESIAN_POINT('',(0.,-1.556));
#5007 = VECTOR('',#5008,1.);
#5008 = DIRECTION('',(1.,0.));
#5009 = ( GEOMETRIC_REPRESENTATION_CONTEXT(2) 
PARAMETRIC_REPRESENTATION_CONTEXT() REPRESENTATION_CONTEXT('2D SPACE',''
  ) );
#5010 = FACE_BOUND('',#5011,.T.);
#5011 = EDGE_LOOP('',(#5012));
#5012 = ORIENTED_EDGE('',*,*,#5013,.T.);
#5013 = EDGE_CURVE('',#5014,#5014,#5016,.T.);
#5014 = VERTEX_POINT('',#5015);
#5015 = CARTESIAN_POINT('',(186.992,-42.5749,1.51));
#5016 = SURFACE_CURVE('',#5017,(#5022,#5033),.PCURVE_S1.);
#5017 = CIRCLE('',#5018,0.8509);
#5018 = AXIS2_PLACEMENT_3D('',#5019,#5020,#5021);
#5019 = CARTESIAN_POINT('',(186.992,-41.724,1.51));
#5020 = DIRECTION('',(-0.,-0.,-1.));
#5021 = DIRECTION('',(0.,-1.,0.));
#5022 = PCURVE('',#33,#5023);
#5023 = DEFINITIONAL_REPRESENTATION('',(#5024),#5032);
#5024 = ( BOUNDED_CURVE() B_SPLINE_CURVE(2,(#5025,#5026,#5027,#5028,
#5029,#5030,#5031),.UNSPECIFIED.,.T.,.F.) B_SPLINE_CURVE_WITH_KNOTS((1,2
    ,2,2,2,1),(-2.094395102393,0.,2.094395102393,4.188790204786,
6.28318530718,8.377580409573),.UNSPECIFIED.) CURVE() 
GEOMETRIC_REPRESENTATION_ITEM() RATIONAL_B_SPLINE_CURVE((1.,0.5,1.,0.5,
1.,0.5,1.)) REPRESENTATION_ITEM('') );
#5025 = CARTESIAN_POINT('',(186.992,-42.5749));
#5026 = CARTESIAN_POINT('',(185.51819796784,-42.5749));
#5027 = CARTESIAN_POINT('',(186.25509898392,-41.29855));
#5028 = CARTESIAN_POINT('',(186.992,-40.0222));
#5029 = CARTESIAN_POINT('',(187.72890101608,-41.29855));
#5030 = CARTESIAN_POINT('',(188.46580203216,-42.5749));
#5031 = CARTESIAN_POINT('',(186.992,-42.5749));
#5032 = ( GEOMETRIC_REPRESENTATION_CONTEXT(2) 
PARAMETRIC_REPRESENTATION_CONTEXT() REPRESENTATION_CONTEXT('2D SPACE',''
  ) );
#5033 = PCURVE('',#5034,#5039);
#5034 = CYLINDRICAL_SURFACE('',#5035,0.8509);
#5035 = AXIS2_PLACEMENT_3D('',#5036,#5037,#5038);
#5036 = CARTESIAN_POINT('',(186.992,-41.724,-4.6E-02));
#5037 = DIRECTION('',(-0.,-0.,-1.));
#5038 = DIRECTION('',(0.,-1.,0.));
#5039 = DEFINITIONAL_REPRESENTATION('',(#5040),#5044);
#5040 = LINE('',#5041,#5042);
#5041 = CARTESIAN_POINT('',(0.,-1.556));
#5042 = VECTOR('',#5043,1.);
#5043 = DIRECTION('',(1.,0.));
#5044 = ( GEOMETRIC_REPRESENTATION_CONTEXT(2) 
PARAMETRIC_REPRESENTATION_CONTEXT() REPRESENTATION_CONTEXT('2D SPACE',''
  ) );
#5045 = FACE_BOUND('',#5046,.T.);
#5046 = EDGE_LOOP('',(#5047));
#5047 = ORIENTED_EDGE('',*,*,#5048,.T.);
#5048 = EDGE_CURVE('',#5049,#5049,#5051,.T.);
#5049 = VERTEX_POINT('',#5050);
#5050 = CARTESIAN_POINT('',(168.698,-40.5193,1.51));
#5051 = SURFACE_CURVE('',#5052,(#5057,#5068),.PCURVE_S1.);
#5052 = CIRCLE('',#5053,0.4953);
#5053 = AXIS2_PLACEMENT_3D('',#5054,#5055,#5056);
#5054 = CARTESIAN_POINT('',(168.698,-40.024,1.51));
#5055 = DIRECTION('',(0.,-0.,-1.));
#5056 = DIRECTION('',(5.738281734384E-14,-1.,0.));
#5057 = PCURVE('',#33,#5058);
#5058 = DEFINITIONAL_REPRESENTATION('',(#5059),#5067);
#5059 = ( BOUNDED_CURVE() B_SPLINE_CURVE(2,(#5060,#5061,#5062,#5063,
#5064,#5065,#5066),.UNSPECIFIED.,.T.,.F.) B_SPLINE_CURVE_WITH_KNOTS((1,2
    ,2,2,2,1),(-2.094395102393,0.,2.094395102393,4.188790204786,
6.28318530718,8.377580409573),.UNSPECIFIED.) CURVE() 
GEOMETRIC_REPRESENTATION_ITEM() RATIONAL_B_SPLINE_CURVE((1.,0.5,1.,0.5,
1.,0.5,1.)) REPRESENTATION_ITEM('') );
#5060 = CARTESIAN_POINT('',(168.698,-40.5193));
#5061 = CARTESIAN_POINT('',(167.84011523501,-40.5193));
#5062 = CARTESIAN_POINT('',(168.2690576175,-39.77635));
#5063 = CARTESIAN_POINT('',(168.698,-39.0334));
#5064 = CARTESIAN_POINT('',(169.12694238249,-39.77635));
#5065 = CARTESIAN_POINT('',(169.55588476498,-40.5193));
#5066 = CARTESIAN_POINT('',(168.698,-40.5193));
#5067 = ( GEOMETRIC_REPRESENTATION_CONTEXT(2) 
PARAMETRIC_REPRESENTATION_CONTEXT() REPRESENTATION_CONTEXT('2D SPACE',''
  ) );
#5068 = PCURVE('',#5069,#5074);
#5069 = CYLINDRICAL_SURFACE('',#5070,0.4953);
#5070 = AXIS2_PLACEMENT_3D('',#5071,#5072,#5073);
#5071 = CARTESIAN_POINT('',(168.698,-40.024,-4.6E-02));
#5072 = DIRECTION('',(0.,0.,-1.));
#5073 = DIRECTION('',(5.738281734384E-14,-1.,0.));
#5074 = DEFINITIONAL_REPRESENTATION('',(#5075),#5079);
#5075 = LINE('',#5076,#5077);
#5076 = CARTESIAN_POINT('',(0.,-1.556));
#5077 = VECTOR('',#5078,1.);
#5078 = DIRECTION('',(1.,0.));
#5079 = ( GEOMETRIC_REPRESENTATION_CONTEXT(2) 
PARAMETRIC_REPRESENTATION_CONTEXT() REPRESENTATION_CONTEXT('2D SPACE',''
  ) );
#5080 = FACE_BOUND('',#5081,.T.);
#5081 = EDGE_LOOP('',(#5082));
#5082 = ORIENTED_EDGE('',*,*,#5083,.T.);
#5083 = EDGE_CURVE('',#5084,#5084,#5086,.T.);
#5084 = VERTEX_POINT('',#5085);
#5085 = CARTESIAN_POINT('',(176.272,-38.0193,1.51));
#5086 = SURFACE_CURVE('',#5087,(#5092,#5103),.PCURVE_S1.);
#5087 = CIRCLE('',#5088,0.4953);
#5088 = AXIS2_PLACEMENT_3D('',#5089,#5090,#5091);
#5089 = CARTESIAN_POINT('',(176.272,-37.524,1.51));
#5090 = DIRECTION('',(-0.,-0.,-1.));
#5091 = DIRECTION('',(0.,-1.,0.));
#5092 = PCURVE('',#33,#5093);
#5093 = DEFINITIONAL_REPRESENTATION('',(#5094),#5102);
#5094 = ( BOUNDED_CURVE() B_SPLINE_CURVE(2,(#5095,#5096,#5097,#5098,
#5099,#5100,#5101),.UNSPECIFIED.,.T.,.F.) B_SPLINE_CURVE_WITH_KNOTS((1,2
    ,2,2,2,1),(-2.094395102393,0.,2.094395102393,4.188790204786,
6.28318530718,8.377580409573),.UNSPECIFIED.) CURVE() 
GEOMETRIC_REPRESENTATION_ITEM() RATIONAL_B_SPLINE_CURVE((1.,0.5,1.,0.5,
1.,0.5,1.)) REPRESENTATION_ITEM('') );
#5095 = CARTESIAN_POINT('',(176.272,-38.0193));
#5096 = CARTESIAN_POINT('',(175.41411523501,-38.0193));
#5097 = CARTESIAN_POINT('',(175.8430576175,-37.27635));
#5098 = CARTESIAN_POINT('',(176.272,-36.5334));
#5099 = CARTESIAN_POINT('',(176.70094238249,-37.27635));
#5100 = CARTESIAN_POINT('',(177.12988476498,-38.0193));
#5101 = CARTESIAN_POINT('',(176.272,-38.0193));
#5102 = ( GEOMETRIC_REPRESENTATION_CONTEXT(2) 
PARAMETRIC_REPRESENTATION_CONTEXT() REPRESENTATION_CONTEXT('2D SPACE',''
  ) );
#5103 = PCURVE('',#5104,#5109);
#5104 = CYLINDRICAL_SURFACE('',#5105,0.4953);
#5105 = AXIS2_PLACEMENT_3D('',#5106,#5107,#5108);
#5106 = CARTESIAN_POINT('',(176.272,-37.524,-4.6E-02));
#5107 = DIRECTION('',(-0.,-0.,-1.));
#5108 = DIRECTION('',(0.,-1.,0.));
#5109 = DEFINITIONAL_REPRESENTATION('',(#5110),#5114);
#5110 = LINE('',#5111,#5112);
#5111 = CARTESIAN_POINT('',(0.,-1.556));
#5112 = VECTOR('',#5113,1.);
#5113 = DIRECTION('',(1.,0.));
#5114 = ( GEOMETRIC_REPRESENTATION_CONTEXT(2) 
PARAMETRIC_REPRESENTATION_CONTEXT() REPRESENTATION_CONTEXT('2D SPACE',''
  ) );
#5115 = FACE_BOUND('',#5116,.T.);
#5116 = EDGE_LOOP('',(#5117));
#5117 = ORIENTED_EDGE('',*,*,#5118,.T.);
#5118 = EDGE_CURVE('',#5119,#5119,#5121,.T.);
#5119 = VERTEX_POINT('',#5120);
#5120 = CARTESIAN_POINT('',(186.712,-38.0193,1.51));
#5121 = SURFACE_CURVE('',#5122,(#5127,#5138),.PCURVE_S1.);
#5122 = CIRCLE('',#5123,0.4953);
#5123 = AXIS2_PLACEMENT_3D('',#5124,#5125,#5126);
#5124 = CARTESIAN_POINT('',(186.712,-37.524,1.51));
#5125 = DIRECTION('',(-0.,-0.,-1.));
#5126 = DIRECTION('',(0.,-1.,0.));
#5127 = PCURVE('',#33,#5128);
#5128 = DEFINITIONAL_REPRESENTATION('',(#5129),#5137);
#5129 = ( BOUNDED_CURVE() B_SPLINE_CURVE(2,(#5130,#5131,#5132,#5133,
#5134,#5135,#5136),.UNSPECIFIED.,.T.,.F.) B_SPLINE_CURVE_WITH_KNOTS((1,2
    ,2,2,2,1),(-2.094395102393,0.,2.094395102393,4.188790204786,
6.28318530718,8.377580409573),.UNSPECIFIED.) CURVE() 
GEOMETRIC_REPRESENTATION_ITEM() RATIONAL_B_SPLINE_CURVE((1.,0.5,1.,0.5,
1.,0.5,1.)) REPRESENTATION_ITEM('') );
#5130 = CARTESIAN_POINT('',(186.712,-38.0193));
#5131 = CARTESIAN_POINT('',(185.85411523501,-38.0193));
#5132 = CARTESIAN_POINT('',(186.2830576175,-37.27635));
#5133 = CARTESIAN_POINT('',(186.712,-36.5334));
#5134 = CARTESIAN_POINT('',(187.14094238249,-37.27635));
#5135 = CARTESIAN_POINT('',(187.56988476498,-38.0193));
#5136 = CARTESIAN_POINT('',(186.712,-38.0193));
#5137 = ( GEOMETRIC_REPRESENTATION_CONTEXT(2) 
PARAMETRIC_REPRESENTATION_CONTEXT() REPRESENTATION_CONTEXT('2D SPACE',''
  ) );
#5138 = PCURVE('',#5139,#5144);
#5139 = CYLINDRICAL_SURFACE('',#5140,0.4953);
#5140 = AXIS2_PLACEMENT_3D('',#5141,#5142,#5143);
#5141 = CARTESIAN_POINT('',(186.712,-37.524,-4.6E-02));
#5142 = DIRECTION('',(-0.,-0.,-1.));
#5143 = DIRECTION('',(0.,-1.,0.));
#5144 = DEFINITIONAL_REPRESENTATION('',(#5145),#5149);
#5145 = LINE('',#5146,#5147);
#5146 = CARTESIAN_POINT('',(0.,-1.556));
#5147 = VECTOR('',#5148,1.);
#5148 = DIRECTION('',(1.,0.));
#5149 = ( GEOMETRIC_REPRESENTATION_CONTEXT(2) 
PARAMETRIC_REPRESENTATION_CONTEXT() REPRESENTATION_CONTEXT('2D SPACE',''
  ) );
#5150 = FACE_BOUND('',#5151,.T.);
#5151 = EDGE_LOOP('',(#5152));
#5152 = ORIENTED_EDGE('',*,*,#5153,.T.);
#5153 = EDGE_CURVE('',#5154,#5154,#5156,.T.);
#5154 = VERTEX_POINT('',#5155);
#5155 = CARTESIAN_POINT('',(180.138,-31.892,1.51));
#5156 = SURFACE_CURVE('',#5157,(#5162,#5173),.PCURVE_S1.);
#5157 = CIRCLE('',#5158,0.65);
#5158 = AXIS2_PLACEMENT_3D('',#5159,#5160,#5161);
#5159 = CARTESIAN_POINT('',(180.138,-31.242,1.51));
#5160 = DIRECTION('',(-0.,-0.,-1.));
#5161 = DIRECTION('',(0.,-1.,0.));
#5162 = PCURVE('',#33,#5163);
#5163 = DEFINITIONAL_REPRESENTATION('',(#5164),#5172);
#5164 = ( BOUNDED_CURVE() B_SPLINE_CURVE(2,(#5165,#5166,#5167,#5168,
#5169,#5170,#5171),.UNSPECIFIED.,.T.,.F.) B_SPLINE_CURVE_WITH_KNOTS((1,2
    ,2,2,2,1),(-2.094395102393,0.,2.094395102393,4.188790204786,
6.28318530718,8.377580409573),.UNSPECIFIED.) CURVE() 
GEOMETRIC_REPRESENTATION_ITEM() RATIONAL_B_SPLINE_CURVE((1.,0.5,1.,0.5,
1.,0.5,1.)) REPRESENTATION_ITEM('') );
#5165 = CARTESIAN_POINT('',(180.138,-31.892));
#5166 = CARTESIAN_POINT('',(179.01216697508,-31.892));
#5167 = CARTESIAN_POINT('',(179.57508348754,-30.917));
#5168 = CARTESIAN_POINT('',(180.138,-29.942));
#5169 = CARTESIAN_POINT('',(180.70091651246,-30.917));
#5170 = CARTESIAN_POINT('',(181.26383302492,-31.892));
#5171 = CARTESIAN_POINT('',(180.138,-31.892));
#5172 = ( GEOMETRIC_REPRESENTATION_CONTEXT(2) 
PARAMETRIC_REPRESENTATION_CONTEXT() REPRESENTATION_CONTEXT('2D SPACE',''
  ) );
#5173 = PCURVE('',#5174,#5179);
#5174 = CYLINDRICAL_SURFACE('',#5175,0.65);
#5175 = AXIS2_PLACEMENT_3D('',#5176,#5177,#5178);
#5176 = CARTESIAN_POINT('',(180.138,-31.242,-4.6E-02));
#5177 = DIRECTION('',(-0.,-0.,-1.));
#5178 = DIRECTION('',(0.,-1.,0.));
#5179 = DEFINITIONAL_REPRESENTATION('',(#5180),#5184);
#5180 = LINE('',#5181,#5182);
#5181 = CARTESIAN_POINT('',(0.,-1.556));
#5182 = VECTOR('',#5183,1.);
#5183 = DIRECTION('',(1.,0.));
#5184 = ( GEOMETRIC_REPRESENTATION_CONTEXT(2) 
PARAMETRIC_REPRESENTATION_CONTEXT() REPRESENTATION_CONTEXT('2D SPACE',''
  ) );
#5185 = FACE_BOUND('',#5186,.T.);
#5186 = EDGE_LOOP('',(#5187));
#5187 = ORIENTED_EDGE('',*,*,#5188,.T.);
#5188 = EDGE_CURVE('',#5189,#5189,#5191,.T.);
#5189 = VERTEX_POINT('',#5190);
#5190 = CARTESIAN_POINT('',(186.638,-31.892,1.51));
#5191 = SURFACE_CURVE('',#5192,(#5197,#5208),.PCURVE_S1.);
#5192 = CIRCLE('',#5193,0.65);
#5193 = AXIS2_PLACEMENT_3D('',#5194,#5195,#5196);
#5194 = CARTESIAN_POINT('',(186.638,-31.242,1.51));
#5195 = DIRECTION('',(-0.,-0.,-1.));
#5196 = DIRECTION('',(0.,-1.,0.));
#5197 = PCURVE('',#33,#5198);
#5198 = DEFINITIONAL_REPRESENTATION('',(#5199),#5207);
#5199 = ( BOUNDED_CURVE() B_SPLINE_CURVE(2,(#5200,#5201,#5202,#5203,
#5204,#5205,#5206),.UNSPECIFIED.,.T.,.F.) B_SPLINE_CURVE_WITH_KNOTS((1,2
    ,2,2,2,1),(-2.094395102393,0.,2.094395102393,4.188790204786,
6.28318530718,8.377580409573),.UNSPECIFIED.) CURVE() 
GEOMETRIC_REPRESENTATION_ITEM() RATIONAL_B_SPLINE_CURVE((1.,0.5,1.,0.5,
1.,0.5,1.)) REPRESENTATION_ITEM('') );
#5200 = CARTESIAN_POINT('',(186.638,-31.892));
#5201 = CARTESIAN_POINT('',(185.51216697508,-31.892));
#5202 = CARTESIAN_POINT('',(186.07508348754,-30.917));
#5203 = CARTESIAN_POINT('',(186.638,-29.942));
#5204 = CARTESIAN_POINT('',(187.20091651246,-30.917));
#5205 = CARTESIAN_POINT('',(187.76383302492,-31.892));
#5206 = CARTESIAN_POINT('',(186.638,-31.892));
#5207 = ( GEOMETRIC_REPRESENTATION_CONTEXT(2) 
PARAMETRIC_REPRESENTATION_CONTEXT() REPRESENTATION_CONTEXT('2D SPACE',''
  ) );
#5208 = PCURVE('',#5209,#5214);
#5209 = CYLINDRICAL_SURFACE('',#5210,0.65);
#5210 = AXIS2_PLACEMENT_3D('',#5211,#5212,#5213);
#5211 = CARTESIAN_POINT('',(186.638,-31.242,-4.6E-02));
#5212 = DIRECTION('',(-0.,-0.,-1.));
#5213 = DIRECTION('',(0.,-1.,0.));
#5214 = DEFINITIONAL_REPRESENTATION('',(#5215),#5219);
#5215 = LINE('',#5216,#5217);
#5216 = CARTESIAN_POINT('',(0.,-1.556));
#5217 = VECTOR('',#5218,1.);
#5218 = DIRECTION('',(1.,0.));
#5219 = ( GEOMETRIC_REPRESENTATION_CONTEXT(2) 
PARAMETRIC_REPRESENTATION_CONTEXT() REPRESENTATION_CONTEXT('2D SPACE',''
  ) );
#5220 = FACE_BOUND('',#5221,.T.);
#5221 = EDGE_LOOP('',(#5222));
#5222 = ORIENTED_EDGE('',*,*,#5223,.T.);
#5223 = EDGE_CURVE('',#5224,#5224,#5226,.T.);
#5224 = VERTEX_POINT('',#5225);
#5225 = CARTESIAN_POINT('',(190.484,-34.174,1.51));
#5226 = SURFACE_CURVE('',#5227,(#5232,#5243),.PCURVE_S1.);
#5227 = CIRCLE('',#5228,1.1);
#5228 = AXIS2_PLACEMENT_3D('',#5229,#5230,#5231);
#5229 = CARTESIAN_POINT('',(190.484,-33.074,1.51));
#5230 = DIRECTION('',(0.,-0.,-1.));
#5231 = DIRECTION('',(2.5837917664E-14,-1.,0.));
#5232 = PCURVE('',#33,#5233);
#5233 = DEFINITIONAL_REPRESENTATION('',(#5234),#5242);
#5234 = ( BOUNDED_CURVE() B_SPLINE_CURVE(2,(#5235,#5236,#5237,#5238,
#5239,#5240,#5241),.UNSPECIFIED.,.T.,.F.) B_SPLINE_CURVE_WITH_KNOTS((1,2
    ,2,2,2,1),(-2.094395102393,0.,2.094395102393,4.188790204786,
6.28318530718,8.377580409573),.UNSPECIFIED.) CURVE() 
GEOMETRIC_REPRESENTATION_ITEM() RATIONAL_B_SPLINE_CURVE((1.,0.5,1.,0.5,
1.,0.5,1.)) REPRESENTATION_ITEM('') );
#5235 = CARTESIAN_POINT('',(190.484,-34.174));
#5236 = CARTESIAN_POINT('',(188.57874411167,-34.174));
#5237 = CARTESIAN_POINT('',(189.53137205583,-32.524));
#5238 = CARTESIAN_POINT('',(190.484,-30.874));
#5239 = CARTESIAN_POINT('',(191.43662794416,-32.524));
#5240 = CARTESIAN_POINT('',(192.38925588832,-34.174));
#5241 = CARTESIAN_POINT('',(190.484,-34.174));
#5242 = ( GEOMETRIC_REPRESENTATION_CONTEXT(2) 
PARAMETRIC_REPRESENTATION_CONTEXT() REPRESENTATION_CONTEXT('2D SPACE',''
  ) );
#5243 = PCURVE('',#5244,#5249);
#5244 = CYLINDRICAL_SURFACE('',#5245,1.1);
#5245 = AXIS2_PLACEMENT_3D('',#5246,#5247,#5248);
#5246 = CARTESIAN_POINT('',(190.484,-33.074,-4.6E-02));
#5247 = DIRECTION('',(0.,0.,-1.));
#5248 = DIRECTION('',(2.5837917664E-14,-1.,0.));
#5249 = DEFINITIONAL_REPRESENTATION('',(#5250),#5254);
#5250 = LINE('',#5251,#5252);
#5251 = CARTESIAN_POINT('',(0.,-1.556));
#5252 = VECTOR('',#5253,1.);
#5253 = DIRECTION('',(1.,0.));
#5254 = ( GEOMETRIC_REPRESENTATION_CONTEXT(2) 
PARAMETRIC_REPRESENTATION_CONTEXT() REPRESENTATION_CONTEXT('2D SPACE',''
  ) );
#5255 = FACE_BOUND('',#5256,.T.);
#5256 = EDGE_LOOP('',(#5257));
#5257 = ORIENTED_EDGE('',*,*,#5258,.T.);
#5258 = EDGE_CURVE('',#5259,#5259,#5261,.T.);
#5259 = VERTEX_POINT('',#5260);
#5260 = CARTESIAN_POINT('',(193.98,-71.2089,1.51));
#5261 = SURFACE_CURVE('',#5262,(#5267,#5278),.PCURVE_S1.);
#5262 = CIRCLE('',#5263,0.8509);
#5263 = AXIS2_PLACEMENT_3D('',#5264,#5265,#5266);
#5264 = CARTESIAN_POINT('',(193.98,-70.358,1.51));
#5265 = DIRECTION('',(-0.,0.,-1.));
#5266 = DIRECTION('',(-3.340193845388E-14,-1.,0.));
#5267 = PCURVE('',#33,#5268);
#5268 = DEFINITIONAL_REPRESENTATION('',(#5269),#5277);
#5269 = ( BOUNDED_CURVE() B_SPLINE_CURVE(2,(#5270,#5271,#5272,#5273,
#5274,#5275,#5276),.UNSPECIFIED.,.T.,.F.) B_SPLINE_CURVE_WITH_KNOTS((1,2
    ,2,2,2,1),(-2.094395102393,0.,2.094395102393,4.188790204786,
6.28318530718,8.377580409573),.UNSPECIFIED.) CURVE() 
GEOMETRIC_REPRESENTATION_ITEM() RATIONAL_B_SPLINE_CURVE((1.,0.5,1.,0.5,
1.,0.5,1.)) REPRESENTATION_ITEM('') );
#5270 = CARTESIAN_POINT('',(193.98,-71.2089));
#5271 = CARTESIAN_POINT('',(192.50619796784,-71.2089));
#5272 = CARTESIAN_POINT('',(193.24309898392,-69.93255));
#5273 = CARTESIAN_POINT('',(193.98,-68.6562));
#5274 = CARTESIAN_POINT('',(194.71690101608,-69.93255));
#5275 = CARTESIAN_POINT('',(195.45380203216,-71.2089));
#5276 = CARTESIAN_POINT('',(193.98,-71.2089));
#5277 = ( GEOMETRIC_REPRESENTATION_CONTEXT(2) 
PARAMETRIC_REPRESENTATION_CONTEXT() REPRESENTATION_CONTEXT('2D SPACE',''
  ) );
#5278 = PCURVE('',#5279,#5284);
#5279 = CYLINDRICAL_SURFACE('',#5280,0.8509);
#5280 = AXIS2_PLACEMENT_3D('',#5281,#5282,#5283);
#5281 = CARTESIAN_POINT('',(193.98,-70.358,-4.6E-02));
#5282 = DIRECTION('',(-0.,-0.,-1.));
#5283 = DIRECTION('',(-3.340193845388E-14,-1.,0.));
#5284 = DEFINITIONAL_REPRESENTATION('',(#5285),#5289);
#5285 = LINE('',#5286,#5287);
#5286 = CARTESIAN_POINT('',(0.,-1.556));
#5287 = VECTOR('',#5288,1.);
#5288 = DIRECTION('',(1.,0.));
#5289 = ( GEOMETRIC_REPRESENTATION_CONTEXT(2) 
PARAMETRIC_REPRESENTATION_CONTEXT() REPRESENTATION_CONTEXT('2D SPACE',''
  ) );
#5290 = FACE_BOUND('',#5291,.T.);
#5291 = EDGE_LOOP('',(#5292));
#5292 = ORIENTED_EDGE('',*,*,#5293,.T.);
#5293 = EDGE_CURVE('',#5294,#5294,#5296,.T.);
#5294 = VERTEX_POINT('',#5295);
#5295 = CARTESIAN_POINT('',(199.48,-72.0725,1.51));
#5296 = SURFACE_CURVE('',#5297,(#5302,#5313),.PCURVE_S1.);
#5297 = CIRCLE('',#5298,1.7145);
#5298 = AXIS2_PLACEMENT_3D('',#5299,#5300,#5301);
#5299 = CARTESIAN_POINT('',(199.48,-70.358,1.51));
#5300 = DIRECTION('',(-0.,0.,-1.));
#5301 = DIRECTION('',(-1.657725834378E-14,-1.,0.));
#5302 = PCURVE('',#33,#5303);
#5303 = DEFINITIONAL_REPRESENTATION('',(#5304),#5312);
#5304 = ( BOUNDED_CURVE() B_SPLINE_CURVE(2,(#5305,#5306,#5307,#5308,
#5309,#5310,#5311),.UNSPECIFIED.,.T.,.F.) B_SPLINE_CURVE_WITH_KNOTS((1,2
    ,2,2,2,1),(-2.094395102393,0.,2.094395102393,4.188790204786,
6.28318530718,8.377580409573),.UNSPECIFIED.) CURVE() 
GEOMETRIC_REPRESENTATION_ITEM() RATIONAL_B_SPLINE_CURVE((1.,0.5,1.,0.5,
1.,0.5,1.)) REPRESENTATION_ITEM('') );
#5305 = CARTESIAN_POINT('',(199.48,-72.0725));
#5306 = CARTESIAN_POINT('',(196.51039889042,-72.0725));
#5307 = CARTESIAN_POINT('',(197.99519944521,-69.50075));
#5308 = CARTESIAN_POINT('',(199.48,-66.929));
#5309 = CARTESIAN_POINT('',(200.96480055478,-69.50075));
#5310 = CARTESIAN_POINT('',(202.44960110957,-72.0725));
#5311 = CARTESIAN_POINT('',(199.48,-72.0725));
#5312 = ( GEOMETRIC_REPRESENTATION_CONTEXT(2) 
PARAMETRIC_REPRESENTATION_CONTEXT() REPRESENTATION_CONTEXT('2D SPACE',''
  ) );
#5313 = PCURVE('',#5314,#5319);
#5314 = CYLINDRICAL_SURFACE('',#5315,1.7145);
#5315 = AXIS2_PLACEMENT_3D('',#5316,#5317,#5318);
#5316 = CARTESIAN_POINT('',(199.48,-70.358,-4.6E-02));
#5317 = DIRECTION('',(-0.,-0.,-1.));
#5318 = DIRECTION('',(-1.657725834378E-14,-1.,0.));
#5319 = DEFINITIONAL_REPRESENTATION('',(#5320),#5324);
#5320 = LINE('',#5321,#5322);
#5321 = CARTESIAN_POINT('',(0.,-1.556));
#5322 = VECTOR('',#5323,1.);
#5323 = DIRECTION('',(1.,0.));
#5324 = ( GEOMETRIC_REPRESENTATION_CONTEXT(2) 
PARAMETRIC_REPRESENTATION_CONTEXT() REPRESENTATION_CONTEXT('2D SPACE',''
  ) );
#5325 = FACE_BOUND('',#5326,.T.);
#5326 = EDGE_LOOP('',(#5327));
#5327 = ORIENTED_EDGE('',*,*,#5328,.T.);
#5328 = EDGE_CURVE('',#5329,#5329,#5331,.T.);
#5329 = VERTEX_POINT('',#5330);
#5330 = CARTESIAN_POINT('',(194.26,-66.6533,1.51));
#5331 = SURFACE_CURVE('',#5332,(#5337,#5348),.PCURVE_S1.);
#5332 = CIRCLE('',#5333,0.4953);
#5333 = AXIS2_PLACEMENT_3D('',#5334,#5335,#5336);
#5334 = CARTESIAN_POINT('',(194.26,-66.158,1.51));
#5335 = DIRECTION('',(-0.,-0.,-1.));
#5336 = DIRECTION('',(0.,-1.,0.));
#5337 = PCURVE('',#33,#5338);
#5338 = DEFINITIONAL_REPRESENTATION('',(#5339),#5347);
#5339 = ( BOUNDED_CURVE() B_SPLINE_CURVE(2,(#5340,#5341,#5342,#5343,
#5344,#5345,#5346),.UNSPECIFIED.,.T.,.F.) B_SPLINE_CURVE_WITH_KNOTS((1,2
    ,2,2,2,1),(-2.094395102393,0.,2.094395102393,4.188790204786,
6.28318530718,8.377580409573),.UNSPECIFIED.) CURVE() 
GEOMETRIC_REPRESENTATION_ITEM() RATIONAL_B_SPLINE_CURVE((1.,0.5,1.,0.5,
1.,0.5,1.)) REPRESENTATION_ITEM('') );
#5340 = CARTESIAN_POINT('',(194.26,-66.6533));
#5341 = CARTESIAN_POINT('',(193.40211523501,-66.6533));
#5342 = CARTESIAN_POINT('',(193.8310576175,-65.91035));
#5343 = CARTESIAN_POINT('',(194.26,-65.1674));
#5344 = CARTESIAN_POINT('',(194.68894238249,-65.91035));
#5345 = CARTESIAN_POINT('',(195.11788476498,-66.6533));
#5346 = CARTESIAN_POINT('',(194.26,-66.6533));
#5347 = ( GEOMETRIC_REPRESENTATION_CONTEXT(2) 
PARAMETRIC_REPRESENTATION_CONTEXT() REPRESENTATION_CONTEXT('2D SPACE',''
  ) );
#5348 = PCURVE('',#5349,#5354);
#5349 = CYLINDRICAL_SURFACE('',#5350,0.4953);
#5350 = AXIS2_PLACEMENT_3D('',#5351,#5352,#5353);
#5351 = CARTESIAN_POINT('',(194.26,-66.158,-4.6E-02));
#5352 = DIRECTION('',(-0.,-0.,-1.));
#5353 = DIRECTION('',(0.,-1.,0.));
#5354 = DEFINITIONAL_REPRESENTATION('',(#5355),#5359);
#5355 = LINE('',#5356,#5357);
#5356 = CARTESIAN_POINT('',(0.,-1.556));
#5357 = VECTOR('',#5358,1.);
#5358 = DIRECTION('',(1.,0.));
#5359 = ( GEOMETRIC_REPRESENTATION_CONTEXT(2) 
PARAMETRIC_REPRESENTATION_CONTEXT() REPRESENTATION_CONTEXT('2D SPACE',''
  ) );
#5360 = FACE_BOUND('',#5361,.T.);
#5361 = EDGE_LOOP('',(#5362));
#5362 = ORIENTED_EDGE('',*,*,#5363,.T.);
#5363 = EDGE_CURVE('',#5364,#5364,#5366,.T.);
#5364 = VERTEX_POINT('',#5365);
#5365 = CARTESIAN_POINT('',(204.98,-71.2089,1.51));
#5366 = SURFACE_CURVE('',#5367,(#5372,#5383),.PCURVE_S1.);
#5367 = CIRCLE('',#5368,0.8509);
#5368 = AXIS2_PLACEMENT_3D('',#5369,#5370,#5371);
#5369 = CARTESIAN_POINT('',(204.98,-70.358,1.51));
#5370 = DIRECTION('',(-0.,0.,-1.));
#5371 = DIRECTION('',(-3.340193845388E-14,-1.,0.));
#5372 = PCURVE('',#33,#5373);
#5373 = DEFINITIONAL_REPRESENTATION('',(#5374),#5382);
#5374 = ( BOUNDED_CURVE() B_SPLINE_CURVE(2,(#5375,#5376,#5377,#5378,
#5379,#5380,#5381),.UNSPECIFIED.,.T.,.F.) B_SPLINE_CURVE_WITH_KNOTS((1,2
    ,2,2,2,1),(-2.094395102393,0.,2.094395102393,4.188790204786,
6.28318530718,8.377580409573),.UNSPECIFIED.) CURVE() 
GEOMETRIC_REPRESENTATION_ITEM() RATIONAL_B_SPLINE_CURVE((1.,0.5,1.,0.5,
1.,0.5,1.)) REPRESENTATION_ITEM('') );
#5375 = CARTESIAN_POINT('',(204.98,-71.2089));
#5376 = CARTESIAN_POINT('',(203.50619796784,-71.2089));
#5377 = CARTESIAN_POINT('',(204.24309898392,-69.93255));
#5378 = CARTESIAN_POINT('',(204.98,-68.6562));
#5379 = CARTESIAN_POINT('',(205.71690101608,-69.93255));
#5380 = CARTESIAN_POINT('',(206.45380203216,-71.2089));
#5381 = CARTESIAN_POINT('',(204.98,-71.2089));
#5382 = ( GEOMETRIC_REPRESENTATION_CONTEXT(2) 
PARAMETRIC_REPRESENTATION_CONTEXT() REPRESENTATION_CONTEXT('2D SPACE',''
  ) );
#5383 = PCURVE('',#5384,#5389);
#5384 = CYLINDRICAL_SURFACE('',#5385,0.8509);
#5385 = AXIS2_PLACEMENT_3D('',#5386,#5387,#5388);
#5386 = CARTESIAN_POINT('',(204.98,-70.358,-4.6E-02));
#5387 = DIRECTION('',(-0.,-0.,-1.));
#5388 = DIRECTION('',(-3.340193845388E-14,-1.,0.));
#5389 = DEFINITIONAL_REPRESENTATION('',(#5390),#5394);
#5390 = LINE('',#5391,#5392);
#5391 = CARTESIAN_POINT('',(0.,-1.556));
#5392 = VECTOR('',#5393,1.);
#5393 = DIRECTION('',(1.,0.));
#5394 = ( GEOMETRIC_REPRESENTATION_CONTEXT(2) 
PARAMETRIC_REPRESENTATION_CONTEXT() REPRESENTATION_CONTEXT('2D SPACE',''
  ) );
#5395 = FACE_BOUND('',#5396,.T.);
#5396 = EDGE_LOOP('',(#5397));
#5397 = ORIENTED_EDGE('',*,*,#5398,.T.);
#5398 = EDGE_CURVE('',#5399,#5399,#5401,.T.);
#5399 = VERTEX_POINT('',#5400);
#5400 = CARTESIAN_POINT('',(204.7,-66.6533,1.51));
#5401 = SURFACE_CURVE('',#5402,(#5407,#5418),.PCURVE_S1.);
#5402 = CIRCLE('',#5403,0.4953);
#5403 = AXIS2_PLACEMENT_3D('',#5404,#5405,#5406);
#5404 = CARTESIAN_POINT('',(204.7,-66.158,1.51));
#5405 = DIRECTION('',(-0.,-0.,-1.));
#5406 = DIRECTION('',(0.,-1.,0.));
#5407 = PCURVE('',#33,#5408);
#5408 = DEFINITIONAL_REPRESENTATION('',(#5409),#5417);
#5409 = ( BOUNDED_CURVE() B_SPLINE_CURVE(2,(#5410,#5411,#5412,#5413,
#5414,#5415,#5416),.UNSPECIFIED.,.T.,.F.) B_SPLINE_CURVE_WITH_KNOTS((1,2
    ,2,2,2,1),(-2.094395102393,0.,2.094395102393,4.188790204786,
6.28318530718,8.377580409573),.UNSPECIFIED.) CURVE() 
GEOMETRIC_REPRESENTATION_ITEM() RATIONAL_B_SPLINE_CURVE((1.,0.5,1.,0.5,
1.,0.5,1.)) REPRESENTATION_ITEM('') );
#5410 = CARTESIAN_POINT('',(204.7,-66.6533));
#5411 = CARTESIAN_POINT('',(203.84211523501,-66.6533));
#5412 = CARTESIAN_POINT('',(204.2710576175,-65.91035));
#5413 = CARTESIAN_POINT('',(204.7,-65.1674));
#5414 = CARTESIAN_POINT('',(205.12894238249,-65.91035));
#5415 = CARTESIAN_POINT('',(205.55788476498,-66.6533));
#5416 = CARTESIAN_POINT('',(204.7,-66.6533));
#5417 = ( GEOMETRIC_REPRESENTATION_CONTEXT(2) 
PARAMETRIC_REPRESENTATION_CONTEXT() REPRESENTATION_CONTEXT('2D SPACE',''
  ) );
#5418 = PCURVE('',#5419,#5424);
#5419 = CYLINDRICAL_SURFACE('',#5420,0.4953);
#5420 = AXIS2_PLACEMENT_3D('',#5421,#5422,#5423);
#5421 = CARTESIAN_POINT('',(204.7,-66.158,-4.6E-02));
#5422 = DIRECTION('',(-0.,-0.,-1.));
#5423 = DIRECTION('',(0.,-1.,0.));
#5424 = DEFINITIONAL_REPRESENTATION('',(#5425),#5429);
#5425 = LINE('',#5426,#5427);
#5426 = CARTESIAN_POINT('',(0.,-1.556));
#5427 = VECTOR('',#5428,1.);
#5428 = DIRECTION('',(1.,0.));
#5429 = ( GEOMETRIC_REPRESENTATION_CONTEXT(2) 
PARAMETRIC_REPRESENTATION_CONTEXT() REPRESENTATION_CONTEXT('2D SPACE',''
  ) );
#5430 = FACE_BOUND('',#5431,.T.);
#5431 = EDGE_LOOP('',(#5432));
#5432 = ORIENTED_EDGE('',*,*,#5433,.T.);
#5433 = EDGE_CURVE('',#5434,#5434,#5436,.T.);
#5434 = VERTEX_POINT('',#5435);
#5435 = CARTESIAN_POINT('',(218.640422,-65.957423,1.51));
#5436 = SURFACE_CURVE('',#5437,(#5442,#5453),.PCURVE_S1.);
#5437 = CIRCLE('',#5438,0.635);
#5438 = AXIS2_PLACEMENT_3D('',#5439,#5440,#5441);
#5439 = CARTESIAN_POINT('',(218.640422,-65.322423,1.51));
#5440 = DIRECTION('',(-0.,-0.,-1.));
#5441 = DIRECTION('',(0.,-1.,0.));
#5442 = PCURVE('',#33,#5443);
#5443 = DEFINITIONAL_REPRESENTATION('',(#5444),#5452);
#5444 = ( BOUNDED_CURVE() B_SPLINE_CURVE(2,(#5445,#5446,#5447,#5448,
#5449,#5450,#5451),.UNSPECIFIED.,.T.,.F.) B_SPLINE_CURVE_WITH_KNOTS((1,2
    ,2,2,2,1),(-2.094395102393,0.,2.094395102393,4.188790204786,
6.28318530718,8.377580409573),.UNSPECIFIED.) CURVE() 
GEOMETRIC_REPRESENTATION_ITEM() RATIONAL_B_SPLINE_CURVE((1.,0.5,1.,0.5,
1.,0.5,1.)) REPRESENTATION_ITEM('') );
#5445 = CARTESIAN_POINT('',(218.640422,-65.957423));
#5446 = CARTESIAN_POINT('',(217.54056973719,-65.957423));
#5447 = CARTESIAN_POINT('',(218.09049586859,-65.004923));
#5448 = CARTESIAN_POINT('',(218.640422,-64.052423));
#5449 = CARTESIAN_POINT('',(219.1903481314,-65.004923));
#5450 = CARTESIAN_POINT('',(219.7402742628,-65.957423));
#5451 = CARTESIAN_POINT('',(218.640422,-65.957423));
#5452 = ( GEOMETRIC_REPRESENTATION_CONTEXT(2) 
PARAMETRIC_REPRESENTATION_CONTEXT() REPRESENTATION_CONTEXT('2D SPACE',''
  ) );
#5453 = PCURVE('',#5454,#5459);
#5454 = CYLINDRICAL_SURFACE('',#5455,0.635);
#5455 = AXIS2_PLACEMENT_3D('',#5456,#5457,#5458);
#5456 = CARTESIAN_POINT('',(218.640422,-65.322423,-4.6E-02));
#5457 = DIRECTION('',(-0.,-0.,-1.));
#5458 = DIRECTION('',(0.,-1.,0.));
#5459 = DEFINITIONAL_REPRESENTATION('',(#5460),#5464);
#5460 = LINE('',#5461,#5462);
#5461 = CARTESIAN_POINT('',(0.,-1.556));
#5462 = VECTOR('',#5463,1.);
#5463 = DIRECTION('',(1.,0.));
#5464 = ( GEOMETRIC_REPRESENTATION_CONTEXT(2) 
PARAMETRIC_REPRESENTATION_CONTEXT() REPRESENTATION_CONTEXT('2D SPACE',''
  ) );
#5465 = FACE_BOUND('',#5466,.T.);
#5466 = EDGE_LOOP('',(#5467));
#5467 = ORIENTED_EDGE('',*,*,#5468,.T.);
#5468 = EDGE_CURVE('',#5469,#5469,#5471,.T.);
#5469 = VERTEX_POINT('',#5470);
#5470 = CARTESIAN_POINT('',(213.79909,-63.513756,1.51));
#5471 = SURFACE_CURVE('',#5472,(#5477,#5488),.PCURVE_S1.);
#5472 = CIRCLE('',#5473,0.635);
#5473 = AXIS2_PLACEMENT_3D('',#5474,#5475,#5476);
#5474 = CARTESIAN_POINT('',(213.79909,-62.878756,1.51));
#5475 = DIRECTION('',(0.,-0.,-1.));
#5476 = DIRECTION('',(4.475859752819E-14,-1.,0.));
#5477 = PCURVE('',#33,#5478);
#5478 = DEFINITIONAL_REPRESENTATION('',(#5479),#5487);
#5479 = ( BOUNDED_CURVE() B_SPLINE_CURVE(2,(#5480,#5481,#5482,#5483,
#5484,#5485,#5486),.UNSPECIFIED.,.T.,.F.) B_SPLINE_CURVE_WITH_KNOTS((1,2
    ,2,2,2,1),(-2.094395102393,0.,2.094395102393,4.188790204786,
6.28318530718,8.377580409573),.UNSPECIFIED.) CURVE() 
GEOMETRIC_REPRESENTATION_ITEM() RATIONAL_B_SPLINE_CURVE((1.,0.5,1.,0.5,
1.,0.5,1.)) REPRESENTATION_ITEM('') );
#5480 = CARTESIAN_POINT('',(213.79909,-63.513756));
#5481 = CARTESIAN_POINT('',(212.69923773719,-63.513756));
#5482 = CARTESIAN_POINT('',(213.24916386859,-62.561256));
#5483 = CARTESIAN_POINT('',(213.79909,-61.608756));
#5484 = CARTESIAN_POINT('',(214.3490161314,-62.561256));
#5485 = CARTESIAN_POINT('',(214.8989422628,-63.513756));
#5486 = CARTESIAN_POINT('',(213.79909,-63.513756));
#5487 = ( GEOMETRIC_REPRESENTATION_CONTEXT(2) 
PARAMETRIC_REPRESENTATION_CONTEXT() REPRESENTATION_CONTEXT('2D SPACE',''
  ) );
#5488 = PCURVE('',#5489,#5494);
#5489 = CYLINDRICAL_SURFACE('',#5490,0.635);
#5490 = AXIS2_PLACEMENT_3D('',#5491,#5492,#5493);
#5491 = CARTESIAN_POINT('',(213.79909,-62.878756,-4.6E-02));
#5492 = DIRECTION('',(0.,0.,-1.));
#5493 = DIRECTION('',(4.475859752819E-14,-1.,0.));
#5494 = DEFINITIONAL_REPRESENTATION('',(#5495),#5499);
#5495 = LINE('',#5496,#5497);
#5496 = CARTESIAN_POINT('',(0.,-1.556));
#5497 = VECTOR('',#5498,1.);
#5498 = DIRECTION('',(1.,0.));
#5499 = ( GEOMETRIC_REPRESENTATION_CONTEXT(2) 
PARAMETRIC_REPRESENTATION_CONTEXT() REPRESENTATION_CONTEXT('2D SPACE',''
  ) );
#5500 = FACE_BOUND('',#5501,.T.);
#5501 = EDGE_LOOP('',(#5502));
#5502 = ORIENTED_EDGE('',*,*,#5503,.T.);
#5503 = EDGE_CURVE('',#5504,#5504,#5506,.T.);
#5504 = VERTEX_POINT('',#5505);
#5505 = CARTESIAN_POINT('',(199.48,-59.875,1.51));
#5506 = SURFACE_CURVE('',#5507,(#5512,#5523),.PCURVE_S1.);
#5507 = CIRCLE('',#5508,0.635);
#5508 = AXIS2_PLACEMENT_3D('',#5509,#5510,#5511);
#5509 = CARTESIAN_POINT('',(199.48,-59.24,1.51));
#5510 = DIRECTION('',(-0.,0.,-1.));
#5511 = DIRECTION('',(-4.475859752819E-14,-1.,0.));
#5512 = PCURVE('',#33,#5513);
#5513 = DEFINITIONAL_REPRESENTATION('',(#5514),#5522);
#5514 = ( BOUNDED_CURVE() B_SPLINE_CURVE(2,(#5515,#5516,#5517,#5518,
#5519,#5520,#5521),.UNSPECIFIED.,.T.,.F.) B_SPLINE_CURVE_WITH_KNOTS((1,2
    ,2,2,2,1),(-2.094395102393,0.,2.094395102393,4.188790204786,
6.28318530718,8.377580409573),.UNSPECIFIED.) CURVE() 
GEOMETRIC_REPRESENTATION_ITEM() RATIONAL_B_SPLINE_CURVE((1.,0.5,1.,0.5,
1.,0.5,1.)) REPRESENTATION_ITEM('') );
#5515 = CARTESIAN_POINT('',(199.48,-59.875));
#5516 = CARTESIAN_POINT('',(198.38014773719,-59.875));
#5517 = CARTESIAN_POINT('',(198.93007386859,-58.9225));
#5518 = CARTESIAN_POINT('',(199.48,-57.97));
#5519 = CARTESIAN_POINT('',(200.0299261314,-58.9225));
#5520 = CARTESIAN_POINT('',(200.5798522628,-59.875));
#5521 = CARTESIAN_POINT('',(199.48,-59.875));
#5522 = ( GEOMETRIC_REPRESENTATION_CONTEXT(2) 
PARAMETRIC_REPRESENTATION_CONTEXT() REPRESENTATION_CONTEXT('2D SPACE',''
  ) );
#5523 = PCURVE('',#5524,#5529);
#5524 = CYLINDRICAL_SURFACE('',#5525,0.635);
#5525 = AXIS2_PLACEMENT_3D('',#5526,#5527,#5528);
#5526 = CARTESIAN_POINT('',(199.48,-59.24,-4.6E-02));
#5527 = DIRECTION('',(-0.,-0.,-1.));
#5528 = DIRECTION('',(-4.475859752819E-14,-1.,0.));
#5529 = DEFINITIONAL_REPRESENTATION('',(#5530),#5534);
#5530 = LINE('',#5531,#5532);
#5531 = CARTESIAN_POINT('',(0.,-1.556));
#5532 = VECTOR('',#5533,1.);
#5533 = DIRECTION('',(1.,0.));
#5534 = ( GEOMETRIC_REPRESENTATION_CONTEXT(2) 
PARAMETRIC_REPRESENTATION_CONTEXT() REPRESENTATION_CONTEXT('2D SPACE',''
  ) );
#5535 = FACE_BOUND('',#5536,.T.);
#5536 = EDGE_LOOP('',(#5537));
#5537 = ORIENTED_EDGE('',*,*,#5538,.T.);
#5538 = EDGE_CURVE('',#5539,#5539,#5541,.T.);
#5539 = VERTEX_POINT('',#5540);
#5540 = CARTESIAN_POINT('',(194.48,-57.775,1.51));
#5541 = SURFACE_CURVE('',#5542,(#5547,#5558),.PCURVE_S1.);
#5542 = CIRCLE('',#5543,0.635);
#5543 = AXIS2_PLACEMENT_3D('',#5544,#5545,#5546);
#5544 = CARTESIAN_POINT('',(194.48,-57.14,1.51));
#5545 = DIRECTION('',(-0.,0.,-1.));
#5546 = DIRECTION('',(-4.475859752819E-14,-1.,0.));
#5547 = PCURVE('',#33,#5548);
#5548 = DEFINITIONAL_REPRESENTATION('',(#5549),#5557);
#5549 = ( BOUNDED_CURVE() B_SPLINE_CURVE(2,(#5550,#5551,#5552,#5553,
#5554,#5555,#5556),.UNSPECIFIED.,.T.,.F.) B_SPLINE_CURVE_WITH_KNOTS((1,2
    ,2,2,2,1),(-2.094395102393,0.,2.094395102393,4.188790204786,
6.28318530718,8.377580409573),.UNSPECIFIED.) CURVE() 
GEOMETRIC_REPRESENTATION_ITEM() RATIONAL_B_SPLINE_CURVE((1.,0.5,1.,0.5,
1.,0.5,1.)) REPRESENTATION_ITEM('') );
#5550 = CARTESIAN_POINT('',(194.48,-57.775));
#5551 = CARTESIAN_POINT('',(193.38014773719,-57.775));
#5552 = CARTESIAN_POINT('',(193.93007386859,-56.8225));
#5553 = CARTESIAN_POINT('',(194.48,-55.87));
#5554 = CARTESIAN_POINT('',(195.0299261314,-56.8225));
#5555 = CARTESIAN_POINT('',(195.5798522628,-57.775));
#5556 = CARTESIAN_POINT('',(194.48,-57.775));
#5557 = ( GEOMETRIC_REPRESENTATION_CONTEXT(2) 
PARAMETRIC_REPRESENTATION_CONTEXT() REPRESENTATION_CONTEXT('2D SPACE',''
  ) );
#5558 = PCURVE('',#5559,#5564);
#5559 = CYLINDRICAL_SURFACE('',#5560,0.635);
#5560 = AXIS2_PLACEMENT_3D('',#5561,#5562,#5563);
#5561 = CARTESIAN_POINT('',(194.48,-57.14,-4.6E-02));
#5562 = DIRECTION('',(-0.,-0.,-1.));
#5563 = DIRECTION('',(-4.475859752819E-14,-1.,0.));
#5564 = DEFINITIONAL_REPRESENTATION('',(#5565),#5569);
#5565 = LINE('',#5566,#5567);
#5566 = CARTESIAN_POINT('',(0.,-1.556));
#5567 = VECTOR('',#5568,1.);
#5568 = DIRECTION('',(1.,0.));
#5569 = ( GEOMETRIC_REPRESENTATION_CONTEXT(2) 
PARAMETRIC_REPRESENTATION_CONTEXT() REPRESENTATION_CONTEXT('2D SPACE',''
  ) );
#5570 = FACE_BOUND('',#5571,.T.);
#5571 = EDGE_LOOP('',(#5572));
#5572 = ORIENTED_EDGE('',*,*,#5573,.T.);
#5573 = EDGE_CURVE('',#5574,#5574,#5576,.T.);
#5574 = VERTEX_POINT('',#5575);
#5575 = CARTESIAN_POINT('',(193.98,-54.1909,1.51));
#5576 = SURFACE_CURVE('',#5577,(#5582,#5593),.PCURVE_S1.);
#5577 = CIRCLE('',#5578,0.8509);
#5578 = AXIS2_PLACEMENT_3D('',#5579,#5580,#5581);
#5579 = CARTESIAN_POINT('',(193.98,-53.34,1.51));
#5580 = DIRECTION('',(-0.,0.,-1.));
#5581 = DIRECTION('',(-3.340193845388E-14,-1.,0.));
#5582 = PCURVE('',#33,#5583);
#5583 = DEFINITIONAL_REPRESENTATION('',(#5584),#5592);
#5584 = ( BOUNDED_CURVE() B_SPLINE_CURVE(2,(#5585,#5586,#5587,#5588,
#5589,#5590,#5591),.UNSPECIFIED.,.T.,.F.) B_SPLINE_CURVE_WITH_KNOTS((1,2
    ,2,2,2,1),(-2.094395102393,0.,2.094395102393,4.188790204786,
6.28318530718,8.377580409573),.UNSPECIFIED.) CURVE() 
GEOMETRIC_REPRESENTATION_ITEM() RATIONAL_B_SPLINE_CURVE((1.,0.5,1.,0.5,
1.,0.5,1.)) REPRESENTATION_ITEM('') );
#5585 = CARTESIAN_POINT('',(193.98,-54.1909));
#5586 = CARTESIAN_POINT('',(192.50619796784,-54.1909));
#5587 = CARTESIAN_POINT('',(193.24309898392,-52.91455));
#5588 = CARTESIAN_POINT('',(193.98,-51.6382));
#5589 = CARTESIAN_POINT('',(194.71690101608,-52.91455));
#5590 = CARTESIAN_POINT('',(195.45380203216,-54.1909));
#5591 = CARTESIAN_POINT('',(193.98,-54.1909));
#5592 = ( GEOMETRIC_REPRESENTATION_CONTEXT(2) 
PARAMETRIC_REPRESENTATION_CONTEXT() REPRESENTATION_CONTEXT('2D SPACE',''
  ) );
#5593 = PCURVE('',#5594,#5599);
#5594 = CYLINDRICAL_SURFACE('',#5595,0.8509);
#5595 = AXIS2_PLACEMENT_3D('',#5596,#5597,#5598);
#5596 = CARTESIAN_POINT('',(193.98,-53.34,-4.6E-02));
#5597 = DIRECTION('',(-0.,-0.,-1.));
#5598 = DIRECTION('',(-3.340193845388E-14,-1.,0.));
#5599 = DEFINITIONAL_REPRESENTATION('',(#5600),#5604);
#5600 = LINE('',#5601,#5602);
#5601 = CARTESIAN_POINT('',(0.,-1.556));
#5602 = VECTOR('',#5603,1.);
#5603 = DIRECTION('',(1.,0.));
#5604 = ( GEOMETRIC_REPRESENTATION_CONTEXT(2) 
PARAMETRIC_REPRESENTATION_CONTEXT() REPRESENTATION_CONTEXT('2D SPACE',''
  ) );
#5605 = FACE_BOUND('',#5606,.T.);
#5606 = EDGE_LOOP('',(#5607));
#5607 = ORIENTED_EDGE('',*,*,#5608,.T.);
#5608 = EDGE_CURVE('',#5609,#5609,#5611,.T.);
#5609 = VERTEX_POINT('',#5610);
#5610 = CARTESIAN_POINT('',(199.48,-55.0545,1.51));
#5611 = SURFACE_CURVE('',#5612,(#5617,#5628),.PCURVE_S1.);
#5612 = CIRCLE('',#5613,1.7145);
#5613 = AXIS2_PLACEMENT_3D('',#5614,#5615,#5616);
#5614 = CARTESIAN_POINT('',(199.48,-53.34,1.51));
#5615 = DIRECTION('',(-0.,0.,-1.));
#5616 = DIRECTION('',(-1.657725834378E-14,-1.,0.));
#5617 = PCURVE('',#33,#5618);
#5618 = DEFINITIONAL_REPRESENTATION('',(#5619),#5627);
#5619 = ( BOUNDED_CURVE() B_SPLINE_CURVE(2,(#5620,#5621,#5622,#5623,
#5624,#5625,#5626),.UNSPECIFIED.,.T.,.F.) B_SPLINE_CURVE_WITH_KNOTS((1,2
    ,2,2,2,1),(-2.094395102393,0.,2.094395102393,4.188790204786,
6.28318530718,8.377580409573),.UNSPECIFIED.) CURVE() 
GEOMETRIC_REPRESENTATION_ITEM() RATIONAL_B_SPLINE_CURVE((1.,0.5,1.,0.5,
1.,0.5,1.)) REPRESENTATION_ITEM('') );
#5620 = CARTESIAN_POINT('',(199.48,-55.0545));
#5621 = CARTESIAN_POINT('',(196.51039889042,-55.0545));
#5622 = CARTESIAN_POINT('',(197.99519944521,-52.48275));
#5623 = CARTESIAN_POINT('',(199.48,-49.911));
#5624 = CARTESIAN_POINT('',(200.96480055478,-52.48275));
#5625 = CARTESIAN_POINT('',(202.44960110957,-55.0545));
#5626 = CARTESIAN_POINT('',(199.48,-55.0545));
#5627 = ( GEOMETRIC_REPRESENTATION_CONTEXT(2) 
PARAMETRIC_REPRESENTATION_CONTEXT() REPRESENTATION_CONTEXT('2D SPACE',''
  ) );
#5628 = PCURVE('',#5629,#5634);
#5629 = CYLINDRICAL_SURFACE('',#5630,1.7145);
#5630 = AXIS2_PLACEMENT_3D('',#5631,#5632,#5633);
#5631 = CARTESIAN_POINT('',(199.48,-53.34,-4.6E-02));
#5632 = DIRECTION('',(-0.,-0.,-1.));
#5633 = DIRECTION('',(-1.657725834378E-14,-1.,0.));
#5634 = DEFINITIONAL_REPRESENTATION('',(#5635),#5639);
#5635 = LINE('',#5636,#5637);
#5636 = CARTESIAN_POINT('',(0.,-1.556));
#5637 = VECTOR('',#5638,1.);
#5638 = DIRECTION('',(1.,0.));
#5639 = ( GEOMETRIC_REPRESENTATION_CONTEXT(2) 
PARAMETRIC_REPRESENTATION_CONTEXT() REPRESENTATION_CONTEXT('2D SPACE',''
  ) );
#5640 = FACE_BOUND('',#5641,.T.);
#5641 = EDGE_LOOP('',(#5642));
#5642 = ORIENTED_EDGE('',*,*,#5643,.T.);
#5643 = EDGE_CURVE('',#5644,#5644,#5646,.T.);
#5644 = VERTEX_POINT('',#5645);
#5645 = CARTESIAN_POINT('',(204.98,-54.1909,1.51));
#5646 = SURFACE_CURVE('',#5647,(#5652,#5663),.PCURVE_S1.);
#5647 = CIRCLE('',#5648,0.8509);
#5648 = AXIS2_PLACEMENT_3D('',#5649,#5650,#5651);
#5649 = CARTESIAN_POINT('',(204.98,-53.34,1.51));
#5650 = DIRECTION('',(-0.,0.,-1.));
#5651 = DIRECTION('',(-3.340193845388E-14,-1.,0.));
#5652 = PCURVE('',#33,#5653);
#5653 = DEFINITIONAL_REPRESENTATION('',(#5654),#5662);
#5654 = ( BOUNDED_CURVE() B_SPLINE_CURVE(2,(#5655,#5656,#5657,#5658,
#5659,#5660,#5661),.UNSPECIFIED.,.T.,.F.) B_SPLINE_CURVE_WITH_KNOTS((1,2
    ,2,2,2,1),(-2.094395102393,0.,2.094395102393,4.188790204786,
6.28318530718,8.377580409573),.UNSPECIFIED.) CURVE() 
GEOMETRIC_REPRESENTATION_ITEM() RATIONAL_B_SPLINE_CURVE((1.,0.5,1.,0.5,
1.,0.5,1.)) REPRESENTATION_ITEM('') );
#5655 = CARTESIAN_POINT('',(204.98,-54.1909));
#5656 = CARTESIAN_POINT('',(203.50619796784,-54.1909));
#5657 = CARTESIAN_POINT('',(204.24309898392,-52.91455));
#5658 = CARTESIAN_POINT('',(204.98,-51.6382));
#5659 = CARTESIAN_POINT('',(205.71690101608,-52.91455));
#5660 = CARTESIAN_POINT('',(206.45380203216,-54.1909));
#5661 = CARTESIAN_POINT('',(204.98,-54.1909));
#5662 = ( GEOMETRIC_REPRESENTATION_CONTEXT(2) 
PARAMETRIC_REPRESENTATION_CONTEXT() REPRESENTATION_CONTEXT('2D SPACE',''
  ) );
#5663 = PCURVE('',#5664,#5669);
#5664 = CYLINDRICAL_SURFACE('',#5665,0.8509);
#5665 = AXIS2_PLACEMENT_3D('',#5666,#5667,#5668);
#5666 = CARTESIAN_POINT('',(204.98,-53.34,-4.6E-02));
#5667 = DIRECTION('',(-0.,-0.,-1.));
#5668 = DIRECTION('',(-3.340193845388E-14,-1.,0.));
#5669 = DEFINITIONAL_REPRESENTATION('',(#5670),#5674);
#5670 = LINE('',#5671,#5672);
#5671 = CARTESIAN_POINT('',(0.,-1.556));
#5672 = VECTOR('',#5673,1.);
#5673 = DIRECTION('',(1.,0.));
#5674 = ( GEOMETRIC_REPRESENTATION_CONTEXT(2) 
PARAMETRIC_REPRESENTATION_CONTEXT() REPRESENTATION_CONTEXT('2D SPACE',''
  ) );
#5675 = FACE_BOUND('',#5676,.T.);
#5676 = EDGE_LOOP('',(#5677));
#5677 = ORIENTED_EDGE('',*,*,#5678,.T.);
#5678 = EDGE_CURVE('',#5679,#5679,#5681,.T.);
#5679 = VERTEX_POINT('',#5680);
#5680 = CARTESIAN_POINT('',(213.565383,-59.904034,1.51));
#5681 = SURFACE_CURVE('',#5682,(#5687,#5698),.PCURVE_S1.);
#5682 = CIRCLE('',#5683,0.8509);
#5683 = AXIS2_PLACEMENT_3D('',#5684,#5685,#5686);
#5684 = CARTESIAN_POINT('',(213.565383,-59.053134,1.51));
#5685 = DIRECTION('',(-0.,-0.,-1.));
#5686 = DIRECTION('',(0.,-1.,0.));
#5687 = PCURVE('',#33,#5688);
#5688 = DEFINITIONAL_REPRESENTATION('',(#5689),#5697);
#5689 = ( BOUNDED_CURVE() B_SPLINE_CURVE(2,(#5690,#5691,#5692,#5693,
#5694,#5695,#5696),.UNSPECIFIED.,.T.,.F.) B_SPLINE_CURVE_WITH_KNOTS((1,2
    ,2,2,2,1),(-2.094395102393,0.,2.094395102393,4.188790204786,
6.28318530718,8.377580409573),.UNSPECIFIED.) CURVE() 
GEOMETRIC_REPRESENTATION_ITEM() RATIONAL_B_SPLINE_CURVE((1.,0.5,1.,0.5,
1.,0.5,1.)) REPRESENTATION_ITEM('') );
#5690 = CARTESIAN_POINT('',(213.565383,-59.904034));
#5691 = CARTESIAN_POINT('',(212.09158096784,-59.904034));
#5692 = CARTESIAN_POINT('',(212.82848198392,-58.627684));
#5693 = CARTESIAN_POINT('',(213.565383,-57.351334));
#5694 = CARTESIAN_POINT('',(214.30228401608,-58.627684));
#5695 = CARTESIAN_POINT('',(215.03918503216,-59.904034));
#5696 = CARTESIAN_POINT('',(213.565383,-59.904034));
#5697 = ( GEOMETRIC_REPRESENTATION_CONTEXT(2) 
PARAMETRIC_REPRESENTATION_CONTEXT() REPRESENTATION_CONTEXT('2D SPACE',''
  ) );
#5698 = PCURVE('',#5699,#5704);
#5699 = CYLINDRICAL_SURFACE('',#5700,0.8509);
#5700 = AXIS2_PLACEMENT_3D('',#5701,#5702,#5703);
#5701 = CARTESIAN_POINT('',(213.565383,-59.053134,-4.6E-02));
#5702 = DIRECTION('',(-0.,-0.,-1.));
#5703 = DIRECTION('',(0.,-1.,0.));
#5704 = DEFINITIONAL_REPRESENTATION('',(#5705),#5709);
#5705 = LINE('',#5706,#5707);
#5706 = CARTESIAN_POINT('',(0.,-1.556));
#5707 = VECTOR('',#5708,1.);
#5708 = DIRECTION('',(1.,0.));
#5709 = ( GEOMETRIC_REPRESENTATION_CONTEXT(2) 
PARAMETRIC_REPRESENTATION_CONTEXT() REPRESENTATION_CONTEXT('2D SPACE',''
  ) );
#5710 = FACE_BOUND('',#5711,.T.);
#5711 = EDGE_LOOP('',(#5712));
#5712 = ORIENTED_EDGE('',*,*,#5713,.T.);
#5713 = EDGE_CURVE('',#5714,#5714,#5716,.T.);
#5714 = VERTEX_POINT('',#5715);
#5715 = CARTESIAN_POINT('',(219.051985,-61.151295,1.51));
#5716 = SURFACE_CURVE('',#5717,(#5722,#5733),.PCURVE_S1.);
#5717 = CIRCLE('',#5718,1.7145);
#5718 = AXIS2_PLACEMENT_3D('',#5719,#5720,#5721);
#5719 = CARTESIAN_POINT('',(219.051985,-59.436795,1.51));
#5720 = DIRECTION('',(-0.,-0.,-1.));
#5721 = DIRECTION('',(0.,-1.,0.));
#5722 = PCURVE('',#33,#5723);
#5723 = DEFINITIONAL_REPRESENTATION('',(#5724),#5732);
#5724 = ( BOUNDED_CURVE() B_SPLINE_CURVE(2,(#5725,#5726,#5727,#5728,
#5729,#5730,#5731),.UNSPECIFIED.,.T.,.F.) B_SPLINE_CURVE_WITH_KNOTS((1,2
    ,2,2,2,1),(-2.094395102393,0.,2.094395102393,4.188790204786,
6.28318530718,8.377580409573),.UNSPECIFIED.) CURVE() 
GEOMETRIC_REPRESENTATION_ITEM() RATIONAL_B_SPLINE_CURVE((1.,0.5,1.,0.5,
1.,0.5,1.)) REPRESENTATION_ITEM('') );
#5725 = CARTESIAN_POINT('',(219.051985,-61.151295));
#5726 = CARTESIAN_POINT('',(216.08238389042,-61.151295));
#5727 = CARTESIAN_POINT('',(217.56718444521,-58.579545));
#5728 = CARTESIAN_POINT('',(219.051985,-56.007795));
#5729 = CARTESIAN_POINT('',(220.53678555478,-58.579545));
#5730 = CARTESIAN_POINT('',(222.02158610957,-61.151295));
#5731 = CARTESIAN_POINT('',(219.051985,-61.151295));
#5732 = ( GEOMETRIC_REPRESENTATION_CONTEXT(2) 
PARAMETRIC_REPRESENTATION_CONTEXT() REPRESENTATION_CONTEXT('2D SPACE',''
  ) );
#5733 = PCURVE('',#5734,#5739);
#5734 = CYLINDRICAL_SURFACE('',#5735,1.7145);
#5735 = AXIS2_PLACEMENT_3D('',#5736,#5737,#5738);
#5736 = CARTESIAN_POINT('',(219.051985,-59.436795,-4.6E-02));
#5737 = DIRECTION('',(-0.,-0.,-1.));
#5738 = DIRECTION('',(0.,-1.,0.));
#5739 = DEFINITIONAL_REPRESENTATION('',(#5740),#5744);
#5740 = LINE('',#5741,#5742);
#5741 = CARTESIAN_POINT('',(0.,-1.556));
#5742 = VECTOR('',#5743,1.);
#5743 = DIRECTION('',(1.,0.));
#5744 = ( GEOMETRIC_REPRESENTATION_CONTEXT(2) 
PARAMETRIC_REPRESENTATION_CONTEXT() REPRESENTATION_CONTEXT('2D SPACE',''
  ) );
#5745 = FACE_BOUND('',#5746,.T.);
#5746 = EDGE_LOOP('',(#5747));
#5747 = ORIENTED_EDGE('',*,*,#5748,.T.);
#5748 = EDGE_CURVE('',#5749,#5749,#5751,.T.);
#5749 = VERTEX_POINT('',#5750);
#5750 = CARTESIAN_POINT('',(209.534,-53.224,1.51));
#5751 = SURFACE_CURVE('',#5752,(#5757,#5768),.PCURVE_S1.);
#5752 = CIRCLE('',#5753,1.1);
#5753 = AXIS2_PLACEMENT_3D('',#5754,#5755,#5756);
#5754 = CARTESIAN_POINT('',(209.534,-52.124,1.51));
#5755 = DIRECTION('',(-0.,-0.,-1.));
#5756 = DIRECTION('',(0.,-1.,0.));
#5757 = PCURVE('',#33,#5758);
#5758 = DEFINITIONAL_REPRESENTATION('',(#5759),#5767);
#5759 = ( BOUNDED_CURVE() B_SPLINE_CURVE(2,(#5760,#5761,#5762,#5763,
#5764,#5765,#5766),.UNSPECIFIED.,.T.,.F.) B_SPLINE_CURVE_WITH_KNOTS((1,2
    ,2,2,2,1),(-2.094395102393,0.,2.094395102393,4.188790204786,
6.28318530718,8.377580409573),.UNSPECIFIED.) CURVE() 
GEOMETRIC_REPRESENTATION_ITEM() RATIONAL_B_SPLINE_CURVE((1.,0.5,1.,0.5,
1.,0.5,1.)) REPRESENTATION_ITEM('') );
#5760 = CARTESIAN_POINT('',(209.534,-53.224));
#5761 = CARTESIAN_POINT('',(207.62874411167,-53.224));
#5762 = CARTESIAN_POINT('',(208.58137205583,-51.574));
#5763 = CARTESIAN_POINT('',(209.534,-49.924));
#5764 = CARTESIAN_POINT('',(210.48662794416,-51.574));
#5765 = CARTESIAN_POINT('',(211.43925588832,-53.224));
#5766 = CARTESIAN_POINT('',(209.534,-53.224));
#5767 = ( GEOMETRIC_REPRESENTATION_CONTEXT(2) 
PARAMETRIC_REPRESENTATION_CONTEXT() REPRESENTATION_CONTEXT('2D SPACE',''
  ) );
#5768 = PCURVE('',#5769,#5774);
#5769 = CYLINDRICAL_SURFACE('',#5770,1.1);
#5770 = AXIS2_PLACEMENT_3D('',#5771,#5772,#5773);
#5771 = CARTESIAN_POINT('',(209.534,-52.124,-4.6E-02));
#5772 = DIRECTION('',(-0.,-0.,-1.));
#5773 = DIRECTION('',(0.,-1.,0.));
#5774 = DEFINITIONAL_REPRESENTATION('',(#5775),#5779);
#5775 = LINE('',#5776,#5777);
#5776 = CARTESIAN_POINT('',(0.,-1.556));
#5777 = VECTOR('',#5778,1.);
#5778 = DIRECTION('',(1.,0.));
#5779 = ( GEOMETRIC_REPRESENTATION_CONTEXT(2) 
PARAMETRIC_REPRESENTATION_CONTEXT() REPRESENTATION_CONTEXT('2D SPACE',''
  ) );
#5780 = FACE_BOUND('',#5781,.T.);
#5781 = EDGE_LOOP('',(#5782));
#5782 = ORIENTED_EDGE('',*,*,#5783,.T.);
#5783 = EDGE_CURVE('',#5784,#5784,#5786,.T.);
#5784 = VERTEX_POINT('',#5785);
#5785 = CARTESIAN_POINT('',(214.137678,-55.378197,1.51));
#5786 = SURFACE_CURVE('',#5787,(#5792,#5803),.PCURVE_S1.);
#5787 = CIRCLE('',#5788,0.4953);
#5788 = AXIS2_PLACEMENT_3D('',#5789,#5790,#5791);
#5789 = CARTESIAN_POINT('',(214.137678,-54.882897,1.51));
#5790 = DIRECTION('',(-0.,-0.,-1.));
#5791 = DIRECTION('',(0.,-1.,0.));
#5792 = PCURVE('',#33,#5793);
#5793 = DEFINITIONAL_REPRESENTATION('',(#5794),#5802);
#5794 = ( BOUNDED_CURVE() B_SPLINE_CURVE(2,(#5795,#5796,#5797,#5798,
#5799,#5800,#5801),.UNSPECIFIED.,.T.,.F.) B_SPLINE_CURVE_WITH_KNOTS((1,2
    ,2,2,2,1),(-2.094395102393,0.,2.094395102393,4.188790204786,
6.28318530718,8.377580409573),.UNSPECIFIED.) CURVE() 
GEOMETRIC_REPRESENTATION_ITEM() RATIONAL_B_SPLINE_CURVE((1.,0.5,1.,0.5,
1.,0.5,1.)) REPRESENTATION_ITEM('') );
#5795 = CARTESIAN_POINT('',(214.137678,-55.378197));
#5796 = CARTESIAN_POINT('',(213.27979323501,-55.378197));
#5797 = CARTESIAN_POINT('',(213.7087356175,-54.635247));
#5798 = CARTESIAN_POINT('',(214.137678,-53.892297));
#5799 = CARTESIAN_POINT('',(214.56662038249,-54.635247));
#5800 = CARTESIAN_POINT('',(214.99556276498,-55.378197));
#5801 = CARTESIAN_POINT('',(214.137678,-55.378197));
#5802 = ( GEOMETRIC_REPRESENTATION_CONTEXT(2) 
PARAMETRIC_REPRESENTATION_CONTEXT() REPRESENTATION_CONTEXT('2D SPACE',''
  ) );
#5803 = PCURVE('',#5804,#5809);
#5804 = CYLINDRICAL_SURFACE('',#5805,0.4953);
#5805 = AXIS2_PLACEMENT_3D('',#5806,#5807,#5808);
#5806 = CARTESIAN_POINT('',(214.137678,-54.882897,-4.6E-02));
#5807 = DIRECTION('',(-0.,-0.,-1.));
#5808 = DIRECTION('',(0.,-1.,0.));
#5809 = DEFINITIONAL_REPRESENTATION('',(#5810),#5814);
#5810 = LINE('',#5811,#5812);
#5811 = CARTESIAN_POINT('',(0.,-1.556));
#5812 = VECTOR('',#5813,1.);
#5813 = DIRECTION('',(1.,0.));
#5814 = ( GEOMETRIC_REPRESENTATION_CONTEXT(2) 
PARAMETRIC_REPRESENTATION_CONTEXT() REPRESENTATION_CONTEXT('2D SPACE',''
  ) );
#5815 = FACE_BOUND('',#5816,.T.);
#5816 = EDGE_LOOP('',(#5817));
#5817 = ORIENTED_EDGE('',*,*,#5818,.T.);
#5818 = EDGE_CURVE('',#5819,#5819,#5821,.T.);
#5819 = VERTEX_POINT('',#5820);
#5820 = CARTESIAN_POINT('',(240.296675,-68.733145,1.51));
#5821 = SURFACE_CURVE('',#5822,(#5827,#5838),.PCURVE_S1.);
#5822 = CIRCLE('',#5823,0.635);
#5823 = AXIS2_PLACEMENT_3D('',#5824,#5825,#5826);
#5824 = CARTESIAN_POINT('',(240.296675,-68.098145,1.51));
#5825 = DIRECTION('',(-0.,-0.,-1.));
#5826 = DIRECTION('',(0.,-1.,0.));
#5827 = PCURVE('',#33,#5828);
#5828 = DEFINITIONAL_REPRESENTATION('',(#5829),#5837);
#5829 = ( BOUNDED_CURVE() B_SPLINE_CURVE(2,(#5830,#5831,#5832,#5833,
#5834,#5835,#5836),.UNSPECIFIED.,.T.,.F.) B_SPLINE_CURVE_WITH_KNOTS((1,2
    ,2,2,2,1),(-2.094395102393,0.,2.094395102393,4.188790204786,
6.28318530718,8.377580409573),.UNSPECIFIED.) CURVE() 
GEOMETRIC_REPRESENTATION_ITEM() RATIONAL_B_SPLINE_CURVE((1.,0.5,1.,0.5,
1.,0.5,1.)) REPRESENTATION_ITEM('') );
#5830 = CARTESIAN_POINT('',(240.296675,-68.733145));
#5831 = CARTESIAN_POINT('',(239.19682273719,-68.733145));
#5832 = CARTESIAN_POINT('',(239.74674886859,-67.780645));
#5833 = CARTESIAN_POINT('',(240.296675,-66.828145));
#5834 = CARTESIAN_POINT('',(240.8466011314,-67.780645));
#5835 = CARTESIAN_POINT('',(241.3965272628,-68.733145));
#5836 = CARTESIAN_POINT('',(240.296675,-68.733145));
#5837 = ( GEOMETRIC_REPRESENTATION_CONTEXT(2) 
PARAMETRIC_REPRESENTATION_CONTEXT() REPRESENTATION_CONTEXT('2D SPACE',''
  ) );
#5838 = PCURVE('',#5839,#5844);
#5839 = CYLINDRICAL_SURFACE('',#5840,0.635);
#5840 = AXIS2_PLACEMENT_3D('',#5841,#5842,#5843);
#5841 = CARTESIAN_POINT('',(240.296675,-68.098145,-4.6E-02));
#5842 = DIRECTION('',(-0.,-0.,-1.));
#5843 = DIRECTION('',(0.,-1.,0.));
#5844 = DEFINITIONAL_REPRESENTATION('',(#5845),#5849);
#5845 = LINE('',#5846,#5847);
#5846 = CARTESIAN_POINT('',(0.,-1.556));
#5847 = VECTOR('',#5848,1.);
#5848 = DIRECTION('',(1.,0.));
#5849 = ( GEOMETRIC_REPRESENTATION_CONTEXT(2) 
PARAMETRIC_REPRESENTATION_CONTEXT() REPRESENTATION_CONTEXT('2D SPACE',''
  ) );
#5850 = FACE_BOUND('',#5851,.T.);
#5851 = EDGE_LOOP('',(#5852));
#5852 = ORIENTED_EDGE('',*,*,#5853,.T.);
#5853 = EDGE_CURVE('',#5854,#5854,#5856,.T.);
#5854 = VERTEX_POINT('',#5855);
#5855 = CARTESIAN_POINT('',(236.010565,-65.410606,1.51));
#5856 = SURFACE_CURVE('',#5857,(#5862,#5873),.PCURVE_S1.);
#5857 = CIRCLE('',#5858,0.635);
#5858 = AXIS2_PLACEMENT_3D('',#5859,#5860,#5861);
#5859 = CARTESIAN_POINT('',(236.010565,-64.775606,1.51));
#5860 = DIRECTION('',(0.,-0.,-1.));
#5861 = DIRECTION('',(4.475859752819E-14,-1.,0.));
#5862 = PCURVE('',#33,#5863);
#5863 = DEFINITIONAL_REPRESENTATION('',(#5864),#5872);
#5864 = ( BOUNDED_CURVE() B_SPLINE_CURVE(2,(#5865,#5866,#5867,#5868,
#5869,#5870,#5871),.UNSPECIFIED.,.T.,.F.) B_SPLINE_CURVE_WITH_KNOTS((1,2
    ,2,2,2,1),(-2.094395102393,0.,2.094395102393,4.188790204786,
6.28318530718,8.377580409573),.UNSPECIFIED.) CURVE() 
GEOMETRIC_REPRESENTATION_ITEM() RATIONAL_B_SPLINE_CURVE((1.,0.5,1.,0.5,
1.,0.5,1.)) REPRESENTATION_ITEM('') );
#5865 = CARTESIAN_POINT('',(236.010565,-65.410606));
#5866 = CARTESIAN_POINT('',(234.91071273719,-65.410606));
#5867 = CARTESIAN_POINT('',(235.46063886859,-64.458106));
#5868 = CARTESIAN_POINT('',(236.010565,-63.505606));
#5869 = CARTESIAN_POINT('',(236.5604911314,-64.458106));
#5870 = CARTESIAN_POINT('',(237.1104172628,-65.410606));
#5871 = CARTESIAN_POINT('',(236.010565,-65.410606));
#5872 = ( GEOMETRIC_REPRESENTATION_CONTEXT(2) 
PARAMETRIC_REPRESENTATION_CONTEXT() REPRESENTATION_CONTEXT('2D SPACE',''
  ) );
#5873 = PCURVE('',#5874,#5879);
#5874 = CYLINDRICAL_SURFACE('',#5875,0.635);
#5875 = AXIS2_PLACEMENT_3D('',#5876,#5877,#5878);
#5876 = CARTESIAN_POINT('',(236.010565,-64.775606,-4.6E-02));
#5877 = DIRECTION('',(0.,0.,-1.));
#5878 = DIRECTION('',(4.475859752819E-14,-1.,0.));
#5879 = DEFINITIONAL_REPRESENTATION('',(#5880),#5884);
#5880 = LINE('',#5881,#5882);
#5881 = CARTESIAN_POINT('',(0.,-1.556));
#5882 = VECTOR('',#5883,1.);
#5883 = DIRECTION('',(1.,0.));
#5884 = ( GEOMETRIC_REPRESENTATION_CONTEXT(2) 
PARAMETRIC_REPRESENTATION_CONTEXT() REPRESENTATION_CONTEXT('2D SPACE',''
  ) );
#5885 = FACE_BOUND('',#5886,.T.);
#5886 = EDGE_LOOP('',(#5887));
#5887 = ORIENTED_EDGE('',*,*,#5888,.T.);
#5888 = EDGE_CURVE('',#5889,#5889,#5891,.T.);
#5889 = VERTEX_POINT('',#5890);
#5890 = CARTESIAN_POINT('',(236.511115,-61.826578,1.51));
#5891 = SURFACE_CURVE('',#5892,(#5897,#5908),.PCURVE_S1.);
#5892 = CIRCLE('',#5893,0.8509);
#5893 = AXIS2_PLACEMENT_3D('',#5894,#5895,#5896);
#5894 = CARTESIAN_POINT('',(236.511115,-60.975678,1.51));
#5895 = DIRECTION('',(-0.,0.,-1.));
#5896 = DIRECTION('',(-3.340193845388E-14,-1.,0.));
#5897 = PCURVE('',#33,#5898);
#5898 = DEFINITIONAL_REPRESENTATION('',(#5899),#5907);
#5899 = ( BOUNDED_CURVE() B_SPLINE_CURVE(2,(#5900,#5901,#5902,#5903,
#5904,#5905,#5906),.UNSPECIFIED.,.T.,.F.) B_SPLINE_CURVE_WITH_KNOTS((1,2
    ,2,2,2,1),(-2.094395102393,0.,2.094395102393,4.188790204786,
6.28318530718,8.377580409573),.UNSPECIFIED.) CURVE() 
GEOMETRIC_REPRESENTATION_ITEM() RATIONAL_B_SPLINE_CURVE((1.,0.5,1.,0.5,
1.,0.5,1.)) REPRESENTATION_ITEM('') );
#5900 = CARTESIAN_POINT('',(236.511115,-61.826578));
#5901 = CARTESIAN_POINT('',(235.03731296784,-61.826578));
#5902 = CARTESIAN_POINT('',(235.77421398392,-60.550228));
#5903 = CARTESIAN_POINT('',(236.511115,-59.273878));
#5904 = CARTESIAN_POINT('',(237.24801601608,-60.550228));
#5905 = CARTESIAN_POINT('',(237.98491703216,-61.826578));
#5906 = CARTESIAN_POINT('',(236.511115,-61.826578));
#5907 = ( GEOMETRIC_REPRESENTATION_CONTEXT(2) 
PARAMETRIC_REPRESENTATION_CONTEXT() REPRESENTATION_CONTEXT('2D SPACE',''
  ) );
#5908 = PCURVE('',#5909,#5914);
#5909 = CYLINDRICAL_SURFACE('',#5910,0.8509);
#5910 = AXIS2_PLACEMENT_3D('',#5911,#5912,#5913);
#5911 = CARTESIAN_POINT('',(236.511115,-60.975678,-4.6E-02));
#5912 = DIRECTION('',(-0.,-0.,-1.));
#5913 = DIRECTION('',(-3.340193845388E-14,-1.,0.));
#5914 = DEFINITIONAL_REPRESENTATION('',(#5915),#5919);
#5915 = LINE('',#5916,#5917);
#5916 = CARTESIAN_POINT('',(0.,-1.556));
#5917 = VECTOR('',#5918,1.);
#5918 = DIRECTION('',(1.,0.));
#5919 = ( GEOMETRIC_REPRESENTATION_CONTEXT(2) 
PARAMETRIC_REPRESENTATION_CONTEXT() REPRESENTATION_CONTEXT('2D SPACE',''
  ) );
#5920 = FACE_BOUND('',#5921,.T.);
#5921 = EDGE_LOOP('',(#5922));
#5922 = ORIENTED_EDGE('',*,*,#5923,.T.);
#5923 = EDGE_CURVE('',#5924,#5924,#5926,.T.);
#5924 = VERTEX_POINT('',#5925);
#5925 = CARTESIAN_POINT('',(247.136299,-64.673588,1.51));
#5926 = SURFACE_CURVE('',#5927,(#5932,#5943),.PCURVE_S1.);
#5927 = CIRCLE('',#5928,0.8509);
#5928 = AXIS2_PLACEMENT_3D('',#5929,#5930,#5931);
#5929 = CARTESIAN_POINT('',(247.136299,-63.822688,1.51));
#5930 = DIRECTION('',(-0.,-0.,-1.));
#5931 = DIRECTION('',(0.,-1.,0.));
#5932 = PCURVE('',#33,#5933);
#5933 = DEFINITIONAL_REPRESENTATION('',(#5934),#5942);
#5934 = ( BOUNDED_CURVE() B_SPLINE_CURVE(2,(#5935,#5936,#5937,#5938,
#5939,#5940,#5941),.UNSPECIFIED.,.T.,.F.) B_SPLINE_CURVE_WITH_KNOTS((1,2
    ,2,2,2,1),(-2.094395102393,0.,2.094395102393,4.188790204786,
6.28318530718,8.377580409573),.UNSPECIFIED.) CURVE() 
GEOMETRIC_REPRESENTATION_ITEM() RATIONAL_B_SPLINE_CURVE((1.,0.5,1.,0.5,
1.,0.5,1.)) REPRESENTATION_ITEM('') );
#5935 = CARTESIAN_POINT('',(247.136299,-64.673588));
#5936 = CARTESIAN_POINT('',(245.66249696784,-64.673588));
#5937 = CARTESIAN_POINT('',(246.39939798392,-63.397238));
#5938 = CARTESIAN_POINT('',(247.136299,-62.120888));
#5939 = CARTESIAN_POINT('',(247.87320001608,-63.397238));
#5940 = CARTESIAN_POINT('',(248.61010103216,-64.673588));
#5941 = CARTESIAN_POINT('',(247.136299,-64.673588));
#5942 = ( GEOMETRIC_REPRESENTATION_CONTEXT(2) 
PARAMETRIC_REPRESENTATION_CONTEXT() REPRESENTATION_CONTEXT('2D SPACE',''
  ) );
#5943 = PCURVE('',#5944,#5949);
#5944 = CYLINDRICAL_SURFACE('',#5945,0.8509);
#5945 = AXIS2_PLACEMENT_3D('',#5946,#5947,#5948);
#5946 = CARTESIAN_POINT('',(247.136299,-63.822688,-4.6E-02));
#5947 = DIRECTION('',(-0.,-0.,-1.));
#5948 = DIRECTION('',(0.,-1.,0.));
#5949 = DEFINITIONAL_REPRESENTATION('',(#5950),#5954);
#5950 = LINE('',#5951,#5952);
#5951 = CARTESIAN_POINT('',(0.,-1.556));
#5952 = VECTOR('',#5953,1.);
#5953 = DIRECTION('',(1.,0.));
#5954 = ( GEOMETRIC_REPRESENTATION_CONTEXT(2) 
PARAMETRIC_REPRESENTATION_CONTEXT() REPRESENTATION_CONTEXT('2D SPACE',''
  ) );
#5955 = FACE_BOUND('',#5956,.T.);
#5956 = EDGE_LOOP('',(#5957));
#5957 = ORIENTED_EDGE('',*,*,#5958,.T.);
#5958 = EDGE_CURVE('',#5959,#5959,#5961,.T.);
#5959 = VERTEX_POINT('',#5960);
#5960 = CARTESIAN_POINT('',(241.823707,-64.113683,1.51));
#5961 = SURFACE_CURVE('',#5962,(#5967,#5978),.PCURVE_S1.);
#5962 = CIRCLE('',#5963,1.7145);
#5963 = AXIS2_PLACEMENT_3D('',#5964,#5965,#5966);
#5964 = CARTESIAN_POINT('',(241.823707,-62.399183,1.51));
#5965 = DIRECTION('',(-0.,-0.,-1.));
#5966 = DIRECTION('',(0.,-1.,0.));
#5967 = PCURVE('',#33,#5968);
#5968 = DEFINITIONAL_REPRESENTATION('',(#5969),#5977);
#5969 = ( BOUNDED_CURVE() B_SPLINE_CURVE(2,(#5970,#5971,#5972,#5973,
#5974,#5975,#5976),.UNSPECIFIED.,.T.,.F.) B_SPLINE_CURVE_WITH_KNOTS((1,2
    ,2,2,2,1),(-2.094395102393,0.,2.094395102393,4.188790204786,
6.28318530718,8.377580409573),.UNSPECIFIED.) CURVE() 
GEOMETRIC_REPRESENTATION_ITEM() RATIONAL_B_SPLINE_CURVE((1.,0.5,1.,0.5,
1.,0.5,1.)) REPRESENTATION_ITEM('') );
#5970 = CARTESIAN_POINT('',(241.823707,-64.113683));
#5971 = CARTESIAN_POINT('',(238.85410589042,-64.113683));
#5972 = CARTESIAN_POINT('',(240.33890644521,-61.541933));
#5973 = CARTESIAN_POINT('',(241.823707,-58.970183));
#5974 = CARTESIAN_POINT('',(243.30850755478,-61.541933));
#5975 = CARTESIAN_POINT('',(244.79330810957,-64.113683));
#5976 = CARTESIAN_POINT('',(241.823707,-64.113683));
#5977 = ( GEOMETRIC_REPRESENTATION_CONTEXT(2) 
PARAMETRIC_REPRESENTATION_CONTEXT() REPRESENTATION_CONTEXT('2D SPACE',''
  ) );
#5978 = PCURVE('',#5979,#5984);
#5979 = CYLINDRICAL_SURFACE('',#5980,1.7145);
#5980 = AXIS2_PLACEMENT_3D('',#5981,#5982,#5983);
#5981 = CARTESIAN_POINT('',(241.823707,-62.399183,-4.6E-02));
#5982 = DIRECTION('',(-0.,-0.,-1.));
#5983 = DIRECTION('',(0.,-1.,0.));
#5984 = DEFINITIONAL_REPRESENTATION('',(#5985),#5989);
#5985 = LINE('',#5986,#5987);
#5986 = CARTESIAN_POINT('',(0.,-1.556));
#5987 = VECTOR('',#5988,1.);
#5988 = DIRECTION('',(1.,0.));
#5989 = ( GEOMETRIC_REPRESENTATION_CONTEXT(2) 
PARAMETRIC_REPRESENTATION_CONTEXT() REPRESENTATION_CONTEXT('2D SPACE',''
  ) );
#5990 = FACE_BOUND('',#5991,.T.);
#5991 = EDGE_LOOP('',(#5992));
#5992 = ORIENTED_EDGE('',*,*,#5993,.T.);
#5993 = EDGE_CURVE('',#5994,#5994,#5996,.T.);
#5994 = VERTEX_POINT('',#5995);
#5995 = CARTESIAN_POINT('',(224.538587,-60.671356,1.51));
#5996 = SURFACE_CURVE('',#5997,(#6002,#6013),.PCURVE_S1.);
#5997 = CIRCLE('',#5998,0.8509);
#5998 = AXIS2_PLACEMENT_3D('',#5999,#6000,#6001);
#5999 = CARTESIAN_POINT('',(224.538587,-59.820456,1.51));
#6000 = DIRECTION('',(-0.,-0.,-1.));
#6001 = DIRECTION('',(0.,-1.,0.));
#6002 = PCURVE('',#33,#6003);
#6003 = DEFINITIONAL_REPRESENTATION('',(#6004),#6012);
#6004 = ( BOUNDED_CURVE() B_SPLINE_CURVE(2,(#6005,#6006,#6007,#6008,
#6009,#6010,#6011),.UNSPECIFIED.,.T.,.F.) B_SPLINE_CURVE_WITH_KNOTS((1,2
    ,2,2,2,1),(-2.094395102393,0.,2.094395102393,4.188790204786,
6.28318530718,8.377580409573),.UNSPECIFIED.) CURVE() 
GEOMETRIC_REPRESENTATION_ITEM() RATIONAL_B_SPLINE_CURVE((1.,0.5,1.,0.5,
1.,0.5,1.)) REPRESENTATION_ITEM('') );
#6005 = CARTESIAN_POINT('',(224.538587,-60.671356));
#6006 = CARTESIAN_POINT('',(223.06478496784,-60.671356));
#6007 = CARTESIAN_POINT('',(223.80168598392,-59.395006));
#6008 = CARTESIAN_POINT('',(224.538587,-58.118656));
#6009 = CARTESIAN_POINT('',(225.27548801608,-59.395006));
#6010 = CARTESIAN_POINT('',(226.01238903216,-60.671356));
#6011 = CARTESIAN_POINT('',(224.538587,-60.671356));
#6012 = ( GEOMETRIC_REPRESENTATION_CONTEXT(2) 
PARAMETRIC_REPRESENTATION_CONTEXT() REPRESENTATION_CONTEXT('2D SPACE',''
  ) );
#6013 = PCURVE('',#6014,#6019);
#6014 = CYLINDRICAL_SURFACE('',#6015,0.8509);
#6015 = AXIS2_PLACEMENT_3D('',#6016,#6017,#6018);
#6016 = CARTESIAN_POINT('',(224.538587,-59.820456,-4.6E-02));
#6017 = DIRECTION('',(-0.,-0.,-1.));
#6018 = DIRECTION('',(0.,-1.,0.));
#6019 = DEFINITIONAL_REPRESENTATION('',(#6020),#6024);
#6020 = LINE('',#6021,#6022);
#6021 = CARTESIAN_POINT('',(0.,-1.556));
#6022 = VECTOR('',#6023,1.);
#6023 = DIRECTION('',(1.,0.));
#6024 = ( GEOMETRIC_REPRESENTATION_CONTEXT(2) 
PARAMETRIC_REPRESENTATION_CONTEXT() REPRESENTATION_CONTEXT('2D SPACE',''
  ) );
#6025 = FACE_BOUND('',#6026,.T.);
#6026 = EDGE_LOOP('',(#6027));
#6027 = ORIENTED_EDGE('',*,*,#6028,.T.);
#6028 = EDGE_CURVE('',#6029,#6029,#6031,.T.);
#6029 = VERTEX_POINT('',#6030);
#6030 = CARTESIAN_POINT('',(224.552247,-56.106455,1.51));
#6031 = SURFACE_CURVE('',#6032,(#6037,#6048),.PCURVE_S1.);
#6032 = CIRCLE('',#6033,0.4953);
#6033 = AXIS2_PLACEMENT_3D('',#6034,#6035,#6036);
#6034 = CARTESIAN_POINT('',(224.552247,-55.611155,1.51));
#6035 = DIRECTION('',(-0.,0.,-1.));
#6036 = DIRECTION('',(-5.738281734384E-14,-1.,0.));
#6037 = PCURVE('',#33,#6038);
#6038 = DEFINITIONAL_REPRESENTATION('',(#6039),#6047);
#6039 = ( BOUNDED_CURVE() B_SPLINE_CURVE(2,(#6040,#6041,#6042,#6043,
#6044,#6045,#6046),.UNSPECIFIED.,.T.,.F.) B_SPLINE_CURVE_WITH_KNOTS((1,2
    ,2,2,2,1),(-2.094395102393,0.,2.094395102393,4.188790204786,
6.28318530718,8.377580409573),.UNSPECIFIED.) CURVE() 
GEOMETRIC_REPRESENTATION_ITEM() RATIONAL_B_SPLINE_CURVE((1.,0.5,1.,0.5,
1.,0.5,1.)) REPRESENTATION_ITEM('') );
#6040 = CARTESIAN_POINT('',(224.552247,-56.106455));
#6041 = CARTESIAN_POINT('',(223.69436223501,-56.106455));
#6042 = CARTESIAN_POINT('',(224.1233046175,-55.363505));
#6043 = CARTESIAN_POINT('',(224.552247,-54.620555));
#6044 = CARTESIAN_POINT('',(224.98118938249,-55.363505));
#6045 = CARTESIAN_POINT('',(225.41013176498,-56.106455));
#6046 = CARTESIAN_POINT('',(224.552247,-56.106455));
#6047 = ( GEOMETRIC_REPRESENTATION_CONTEXT(2) 
PARAMETRIC_REPRESENTATION_CONTEXT() REPRESENTATION_CONTEXT('2D SPACE',''
  ) );
#6048 = PCURVE('',#6049,#6054);
#6049 = CYLINDRICAL_SURFACE('',#6050,0.4953);
#6050 = AXIS2_PLACEMENT_3D('',#6051,#6052,#6053);
#6051 = CARTESIAN_POINT('',(224.552247,-55.611155,-4.6E-02));
#6052 = DIRECTION('',(-0.,-0.,-1.));
#6053 = DIRECTION('',(-5.738281734384E-14,-1.,0.));
#6054 = DEFINITIONAL_REPRESENTATION('',(#6055),#6059);
#6055 = LINE('',#6056,#6057);
#6056 = CARTESIAN_POINT('',(0.,-1.556));
#6057 = VECTOR('',#6058,1.);
#6058 = DIRECTION('',(1.,0.));
#6059 = ( GEOMETRIC_REPRESENTATION_CONTEXT(2) 
PARAMETRIC_REPRESENTATION_CONTEXT() REPRESENTATION_CONTEXT('2D SPACE',''
  ) );
#6060 = FACE_BOUND('',#6061,.T.);
#6061 = EDGE_LOOP('',(#6062));
#6062 = ORIENTED_EDGE('',*,*,#6063,.T.);
#6063 = EDGE_CURVE('',#6064,#6064,#6066,.T.);
#6064 = VERTEX_POINT('',#6065);
#6065 = CARTESIAN_POINT('',(237.868614,-57.486559,1.51));
#6066 = SURFACE_CURVE('',#6067,(#6072,#6083),.PCURVE_S1.);
#6067 = CIRCLE('',#6068,0.4953);
#6068 = AXIS2_PLACEMENT_3D('',#6069,#6070,#6071);
#6069 = CARTESIAN_POINT('',(237.868614,-56.991259,1.51));
#6070 = DIRECTION('',(0.,-0.,-1.));
#6071 = DIRECTION('',(5.738281734384E-14,-1.,0.));
#6072 = PCURVE('',#33,#6073);
#6073 = DEFINITIONAL_REPRESENTATION('',(#6074),#6082);
#6074 = ( BOUNDED_CURVE() B_SPLINE_CURVE(2,(#6075,#6076,#6077,#6078,
#6079,#6080,#6081),.UNSPECIFIED.,.T.,.F.) B_SPLINE_CURVE_WITH_KNOTS((1,2
    ,2,2,2,1),(-2.094395102393,0.,2.094395102393,4.188790204786,
6.28318530718,8.377580409573),.UNSPECIFIED.) CURVE() 
GEOMETRIC_REPRESENTATION_ITEM() RATIONAL_B_SPLINE_CURVE((1.,0.5,1.,0.5,
1.,0.5,1.)) REPRESENTATION_ITEM('') );
#6075 = CARTESIAN_POINT('',(237.868614,-57.486559));
#6076 = CARTESIAN_POINT('',(237.01072923501,-57.486559));
#6077 = CARTESIAN_POINT('',(237.4396716175,-56.743609));
#6078 = CARTESIAN_POINT('',(237.868614,-56.000659));
#6079 = CARTESIAN_POINT('',(238.29755638249,-56.743609));
#6080 = CARTESIAN_POINT('',(238.72649876498,-57.486559));
#6081 = CARTESIAN_POINT('',(237.868614,-57.486559));
#6082 = ( GEOMETRIC_REPRESENTATION_CONTEXT(2) 
PARAMETRIC_REPRESENTATION_CONTEXT() REPRESENTATION_CONTEXT('2D SPACE',''
  ) );
#6083 = PCURVE('',#6084,#6089);
#6084 = CYLINDRICAL_SURFACE('',#6085,0.4953);
#6085 = AXIS2_PLACEMENT_3D('',#6086,#6087,#6088);
#6086 = CARTESIAN_POINT('',(237.868614,-56.991259,-4.6E-02));
#6087 = DIRECTION('',(0.,0.,-1.));
#6088 = DIRECTION('',(5.738281734384E-14,-1.,0.));
#6089 = DEFINITIONAL_REPRESENTATION('',(#6090),#6094);
#6090 = LINE('',#6091,#6092);
#6091 = CARTESIAN_POINT('',(0.,-1.556));
#6092 = VECTOR('',#6093,1.);
#6093 = DIRECTION('',(1.,0.));
#6094 = ( GEOMETRIC_REPRESENTATION_CONTEXT(2) 
PARAMETRIC_REPRESENTATION_CONTEXT() REPRESENTATION_CONTEXT('2D SPACE',''
  ) );
#6095 = FACE_BOUND('',#6096,.T.);
#6096 = EDGE_LOOP('',(#6097));
#6097 = ORIENTED_EDGE('',*,*,#6098,.T.);
#6098 = EDGE_CURVE('',#6099,#6099,#6101,.T.);
#6099 = VERTEX_POINT('',#6100);
#6100 = CARTESIAN_POINT('',(247.95288,-60.18863,1.51));
#6101 = SURFACE_CURVE('',#6102,(#6107,#6118),.PCURVE_S1.);
#6102 = CIRCLE('',#6103,0.4953);
#6103 = AXIS2_PLACEMENT_3D('',#6104,#6105,#6106);
#6104 = CARTESIAN_POINT('',(247.95288,-59.69333,1.51));
#6105 = DIRECTION('',(-0.,-0.,-1.));
#6106 = DIRECTION('',(0.,-1.,0.));
#6107 = PCURVE('',#33,#6108);
#6108 = DEFINITIONAL_REPRESENTATION('',(#6109),#6117);
#6109 = ( BOUNDED_CURVE() B_SPLINE_CURVE(2,(#6110,#6111,#6112,#6113,
#6114,#6115,#6116),.UNSPECIFIED.,.T.,.F.) B_SPLINE_CURVE_WITH_KNOTS((1,2
    ,2,2,2,1),(-2.094395102393,0.,2.094395102393,4.188790204786,
6.28318530718,8.377580409573),.UNSPECIFIED.) CURVE() 
GEOMETRIC_REPRESENTATION_ITEM() RATIONAL_B_SPLINE_CURVE((1.,0.5,1.,0.5,
1.,0.5,1.)) REPRESENTATION_ITEM('') );
#6110 = CARTESIAN_POINT('',(247.95288,-60.18863));
#6111 = CARTESIAN_POINT('',(247.09499523501,-60.18863));
#6112 = CARTESIAN_POINT('',(247.5239376175,-59.44568));
#6113 = CARTESIAN_POINT('',(247.95288,-58.70273));
#6114 = CARTESIAN_POINT('',(248.38182238249,-59.44568));
#6115 = CARTESIAN_POINT('',(248.81076476498,-60.18863));
#6116 = CARTESIAN_POINT('',(247.95288,-60.18863));
#6117 = ( GEOMETRIC_REPRESENTATION_CONTEXT(2) 
PARAMETRIC_REPRESENTATION_CONTEXT() REPRESENTATION_CONTEXT('2D SPACE',''
  ) );
#6118 = PCURVE('',#6119,#6124);
#6119 = CYLINDRICAL_SURFACE('',#6120,0.4953);
#6120 = AXIS2_PLACEMENT_3D('',#6121,#6122,#6123);
#6121 = CARTESIAN_POINT('',(247.95288,-59.69333,-4.6E-02));
#6122 = DIRECTION('',(-0.,-0.,-1.));
#6123 = DIRECTION('',(0.,-1.,0.));
#6124 = DEFINITIONAL_REPRESENTATION('',(#6125),#6129);
#6125 = LINE('',#6126,#6127);
#6126 = CARTESIAN_POINT('',(0.,-1.556));
#6127 = VECTOR('',#6128,1.);
#6128 = DIRECTION('',(1.,0.));
#6129 = ( GEOMETRIC_REPRESENTATION_CONTEXT(2) 
PARAMETRIC_REPRESENTATION_CONTEXT() REPRESENTATION_CONTEXT('2D SPACE',''
  ) );
#6130 = FACE_BOUND('',#6131,.T.);
#6131 = EDGE_LOOP('',(#6132));
#6132 = ORIENTED_EDGE('',*,*,#6133,.T.);
#6133 = EDGE_CURVE('',#6134,#6134,#6136,.T.);
#6134 = VERTEX_POINT('',#6135);
#6135 = CARTESIAN_POINT('',(194.26,-49.6353,1.51));
#6136 = SURFACE_CURVE('',#6137,(#6142,#6153),.PCURVE_S1.);
#6137 = CIRCLE('',#6138,0.4953);
#6138 = AXIS2_PLACEMENT_3D('',#6139,#6140,#6141);
#6139 = CARTESIAN_POINT('',(194.26,-49.14,1.51));
#6140 = DIRECTION('',(-0.,-0.,-1.));
#6141 = DIRECTION('',(0.,-1.,0.));
#6142 = PCURVE('',#33,#6143);
#6143 = DEFINITIONAL_REPRESENTATION('',(#6144),#6152);
#6144 = ( BOUNDED_CURVE() B_SPLINE_CURVE(2,(#6145,#6146,#6147,#6148,
#6149,#6150,#6151),.UNSPECIFIED.,.T.,.F.) B_SPLINE_CURVE_WITH_KNOTS((1,2
    ,2,2,2,1),(-2.094395102393,0.,2.094395102393,4.188790204786,
6.28318530718,8.377580409573),.UNSPECIFIED.) CURVE() 
GEOMETRIC_REPRESENTATION_ITEM() RATIONAL_B_SPLINE_CURVE((1.,0.5,1.,0.5,
1.,0.5,1.)) REPRESENTATION_ITEM('') );
#6145 = CARTESIAN_POINT('',(194.26,-49.6353));
#6146 = CARTESIAN_POINT('',(193.40211523501,-49.6353));
#6147 = CARTESIAN_POINT('',(193.8310576175,-48.89235));
#6148 = CARTESIAN_POINT('',(194.26,-48.1494));
#6149 = CARTESIAN_POINT('',(194.68894238249,-48.89235));
#6150 = CARTESIAN_POINT('',(195.11788476498,-49.6353));
#6151 = CARTESIAN_POINT('',(194.26,-49.6353));
#6152 = ( GEOMETRIC_REPRESENTATION_CONTEXT(2) 
PARAMETRIC_REPRESENTATION_CONTEXT() REPRESENTATION_CONTEXT('2D SPACE',''
  ) );
#6153 = PCURVE('',#6154,#6159);
#6154 = CYLINDRICAL_SURFACE('',#6155,0.4953);
#6155 = AXIS2_PLACEMENT_3D('',#6156,#6157,#6158);
#6156 = CARTESIAN_POINT('',(194.26,-49.14,-4.6E-02));
#6157 = DIRECTION('',(-0.,-0.,-1.));
#6158 = DIRECTION('',(0.,-1.,0.));
#6159 = DEFINITIONAL_REPRESENTATION('',(#6160),#6164);
#6160 = LINE('',#6161,#6162);
#6161 = CARTESIAN_POINT('',(0.,-1.556));
#6162 = VECTOR('',#6163,1.);
#6163 = DIRECTION('',(1.,0.));
#6164 = ( GEOMETRIC_REPRESENTATION_CONTEXT(2) 
PARAMETRIC_REPRESENTATION_CONTEXT() REPRESENTATION_CONTEXT('2D SPACE',''
  ) );
#6165 = FACE_BOUND('',#6166,.T.);
#6166 = EDGE_LOOP('',(#6167));
#6167 = ORIENTED_EDGE('',*,*,#6168,.T.);
#6168 = EDGE_CURVE('',#6169,#6169,#6171,.T.);
#6169 = VERTEX_POINT('',#6170);
#6170 = CARTESIAN_POINT('',(204.7,-49.6353,1.51));
#6171 = SURFACE_CURVE('',#6172,(#6177,#6188),.PCURVE_S1.);
#6172 = CIRCLE('',#6173,0.4953);
#6173 = AXIS2_PLACEMENT_3D('',#6174,#6175,#6176);
#6174 = CARTESIAN_POINT('',(204.7,-49.14,1.51));
#6175 = DIRECTION('',(-0.,-0.,-1.));
#6176 = DIRECTION('',(0.,-1.,0.));
#6177 = PCURVE('',#33,#6178);
#6178 = DEFINITIONAL_REPRESENTATION('',(#6179),#6187);
#6179 = ( BOUNDED_CURVE() B_SPLINE_CURVE(2,(#6180,#6181,#6182,#6183,
#6184,#6185,#6186),.UNSPECIFIED.,.T.,.F.) B_SPLINE_CURVE_WITH_KNOTS((1,2
    ,2,2,2,1),(-2.094395102393,0.,2.094395102393,4.188790204786,
6.28318530718,8.377580409573),.UNSPECIFIED.) CURVE() 
GEOMETRIC_REPRESENTATION_ITEM() RATIONAL_B_SPLINE_CURVE((1.,0.5,1.,0.5,
1.,0.5,1.)) REPRESENTATION_ITEM('') );
#6180 = CARTESIAN_POINT('',(204.7,-49.6353));
#6181 = CARTESIAN_POINT('',(203.84211523501,-49.6353));
#6182 = CARTESIAN_POINT('',(204.2710576175,-48.89235));
#6183 = CARTESIAN_POINT('',(204.7,-48.1494));
#6184 = CARTESIAN_POINT('',(205.12894238249,-48.89235));
#6185 = CARTESIAN_POINT('',(205.55788476498,-49.6353));
#6186 = CARTESIAN_POINT('',(204.7,-49.6353));
#6187 = ( GEOMETRIC_REPRESENTATION_CONTEXT(2) 
PARAMETRIC_REPRESENTATION_CONTEXT() REPRESENTATION_CONTEXT('2D SPACE',''
  ) );
#6188 = PCURVE('',#6189,#6194);
#6189 = CYLINDRICAL_SURFACE('',#6190,0.4953);
#6190 = AXIS2_PLACEMENT_3D('',#6191,#6192,#6193);
#6191 = CARTESIAN_POINT('',(204.7,-49.14,-4.6E-02));
#6192 = DIRECTION('',(-0.,-0.,-1.));
#6193 = DIRECTION('',(0.,-1.,0.));
#6194 = DEFINITIONAL_REPRESENTATION('',(#6195),#6199);
#6195 = LINE('',#6196,#6197);
#6196 = CARTESIAN_POINT('',(0.,-1.556));
#6197 = VECTOR('',#6198,1.);
#6198 = DIRECTION('',(1.,0.));
#6199 = ( GEOMETRIC_REPRESENTATION_CONTEXT(2) 
PARAMETRIC_REPRESENTATION_CONTEXT() REPRESENTATION_CONTEXT('2D SPACE',''
  ) );
#6200 = FACE_BOUND('',#6201,.T.);
#6201 = EDGE_LOOP('',(#6202));
#6202 = ORIENTED_EDGE('',*,*,#6203,.T.);
#6203 = EDGE_CURVE('',#6204,#6204,#6206,.T.);
#6204 = VERTEX_POINT('',#6205);
#6205 = CARTESIAN_POINT('',(199.48,-42.759,1.51));
#6206 = SURFACE_CURVE('',#6207,(#6212,#6223),.PCURVE_S1.);
#6207 = CIRCLE('',#6208,0.635);
#6208 = AXIS2_PLACEMENT_3D('',#6209,#6210,#6211);
#6209 = CARTESIAN_POINT('',(199.48,-42.124,1.51));
#6210 = DIRECTION('',(-0.,0.,-1.));
#6211 = DIRECTION('',(-4.475859752819E-14,-1.,0.));
#6212 = PCURVE('',#33,#6213);
#6213 = DEFINITIONAL_REPRESENTATION('',(#6214),#6222);
#6214 = ( BOUNDED_CURVE() B_SPLINE_CURVE(2,(#6215,#6216,#6217,#6218,
#6219,#6220,#6221),.UNSPECIFIED.,.T.,.F.) B_SPLINE_CURVE_WITH_KNOTS((1,2
    ,2,2,2,1),(-2.094395102393,0.,2.094395102393,4.188790204786,
6.28318530718,8.377580409573),.UNSPECIFIED.) CURVE() 
GEOMETRIC_REPRESENTATION_ITEM() RATIONAL_B_SPLINE_CURVE((1.,0.5,1.,0.5,
1.,0.5,1.)) REPRESENTATION_ITEM('') );
#6215 = CARTESIAN_POINT('',(199.48,-42.759));
#6216 = CARTESIAN_POINT('',(198.38014773719,-42.759));
#6217 = CARTESIAN_POINT('',(198.93007386859,-41.8065));
#6218 = CARTESIAN_POINT('',(199.48,-40.854));
#6219 = CARTESIAN_POINT('',(200.0299261314,-41.8065));
#6220 = CARTESIAN_POINT('',(200.5798522628,-42.759));
#6221 = CARTESIAN_POINT('',(199.48,-42.759));
#6222 = ( GEOMETRIC_REPRESENTATION_CONTEXT(2) 
PARAMETRIC_REPRESENTATION_CONTEXT() REPRESENTATION_CONTEXT('2D SPACE',''
  ) );
#6223 = PCURVE('',#6224,#6229);
#6224 = CYLINDRICAL_SURFACE('',#6225,0.635);
#6225 = AXIS2_PLACEMENT_3D('',#6226,#6227,#6228);
#6226 = CARTESIAN_POINT('',(199.48,-42.124,-4.6E-02));
#6227 = DIRECTION('',(-0.,-0.,-1.));
#6228 = DIRECTION('',(-4.475859752819E-14,-1.,0.));
#6229 = DEFINITIONAL_REPRESENTATION('',(#6230),#6234);
#6230 = LINE('',#6231,#6232);
#6231 = CARTESIAN_POINT('',(0.,-1.556));
#6232 = VECTOR('',#6233,1.);
#6233 = DIRECTION('',(1.,0.));
#6234 = ( GEOMETRIC_REPRESENTATION_CONTEXT(2) 
PARAMETRIC_REPRESENTATION_CONTEXT() REPRESENTATION_CONTEXT('2D SPACE',''
  ) );
#6235 = FACE_BOUND('',#6236,.T.);
#6236 = EDGE_LOOP('',(#6237));
#6237 = ORIENTED_EDGE('',*,*,#6238,.T.);
#6238 = EDGE_CURVE('',#6239,#6239,#6241,.T.);
#6239 = VERTEX_POINT('',#6240);
#6240 = CARTESIAN_POINT('',(219.824469,-49.024771,1.51));
#6241 = SURFACE_CURVE('',#6242,(#6247,#6258),.PCURVE_S1.);
#6242 = CIRCLE('',#6243,0.635);
#6243 = AXIS2_PLACEMENT_3D('',#6244,#6245,#6246);
#6244 = CARTESIAN_POINT('',(219.824469,-48.389771,1.51));
#6245 = DIRECTION('',(-0.,0.,-1.));
#6246 = DIRECTION('',(-4.475859752819E-14,-1.,0.));
#6247 = PCURVE('',#33,#6248);
#6248 = DEFINITIONAL_REPRESENTATION('',(#6249),#6257);
#6249 = ( BOUNDED_CURVE() B_SPLINE_CURVE(2,(#6250,#6251,#6252,#6253,
#6254,#6255,#6256),.UNSPECIFIED.,.T.,.F.) B_SPLINE_CURVE_WITH_KNOTS((1,2
    ,2,2,2,1),(-2.094395102393,0.,2.094395102393,4.188790204786,
6.28318530718,8.377580409573),.UNSPECIFIED.) CURVE() 
GEOMETRIC_REPRESENTATION_ITEM() RATIONAL_B_SPLINE_CURVE((1.,0.5,1.,0.5,
1.,0.5,1.)) REPRESENTATION_ITEM('') );
#6250 = CARTESIAN_POINT('',(219.824469,-49.024771));
#6251 = CARTESIAN_POINT('',(218.72461673719,-49.024771));
#6252 = CARTESIAN_POINT('',(219.27454286859,-48.072271));
#6253 = CARTESIAN_POINT('',(219.824469,-47.119771));
#6254 = CARTESIAN_POINT('',(220.3743951314,-48.072271));
#6255 = CARTESIAN_POINT('',(220.9243212628,-49.024771));
#6256 = CARTESIAN_POINT('',(219.824469,-49.024771));
#6257 = ( GEOMETRIC_REPRESENTATION_CONTEXT(2) 
PARAMETRIC_REPRESENTATION_CONTEXT() REPRESENTATION_CONTEXT('2D SPACE',''
  ) );
#6258 = PCURVE('',#6259,#6264);
#6259 = CYLINDRICAL_SURFACE('',#6260,0.635);
#6260 = AXIS2_PLACEMENT_3D('',#6261,#6262,#6263);
#6261 = CARTESIAN_POINT('',(219.824469,-48.389771,-4.6E-02));
#6262 = DIRECTION('',(-0.,-0.,-1.));
#6263 = DIRECTION('',(-4.475859752819E-14,-1.,0.));
#6264 = DEFINITIONAL_REPRESENTATION('',(#6265),#6269);
#6265 = LINE('',#6266,#6267);
#6266 = CARTESIAN_POINT('',(0.,-1.556));
#6267 = VECTOR('',#6268,1.);
#6268 = DIRECTION('',(1.,0.));
#6269 = ( GEOMETRIC_REPRESENTATION_CONTEXT(2) 
PARAMETRIC_REPRESENTATION_CONTEXT() REPRESENTATION_CONTEXT('2D SPACE',''
  ) );
#6270 = FACE_BOUND('',#6271,.T.);
#6271 = EDGE_LOOP('',(#6272));
#6272 = ORIENTED_EDGE('',*,*,#6273,.T.);
#6273 = EDGE_CURVE('',#6274,#6274,#6276,.T.);
#6274 = VERTEX_POINT('',#6275);
#6275 = CARTESIAN_POINT('',(214.983137,-46.581104,1.51));
#6276 = SURFACE_CURVE('',#6277,(#6282,#6293),.PCURVE_S1.);
#6277 = CIRCLE('',#6278,0.635);
#6278 = AXIS2_PLACEMENT_3D('',#6279,#6280,#6281);
#6279 = CARTESIAN_POINT('',(214.983137,-45.946104,1.51));
#6280 = DIRECTION('',(-0.,-0.,-1.));
#6281 = DIRECTION('',(0.,-1.,0.));
#6282 = PCURVE('',#33,#6283);
#6283 = DEFINITIONAL_REPRESENTATION('',(#6284),#6292);
#6284 = ( BOUNDED_CURVE() B_SPLINE_CURVE(2,(#6285,#6286,#6287,#6288,
#6289,#6290,#6291),.UNSPECIFIED.,.T.,.F.) B_SPLINE_CURVE_WITH_KNOTS((1,2
    ,2,2,2,1),(-2.094395102393,0.,2.094395102393,4.188790204786,
6.28318530718,8.377580409573),.UNSPECIFIED.) CURVE() 
GEOMETRIC_REPRESENTATION_ITEM() RATIONAL_B_SPLINE_CURVE((1.,0.5,1.,0.5,
1.,0.5,1.)) REPRESENTATION_ITEM('') );
#6285 = CARTESIAN_POINT('',(214.983137,-46.581104));
#6286 = CARTESIAN_POINT('',(213.88328473719,-46.581104));
#6287 = CARTESIAN_POINT('',(214.43321086859,-45.628604));
#6288 = CARTESIAN_POINT('',(214.983137,-44.676104));
#6289 = CARTESIAN_POINT('',(215.5330631314,-45.628604));
#6290 = CARTESIAN_POINT('',(216.0829892628,-46.581104));
#6291 = CARTESIAN_POINT('',(214.983137,-46.581104));
#6292 = ( GEOMETRIC_REPRESENTATION_CONTEXT(2) 
PARAMETRIC_REPRESENTATION_CONTEXT() REPRESENTATION_CONTEXT('2D SPACE',''
  ) );
#6293 = PCURVE('',#6294,#6299);
#6294 = CYLINDRICAL_SURFACE('',#6295,0.635);
#6295 = AXIS2_PLACEMENT_3D('',#6296,#6297,#6298);
#6296 = CARTESIAN_POINT('',(214.983137,-45.946104,-4.6E-02));
#6297 = DIRECTION('',(-0.,-0.,-1.));
#6298 = DIRECTION('',(0.,-1.,0.));
#6299 = DEFINITIONAL_REPRESENTATION('',(#6300),#6304);
#6300 = LINE('',#6301,#6302);
#6301 = CARTESIAN_POINT('',(0.,-1.556));
#6302 = VECTOR('',#6303,1.);
#6303 = DIRECTION('',(1.,0.));
#6304 = ( GEOMETRIC_REPRESENTATION_CONTEXT(2) 
PARAMETRIC_REPRESENTATION_CONTEXT() REPRESENTATION_CONTEXT('2D SPACE',''
  ) );
#6305 = FACE_BOUND('',#6306,.T.);
#6306 = EDGE_LOOP('',(#6307));
#6307 = ORIENTED_EDGE('',*,*,#6308,.T.);
#6308 = EDGE_CURVE('',#6309,#6309,#6311,.T.);
#6309 = VERTEX_POINT('',#6310);
#6310 = CARTESIAN_POINT('',(214.74943,-42.971382,1.51));
#6311 = SURFACE_CURVE('',#6312,(#6317,#6328),.PCURVE_S1.);
#6312 = CIRCLE('',#6313,0.8509);
#6313 = AXIS2_PLACEMENT_3D('',#6314,#6315,#6316);
#6314 = CARTESIAN_POINT('',(214.74943,-42.120482,1.51));
#6315 = DIRECTION('',(-0.,0.,-1.));
#6316 = DIRECTION('',(-3.340193845388E-14,-1.,0.));
#6317 = PCURVE('',#33,#6318);
#6318 = DEFINITIONAL_REPRESENTATION('',(#6319),#6327);
#6319 = ( BOUNDED_CURVE() B_SPLINE_CURVE(2,(#6320,#6321,#6322,#6323,
#6324,#6325,#6326),.UNSPECIFIED.,.T.,.F.) B_SPLINE_CURVE_WITH_KNOTS((1,2
    ,2,2,2,1),(-2.094395102393,0.,2.094395102393,4.188790204786,
6.28318530718,8.377580409573),.UNSPECIFIED.) CURVE() 
GEOMETRIC_REPRESENTATION_ITEM() RATIONAL_B_SPLINE_CURVE((1.,0.5,1.,0.5,
1.,0.5,1.)) REPRESENTATION_ITEM('') );
#6320 = CARTESIAN_POINT('',(214.74943,-42.971382));
#6321 = CARTESIAN_POINT('',(213.27562796784,-42.971382));
#6322 = CARTESIAN_POINT('',(214.01252898392,-41.695032));
#6323 = CARTESIAN_POINT('',(214.74943,-40.418682));
#6324 = CARTESIAN_POINT('',(215.48633101608,-41.695032));
#6325 = CARTESIAN_POINT('',(216.22323203216,-42.971382));
#6326 = CARTESIAN_POINT('',(214.74943,-42.971382));
#6327 = ( GEOMETRIC_REPRESENTATION_CONTEXT(2) 
PARAMETRIC_REPRESENTATION_CONTEXT() REPRESENTATION_CONTEXT('2D SPACE',''
  ) );
#6328 = PCURVE('',#6329,#6334);
#6329 = CYLINDRICAL_SURFACE('',#6330,0.8509);
#6330 = AXIS2_PLACEMENT_3D('',#6331,#6332,#6333);
#6331 = CARTESIAN_POINT('',(214.74943,-42.120482,-4.6E-02));
#6332 = DIRECTION('',(-0.,-0.,-1.));
#6333 = DIRECTION('',(-3.340193845388E-14,-1.,0.));
#6334 = DEFINITIONAL_REPRESENTATION('',(#6335),#6339);
#6335 = LINE('',#6336,#6337);
#6336 = CARTESIAN_POINT('',(0.,-1.556));
#6337 = VECTOR('',#6338,1.);
#6338 = DIRECTION('',(1.,0.));
#6339 = ( GEOMETRIC_REPRESENTATION_CONTEXT(2) 
PARAMETRIC_REPRESENTATION_CONTEXT() REPRESENTATION_CONTEXT('2D SPACE',''
  ) );
#6340 = FACE_BOUND('',#6341,.T.);
#6341 = EDGE_LOOP('',(#6342));
#6342 = ORIENTED_EDGE('',*,*,#6343,.T.);
#6343 = EDGE_CURVE('',#6344,#6344,#6346,.T.);
#6344 = VERTEX_POINT('',#6345);
#6345 = CARTESIAN_POINT('',(220.236032,-44.218643,1.51));
#6346 = SURFACE_CURVE('',#6347,(#6352,#6363),.PCURVE_S1.);
#6347 = CIRCLE('',#6348,1.7145);
#6348 = AXIS2_PLACEMENT_3D('',#6349,#6350,#6351);
#6349 = CARTESIAN_POINT('',(220.236032,-42.504143,1.51));
#6350 = DIRECTION('',(-0.,0.,-1.));
#6351 = DIRECTION('',(-1.657725834378E-14,-1.,0.));
#6352 = PCURVE('',#33,#6353);
#6353 = DEFINITIONAL_REPRESENTATION('',(#6354),#6362);
#6354 = ( BOUNDED_CURVE() B_SPLINE_CURVE(2,(#6355,#6356,#6357,#6358,
#6359,#6360,#6361),.UNSPECIFIED.,.T.,.F.) B_SPLINE_CURVE_WITH_KNOTS((1,2
    ,2,2,2,1),(-2.094395102393,0.,2.094395102393,4.188790204786,
6.28318530718,8.377580409573),.UNSPECIFIED.) CURVE() 
GEOMETRIC_REPRESENTATION_ITEM() RATIONAL_B_SPLINE_CURVE((1.,0.5,1.,0.5,
1.,0.5,1.)) REPRESENTATION_ITEM('') );
#6355 = CARTESIAN_POINT('',(220.236032,-44.218643));
#6356 = CARTESIAN_POINT('',(217.26643089042,-44.218643));
#6357 = CARTESIAN_POINT('',(218.75123144521,-41.646893));
#6358 = CARTESIAN_POINT('',(220.236032,-39.075143));
#6359 = CARTESIAN_POINT('',(221.72083255478,-41.646893));
#6360 = CARTESIAN_POINT('',(223.20563310957,-44.218643));
#6361 = CARTESIAN_POINT('',(220.236032,-44.218643));
#6362 = ( GEOMETRIC_REPRESENTATION_CONTEXT(2) 
PARAMETRIC_REPRESENTATION_CONTEXT() REPRESENTATION_CONTEXT('2D SPACE',''
  ) );
#6363 = PCURVE('',#6364,#6369);
#6364 = CYLINDRICAL_SURFACE('',#6365,1.7145);
#6365 = AXIS2_PLACEMENT_3D('',#6366,#6367,#6368);
#6366 = CARTESIAN_POINT('',(220.236032,-42.504143,-4.6E-02));
#6367 = DIRECTION('',(-0.,-0.,-1.));
#6368 = DIRECTION('',(-1.657725834378E-14,-1.,0.));
#6369 = DEFINITIONAL_REPRESENTATION('',(#6370),#6374);
#6370 = LINE('',#6371,#6372);
#6371 = CARTESIAN_POINT('',(0.,-1.556));
#6372 = VECTOR('',#6373,1.);
#6373 = DIRECTION('',(1.,0.));
#6374 = ( GEOMETRIC_REPRESENTATION_CONTEXT(2) 
PARAMETRIC_REPRESENTATION_CONTEXT() REPRESENTATION_CONTEXT('2D SPACE',''
  ) );
#6375 = FACE_BOUND('',#6376,.T.);
#6376 = EDGE_LOOP('',(#6377));
#6377 = ORIENTED_EDGE('',*,*,#6378,.T.);
#6378 = EDGE_CURVE('',#6379,#6379,#6381,.T.);
#6379 = VERTEX_POINT('',#6380);
#6380 = CARTESIAN_POINT('',(194.48,-40.659,1.51));
#6381 = SURFACE_CURVE('',#6382,(#6387,#6398),.PCURVE_S1.);
#6382 = CIRCLE('',#6383,0.635);
#6383 = AXIS2_PLACEMENT_3D('',#6384,#6385,#6386);
#6384 = CARTESIAN_POINT('',(194.48,-40.024,1.51));
#6385 = DIRECTION('',(-0.,0.,-1.));
#6386 = DIRECTION('',(-4.475859752819E-14,-1.,0.));
#6387 = PCURVE('',#33,#6388);
#6388 = DEFINITIONAL_REPRESENTATION('',(#6389),#6397);
#6389 = ( BOUNDED_CURVE() B_SPLINE_CURVE(2,(#6390,#6391,#6392,#6393,
#6394,#6395,#6396),.UNSPECIFIED.,.T.,.F.) B_SPLINE_CURVE_WITH_KNOTS((1,2
    ,2,2,2,1),(-2.094395102393,0.,2.094395102393,4.188790204786,
6.28318530718,8.377580409573),.UNSPECIFIED.) CURVE() 
GEOMETRIC_REPRESENTATION_ITEM() RATIONAL_B_SPLINE_CURVE((1.,0.5,1.,0.5,
1.,0.5,1.)) REPRESENTATION_ITEM('') );
#6390 = CARTESIAN_POINT('',(194.48,-40.659));
#6391 = CARTESIAN_POINT('',(193.38014773719,-40.659));
#6392 = CARTESIAN_POINT('',(193.93007386859,-39.7065));
#6393 = CARTESIAN_POINT('',(194.48,-38.754));
#6394 = CARTESIAN_POINT('',(195.0299261314,-39.7065));
#6395 = CARTESIAN_POINT('',(195.5798522628,-40.659));
#6396 = CARTESIAN_POINT('',(194.48,-40.659));
#6397 = ( GEOMETRIC_REPRESENTATION_CONTEXT(2) 
PARAMETRIC_REPRESENTATION_CONTEXT() REPRESENTATION_CONTEXT('2D SPACE',''
  ) );
#6398 = PCURVE('',#6399,#6404);
#6399 = CYLINDRICAL_SURFACE('',#6400,0.635);
#6400 = AXIS2_PLACEMENT_3D('',#6401,#6402,#6403);
#6401 = CARTESIAN_POINT('',(194.48,-40.024,-4.6E-02));
#6402 = DIRECTION('',(-0.,-0.,-1.));
#6403 = DIRECTION('',(-4.475859752819E-14,-1.,0.));
#6404 = DEFINITIONAL_REPRESENTATION('',(#6405),#6409);
#6405 = LINE('',#6406,#6407);
#6406 = CARTESIAN_POINT('',(0.,-1.556));
#6407 = VECTOR('',#6408,1.);
#6408 = DIRECTION('',(1.,0.));
#6409 = ( GEOMETRIC_REPRESENTATION_CONTEXT(2) 
PARAMETRIC_REPRESENTATION_CONTEXT() REPRESENTATION_CONTEXT('2D SPACE',''
  ) );
#6410 = FACE_BOUND('',#6411,.T.);
#6411 = EDGE_LOOP('',(#6412));
#6412 = ORIENTED_EDGE('',*,*,#6413,.T.);
#6413 = EDGE_CURVE('',#6414,#6414,#6416,.T.);
#6414 = VERTEX_POINT('',#6415);
#6415 = CARTESIAN_POINT('',(193.98,-37.0749,1.51));
#6416 = SURFACE_CURVE('',#6417,(#6422,#6433),.PCURVE_S1.);
#6417 = CIRCLE('',#6418,0.8509);
#6418 = AXIS2_PLACEMENT_3D('',#6419,#6420,#6421);
#6419 = CARTESIAN_POINT('',(193.98,-36.224,1.51));
#6420 = DIRECTION('',(-0.,0.,-1.));
#6421 = DIRECTION('',(-3.340193845388E-14,-1.,0.));
#6422 = PCURVE('',#33,#6423);
#6423 = DEFINITIONAL_REPRESENTATION('',(#6424),#6432);
#6424 = ( BOUNDED_CURVE() B_SPLINE_CURVE(2,(#6425,#6426,#6427,#6428,
#6429,#6430,#6431),.UNSPECIFIED.,.T.,.F.) B_SPLINE_CURVE_WITH_KNOTS((1,2
    ,2,2,2,1),(-2.094395102393,0.,2.094395102393,4.188790204786,
6.28318530718,8.377580409573),.UNSPECIFIED.) CURVE() 
GEOMETRIC_REPRESENTATION_ITEM() RATIONAL_B_SPLINE_CURVE((1.,0.5,1.,0.5,
1.,0.5,1.)) REPRESENTATION_ITEM('') );
#6425 = CARTESIAN_POINT('',(193.98,-37.0749));
#6426 = CARTESIAN_POINT('',(192.50619796784,-37.0749));
#6427 = CARTESIAN_POINT('',(193.24309898392,-35.79855));
#6428 = CARTESIAN_POINT('',(193.98,-34.5222));
#6429 = CARTESIAN_POINT('',(194.71690101608,-35.79855));
#6430 = CARTESIAN_POINT('',(195.45380203216,-37.0749));
#6431 = CARTESIAN_POINT('',(193.98,-37.0749));
#6432 = ( GEOMETRIC_REPRESENTATION_CONTEXT(2) 
PARAMETRIC_REPRESENTATION_CONTEXT() REPRESENTATION_CONTEXT('2D SPACE',''
  ) );
#6433 = PCURVE('',#6434,#6439);
#6434 = CYLINDRICAL_SURFACE('',#6435,0.8509);
#6435 = AXIS2_PLACEMENT_3D('',#6436,#6437,#6438);
#6436 = CARTESIAN_POINT('',(193.98,-36.224,-4.6E-02));
#6437 = DIRECTION('',(-0.,-0.,-1.));
#6438 = DIRECTION('',(-3.340193845388E-14,-1.,0.));
#6439 = DEFINITIONAL_REPRESENTATION('',(#6440),#6444);
#6440 = LINE('',#6441,#6442);
#6441 = CARTESIAN_POINT('',(0.,-1.556));
#6442 = VECTOR('',#6443,1.);
#6443 = DIRECTION('',(1.,0.));
#6444 = ( GEOMETRIC_REPRESENTATION_CONTEXT(2) 
PARAMETRIC_REPRESENTATION_CONTEXT() REPRESENTATION_CONTEXT('2D SPACE',''
  ) );
#6445 = FACE_BOUND('',#6446,.T.);
#6446 = EDGE_LOOP('',(#6447));
#6447 = ORIENTED_EDGE('',*,*,#6448,.T.);
#6448 = EDGE_CURVE('',#6449,#6449,#6451,.T.);
#6449 = VERTEX_POINT('',#6450);
#6450 = CARTESIAN_POINT('',(199.48,-37.9385,1.51));
#6451 = SURFACE_CURVE('',#6452,(#6457,#6468),.PCURVE_S1.);
#6452 = CIRCLE('',#6453,1.7145);
#6453 = AXIS2_PLACEMENT_3D('',#6454,#6455,#6456);
#6454 = CARTESIAN_POINT('',(199.48,-36.224,1.51));
#6455 = DIRECTION('',(-0.,0.,-1.));
#6456 = DIRECTION('',(-1.657725834378E-14,-1.,0.));
#6457 = PCURVE('',#33,#6458);
#6458 = DEFINITIONAL_REPRESENTATION('',(#6459),#6467);
#6459 = ( BOUNDED_CURVE() B_SPLINE_CURVE(2,(#6460,#6461,#6462,#6463,
#6464,#6465,#6466),.UNSPECIFIED.,.T.,.F.) B_SPLINE_CURVE_WITH_KNOTS((1,2
    ,2,2,2,1),(-2.094395102393,0.,2.094395102393,4.188790204786,
6.28318530718,8.377580409573),.UNSPECIFIED.) CURVE() 
GEOMETRIC_REPRESENTATION_ITEM() RATIONAL_B_SPLINE_CURVE((1.,0.5,1.,0.5,
1.,0.5,1.)) REPRESENTATION_ITEM('') );
#6460 = CARTESIAN_POINT('',(199.48,-37.9385));
#6461 = CARTESIAN_POINT('',(196.51039889042,-37.9385));
#6462 = CARTESIAN_POINT('',(197.99519944521,-35.36675));
#6463 = CARTESIAN_POINT('',(199.48,-32.795));
#6464 = CARTESIAN_POINT('',(200.96480055478,-35.36675));
#6465 = CARTESIAN_POINT('',(202.44960110957,-37.9385));
#6466 = CARTESIAN_POINT('',(199.48,-37.9385));
#6467 = ( GEOMETRIC_REPRESENTATION_CONTEXT(2) 
PARAMETRIC_REPRESENTATION_CONTEXT() REPRESENTATION_CONTEXT('2D SPACE',''
  ) );
#6468 = PCURVE('',#6469,#6474);
#6469 = CYLINDRICAL_SURFACE('',#6470,1.7145);
#6470 = AXIS2_PLACEMENT_3D('',#6471,#6472,#6473);
#6471 = CARTESIAN_POINT('',(199.48,-36.224,-4.6E-02));
#6472 = DIRECTION('',(-0.,-0.,-1.));
#6473 = DIRECTION('',(-1.657725834378E-14,-1.,0.));
#6474 = DEFINITIONAL_REPRESENTATION('',(#6475),#6479);
#6475 = LINE('',#6476,#6477);
#6476 = CARTESIAN_POINT('',(0.,-1.556));
#6477 = VECTOR('',#6478,1.);
#6478 = DIRECTION('',(1.,0.));
#6479 = ( GEOMETRIC_REPRESENTATION_CONTEXT(2) 
PARAMETRIC_REPRESENTATION_CONTEXT() REPRESENTATION_CONTEXT('2D SPACE',''
  ) );
#6480 = FACE_BOUND('',#6481,.T.);
#6481 = EDGE_LOOP('',(#6482));
#6482 = ORIENTED_EDGE('',*,*,#6483,.T.);
#6483 = EDGE_CURVE('',#6484,#6484,#6486,.T.);
#6484 = VERTEX_POINT('',#6485);
#6485 = CARTESIAN_POINT('',(204.98,-37.0749,1.51));
#6486 = SURFACE_CURVE('',#6487,(#6492,#6503),.PCURVE_S1.);
#6487 = CIRCLE('',#6488,0.8509);
#6488 = AXIS2_PLACEMENT_3D('',#6489,#6490,#6491);
#6489 = CARTESIAN_POINT('',(204.98,-36.224,1.51));
#6490 = DIRECTION('',(-0.,0.,-1.));
#6491 = DIRECTION('',(-3.340193845388E-14,-1.,0.));
#6492 = PCURVE('',#33,#6493);
#6493 = DEFINITIONAL_REPRESENTATION('',(#6494),#6502);
#6494 = ( BOUNDED_CURVE() B_SPLINE_CURVE(2,(#6495,#6496,#6497,#6498,
#6499,#6500,#6501),.UNSPECIFIED.,.T.,.F.) B_SPLINE_CURVE_WITH_KNOTS((1,2
    ,2,2,2,1),(-2.094395102393,0.,2.094395102393,4.188790204786,
6.28318530718,8.377580409573),.UNSPECIFIED.) CURVE() 
GEOMETRIC_REPRESENTATION_ITEM() RATIONAL_B_SPLINE_CURVE((1.,0.5,1.,0.5,
1.,0.5,1.)) REPRESENTATION_ITEM('') );
#6495 = CARTESIAN_POINT('',(204.98,-37.0749));
#6496 = CARTESIAN_POINT('',(203.50619796784,-37.0749));
#6497 = CARTESIAN_POINT('',(204.24309898392,-35.79855));
#6498 = CARTESIAN_POINT('',(204.98,-34.5222));
#6499 = CARTESIAN_POINT('',(205.71690101608,-35.79855));
#6500 = CARTESIAN_POINT('',(206.45380203216,-37.0749));
#6501 = CARTESIAN_POINT('',(204.98,-37.0749));
#6502 = ( GEOMETRIC_REPRESENTATION_CONTEXT(2) 
PARAMETRIC_REPRESENTATION_CONTEXT() REPRESENTATION_CONTEXT('2D SPACE',''
  ) );
#6503 = PCURVE('',#6504,#6509);
#6504 = CYLINDRICAL_SURFACE('',#6505,0.8509);
#6505 = AXIS2_PLACEMENT_3D('',#6506,#6507,#6508);
#6506 = CARTESIAN_POINT('',(204.98,-36.224,-4.6E-02));
#6507 = DIRECTION('',(-0.,-0.,-1.));
#6508 = DIRECTION('',(-3.340193845388E-14,-1.,0.));
#6509 = DEFINITIONAL_REPRESENTATION('',(#6510),#6514);
#6510 = LINE('',#6511,#6512);
#6511 = CARTESIAN_POINT('',(0.,-1.556));
#6512 = VECTOR('',#6513,1.);
#6513 = DIRECTION('',(1.,0.));
#6514 = ( GEOMETRIC_REPRESENTATION_CONTEXT(2) 
PARAMETRIC_REPRESENTATION_CONTEXT() REPRESENTATION_CONTEXT('2D SPACE',''
  ) );
#6515 = FACE_BOUND('',#6516,.T.);
#6516 = EDGE_LOOP('',(#6517));
#6517 = ORIENTED_EDGE('',*,*,#6518,.T.);
#6518 = EDGE_CURVE('',#6519,#6519,#6521,.T.);
#6519 = VERTEX_POINT('',#6520);
#6520 = CARTESIAN_POINT('',(194.26,-32.5193,1.51));
#6521 = SURFACE_CURVE('',#6522,(#6527,#6538),.PCURVE_S1.);
#6522 = CIRCLE('',#6523,0.4953);
#6523 = AXIS2_PLACEMENT_3D('',#6524,#6525,#6526);
#6524 = CARTESIAN_POINT('',(194.26,-32.024,1.51));
#6525 = DIRECTION('',(-0.,-0.,-1.));
#6526 = DIRECTION('',(0.,-1.,0.));
#6527 = PCURVE('',#33,#6528);
#6528 = DEFINITIONAL_REPRESENTATION('',(#6529),#6537);
#6529 = ( BOUNDED_CURVE() B_SPLINE_CURVE(2,(#6530,#6531,#6532,#6533,
#6534,#6535,#6536),.UNSPECIFIED.,.T.,.F.) B_SPLINE_CURVE_WITH_KNOTS((1,2
    ,2,2,2,1),(-2.094395102393,0.,2.094395102393,4.188790204786,
6.28318530718,8.377580409573),.UNSPECIFIED.) CURVE() 
GEOMETRIC_REPRESENTATION_ITEM() RATIONAL_B_SPLINE_CURVE((1.,0.5,1.,0.5,
1.,0.5,1.)) REPRESENTATION_ITEM('') );
#6530 = CARTESIAN_POINT('',(194.26,-32.5193));
#6531 = CARTESIAN_POINT('',(193.40211523501,-32.5193));
#6532 = CARTESIAN_POINT('',(193.8310576175,-31.77635));
#6533 = CARTESIAN_POINT('',(194.26,-31.0334));
#6534 = CARTESIAN_POINT('',(194.68894238249,-31.77635));
#6535 = CARTESIAN_POINT('',(195.11788476498,-32.5193));
#6536 = CARTESIAN_POINT('',(194.26,-32.5193));
#6537 = ( GEOMETRIC_REPRESENTATION_CONTEXT(2) 
PARAMETRIC_REPRESENTATION_CONTEXT() REPRESENTATION_CONTEXT('2D SPACE',''
  ) );
#6538 = PCURVE('',#6539,#6544);
#6539 = CYLINDRICAL_SURFACE('',#6540,0.4953);
#6540 = AXIS2_PLACEMENT_3D('',#6541,#6542,#6543);
#6541 = CARTESIAN_POINT('',(194.26,-32.024,-4.6E-02));
#6542 = DIRECTION('',(-0.,-0.,-1.));
#6543 = DIRECTION('',(0.,-1.,0.));
#6544 = DEFINITIONAL_REPRESENTATION('',(#6545),#6549);
#6545 = LINE('',#6546,#6547);
#6546 = CARTESIAN_POINT('',(0.,-1.556));
#6547 = VECTOR('',#6548,1.);
#6548 = DIRECTION('',(1.,0.));
#6549 = ( GEOMETRIC_REPRESENTATION_CONTEXT(2) 
PARAMETRIC_REPRESENTATION_CONTEXT() REPRESENTATION_CONTEXT('2D SPACE',''
  ) );
#6550 = FACE_BOUND('',#6551,.T.);
#6551 = EDGE_LOOP('',(#6552));
#6552 = ORIENTED_EDGE('',*,*,#6553,.T.);
#6553 = EDGE_CURVE('',#6554,#6554,#6556,.T.);
#6554 = VERTEX_POINT('',#6555);
#6555 = CARTESIAN_POINT('',(204.7,-32.5193,1.51));
#6556 = SURFACE_CURVE('',#6557,(#6562,#6573),.PCURVE_S1.);
#6557 = CIRCLE('',#6558,0.4953);
#6558 = AXIS2_PLACEMENT_3D('',#6559,#6560,#6561);
#6559 = CARTESIAN_POINT('',(204.7,-32.024,1.51));
#6560 = DIRECTION('',(-0.,-0.,-1.));
#6561 = DIRECTION('',(0.,-1.,0.));
#6562 = PCURVE('',#33,#6563);
#6563 = DEFINITIONAL_REPRESENTATION('',(#6564),#6572);
#6564 = ( BOUNDED_CURVE() B_SPLINE_CURVE(2,(#6565,#6566,#6567,#6568,
#6569,#6570,#6571),.UNSPECIFIED.,.T.,.F.) B_SPLINE_CURVE_WITH_KNOTS((1,2
    ,2,2,2,1),(-2.094395102393,0.,2.094395102393,4.188790204786,
6.28318530718,8.377580409573),.UNSPECIFIED.) CURVE() 
GEOMETRIC_REPRESENTATION_ITEM() RATIONAL_B_SPLINE_CURVE((1.,0.5,1.,0.5,
1.,0.5,1.)) REPRESENTATION_ITEM('') );
#6565 = CARTESIAN_POINT('',(204.7,-32.5193));
#6566 = CARTESIAN_POINT('',(203.84211523501,-32.5193));
#6567 = CARTESIAN_POINT('',(204.2710576175,-31.77635));
#6568 = CARTESIAN_POINT('',(204.7,-31.0334));
#6569 = CARTESIAN_POINT('',(205.12894238249,-31.77635));
#6570 = CARTESIAN_POINT('',(205.55788476498,-32.5193));
#6571 = CARTESIAN_POINT('',(204.7,-32.5193));
#6572 = ( GEOMETRIC_REPRESENTATION_CONTEXT(2) 
PARAMETRIC_REPRESENTATION_CONTEXT() REPRESENTATION_CONTEXT('2D SPACE',''
  ) );
#6573 = PCURVE('',#6574,#6579);
#6574 = CYLINDRICAL_SURFACE('',#6575,0.4953);
#6575 = AXIS2_PLACEMENT_3D('',#6576,#6577,#6578);
#6576 = CARTESIAN_POINT('',(204.7,-32.024,-4.6E-02));
#6577 = DIRECTION('',(-0.,-0.,-1.));
#6578 = DIRECTION('',(0.,-1.,0.));
#6579 = DEFINITIONAL_REPRESENTATION('',(#6580),#6584);
#6580 = LINE('',#6581,#6582);
#6581 = CARTESIAN_POINT('',(0.,-1.556));
#6582 = VECTOR('',#6583,1.);
#6583 = DIRECTION('',(1.,0.));
#6584 = ( GEOMETRIC_REPRESENTATION_CONTEXT(2) 
PARAMETRIC_REPRESENTATION_CONTEXT() REPRESENTATION_CONTEXT('2D SPACE',''
  ) );
#6585 = FACE_BOUND('',#6586,.T.);
#6586 = EDGE_LOOP('',(#6587));
#6587 = ORIENTED_EDGE('',*,*,#6588,.T.);
#6588 = EDGE_CURVE('',#6589,#6589,#6591,.T.);
#6589 = VERTEX_POINT('',#6590);
#6590 = CARTESIAN_POINT('',(215.321725,-38.445545,1.51));
#6591 = SURFACE_CURVE('',#6592,(#6597,#6608),.PCURVE_S1.);
#6592 = CIRCLE('',#6593,0.4953);
#6593 = AXIS2_PLACEMENT_3D('',#6594,#6595,#6596);
#6594 = CARTESIAN_POINT('',(215.321725,-37.950245,1.51));
#6595 = DIRECTION('',(-0.,0.,-1.));
#6596 = DIRECTION('',(-5.738281734384E-14,-1.,0.));
#6597 = PCURVE('',#33,#6598);
#6598 = DEFINITIONAL_REPRESENTATION('',(#6599),#6607);
#6599 = ( BOUNDED_CURVE() B_SPLINE_CURVE(2,(#6600,#6601,#6602,#6603,
#6604,#6605,#6606),.UNSPECIFIED.,.T.,.F.) B_SPLINE_CURVE_WITH_KNOTS((1,2
    ,2,2,2,1),(-2.094395102393,0.,2.094395102393,4.188790204786,
6.28318530718,8.377580409573),.UNSPECIFIED.) CURVE() 
GEOMETRIC_REPRESENTATION_ITEM() RATIONAL_B_SPLINE_CURVE((1.,0.5,1.,0.5,
1.,0.5,1.)) REPRESENTATION_ITEM('') );
#6600 = CARTESIAN_POINT('',(215.321725,-38.445545));
#6601 = CARTESIAN_POINT('',(214.46384023501,-38.445545));
#6602 = CARTESIAN_POINT('',(214.8927826175,-37.702595));
#6603 = CARTESIAN_POINT('',(215.321725,-36.959645));
#6604 = CARTESIAN_POINT('',(215.75066738249,-37.702595));
#6605 = CARTESIAN_POINT('',(216.17960976498,-38.445545));
#6606 = CARTESIAN_POINT('',(215.321725,-38.445545));
#6607 = ( GEOMETRIC_REPRESENTATION_CONTEXT(2) 
PARAMETRIC_REPRESENTATION_CONTEXT() REPRESENTATION_CONTEXT('2D SPACE',''
  ) );
#6608 = PCURVE('',#6609,#6614);
#6609 = CYLINDRICAL_SURFACE('',#6610,0.4953);
#6610 = AXIS2_PLACEMENT_3D('',#6611,#6612,#6613);
#6611 = CARTESIAN_POINT('',(215.321725,-37.950245,-4.6E-02));
#6612 = DIRECTION('',(-0.,-0.,-1.));
#6613 = DIRECTION('',(-5.738281734384E-14,-1.,0.));
#6614 = DEFINITIONAL_REPRESENTATION('',(#6615),#6619);
#6615 = LINE('',#6616,#6617);
#6616 = CARTESIAN_POINT('',(0.,-1.556));
#6617 = VECTOR('',#6618,1.);
#6618 = DIRECTION('',(1.,0.));
#6619 = ( GEOMETRIC_REPRESENTATION_CONTEXT(2) 
PARAMETRIC_REPRESENTATION_CONTEXT() REPRESENTATION_CONTEXT('2D SPACE',''
  ) );
#6620 = FACE_BOUND('',#6621,.T.);
#6621 = EDGE_LOOP('',(#6622));
#6622 = ORIENTED_EDGE('',*,*,#6623,.T.);
#6623 = EDGE_CURVE('',#6624,#6624,#6626,.T.);
#6624 = VERTEX_POINT('',#6625);
#6625 = CARTESIAN_POINT('',(225.722634,-43.738704,1.51));
#6626 = SURFACE_CURVE('',#6627,(#6632,#6643),.PCURVE_S1.);
#6627 = CIRCLE('',#6628,0.8509);
#6628 = AXIS2_PLACEMENT_3D('',#6629,#6630,#6631);
#6629 = CARTESIAN_POINT('',(225.722634,-42.887804,1.51));
#6630 = DIRECTION('',(-0.,-0.,-1.));
#6631 = DIRECTION('',(0.,-1.,0.));
#6632 = PCURVE('',#33,#6633);
#6633 = DEFINITIONAL_REPRESENTATION('',(#6634),#6642);
#6634 = ( BOUNDED_CURVE() B_SPLINE_CURVE(2,(#6635,#6636,#6637,#6638,
#6639,#6640,#6641),.UNSPECIFIED.,.T.,.F.) B_SPLINE_CURVE_WITH_KNOTS((1,2
    ,2,2,2,1),(-2.094395102393,0.,2.094395102393,4.188790204786,
6.28318530718,8.377580409573),.UNSPECIFIED.) CURVE() 
GEOMETRIC_REPRESENTATION_ITEM() RATIONAL_B_SPLINE_CURVE((1.,0.5,1.,0.5,
1.,0.5,1.)) REPRESENTATION_ITEM('') );
#6635 = CARTESIAN_POINT('',(225.722634,-43.738704));
#6636 = CARTESIAN_POINT('',(224.24883196784,-43.738704));
#6637 = CARTESIAN_POINT('',(224.98573298392,-42.462354));
#6638 = CARTESIAN_POINT('',(225.722634,-41.186004));
#6639 = CARTESIAN_POINT('',(226.45953501608,-42.462354));
#6640 = CARTESIAN_POINT('',(227.19643603216,-43.738704));
#6641 = CARTESIAN_POINT('',(225.722634,-43.738704));
#6642 = ( GEOMETRIC_REPRESENTATION_CONTEXT(2) 
PARAMETRIC_REPRESENTATION_CONTEXT() REPRESENTATION_CONTEXT('2D SPACE',''
  ) );
#6643 = PCURVE('',#6644,#6649);
#6644 = CYLINDRICAL_SURFACE('',#6645,0.8509);
#6645 = AXIS2_PLACEMENT_3D('',#6646,#6647,#6648);
#6646 = CARTESIAN_POINT('',(225.722634,-42.887804,-4.6E-02));
#6647 = DIRECTION('',(-0.,-0.,-1.));
#6648 = DIRECTION('',(0.,-1.,0.));
#6649 = DEFINITIONAL_REPRESENTATION('',(#6650),#6654);
#6650 = LINE('',#6651,#6652);
#6651 = CARTESIAN_POINT('',(0.,-1.556));
#6652 = VECTOR('',#6653,1.);
#6653 = DIRECTION('',(1.,0.));
#6654 = ( GEOMETRIC_REPRESENTATION_CONTEXT(2) 
PARAMETRIC_REPRESENTATION_CONTEXT() REPRESENTATION_CONTEXT('2D SPACE',''
  ) );
#6655 = FACE_BOUND('',#6656,.T.);
#6656 = EDGE_LOOP('',(#6657));
#6657 = ORIENTED_EDGE('',*,*,#6658,.T.);
#6658 = EDGE_CURVE('',#6659,#6659,#6661,.T.);
#6659 = VERTEX_POINT('',#6660);
#6660 = CARTESIAN_POINT('',(225.736294,-39.173803,1.51));
#6661 = SURFACE_CURVE('',#6662,(#6667,#6678),.PCURVE_S1.);
#6662 = CIRCLE('',#6663,0.4953);
#6663 = AXIS2_PLACEMENT_3D('',#6664,#6665,#6666);
#6664 = CARTESIAN_POINT('',(225.736294,-38.678503,1.51));
#6665 = DIRECTION('',(-0.,-0.,-1.));
#6666 = DIRECTION('',(0.,-1.,0.));
#6667 = PCURVE('',#33,#6668);
#6668 = DEFINITIONAL_REPRESENTATION('',(#6669),#6677);
#6669 = ( BOUNDED_CURVE() B_SPLINE_CURVE(2,(#6670,#6671,#6672,#6673,
#6674,#6675,#6676),.UNSPECIFIED.,.T.,.F.) B_SPLINE_CURVE_WITH_KNOTS((1,2
    ,2,2,2,1),(-2.094395102393,0.,2.094395102393,4.188790204786,
6.28318530718,8.377580409573),.UNSPECIFIED.) CURVE() 
GEOMETRIC_REPRESENTATION_ITEM() RATIONAL_B_SPLINE_CURVE((1.,0.5,1.,0.5,
1.,0.5,1.)) REPRESENTATION_ITEM('') );
#6670 = CARTESIAN_POINT('',(225.736294,-39.173803));
#6671 = CARTESIAN_POINT('',(224.87840923501,-39.173803));
#6672 = CARTESIAN_POINT('',(225.3073516175,-38.430853));
#6673 = CARTESIAN_POINT('',(225.736294,-37.687903));
#6674 = CARTESIAN_POINT('',(226.16523638249,-38.430853));
#6675 = CARTESIAN_POINT('',(226.59417876498,-39.173803));
#6676 = CARTESIAN_POINT('',(225.736294,-39.173803));
#6677 = ( GEOMETRIC_REPRESENTATION_CONTEXT(2) 
PARAMETRIC_REPRESENTATION_CONTEXT() REPRESENTATION_CONTEXT('2D SPACE',''
  ) );
#6678 = PCURVE('',#6679,#6684);
#6679 = CYLINDRICAL_SURFACE('',#6680,0.4953);
#6680 = AXIS2_PLACEMENT_3D('',#6681,#6682,#6683);
#6681 = CARTESIAN_POINT('',(225.736294,-38.678503,-4.6E-02));
#6682 = DIRECTION('',(-0.,-0.,-1.));
#6683 = DIRECTION('',(0.,-1.,0.));
#6684 = DEFINITIONAL_REPRESENTATION('',(#6685),#6689);
#6685 = LINE('',#6686,#6687);
#6686 = CARTESIAN_POINT('',(0.,-1.556));
#6687 = VECTOR('',#6688,1.);
#6688 = DIRECTION('',(1.,0.));
#6689 = ( GEOMETRIC_REPRESENTATION_CONTEXT(2) 
PARAMETRIC_REPRESENTATION_CONTEXT() REPRESENTATION_CONTEXT('2D SPACE',''
  ) );
#6690 = ADVANCED_FACE('',(#6691),#49,.F.);
#6691 = FACE_BOUND('',#6692,.F.);
#6692 = EDGE_LOOP('',(#6693,#6694,#6715,#6748));
#6693 = ORIENTED_EDGE('',*,*,#21,.T.);
#6694 = ORIENTED_EDGE('',*,*,#6695,.T.);
#6695 = EDGE_CURVE('',#24,#6696,#6698,.T.);
#6696 = VERTEX_POINT('',#6697);
#6697 = CARTESIAN_POINT('',(135.61200039789,-49.35073601374,0.));
#6698 = SURFACE_CURVE('',#6699,(#6703,#6709),.PCURVE_S1.);
#6699 = LINE('',#6700,#6701);
#6700 = CARTESIAN_POINT('',(135.61200039789,-49.35073601374,-4.6E-02));
#6701 = VECTOR('',#6702,1.);
#6702 = DIRECTION('',(-0.,-0.,-1.));
#6703 = PCURVE('',#49,#6704);
#6704 = DEFINITIONAL_REPRESENTATION('',(#6705),#6708);
#6705 = B_SPLINE_CURVE_WITH_KNOTS('',1,(#6706,#6707),.UNSPECIFIED.,.F.,
  .F.,(2,2),(-1.5560006,-4.59994E-02),.PIECEWISE_BEZIER_KNOTS.);
#6706 = CARTESIAN_POINT('',(4.966044374232,-1.5560006));
#6707 = CARTESIAN_POINT('',(4.966044374232,-4.59994E-02));
#6708 = ( GEOMETRIC_REPRESENTATION_CONTEXT(2) 
PARAMETRIC_REPRESENTATION_CONTEXT() REPRESENTATION_CONTEXT('2D SPACE',''
  ) );
#6709 = PCURVE('',#76,#6710);
#6710 = DEFINITIONAL_REPRESENTATION('',(#6711),#6714);
#6711 = B_SPLINE_CURVE_WITH_KNOTS('',1,(#6712,#6713),.UNSPECIFIED.,.F.,
  .F.,(2,2),(-1.5560006,-4.59994E-02),.PIECEWISE_BEZIER_KNOTS.);
#6712 = CARTESIAN_POINT('',(2.5100006,-70.74832976627));
#6713 = CARTESIAN_POINT('',(0.9999994,-70.74832976627));
#6714 = ( GEOMETRIC_REPRESENTATION_CONTEXT(2) 
PARAMETRIC_REPRESENTATION_CONTEXT() REPRESENTATION_CONTEXT('2D SPACE',''
  ) );
#6715 = ORIENTED_EDGE('',*,*,#6716,.F.);
#6716 = EDGE_CURVE('',#6717,#6696,#6719,.T.);
#6717 = VERTEX_POINT('',#6718);
#6718 = CARTESIAN_POINT('',(135.61971183391,-49.276,0.));
#6719 = SURFACE_CURVE('',#6720,(#6725,#6732),.PCURVE_S1.);
#6720 = CIRCLE('',#6721,0.25);
#6721 = AXIS2_PLACEMENT_3D('',#6722,#6723,#6724);
#6722 = CARTESIAN_POINT('',(135.37,-49.288,0.));
#6723 = DIRECTION('',(0.,0.,-1.));
#6724 = DIRECTION('',(0.998847335682,4.800000000201E-02,0.));
#6725 = PCURVE('',#49,#6726);
#6726 = DEFINITIONAL_REPRESENTATION('',(#6727),#6731);
#6727 = LINE('',#6728,#6729);
#6728 = CARTESIAN_POINT('',(4.664370529246,-4.6E-02));
#6729 = VECTOR('',#6730,1.);
#6730 = DIRECTION('',(1.,0.));
#6731 = ( GEOMETRIC_REPRESENTATION_CONTEXT(2) 
PARAMETRIC_REPRESENTATION_CONTEXT() REPRESENTATION_CONTEXT('2D SPACE',''
  ) );
#6732 = PCURVE('',#6733,#6738);
#6733 = PLANE('',#6734);
#6734 = AXIS2_PLACEMENT_3D('',#6735,#6736,#6737);
#6735 = CARTESIAN_POINT('',(0.,0.,0.));
#6736 = DIRECTION('',(0.,0.,1.));
#6737 = DIRECTION('',(1.,0.,0.));
#6738 = DEFINITIONAL_REPRESENTATION('',(#6739),#6747);
#6739 = ( BOUNDED_CURVE() B_SPLINE_CURVE(2,(#6740,#6741,#6742,#6743,
#6744,#6745,#6746),.UNSPECIFIED.,.T.,.F.) B_SPLINE_CURVE_WITH_KNOTS((1,2
    ,2,2,2,1),(-2.094395102393,0.,2.094395102393,4.188790204786,
6.28318530718,8.377580409573),.UNSPECIFIED.) CURVE() 
GEOMETRIC_REPRESENTATION_ITEM() RATIONAL_B_SPLINE_CURVE((1.,0.5,1.,0.5,
1.,0.5,1.)) REPRESENTATION_ITEM('') );
#6740 = CARTESIAN_POINT('',(135.61971183392,-49.27599999999));
#6741 = CARTESIAN_POINT('',(135.64049644361,-49.7085135836));
#6742 = CARTESIAN_POINT('',(135.25553638788,-49.5102567918));
#6743 = CARTESIAN_POINT('',(134.87057633215,-49.312));
#6744 = CARTESIAN_POINT('',(135.23475177819,-49.07774320819));
#6745 = CARTESIAN_POINT('',(135.59892722422,-48.84348641639));
#6746 = CARTESIAN_POINT('',(135.61971183392,-49.27599999999));
#6747 = ( GEOMETRIC_REPRESENTATION_CONTEXT(2) 
PARAMETRIC_REPRESENTATION_CONTEXT() REPRESENTATION_CONTEXT('2D SPACE',''
  ) );
#6748 = ORIENTED_EDGE('',*,*,#6749,.F.);
#6749 = EDGE_CURVE('',#22,#6717,#6750,.T.);
#6750 = SURFACE_CURVE('',#6751,(#6755,#6761),.PCURVE_S1.);
#6751 = LINE('',#6752,#6753);
#6752 = CARTESIAN_POINT('',(135.61971183392,-49.276,-4.6E-02));
#6753 = VECTOR('',#6754,1.);
#6754 = DIRECTION('',(-0.,-0.,-1.));
#6755 = PCURVE('',#49,#6756);
#6756 = DEFINITIONAL_REPRESENTATION('',(#6757),#6760);
#6757 = B_SPLINE_CURVE_WITH_KNOTS('',1,(#6758,#6759),.UNSPECIFIED.,.F.,
  .F.,(2,2),(-1.556,-4.6E-02),.PIECEWISE_BEZIER_KNOTS.);
#6758 = CARTESIAN_POINT('',(4.664370529248,-1.556));
#6759 = CARTESIAN_POINT('',(4.664370529248,-4.6E-02));
#6760 = ( GEOMETRIC_REPRESENTATION_CONTEXT(2) 
PARAMETRIC_REPRESENTATION_CONTEXT() REPRESENTATION_CONTEXT('2D SPACE',''
  ) );
#6761 = PCURVE('',#968,#6762);
#6762 = DEFINITIONAL_REPRESENTATION('',(#6763),#6767);
#6763 = LINE('',#6764,#6765);
#6764 = CARTESIAN_POINT('',(2.08603183392,4.6E-02));
#6765 = VECTOR('',#6766,1.);
#6766 = DIRECTION('',(0.,1.));
#6767 = ( GEOMETRIC_REPRESENTATION_CONTEXT(2) 
PARAMETRIC_REPRESENTATION_CONTEXT() REPRESENTATION_CONTEXT('2D SPACE',''
  ) );
#6768 = ADVANCED_FACE('',(#6769),#968,.T.);
#6769 = FACE_BOUND('',#6770,.T.);
#6770 = EDGE_LOOP('',(#6771,#6794,#6795,#6796));
#6771 = ORIENTED_EDGE('',*,*,#6772,.F.);
#6772 = EDGE_CURVE('',#6717,#6773,#6775,.T.);
#6773 = VERTEX_POINT('',#6774);
#6774 = CARTESIAN_POINT('',(135.69032,-49.276,0.));
#6775 = SURFACE_CURVE('',#6776,(#6780,#6787),.PCURVE_S1.);
#6776 = LINE('',#6777,#6778);
#6777 = CARTESIAN_POINT('',(133.53368,-49.276,0.));
#6778 = VECTOR('',#6779,1.);
#6779 = DIRECTION('',(1.,0.,0.));
#6780 = PCURVE('',#968,#6781);
#6781 = DEFINITIONAL_REPRESENTATION('',(#6782),#6786);
#6782 = LINE('',#6783,#6784);
#6783 = CARTESIAN_POINT('',(0.,0.));
#6784 = VECTOR('',#6785,1.);
#6785 = DIRECTION('',(1.,0.));
#6786 = ( GEOMETRIC_REPRESENTATION_CONTEXT(2) 
PARAMETRIC_REPRESENTATION_CONTEXT() REPRESENTATION_CONTEXT('2D SPACE',''
  ) );
#6787 = PCURVE('',#6733,#6788);
#6788 = DEFINITIONAL_REPRESENTATION('',(#6789),#6793);
#6789 = LINE('',#6790,#6791);
#6790 = CARTESIAN_POINT('',(133.53368,-49.276));
#6791 = VECTOR('',#6792,1.);
#6792 = DIRECTION('',(1.,0.));
#6793 = ( GEOMETRIC_REPRESENTATION_CONTEXT(2) 
PARAMETRIC_REPRESENTATION_CONTEXT() REPRESENTATION_CONTEXT('2D SPACE',''
  ) );
#6794 = ORIENTED_EDGE('',*,*,#6749,.F.);
#6795 = ORIENTED_EDGE('',*,*,#954,.T.);
#6796 = ORIENTED_EDGE('',*,*,#6797,.F.);
#6797 = EDGE_CURVE('',#6773,#927,#6798,.T.);
#6798 = SURFACE_CURVE('',#6799,(#6803,#6810),.PCURVE_S1.);
#6799 = LINE('',#6800,#6801);
#6800 = CARTESIAN_POINT('',(135.69032,-49.276,0.));
#6801 = VECTOR('',#6802,1.);
#6802 = DIRECTION('',(0.,0.,1.));
#6803 = PCURVE('',#968,#6804);
#6804 = DEFINITIONAL_REPRESENTATION('',(#6805),#6809);
#6805 = LINE('',#6806,#6807);
#6806 = CARTESIAN_POINT('',(2.15664,0.));
#6807 = VECTOR('',#6808,1.);
#6808 = DIRECTION('',(0.,-1.));
#6809 = ( GEOMETRIC_REPRESENTATION_CONTEXT(2) 
PARAMETRIC_REPRESENTATION_CONTEXT() REPRESENTATION_CONTEXT('2D SPACE',''
  ) );
#6810 = PCURVE('',#942,#6811);
#6811 = DEFINITIONAL_REPRESENTATION('',(#6812),#6816);
#6812 = LINE('',#6813,#6814);
#6813 = CARTESIAN_POINT('',(0.,0.));
#6814 = VECTOR('',#6815,1.);
#6815 = DIRECTION('',(0.,-1.));
#6816 = ( GEOMETRIC_REPRESENTATION_CONTEXT(2) 
PARAMETRIC_REPRESENTATION_CONTEXT() REPRESENTATION_CONTEXT('2D SPACE',''
  ) );
#6817 = ADVANCED_FACE('',(#6818),#942,.T.);
#6818 = FACE_BOUND('',#6819,.T.);
#6819 = EDGE_LOOP('',(#6820,#6821,#6822,#6845));
#6820 = ORIENTED_EDGE('',*,*,#6797,.T.);
#6821 = ORIENTED_EDGE('',*,*,#926,.T.);
#6822 = ORIENTED_EDGE('',*,*,#6823,.F.);
#6823 = EDGE_CURVE('',#6824,#894,#6826,.T.);
#6824 = VERTEX_POINT('',#6825);
#6825 = CARTESIAN_POINT('',(135.69032,-42.926,0.));
#6826 = SURFACE_CURVE('',#6827,(#6831,#6838),.PCURVE_S1.);
#6827 = LINE('',#6828,#6829);
#6828 = CARTESIAN_POINT('',(135.69032,-42.926,0.));
#6829 = VECTOR('',#6830,1.);
#6830 = DIRECTION('',(0.,0.,1.));
#6831 = PCURVE('',#942,#6832);
#6832 = DEFINITIONAL_REPRESENTATION('',(#6833),#6837);
#6833 = LINE('',#6834,#6835);
#6834 = CARTESIAN_POINT('',(6.35,0.));
#6835 = VECTOR('',#6836,1.);
#6836 = DIRECTION('',(0.,-1.));
#6837 = ( GEOMETRIC_REPRESENTATION_CONTEXT(2) 
PARAMETRIC_REPRESENTATION_CONTEXT() REPRESENTATION_CONTEXT('2D SPACE',''
  ) );
#6838 = PCURVE('',#914,#6839);
#6839 = DEFINITIONAL_REPRESENTATION('',(#6840),#6844);
#6840 = LINE('',#6841,#6842);
#6841 = CARTESIAN_POINT('',(0.,0.));
#6842 = VECTOR('',#6843,1.);
#6843 = DIRECTION('',(0.,-1.));
#6844 = ( GEOMETRIC_REPRESENTATION_CONTEXT(2) 
PARAMETRIC_REPRESENTATION_CONTEXT() REPRESENTATION_CONTEXT('2D SPACE',''
  ) );
#6845 = ORIENTED_EDGE('',*,*,#6846,.F.);
#6846 = EDGE_CURVE('',#6773,#6824,#6847,.T.);
#6847 = SURFACE_CURVE('',#6848,(#6852,#6859),.PCURVE_S1.);
#6848 = LINE('',#6849,#6850);
#6849 = CARTESIAN_POINT('',(135.69032,-49.276,0.));
#6850 = VECTOR('',#6851,1.);
#6851 = DIRECTION('',(0.,1.,0.));
#6852 = PCURVE('',#942,#6853);
#6853 = DEFINITIONAL_REPRESENTATION('',(#6854),#6858);
#6854 = LINE('',#6855,#6856);
#6855 = CARTESIAN_POINT('',(0.,0.));
#6856 = VECTOR('',#6857,1.);
#6857 = DIRECTION('',(1.,0.));
#6858 = ( GEOMETRIC_REPRESENTATION_CONTEXT(2) 
PARAMETRIC_REPRESENTATION_CONTEXT() REPRESENTATION_CONTEXT('2D SPACE',''
  ) );
#6859 = PCURVE('',#6733,#6860);
#6860 = DEFINITIONAL_REPRESENTATION('',(#6861),#6865);
#6861 = LINE('',#6862,#6863);
#6862 = CARTESIAN_POINT('',(135.69032,-49.276));
#6863 = VECTOR('',#6864,1.);
#6864 = DIRECTION('',(0.,1.));
#6865 = ( GEOMETRIC_REPRESENTATION_CONTEXT(2) 
PARAMETRIC_REPRESENTATION_CONTEXT() REPRESENTATION_CONTEXT('2D SPACE',''
  ) );
#6866 = ADVANCED_FACE('',(#6867),#914,.T.);
#6867 = FACE_BOUND('',#6868,.T.);
#6868 = EDGE_LOOP('',(#6869,#6870,#6871,#6894));
#6869 = ORIENTED_EDGE('',*,*,#6823,.T.);
#6870 = ORIENTED_EDGE('',*,*,#893,.T.);
#6871 = ORIENTED_EDGE('',*,*,#6872,.F.);
#6872 = EDGE_CURVE('',#6873,#866,#6875,.T.);
#6873 = VERTEX_POINT('',#6874);
#6874 = CARTESIAN_POINT('',(137.040164,-41.648473,0.));
#6875 = SURFACE_CURVE('',#6876,(#6880,#6887),.PCURVE_S1.);
#6876 = LINE('',#6877,#6878);
#6877 = CARTESIAN_POINT('',(137.040164,-41.648473,0.));
#6878 = VECTOR('',#6879,1.);
#6879 = DIRECTION('',(0.,0.,1.));
#6880 = PCURVE('',#914,#6881);
#6881 = DEFINITIONAL_REPRESENTATION('',(#6882),#6886);
#6882 = LINE('',#6883,#6884);
#6883 = CARTESIAN_POINT('',(1.641579432816,0.));
#6884 = VECTOR('',#6885,1.);
#6885 = DIRECTION('',(0.,-1.));
#6886 = ( GEOMETRIC_REPRESENTATION_CONTEXT(2) 
PARAMETRIC_REPRESENTATION_CONTEXT() REPRESENTATION_CONTEXT('2D SPACE',''
  ) );
#6887 = PCURVE('',#881,#6888);
#6888 = DEFINITIONAL_REPRESENTATION('',(#6889),#6893);
#6889 = LINE('',#6890,#6891);
#6890 = CARTESIAN_POINT('',(0.,0.));
#6891 = VECTOR('',#6892,1.);
#6892 = DIRECTION('',(0.,-1.));
#6893 = ( GEOMETRIC_REPRESENTATION_CONTEXT(2) 
PARAMETRIC_REPRESENTATION_CONTEXT() REPRESENTATION_CONTEXT('2D SPACE',''
  ) );
#6894 = ORIENTED_EDGE('',*,*,#6895,.F.);
#6895 = EDGE_CURVE('',#6824,#6873,#6896,.T.);
#6896 = SURFACE_CURVE('',#6897,(#6902,#6909),.PCURVE_S1.);
#6897 = CIRCLE('',#6898,1.270039073645);
#6898 = AXIS2_PLACEMENT_3D('',#6899,#6900,#6901);
#6899 = CARTESIAN_POINT('',(136.96031970243,-42.91599977949,0.));
#6900 = DIRECTION('',(0.,0.,-1.));
#6901 = DIRECTION('',(-0.999968999998,-7.873947120989E-03,-0.));
#6902 = PCURVE('',#914,#6903);
#6903 = DEFINITIONAL_REPRESENTATION('',(#6904),#6908);
#6904 = LINE('',#6905,#6906);
#6905 = CARTESIAN_POINT('',(0.,0.));
#6906 = VECTOR('',#6907,1.);
#6907 = DIRECTION('',(1.,0.));
#6908 = ( GEOMETRIC_REPRESENTATION_CONTEXT(2) 
PARAMETRIC_REPRESENTATION_CONTEXT() REPRESENTATION_CONTEXT('2D SPACE',''
  ) );
#6909 = PCURVE('',#6733,#6910);
#6910 = DEFINITIONAL_REPRESENTATION('',(#6911),#6919);
#6911 = ( BOUNDED_CURVE() B_SPLINE_CURVE(2,(#6912,#6913,#6914,#6915,
#6916,#6917,#6918),.UNSPECIFIED.,.T.,.F.) B_SPLINE_CURVE_WITH_KNOTS((1,2
    ,2,2,2,1),(-2.094395102393,0.,2.094395102393,4.188790204786,
6.28318530718,8.377580409573),.UNSPECIFIED.) CURVE() 
GEOMETRIC_REPRESENTATION_ITEM() RATIONAL_B_SPLINE_CURVE((1.,0.5,1.,0.5,
1.,0.5,1.)) REPRESENTATION_ITEM('') );
#6912 = CARTESIAN_POINT('',(135.69031999999,-42.92599999999));
#6913 = CARTESIAN_POINT('',(135.67299910999,-40.72629598979));
#6914 = CARTESIAN_POINT('',(137.58665910864,-41.81114766413));
#6915 = CARTESIAN_POINT('',(139.50031910729,-42.89599933847));
#6916 = CARTESIAN_POINT('',(137.60397999864,-44.01085167434));
#6917 = CARTESIAN_POINT('',(135.70764089,-45.1257040102));
#6918 = CARTESIAN_POINT('',(135.69031999999,-42.92599999999));
#6919 = ( GEOMETRIC_REPRESENTATION_CONTEXT(2) 
PARAMETRIC_REPRESENTATION_CONTEXT() REPRESENTATION_CONTEXT('2D SPACE',''
  ) );
#6920 = ADVANCED_FACE('',(#6921),#881,.T.);
#6921 = FACE_BOUND('',#6922,.T.);
#6922 = EDGE_LOOP('',(#6923,#6924,#6925,#6948));
#6923 = ORIENTED_EDGE('',*,*,#6872,.T.);
#6924 = ORIENTED_EDGE('',*,*,#865,.T.);
#6925 = ORIENTED_EDGE('',*,*,#6926,.F.);
#6926 = EDGE_CURVE('',#6927,#837,#6929,.T.);
#6927 = VERTEX_POINT('',#6928);
#6928 = CARTESIAN_POINT('',(153.102595,-41.625211,0.));
#6929 = SURFACE_CURVE('',#6930,(#6934,#6941),.PCURVE_S1.);
#6930 = LINE('',#6931,#6932);
#6931 = CARTESIAN_POINT('',(153.102595,-41.625211,0.));
#6932 = VECTOR('',#6933,1.);
#6933 = DIRECTION('',(0.,0.,1.));
#6934 = PCURVE('',#881,#6935);
#6935 = DEFINITIONAL_REPRESENTATION('',(#6936),#6940);
#6936 = LINE('',#6937,#6938);
#6937 = CARTESIAN_POINT('',(16.062447844286,0.));
#6938 = VECTOR('',#6939,1.);
#6939 = DIRECTION('',(0.,-1.));
#6940 = ( GEOMETRIC_REPRESENTATION_CONTEXT(2) 
PARAMETRIC_REPRESENTATION_CONTEXT() REPRESENTATION_CONTEXT('2D SPACE',''
  ) );
#6941 = PCURVE('',#853,#6942);
#6942 = DEFINITIONAL_REPRESENTATION('',(#6943),#6947);
#6943 = LINE('',#6944,#6945);
#6944 = CARTESIAN_POINT('',(6.28318530718,0.));
#6945 = VECTOR('',#6946,1.);
#6946 = DIRECTION('',(0.,-1.));
#6947 = ( GEOMETRIC_REPRESENTATION_CONTEXT(2) 
PARAMETRIC_REPRESENTATION_CONTEXT() REPRESENTATION_CONTEXT('2D SPACE',''
  ) );
#6948 = ORIENTED_EDGE('',*,*,#6949,.F.);
#6949 = EDGE_CURVE('',#6873,#6927,#6950,.T.);
#6950 = SURFACE_CURVE('',#6951,(#6955,#6962),.PCURVE_S1.);
#6951 = LINE('',#6952,#6953);
#6952 = CARTESIAN_POINT('',(137.040164,-41.648473,0.));
#6953 = VECTOR('',#6954,1.);
#6954 = DIRECTION('',(0.999998951325,1.448222601282E-03,0.));
#6955 = PCURVE('',#881,#6956);
#6956 = DEFINITIONAL_REPRESENTATION('',(#6957),#6961);
#6957 = LINE('',#6958,#6959);
#6958 = CARTESIAN_POINT('',(0.,0.));
#6959 = VECTOR('',#6960,1.);
#6960 = DIRECTION('',(1.,0.));
#6961 = ( GEOMETRIC_REPRESENTATION_CONTEXT(2) 
PARAMETRIC_REPRESENTATION_CONTEXT() REPRESENTATION_CONTEXT('2D SPACE',''
  ) );
#6962 = PCURVE('',#6733,#6963);
#6963 = DEFINITIONAL_REPRESENTATION('',(#6964),#6968);
#6964 = LINE('',#6965,#6966);
#6965 = CARTESIAN_POINT('',(137.040164,-41.648473));
#6966 = VECTOR('',#6967,1.);
#6967 = DIRECTION('',(0.999998951325,1.448222601282E-03));
#6968 = ( GEOMETRIC_REPRESENTATION_CONTEXT(2) 
PARAMETRIC_REPRESENTATION_CONTEXT() REPRESENTATION_CONTEXT('2D SPACE',''
  ) );
#6969 = ADVANCED_FACE('',(#6970),#853,.F.);
#6970 = FACE_BOUND('',#6971,.F.);
#6971 = EDGE_LOOP('',(#6972,#6996,#7017,#7018));
#6972 = ORIENTED_EDGE('',*,*,#6973,.T.);
#6973 = EDGE_CURVE('',#6927,#6974,#6976,.T.);
#6974 = VERTEX_POINT('',#6975);
#6975 = CARTESIAN_POINT('',(154.162,-40.64,0.));
#6976 = SURFACE_CURVE('',#6977,(#6982,#6989),.PCURVE_S1.);
#6977 = CIRCLE('',#6978,1.016451989888);
#6978 = AXIS2_PLACEMENT_3D('',#6979,#6980,#6981);
#6979 = CARTESIAN_POINT('',(153.14600013749,-40.60968618898,0.));
#6980 = DIRECTION('',(0.,0.,1.));
#6981 = DIRECTION('',(-4.270259483751E-02,-0.999087828168,0.));
#6982 = PCURVE('',#853,#6983);
#6983 = DEFINITIONAL_REPRESENTATION('',(#6984),#6988);
#6984 = LINE('',#6985,#6986);
#6985 = CARTESIAN_POINT('',(6.28318530718,0.));
#6986 = VECTOR('',#6987,1.);
#6987 = DIRECTION('',(-1.,0.));
#6988 = ( GEOMETRIC_REPRESENTATION_CONTEXT(2) 
PARAMETRIC_REPRESENTATION_CONTEXT() REPRESENTATION_CONTEXT('2D SPACE',''
  ) );
#6989 = PCURVE('',#6733,#6990);
#6990 = DEFINITIONAL_REPRESENTATION('',(#6991),#6995);
#6991 = CIRCLE('',#6992,1.016451989888);
#6992 = AXIS2_PLACEMENT_2D('',#6993,#6994);
#6993 = CARTESIAN_POINT('',(153.14600013749,-40.60968618898));
#6994 = DIRECTION('',(-4.270259483751E-02,-0.999087828168));
#6995 = ( GEOMETRIC_REPRESENTATION_CONTEXT(2) 
PARAMETRIC_REPRESENTATION_CONTEXT() REPRESENTATION_CONTEXT('2D SPACE',''
  ) );
#6996 = ORIENTED_EDGE('',*,*,#6997,.T.);
#6997 = EDGE_CURVE('',#6974,#809,#6998,.T.);
#6998 = SURFACE_CURVE('',#6999,(#7003,#7010),.PCURVE_S1.);
#6999 = LINE('',#7000,#7001);
#7000 = CARTESIAN_POINT('',(154.162,-40.64,0.));
#7001 = VECTOR('',#7002,1.);
#7002 = DIRECTION('',(0.,0.,1.));
#7003 = PCURVE('',#853,#7004);
#7004 = DEFINITIONAL_REPRESENTATION('',(#7005),#7009);
#7005 = LINE('',#7006,#7007);
#7006 = CARTESIAN_POINT('',(4.699500980116,0.));
#7007 = VECTOR('',#7008,1.);
#7008 = DIRECTION('',(0.,-1.));
#7009 = ( GEOMETRIC_REPRESENTATION_CONTEXT(2) 
PARAMETRIC_REPRESENTATION_CONTEXT() REPRESENTATION_CONTEXT('2D SPACE',''
  ) );
#7010 = PCURVE('',#824,#7011);
#7011 = DEFINITIONAL_REPRESENTATION('',(#7012),#7016);
#7012 = LINE('',#7013,#7014);
#7013 = CARTESIAN_POINT('',(0.,0.));
#7014 = VECTOR('',#7015,1.);
#7015 = DIRECTION('',(0.,-1.));
#7016 = ( GEOMETRIC_REPRESENTATION_CONTEXT(2) 
PARAMETRIC_REPRESENTATION_CONTEXT() REPRESENTATION_CONTEXT('2D SPACE',''
  ) );
#7017 = ORIENTED_EDGE('',*,*,#836,.F.);
#7018 = ORIENTED_EDGE('',*,*,#6926,.F.);
#7019 = ADVANCED_FACE('',(#7020),#824,.T.);
#7020 = FACE_BOUND('',#7021,.T.);
#7021 = EDGE_LOOP('',(#7022,#7023,#7024,#7047));
#7022 = ORIENTED_EDGE('',*,*,#6997,.T.);
#7023 = ORIENTED_EDGE('',*,*,#808,.T.);
#7024 = ORIENTED_EDGE('',*,*,#7025,.F.);
#7025 = EDGE_CURVE('',#7026,#776,#7028,.T.);
#7026 = VERTEX_POINT('',#7027);
#7027 = CARTESIAN_POINT('',(154.158821,-38.841439,0.));
#7028 = SURFACE_CURVE('',#7029,(#7033,#7040),.PCURVE_S1.);
#7029 = LINE('',#7030,#7031);
#7030 = CARTESIAN_POINT('',(154.158821,-38.841439,0.));
#7031 = VECTOR('',#7032,1.);
#7032 = DIRECTION('',(0.,0.,1.));
#7033 = PCURVE('',#824,#7034);
#7034 = DEFINITIONAL_REPRESENTATION('',(#7035),#7039);
#7035 = LINE('',#7036,#7037);
#7036 = CARTESIAN_POINT('',(1.798563809477,0.));
#7037 = VECTOR('',#7038,1.);
#7038 = DIRECTION('',(0.,-1.));
#7039 = ( GEOMETRIC_REPRESENTATION_CONTEXT(2) 
PARAMETRIC_REPRESENTATION_CONTEXT() REPRESENTATION_CONTEXT('2D SPACE',''
  ) );
#7040 = PCURVE('',#796,#7041);
#7041 = DEFINITIONAL_REPRESENTATION('',(#7042),#7046);
#7042 = LINE('',#7043,#7044);
#7043 = CARTESIAN_POINT('',(0.,0.));
#7044 = VECTOR('',#7045,1.);
#7045 = DIRECTION('',(0.,-1.));
#7046 = ( GEOMETRIC_REPRESENTATION_CONTEXT(2) 
PARAMETRIC_REPRESENTATION_CONTEXT() REPRESENTATION_CONTEXT('2D SPACE',''
  ) );
#7047 = ORIENTED_EDGE('',*,*,#7048,.F.);
#7048 = EDGE_CURVE('',#6974,#7026,#7049,.T.);
#7049 = SURFACE_CURVE('',#7050,(#7054,#7061),.PCURVE_S1.);
#7050 = LINE('',#7051,#7052);
#7051 = CARTESIAN_POINT('',(154.162,-40.64,0.));
#7052 = VECTOR('',#7053,1.);
#7053 = DIRECTION('',(-1.76752138749E-03,0.999998437933,0.));
#7054 = PCURVE('',#824,#7055);
#7055 = DEFINITIONAL_REPRESENTATION('',(#7056),#7060);
#7056 = LINE('',#7057,#7058);
#7057 = CARTESIAN_POINT('',(0.,0.));
#7058 = VECTOR('',#7059,1.);
#7059 = DIRECTION('',(1.,0.));
#7060 = ( GEOMETRIC_REPRESENTATION_CONTEXT(2) 
PARAMETRIC_REPRESENTATION_CONTEXT() REPRESENTATION_CONTEXT('2D SPACE',''
  ) );
#7061 = PCURVE('',#6733,#7062);
#7062 = DEFINITIONAL_REPRESENTATION('',(#7063),#7067);
#7063 = LINE('',#7064,#7065);
#7064 = CARTESIAN_POINT('',(154.162,-40.64));
#7065 = VECTOR('',#7066,1.);
#7066 = DIRECTION('',(-1.76752138749E-03,0.999998437933));
#7067 = ( GEOMETRIC_REPRESENTATION_CONTEXT(2) 
PARAMETRIC_REPRESENTATION_CONTEXT() REPRESENTATION_CONTEXT('2D SPACE',''
  ) );
#7068 = ADVANCED_FACE('',(#7069),#796,.T.);
#7069 = FACE_BOUND('',#7070,.T.);
#7070 = EDGE_LOOP('',(#7071,#7072,#7073,#7096));
#7071 = ORIENTED_EDGE('',*,*,#7025,.T.);
#7072 = ORIENTED_EDGE('',*,*,#775,.T.);
#7073 = ORIENTED_EDGE('',*,*,#7074,.F.);
#7074 = EDGE_CURVE('',#7075,#748,#7077,.T.);
#7075 = VERTEX_POINT('',#7076);
#7076 = CARTESIAN_POINT('',(158.476201,-33.50343,0.));
#7077 = SURFACE_CURVE('',#7078,(#7082,#7089),.PCURVE_S1.);
#7078 = LINE('',#7079,#7080);
#7079 = CARTESIAN_POINT('',(158.476201,-33.50343,0.));
#7080 = VECTOR('',#7081,1.);
#7081 = DIRECTION('',(0.,0.,1.));
#7082 = PCURVE('',#796,#7083);
#7083 = DEFINITIONAL_REPRESENTATION('',(#7084),#7088);
#7084 = LINE('',#7085,#7086);
#7085 = CARTESIAN_POINT('',(1.474643677704,0.));
#7086 = VECTOR('',#7087,1.);
#7087 = DIRECTION('',(0.,-1.));
#7088 = ( GEOMETRIC_REPRESENTATION_CONTEXT(2) 
PARAMETRIC_REPRESENTATION_CONTEXT() REPRESENTATION_CONTEXT('2D SPACE',''
  ) );
#7089 = PCURVE('',#763,#7090);
#7090 = DEFINITIONAL_REPRESENTATION('',(#7091),#7095);
#7091 = LINE('',#7092,#7093);
#7092 = CARTESIAN_POINT('',(0.,0.));
#7093 = VECTOR('',#7094,1.);
#7094 = DIRECTION('',(0.,-1.));
#7095 = ( GEOMETRIC_REPRESENTATION_CONTEXT(2) 
PARAMETRIC_REPRESENTATION_CONTEXT() REPRESENTATION_CONTEXT('2D SPACE',''
  ) );
#7096 = ORIENTED_EDGE('',*,*,#7097,.F.);
#7097 = EDGE_CURVE('',#7026,#7075,#7098,.T.);
#7098 = SURFACE_CURVE('',#7099,(#7104,#7111),.PCURVE_S1.);
#7099 = CIRCLE('',#7100,5.105867468502);
#7100 = AXIS2_PLACEMENT_3D('',#7101,#7102,#7103);
#7101 = CARTESIAN_POINT('',(159.25632679512,-38.54934779062,0.));
#7102 = DIRECTION('',(0.,0.,-1.));
#7103 = DIRECTION('',(-0.998362340301,-5.720697044763E-02,-0.));
#7104 = PCURVE('',#796,#7105);
#7105 = DEFINITIONAL_REPRESENTATION('',(#7106),#7110);
#7106 = LINE('',#7107,#7108);
#7107 = CARTESIAN_POINT('',(0.,0.));
#7108 = VECTOR('',#7109,1.);
#7109 = DIRECTION('',(1.,0.));
#7110 = ( GEOMETRIC_REPRESENTATION_CONTEXT(2) 
PARAMETRIC_REPRESENTATION_CONTEXT() REPRESENTATION_CONTEXT('2D SPACE',''
  ) );
#7111 = PCURVE('',#6733,#7112);
#7112 = DEFINITIONAL_REPRESENTATION('',(#7113),#7121);
#7113 = ( BOUNDED_CURVE() B_SPLINE_CURVE(2,(#7114,#7115,#7116,#7117,
#7118,#7119,#7120),.UNSPECIFIED.,.T.,.F.) B_SPLINE_CURVE_WITH_KNOTS((1,2
    ,2,2,2,1),(-2.094395102393,0.,2.094395102393,4.188790204786,
6.28318530718,8.377580409573),.UNSPECIFIED.) CURVE() 
GEOMETRIC_REPRESENTATION_ITEM() RATIONAL_B_SPLINE_CURVE((1.,0.5,1.,0.5,
1.,0.5,1.)) REPRESENTATION_ITEM('') );
#7114 = CARTESIAN_POINT('',(154.15882099999,-38.841439));
#7115 = CARTESIAN_POINT('',(153.6529041849,-30.01229997097));
#7116 = CARTESIAN_POINT('',(161.55212128513,-33.98873267141));
#7117 = CARTESIAN_POINT('',(169.45133838536,-37.96516537186));
#7118 = CARTESIAN_POINT('',(162.05803810022,-42.81787170044));
#7119 = CARTESIAN_POINT('',(154.66473781508,-47.67057802902));
#7120 = CARTESIAN_POINT('',(154.15882099999,-38.841439));
#7121 = ( GEOMETRIC_REPRESENTATION_CONTEXT(2) 
PARAMETRIC_REPRESENTATION_CONTEXT() REPRESENTATION_CONTEXT('2D SPACE',''
  ) );
#7122 = ADVANCED_FACE('',(#7123),#763,.T.);
#7123 = FACE_BOUND('',#7124,.T.);
#7124 = EDGE_LOOP('',(#7125,#7126,#7127,#7150));
#7125 = ORIENTED_EDGE('',*,*,#7074,.T.);
#7126 = ORIENTED_EDGE('',*,*,#747,.T.);
#7127 = ORIENTED_EDGE('',*,*,#7128,.F.);
#7128 = EDGE_CURVE('',#7129,#715,#7131,.T.);
#7129 = VERTEX_POINT('',#7130);
#7130 = CARTESIAN_POINT('',(184.858393,-28.321399,0.));
#7131 = SURFACE_CURVE('',#7132,(#7136,#7143),.PCURVE_S1.);
#7132 = LINE('',#7133,#7134);
#7133 = CARTESIAN_POINT('',(184.858393,-28.321399,0.));
#7134 = VECTOR('',#7135,1.);
#7135 = DIRECTION('',(0.,0.,1.));
#7136 = PCURVE('',#763,#7137);
#7137 = DEFINITIONAL_REPRESENTATION('',(#7138),#7142);
#7138 = LINE('',#7139,#7140);
#7139 = CARTESIAN_POINT('',(26.886306923968,0.));
#7140 = VECTOR('',#7141,1.);
#7141 = DIRECTION('',(0.,-1.));
#7142 = ( GEOMETRIC_REPRESENTATION_CONTEXT(2) 
PARAMETRIC_REPRESENTATION_CONTEXT() REPRESENTATION_CONTEXT('2D SPACE',''
  ) );
#7143 = PCURVE('',#735,#7144);
#7144 = DEFINITIONAL_REPRESENTATION('',(#7145),#7149);
#7145 = LINE('',#7146,#7147);
#7146 = CARTESIAN_POINT('',(0.,0.));
#7147 = VECTOR('',#7148,1.);
#7148 = DIRECTION('',(0.,-1.));
#7149 = ( GEOMETRIC_REPRESENTATION_CONTEXT(2) 
PARAMETRIC_REPRESENTATION_CONTEXT() REPRESENTATION_CONTEXT('2D SPACE',''
  ) );
#7150 = ORIENTED_EDGE('',*,*,#7151,.F.);
#7151 = EDGE_CURVE('',#7075,#7129,#7152,.T.);
#7152 = SURFACE_CURVE('',#7153,(#7157,#7164),.PCURVE_S1.);
#7153 = LINE('',#7154,#7155);
#7154 = CARTESIAN_POINT('',(158.476201,-33.50343,0.));
#7155 = VECTOR('',#7156,1.);
#7156 = DIRECTION('',(0.981250123887,0.192738668596,0.));
#7157 = PCURVE('',#763,#7158);
#7158 = DEFINITIONAL_REPRESENTATION('',(#7159),#7163);
#7159 = LINE('',#7160,#7161);
#7160 = CARTESIAN_POINT('',(0.,0.));
#7161 = VECTOR('',#7162,1.);
#7162 = DIRECTION('',(1.,0.));
#7163 = ( GEOMETRIC_REPRESENTATION_CONTEXT(2) 
PARAMETRIC_REPRESENTATION_CONTEXT() REPRESENTATION_CONTEXT('2D SPACE',''
  ) );
#7164 = PCURVE('',#6733,#7165);
#7165 = DEFINITIONAL_REPRESENTATION('',(#7166),#7170);
#7166 = LINE('',#7167,#7168);
#7167 = CARTESIAN_POINT('',(158.476201,-33.50343));
#7168 = VECTOR('',#7169,1.);
#7169 = DIRECTION('',(0.981250123887,0.192738668596));
#7170 = ( GEOMETRIC_REPRESENTATION_CONTEXT(2) 
PARAMETRIC_REPRESENTATION_CONTEXT() REPRESENTATION_CONTEXT('2D SPACE',''
  ) );
#7171 = ADVANCED_FACE('',(#7172),#735,.T.);
#7172 = FACE_BOUND('',#7173,.T.);
#7173 = EDGE_LOOP('',(#7174,#7175,#7176,#7199));
#7174 = ORIENTED_EDGE('',*,*,#7128,.T.);
#7175 = ORIENTED_EDGE('',*,*,#714,.T.);
#7176 = ORIENTED_EDGE('',*,*,#7177,.F.);
#7177 = EDGE_CURVE('',#7178,#687,#7180,.T.);
#7178 = VERTEX_POINT('',#7179);
#7179 = CARTESIAN_POINT('',(193.786528,-27.407567,0.));
#7180 = SURFACE_CURVE('',#7181,(#7185,#7192),.PCURVE_S1.);
#7181 = LINE('',#7182,#7183);
#7182 = CARTESIAN_POINT('',(193.786528,-27.407567,0.));
#7183 = VECTOR('',#7184,1.);
#7184 = DIRECTION('',(0.,0.,1.));
#7185 = PCURVE('',#735,#7186);
#7186 = DEFINITIONAL_REPRESENTATION('',(#7187),#7191);
#7187 = LINE('',#7188,#7189);
#7188 = CARTESIAN_POINT('',(0.247217745419,0.));
#7189 = VECTOR('',#7190,1.);
#7190 = DIRECTION('',(0.,-1.));
#7191 = ( GEOMETRIC_REPRESENTATION_CONTEXT(2) 
PARAMETRIC_REPRESENTATION_CONTEXT() REPRESENTATION_CONTEXT('2D SPACE',''
  ) );
#7192 = PCURVE('',#702,#7193);
#7193 = DEFINITIONAL_REPRESENTATION('',(#7194),#7198);
#7194 = LINE('',#7195,#7196);
#7195 = CARTESIAN_POINT('',(0.,0.));
#7196 = VECTOR('',#7197,1.);
#7197 = DIRECTION('',(0.,-1.));
#7198 = ( GEOMETRIC_REPRESENTATION_CONTEXT(2) 
PARAMETRIC_REPRESENTATION_CONTEXT() REPRESENTATION_CONTEXT('2D SPACE',''
  ) );
#7199 = ORIENTED_EDGE('',*,*,#7200,.F.);
#7200 = EDGE_CURVE('',#7129,#7178,#7201,.T.);
#7201 = SURFACE_CURVE('',#7202,(#7207,#7214),.PCURVE_S1.);
#7202 = CIRCLE('',#7203,36.395751903927);
#7203 = AXIS2_PLACEMENT_3D('',#7204,#7205,#7206);
#7204 = CARTESIAN_POINT('',(193.0000810431,-63.79482105737,0.));
#7205 = DIRECTION('',(0.,0.,-1.));
#7206 = DIRECTION('',(-0.223698855421,0.974658310426,0.));
#7207 = PCURVE('',#735,#7208);
#7208 = DEFINITIONAL_REPRESENTATION('',(#7209),#7213);
#7209 = LINE('',#7210,#7211);
#7210 = CARTESIAN_POINT('',(0.,0.));
#7211 = VECTOR('',#7212,1.);
#7212 = DIRECTION('',(1.,0.));
#7213 = ( GEOMETRIC_REPRESENTATION_CONTEXT(2) 
PARAMETRIC_REPRESENTATION_CONTEXT() REPRESENTATION_CONTEXT('2D SPACE',''
  ) );
#7214 = PCURVE('',#6733,#7215);
#7215 = DEFINITIONAL_REPRESENTATION('',(#7216),#7224);
#7216 = ( BOUNDED_CURVE() B_SPLINE_CURVE(2,(#7217,#7218,#7219,#7220,
#7221,#7222,#7223),.UNSPECIFIED.,.T.,.F.) B_SPLINE_CURVE_WITH_KNOTS((1,2
    ,2,2,2,1),(-2.094395102393,0.,2.094395102393,4.188790204786,
6.28318530718,8.377580409573),.UNSPECIFIED.) CURVE() 
GEOMETRIC_REPRESENTATION_ITEM() RATIONAL_B_SPLINE_CURVE((1.,0.5,1.,0.5,
1.,0.5,1.)) REPRESENTATION_ITEM('') );
#7217 = CARTESIAN_POINT('',(184.858393,-28.32139899998));
#7218 = CARTESIAN_POINT('',(246.30016232171,-14.21958164996));
#7219 = CARTESIAN_POINT('',(227.7918097255,-74.48062341104));
#7220 = CARTESIAN_POINT('',(209.28345712929,-134.7416651721));
#7221 = CARTESIAN_POINT('',(166.35004040379,-88.58244076107));
#7222 = CARTESIAN_POINT('',(123.41662367828,-42.42321635001));
#7223 = CARTESIAN_POINT('',(184.858393,-28.32139899998));
#7224 = ( GEOMETRIC_REPRESENTATION_CONTEXT(2) 
PARAMETRIC_REPRESENTATION_CONTEXT() REPRESENTATION_CONTEXT('2D SPACE',''
  ) );
#7225 = ADVANCED_FACE('',(#7226),#702,.T.);
#7226 = FACE_BOUND('',#7227,.T.);
#7227 = EDGE_LOOP('',(#7228,#7229,#7230,#7253));
#7228 = ORIENTED_EDGE('',*,*,#7177,.T.);
#7229 = ORIENTED_EDGE('',*,*,#686,.T.);
#7230 = ORIENTED_EDGE('',*,*,#7231,.F.);
#7231 = EDGE_CURVE('',#7232,#654,#7234,.T.);
#7232 = VERTEX_POINT('',#7233);
#7233 = CARTESIAN_POINT('',(223.758,-27.432,0.));
#7234 = SURFACE_CURVE('',#7235,(#7239,#7246),.PCURVE_S1.);
#7235 = LINE('',#7236,#7237);
#7236 = CARTESIAN_POINT('',(223.758,-27.432,0.));
#7237 = VECTOR('',#7238,1.);
#7238 = DIRECTION('',(0.,0.,1.));
#7239 = PCURVE('',#702,#7240);
#7240 = DEFINITIONAL_REPRESENTATION('',(#7241),#7245);
#7241 = LINE('',#7242,#7243);
#7242 = CARTESIAN_POINT('',(29.971481958994,0.));
#7243 = VECTOR('',#7244,1.);
#7244 = DIRECTION('',(0.,-1.));
#7245 = ( GEOMETRIC_REPRESENTATION_CONTEXT(2) 
PARAMETRIC_REPRESENTATION_CONTEXT() REPRESENTATION_CONTEXT('2D SPACE',''
  ) );
#7246 = PCURVE('',#674,#7247);
#7247 = DEFINITIONAL_REPRESENTATION('',(#7248),#7252);
#7248 = LINE('',#7249,#7250);
#7249 = CARTESIAN_POINT('',(0.,0.));
#7250 = VECTOR('',#7251,1.);
#7251 = DIRECTION('',(0.,-1.));
#7252 = ( GEOMETRIC_REPRESENTATION_CONTEXT(2) 
PARAMETRIC_REPRESENTATION_CONTEXT() REPRESENTATION_CONTEXT('2D SPACE',''
  ) );
#7253 = ORIENTED_EDGE('',*,*,#7254,.F.);
#7254 = EDGE_CURVE('',#7178,#7232,#7255,.T.);
#7255 = SURFACE_CURVE('',#7256,(#7260,#7267),.PCURVE_S1.);
#7256 = LINE('',#7257,#7258);
#7257 = CARTESIAN_POINT('',(193.786528,-27.407567,0.));
#7258 = VECTOR('',#7259,1.);
#7259 = DIRECTION('',(0.999999667718,-8.152082714301E-04,0.));
#7260 = PCURVE('',#702,#7261);
#7261 = DEFINITIONAL_REPRESENTATION('',(#7262),#7266);
#7262 = LINE('',#7263,#7264);
#7263 = CARTESIAN_POINT('',(0.,0.));
#7264 = VECTOR('',#7265,1.);
#7265 = DIRECTION('',(1.,0.));
#7266 = ( GEOMETRIC_REPRESENTATION_CONTEXT(2) 
PARAMETRIC_REPRESENTATION_CONTEXT() REPRESENTATION_CONTEXT('2D SPACE',''
  ) );
#7267 = PCURVE('',#6733,#7268);
#7268 = DEFINITIONAL_REPRESENTATION('',(#7269),#7273);
#7269 = LINE('',#7270,#7271);
#7270 = CARTESIAN_POINT('',(193.786528,-27.407567));
#7271 = VECTOR('',#7272,1.);
#7272 = DIRECTION('',(0.999999667718,-8.152082714301E-04));
#7273 = ( GEOMETRIC_REPRESENTATION_CONTEXT(2) 
PARAMETRIC_REPRESENTATION_CONTEXT() REPRESENTATION_CONTEXT('2D SPACE',''
  ) );
#7274 = ADVANCED_FACE('',(#7275),#674,.T.);
#7275 = FACE_BOUND('',#7276,.T.);
#7276 = EDGE_LOOP('',(#7277,#7278,#7279,#7302));
#7277 = ORIENTED_EDGE('',*,*,#7231,.T.);
#7278 = ORIENTED_EDGE('',*,*,#653,.T.);
#7279 = ORIENTED_EDGE('',*,*,#7280,.F.);
#7280 = EDGE_CURVE('',#7281,#626,#7283,.T.);
#7281 = VERTEX_POINT('',#7282);
#7282 = CARTESIAN_POINT('',(232.215515,-31.17335,0.));
#7283 = SURFACE_CURVE('',#7284,(#7288,#7295),.PCURVE_S1.);
#7284 = LINE('',#7285,#7286);
#7285 = CARTESIAN_POINT('',(232.215515,-31.17335,0.));
#7286 = VECTOR('',#7287,1.);
#7287 = DIRECTION('',(0.,0.,1.));
#7288 = PCURVE('',#674,#7289);
#7289 = DEFINITIONAL_REPRESENTATION('',(#7290),#7294);
#7290 = LINE('',#7291,#7292);
#7291 = CARTESIAN_POINT('',(0.83298082684,0.));
#7292 = VECTOR('',#7293,1.);
#7293 = DIRECTION('',(0.,-1.));
#7294 = ( GEOMETRIC_REPRESENTATION_CONTEXT(2) 
PARAMETRIC_REPRESENTATION_CONTEXT() REPRESENTATION_CONTEXT('2D SPACE',''
  ) );
#7295 = PCURVE('',#641,#7296);
#7296 = DEFINITIONAL_REPRESENTATION('',(#7297),#7301);
#7297 = LINE('',#7298,#7299);
#7298 = CARTESIAN_POINT('',(0.,0.));
#7299 = VECTOR('',#7300,1.);
#7300 = DIRECTION('',(0.,-1.));
#7301 = ( GEOMETRIC_REPRESENTATION_CONTEXT(2) 
PARAMETRIC_REPRESENTATION_CONTEXT() REPRESENTATION_CONTEXT('2D SPACE',''
  ) );
#7302 = ORIENTED_EDGE('',*,*,#7303,.F.);
#7303 = EDGE_CURVE('',#7232,#7281,#7304,.T.);
#7304 = SURFACE_CURVE('',#7305,(#7310,#7317),.PCURVE_S1.);
#7305 = CIRCLE('',#7306,11.430005655952);
#7306 = AXIS2_PLACEMENT_3D('',#7307,#7308,#7309);
#7307 = CARTESIAN_POINT('',(223.7579974269,-38.86200565595,0.));
#7308 = DIRECTION('',(0.,0.,-1.));
#7309 = DIRECTION('',(2.251179943102E-07,1.,0.));
#7310 = PCURVE('',#674,#7311);
#7311 = DEFINITIONAL_REPRESENTATION('',(#7312),#7316);
#7312 = LINE('',#7313,#7314);
#7313 = CARTESIAN_POINT('',(0.,0.));
#7314 = VECTOR('',#7315,1.);
#7315 = DIRECTION('',(1.,0.));
#7316 = ( GEOMETRIC_REPRESENTATION_CONTEXT(2) 
PARAMETRIC_REPRESENTATION_CONTEXT() REPRESENTATION_CONTEXT('2D SPACE',''
  ) );
#7317 = PCURVE('',#6733,#7318);
#7318 = DEFINITIONAL_REPRESENTATION('',(#7319),#7327);
#7319 = ( BOUNDED_CURVE() B_SPLINE_CURVE(2,(#7320,#7321,#7322,#7323,
#7324,#7325,#7326),.UNSPECIFIED.,.T.,.F.) B_SPLINE_CURVE_WITH_KNOTS((1,2
    ,2,2,2,1),(-2.094395102393,0.,2.094395102393,4.188790204786,
6.28318530718,8.377580409573),.UNSPECIFIED.) CURVE() 
GEOMETRIC_REPRESENTATION_ITEM() RATIONAL_B_SPLINE_CURVE((1.,0.5,1.,0.5,
1.,0.5,1.)) REPRESENTATION_ITEM('') );
#7320 = CARTESIAN_POINT('',(223.758,-27.43199999999));
#7321 = CARTESIAN_POINT('',(243.5553505269,-27.43200445673));
#7322 = CARTESIAN_POINT('',(233.6566714038,-44.57701071229));
#7323 = CARTESIAN_POINT('',(223.7579922807,-61.72201696785));
#7324 = CARTESIAN_POINT('',(213.85932087689,-44.57700625555));
#7325 = CARTESIAN_POINT('',(203.96064947309,-27.43199554325));
#7326 = CARTESIAN_POINT('',(223.758,-27.43199999999));
#7327 = ( GEOMETRIC_REPRESENTATION_CONTEXT(2) 
PARAMETRIC_REPRESENTATION_CONTEXT() REPRESENTATION_CONTEXT('2D SPACE',''
  ) );
#7328 = ADVANCED_FACE('',(#7329),#641,.T.);
#7329 = FACE_BOUND('',#7330,.T.);
#7330 = EDGE_LOOP('',(#7331,#7332,#7333,#7356));
#7331 = ORIENTED_EDGE('',*,*,#7280,.T.);
#7332 = ORIENTED_EDGE('',*,*,#625,.T.);
#7333 = ORIENTED_EDGE('',*,*,#7334,.F.);
#7334 = EDGE_CURVE('',#7335,#593,#7337,.T.);
#7335 = VERTEX_POINT('',#7336);
#7336 = CARTESIAN_POINT('',(252.378161,-52.13132,0.));
#7337 = SURFACE_CURVE('',#7338,(#7342,#7349),.PCURVE_S1.);
#7338 = LINE('',#7339,#7340);
#7339 = CARTESIAN_POINT('',(252.378161,-52.13132,0.));
#7340 = VECTOR('',#7341,1.);
#7341 = DIRECTION('',(0.,0.,1.));
#7342 = PCURVE('',#641,#7343);
#7343 = DEFINITIONAL_REPRESENTATION('',(#7344),#7348);
#7344 = LINE('',#7345,#7346);
#7345 = CARTESIAN_POINT('',(29.082104467219,0.));
#7346 = VECTOR('',#7347,1.);
#7347 = DIRECTION('',(0.,-1.));
#7348 = ( GEOMETRIC_REPRESENTATION_CONTEXT(2) 
PARAMETRIC_REPRESENTATION_CONTEXT() REPRESENTATION_CONTEXT('2D SPACE',''
  ) );
#7349 = PCURVE('',#613,#7350);
#7350 = DEFINITIONAL_REPRESENTATION('',(#7351),#7355);
#7351 = LINE('',#7352,#7353);
#7352 = CARTESIAN_POINT('',(0.,0.));
#7353 = VECTOR('',#7354,1.);
#7354 = DIRECTION('',(0.,-1.));
#7355 = ( GEOMETRIC_REPRESENTATION_CONTEXT(2) 
PARAMETRIC_REPRESENTATION_CONTEXT() REPRESENTATION_CONTEXT('2D SPACE',''
  ) );
#7356 = ORIENTED_EDGE('',*,*,#7357,.F.);
#7357 = EDGE_CURVE('',#7281,#7335,#7358,.T.);
#7358 = SURFACE_CURVE('',#7359,(#7363,#7370),.PCURVE_S1.);
#7359 = LINE('',#7360,#7361);
#7360 = CARTESIAN_POINT('',(232.215515,-31.17335,0.));
#7361 = VECTOR('',#7362,1.);
#7362 = DIRECTION('',(0.693300789932,-0.720648329409,0.));
#7363 = PCURVE('',#641,#7364);
#7364 = DEFINITIONAL_REPRESENTATION('',(#7365),#7369);
#7365 = LINE('',#7366,#7367);
#7366 = CARTESIAN_POINT('',(0.,0.));
#7367 = VECTOR('',#7368,1.);
#7368 = DIRECTION('',(1.,0.));
#7369 = ( GEOMETRIC_REPRESENTATION_CONTEXT(2) 
PARAMETRIC_REPRESENTATION_CONTEXT() REPRESENTATION_CONTEXT('2D SPACE',''
  ) );
#7370 = PCURVE('',#6733,#7371);
#7371 = DEFINITIONAL_REPRESENTATION('',(#7372),#7376);
#7372 = LINE('',#7373,#7374);
#7373 = CARTESIAN_POINT('',(232.215515,-31.17335));
#7374 = VECTOR('',#7375,1.);
#7375 = DIRECTION('',(0.693300789932,-0.720648329409));
#7376 = ( GEOMETRIC_REPRESENTATION_CONTEXT(2) 
PARAMETRIC_REPRESENTATION_CONTEXT() REPRESENTATION_CONTEXT('2D SPACE',''
  ) );
#7377 = ADVANCED_FACE('',(#7378),#613,.T.);
#7378 = FACE_BOUND('',#7379,.T.);
#7379 = EDGE_LOOP('',(#7380,#7381,#7382,#7405));
#7380 = ORIENTED_EDGE('',*,*,#7334,.T.);
#7381 = ORIENTED_EDGE('',*,*,#592,.T.);
#7382 = ORIENTED_EDGE('',*,*,#7383,.F.);
#7383 = EDGE_CURVE('',#7384,#565,#7386,.T.);
#7384 = VERTEX_POINT('',#7385);
#7385 = CARTESIAN_POINT('',(253.73,-57.822,0.));
#7386 = SURFACE_CURVE('',#7387,(#7391,#7398),.PCURVE_S1.);
#7387 = LINE('',#7388,#7389);
#7388 = CARTESIAN_POINT('',(253.73,-57.822,0.));
#7389 = VECTOR('',#7390,1.);
#7390 = DIRECTION('',(0.,0.,1.));
#7391 = PCURVE('',#613,#7392);
#7392 = DEFINITIONAL_REPRESENTATION('',(#7393),#7397);
#7393 = LINE('',#7394,#7395);
#7394 = CARTESIAN_POINT('',(1.104720908079,0.));
#7395 = VECTOR('',#7396,1.);
#7396 = DIRECTION('',(0.,-1.));
#7397 = ( GEOMETRIC_REPRESENTATION_CONTEXT(2) 
PARAMETRIC_REPRESENTATION_CONTEXT() REPRESENTATION_CONTEXT('2D SPACE',''
  ) );
#7398 = PCURVE('',#580,#7399);
#7399 = DEFINITIONAL_REPRESENTATION('',(#7400),#7404);
#7400 = LINE('',#7401,#7402);
#7401 = CARTESIAN_POINT('',(0.,0.));
#7402 = VECTOR('',#7403,1.);
#7403 = DIRECTION('',(0.,-1.));
#7404 = ( GEOMETRIC_REPRESENTATION_CONTEXT(2) 
PARAMETRIC_REPRESENTATION_CONTEXT() REPRESENTATION_CONTEXT('2D SPACE',''
  ) );
#7405 = ORIENTED_EDGE('',*,*,#7406,.F.);
#7406 = EDGE_CURVE('',#7335,#7384,#7407,.T.);
#7407 = SURFACE_CURVE('',#7408,(#7413,#7420),.PCURVE_S1.);
#7408 = CIRCLE('',#7409,5.57372241739);
#7409 = AXIS2_PLACEMENT_3D('',#7410,#7411,#7412);
#7410 = CARTESIAN_POINT('',(248.43770248267,-56.07329517234,0.));
#7411 = DIRECTION('',(0.,0.,-1.));
#7412 = DIRECTION('',(0.706970714047,0.707242822148,0.));
#7413 = PCURVE('',#613,#7414);
#7414 = DEFINITIONAL_REPRESENTATION('',(#7415),#7419);
#7415 = LINE('',#7416,#7417);
#7416 = CARTESIAN_POINT('',(0.,0.));
#7417 = VECTOR('',#7418,1.);
#7418 = DIRECTION('',(1.,0.));
#7419 = ( GEOMETRIC_REPRESENTATION_CONTEXT(2) 
PARAMETRIC_REPRESENTATION_CONTEXT() REPRESENTATION_CONTEXT('2D SPACE',''
  ) );
#7420 = PCURVE('',#6733,#7421);
#7421 = DEFINITIONAL_REPRESENTATION('',(#7422),#7430);
#7422 = ( BOUNDED_CURVE() B_SPLINE_CURVE(2,(#7423,#7424,#7425,#7426,
#7427,#7428,#7429),.UNSPECIFIED.,.T.,.F.) B_SPLINE_CURVE_WITH_KNOTS((1,2
    ,2,2,2,1),(-2.094395102393,0.,2.094395102393,4.188790204786,
6.28318530718,8.377580409573),.UNSPECIFIED.) CURVE() 
GEOMETRIC_REPRESENTATION_ITEM() RATIONAL_B_SPLINE_CURVE((1.,0.5,1.,0.5,
1.,0.5,1.)) REPRESENTATION_ITEM('') );
#7423 = CARTESIAN_POINT('',(252.37816099999,-52.13131999999));
#7424 = CARTESIAN_POINT('',(259.20586228066,-58.95639435711));
#7425 = CARTESIAN_POINT('',(249.88132386434,-61.45681993707));
#7426 = CARTESIAN_POINT('',(240.55678544802,-63.95724551702));
#7427 = CARTESIAN_POINT('',(243.05362258367,-54.63174557995));
#7428 = CARTESIAN_POINT('',(245.55045971931,-45.30624564287));
#7429 = CARTESIAN_POINT('',(252.37816099999,-52.13131999999));
#7430 = ( GEOMETRIC_REPRESENTATION_CONTEXT(2) 
PARAMETRIC_REPRESENTATION_CONTEXT() REPRESENTATION_CONTEXT('2D SPACE',''
  ) );
#7431 = ADVANCED_FACE('',(#7432),#580,.T.);
#7432 = FACE_BOUND('',#7433,.T.);
#7433 = EDGE_LOOP('',(#7434,#7435,#7436,#7459));
#7434 = ORIENTED_EDGE('',*,*,#7383,.T.);
#7435 = ORIENTED_EDGE('',*,*,#564,.T.);
#7436 = ORIENTED_EDGE('',*,*,#7437,.F.);
#7437 = EDGE_CURVE('',#7438,#532,#7440,.T.);
#7438 = VERTEX_POINT('',#7439);
#7439 = CARTESIAN_POINT('',(240.263602,-107.848346,0.));
#7440 = SURFACE_CURVE('',#7441,(#7445,#7452),.PCURVE_S1.);
#7441 = LINE('',#7442,#7443);
#7442 = CARTESIAN_POINT('',(240.263602,-107.848346,0.));
#7443 = VECTOR('',#7444,1.);
#7444 = DIRECTION('',(0.,0.,1.));
#7445 = PCURVE('',#580,#7446);
#7446 = DEFINITIONAL_REPRESENTATION('',(#7447),#7451);
#7447 = LINE('',#7448,#7449);
#7448 = CARTESIAN_POINT('',(51.807134346595,0.));
#7449 = VECTOR('',#7450,1.);
#7450 = DIRECTION('',(0.,-1.));
#7451 = ( GEOMETRIC_REPRESENTATION_CONTEXT(2) 
PARAMETRIC_REPRESENTATION_CONTEXT() REPRESENTATION_CONTEXT('2D SPACE',''
  ) );
#7452 = PCURVE('',#552,#7453);
#7453 = DEFINITIONAL_REPRESENTATION('',(#7454),#7458);
#7454 = LINE('',#7455,#7456);
#7455 = CARTESIAN_POINT('',(0.,0.));
#7456 = VECTOR('',#7457,1.);
#7457 = DIRECTION('',(0.,-1.));
#7458 = ( GEOMETRIC_REPRESENTATION_CONTEXT(2) 
PARAMETRIC_REPRESENTATION_CONTEXT() REPRESENTATION_CONTEXT('2D SPACE',''
  ) );
#7459 = ORIENTED_EDGE('',*,*,#7460,.F.);
#7460 = EDGE_CURVE('',#7384,#7438,#7461,.T.);
#7461 = SURFACE_CURVE('',#7462,(#7466,#7473),.PCURVE_S1.);
#7462 = LINE('',#7463,#7464);
#7463 = CARTESIAN_POINT('',(253.73,-57.822,0.));
#7464 = VECTOR('',#7465,1.);
#7465 = DIRECTION('',(-0.259933273088,-0.965626580797,0.));
#7466 = PCURVE('',#580,#7467);
#7467 = DEFINITIONAL_REPRESENTATION('',(#7468),#7472);
#7468 = LINE('',#7469,#7470);
#7469 = CARTESIAN_POINT('',(0.,0.));
#7470 = VECTOR('',#7471,1.);
#7471 = DIRECTION('',(1.,0.));
#7472 = ( GEOMETRIC_REPRESENTATION_CONTEXT(2) 
PARAMETRIC_REPRESENTATION_CONTEXT() REPRESENTATION_CONTEXT('2D SPACE',''
  ) );
#7473 = PCURVE('',#6733,#7474);
#7474 = DEFINITIONAL_REPRESENTATION('',(#7475),#7479);
#7475 = LINE('',#7476,#7477);
#7476 = CARTESIAN_POINT('',(253.73,-57.822));
#7477 = VECTOR('',#7478,1.);
#7478 = DIRECTION('',(-0.259933273088,-0.965626580797));
#7479 = ( GEOMETRIC_REPRESENTATION_CONTEXT(2) 
PARAMETRIC_REPRESENTATION_CONTEXT() REPRESENTATION_CONTEXT('2D SPACE',''
  ) );
#7480 = ADVANCED_FACE('',(#7481),#552,.T.);
#7481 = FACE_BOUND('',#7482,.T.);
#7482 = EDGE_LOOP('',(#7483,#7484,#7485,#7508));
#7483 = ORIENTED_EDGE('',*,*,#7437,.T.);
#7484 = ORIENTED_EDGE('',*,*,#531,.T.);
#7485 = ORIENTED_EDGE('',*,*,#7486,.F.);
#7486 = EDGE_CURVE('',#7487,#504,#7489,.T.);
#7487 = VERTEX_POINT('',#7488);
#7488 = CARTESIAN_POINT('',(233.674052,-111.575617,0.));
#7489 = SURFACE_CURVE('',#7490,(#7494,#7501),.PCURVE_S1.);
#7490 = LINE('',#7491,#7492);
#7491 = CARTESIAN_POINT('',(233.674052,-111.575617,0.));
#7492 = VECTOR('',#7493,1.);
#7493 = DIRECTION('',(0.,0.,1.));
#7494 = PCURVE('',#552,#7495);
#7495 = DEFINITIONAL_REPRESENTATION('',(#7496),#7500);
#7496 = LINE('',#7497,#7498);
#7497 = CARTESIAN_POINT('',(0.858573942058,0.));
#7498 = VECTOR('',#7499,1.);
#7499 = DIRECTION('',(0.,-1.));
#7500 = ( GEOMETRIC_REPRESENTATION_CONTEXT(2) 
PARAMETRIC_REPRESENTATION_CONTEXT() REPRESENTATION_CONTEXT('2D SPACE',''
  ) );
#7501 = PCURVE('',#519,#7502);
#7502 = DEFINITIONAL_REPRESENTATION('',(#7503),#7507);
#7503 = LINE('',#7504,#7505);
#7504 = CARTESIAN_POINT('',(0.,0.));
#7505 = VECTOR('',#7506,1.);
#7506 = DIRECTION('',(0.,-1.));
#7507 = ( GEOMETRIC_REPRESENTATION_CONTEXT(2) 
PARAMETRIC_REPRESENTATION_CONTEXT() REPRESENTATION_CONTEXT('2D SPACE',''
  ) );
#7508 = ORIENTED_EDGE('',*,*,#7509,.F.);
#7509 = EDGE_CURVE('',#7438,#7487,#7510,.T.);
#7510 = SURFACE_CURVE('',#7511,(#7516,#7523),.PCURVE_S1.);
#7511 = CIRCLE('',#7512,9.094471180767);
#7512 = AXIS2_PLACEMENT_3D('',#7513,#7514,#7515);
#7513 = CARTESIAN_POINT('',(232.89760537793,-102.514351266,0.));
#7514 = DIRECTION('',(0.,0.,-1.));
#7515 = DIRECTION('',(0.809942268841,-0.58650960874,0.));
#7516 = PCURVE('',#552,#7517);
#7517 = DEFINITIONAL_REPRESENTATION('',(#7518),#7522);
#7518 = LINE('',#7519,#7520);
#7519 = CARTESIAN_POINT('',(0.,0.));
#7520 = VECTOR('',#7521,1.);
#7521 = DIRECTION('',(1.,0.));
#7522 = ( GEOMETRIC_REPRESENTATION_CONTEXT(2) 
PARAMETRIC_REPRESENTATION_CONTEXT() REPRESENTATION_CONTEXT('2D SPACE',''
  ) );
#7523 = PCURVE('',#6733,#7524);
#7524 = DEFINITIONAL_REPRESENTATION('',(#7525),#7533);
#7525 = ( BOUNDED_CURVE() B_SPLINE_CURVE(2,(#7526,#7527,#7528,#7529,
#7530,#7531,#7532),.UNSPECIFIED.,.T.,.F.) B_SPLINE_CURVE_WITH_KNOTS((1,2
    ,2,2,2,1),(-2.094395102393,0.,2.094395102393,4.188790204786,
6.28318530718,8.377580409573),.UNSPECIFIED.) CURVE() 
GEOMETRIC_REPRESENTATION_ITEM() RATIONAL_B_SPLINE_CURVE((1.,0.5,1.,0.5,
1.,0.5,1.)) REPRESENTATION_ITEM('') );
#7526 = CARTESIAN_POINT('',(240.26360199999,-107.8483459999));
#7527 = CARTESIAN_POINT('',(231.02485211352,-120.6066263977));
#7528 = CARTESIAN_POINT('',(224.59523212366,-106.2264940979));
#7529 = CARTESIAN_POINT('',(218.1656121338,-91.84636179814));
#7530 = CARTESIAN_POINT('',(233.83398201013,-93.46821370014));
#7531 = CARTESIAN_POINT('',(249.50235188646,-95.09006560214));
#7532 = CARTESIAN_POINT('',(240.26360199999,-107.8483459999));
#7533 = ( GEOMETRIC_REPRESENTATION_CONTEXT(2) 
PARAMETRIC_REPRESENTATION_CONTEXT() REPRESENTATION_CONTEXT('2D SPACE',''
  ) );
#7534 = ADVANCED_FACE('',(#7535),#519,.T.);
#7535 = FACE_BOUND('',#7536,.T.);
#7536 = EDGE_LOOP('',(#7537,#7538,#7539,#7562));
#7537 = ORIENTED_EDGE('',*,*,#7486,.T.);
#7538 = ORIENTED_EDGE('',*,*,#503,.T.);
#7539 = ORIENTED_EDGE('',*,*,#7540,.F.);
#7540 = EDGE_CURVE('',#7541,#475,#7543,.T.);
#7541 = VERTEX_POINT('',#7542);
#7542 = CARTESIAN_POINT('',(210.440454,-110.725903,0.));
#7543 = SURFACE_CURVE('',#7544,(#7548,#7555),.PCURVE_S1.);
#7544 = LINE('',#7545,#7546);
#7545 = CARTESIAN_POINT('',(210.440454,-110.725903,0.));
#7546 = VECTOR('',#7547,1.);
#7547 = DIRECTION('',(0.,0.,1.));
#7548 = PCURVE('',#519,#7549);
#7549 = DEFINITIONAL_REPRESENTATION('',(#7550),#7554);
#7550 = LINE('',#7551,#7552);
#7551 = CARTESIAN_POINT('',(23.249130949509,0.));
#7552 = VECTOR('',#7553,1.);
#7553 = DIRECTION('',(0.,-1.));
#7554 = ( GEOMETRIC_REPRESENTATION_CONTEXT(2) 
PARAMETRIC_REPRESENTATION_CONTEXT() REPRESENTATION_CONTEXT('2D SPACE',''
  ) );
#7555 = PCURVE('',#491,#7556);
#7556 = DEFINITIONAL_REPRESENTATION('',(#7557),#7561);
#7557 = LINE('',#7558,#7559);
#7558 = CARTESIAN_POINT('',(6.28318530718,0.));
#7559 = VECTOR('',#7560,1.);
#7560 = DIRECTION('',(0.,-1.));
#7561 = ( GEOMETRIC_REPRESENTATION_CONTEXT(2) 
PARAMETRIC_REPRESENTATION_CONTEXT() REPRESENTATION_CONTEXT('2D SPACE',''
  ) );
#7562 = ORIENTED_EDGE('',*,*,#7563,.F.);
#7563 = EDGE_CURVE('',#7487,#7541,#7564,.T.);
#7564 = SURFACE_CURVE('',#7565,(#7569,#7576),.PCURVE_S1.);
#7565 = LINE('',#7566,#7567);
#7566 = CARTESIAN_POINT('',(233.674052,-111.575617,0.));
#7567 = VECTOR('',#7568,1.);
#7568 = DIRECTION('',(-0.999331891177,3.654820482734E-02,0.));
#7569 = PCURVE('',#519,#7570);
#7570 = DEFINITIONAL_REPRESENTATION('',(#7571),#7575);
#7571 = LINE('',#7572,#7573);
#7572 = CARTESIAN_POINT('',(0.,0.));
#7573 = VECTOR('',#7574,1.);
#7574 = DIRECTION('',(1.,0.));
#7575 = ( GEOMETRIC_REPRESENTATION_CONTEXT(2) 
PARAMETRIC_REPRESENTATION_CONTEXT() REPRESENTATION_CONTEXT('2D SPACE',''
  ) );
#7576 = PCURVE('',#6733,#7577);
#7577 = DEFINITIONAL_REPRESENTATION('',(#7578),#7582);
#7578 = LINE('',#7579,#7580);
#7579 = CARTESIAN_POINT('',(233.674052,-111.575617));
#7580 = VECTOR('',#7581,1.);
#7581 = DIRECTION('',(-0.999331891177,3.654820482734E-02));
#7582 = ( GEOMETRIC_REPRESENTATION_CONTEXT(2) 
PARAMETRIC_REPRESENTATION_CONTEXT() REPRESENTATION_CONTEXT('2D SPACE',''
  ) );
#7583 = ADVANCED_FACE('',(#7584),#491,.F.);
#7584 = FACE_BOUND('',#7585,.F.);
#7585 = EDGE_LOOP('',(#7586,#7610,#7631,#7632));
#7586 = ORIENTED_EDGE('',*,*,#7587,.T.);
#7587 = EDGE_CURVE('',#7541,#7588,#7590,.T.);
#7588 = VERTEX_POINT('',#7589);
#7589 = CARTESIAN_POINT('',(182.61,-113.284,0.));
#7590 = SURFACE_CURVE('',#7591,(#7596,#7603),.PCURVE_S1.);
#7591 = CIRCLE('',#7592,123.23917588978);
#7592 = AXIS2_PLACEMENT_3D('',#7593,#7594,#7595);
#7593 = CARTESIAN_POINT('',(207.73272412077,-233.9353290716,0.));
#7594 = DIRECTION('',(0.,-0.,1.));
#7595 = DIRECTION('',(2.197134036054E-02,0.999758600965,0.));
#7596 = PCURVE('',#491,#7597);
#7597 = DEFINITIONAL_REPRESENTATION('',(#7598),#7602);
#7598 = LINE('',#7599,#7600);
#7599 = CARTESIAN_POINT('',(6.28318530718,0.));
#7600 = VECTOR('',#7601,1.);
#7601 = DIRECTION('',(-1.,0.));
#7602 = ( GEOMETRIC_REPRESENTATION_CONTEXT(2) 
PARAMETRIC_REPRESENTATION_CONTEXT() REPRESENTATION_CONTEXT('2D SPACE',''
  ) );
#7603 = PCURVE('',#6733,#7604);
#7604 = DEFINITIONAL_REPRESENTATION('',(#7605),#7609);
#7605 = CIRCLE('',#7606,123.23917588978);
#7606 = AXIS2_PLACEMENT_2D('',#7607,#7608);
#7607 = CARTESIAN_POINT('',(207.73272412077,-233.9353290716));
#7608 = DIRECTION('',(2.197134036054E-02,0.999758600965));
#7609 = ( GEOMETRIC_REPRESENTATION_CONTEXT(2) 
PARAMETRIC_REPRESENTATION_CONTEXT() REPRESENTATION_CONTEXT('2D SPACE',''
  ) );
#7610 = ORIENTED_EDGE('',*,*,#7611,.T.);
#7611 = EDGE_CURVE('',#7588,#447,#7612,.T.);
#7612 = SURFACE_CURVE('',#7613,(#7617,#7624),.PCURVE_S1.);
#7613 = LINE('',#7614,#7615);
#7614 = CARTESIAN_POINT('',(182.61,-113.284,0.));
#7615 = VECTOR('',#7616,1.);
#7616 = DIRECTION('',(0.,0.,1.));
#7617 = PCURVE('',#491,#7618);
#7618 = DEFINITIONAL_REPRESENTATION('',(#7619),#7623);
#7619 = LINE('',#7620,#7621);
#7620 = CARTESIAN_POINT('',(6.055919835379,0.));
#7621 = VECTOR('',#7622,1.);
#7622 = DIRECTION('',(0.,-1.));
#7623 = ( GEOMETRIC_REPRESENTATION_CONTEXT(2) 
PARAMETRIC_REPRESENTATION_CONTEXT() REPRESENTATION_CONTEXT('2D SPACE',''
  ) );
#7624 = PCURVE('',#462,#7625);
#7625 = DEFINITIONAL_REPRESENTATION('',(#7626),#7630);
#7626 = LINE('',#7627,#7628);
#7627 = CARTESIAN_POINT('',(0.,0.));
#7628 = VECTOR('',#7629,1.);
#7629 = DIRECTION('',(0.,-1.));
#7630 = ( GEOMETRIC_REPRESENTATION_CONTEXT(2) 
PARAMETRIC_REPRESENTATION_CONTEXT() REPRESENTATION_CONTEXT('2D SPACE',''
  ) );
#7631 = ORIENTED_EDGE('',*,*,#474,.F.);
#7632 = ORIENTED_EDGE('',*,*,#7540,.F.);
#7633 = ADVANCED_FACE('',(#7634),#462,.T.);
#7634 = FACE_BOUND('',#7635,.T.);
#7635 = EDGE_LOOP('',(#7636,#7637,#7638,#7661));
#7636 = ORIENTED_EDGE('',*,*,#7611,.T.);
#7637 = ORIENTED_EDGE('',*,*,#446,.T.);
#7638 = ORIENTED_EDGE('',*,*,#7639,.F.);
#7639 = EDGE_CURVE('',#7640,#414,#7642,.T.);
#7640 = VERTEX_POINT('',#7641);
#7641 = CARTESIAN_POINT('',(172.45,-115.062,0.));
#7642 = SURFACE_CURVE('',#7643,(#7647,#7654),.PCURVE_S1.);
#7643 = LINE('',#7644,#7645);
#7644 = CARTESIAN_POINT('',(172.45,-115.062,0.));
#7645 = VECTOR('',#7646,1.);
#7646 = DIRECTION('',(0.,0.,1.));
#7647 = PCURVE('',#462,#7648);
#7648 = DEFINITIONAL_REPRESENTATION('',(#7649),#7653);
#7649 = LINE('',#7650,#7651);
#7650 = CARTESIAN_POINT('',(10.314401776157,0.));
#7651 = VECTOR('',#7652,1.);
#7652 = DIRECTION('',(0.,-1.));
#7653 = ( GEOMETRIC_REPRESENTATION_CONTEXT(2) 
PARAMETRIC_REPRESENTATION_CONTEXT() REPRESENTATION_CONTEXT('2D SPACE',''
  ) );
#7654 = PCURVE('',#434,#7655);
#7655 = DEFINITIONAL_REPRESENTATION('',(#7656),#7660);
#7656 = LINE('',#7657,#7658);
#7657 = CARTESIAN_POINT('',(0.,0.));
#7658 = VECTOR('',#7659,1.);
#7659 = DIRECTION('',(0.,-1.));
#7660 = ( GEOMETRIC_REPRESENTATION_CONTEXT(2) 
PARAMETRIC_REPRESENTATION_CONTEXT() REPRESENTATION_CONTEXT('2D SPACE',''
  ) );
#7661 = ORIENTED_EDGE('',*,*,#7662,.F.);
#7662 = EDGE_CURVE('',#7588,#7640,#7663,.T.);
#7663 = SURFACE_CURVE('',#7664,(#7668,#7675),.PCURVE_S1.);
#7664 = LINE('',#7665,#7666);
#7665 = CARTESIAN_POINT('',(182.61,-113.284,0.));
#7666 = VECTOR('',#7667,1.);
#7667 = DIRECTION('',(-0.985030467156,-0.172380331752,0.));
#7668 = PCURVE('',#462,#7669);
#7669 = DEFINITIONAL_REPRESENTATION('',(#7670),#7674);
#7670 = LINE('',#7671,#7672);
#7671 = CARTESIAN_POINT('',(0.,0.));
#7672 = VECTOR('',#7673,1.);
#7673 = DIRECTION('',(1.,0.));
#7674 = ( GEOMETRIC_REPRESENTATION_CONTEXT(2) 
PARAMETRIC_REPRESENTATION_CONTEXT() REPRESENTATION_CONTEXT('2D SPACE',''
  ) );
#7675 = PCURVE('',#6733,#7676);
#7676 = DEFINITIONAL_REPRESENTATION('',(#7677),#7681);
#7677 = LINE('',#7678,#7679);
#7678 = CARTESIAN_POINT('',(182.61,-113.284));
#7679 = VECTOR('',#7680,1.);
#7680 = DIRECTION('',(-0.985030467156,-0.172380331752));
#7681 = ( GEOMETRIC_REPRESENTATION_CONTEXT(2) 
PARAMETRIC_REPRESENTATION_CONTEXT() REPRESENTATION_CONTEXT('2D SPACE',''
  ) );
#7682 = ADVANCED_FACE('',(#7683),#434,.T.);
#7683 = FACE_BOUND('',#7684,.T.);
#7684 = EDGE_LOOP('',(#7685,#7686,#7687,#7710));
#7685 = ORIENTED_EDGE('',*,*,#7639,.T.);
#7686 = ORIENTED_EDGE('',*,*,#413,.T.);
#7687 = ORIENTED_EDGE('',*,*,#7688,.F.);
#7688 = EDGE_CURVE('',#7689,#386,#7691,.T.);
#7689 = VERTEX_POINT('',#7690);
#7690 = CARTESIAN_POINT('',(171.939187,-115.091456,0.));
#7691 = SURFACE_CURVE('',#7692,(#7696,#7703),.PCURVE_S1.);
#7692 = LINE('',#7693,#7694);
#7693 = CARTESIAN_POINT('',(171.939187,-115.091456,0.));
#7694 = VECTOR('',#7695,1.);
#7695 = DIRECTION('',(0.,0.,1.));
#7696 = PCURVE('',#434,#7697);
#7697 = DEFINITIONAL_REPRESENTATION('',(#7698),#7702);
#7698 = LINE('',#7699,#7700);
#7699 = CARTESIAN_POINT('',(0.3055828348,0.));
#7700 = VECTOR('',#7701,1.);
#7701 = DIRECTION('',(0.,-1.));
#7702 = ( GEOMETRIC_REPRESENTATION_CONTEXT(2) 
PARAMETRIC_REPRESENTATION_CONTEXT() REPRESENTATION_CONTEXT('2D SPACE',''
  ) );
#7703 = PCURVE('',#401,#7704);
#7704 = DEFINITIONAL_REPRESENTATION('',(#7705),#7709);
#7705 = LINE('',#7706,#7707);
#7706 = CARTESIAN_POINT('',(0.,0.));
#7707 = VECTOR('',#7708,1.);
#7708 = DIRECTION('',(0.,-1.));
#7709 = ( GEOMETRIC_REPRESENTATION_CONTEXT(2) 
PARAMETRIC_REPRESENTATION_CONTEXT() REPRESENTATION_CONTEXT('2D SPACE',''
  ) );
#7710 = ORIENTED_EDGE('',*,*,#7711,.F.);
#7711 = EDGE_CURVE('',#7640,#7689,#7712,.T.);
#7712 = SURFACE_CURVE('',#7713,(#7718,#7725),.PCURVE_S1.);
#7713 = CIRCLE('',#7714,1.680911916124);
#7714 = AXIS2_PLACEMENT_3D('',#7715,#7716,#7717);
#7715 = CARTESIAN_POINT('',(172.09895192519,-113.4181538639,0.));
#7716 = DIRECTION('',(0.,-0.,-1.));
#7717 = DIRECTION('',(0.208843825448,-0.977949005098,0.));
#7718 = PCURVE('',#434,#7719);
#7719 = DEFINITIONAL_REPRESENTATION('',(#7720),#7724);
#7720 = LINE('',#7721,#7722);
#7721 = CARTESIAN_POINT('',(0.,0.));
#7722 = VECTOR('',#7723,1.);
#7723 = DIRECTION('',(1.,0.));
#7724 = ( GEOMETRIC_REPRESENTATION_CONTEXT(2) 
PARAMETRIC_REPRESENTATION_CONTEXT() REPRESENTATION_CONTEXT('2D SPACE',''
  ) );
#7725 = PCURVE('',#6733,#7726);
#7726 = DEFINITIONAL_REPRESENTATION('',(#7727),#7735);
#7727 = ( BOUNDED_CURVE() B_SPLINE_CURVE(2,(#7728,#7729,#7730,#7731,
#7732,#7733,#7734),.UNSPECIFIED.,.T.,.F.) B_SPLINE_CURVE_WITH_KNOTS((1,2
    ,2,2,2,1),(-2.094395102393,0.,2.094395102393,4.188790204786,
6.28318530718,8.377580409573),.UNSPECIFIED.) CURVE() 
GEOMETRIC_REPRESENTATION_ITEM() RATIONAL_B_SPLINE_CURVE((1.,0.5,1.,0.5,
1.,0.5,1.)) REPRESENTATION_ITEM('') );
#7728 = CARTESIAN_POINT('',(172.44999999999,-115.0619999999));
#7729 = CARTESIAN_POINT('',(169.60277497256,-115.6700331013));
#7730 = CARTESIAN_POINT('',(170.49981537407,-112.9002473466));
#7731 = CARTESIAN_POINT('',(171.39685577558,-110.1304615918));
#7732 = CARTESIAN_POINT('',(173.3470404015,-112.2922142451));
#7733 = CARTESIAN_POINT('',(175.29722502742,-114.4539668984));
#7734 = CARTESIAN_POINT('',(172.44999999999,-115.0619999999));
#7735 = ( GEOMETRIC_REPRESENTATION_CONTEXT(2) 
PARAMETRIC_REPRESENTATION_CONTEXT() REPRESENTATION_CONTEXT('2D SPACE',''
  ) );
#7736 = ADVANCED_FACE('',(#7737),#401,.T.);
#7737 = FACE_BOUND('',#7738,.T.);
#7738 = EDGE_LOOP('',(#7739,#7740,#7741,#7764));
#7739 = ORIENTED_EDGE('',*,*,#7688,.T.);
#7740 = ORIENTED_EDGE('',*,*,#385,.T.);
#7741 = ORIENTED_EDGE('',*,*,#7742,.F.);
#7742 = EDGE_CURVE('',#7743,#353,#7745,.T.);
#7743 = VERTEX_POINT('',#7744);
#7744 = CARTESIAN_POINT('',(139.938,-113.03,0.));
#7745 = SURFACE_CURVE('',#7746,(#7750,#7757),.PCURVE_S1.);
#7746 = LINE('',#7747,#7748);
#7747 = CARTESIAN_POINT('',(139.938,-113.03,0.));
#7748 = VECTOR('',#7749,1.);
#7749 = DIRECTION('',(0.,0.,1.));
#7750 = PCURVE('',#401,#7751);
#7751 = DEFINITIONAL_REPRESENTATION('',(#7752),#7756);
#7752 = LINE('',#7753,#7754);
#7753 = CARTESIAN_POINT('',(32.067515810379,0.));
#7754 = VECTOR('',#7755,1.);
#7755 = DIRECTION('',(0.,-1.));
#7756 = ( GEOMETRIC_REPRESENTATION_CONTEXT(2) 
PARAMETRIC_REPRESENTATION_CONTEXT() REPRESENTATION_CONTEXT('2D SPACE',''
  ) );
#7757 = PCURVE('',#373,#7758);
#7758 = DEFINITIONAL_REPRESENTATION('',(#7759),#7763);
#7759 = LINE('',#7760,#7761);
#7760 = CARTESIAN_POINT('',(0.,0.));
#7761 = VECTOR('',#7762,1.);
#7762 = DIRECTION('',(0.,-1.));
#7763 = ( GEOMETRIC_REPRESENTATION_CONTEXT(2) 
PARAMETRIC_REPRESENTATION_CONTEXT() REPRESENTATION_CONTEXT('2D SPACE',''
  ) );
#7764 = ORIENTED_EDGE('',*,*,#7765,.F.);
#7765 = EDGE_CURVE('',#7689,#7743,#7766,.T.);
#7766 = SURFACE_CURVE('',#7767,(#7771,#7778),.PCURVE_S1.);
#7767 = LINE('',#7768,#7769);
#7768 = CARTESIAN_POINT('',(171.939187,-115.091456,0.));
#7769 = VECTOR('',#7770,1.);
#7770 = DIRECTION('',(-0.997931588753,6.428486734641E-02,0.));
#7771 = PCURVE('',#401,#7772);
#7772 = DEFINITIONAL_REPRESENTATION('',(#7773),#7777);
#7773 = LINE('',#7774,#7775);
#7774 = CARTESIAN_POINT('',(0.,0.));
#7775 = VECTOR('',#7776,1.);
#7776 = DIRECTION('',(1.,0.));
#7777 = ( GEOMETRIC_REPRESENTATION_CONTEXT(2) 
PARAMETRIC_REPRESENTATION_CONTEXT() REPRESENTATION_CONTEXT('2D SPACE',''
  ) );
#7778 = PCURVE('',#6733,#7779);
#7779 = DEFINITIONAL_REPRESENTATION('',(#7780),#7784);
#7780 = LINE('',#7781,#7782);
#7781 = CARTESIAN_POINT('',(171.939187,-115.091456));
#7782 = VECTOR('',#7783,1.);
#7783 = DIRECTION('',(-0.997931588753,6.428486734641E-02));
#7784 = ( GEOMETRIC_REPRESENTATION_CONTEXT(2) 
PARAMETRIC_REPRESENTATION_CONTEXT() REPRESENTATION_CONTEXT('2D SPACE',''
  ) );
#7785 = ADVANCED_FACE('',(#7786),#373,.T.);
#7786 = FACE_BOUND('',#7787,.T.);
#7787 = EDGE_LOOP('',(#7788,#7789,#7790,#7813));
#7788 = ORIENTED_EDGE('',*,*,#7742,.T.);
#7789 = ORIENTED_EDGE('',*,*,#352,.T.);
#7790 = ORIENTED_EDGE('',*,*,#7791,.F.);
#7791 = EDGE_CURVE('',#7792,#325,#7794,.T.);
#7792 = VERTEX_POINT('',#7793);
#7793 = CARTESIAN_POINT('',(135.69032,-108.458,0.));
#7794 = SURFACE_CURVE('',#7795,(#7799,#7806),.PCURVE_S1.);
#7795 = LINE('',#7796,#7797);
#7796 = CARTESIAN_POINT('',(135.69032,-108.458,0.));
#7797 = VECTOR('',#7798,1.);
#7798 = DIRECTION('',(0.,0.,1.));
#7799 = PCURVE('',#373,#7800);
#7800 = DEFINITIONAL_REPRESENTATION('',(#7801),#7805);
#7801 = LINE('',#7802,#7803);
#7802 = CARTESIAN_POINT('',(1.497284864506,0.));
#7803 = VECTOR('',#7804,1.);
#7804 = DIRECTION('',(0.,-1.));
#7805 = ( GEOMETRIC_REPRESENTATION_CONTEXT(2) 
PARAMETRIC_REPRESENTATION_CONTEXT() REPRESENTATION_CONTEXT('2D SPACE',''
  ) );
#7806 = PCURVE('',#340,#7807);
#7807 = DEFINITIONAL_REPRESENTATION('',(#7808),#7812);
#7808 = LINE('',#7809,#7810);
#7809 = CARTESIAN_POINT('',(0.,0.));
#7810 = VECTOR('',#7811,1.);
#7811 = DIRECTION('',(0.,-1.));
#7812 = ( GEOMETRIC_REPRESENTATION_CONTEXT(2) 
PARAMETRIC_REPRESENTATION_CONTEXT() REPRESENTATION_CONTEXT('2D SPACE',''
  ) );
#7813 = ORIENTED_EDGE('',*,*,#7814,.F.);
#7814 = EDGE_CURVE('',#7743,#7792,#7815,.T.);
#7815 = SURFACE_CURVE('',#7816,(#7821,#7828),.PCURVE_S1.);
#7816 = CIRCLE('',#7817,4.584381200066);
#7817 = AXIS2_PLACEMENT_3D('',#7818,#7819,#7820);
#7818 = CARTESIAN_POINT('',(140.27470120006,-108.4580000777,0.));
#7819 = DIRECTION('',(0.,0.,-1.));
#7820 = DIRECTION('',(-7.344528855078E-02,-0.997299247764,-0.));
#7821 = PCURVE('',#373,#7822);
#7822 = DEFINITIONAL_REPRESENTATION('',(#7823),#7827);
#7823 = LINE('',#7824,#7825);
#7824 = CARTESIAN_POINT('',(0.,0.));
#7825 = VECTOR('',#7826,1.);
#7826 = DIRECTION('',(1.,0.));
#7827 = ( GEOMETRIC_REPRESENTATION_CONTEXT(2) 
PARAMETRIC_REPRESENTATION_CONTEXT() REPRESENTATION_CONTEXT('2D SPACE',''
  ) );
#7828 = PCURVE('',#6733,#7829);
#7829 = DEFINITIONAL_REPRESENTATION('',(#7830),#7838);
#7830 = ( BOUNDED_CURVE() B_SPLINE_CURVE(2,(#7831,#7832,#7833,#7834,
#7835,#7836,#7837),.UNSPECIFIED.,.T.,.F.) B_SPLINE_CURVE_WITH_KNOTS((1,2
    ,2,2,2,1),(-2.094395102393,0.,2.094395102393,4.188790204786,
6.28318530718,8.377580409573),.UNSPECIFIED.) CURVE() 
GEOMETRIC_REPRESENTATION_ITEM() RATIONAL_B_SPLINE_CURVE((1.,0.5,1.,0.5,
1.,0.5,1.)) REPRESENTATION_ITEM('') );
#7831 = CARTESIAN_POINT('',(139.93799999999,-113.0299999999));
#7832 = CARTESIAN_POINT('',(132.01906384239,-112.4468164145));
#7833 = CARTESIAN_POINT('',(136.48358372129,-105.8804083238));
#7834 = CARTESIAN_POINT('',(140.94810360019,-99.31400023312));
#7835 = CARTESIAN_POINT('',(144.40251987889,-106.4635919092));
#7836 = CARTESIAN_POINT('',(147.85693615759,-113.6131835854));
#7837 = CARTESIAN_POINT('',(139.93799999999,-113.0299999999));
#7838 = ( GEOMETRIC_REPRESENTATION_CONTEXT(2) 
PARAMETRIC_REPRESENTATION_CONTEXT() REPRESENTATION_CONTEXT('2D SPACE',''
  ) );
#7839 = ADVANCED_FACE('',(#7840),#340,.T.);
#7840 = FACE_BOUND('',#7841,.T.);
#7841 = EDGE_LOOP('',(#7842,#7843,#7844,#7867));
#7842 = ORIENTED_EDGE('',*,*,#7791,.T.);
#7843 = ORIENTED_EDGE('',*,*,#324,.F.);
#7844 = ORIENTED_EDGE('',*,*,#7845,.F.);
#7845 = EDGE_CURVE('',#7846,#297,#7848,.T.);
#7846 = VERTEX_POINT('',#7847);
#7847 = CARTESIAN_POINT('',(135.69032,-82.296,0.));
#7848 = SURFACE_CURVE('',#7849,(#7853,#7860),.PCURVE_S1.);
#7849 = LINE('',#7850,#7851);
#7850 = CARTESIAN_POINT('',(135.69032,-82.296,0.));
#7851 = VECTOR('',#7852,1.);
#7852 = DIRECTION('',(0.,0.,1.));
#7853 = PCURVE('',#340,#7854);
#7854 = DEFINITIONAL_REPRESENTATION('',(#7855),#7859);
#7855 = LINE('',#7856,#7857);
#7856 = CARTESIAN_POINT('',(26.162,0.));
#7857 = VECTOR('',#7858,1.);
#7858 = DIRECTION('',(0.,-1.));
#7859 = ( GEOMETRIC_REPRESENTATION_CONTEXT(2) 
PARAMETRIC_REPRESENTATION_CONTEXT() REPRESENTATION_CONTEXT('2D SPACE',''
  ) );
#7860 = PCURVE('',#312,#7861);
#7861 = DEFINITIONAL_REPRESENTATION('',(#7862),#7866);
#7862 = LINE('',#7863,#7864);
#7863 = CARTESIAN_POINT('',(0.,-0.));
#7864 = VECTOR('',#7865,1.);
#7865 = DIRECTION('',(0.,-1.));
#7866 = ( GEOMETRIC_REPRESENTATION_CONTEXT(2) 
PARAMETRIC_REPRESENTATION_CONTEXT() REPRESENTATION_CONTEXT('2D SPACE',''
  ) );
#7867 = ORIENTED_EDGE('',*,*,#7868,.T.);
#7868 = EDGE_CURVE('',#7846,#7792,#7869,.T.);
#7869 = SURFACE_CURVE('',#7870,(#7874,#7881),.PCURVE_S1.);
#7870 = LINE('',#7871,#7872);
#7871 = CARTESIAN_POINT('',(135.69032,-82.296,0.));
#7872 = VECTOR('',#7873,1.);
#7873 = DIRECTION('',(0.,-1.,0.));
#7874 = PCURVE('',#340,#7875);
#7875 = DEFINITIONAL_REPRESENTATION('',(#7876),#7880);
#7876 = LINE('',#7877,#7878);
#7877 = CARTESIAN_POINT('',(26.162,0.));
#7878 = VECTOR('',#7879,1.);
#7879 = DIRECTION('',(-1.,0.));
#7880 = ( GEOMETRIC_REPRESENTATION_CONTEXT(2) 
PARAMETRIC_REPRESENTATION_CONTEXT() REPRESENTATION_CONTEXT('2D SPACE',''
  ) );
#7881 = PCURVE('',#6733,#7882);
#7882 = DEFINITIONAL_REPRESENTATION('',(#7883),#7887);
#7883 = LINE('',#7884,#7885);
#7884 = CARTESIAN_POINT('',(135.69032,-82.296));
#7885 = VECTOR('',#7886,1.);
#7886 = DIRECTION('',(0.,-1.));
#7887 = ( GEOMETRIC_REPRESENTATION_CONTEXT(2) 
PARAMETRIC_REPRESENTATION_CONTEXT() REPRESENTATION_CONTEXT('2D SPACE',''
  ) );
#7888 = ADVANCED_FACE('',(#7889),#312,.T.);
#7889 = FACE_BOUND('',#7890,.T.);
#7890 = EDGE_LOOP('',(#7891,#7914,#7915,#7916));
#7891 = ORIENTED_EDGE('',*,*,#7892,.F.);
#7892 = EDGE_CURVE('',#7846,#7893,#7895,.T.);
#7893 = VERTEX_POINT('',#7894);
#7894 = CARTESIAN_POINT('',(135.61971183392,-82.296,0.));
#7895 = SURFACE_CURVE('',#7896,(#7900,#7907),.PCURVE_S1.);
#7896 = LINE('',#7897,#7898);
#7897 = CARTESIAN_POINT('',(135.69032,-82.296,0.));
#7898 = VECTOR('',#7899,1.);
#7899 = DIRECTION('',(-1.,0.,0.));
#7900 = PCURVE('',#312,#7901);
#7901 = DEFINITIONAL_REPRESENTATION('',(#7902),#7906);
#7902 = LINE('',#7903,#7904);
#7903 = CARTESIAN_POINT('',(0.,-0.));
#7904 = VECTOR('',#7905,1.);
#7905 = DIRECTION('',(1.,0.));
#7906 = ( GEOMETRIC_REPRESENTATION_CONTEXT(2) 
PARAMETRIC_REPRESENTATION_CONTEXT() REPRESENTATION_CONTEXT('2D SPACE',''
  ) );
#7907 = PCURVE('',#6733,#7908);
#7908 = DEFINITIONAL_REPRESENTATION('',(#7909),#7913);
#7909 = LINE('',#7910,#7911);
#7910 = CARTESIAN_POINT('',(135.69032,-82.296));
#7911 = VECTOR('',#7912,1.);
#7912 = DIRECTION('',(-1.,0.));
#7913 = ( GEOMETRIC_REPRESENTATION_CONTEXT(2) 
PARAMETRIC_REPRESENTATION_CONTEXT() REPRESENTATION_CONTEXT('2D SPACE',''
  ) );
#7914 = ORIENTED_EDGE('',*,*,#7845,.T.);
#7915 = ORIENTED_EDGE('',*,*,#296,.T.);
#7916 = ORIENTED_EDGE('',*,*,#7917,.T.);
#7917 = EDGE_CURVE('',#264,#7893,#7918,.T.);
#7918 = SURFACE_CURVE('',#7919,(#7923,#7930),.PCURVE_S1.);
#7919 = LINE('',#7920,#7921);
#7920 = CARTESIAN_POINT('',(135.61971183392,-82.296,-4.6E-02));
#7921 = VECTOR('',#7922,1.);
#7922 = DIRECTION('',(-0.,-0.,-1.));
#7923 = PCURVE('',#312,#7924);
#7924 = DEFINITIONAL_REPRESENTATION('',(#7925),#7929);
#7925 = LINE('',#7926,#7927);
#7926 = CARTESIAN_POINT('',(7.060816608001E-02,4.6E-02));
#7927 = VECTOR('',#7928,1.);
#7928 = DIRECTION('',(0.,1.));
#7929 = ( GEOMETRIC_REPRESENTATION_CONTEXT(2) 
PARAMETRIC_REPRESENTATION_CONTEXT() REPRESENTATION_CONTEXT('2D SPACE',''
  ) );
#7930 = PCURVE('',#284,#7931);
#7931 = DEFINITIONAL_REPRESENTATION('',(#7932),#7936);
#7932 = LINE('',#7933,#7934);
#7933 = CARTESIAN_POINT('',(4.760407431521,0.));
#7934 = VECTOR('',#7935,1.);
#7935 = DIRECTION('',(0.,1.));
#7936 = ( GEOMETRIC_REPRESENTATION_CONTEXT(2) 
PARAMETRIC_REPRESENTATION_CONTEXT() REPRESENTATION_CONTEXT('2D SPACE',''
  ) );
#7937 = ADVANCED_FACE('',(#7938),#284,.F.);
#7938 = FACE_BOUND('',#7939,.F.);
#7939 = EDGE_LOOP('',(#7940,#7968,#7987,#7988));
#7940 = ORIENTED_EDGE('',*,*,#7941,.F.);
#7941 = EDGE_CURVE('',#7942,#7893,#7944,.T.);
#7942 = VERTEX_POINT('',#7943);
#7943 = CARTESIAN_POINT('',(135.61200039789,-82.22126398625,0.));
#7944 = SURFACE_CURVE('',#7945,(#7950,#7957),.PCURVE_S1.);
#7945 = CIRCLE('',#7946,0.25);
#7946 = AXIS2_PLACEMENT_3D('',#7947,#7948,#7949);
#7947 = CARTESIAN_POINT('',(135.37,-82.284,0.));
#7948 = DIRECTION('',(-0.,-0.,-1.));
#7949 = DIRECTION('',(0.,-1.,0.));
#7950 = PCURVE('',#284,#7951);
#7951 = DEFINITIONAL_REPRESENTATION('',(#7952),#7956);
#7952 = LINE('',#7953,#7954);
#7953 = CARTESIAN_POINT('',(2.153832667773E-14,-4.6E-02));
#7954 = VECTOR('',#7955,1.);
#7955 = DIRECTION('',(1.,0.));
#7956 = ( GEOMETRIC_REPRESENTATION_CONTEXT(2) 
PARAMETRIC_REPRESENTATION_CONTEXT() REPRESENTATION_CONTEXT('2D SPACE',''
  ) );
#7957 = PCURVE('',#6733,#7958);
#7958 = DEFINITIONAL_REPRESENTATION('',(#7959),#7967);
#7959 = ( BOUNDED_CURVE() B_SPLINE_CURVE(2,(#7960,#7961,#7962,#7963,
#7964,#7965,#7966),.UNSPECIFIED.,.T.,.F.) B_SPLINE_CURVE_WITH_KNOTS((1,2
    ,2,2,2,1),(-2.094395102393,0.,2.094395102393,4.188790204786,
6.28318530718,8.377580409573),.UNSPECIFIED.) CURVE() 
GEOMETRIC_REPRESENTATION_ITEM() RATIONAL_B_SPLINE_CURVE((1.,0.5,1.,0.5,
1.,0.5,1.)) REPRESENTATION_ITEM('') );
#7960 = CARTESIAN_POINT('',(135.37,-82.534));
#7961 = CARTESIAN_POINT('',(134.9369872981,-82.534));
#7962 = CARTESIAN_POINT('',(135.15349364905,-82.159));
#7963 = CARTESIAN_POINT('',(135.37,-81.784));
#7964 = CARTESIAN_POINT('',(135.58650635094,-82.159));
#7965 = CARTESIAN_POINT('',(135.80301270189,-82.534));
#7966 = CARTESIAN_POINT('',(135.37,-82.534));
#7967 = ( GEOMETRIC_REPRESENTATION_CONTEXT(2) 
PARAMETRIC_REPRESENTATION_CONTEXT() REPRESENTATION_CONTEXT('2D SPACE',''
  ) );
#7968 = ORIENTED_EDGE('',*,*,#7969,.F.);
#7969 = EDGE_CURVE('',#238,#7942,#7970,.T.);
#7970 = SURFACE_CURVE('',#7971,(#7975,#7981),.PCURVE_S1.);
#7971 = LINE('',#7972,#7973);
#7972 = CARTESIAN_POINT('',(135.61200039789,-82.22126398625,-4.6E-02));
#7973 = VECTOR('',#7974,1.);
#7974 = DIRECTION('',(-0.,-0.,-1.));
#7975 = PCURVE('',#284,#7976);
#7976 = DEFINITIONAL_REPRESENTATION('',(#7977),#7980);
#7977 = B_SPLINE_CURVE_WITH_KNOTS('',1,(#7978,#7979),.UNSPECIFIED.,.F.,
  .F.,(2,2),(-1.5560006,-4.59994E-02),.PIECEWISE_BEZIER_KNOTS.);
#7978 = CARTESIAN_POINT('',(4.458733586538,-1.5560006));
#7979 = CARTESIAN_POINT('',(4.458733586538,-4.59994E-02));
#7980 = ( GEOMETRIC_REPRESENTATION_CONTEXT(2) 
PARAMETRIC_REPRESENTATION_CONTEXT() REPRESENTATION_CONTEXT('2D SPACE',''
  ) );
#7981 = PCURVE('',#252,#7982);
#7982 = DEFINITIONAL_REPRESENTATION('',(#7983),#7986);
#7983 = B_SPLINE_CURVE_WITH_KNOTS('',1,(#7984,#7985),.UNSPECIFIED.,.F.,
  .F.,(2,2),(-1.5560006,-4.59994E-02),.PIECEWISE_BEZIER_KNOTS.);
#7984 = CARTESIAN_POINT('',(2.5100006,-37.87780179376));
#7985 = CARTESIAN_POINT('',(0.9999994,-37.87780179376));
#7986 = ( GEOMETRIC_REPRESENTATION_CONTEXT(2) 
PARAMETRIC_REPRESENTATION_CONTEXT() REPRESENTATION_CONTEXT('2D SPACE',''
  ) );
#7987 = ORIENTED_EDGE('',*,*,#263,.T.);
#7988 = ORIENTED_EDGE('',*,*,#7917,.T.);
#7989 = ADVANCED_FACE('',(#7990),#252,.F.);
#7990 = FACE_BOUND('',#7991,.F.);
#7991 = EDGE_LOOP('',(#7992,#7993,#7994,#8015));
#7992 = ORIENTED_EDGE('',*,*,#237,.F.);
#7993 = ORIENTED_EDGE('',*,*,#7969,.T.);
#7994 = ORIENTED_EDGE('',*,*,#7995,.T.);
#7995 = EDGE_CURVE('',#7942,#7996,#7998,.T.);
#7996 = VERTEX_POINT('',#7997);
#7997 = CARTESIAN_POINT('',(135.61200039789,-80.84673601374,0.));
#7998 = SURFACE_CURVE('',#7999,(#8003,#8009),.PCURVE_S1.);
#7999 = LINE('',#8000,#8001);
#8000 = CARTESIAN_POINT('',(135.61200039789,-60.04953289001,0.));
#8001 = VECTOR('',#8002,1.);
#8002 = DIRECTION('',(0.,1.,0.));
#8003 = PCURVE('',#252,#8004);
#8004 = DEFINITIONAL_REPRESENTATION('',(#8005),#8008);
#8005 = B_SPLINE_CURVE_WITH_KNOTS('',1,(#8006,#8007),.UNSPECIFIED.,.F.,
  .F.,(2,2),(-55.04953289001,32.650463736569),.PIECEWISE_BEZIER_KNOTS.);
#8006 = CARTESIAN_POINT('',(1.,-5.));
#8007 = CARTESIAN_POINT('',(1.,-92.69999662658));
#8008 = ( GEOMETRIC_REPRESENTATION_CONTEXT(2) 
PARAMETRIC_REPRESENTATION_CONTEXT() REPRESENTATION_CONTEXT('2D SPACE',''
  ) );
#8009 = PCURVE('',#6733,#8010);
#8010 = DEFINITIONAL_REPRESENTATION('',(#8011),#8014);
#8011 = B_SPLINE_CURVE_WITH_KNOTS('',1,(#8012,#8013),.UNSPECIFIED.,.F.,
  .F.,(2,2),(-55.04953289001,32.650463736569),.PIECEWISE_BEZIER_KNOTS.);
#8012 = CARTESIAN_POINT('',(135.61200039789,-115.09906578));
#8013 = CARTESIAN_POINT('',(135.61200039789,-27.39906915344));
#8014 = ( GEOMETRIC_REPRESENTATION_CONTEXT(2) 
PARAMETRIC_REPRESENTATION_CONTEXT() REPRESENTATION_CONTEXT('2D SPACE',''
  ) );
#8015 = ORIENTED_EDGE('',*,*,#8016,.F.);
#8016 = EDGE_CURVE('',#205,#7996,#8017,.T.);
#8017 = SURFACE_CURVE('',#8018,(#8022,#8028),.PCURVE_S1.);
#8018 = LINE('',#8019,#8020);
#8019 = CARTESIAN_POINT('',(135.61200039789,-80.84673601374,-4.6E-02));
#8020 = VECTOR('',#8021,1.);
#8021 = DIRECTION('',(-0.,-0.,-1.));
#8022 = PCURVE('',#252,#8023);
#8023 = DEFINITIONAL_REPRESENTATION('',(#8024),#8027);
#8024 = B_SPLINE_CURVE_WITH_KNOTS('',1,(#8025,#8026),.UNSPECIFIED.,.F.,
  .F.,(2,2),(-1.5560006,-4.59994E-02),.PIECEWISE_BEZIER_KNOTS.);
#8025 = CARTESIAN_POINT('',(2.5100006,-39.25232976627));
#8026 = CARTESIAN_POINT('',(0.9999994,-39.25232976627));
#8027 = ( GEOMETRIC_REPRESENTATION_CONTEXT(2) 
PARAMETRIC_REPRESENTATION_CONTEXT() REPRESENTATION_CONTEXT('2D SPACE',''
  ) );
#8028 = PCURVE('',#225,#8029);
#8029 = DEFINITIONAL_REPRESENTATION('',(#8030),#8033);
#8030 = B_SPLINE_CURVE_WITH_KNOTS('',1,(#8031,#8032),.UNSPECIFIED.,.F.,
  .F.,(2,2),(-1.5560006,-4.59994E-02),.PIECEWISE_BEZIER_KNOTS.);
#8031 = CARTESIAN_POINT('',(4.966044374232,-1.5560006));
#8032 = CARTESIAN_POINT('',(4.966044374232,-4.59994E-02));
#8033 = ( GEOMETRIC_REPRESENTATION_CONTEXT(2) 
PARAMETRIC_REPRESENTATION_CONTEXT() REPRESENTATION_CONTEXT('2D SPACE',''
  ) );
#8034 = ADVANCED_FACE('',(#8035),#225,.F.);
#8035 = FACE_BOUND('',#8036,.F.);
#8036 = EDGE_LOOP('',(#8037,#8038,#8039,#8067));
#8037 = ORIENTED_EDGE('',*,*,#204,.T.);
#8038 = ORIENTED_EDGE('',*,*,#8016,.T.);
#8039 = ORIENTED_EDGE('',*,*,#8040,.F.);
#8040 = EDGE_CURVE('',#8041,#7996,#8043,.T.);
#8041 = VERTEX_POINT('',#8042);
#8042 = CARTESIAN_POINT('',(135.61971183391,-80.772,0.));
#8043 = SURFACE_CURVE('',#8044,(#8049,#8056),.PCURVE_S1.);
#8044 = CIRCLE('',#8045,0.25);
#8045 = AXIS2_PLACEMENT_3D('',#8046,#8047,#8048);
#8046 = CARTESIAN_POINT('',(135.37,-80.784,0.));
#8047 = DIRECTION('',(0.,0.,-1.));
#8048 = DIRECTION('',(0.998847335682,4.800000000204E-02,0.));
#8049 = PCURVE('',#225,#8050);
#8050 = DEFINITIONAL_REPRESENTATION('',(#8051),#8055);
#8051 = LINE('',#8052,#8053);
#8052 = CARTESIAN_POINT('',(4.664370529246,-4.6E-02));
#8053 = VECTOR('',#8054,1.);
#8054 = DIRECTION('',(1.,0.));
#8055 = ( GEOMETRIC_REPRESENTATION_CONTEXT(2) 
PARAMETRIC_REPRESENTATION_CONTEXT() REPRESENTATION_CONTEXT('2D SPACE',''
  ) );
#8056 = PCURVE('',#6733,#8057);
#8057 = DEFINITIONAL_REPRESENTATION('',(#8058),#8066);
#8058 = ( BOUNDED_CURVE() B_SPLINE_CURVE(2,(#8059,#8060,#8061,#8062,
#8063,#8064,#8065),.UNSPECIFIED.,.T.,.F.) B_SPLINE_CURVE_WITH_KNOTS((1,2
    ,2,2,2,1),(-2.094395102393,0.,2.094395102393,4.188790204786,
6.28318530718,8.377580409573),.UNSPECIFIED.) CURVE() 
GEOMETRIC_REPRESENTATION_ITEM() RATIONAL_B_SPLINE_CURVE((1.,0.5,1.,0.5,
1.,0.5,1.)) REPRESENTATION_ITEM('') );
#8059 = CARTESIAN_POINT('',(135.61971183392,-80.77199999999));
#8060 = CARTESIAN_POINT('',(135.64049644361,-81.2045135836));
#8061 = CARTESIAN_POINT('',(135.25553638788,-81.0062567918));
#8062 = CARTESIAN_POINT('',(134.87057633215,-80.808));
#8063 = CARTESIAN_POINT('',(135.23475177819,-80.57374320819));
#8064 = CARTESIAN_POINT('',(135.59892722422,-80.33948641639));
#8065 = CARTESIAN_POINT('',(135.61971183392,-80.77199999999));
#8066 = ( GEOMETRIC_REPRESENTATION_CONTEXT(2) 
PARAMETRIC_REPRESENTATION_CONTEXT() REPRESENTATION_CONTEXT('2D SPACE',''
  ) );
#8067 = ORIENTED_EDGE('',*,*,#8068,.F.);
#8068 = EDGE_CURVE('',#177,#8041,#8069,.T.);
#8069 = SURFACE_CURVE('',#8070,(#8074,#8080),.PCURVE_S1.);
#8070 = LINE('',#8071,#8072);
#8071 = CARTESIAN_POINT('',(135.61971183392,-80.772,-4.6E-02));
#8072 = VECTOR('',#8073,1.);
#8073 = DIRECTION('',(-0.,-0.,-1.));
#8074 = PCURVE('',#225,#8075);
#8075 = DEFINITIONAL_REPRESENTATION('',(#8076),#8079);
#8076 = B_SPLINE_CURVE_WITH_KNOTS('',1,(#8077,#8078),.UNSPECIFIED.,.F.,
  .F.,(2,2),(-1.556,-4.6E-02),.PIECEWISE_BEZIER_KNOTS.);
#8077 = CARTESIAN_POINT('',(4.664370529248,-1.556));
#8078 = CARTESIAN_POINT('',(4.664370529248,-4.6E-02));
#8079 = ( GEOMETRIC_REPRESENTATION_CONTEXT(2) 
PARAMETRIC_REPRESENTATION_CONTEXT() REPRESENTATION_CONTEXT('2D SPACE',''
  ) );
#8080 = PCURVE('',#192,#8081);
#8081 = DEFINITIONAL_REPRESENTATION('',(#8082),#8086);
#8082 = LINE('',#8083,#8084);
#8083 = CARTESIAN_POINT('',(2.08603183392,4.6E-02));
#8084 = VECTOR('',#8085,1.);
#8085 = DIRECTION('',(0.,1.));
#8086 = ( GEOMETRIC_REPRESENTATION_CONTEXT(2) 
PARAMETRIC_REPRESENTATION_CONTEXT() REPRESENTATION_CONTEXT('2D SPACE',''
  ) );
#8087 = ADVANCED_FACE('',(#8088),#192,.T.);
#8088 = FACE_BOUND('',#8089,.T.);
#8089 = EDGE_LOOP('',(#8090,#8113,#8114,#8115));
#8090 = ORIENTED_EDGE('',*,*,#8091,.F.);
#8091 = EDGE_CURVE('',#8041,#8092,#8094,.T.);
#8092 = VERTEX_POINT('',#8093);
#8093 = CARTESIAN_POINT('',(135.69032,-80.772,0.));
#8094 = SURFACE_CURVE('',#8095,(#8099,#8106),.PCURVE_S1.);
#8095 = LINE('',#8096,#8097);
#8096 = CARTESIAN_POINT('',(133.53368,-80.772,0.));
#8097 = VECTOR('',#8098,1.);
#8098 = DIRECTION('',(1.,0.,0.));
#8099 = PCURVE('',#192,#8100);
#8100 = DEFINITIONAL_REPRESENTATION('',(#8101),#8105);
#8101 = LINE('',#8102,#8103);
#8102 = CARTESIAN_POINT('',(0.,0.));
#8103 = VECTOR('',#8104,1.);
#8104 = DIRECTION('',(1.,0.));
#8105 = ( GEOMETRIC_REPRESENTATION_CONTEXT(2) 
PARAMETRIC_REPRESENTATION_CONTEXT() REPRESENTATION_CONTEXT('2D SPACE',''
  ) );
#8106 = PCURVE('',#6733,#8107);
#8107 = DEFINITIONAL_REPRESENTATION('',(#8108),#8112);
#8108 = LINE('',#8109,#8110);
#8109 = CARTESIAN_POINT('',(133.53368,-80.772));
#8110 = VECTOR('',#8111,1.);
#8111 = DIRECTION('',(1.,0.));
#8112 = ( GEOMETRIC_REPRESENTATION_CONTEXT(2) 
PARAMETRIC_REPRESENTATION_CONTEXT() REPRESENTATION_CONTEXT('2D SPACE',''
  ) );
#8113 = ORIENTED_EDGE('',*,*,#8068,.F.);
#8114 = ORIENTED_EDGE('',*,*,#176,.T.);
#8115 = ORIENTED_EDGE('',*,*,#8116,.F.);
#8116 = EDGE_CURVE('',#8092,#149,#8117,.T.);
#8117 = SURFACE_CURVE('',#8118,(#8122,#8129),.PCURVE_S1.);
#8118 = LINE('',#8119,#8120);
#8119 = CARTESIAN_POINT('',(135.69032,-80.772,0.));
#8120 = VECTOR('',#8121,1.);
#8121 = DIRECTION('',(0.,0.,1.));
#8122 = PCURVE('',#192,#8123);
#8123 = DEFINITIONAL_REPRESENTATION('',(#8124),#8128);
#8124 = LINE('',#8125,#8126);
#8125 = CARTESIAN_POINT('',(2.15664,0.));
#8126 = VECTOR('',#8127,1.);
#8127 = DIRECTION('',(0.,-1.));
#8128 = ( GEOMETRIC_REPRESENTATION_CONTEXT(2) 
PARAMETRIC_REPRESENTATION_CONTEXT() REPRESENTATION_CONTEXT('2D SPACE',''
  ) );
#8129 = PCURVE('',#164,#8130);
#8130 = DEFINITIONAL_REPRESENTATION('',(#8131),#8135);
#8131 = LINE('',#8132,#8133);
#8132 = CARTESIAN_POINT('',(0.,0.));
#8133 = VECTOR('',#8134,1.);
#8134 = DIRECTION('',(0.,-1.));
#8135 = ( GEOMETRIC_REPRESENTATION_CONTEXT(2) 
PARAMETRIC_REPRESENTATION_CONTEXT() REPRESENTATION_CONTEXT('2D SPACE',''
  ) );
#8136 = ADVANCED_FACE('',(#8137),#164,.T.);
#8137 = FACE_BOUND('',#8138,.T.);
#8138 = EDGE_LOOP('',(#8139,#8140,#8141,#8164));
#8139 = ORIENTED_EDGE('',*,*,#8116,.T.);
#8140 = ORIENTED_EDGE('',*,*,#148,.T.);
#8141 = ORIENTED_EDGE('',*,*,#8142,.F.);
#8142 = EDGE_CURVE('',#8143,#121,#8145,.T.);
#8143 = VERTEX_POINT('',#8144);
#8144 = CARTESIAN_POINT('',(135.69032,-50.8,0.));
#8145 = SURFACE_CURVE('',#8146,(#8150,#8157),.PCURVE_S1.);
#8146 = LINE('',#8147,#8148);
#8147 = CARTESIAN_POINT('',(135.69032,-50.8,0.));
#8148 = VECTOR('',#8149,1.);
#8149 = DIRECTION('',(0.,0.,1.));
#8150 = PCURVE('',#164,#8151);
#8151 = DEFINITIONAL_REPRESENTATION('',(#8152),#8156);
#8152 = LINE('',#8153,#8154);
#8153 = CARTESIAN_POINT('',(29.972,0.));
#8154 = VECTOR('',#8155,1.);
#8155 = DIRECTION('',(0.,-1.));
#8156 = ( GEOMETRIC_REPRESENTATION_CONTEXT(2) 
PARAMETRIC_REPRESENTATION_CONTEXT() REPRESENTATION_CONTEXT('2D SPACE',''
  ) );
#8157 = PCURVE('',#136,#8158);
#8158 = DEFINITIONAL_REPRESENTATION('',(#8159),#8163);
#8159 = LINE('',#8160,#8161);
#8160 = CARTESIAN_POINT('',(0.,-0.));
#8161 = VECTOR('',#8162,1.);
#8162 = DIRECTION('',(0.,-1.));
#8163 = ( GEOMETRIC_REPRESENTATION_CONTEXT(2) 
PARAMETRIC_REPRESENTATION_CONTEXT() REPRESENTATION_CONTEXT('2D SPACE',''
  ) );
#8164 = ORIENTED_EDGE('',*,*,#8165,.F.);
#8165 = EDGE_CURVE('',#8092,#8143,#8166,.T.);
#8166 = SURFACE_CURVE('',#8167,(#8171,#8178),.PCURVE_S1.);
#8167 = LINE('',#8168,#8169);
#8168 = CARTESIAN_POINT('',(135.69032,-80.772,0.));
#8169 = VECTOR('',#8170,1.);
#8170 = DIRECTION('',(0.,1.,0.));
#8171 = PCURVE('',#164,#8172);
#8172 = DEFINITIONAL_REPRESENTATION('',(#8173),#8177);
#8173 = LINE('',#8174,#8175);
#8174 = CARTESIAN_POINT('',(0.,0.));
#8175 = VECTOR('',#8176,1.);
#8176 = DIRECTION('',(1.,0.));
#8177 = ( GEOMETRIC_REPRESENTATION_CONTEXT(2) 
PARAMETRIC_REPRESENTATION_CONTEXT() REPRESENTATION_CONTEXT('2D SPACE',''
  ) );
#8178 = PCURVE('',#6733,#8179);
#8179 = DEFINITIONAL_REPRESENTATION('',(#8180),#8184);
#8180 = LINE('',#8181,#8182);
#8181 = CARTESIAN_POINT('',(135.69032,-80.772));
#8182 = VECTOR('',#8183,1.);
#8183 = DIRECTION('',(0.,1.));
#8184 = ( GEOMETRIC_REPRESENTATION_CONTEXT(2) 
PARAMETRIC_REPRESENTATION_CONTEXT() REPRESENTATION_CONTEXT('2D SPACE',''
  ) );
#8185 = ADVANCED_FACE('',(#8186),#136,.T.);
#8186 = FACE_BOUND('',#8187,.T.);
#8187 = EDGE_LOOP('',(#8188,#8211,#8212,#8213));
#8188 = ORIENTED_EDGE('',*,*,#8189,.F.);
#8189 = EDGE_CURVE('',#8143,#8190,#8192,.T.);
#8190 = VERTEX_POINT('',#8191);
#8191 = CARTESIAN_POINT('',(135.61971183391,-50.8,0.));
#8192 = SURFACE_CURVE('',#8193,(#8197,#8204),.PCURVE_S1.);
#8193 = LINE('',#8194,#8195);
#8194 = CARTESIAN_POINT('',(135.69032,-50.8,0.));
#8195 = VECTOR('',#8196,1.);
#8196 = DIRECTION('',(-1.,0.,0.));
#8197 = PCURVE('',#136,#8198);
#8198 = DEFINITIONAL_REPRESENTATION('',(#8199),#8203);
#8199 = LINE('',#8200,#8201);
#8200 = CARTESIAN_POINT('',(0.,-0.));
#8201 = VECTOR('',#8202,1.);
#8202 = DIRECTION('',(1.,0.));
#8203 = ( GEOMETRIC_REPRESENTATION_CONTEXT(2) 
PARAMETRIC_REPRESENTATION_CONTEXT() REPRESENTATION_CONTEXT('2D SPACE',''
  ) );
#8204 = PCURVE('',#6733,#8205);
#8205 = DEFINITIONAL_REPRESENTATION('',(#8206),#8210);
#8206 = LINE('',#8207,#8208);
#8207 = CARTESIAN_POINT('',(135.69032,-50.8));
#8208 = VECTOR('',#8209,1.);
#8209 = DIRECTION('',(-1.,0.));
#8210 = ( GEOMETRIC_REPRESENTATION_CONTEXT(2) 
PARAMETRIC_REPRESENTATION_CONTEXT() REPRESENTATION_CONTEXT('2D SPACE',''
  ) );
#8211 = ORIENTED_EDGE('',*,*,#8142,.T.);
#8212 = ORIENTED_EDGE('',*,*,#120,.T.);
#8213 = ORIENTED_EDGE('',*,*,#8214,.T.);
#8214 = EDGE_CURVE('',#88,#8190,#8215,.T.);
#8215 = SURFACE_CURVE('',#8216,(#8220,#8227),.PCURVE_S1.);
#8216 = LINE('',#8217,#8218);
#8217 = CARTESIAN_POINT('',(135.61971183392,-50.8,-4.6E-02));
#8218 = VECTOR('',#8219,1.);
#8219 = DIRECTION('',(-0.,-0.,-1.));
#8220 = PCURVE('',#136,#8221);
#8221 = DEFINITIONAL_REPRESENTATION('',(#8222),#8226);
#8222 = LINE('',#8223,#8224);
#8223 = CARTESIAN_POINT('',(7.060816608001E-02,4.6E-02));
#8224 = VECTOR('',#8225,1.);
#8225 = DIRECTION('',(0.,1.));
#8226 = ( GEOMETRIC_REPRESENTATION_CONTEXT(2) 
PARAMETRIC_REPRESENTATION_CONTEXT() REPRESENTATION_CONTEXT('2D SPACE',''
  ) );
#8227 = PCURVE('',#108,#8228);
#8228 = DEFINITIONAL_REPRESENTATION('',(#8229),#8233);
#8229 = LINE('',#8230,#8231);
#8230 = CARTESIAN_POINT('',(4.760407431521,0.));
#8231 = VECTOR('',#8232,1.);
#8232 = DIRECTION('',(0.,1.));
#8233 = ( GEOMETRIC_REPRESENTATION_CONTEXT(2) 
PARAMETRIC_REPRESENTATION_CONTEXT() REPRESENTATION_CONTEXT('2D SPACE',''
  ) );
#8234 = ADVANCED_FACE('',(#8235),#108,.F.);
#8235 = FACE_BOUND('',#8236,.F.);
#8236 = EDGE_LOOP('',(#8237,#8265,#8284,#8285));
#8237 = ORIENTED_EDGE('',*,*,#8238,.F.);
#8238 = EDGE_CURVE('',#8239,#8190,#8241,.T.);
#8239 = VERTEX_POINT('',#8240);
#8240 = CARTESIAN_POINT('',(135.61200039789,-50.72526398625,0.));
#8241 = SURFACE_CURVE('',#8242,(#8247,#8254),.PCURVE_S1.);
#8242 = CIRCLE('',#8243,0.25);
#8243 = AXIS2_PLACEMENT_3D('',#8244,#8245,#8246);
#8244 = CARTESIAN_POINT('',(135.37,-50.788,0.));
#8245 = DIRECTION('',(-0.,-0.,-1.));
#8246 = DIRECTION('',(0.,-1.,0.));
#8247 = PCURVE('',#108,#8248);
#8248 = DEFINITIONAL_REPRESENTATION('',(#8249),#8253);
#8249 = LINE('',#8250,#8251);
#8250 = CARTESIAN_POINT('',(-8.437694987151E-15,-4.6E-02));
#8251 = VECTOR('',#8252,1.);
#8252 = DIRECTION('',(1.,0.));
#8253 = ( GEOMETRIC_REPRESENTATION_CONTEXT(2) 
PARAMETRIC_REPRESENTATION_CONTEXT() REPRESENTATION_CONTEXT('2D SPACE',''
  ) );
#8254 = PCURVE('',#6733,#8255);
#8255 = DEFINITIONAL_REPRESENTATION('',(#8256),#8264);
#8256 = ( BOUNDED_CURVE() B_SPLINE_CURVE(2,(#8257,#8258,#8259,#8260,
#8261,#8262,#8263),.UNSPECIFIED.,.T.,.F.) B_SPLINE_CURVE_WITH_KNOTS((1,2
    ,2,2,2,1),(-2.094395102393,0.,2.094395102393,4.188790204786,
6.28318530718,8.377580409573),.UNSPECIFIED.) CURVE() 
GEOMETRIC_REPRESENTATION_ITEM() RATIONAL_B_SPLINE_CURVE((1.,0.5,1.,0.5,
1.,0.5,1.)) REPRESENTATION_ITEM('') );
#8257 = CARTESIAN_POINT('',(135.37,-51.038));
#8258 = CARTESIAN_POINT('',(134.9369872981,-51.038));
#8259 = CARTESIAN_POINT('',(135.15349364905,-50.663));
#8260 = CARTESIAN_POINT('',(135.37,-50.288));
#8261 = CARTESIAN_POINT('',(135.58650635094,-50.663));
#8262 = CARTESIAN_POINT('',(135.80301270189,-51.038));
#8263 = CARTESIAN_POINT('',(135.37,-51.038));
#8264 = ( GEOMETRIC_REPRESENTATION_CONTEXT(2) 
PARAMETRIC_REPRESENTATION_CONTEXT() REPRESENTATION_CONTEXT('2D SPACE',''
  ) );
#8265 = ORIENTED_EDGE('',*,*,#8266,.F.);
#8266 = EDGE_CURVE('',#62,#8239,#8267,.T.);
#8267 = SURFACE_CURVE('',#8268,(#8272,#8278),.PCURVE_S1.);
#8268 = LINE('',#8269,#8270);
#8269 = CARTESIAN_POINT('',(135.61200039789,-50.72526398625,-4.6E-02));
#8270 = VECTOR('',#8271,1.);
#8271 = DIRECTION('',(-0.,-0.,-1.));
#8272 = PCURVE('',#108,#8273);
#8273 = DEFINITIONAL_REPRESENTATION('',(#8274),#8277);
#8274 = B_SPLINE_CURVE_WITH_KNOTS('',1,(#8275,#8276),.UNSPECIFIED.,.F.,
  .F.,(2,2),(-1.5560006,-4.59994E-02),.PIECEWISE_BEZIER_KNOTS.);
#8275 = CARTESIAN_POINT('',(4.458733586538,-1.5560006));
#8276 = CARTESIAN_POINT('',(4.458733586538,-4.59994E-02));
#8277 = ( GEOMETRIC_REPRESENTATION_CONTEXT(2) 
PARAMETRIC_REPRESENTATION_CONTEXT() REPRESENTATION_CONTEXT('2D SPACE',''
  ) );
#8278 = PCURVE('',#76,#8279);
#8279 = DEFINITIONAL_REPRESENTATION('',(#8280),#8283);
#8280 = B_SPLINE_CURVE_WITH_KNOTS('',1,(#8281,#8282),.UNSPECIFIED.,.F.,
  .F.,(2,2),(-1.5560006,-4.59994E-02),.PIECEWISE_BEZIER_KNOTS.);
#8281 = CARTESIAN_POINT('',(2.5100006,-69.37380179376));
#8282 = CARTESIAN_POINT('',(0.9999994,-69.37380179376));
#8283 = ( GEOMETRIC_REPRESENTATION_CONTEXT(2) 
PARAMETRIC_REPRESENTATION_CONTEXT() REPRESENTATION_CONTEXT('2D SPACE',''
  ) );
#8284 = ORIENTED_EDGE('',*,*,#87,.T.);
#8285 = ORIENTED_EDGE('',*,*,#8214,.T.);
#8286 = ADVANCED_FACE('',(#8287),#76,.F.);
#8287 = FACE_BOUND('',#8288,.F.);
#8288 = EDGE_LOOP('',(#8289,#8290,#8291,#8310));
#8289 = ORIENTED_EDGE('',*,*,#61,.F.);
#8290 = ORIENTED_EDGE('',*,*,#8266,.T.);
#8291 = ORIENTED_EDGE('',*,*,#8292,.T.);
#8292 = EDGE_CURVE('',#8239,#6696,#8293,.T.);
#8293 = SURFACE_CURVE('',#8294,(#8298,#8304),.PCURVE_S1.);
#8294 = LINE('',#8295,#8296);
#8295 = CARTESIAN_POINT('',(135.61200039789,-60.04953289001,0.));
#8296 = VECTOR('',#8297,1.);
#8297 = DIRECTION('',(0.,1.,0.));
#8298 = PCURVE('',#76,#8299);
#8299 = DEFINITIONAL_REPRESENTATION('',(#8300),#8303);
#8300 = B_SPLINE_CURVE_WITH_KNOTS('',1,(#8301,#8302),.UNSPECIFIED.,.F.,
  .F.,(2,2),(-55.04953289001,32.650463736569),.PIECEWISE_BEZIER_KNOTS.);
#8301 = CARTESIAN_POINT('',(1.,-5.));
#8302 = CARTESIAN_POINT('',(1.,-92.69999662658));
#8303 = ( GEOMETRIC_REPRESENTATION_CONTEXT(2) 
PARAMETRIC_REPRESENTATION_CONTEXT() REPRESENTATION_CONTEXT('2D SPACE',''
  ) );
#8304 = PCURVE('',#6733,#8305);
#8305 = DEFINITIONAL_REPRESENTATION('',(#8306),#8309);
#8306 = B_SPLINE_CURVE_WITH_KNOTS('',1,(#8307,#8308),.UNSPECIFIED.,.F.,
  .F.,(2,2),(-55.04953289001,32.650463736569),.PIECEWISE_BEZIER_KNOTS.);
#8307 = CARTESIAN_POINT('',(135.61200039789,-115.09906578));
#8308 = CARTESIAN_POINT('',(135.61200039789,-27.39906915344));
#8309 = ( GEOMETRIC_REPRESENTATION_CONTEXT(2) 
PARAMETRIC_REPRESENTATION_CONTEXT() REPRESENTATION_CONTEXT('2D SPACE',''
  ) );
#8310 = ORIENTED_EDGE('',*,*,#6695,.F.);
#8311 = ADVANCED_FACE('',(#8312),#1003,.F.);
#8312 = FACE_BOUND('',#8313,.F.);
#8313 = EDGE_LOOP('',(#8314,#8337,#8338,#8339));
#8314 = ORIENTED_EDGE('',*,*,#8315,.T.);
#8315 = EDGE_CURVE('',#8316,#983,#8318,.T.);
#8316 = VERTEX_POINT('',#8317);
#8317 = CARTESIAN_POINT('',(145.018,-104.1869,0.));
#8318 = SEAM_CURVE('',#8319,(#8323,#8330),.PCURVE_S1.);
#8319 = LINE('',#8320,#8321);
#8320 = CARTESIAN_POINT('',(145.018,-104.1869,-4.6E-02));
#8321 = VECTOR('',#8322,1.);
#8322 = DIRECTION('',(0.,0.,1.));
#8323 = PCURVE('',#1003,#8324);
#8324 = DEFINITIONAL_REPRESENTATION('',(#8325),#8329);
#8325 = LINE('',#8326,#8327);
#8326 = CARTESIAN_POINT('',(0.,0.));
#8327 = VECTOR('',#8328,1.);
#8328 = DIRECTION('',(0.,-1.));
#8329 = ( GEOMETRIC_REPRESENTATION_CONTEXT(2) 
PARAMETRIC_REPRESENTATION_CONTEXT() REPRESENTATION_CONTEXT('2D SPACE',''
  ) );
#8330 = PCURVE('',#1003,#8331);
#8331 = DEFINITIONAL_REPRESENTATION('',(#8332),#8336);
#8332 = LINE('',#8333,#8334);
#8333 = CARTESIAN_POINT('',(6.28318530718,0.));
#8334 = VECTOR('',#8335,1.);
#8335 = DIRECTION('',(0.,-1.));
#8336 = ( GEOMETRIC_REPRESENTATION_CONTEXT(2) 
PARAMETRIC_REPRESENTATION_CONTEXT() REPRESENTATION_CONTEXT('2D SPACE',''
  ) );
#8337 = ORIENTED_EDGE('',*,*,#982,.T.);
#8338 = ORIENTED_EDGE('',*,*,#8315,.F.);
#8339 = ORIENTED_EDGE('',*,*,#8340,.F.);
#8340 = EDGE_CURVE('',#8316,#8316,#8341,.T.);
#8341 = SURFACE_CURVE('',#8342,(#8347,#8354),.PCURVE_S1.);
#8342 = CIRCLE('',#8343,0.8509);
#8343 = AXIS2_PLACEMENT_3D('',#8344,#8345,#8346);
#8344 = CARTESIAN_POINT('',(145.018,-103.336,0.));
#8345 = DIRECTION('',(-0.,-0.,-1.));
#8346 = DIRECTION('',(0.,-1.,0.));
#8347 = PCURVE('',#1003,#8348);
#8348 = DEFINITIONAL_REPRESENTATION('',(#8349),#8353);
#8349 = LINE('',#8350,#8351);
#8350 = CARTESIAN_POINT('',(0.,-4.6E-02));
#8351 = VECTOR('',#8352,1.);
#8352 = DIRECTION('',(1.,0.));
#8353 = ( GEOMETRIC_REPRESENTATION_CONTEXT(2) 
PARAMETRIC_REPRESENTATION_CONTEXT() REPRESENTATION_CONTEXT('2D SPACE',''
  ) );
#8354 = PCURVE('',#6733,#8355);
#8355 = DEFINITIONAL_REPRESENTATION('',(#8356),#8364);
#8356 = ( BOUNDED_CURVE() B_SPLINE_CURVE(2,(#8357,#8358,#8359,#8360,
#8361,#8362,#8363),.UNSPECIFIED.,.T.,.F.) B_SPLINE_CURVE_WITH_KNOTS((1,2
    ,2,2,2,1),(-2.094395102393,0.,2.094395102393,4.188790204786,
6.28318530718,8.377580409573),.UNSPECIFIED.) CURVE() 
GEOMETRIC_REPRESENTATION_ITEM() RATIONAL_B_SPLINE_CURVE((1.,0.5,1.,0.5,
1.,0.5,1.)) REPRESENTATION_ITEM('') );
#8357 = CARTESIAN_POINT('',(145.018,-104.1869));
#8358 = CARTESIAN_POINT('',(143.54419796784,-104.1869));
#8359 = CARTESIAN_POINT('',(144.28109898392,-102.91055));
#8360 = CARTESIAN_POINT('',(145.018,-101.6342));
#8361 = CARTESIAN_POINT('',(145.75490101608,-102.91055));
#8362 = CARTESIAN_POINT('',(146.49180203216,-104.1869));
#8363 = CARTESIAN_POINT('',(145.018,-104.1869));
#8364 = ( GEOMETRIC_REPRESENTATION_CONTEXT(2) 
PARAMETRIC_REPRESENTATION_CONTEXT() REPRESENTATION_CONTEXT('2D SPACE',''
  ) );
#8365 = ADVANCED_FACE('',(#8366),#1038,.F.);
#8366 = FACE_BOUND('',#8367,.F.);
#8367 = EDGE_LOOP('',(#8368,#8391,#8392,#8393));
#8368 = ORIENTED_EDGE('',*,*,#8369,.T.);
#8369 = EDGE_CURVE('',#8370,#1018,#8372,.T.);
#8370 = VERTEX_POINT('',#8371);
#8371 = CARTESIAN_POINT('',(162.958227,-111.1206,0.));
#8372 = SEAM_CURVE('',#8373,(#8377,#8384),.PCURVE_S1.);
#8373 = LINE('',#8374,#8375);
#8374 = CARTESIAN_POINT('',(162.958227,-111.1206,-4.6E-02));
#8375 = VECTOR('',#8376,1.);
#8376 = DIRECTION('',(0.,0.,1.));
#8377 = PCURVE('',#1038,#8378);
#8378 = DEFINITIONAL_REPRESENTATION('',(#8379),#8383);
#8379 = LINE('',#8380,#8381);
#8380 = CARTESIAN_POINT('',(0.,0.));
#8381 = VECTOR('',#8382,1.);
#8382 = DIRECTION('',(0.,-1.));
#8383 = ( GEOMETRIC_REPRESENTATION_CONTEXT(2) 
PARAMETRIC_REPRESENTATION_CONTEXT() REPRESENTATION_CONTEXT('2D SPACE',''
  ) );
#8384 = PCURVE('',#1038,#8385);
#8385 = DEFINITIONAL_REPRESENTATION('',(#8386),#8390);
#8386 = LINE('',#8387,#8388);
#8387 = CARTESIAN_POINT('',(6.28318530718,0.));
#8388 = VECTOR('',#8389,1.);
#8389 = DIRECTION('',(0.,-1.));
#8390 = ( GEOMETRIC_REPRESENTATION_CONTEXT(2) 
PARAMETRIC_REPRESENTATION_CONTEXT() REPRESENTATION_CONTEXT('2D SPACE',''
  ) );
#8391 = ORIENTED_EDGE('',*,*,#1017,.T.);
#8392 = ORIENTED_EDGE('',*,*,#8369,.F.);
#8393 = ORIENTED_EDGE('',*,*,#8394,.F.);
#8394 = EDGE_CURVE('',#8370,#8370,#8395,.T.);
#8395 = SURFACE_CURVE('',#8396,(#8401,#8408),.PCURVE_S1.);
#8396 = CIRCLE('',#8397,0.635);
#8397 = AXIS2_PLACEMENT_3D('',#8398,#8399,#8400);
#8398 = CARTESIAN_POINT('',(162.958227,-110.4856,0.));
#8399 = DIRECTION('',(-0.,0.,-1.));
#8400 = DIRECTION('',(-4.475859752819E-14,-1.,0.));
#8401 = PCURVE('',#1038,#8402);
#8402 = DEFINITIONAL_REPRESENTATION('',(#8403),#8407);
#8403 = LINE('',#8404,#8405);
#8404 = CARTESIAN_POINT('',(0.,-4.6E-02));
#8405 = VECTOR('',#8406,1.);
#8406 = DIRECTION('',(1.,0.));
#8407 = ( GEOMETRIC_REPRESENTATION_CONTEXT(2) 
PARAMETRIC_REPRESENTATION_CONTEXT() REPRESENTATION_CONTEXT('2D SPACE',''
  ) );
#8408 = PCURVE('',#6733,#8409);
#8409 = DEFINITIONAL_REPRESENTATION('',(#8410),#8418);
#8410 = ( BOUNDED_CURVE() B_SPLINE_CURVE(2,(#8411,#8412,#8413,#8414,
#8415,#8416,#8417),.UNSPECIFIED.,.T.,.F.) B_SPLINE_CURVE_WITH_KNOTS((1,2
    ,2,2,2,1),(-2.094395102393,0.,2.094395102393,4.188790204786,
6.28318530718,8.377580409573),.UNSPECIFIED.) CURVE() 
GEOMETRIC_REPRESENTATION_ITEM() RATIONAL_B_SPLINE_CURVE((1.,0.5,1.,0.5,
1.,0.5,1.)) REPRESENTATION_ITEM('') );
#8411 = CARTESIAN_POINT('',(162.958227,-111.1206));
#8412 = CARTESIAN_POINT('',(161.85837473719,-111.1206));
#8413 = CARTESIAN_POINT('',(162.40830086859,-110.1681));
#8414 = CARTESIAN_POINT('',(162.958227,-109.2156));
#8415 = CARTESIAN_POINT('',(163.5081531314,-110.1681));
#8416 = CARTESIAN_POINT('',(164.0580792628,-111.1206));
#8417 = CARTESIAN_POINT('',(162.958227,-111.1206));
#8418 = ( GEOMETRIC_REPRESENTATION_CONTEXT(2) 
PARAMETRIC_REPRESENTATION_CONTEXT() REPRESENTATION_CONTEXT('2D SPACE',''
  ) );
#8419 = ADVANCED_FACE('',(#8420),#1073,.F.);
#8420 = FACE_BOUND('',#8421,.F.);
#8421 = EDGE_LOOP('',(#8422,#8445,#8446,#8447));
#8422 = ORIENTED_EDGE('',*,*,#8423,.T.);
#8423 = EDGE_CURVE('',#8424,#1053,#8426,.T.);
#8424 = VERTEX_POINT('',#8425);
#8425 = CARTESIAN_POINT('',(158.45079,-108.105138,0.));
#8426 = SEAM_CURVE('',#8427,(#8431,#8438),.PCURVE_S1.);
#8427 = LINE('',#8428,#8429);
#8428 = CARTESIAN_POINT('',(158.45079,-108.105138,-4.6E-02));
#8429 = VECTOR('',#8430,1.);
#8430 = DIRECTION('',(0.,0.,1.));
#8431 = PCURVE('',#1073,#8432);
#8432 = DEFINITIONAL_REPRESENTATION('',(#8433),#8437);
#8433 = LINE('',#8434,#8435);
#8434 = CARTESIAN_POINT('',(0.,0.));
#8435 = VECTOR('',#8436,1.);
#8436 = DIRECTION('',(0.,-1.));
#8437 = ( GEOMETRIC_REPRESENTATION_CONTEXT(2) 
PARAMETRIC_REPRESENTATION_CONTEXT() REPRESENTATION_CONTEXT('2D SPACE',''
  ) );
#8438 = PCURVE('',#1073,#8439);
#8439 = DEFINITIONAL_REPRESENTATION('',(#8440),#8444);
#8440 = LINE('',#8441,#8442);
#8441 = CARTESIAN_POINT('',(6.28318530718,0.));
#8442 = VECTOR('',#8443,1.);
#8443 = DIRECTION('',(0.,-1.));
#8444 = ( GEOMETRIC_REPRESENTATION_CONTEXT(2) 
PARAMETRIC_REPRESENTATION_CONTEXT() REPRESENTATION_CONTEXT('2D SPACE',''
  ) );
#8445 = ORIENTED_EDGE('',*,*,#1052,.T.);
#8446 = ORIENTED_EDGE('',*,*,#8423,.F.);
#8447 = ORIENTED_EDGE('',*,*,#8448,.F.);
#8448 = EDGE_CURVE('',#8424,#8424,#8449,.T.);
#8449 = SURFACE_CURVE('',#8450,(#8455,#8462),.PCURVE_S1.);
#8450 = CIRCLE('',#8451,0.635);
#8451 = AXIS2_PLACEMENT_3D('',#8452,#8453,#8454);
#8452 = CARTESIAN_POINT('',(158.45079,-107.470138,0.));
#8453 = DIRECTION('',(0.,-0.,-1.));
#8454 = DIRECTION('',(4.475859752819E-14,-1.,0.));
#8455 = PCURVE('',#1073,#8456);
#8456 = DEFINITIONAL_REPRESENTATION('',(#8457),#8461);
#8457 = LINE('',#8458,#8459);
#8458 = CARTESIAN_POINT('',(0.,-4.6E-02));
#8459 = VECTOR('',#8460,1.);
#8460 = DIRECTION('',(1.,0.));
#8461 = ( GEOMETRIC_REPRESENTATION_CONTEXT(2) 
PARAMETRIC_REPRESENTATION_CONTEXT() REPRESENTATION_CONTEXT('2D SPACE',''
  ) );
#8462 = PCURVE('',#6733,#8463);
#8463 = DEFINITIONAL_REPRESENTATION('',(#8464),#8472);
#8464 = ( BOUNDED_CURVE() B_SPLINE_CURVE(2,(#8465,#8466,#8467,#8468,
#8469,#8470,#8471),.UNSPECIFIED.,.T.,.F.) B_SPLINE_CURVE_WITH_KNOTS((1,2
    ,2,2,2,1),(-2.094395102393,0.,2.094395102393,4.188790204786,
6.28318530718,8.377580409573),.UNSPECIFIED.) CURVE() 
GEOMETRIC_REPRESENTATION_ITEM() RATIONAL_B_SPLINE_CURVE((1.,0.5,1.,0.5,
1.,0.5,1.)) REPRESENTATION_ITEM('') );
#8465 = CARTESIAN_POINT('',(158.45079,-108.105138));
#8466 = CARTESIAN_POINT('',(157.35093773719,-108.105138));
#8467 = CARTESIAN_POINT('',(157.90086386859,-107.152638));
#8468 = CARTESIAN_POINT('',(158.45079,-106.200138));
#8469 = CARTESIAN_POINT('',(159.0007161314,-107.152638));
#8470 = CARTESIAN_POINT('',(159.5506422628,-108.105138));
#8471 = CARTESIAN_POINT('',(158.45079,-108.105138));
#8472 = ( GEOMETRIC_REPRESENTATION_CONTEXT(2) 
PARAMETRIC_REPRESENTATION_CONTEXT() REPRESENTATION_CONTEXT('2D SPACE',''
  ) );
#8473 = ADVANCED_FACE('',(#8474),#1108,.F.);
#8474 = FACE_BOUND('',#8475,.F.);
#8475 = EDGE_LOOP('',(#8476,#8499,#8500,#8501));
#8476 = ORIENTED_EDGE('',*,*,#8477,.T.);
#8477 = EDGE_CURVE('',#8478,#1088,#8480,.T.);
#8478 = VERTEX_POINT('',#8479);
#8479 = CARTESIAN_POINT('',(158.68505,-104.495452,0.));
#8480 = SEAM_CURVE('',#8481,(#8485,#8492),.PCURVE_S1.);
#8481 = LINE('',#8482,#8483);
#8482 = CARTESIAN_POINT('',(158.68505,-104.495452,-4.6E-02));
#8483 = VECTOR('',#8484,1.);
#8484 = DIRECTION('',(0.,0.,1.));
#8485 = PCURVE('',#1108,#8486);
#8486 = DEFINITIONAL_REPRESENTATION('',(#8487),#8491);
#8487 = LINE('',#8488,#8489);
#8488 = CARTESIAN_POINT('',(0.,0.));
#8489 = VECTOR('',#8490,1.);
#8490 = DIRECTION('',(0.,-1.));
#8491 = ( GEOMETRIC_REPRESENTATION_CONTEXT(2) 
PARAMETRIC_REPRESENTATION_CONTEXT() REPRESENTATION_CONTEXT('2D SPACE',''
  ) );
#8492 = PCURVE('',#1108,#8493);
#8493 = DEFINITIONAL_REPRESENTATION('',(#8494),#8498);
#8494 = LINE('',#8495,#8496);
#8495 = CARTESIAN_POINT('',(6.28318530718,0.));
#8496 = VECTOR('',#8497,1.);
#8497 = DIRECTION('',(0.,-1.));
#8498 = ( GEOMETRIC_REPRESENTATION_CONTEXT(2) 
PARAMETRIC_REPRESENTATION_CONTEXT() REPRESENTATION_CONTEXT('2D SPACE',''
  ) );
#8499 = ORIENTED_EDGE('',*,*,#1087,.T.);
#8500 = ORIENTED_EDGE('',*,*,#8477,.F.);
#8501 = ORIENTED_EDGE('',*,*,#8502,.F.);
#8502 = EDGE_CURVE('',#8478,#8478,#8503,.T.);
#8503 = SURFACE_CURVE('',#8504,(#8509,#8516),.PCURVE_S1.);
#8504 = CIRCLE('',#8505,0.8509);
#8505 = AXIS2_PLACEMENT_3D('',#8506,#8507,#8508);
#8506 = CARTESIAN_POINT('',(158.68505,-103.644552,0.));
#8507 = DIRECTION('',(-0.,-0.,-1.));
#8508 = DIRECTION('',(0.,-1.,0.));
#8509 = PCURVE('',#1108,#8510);
#8510 = DEFINITIONAL_REPRESENTATION('',(#8511),#8515);
#8511 = LINE('',#8512,#8513);
#8512 = CARTESIAN_POINT('',(0.,-4.6E-02));
#8513 = VECTOR('',#8514,1.);
#8514 = DIRECTION('',(1.,0.));
#8515 = ( GEOMETRIC_REPRESENTATION_CONTEXT(2) 
PARAMETRIC_REPRESENTATION_CONTEXT() REPRESENTATION_CONTEXT('2D SPACE',''
  ) );
#8516 = PCURVE('',#6733,#8517);
#8517 = DEFINITIONAL_REPRESENTATION('',(#8518),#8526);
#8518 = ( BOUNDED_CURVE() B_SPLINE_CURVE(2,(#8519,#8520,#8521,#8522,
#8523,#8524,#8525),.UNSPECIFIED.,.T.,.F.) B_SPLINE_CURVE_WITH_KNOTS((1,2
    ,2,2,2,1),(-2.094395102393,0.,2.094395102393,4.188790204786,
6.28318530718,8.377580409573),.UNSPECIFIED.) CURVE() 
GEOMETRIC_REPRESENTATION_ITEM() RATIONAL_B_SPLINE_CURVE((1.,0.5,1.,0.5,
1.,0.5,1.)) REPRESENTATION_ITEM('') );
#8519 = CARTESIAN_POINT('',(158.68505,-104.495452));
#8520 = CARTESIAN_POINT('',(157.21124796784,-104.495452));
#8521 = CARTESIAN_POINT('',(157.94814898392,-103.219102));
#8522 = CARTESIAN_POINT('',(158.68505,-101.942752));
#8523 = CARTESIAN_POINT('',(159.42195101608,-103.219102));
#8524 = CARTESIAN_POINT('',(160.15885203216,-104.495452));
#8525 = CARTESIAN_POINT('',(158.68505,-104.495452));
#8526 = ( GEOMETRIC_REPRESENTATION_CONTEXT(2) 
PARAMETRIC_REPRESENTATION_CONTEXT() REPRESENTATION_CONTEXT('2D SPACE',''
  ) );
#8527 = ADVANCED_FACE('',(#8528),#1143,.F.);
#8528 = FACE_BOUND('',#8529,.F.);
#8529 = EDGE_LOOP('',(#8530,#8553,#8554,#8555));
#8530 = ORIENTED_EDGE('',*,*,#8531,.T.);
#8531 = EDGE_CURVE('',#8532,#1123,#8534,.T.);
#8532 = VERTEX_POINT('',#8533);
#8533 = CARTESIAN_POINT('',(164.084,-106.4085,0.));
#8534 = SEAM_CURVE('',#8535,(#8539,#8546),.PCURVE_S1.);
#8535 = LINE('',#8536,#8537);
#8536 = CARTESIAN_POINT('',(164.084,-106.4085,-4.6E-02));
#8537 = VECTOR('',#8538,1.);
#8538 = DIRECTION('',(0.,0.,1.));
#8539 = PCURVE('',#1143,#8540);
#8540 = DEFINITIONAL_REPRESENTATION('',(#8541),#8545);
#8541 = LINE('',#8542,#8543);
#8542 = CARTESIAN_POINT('',(0.,0.));
#8543 = VECTOR('',#8544,1.);
#8544 = DIRECTION('',(0.,-1.));
#8545 = ( GEOMETRIC_REPRESENTATION_CONTEXT(2) 
PARAMETRIC_REPRESENTATION_CONTEXT() REPRESENTATION_CONTEXT('2D SPACE',''
  ) );
#8546 = PCURVE('',#1143,#8547);
#8547 = DEFINITIONAL_REPRESENTATION('',(#8548),#8552);
#8548 = LINE('',#8549,#8550);
#8549 = CARTESIAN_POINT('',(6.28318530718,0.));
#8550 = VECTOR('',#8551,1.);
#8551 = DIRECTION('',(0.,-1.));
#8552 = ( GEOMETRIC_REPRESENTATION_CONTEXT(2) 
PARAMETRIC_REPRESENTATION_CONTEXT() REPRESENTATION_CONTEXT('2D SPACE',''
  ) );
#8553 = ORIENTED_EDGE('',*,*,#1122,.T.);
#8554 = ORIENTED_EDGE('',*,*,#8531,.F.);
#8555 = ORIENTED_EDGE('',*,*,#8556,.F.);
#8556 = EDGE_CURVE('',#8532,#8532,#8557,.T.);
#8557 = SURFACE_CURVE('',#8558,(#8563,#8570),.PCURVE_S1.);
#8558 = CIRCLE('',#8559,1.7145);
#8559 = AXIS2_PLACEMENT_3D('',#8560,#8561,#8562);
#8560 = CARTESIAN_POINT('',(164.084,-104.694,0.));
#8561 = DIRECTION('',(-0.,-0.,-1.));
#8562 = DIRECTION('',(0.,-1.,0.));
#8563 = PCURVE('',#1143,#8564);
#8564 = DEFINITIONAL_REPRESENTATION('',(#8565),#8569);
#8565 = LINE('',#8566,#8567);
#8566 = CARTESIAN_POINT('',(0.,-4.6E-02));
#8567 = VECTOR('',#8568,1.);
#8568 = DIRECTION('',(1.,0.));
#8569 = ( GEOMETRIC_REPRESENTATION_CONTEXT(2) 
PARAMETRIC_REPRESENTATION_CONTEXT() REPRESENTATION_CONTEXT('2D SPACE',''
  ) );
#8570 = PCURVE('',#6733,#8571);
#8571 = DEFINITIONAL_REPRESENTATION('',(#8572),#8580);
#8572 = ( BOUNDED_CURVE() B_SPLINE_CURVE(2,(#8573,#8574,#8575,#8576,
#8577,#8578,#8579),.UNSPECIFIED.,.T.,.F.) B_SPLINE_CURVE_WITH_KNOTS((1,2
    ,2,2,2,1),(-2.094395102393,0.,2.094395102393,4.188790204786,
6.28318530718,8.377580409573),.UNSPECIFIED.) CURVE() 
GEOMETRIC_REPRESENTATION_ITEM() RATIONAL_B_SPLINE_CURVE((1.,0.5,1.,0.5,
1.,0.5,1.)) REPRESENTATION_ITEM('') );
#8573 = CARTESIAN_POINT('',(164.084,-106.4085));
#8574 = CARTESIAN_POINT('',(161.11439889042,-106.4085));
#8575 = CARTESIAN_POINT('',(162.59919944521,-103.83675));
#8576 = CARTESIAN_POINT('',(164.084,-101.265));
#8577 = CARTESIAN_POINT('',(165.56880055478,-103.83675));
#8578 = CARTESIAN_POINT('',(167.05360110957,-106.4085));
#8579 = CARTESIAN_POINT('',(164.084,-106.4085));
#8580 = ( GEOMETRIC_REPRESENTATION_CONTEXT(2) 
PARAMETRIC_REPRESENTATION_CONTEXT() REPRESENTATION_CONTEXT('2D SPACE',''
  ) );
#8581 = ADVANCED_FACE('',(#8582),#1178,.F.);
#8582 = FACE_BOUND('',#8583,.F.);
#8583 = EDGE_LOOP('',(#8584,#8607,#8608,#8609));
#8584 = ORIENTED_EDGE('',*,*,#8585,.T.);
#8585 = EDGE_CURVE('',#8586,#1158,#8588,.T.);
#8586 = VERTEX_POINT('',#8587);
#8587 = CARTESIAN_POINT('',(139.118,-98.471,0.));
#8588 = SEAM_CURVE('',#8589,(#8593,#8600),.PCURVE_S1.);
#8589 = LINE('',#8590,#8591);
#8590 = CARTESIAN_POINT('',(139.118,-98.471,-4.6E-02));
#8591 = VECTOR('',#8592,1.);
#8592 = DIRECTION('',(0.,0.,1.));
#8593 = PCURVE('',#1178,#8594);
#8594 = DEFINITIONAL_REPRESENTATION('',(#8595),#8599);
#8595 = LINE('',#8596,#8597);
#8596 = CARTESIAN_POINT('',(0.,0.));
#8597 = VECTOR('',#8598,1.);
#8598 = DIRECTION('',(0.,-1.));
#8599 = ( GEOMETRIC_REPRESENTATION_CONTEXT(2) 
PARAMETRIC_REPRESENTATION_CONTEXT() REPRESENTATION_CONTEXT('2D SPACE',''
  ) );
#8600 = PCURVE('',#1178,#8601);
#8601 = DEFINITIONAL_REPRESENTATION('',(#8602),#8606);
#8602 = LINE('',#8603,#8604);
#8603 = CARTESIAN_POINT('',(6.28318530718,0.));
#8604 = VECTOR('',#8605,1.);
#8605 = DIRECTION('',(0.,-1.));
#8606 = ( GEOMETRIC_REPRESENTATION_CONTEXT(2) 
PARAMETRIC_REPRESENTATION_CONTEXT() REPRESENTATION_CONTEXT('2D SPACE',''
  ) );
#8607 = ORIENTED_EDGE('',*,*,#1157,.T.);
#8608 = ORIENTED_EDGE('',*,*,#8585,.F.);
#8609 = ORIENTED_EDGE('',*,*,#8610,.F.);
#8610 = EDGE_CURVE('',#8586,#8586,#8611,.T.);
#8611 = SURFACE_CURVE('',#8612,(#8617,#8624),.PCURVE_S1.);
#8612 = CIRCLE('',#8613,0.635);
#8613 = AXIS2_PLACEMENT_3D('',#8614,#8615,#8616);
#8614 = CARTESIAN_POINT('',(139.118,-97.836,0.));
#8615 = DIRECTION('',(-0.,-0.,-1.));
#8616 = DIRECTION('',(0.,-1.,0.));
#8617 = PCURVE('',#1178,#8618);
#8618 = DEFINITIONAL_REPRESENTATION('',(#8619),#8623);
#8619 = LINE('',#8620,#8621);
#8620 = CARTESIAN_POINT('',(0.,-4.6E-02));
#8621 = VECTOR('',#8622,1.);
#8622 = DIRECTION('',(1.,0.));
#8623 = ( GEOMETRIC_REPRESENTATION_CONTEXT(2) 
PARAMETRIC_REPRESENTATION_CONTEXT() REPRESENTATION_CONTEXT('2D SPACE',''
  ) );
#8624 = PCURVE('',#6733,#8625);
#8625 = DEFINITIONAL_REPRESENTATION('',(#8626),#8634);
#8626 = ( BOUNDED_CURVE() B_SPLINE_CURVE(2,(#8627,#8628,#8629,#8630,
#8631,#8632,#8633),.UNSPECIFIED.,.T.,.F.) B_SPLINE_CURVE_WITH_KNOTS((1,2
    ,2,2,2,1),(-2.094395102393,0.,2.094395102393,4.188790204786,
6.28318530718,8.377580409573),.UNSPECIFIED.) CURVE() 
GEOMETRIC_REPRESENTATION_ITEM() RATIONAL_B_SPLINE_CURVE((1.,0.5,1.,0.5,
1.,0.5,1.)) REPRESENTATION_ITEM('') );
#8627 = CARTESIAN_POINT('',(139.118,-98.471));
#8628 = CARTESIAN_POINT('',(138.01814773719,-98.471));
#8629 = CARTESIAN_POINT('',(138.56807386859,-97.5185));
#8630 = CARTESIAN_POINT('',(139.118,-96.566));
#8631 = CARTESIAN_POINT('',(139.6679261314,-97.5185));
#8632 = CARTESIAN_POINT('',(140.2178522628,-98.471));
#8633 = CARTESIAN_POINT('',(139.118,-98.471));
#8634 = ( GEOMETRIC_REPRESENTATION_CONTEXT(2) 
PARAMETRIC_REPRESENTATION_CONTEXT() REPRESENTATION_CONTEXT('2D SPACE',''
  ) );
#8635 = ADVANCED_FACE('',(#8636),#1213,.F.);
#8636 = FACE_BOUND('',#8637,.F.);
#8637 = EDGE_LOOP('',(#8638,#8661,#8662,#8663));
#8638 = ORIENTED_EDGE('',*,*,#8639,.T.);
#8639 = EDGE_CURVE('',#8640,#1193,#8642,.T.);
#8640 = VERTEX_POINT('',#8641);
#8641 = CARTESIAN_POINT('',(145.018,-99.5505,0.));
#8642 = SEAM_CURVE('',#8643,(#8647,#8654),.PCURVE_S1.);
#8643 = LINE('',#8644,#8645);
#8644 = CARTESIAN_POINT('',(145.018,-99.5505,-4.6E-02));
#8645 = VECTOR('',#8646,1.);
#8646 = DIRECTION('',(0.,0.,1.));
#8647 = PCURVE('',#1213,#8648);
#8648 = DEFINITIONAL_REPRESENTATION('',(#8649),#8653);
#8649 = LINE('',#8650,#8651);
#8650 = CARTESIAN_POINT('',(0.,0.));
#8651 = VECTOR('',#8652,1.);
#8652 = DIRECTION('',(0.,-1.));
#8653 = ( GEOMETRIC_REPRESENTATION_CONTEXT(2) 
PARAMETRIC_REPRESENTATION_CONTEXT() REPRESENTATION_CONTEXT('2D SPACE',''
  ) );
#8654 = PCURVE('',#1213,#8655);
#8655 = DEFINITIONAL_REPRESENTATION('',(#8656),#8660);
#8656 = LINE('',#8657,#8658);
#8657 = CARTESIAN_POINT('',(6.28318530718,0.));
#8658 = VECTOR('',#8659,1.);
#8659 = DIRECTION('',(0.,-1.));
#8660 = ( GEOMETRIC_REPRESENTATION_CONTEXT(2) 
PARAMETRIC_REPRESENTATION_CONTEXT() REPRESENTATION_CONTEXT('2D SPACE',''
  ) );
#8661 = ORIENTED_EDGE('',*,*,#1192,.T.);
#8662 = ORIENTED_EDGE('',*,*,#8639,.F.);
#8663 = ORIENTED_EDGE('',*,*,#8664,.F.);
#8664 = EDGE_CURVE('',#8640,#8640,#8665,.T.);
#8665 = SURFACE_CURVE('',#8666,(#8671,#8678),.PCURVE_S1.);
#8666 = CIRCLE('',#8667,1.7145);
#8667 = AXIS2_PLACEMENT_3D('',#8668,#8669,#8670);
#8668 = CARTESIAN_POINT('',(145.018,-97.836,0.));
#8669 = DIRECTION('',(-0.,-0.,-1.));
#8670 = DIRECTION('',(0.,-1.,0.));
#8671 = PCURVE('',#1213,#8672);
#8672 = DEFINITIONAL_REPRESENTATION('',(#8673),#8677);
#8673 = LINE('',#8674,#8675);
#8674 = CARTESIAN_POINT('',(0.,-4.6E-02));
#8675 = VECTOR('',#8676,1.);
#8676 = DIRECTION('',(1.,0.));
#8677 = ( GEOMETRIC_REPRESENTATION_CONTEXT(2) 
PARAMETRIC_REPRESENTATION_CONTEXT() REPRESENTATION_CONTEXT('2D SPACE',''
  ) );
#8678 = PCURVE('',#6733,#8679);
#8679 = DEFINITIONAL_REPRESENTATION('',(#8680),#8688);
#8680 = ( BOUNDED_CURVE() B_SPLINE_CURVE(2,(#8681,#8682,#8683,#8684,
#8685,#8686,#8687),.UNSPECIFIED.,.T.,.F.) B_SPLINE_CURVE_WITH_KNOTS((1,2
    ,2,2,2,1),(-2.094395102393,0.,2.094395102393,4.188790204786,
6.28318530718,8.377580409573),.UNSPECIFIED.) CURVE() 
GEOMETRIC_REPRESENTATION_ITEM() RATIONAL_B_SPLINE_CURVE((1.,0.5,1.,0.5,
1.,0.5,1.)) REPRESENTATION_ITEM('') );
#8681 = CARTESIAN_POINT('',(145.018,-99.5505));
#8682 = CARTESIAN_POINT('',(142.04839889042,-99.5505));
#8683 = CARTESIAN_POINT('',(143.53319944521,-96.97875));
#8684 = CARTESIAN_POINT('',(145.018,-94.407));
#8685 = CARTESIAN_POINT('',(146.50280055478,-96.97875));
#8686 = CARTESIAN_POINT('',(147.98760110957,-99.5505));
#8687 = CARTESIAN_POINT('',(145.018,-99.5505));
#8688 = ( GEOMETRIC_REPRESENTATION_CONTEXT(2) 
PARAMETRIC_REPRESENTATION_CONTEXT() REPRESENTATION_CONTEXT('2D SPACE',''
  ) );
#8689 = ADVANCED_FACE('',(#8690),#1248,.F.);
#8690 = FACE_BOUND('',#8691,.F.);
#8691 = EDGE_LOOP('',(#8692,#8715,#8716,#8717));
#8692 = ORIENTED_EDGE('',*,*,#8693,.T.);
#8693 = EDGE_CURVE('',#8694,#1228,#8696,.T.);
#8694 = VERTEX_POINT('',#8695);
#8695 = CARTESIAN_POINT('',(141.218,-93.471,0.));
#8696 = SEAM_CURVE('',#8697,(#8701,#8708),.PCURVE_S1.);
#8697 = LINE('',#8698,#8699);
#8698 = CARTESIAN_POINT('',(141.218,-93.471,-4.6E-02));
#8699 = VECTOR('',#8700,1.);
#8700 = DIRECTION('',(0.,0.,1.));
#8701 = PCURVE('',#1248,#8702);
#8702 = DEFINITIONAL_REPRESENTATION('',(#8703),#8707);
#8703 = LINE('',#8704,#8705);
#8704 = CARTESIAN_POINT('',(0.,0.));
#8705 = VECTOR('',#8706,1.);
#8706 = DIRECTION('',(0.,-1.));
#8707 = ( GEOMETRIC_REPRESENTATION_CONTEXT(2) 
PARAMETRIC_REPRESENTATION_CONTEXT() REPRESENTATION_CONTEXT('2D SPACE',''
  ) );
#8708 = PCURVE('',#1248,#8709);
#8709 = DEFINITIONAL_REPRESENTATION('',(#8710),#8714);
#8710 = LINE('',#8711,#8712);
#8711 = CARTESIAN_POINT('',(6.28318530718,0.));
#8712 = VECTOR('',#8713,1.);
#8713 = DIRECTION('',(0.,-1.));
#8714 = ( GEOMETRIC_REPRESENTATION_CONTEXT(2) 
PARAMETRIC_REPRESENTATION_CONTEXT() REPRESENTATION_CONTEXT('2D SPACE',''
  ) );
#8715 = ORIENTED_EDGE('',*,*,#1227,.T.);
#8716 = ORIENTED_EDGE('',*,*,#8693,.F.);
#8717 = ORIENTED_EDGE('',*,*,#8718,.F.);
#8718 = EDGE_CURVE('',#8694,#8694,#8719,.T.);
#8719 = SURFACE_CURVE('',#8720,(#8725,#8732),.PCURVE_S1.);
#8720 = CIRCLE('',#8721,0.635);
#8721 = AXIS2_PLACEMENT_3D('',#8722,#8723,#8724);
#8722 = CARTESIAN_POINT('',(141.218,-92.836,0.));
#8723 = DIRECTION('',(-0.,0.,-1.));
#8724 = DIRECTION('',(-4.47585975282E-14,-1.,0.));
#8725 = PCURVE('',#1248,#8726);
#8726 = DEFINITIONAL_REPRESENTATION('',(#8727),#8731);
#8727 = LINE('',#8728,#8729);
#8728 = CARTESIAN_POINT('',(0.,-4.6E-02));
#8729 = VECTOR('',#8730,1.);
#8730 = DIRECTION('',(1.,0.));
#8731 = ( GEOMETRIC_REPRESENTATION_CONTEXT(2) 
PARAMETRIC_REPRESENTATION_CONTEXT() REPRESENTATION_CONTEXT('2D SPACE',''
  ) );
#8732 = PCURVE('',#6733,#8733);
#8733 = DEFINITIONAL_REPRESENTATION('',(#8734),#8742);
#8734 = ( BOUNDED_CURVE() B_SPLINE_CURVE(2,(#8735,#8736,#8737,#8738,
#8739,#8740,#8741),.UNSPECIFIED.,.T.,.F.) B_SPLINE_CURVE_WITH_KNOTS((1,2
    ,2,2,2,1),(-2.094395102393,0.,2.094395102393,4.188790204786,
6.28318530718,8.377580409573),.UNSPECIFIED.) CURVE() 
GEOMETRIC_REPRESENTATION_ITEM() RATIONAL_B_SPLINE_CURVE((1.,0.5,1.,0.5,
1.,0.5,1.)) REPRESENTATION_ITEM('') );
#8735 = CARTESIAN_POINT('',(141.218,-93.471));
#8736 = CARTESIAN_POINT('',(140.11814773719,-93.471));
#8737 = CARTESIAN_POINT('',(140.66807386859,-92.5185));
#8738 = CARTESIAN_POINT('',(141.218,-91.566));
#8739 = CARTESIAN_POINT('',(141.7679261314,-92.5185));
#8740 = CARTESIAN_POINT('',(142.3178522628,-93.471));
#8741 = CARTESIAN_POINT('',(141.218,-93.471));
#8742 = ( GEOMETRIC_REPRESENTATION_CONTEXT(2) 
PARAMETRIC_REPRESENTATION_CONTEXT() REPRESENTATION_CONTEXT('2D SPACE',''
  ) );
#8743 = ADVANCED_FACE('',(#8744),#1283,.F.);
#8744 = FACE_BOUND('',#8745,.F.);
#8745 = EDGE_LOOP('',(#8746,#8769,#8770,#8771));
#8746 = ORIENTED_EDGE('',*,*,#8747,.T.);
#8747 = EDGE_CURVE('',#8748,#1263,#8750,.T.);
#8748 = VERTEX_POINT('',#8749);
#8749 = CARTESIAN_POINT('',(145.018,-93.1869,0.));
#8750 = SEAM_CURVE('',#8751,(#8755,#8762),.PCURVE_S1.);
#8751 = LINE('',#8752,#8753);
#8752 = CARTESIAN_POINT('',(145.018,-93.1869,-4.6E-02));
#8753 = VECTOR('',#8754,1.);
#8754 = DIRECTION('',(0.,0.,1.));
#8755 = PCURVE('',#1283,#8756);
#8756 = DEFINITIONAL_REPRESENTATION('',(#8757),#8761);
#8757 = LINE('',#8758,#8759);
#8758 = CARTESIAN_POINT('',(0.,0.));
#8759 = VECTOR('',#8760,1.);
#8760 = DIRECTION('',(0.,-1.));
#8761 = ( GEOMETRIC_REPRESENTATION_CONTEXT(2) 
PARAMETRIC_REPRESENTATION_CONTEXT() REPRESENTATION_CONTEXT('2D SPACE',''
  ) );
#8762 = PCURVE('',#1283,#8763);
#8763 = DEFINITIONAL_REPRESENTATION('',(#8764),#8768);
#8764 = LINE('',#8765,#8766);
#8765 = CARTESIAN_POINT('',(6.28318530718,0.));
#8766 = VECTOR('',#8767,1.);
#8767 = DIRECTION('',(0.,-1.));
#8768 = ( GEOMETRIC_REPRESENTATION_CONTEXT(2) 
PARAMETRIC_REPRESENTATION_CONTEXT() REPRESENTATION_CONTEXT('2D SPACE',''
  ) );
#8769 = ORIENTED_EDGE('',*,*,#1262,.T.);
#8770 = ORIENTED_EDGE('',*,*,#8747,.F.);
#8771 = ORIENTED_EDGE('',*,*,#8772,.F.);
#8772 = EDGE_CURVE('',#8748,#8748,#8773,.T.);
#8773 = SURFACE_CURVE('',#8774,(#8779,#8786),.PCURVE_S1.);
#8774 = CIRCLE('',#8775,0.8509);
#8775 = AXIS2_PLACEMENT_3D('',#8776,#8777,#8778);
#8776 = CARTESIAN_POINT('',(145.018,-92.336,0.));
#8777 = DIRECTION('',(-0.,-0.,-1.));
#8778 = DIRECTION('',(0.,-1.,0.));
#8779 = PCURVE('',#1283,#8780);
#8780 = DEFINITIONAL_REPRESENTATION('',(#8781),#8785);
#8781 = LINE('',#8782,#8783);
#8782 = CARTESIAN_POINT('',(0.,-4.6E-02));
#8783 = VECTOR('',#8784,1.);
#8784 = DIRECTION('',(1.,0.));
#8785 = ( GEOMETRIC_REPRESENTATION_CONTEXT(2) 
PARAMETRIC_REPRESENTATION_CONTEXT() REPRESENTATION_CONTEXT('2D SPACE',''
  ) );
#8786 = PCURVE('',#6733,#8787);
#8787 = DEFINITIONAL_REPRESENTATION('',(#8788),#8796);
#8788 = ( BOUNDED_CURVE() B_SPLINE_CURVE(2,(#8789,#8790,#8791,#8792,
#8793,#8794,#8795),.UNSPECIFIED.,.T.,.F.) B_SPLINE_CURVE_WITH_KNOTS((1,2
    ,2,2,2,1),(-2.094395102393,0.,2.094395102393,4.188790204786,
6.28318530718,8.377580409573),.UNSPECIFIED.) CURVE() 
GEOMETRIC_REPRESENTATION_ITEM() RATIONAL_B_SPLINE_CURVE((1.,0.5,1.,0.5,
1.,0.5,1.)) REPRESENTATION_ITEM('') );
#8789 = CARTESIAN_POINT('',(145.018,-93.1869));
#8790 = CARTESIAN_POINT('',(143.54419796784,-93.1869));
#8791 = CARTESIAN_POINT('',(144.28109898392,-91.91055));
#8792 = CARTESIAN_POINT('',(145.018,-90.6342));
#8793 = CARTESIAN_POINT('',(145.75490101608,-91.91055));
#8794 = CARTESIAN_POINT('',(146.49180203216,-93.1869));
#8795 = CARTESIAN_POINT('',(145.018,-93.1869));
#8796 = ( GEOMETRIC_REPRESENTATION_CONTEXT(2) 
PARAMETRIC_REPRESENTATION_CONTEXT() REPRESENTATION_CONTEXT('2D SPACE',''
  ) );
#8797 = ADVANCED_FACE('',(#8798),#1318,.F.);
#8798 = FACE_BOUND('',#8799,.F.);
#8799 = EDGE_LOOP('',(#8800,#8823,#8824,#8825));
#8800 = ORIENTED_EDGE('',*,*,#8801,.T.);
#8801 = EDGE_CURVE('',#8802,#1298,#8804,.T.);
#8802 = VERTEX_POINT('',#8803);
#8803 = CARTESIAN_POINT('',(159.761304,-100.070443,0.));
#8804 = SEAM_CURVE('',#8805,(#8809,#8816),.PCURVE_S1.);
#8805 = LINE('',#8806,#8807);
#8806 = CARTESIAN_POINT('',(159.761304,-100.070443,-4.6E-02));
#8807 = VECTOR('',#8808,1.);
#8808 = DIRECTION('',(0.,0.,1.));
#8809 = PCURVE('',#1318,#8810);
#8810 = DEFINITIONAL_REPRESENTATION('',(#8811),#8815);
#8811 = LINE('',#8812,#8813);
#8812 = CARTESIAN_POINT('',(0.,0.));
#8813 = VECTOR('',#8814,1.);
#8814 = DIRECTION('',(0.,-1.));
#8815 = ( GEOMETRIC_REPRESENTATION_CONTEXT(2) 
PARAMETRIC_REPRESENTATION_CONTEXT() REPRESENTATION_CONTEXT('2D SPACE',''
  ) );
#8816 = PCURVE('',#1318,#8817);
#8817 = DEFINITIONAL_REPRESENTATION('',(#8818),#8822);
#8818 = LINE('',#8819,#8820);
#8819 = CARTESIAN_POINT('',(6.28318530718,0.));
#8820 = VECTOR('',#8821,1.);
#8821 = DIRECTION('',(0.,-1.));
#8822 = ( GEOMETRIC_REPRESENTATION_CONTEXT(2) 
PARAMETRIC_REPRESENTATION_CONTEXT() REPRESENTATION_CONTEXT('2D SPACE',''
  ) );
#8823 = ORIENTED_EDGE('',*,*,#1297,.T.);
#8824 = ORIENTED_EDGE('',*,*,#8801,.F.);
#8825 = ORIENTED_EDGE('',*,*,#8826,.F.);
#8826 = EDGE_CURVE('',#8802,#8802,#8827,.T.);
#8827 = SURFACE_CURVE('',#8828,(#8833,#8840),.PCURVE_S1.);
#8828 = CIRCLE('',#8829,0.4953);
#8829 = AXIS2_PLACEMENT_3D('',#8830,#8831,#8832);
#8830 = CARTESIAN_POINT('',(159.761304,-99.575143,0.));
#8831 = DIRECTION('',(-0.,-0.,-1.));
#8832 = DIRECTION('',(0.,-1.,0.));
#8833 = PCURVE('',#1318,#8834);
#8834 = DEFINITIONAL_REPRESENTATION('',(#8835),#8839);
#8835 = LINE('',#8836,#8837);
#8836 = CARTESIAN_POINT('',(0.,-4.6E-02));
#8837 = VECTOR('',#8838,1.);
#8838 = DIRECTION('',(1.,0.));
#8839 = ( GEOMETRIC_REPRESENTATION_CONTEXT(2) 
PARAMETRIC_REPRESENTATION_CONTEXT() REPRESENTATION_CONTEXT('2D SPACE',''
  ) );
#8840 = PCURVE('',#6733,#8841);
#8841 = DEFINITIONAL_REPRESENTATION('',(#8842),#8850);
#8842 = ( BOUNDED_CURVE() B_SPLINE_CURVE(2,(#8843,#8844,#8845,#8846,
#8847,#8848,#8849),.UNSPECIFIED.,.T.,.F.) B_SPLINE_CURVE_WITH_KNOTS((1,2
    ,2,2,2,1),(-2.094395102393,0.,2.094395102393,4.188790204786,
6.28318530718,8.377580409573),.UNSPECIFIED.) CURVE() 
GEOMETRIC_REPRESENTATION_ITEM() RATIONAL_B_SPLINE_CURVE((1.,0.5,1.,0.5,
1.,0.5,1.)) REPRESENTATION_ITEM('') );
#8843 = CARTESIAN_POINT('',(159.761304,-100.070443));
#8844 = CARTESIAN_POINT('',(158.90341923501,-100.070443));
#8845 = CARTESIAN_POINT('',(159.3323616175,-99.327493));
#8846 = CARTESIAN_POINT('',(159.761304,-98.584543));
#8847 = CARTESIAN_POINT('',(160.19024638249,-99.327493));
#8848 = CARTESIAN_POINT('',(160.61918876498,-100.070443));
#8849 = CARTESIAN_POINT('',(159.761304,-100.070443));
#8850 = ( GEOMETRIC_REPRESENTATION_CONTEXT(2) 
PARAMETRIC_REPRESENTATION_CONTEXT() REPRESENTATION_CONTEXT('2D SPACE',''
  ) );
#8851 = ADVANCED_FACE('',(#8852),#1353,.F.);
#8852 = FACE_BOUND('',#8853,.F.);
#8853 = EDGE_LOOP('',(#8854,#8877,#8878,#8879));
#8854 = ORIENTED_EDGE('',*,*,#8855,.T.);
#8855 = EDGE_CURVE('',#8856,#1333,#8858,.T.);
#8856 = VERTEX_POINT('',#8857);
#8857 = CARTESIAN_POINT('',(169.48295,-106.594348,0.));
#8858 = SEAM_CURVE('',#8859,(#8863,#8870),.PCURVE_S1.);
#8859 = LINE('',#8860,#8861);
#8860 = CARTESIAN_POINT('',(169.48295,-106.594348,-4.6E-02));
#8861 = VECTOR('',#8862,1.);
#8862 = DIRECTION('',(0.,0.,1.));
#8863 = PCURVE('',#1353,#8864);
#8864 = DEFINITIONAL_REPRESENTATION('',(#8865),#8869);
#8865 = LINE('',#8866,#8867);
#8866 = CARTESIAN_POINT('',(0.,0.));
#8867 = VECTOR('',#8868,1.);
#8868 = DIRECTION('',(0.,-1.));
#8869 = ( GEOMETRIC_REPRESENTATION_CONTEXT(2) 
PARAMETRIC_REPRESENTATION_CONTEXT() REPRESENTATION_CONTEXT('2D SPACE',''
  ) );
#8870 = PCURVE('',#1353,#8871);
#8871 = DEFINITIONAL_REPRESENTATION('',(#8872),#8876);
#8872 = LINE('',#8873,#8874);
#8873 = CARTESIAN_POINT('',(6.28318530718,0.));
#8874 = VECTOR('',#8875,1.);
#8875 = DIRECTION('',(0.,-1.));
#8876 = ( GEOMETRIC_REPRESENTATION_CONTEXT(2) 
PARAMETRIC_REPRESENTATION_CONTEXT() REPRESENTATION_CONTEXT('2D SPACE',''
  ) );
#8877 = ORIENTED_EDGE('',*,*,#1332,.T.);
#8878 = ORIENTED_EDGE('',*,*,#8855,.F.);
#8879 = ORIENTED_EDGE('',*,*,#8880,.F.);
#8880 = EDGE_CURVE('',#8856,#8856,#8881,.T.);
#8881 = SURFACE_CURVE('',#8882,(#8887,#8894),.PCURVE_S1.);
#8882 = CIRCLE('',#8883,0.8509);
#8883 = AXIS2_PLACEMENT_3D('',#8884,#8885,#8886);
#8884 = CARTESIAN_POINT('',(169.48295,-105.743448,0.));
#8885 = DIRECTION('',(-0.,0.,-1.));
#8886 = DIRECTION('',(-3.340193845388E-14,-1.,0.));
#8887 = PCURVE('',#1353,#8888);
#8888 = DEFINITIONAL_REPRESENTATION('',(#8889),#8893);
#8889 = LINE('',#8890,#8891);
#8890 = CARTESIAN_POINT('',(0.,-4.6E-02));
#8891 = VECTOR('',#8892,1.);
#8892 = DIRECTION('',(1.,0.));
#8893 = ( GEOMETRIC_REPRESENTATION_CONTEXT(2) 
PARAMETRIC_REPRESENTATION_CONTEXT() REPRESENTATION_CONTEXT('2D SPACE',''
  ) );
#8894 = PCURVE('',#6733,#8895);
#8895 = DEFINITIONAL_REPRESENTATION('',(#8896),#8904);
#8896 = ( BOUNDED_CURVE() B_SPLINE_CURVE(2,(#8897,#8898,#8899,#8900,
#8901,#8902,#8903),.UNSPECIFIED.,.T.,.F.) B_SPLINE_CURVE_WITH_KNOTS((1,2
    ,2,2,2,1),(-2.094395102393,0.,2.094395102393,4.188790204786,
6.28318530718,8.377580409573),.UNSPECIFIED.) CURVE() 
GEOMETRIC_REPRESENTATION_ITEM() RATIONAL_B_SPLINE_CURVE((1.,0.5,1.,0.5,
1.,0.5,1.)) REPRESENTATION_ITEM('') );
#8897 = CARTESIAN_POINT('',(169.48295,-106.594348));
#8898 = CARTESIAN_POINT('',(168.00914796784,-106.594348));
#8899 = CARTESIAN_POINT('',(168.74604898392,-105.317998));
#8900 = CARTESIAN_POINT('',(169.48295,-104.041648));
#8901 = CARTESIAN_POINT('',(170.21985101608,-105.317998));
#8902 = CARTESIAN_POINT('',(170.95675203216,-106.594348));
#8903 = CARTESIAN_POINT('',(169.48295,-106.594348));
#8904 = ( GEOMETRIC_REPRESENTATION_CONTEXT(2) 
PARAMETRIC_REPRESENTATION_CONTEXT() REPRESENTATION_CONTEXT('2D SPACE',''
  ) );
#8905 = ADVANCED_FACE('',(#8906),#1388,.F.);
#8906 = FACE_BOUND('',#8907,.F.);
#8907 = EDGE_LOOP('',(#8908,#8931,#8932,#8933));
#8908 = ORIENTED_EDGE('',*,*,#8909,.T.);
#8909 = EDGE_CURVE('',#8910,#1368,#8912,.T.);
#8910 = VERTEX_POINT('',#8911);
#8911 = CARTESIAN_POINT('',(170.009492,-102.062489,0.));
#8912 = SEAM_CURVE('',#8913,(#8917,#8924),.PCURVE_S1.);
#8913 = LINE('',#8914,#8915);
#8914 = CARTESIAN_POINT('',(170.009492,-102.062489,-4.6E-02));
#8915 = VECTOR('',#8916,1.);
#8916 = DIRECTION('',(0.,0.,1.));
#8917 = PCURVE('',#1388,#8918);
#8918 = DEFINITIONAL_REPRESENTATION('',(#8919),#8923);
#8919 = LINE('',#8920,#8921);
#8920 = CARTESIAN_POINT('',(0.,0.));
#8921 = VECTOR('',#8922,1.);
#8922 = DIRECTION('',(0.,-1.));
#8923 = ( GEOMETRIC_REPRESENTATION_CONTEXT(2) 
PARAMETRIC_REPRESENTATION_CONTEXT() REPRESENTATION_CONTEXT('2D SPACE',''
  ) );
#8924 = PCURVE('',#1388,#8925);
#8925 = DEFINITIONAL_REPRESENTATION('',(#8926),#8930);
#8926 = LINE('',#8927,#8928);
#8927 = CARTESIAN_POINT('',(6.28318530718,0.));
#8928 = VECTOR('',#8929,1.);
#8929 = DIRECTION('',(0.,-1.));
#8930 = ( GEOMETRIC_REPRESENTATION_CONTEXT(2) 
PARAMETRIC_REPRESENTATION_CONTEXT() REPRESENTATION_CONTEXT('2D SPACE',''
  ) );
#8931 = ORIENTED_EDGE('',*,*,#1367,.T.);
#8932 = ORIENTED_EDGE('',*,*,#8909,.F.);
#8933 = ORIENTED_EDGE('',*,*,#8934,.F.);
#8934 = EDGE_CURVE('',#8910,#8910,#8935,.T.);
#8935 = SURFACE_CURVE('',#8936,(#8941,#8948),.PCURVE_S1.);
#8936 = CIRCLE('',#8937,0.4953);
#8937 = AXIS2_PLACEMENT_3D('',#8938,#8939,#8940);
#8938 = CARTESIAN_POINT('',(170.009492,-101.567189,0.));
#8939 = DIRECTION('',(-0.,0.,-1.));
#8940 = DIRECTION('',(-5.738281734385E-14,-1.,0.));
#8941 = PCURVE('',#1388,#8942);
#8942 = DEFINITIONAL_REPRESENTATION('',(#8943),#8947);
#8943 = LINE('',#8944,#8945);
#8944 = CARTESIAN_POINT('',(0.,-4.6E-02));
#8945 = VECTOR('',#8946,1.);
#8946 = DIRECTION('',(1.,0.));
#8947 = ( GEOMETRIC_REPRESENTATION_CONTEXT(2) 
PARAMETRIC_REPRESENTATION_CONTEXT() REPRESENTATION_CONTEXT('2D SPACE',''
  ) );
#8948 = PCURVE('',#6733,#8949);
#8949 = DEFINITIONAL_REPRESENTATION('',(#8950),#8958);
#8950 = ( BOUNDED_CURVE() B_SPLINE_CURVE(2,(#8951,#8952,#8953,#8954,
#8955,#8956,#8957),.UNSPECIFIED.,.T.,.F.) B_SPLINE_CURVE_WITH_KNOTS((1,2
    ,2,2,2,1),(-2.094395102393,0.,2.094395102393,4.188790204786,
6.28318530718,8.377580409573),.UNSPECIFIED.) CURVE() 
GEOMETRIC_REPRESENTATION_ITEM() RATIONAL_B_SPLINE_CURVE((1.,0.5,1.,0.5,
1.,0.5,1.)) REPRESENTATION_ITEM('') );
#8951 = CARTESIAN_POINT('',(170.009492,-102.062489));
#8952 = CARTESIAN_POINT('',(169.15160723501,-102.062489));
#8953 = CARTESIAN_POINT('',(169.5805496175,-101.319539));
#8954 = CARTESIAN_POINT('',(170.009492,-100.576589));
#8955 = CARTESIAN_POINT('',(170.43843438249,-101.319539));
#8956 = CARTESIAN_POINT('',(170.86737676498,-102.062489));
#8957 = CARTESIAN_POINT('',(170.009492,-102.062489));
#8958 = ( GEOMETRIC_REPRESENTATION_CONTEXT(2) 
PARAMETRIC_REPRESENTATION_CONTEXT() REPRESENTATION_CONTEXT('2D SPACE',''
  ) );
#8959 = ADVANCED_FACE('',(#8960),#1425,.F.);
#8960 = FACE_BOUND('',#8961,.F.);
#8961 = EDGE_LOOP('',(#8962,#8985,#8986,#9009));
#8962 = ORIENTED_EDGE('',*,*,#8963,.T.);
#8963 = EDGE_CURVE('',#8964,#1403,#8966,.T.);
#8964 = VERTEX_POINT('',#8965);
#8965 = CARTESIAN_POINT('',(149.168,-82.368,0.));
#8966 = SURFACE_CURVE('',#8967,(#8971,#8978),.PCURVE_S1.);
#8967 = LINE('',#8968,#8969);
#8968 = CARTESIAN_POINT('',(149.168,-82.368,-4.6E-02));
#8969 = VECTOR('',#8970,1.);
#8970 = DIRECTION('',(0.,0.,1.));
#8971 = PCURVE('',#1425,#8972);
#8972 = DEFINITIONAL_REPRESENTATION('',(#8973),#8977);
#8973 = LINE('',#8974,#8975);
#8974 = CARTESIAN_POINT('',(3.14159265359,0.));
#8975 = VECTOR('',#8976,1.);
#8976 = DIRECTION('',(0.,-1.));
#8977 = ( GEOMETRIC_REPRESENTATION_CONTEXT(2) 
PARAMETRIC_REPRESENTATION_CONTEXT() REPRESENTATION_CONTEXT('2D SPACE',''
  ) );
#8978 = PCURVE('',#1512,#8979);
#8979 = DEFINITIONAL_REPRESENTATION('',(#8980),#8984);
#8980 = LINE('',#8981,#8982);
#8981 = CARTESIAN_POINT('',(0.,-0.));
#8982 = VECTOR('',#8983,1.);
#8983 = DIRECTION('',(0.,-1.));
#8984 = ( GEOMETRIC_REPRESENTATION_CONTEXT(2) 
PARAMETRIC_REPRESENTATION_CONTEXT() REPRESENTATION_CONTEXT('2D SPACE',''
  ) );
#8985 = ORIENTED_EDGE('',*,*,#1402,.T.);
#8986 = ORIENTED_EDGE('',*,*,#8987,.F.);
#8987 = EDGE_CURVE('',#8988,#1405,#8990,.T.);
#8988 = VERTEX_POINT('',#8989);
#8989 = CARTESIAN_POINT('',(149.168,-83.268,0.));
#8990 = SURFACE_CURVE('',#8991,(#8995,#9002),.PCURVE_S1.);
#8991 = LINE('',#8992,#8993);
#8992 = CARTESIAN_POINT('',(149.168,-83.268,-4.6E-02));
#8993 = VECTOR('',#8994,1.);
#8994 = DIRECTION('',(0.,0.,1.));
#8995 = PCURVE('',#1425,#8996);
#8996 = DEFINITIONAL_REPRESENTATION('',(#8997),#9001);
#8997 = LINE('',#8998,#8999);
#8998 = CARTESIAN_POINT('',(6.28318530718,0.));
#8999 = VECTOR('',#9000,1.);
#9000 = DIRECTION('',(0.,-1.));
#9001 = ( GEOMETRIC_REPRESENTATION_CONTEXT(2) 
PARAMETRIC_REPRESENTATION_CONTEXT() REPRESENTATION_CONTEXT('2D SPACE',''
  ) );
#9002 = PCURVE('',#1453,#9003);
#9003 = DEFINITIONAL_REPRESENTATION('',(#9004),#9008);
#9004 = LINE('',#9005,#9006);
#9005 = CARTESIAN_POINT('',(0.4,0.));
#9006 = VECTOR('',#9007,1.);
#9007 = DIRECTION('',(0.,-1.));
#9008 = ( GEOMETRIC_REPRESENTATION_CONTEXT(2) 
PARAMETRIC_REPRESENTATION_CONTEXT() REPRESENTATION_CONTEXT('2D SPACE',''
  ) );
#9009 = ORIENTED_EDGE('',*,*,#9010,.F.);
#9010 = EDGE_CURVE('',#8964,#8988,#9011,.T.);
#9011 = SURFACE_CURVE('',#9012,(#9017,#9024),.PCURVE_S1.);
#9012 = CIRCLE('',#9013,0.45);
#9013 = AXIS2_PLACEMENT_3D('',#9014,#9015,#9016);
#9014 = CARTESIAN_POINT('',(149.168,-82.818,0.));
#9015 = DIRECTION('',(0.,-0.,-1.));
#9016 = DIRECTION('',(6.315935428979E-14,-1.,0.));
#9017 = PCURVE('',#1425,#9018);
#9018 = DEFINITIONAL_REPRESENTATION('',(#9019),#9023);
#9019 = LINE('',#9020,#9021);
#9020 = CARTESIAN_POINT('',(0.,-4.6E-02));
#9021 = VECTOR('',#9022,1.);
#9022 = DIRECTION('',(1.,0.));
#9023 = ( GEOMETRIC_REPRESENTATION_CONTEXT(2) 
PARAMETRIC_REPRESENTATION_CONTEXT() REPRESENTATION_CONTEXT('2D SPACE',''
  ) );
#9024 = PCURVE('',#6733,#9025);
#9025 = DEFINITIONAL_REPRESENTATION('',(#9026),#9034);
#9026 = ( BOUNDED_CURVE() B_SPLINE_CURVE(2,(#9027,#9028,#9029,#9030,
#9031,#9032,#9033),.UNSPECIFIED.,.T.,.F.) B_SPLINE_CURVE_WITH_KNOTS((1,2
    ,2,2,2,1),(-2.094395102393,0.,2.094395102393,4.188790204786,
6.28318530718,8.377580409573),.UNSPECIFIED.) CURVE() 
GEOMETRIC_REPRESENTATION_ITEM() RATIONAL_B_SPLINE_CURVE((1.,0.5,1.,0.5,
1.,0.5,1.)) REPRESENTATION_ITEM('') );
#9027 = CARTESIAN_POINT('',(149.168,-83.268));
#9028 = CARTESIAN_POINT('',(148.38857713659,-83.268));
#9029 = CARTESIAN_POINT('',(148.77828856829,-82.593));
#9030 = CARTESIAN_POINT('',(149.168,-81.918));
#9031 = CARTESIAN_POINT('',(149.5577114317,-82.593));
#9032 = CARTESIAN_POINT('',(149.9474228634,-83.268));
#9033 = CARTESIAN_POINT('',(149.168,-83.268));
#9034 = ( GEOMETRIC_REPRESENTATION_CONTEXT(2) 
PARAMETRIC_REPRESENTATION_CONTEXT() REPRESENTATION_CONTEXT('2D SPACE',''
  ) );
#9035 = ADVANCED_FACE('',(#9036),#1512,.T.);
#9036 = FACE_BOUND('',#9037,.T.);
#9037 = EDGE_LOOP('',(#9038,#9061,#9062,#9063));
#9038 = ORIENTED_EDGE('',*,*,#9039,.T.);
#9039 = EDGE_CURVE('',#9040,#8964,#9042,.T.);
#9040 = VERTEX_POINT('',#9041);
#9041 = CARTESIAN_POINT('',(148.768,-82.368,0.));
#9042 = SURFACE_CURVE('',#9043,(#9047,#9054),.PCURVE_S1.);
#9043 = LINE('',#9044,#9045);
#9044 = CARTESIAN_POINT('',(74.584,-82.368,0.));
#9045 = VECTOR('',#9046,1.);
#9046 = DIRECTION('',(1.,0.,0.));
#9047 = PCURVE('',#1512,#9048);
#9048 = DEFINITIONAL_REPRESENTATION('',(#9049),#9053);
#9049 = LINE('',#9050,#9051);
#9050 = CARTESIAN_POINT('',(74.584,-4.6E-02));
#9051 = VECTOR('',#9052,1.);
#9052 = DIRECTION('',(-1.,0.));
#9053 = ( GEOMETRIC_REPRESENTATION_CONTEXT(2) 
PARAMETRIC_REPRESENTATION_CONTEXT() REPRESENTATION_CONTEXT('2D SPACE',''
  ) );
#9054 = PCURVE('',#6733,#9055);
#9055 = DEFINITIONAL_REPRESENTATION('',(#9056),#9060);
#9056 = LINE('',#9057,#9058);
#9057 = CARTESIAN_POINT('',(74.584,-82.368));
#9058 = VECTOR('',#9059,1.);
#9059 = DIRECTION('',(1.,0.));
#9060 = ( GEOMETRIC_REPRESENTATION_CONTEXT(2) 
PARAMETRIC_REPRESENTATION_CONTEXT() REPRESENTATION_CONTEXT('2D SPACE',''
  ) );
#9061 = ORIENTED_EDGE('',*,*,#8963,.T.);
#9062 = ORIENTED_EDGE('',*,*,#1498,.F.);
#9063 = ORIENTED_EDGE('',*,*,#9064,.F.);
#9064 = EDGE_CURVE('',#9040,#1466,#9065,.T.);
#9065 = SURFACE_CURVE('',#9066,(#9070,#9077),.PCURVE_S1.);
#9066 = LINE('',#9067,#9068);
#9067 = CARTESIAN_POINT('',(148.768,-82.368,-4.6E-02));
#9068 = VECTOR('',#9069,1.);
#9069 = DIRECTION('',(0.,0.,1.));
#9070 = PCURVE('',#1512,#9071);
#9071 = DEFINITIONAL_REPRESENTATION('',(#9072),#9076);
#9072 = LINE('',#9073,#9074);
#9073 = CARTESIAN_POINT('',(0.4,0.));
#9074 = VECTOR('',#9075,1.);
#9075 = DIRECTION('',(0.,-1.));
#9076 = ( GEOMETRIC_REPRESENTATION_CONTEXT(2) 
PARAMETRIC_REPRESENTATION_CONTEXT() REPRESENTATION_CONTEXT('2D SPACE',''
  ) );
#9077 = PCURVE('',#1486,#9078);
#9078 = DEFINITIONAL_REPRESENTATION('',(#9079),#9083);
#9079 = LINE('',#9080,#9081);
#9080 = CARTESIAN_POINT('',(6.28318530718,0.));
#9081 = VECTOR('',#9082,1.);
#9082 = DIRECTION('',(0.,-1.));
#9083 = ( GEOMETRIC_REPRESENTATION_CONTEXT(2) 
PARAMETRIC_REPRESENTATION_CONTEXT() REPRESENTATION_CONTEXT('2D SPACE',''
  ) );
#9084 = ADVANCED_FACE('',(#9085),#1453,.T.);
#9085 = FACE_BOUND('',#9086,.T.);
#9086 = EDGE_LOOP('',(#9087,#9110,#9131,#9132));
#9087 = ORIENTED_EDGE('',*,*,#9088,.T.);
#9088 = EDGE_CURVE('',#8988,#9089,#9091,.T.);
#9089 = VERTEX_POINT('',#9090);
#9090 = CARTESIAN_POINT('',(148.768,-83.268,0.));
#9091 = SURFACE_CURVE('',#9092,(#9096,#9103),.PCURVE_S1.);
#9092 = LINE('',#9093,#9094);
#9093 = CARTESIAN_POINT('',(74.384,-83.268,0.));
#9094 = VECTOR('',#9095,1.);
#9095 = DIRECTION('',(-1.,0.,0.));
#9096 = PCURVE('',#1453,#9097);
#9097 = DEFINITIONAL_REPRESENTATION('',(#9098),#9102);
#9098 = LINE('',#9099,#9100);
#9099 = CARTESIAN_POINT('',(-74.384,-4.6E-02));
#9100 = VECTOR('',#9101,1.);
#9101 = DIRECTION('',(-1.,0.));
#9102 = ( GEOMETRIC_REPRESENTATION_CONTEXT(2) 
PARAMETRIC_REPRESENTATION_CONTEXT() REPRESENTATION_CONTEXT('2D SPACE',''
  ) );
#9103 = PCURVE('',#6733,#9104);
#9104 = DEFINITIONAL_REPRESENTATION('',(#9105),#9109);
#9105 = LINE('',#9106,#9107);
#9106 = CARTESIAN_POINT('',(74.384,-83.268));
#9107 = VECTOR('',#9108,1.);
#9108 = DIRECTION('',(-1.,0.));
#9109 = ( GEOMETRIC_REPRESENTATION_CONTEXT(2) 
PARAMETRIC_REPRESENTATION_CONTEXT() REPRESENTATION_CONTEXT('2D SPACE',''
  ) );
#9110 = ORIENTED_EDGE('',*,*,#9111,.T.);
#9111 = EDGE_CURVE('',#9089,#1438,#9112,.T.);
#9112 = SURFACE_CURVE('',#9113,(#9117,#9124),.PCURVE_S1.);
#9113 = LINE('',#9114,#9115);
#9114 = CARTESIAN_POINT('',(148.768,-83.268,-4.6E-02));
#9115 = VECTOR('',#9116,1.);
#9116 = DIRECTION('',(0.,0.,1.));
#9117 = PCURVE('',#1453,#9118);
#9118 = DEFINITIONAL_REPRESENTATION('',(#9119),#9123);
#9119 = LINE('',#9120,#9121);
#9120 = CARTESIAN_POINT('',(0.,0.));
#9121 = VECTOR('',#9122,1.);
#9122 = DIRECTION('',(0.,-1.));
#9123 = ( GEOMETRIC_REPRESENTATION_CONTEXT(2) 
PARAMETRIC_REPRESENTATION_CONTEXT() REPRESENTATION_CONTEXT('2D SPACE',''
  ) );
#9124 = PCURVE('',#1486,#9125);
#9125 = DEFINITIONAL_REPRESENTATION('',(#9126),#9130);
#9126 = LINE('',#9127,#9128);
#9127 = CARTESIAN_POINT('',(3.14159265359,0.));
#9128 = VECTOR('',#9129,1.);
#9129 = DIRECTION('',(0.,-1.));
#9130 = ( GEOMETRIC_REPRESENTATION_CONTEXT(2) 
PARAMETRIC_REPRESENTATION_CONTEXT() REPRESENTATION_CONTEXT('2D SPACE',''
  ) );
#9131 = ORIENTED_EDGE('',*,*,#1437,.F.);
#9132 = ORIENTED_EDGE('',*,*,#8987,.F.);
#9133 = ADVANCED_FACE('',(#9134),#1486,.F.);
#9134 = FACE_BOUND('',#9135,.F.);
#9135 = EDGE_LOOP('',(#9136,#9137,#9138,#9139));
#9136 = ORIENTED_EDGE('',*,*,#9111,.T.);
#9137 = ORIENTED_EDGE('',*,*,#1465,.T.);
#9138 = ORIENTED_EDGE('',*,*,#9064,.F.);
#9139 = ORIENTED_EDGE('',*,*,#9140,.F.);
#9140 = EDGE_CURVE('',#9089,#9040,#9141,.T.);
#9141 = SURFACE_CURVE('',#9142,(#9147,#9154),.PCURVE_S1.);
#9142 = CIRCLE('',#9143,0.45);
#9143 = AXIS2_PLACEMENT_3D('',#9144,#9145,#9146);
#9144 = CARTESIAN_POINT('',(148.768,-82.818,0.));
#9145 = DIRECTION('',(0.,0.,-1.));
#9146 = DIRECTION('',(-6.315935428979E-14,1.,0.));
#9147 = PCURVE('',#1486,#9148);
#9148 = DEFINITIONAL_REPRESENTATION('',(#9149),#9153);
#9149 = LINE('',#9150,#9151);
#9150 = CARTESIAN_POINT('',(0.,-4.6E-02));
#9151 = VECTOR('',#9152,1.);
#9152 = DIRECTION('',(1.,0.));
#9153 = ( GEOMETRIC_REPRESENTATION_CONTEXT(2) 
PARAMETRIC_REPRESENTATION_CONTEXT() REPRESENTATION_CONTEXT('2D SPACE',''
  ) );
#9154 = PCURVE('',#6733,#9155);
#9155 = DEFINITIONAL_REPRESENTATION('',(#9156),#9164);
#9156 = ( BOUNDED_CURVE() B_SPLINE_CURVE(2,(#9157,#9158,#9159,#9160,
#9161,#9162,#9163),.UNSPECIFIED.,.T.,.F.) B_SPLINE_CURVE_WITH_KNOTS((1,2
    ,2,2,2,1),(-2.094395102393,0.,2.094395102393,4.188790204786,
6.28318530718,8.377580409573),.UNSPECIFIED.) CURVE() 
GEOMETRIC_REPRESENTATION_ITEM() RATIONAL_B_SPLINE_CURVE((1.,0.5,1.,0.5,
1.,0.5,1.)) REPRESENTATION_ITEM('') );
#9157 = CARTESIAN_POINT('',(148.768,-82.368));
#9158 = CARTESIAN_POINT('',(149.5474228634,-82.368));
#9159 = CARTESIAN_POINT('',(149.1577114317,-83.043));
#9160 = CARTESIAN_POINT('',(148.768,-83.718));
#9161 = CARTESIAN_POINT('',(148.37828856829,-83.043));
#9162 = CARTESIAN_POINT('',(147.98857713659,-82.368));
#9163 = CARTESIAN_POINT('',(148.768,-82.368));
#9164 = ( GEOMETRIC_REPRESENTATION_CONTEXT(2) 
PARAMETRIC_REPRESENTATION_CONTEXT() REPRESENTATION_CONTEXT('2D SPACE',''
  ) );
#9165 = ADVANCED_FACE('',(#9166),#1547,.F.);
#9166 = FACE_BOUND('',#9167,.F.);
#9167 = EDGE_LOOP('',(#9168,#9191,#9192,#9193));
#9168 = ORIENTED_EDGE('',*,*,#9169,.T.);
#9169 = EDGE_CURVE('',#9170,#1527,#9172,.T.);
#9170 = VERTEX_POINT('',#9171);
#9171 = CARTESIAN_POINT('',(163.478,-84.767,0.));
#9172 = SEAM_CURVE('',#9173,(#9177,#9184),.PCURVE_S1.);
#9173 = LINE('',#9174,#9175);
#9174 = CARTESIAN_POINT('',(163.478,-84.767,-4.6E-02));
#9175 = VECTOR('',#9176,1.);
#9176 = DIRECTION('',(0.,0.,1.));
#9177 = PCURVE('',#1547,#9178);
#9178 = DEFINITIONAL_REPRESENTATION('',(#9179),#9183);
#9179 = LINE('',#9180,#9181);
#9180 = CARTESIAN_POINT('',(0.,0.));
#9181 = VECTOR('',#9182,1.);
#9182 = DIRECTION('',(0.,-1.));
#9183 = ( GEOMETRIC_REPRESENTATION_CONTEXT(2) 
PARAMETRIC_REPRESENTATION_CONTEXT() REPRESENTATION_CONTEXT('2D SPACE',''
  ) );
#9184 = PCURVE('',#1547,#9185);
#9185 = DEFINITIONAL_REPRESENTATION('',(#9186),#9190);
#9186 = LINE('',#9187,#9188);
#9187 = CARTESIAN_POINT('',(6.28318530718,0.));
#9188 = VECTOR('',#9189,1.);
#9189 = DIRECTION('',(0.,-1.));
#9190 = ( GEOMETRIC_REPRESENTATION_CONTEXT(2) 
PARAMETRIC_REPRESENTATION_CONTEXT() REPRESENTATION_CONTEXT('2D SPACE',''
  ) );
#9191 = ORIENTED_EDGE('',*,*,#1526,.T.);
#9192 = ORIENTED_EDGE('',*,*,#9169,.F.);
#9193 = ORIENTED_EDGE('',*,*,#9194,.F.);
#9194 = EDGE_CURVE('',#9170,#9170,#9195,.T.);
#9195 = SURFACE_CURVE('',#9196,(#9201,#9208),.PCURVE_S1.);
#9196 = CIRCLE('',#9197,0.635);
#9197 = AXIS2_PLACEMENT_3D('',#9198,#9199,#9200);
#9198 = CARTESIAN_POINT('',(163.478,-84.132,0.));
#9199 = DIRECTION('',(-0.,-0.,-1.));
#9200 = DIRECTION('',(0.,-1.,0.));
#9201 = PCURVE('',#1547,#9202);
#9202 = DEFINITIONAL_REPRESENTATION('',(#9203),#9207);
#9203 = LINE('',#9204,#9205);
#9204 = CARTESIAN_POINT('',(0.,-4.6E-02));
#9205 = VECTOR('',#9206,1.);
#9206 = DIRECTION('',(1.,0.));
#9207 = ( GEOMETRIC_REPRESENTATION_CONTEXT(2) 
PARAMETRIC_REPRESENTATION_CONTEXT() REPRESENTATION_CONTEXT('2D SPACE',''
  ) );
#9208 = PCURVE('',#6733,#9209);
#9209 = DEFINITIONAL_REPRESENTATION('',(#9210),#9218);
#9210 = ( BOUNDED_CURVE() B_SPLINE_CURVE(2,(#9211,#9212,#9213,#9214,
#9215,#9216,#9217),.UNSPECIFIED.,.T.,.F.) B_SPLINE_CURVE_WITH_KNOTS((1,2
    ,2,2,2,1),(-2.094395102393,0.,2.094395102393,4.188790204786,
6.28318530718,8.377580409573),.UNSPECIFIED.) CURVE() 
GEOMETRIC_REPRESENTATION_ITEM() RATIONAL_B_SPLINE_CURVE((1.,0.5,1.,0.5,
1.,0.5,1.)) REPRESENTATION_ITEM('') );
#9211 = CARTESIAN_POINT('',(163.478,-84.767));
#9212 = CARTESIAN_POINT('',(162.37814773719,-84.767));
#9213 = CARTESIAN_POINT('',(162.92807386859,-83.8145));
#9214 = CARTESIAN_POINT('',(163.478,-82.862));
#9215 = CARTESIAN_POINT('',(164.0279261314,-83.8145));
#9216 = CARTESIAN_POINT('',(164.5778522628,-84.767));
#9217 = CARTESIAN_POINT('',(163.478,-84.767));
#9218 = ( GEOMETRIC_REPRESENTATION_CONTEXT(2) 
PARAMETRIC_REPRESENTATION_CONTEXT() REPRESENTATION_CONTEXT('2D SPACE',''
  ) );
#9219 = ADVANCED_FACE('',(#9220),#1582,.F.);
#9220 = FACE_BOUND('',#9221,.F.);
#9221 = EDGE_LOOP('',(#9222,#9245,#9246,#9247));
#9222 = ORIENTED_EDGE('',*,*,#9223,.T.);
#9223 = EDGE_CURVE('',#9224,#1562,#9226,.T.);
#9224 = VERTEX_POINT('',#9225);
#9225 = CARTESIAN_POINT('',(158.478,-82.667,0.));
#9226 = SEAM_CURVE('',#9227,(#9231,#9238),.PCURVE_S1.);
#9227 = LINE('',#9228,#9229);
#9228 = CARTESIAN_POINT('',(158.478,-82.667,-4.6E-02));
#9229 = VECTOR('',#9230,1.);
#9230 = DIRECTION('',(0.,0.,1.));
#9231 = PCURVE('',#1582,#9232);
#9232 = DEFINITIONAL_REPRESENTATION('',(#9233),#9237);
#9233 = LINE('',#9234,#9235);
#9234 = CARTESIAN_POINT('',(0.,0.));
#9235 = VECTOR('',#9236,1.);
#9236 = DIRECTION('',(0.,-1.));
#9237 = ( GEOMETRIC_REPRESENTATION_CONTEXT(2) 
PARAMETRIC_REPRESENTATION_CONTEXT() REPRESENTATION_CONTEXT('2D SPACE',''
  ) );
#9238 = PCURVE('',#1582,#9239);
#9239 = DEFINITIONAL_REPRESENTATION('',(#9240),#9244);
#9240 = LINE('',#9241,#9242);
#9241 = CARTESIAN_POINT('',(6.28318530718,0.));
#9242 = VECTOR('',#9243,1.);
#9243 = DIRECTION('',(0.,-1.));
#9244 = ( GEOMETRIC_REPRESENTATION_CONTEXT(2) 
PARAMETRIC_REPRESENTATION_CONTEXT() REPRESENTATION_CONTEXT('2D SPACE',''
  ) );
#9245 = ORIENTED_EDGE('',*,*,#1561,.T.);
#9246 = ORIENTED_EDGE('',*,*,#9223,.F.);
#9247 = ORIENTED_EDGE('',*,*,#9248,.F.);
#9248 = EDGE_CURVE('',#9224,#9224,#9249,.T.);
#9249 = SURFACE_CURVE('',#9250,(#9255,#9262),.PCURVE_S1.);
#9250 = CIRCLE('',#9251,0.635);
#9251 = AXIS2_PLACEMENT_3D('',#9252,#9253,#9254);
#9252 = CARTESIAN_POINT('',(158.478,-82.032,0.));
#9253 = DIRECTION('',(-0.,-0.,-1.));
#9254 = DIRECTION('',(0.,-1.,0.));
#9255 = PCURVE('',#1582,#9256);
#9256 = DEFINITIONAL_REPRESENTATION('',(#9257),#9261);
#9257 = LINE('',#9258,#9259);
#9258 = CARTESIAN_POINT('',(0.,-4.6E-02));
#9259 = VECTOR('',#9260,1.);
#9260 = DIRECTION('',(1.,0.));
#9261 = ( GEOMETRIC_REPRESENTATION_CONTEXT(2) 
PARAMETRIC_REPRESENTATION_CONTEXT() REPRESENTATION_CONTEXT('2D SPACE',''
  ) );
#9262 = PCURVE('',#6733,#9263);
#9263 = DEFINITIONAL_REPRESENTATION('',(#9264),#9272);
#9264 = ( BOUNDED_CURVE() B_SPLINE_CURVE(2,(#9265,#9266,#9267,#9268,
#9269,#9270,#9271),.UNSPECIFIED.,.T.,.F.) B_SPLINE_CURVE_WITH_KNOTS((1,2
    ,2,2,2,1),(-2.094395102393,0.,2.094395102393,4.188790204786,
6.28318530718,8.377580409573),.UNSPECIFIED.) CURVE() 
GEOMETRIC_REPRESENTATION_ITEM() RATIONAL_B_SPLINE_CURVE((1.,0.5,1.,0.5,
1.,0.5,1.)) REPRESENTATION_ITEM('') );
#9265 = CARTESIAN_POINT('',(158.478,-82.667));
#9266 = CARTESIAN_POINT('',(157.37814773719,-82.667));
#9267 = CARTESIAN_POINT('',(157.92807386859,-81.7145));
#9268 = CARTESIAN_POINT('',(158.478,-80.762));
#9269 = CARTESIAN_POINT('',(159.0279261314,-81.7145));
#9270 = CARTESIAN_POINT('',(159.5778522628,-82.667));
#9271 = CARTESIAN_POINT('',(158.478,-82.667));
#9272 = ( GEOMETRIC_REPRESENTATION_CONTEXT(2) 
PARAMETRIC_REPRESENTATION_CONTEXT() REPRESENTATION_CONTEXT('2D SPACE',''
  ) );
#9273 = ADVANCED_FACE('',(#9274),#1617,.F.);
#9274 = FACE_BOUND('',#9275,.F.);
#9275 = EDGE_LOOP('',(#9276,#9299,#9300,#9301));
#9276 = ORIENTED_EDGE('',*,*,#9277,.T.);
#9277 = EDGE_CURVE('',#9278,#1597,#9280,.T.);
#9278 = VERTEX_POINT('',#9279);
#9279 = CARTESIAN_POINT('',(139.268,-80.918,0.));
#9280 = SEAM_CURVE('',#9281,(#9285,#9292),.PCURVE_S1.);
#9281 = LINE('',#9282,#9283);
#9282 = CARTESIAN_POINT('',(139.268,-80.918,-4.6E-02));
#9283 = VECTOR('',#9284,1.);
#9284 = DIRECTION('',(0.,0.,1.));
#9285 = PCURVE('',#1617,#9286);
#9286 = DEFINITIONAL_REPRESENTATION('',(#9287),#9291);
#9287 = LINE('',#9288,#9289);
#9288 = CARTESIAN_POINT('',(0.,0.));
#9289 = VECTOR('',#9290,1.);
#9290 = DIRECTION('',(0.,-1.));
#9291 = ( GEOMETRIC_REPRESENTATION_CONTEXT(2) 
PARAMETRIC_REPRESENTATION_CONTEXT() REPRESENTATION_CONTEXT('2D SPACE',''
  ) );
#9292 = PCURVE('',#1617,#9293);
#9293 = DEFINITIONAL_REPRESENTATION('',(#9294),#9298);
#9294 = LINE('',#9295,#9296);
#9295 = CARTESIAN_POINT('',(6.28318530718,0.));
#9296 = VECTOR('',#9297,1.);
#9297 = DIRECTION('',(0.,-1.));
#9298 = ( GEOMETRIC_REPRESENTATION_CONTEXT(2) 
PARAMETRIC_REPRESENTATION_CONTEXT() REPRESENTATION_CONTEXT('2D SPACE',''
  ) );
#9299 = ORIENTED_EDGE('',*,*,#1596,.T.);
#9300 = ORIENTED_EDGE('',*,*,#9277,.F.);
#9301 = ORIENTED_EDGE('',*,*,#9302,.F.);
#9302 = EDGE_CURVE('',#9278,#9278,#9303,.T.);
#9303 = SURFACE_CURVE('',#9304,(#9309,#9316),.PCURVE_S1.);
#9304 = CIRCLE('',#9305,0.4);
#9305 = AXIS2_PLACEMENT_3D('',#9306,#9307,#9308);
#9306 = CARTESIAN_POINT('',(139.268,-80.518,0.));
#9307 = DIRECTION('',(-0.,-0.,-1.));
#9308 = DIRECTION('',(0.,-1.,0.));
#9309 = PCURVE('',#1617,#9310);
#9310 = DEFINITIONAL_REPRESENTATION('',(#9311),#9315);
#9311 = LINE('',#9312,#9313);
#9312 = CARTESIAN_POINT('',(0.,-4.6E-02));
#9313 = VECTOR('',#9314,1.);
#9314 = DIRECTION('',(1.,0.));
#9315 = ( GEOMETRIC_REPRESENTATION_CONTEXT(2) 
PARAMETRIC_REPRESENTATION_CONTEXT() REPRESENTATION_CONTEXT('2D SPACE',''
  ) );
#9316 = PCURVE('',#6733,#9317);
#9317 = DEFINITIONAL_REPRESENTATION('',(#9318),#9326);
#9318 = ( BOUNDED_CURVE() B_SPLINE_CURVE(2,(#9319,#9320,#9321,#9322,
#9323,#9324,#9325),.UNSPECIFIED.,.T.,.F.) B_SPLINE_CURVE_WITH_KNOTS((1,2
    ,2,2,2,1),(-2.094395102393,0.,2.094395102393,4.188790204786,
6.28318530718,8.377580409573),.UNSPECIFIED.) CURVE() 
GEOMETRIC_REPRESENTATION_ITEM() RATIONAL_B_SPLINE_CURVE((1.,0.5,1.,0.5,
1.,0.5,1.)) REPRESENTATION_ITEM('') );
#9319 = CARTESIAN_POINT('',(139.268,-80.918));
#9320 = CARTESIAN_POINT('',(138.57517967697,-80.918));
#9321 = CARTESIAN_POINT('',(138.92158983848,-80.318));
#9322 = CARTESIAN_POINT('',(139.268,-79.718));
#9323 = CARTESIAN_POINT('',(139.61441016151,-80.318));
#9324 = CARTESIAN_POINT('',(139.96082032302,-80.918));
#9325 = CARTESIAN_POINT('',(139.268,-80.918));
#9326 = ( GEOMETRIC_REPRESENTATION_CONTEXT(2) 
PARAMETRIC_REPRESENTATION_CONTEXT() REPRESENTATION_CONTEXT('2D SPACE',''
  ) );
#9327 = ADVANCED_FACE('',(#9328),#1654,.F.);
#9328 = FACE_BOUND('',#9329,.F.);
#9329 = EDGE_LOOP('',(#9330,#9353,#9354,#9377));
#9330 = ORIENTED_EDGE('',*,*,#9331,.T.);
#9331 = EDGE_CURVE('',#9332,#1632,#9334,.T.);
#9332 = VERTEX_POINT('',#9333);
#9333 = CARTESIAN_POINT('',(141.068,-77.768,0.));
#9334 = SURFACE_CURVE('',#9335,(#9339,#9346),.PCURVE_S1.);
#9335 = LINE('',#9336,#9337);
#9336 = CARTESIAN_POINT('',(141.068,-77.768,-4.6E-02));
#9337 = VECTOR('',#9338,1.);
#9338 = DIRECTION('',(0.,0.,1.));
#9339 = PCURVE('',#1654,#9340);
#9340 = DEFINITIONAL_REPRESENTATION('',(#9341),#9345);
#9341 = LINE('',#9342,#9343);
#9342 = CARTESIAN_POINT('',(3.14159265359,0.));
#9343 = VECTOR('',#9344,1.);
#9344 = DIRECTION('',(0.,-1.));
#9345 = ( GEOMETRIC_REPRESENTATION_CONTEXT(2) 
PARAMETRIC_REPRESENTATION_CONTEXT() REPRESENTATION_CONTEXT('2D SPACE',''
  ) );
#9346 = PCURVE('',#1741,#9347);
#9347 = DEFINITIONAL_REPRESENTATION('',(#9348),#9352);
#9348 = LINE('',#9349,#9350);
#9349 = CARTESIAN_POINT('',(0.,-0.));
#9350 = VECTOR('',#9351,1.);
#9351 = DIRECTION('',(0.,-1.));
#9352 = ( GEOMETRIC_REPRESENTATION_CONTEXT(2) 
PARAMETRIC_REPRESENTATION_CONTEXT() REPRESENTATION_CONTEXT('2D SPACE',''
  ) );
#9353 = ORIENTED_EDGE('',*,*,#1631,.T.);
#9354 = ORIENTED_EDGE('',*,*,#9355,.F.);
#9355 = EDGE_CURVE('',#9356,#1634,#9358,.T.);
#9356 = VERTEX_POINT('',#9357);
#9357 = CARTESIAN_POINT('',(141.068,-78.668,0.));
#9358 = SURFACE_CURVE('',#9359,(#9363,#9370),.PCURVE_S1.);
#9359 = LINE('',#9360,#9361);
#9360 = CARTESIAN_POINT('',(141.068,-78.668,-4.6E-02));
#9361 = VECTOR('',#9362,1.);
#9362 = DIRECTION('',(0.,0.,1.));
#9363 = PCURVE('',#1654,#9364);
#9364 = DEFINITIONAL_REPRESENTATION('',(#9365),#9369);
#9365 = LINE('',#9366,#9367);
#9366 = CARTESIAN_POINT('',(6.28318530718,0.));
#9367 = VECTOR('',#9368,1.);
#9368 = DIRECTION('',(0.,-1.));
#9369 = ( GEOMETRIC_REPRESENTATION_CONTEXT(2) 
PARAMETRIC_REPRESENTATION_CONTEXT() REPRESENTATION_CONTEXT('2D SPACE',''
  ) );
#9370 = PCURVE('',#1682,#9371);
#9371 = DEFINITIONAL_REPRESENTATION('',(#9372),#9376);
#9372 = LINE('',#9373,#9374);
#9373 = CARTESIAN_POINT('',(0.4,0.));
#9374 = VECTOR('',#9375,1.);
#9375 = DIRECTION('',(0.,-1.));
#9376 = ( GEOMETRIC_REPRESENTATION_CONTEXT(2) 
PARAMETRIC_REPRESENTATION_CONTEXT() REPRESENTATION_CONTEXT('2D SPACE',''
  ) );
#9377 = ORIENTED_EDGE('',*,*,#9378,.F.);
#9378 = EDGE_CURVE('',#9332,#9356,#9379,.T.);
#9379 = SURFACE_CURVE('',#9380,(#9385,#9392),.PCURVE_S1.);
#9380 = CIRCLE('',#9381,0.45);
#9381 = AXIS2_PLACEMENT_3D('',#9382,#9383,#9384);
#9382 = CARTESIAN_POINT('',(141.068,-78.218,0.));
#9383 = DIRECTION('',(0.,-0.,-1.));
#9384 = DIRECTION('',(6.315935428979E-14,-1.,0.));
#9385 = PCURVE('',#1654,#9386);
#9386 = DEFINITIONAL_REPRESENTATION('',(#9387),#9391);
#9387 = LINE('',#9388,#9389);
#9388 = CARTESIAN_POINT('',(0.,-4.6E-02));
#9389 = VECTOR('',#9390,1.);
#9390 = DIRECTION('',(1.,0.));
#9391 = ( GEOMETRIC_REPRESENTATION_CONTEXT(2) 
PARAMETRIC_REPRESENTATION_CONTEXT() REPRESENTATION_CONTEXT('2D SPACE',''
  ) );
#9392 = PCURVE('',#6733,#9393);
#9393 = DEFINITIONAL_REPRESENTATION('',(#9394),#9402);
#9394 = ( BOUNDED_CURVE() B_SPLINE_CURVE(2,(#9395,#9396,#9397,#9398,
#9399,#9400,#9401),.UNSPECIFIED.,.T.,.F.) B_SPLINE_CURVE_WITH_KNOTS((1,2
    ,2,2,2,1),(-2.094395102393,0.,2.094395102393,4.188790204786,
6.28318530718,8.377580409573),.UNSPECIFIED.) CURVE() 
GEOMETRIC_REPRESENTATION_ITEM() RATIONAL_B_SPLINE_CURVE((1.,0.5,1.,0.5,
1.,0.5,1.)) REPRESENTATION_ITEM('') );
#9395 = CARTESIAN_POINT('',(141.068,-78.668));
#9396 = CARTESIAN_POINT('',(140.28857713659,-78.668));
#9397 = CARTESIAN_POINT('',(140.67828856829,-77.993));
#9398 = CARTESIAN_POINT('',(141.068,-77.318));
#9399 = CARTESIAN_POINT('',(141.4577114317,-77.993));
#9400 = CARTESIAN_POINT('',(141.8474228634,-78.668));
#9401 = CARTESIAN_POINT('',(141.068,-78.668));
#9402 = ( GEOMETRIC_REPRESENTATION_CONTEXT(2) 
PARAMETRIC_REPRESENTATION_CONTEXT() REPRESENTATION_CONTEXT('2D SPACE',''
  ) );
#9403 = ADVANCED_FACE('',(#9404),#1741,.T.);
#9404 = FACE_BOUND('',#9405,.T.);
#9405 = EDGE_LOOP('',(#9406,#9429,#9430,#9431));
#9406 = ORIENTED_EDGE('',*,*,#9407,.T.);
#9407 = EDGE_CURVE('',#9408,#9332,#9410,.T.);
#9408 = VERTEX_POINT('',#9409);
#9409 = CARTESIAN_POINT('',(140.668,-77.768,0.));
#9410 = SURFACE_CURVE('',#9411,(#9415,#9422),.PCURVE_S1.);
#9411 = LINE('',#9412,#9413);
#9412 = CARTESIAN_POINT('',(70.534,-77.768,0.));
#9413 = VECTOR('',#9414,1.);
#9414 = DIRECTION('',(1.,0.,0.));
#9415 = PCURVE('',#1741,#9416);
#9416 = DEFINITIONAL_REPRESENTATION('',(#9417),#9421);
#9417 = LINE('',#9418,#9419);
#9418 = CARTESIAN_POINT('',(70.534,-4.6E-02));
#9419 = VECTOR('',#9420,1.);
#9420 = DIRECTION('',(-1.,0.));
#9421 = ( GEOMETRIC_REPRESENTATION_CONTEXT(2) 
PARAMETRIC_REPRESENTATION_CONTEXT() REPRESENTATION_CONTEXT('2D SPACE',''
  ) );
#9422 = PCURVE('',#6733,#9423);
#9423 = DEFINITIONAL_REPRESENTATION('',(#9424),#9428);
#9424 = LINE('',#9425,#9426);
#9425 = CARTESIAN_POINT('',(70.534,-77.768));
#9426 = VECTOR('',#9427,1.);
#9427 = DIRECTION('',(1.,0.));
#9428 = ( GEOMETRIC_REPRESENTATION_CONTEXT(2) 
PARAMETRIC_REPRESENTATION_CONTEXT() REPRESENTATION_CONTEXT('2D SPACE',''
  ) );
#9429 = ORIENTED_EDGE('',*,*,#9331,.T.);
#9430 = ORIENTED_EDGE('',*,*,#1727,.F.);
#9431 = ORIENTED_EDGE('',*,*,#9432,.F.);
#9432 = EDGE_CURVE('',#9408,#1695,#9433,.T.);
#9433 = SURFACE_CURVE('',#9434,(#9438,#9445),.PCURVE_S1.);
#9434 = LINE('',#9435,#9436);
#9435 = CARTESIAN_POINT('',(140.668,-77.768,-4.6E-02));
#9436 = VECTOR('',#9437,1.);
#9437 = DIRECTION('',(0.,0.,1.));
#9438 = PCURVE('',#1741,#9439);
#9439 = DEFINITIONAL_REPRESENTATION('',(#9440),#9444);
#9440 = LINE('',#9441,#9442);
#9441 = CARTESIAN_POINT('',(0.4,0.));
#9442 = VECTOR('',#9443,1.);
#9443 = DIRECTION('',(0.,-1.));
#9444 = ( GEOMETRIC_REPRESENTATION_CONTEXT(2) 
PARAMETRIC_REPRESENTATION_CONTEXT() REPRESENTATION_CONTEXT('2D SPACE',''
  ) );
#9445 = PCURVE('',#1715,#9446);
#9446 = DEFINITIONAL_REPRESENTATION('',(#9447),#9451);
#9447 = LINE('',#9448,#9449);
#9448 = CARTESIAN_POINT('',(6.28318530718,0.));
#9449 = VECTOR('',#9450,1.);
#9450 = DIRECTION('',(0.,-1.));
#9451 = ( GEOMETRIC_REPRESENTATION_CONTEXT(2) 
PARAMETRIC_REPRESENTATION_CONTEXT() REPRESENTATION_CONTEXT('2D SPACE',''
  ) );
#9452 = ADVANCED_FACE('',(#9453),#1682,.T.);
#9453 = FACE_BOUND('',#9454,.T.);
#9454 = EDGE_LOOP('',(#9455,#9478,#9499,#9500));
#9455 = ORIENTED_EDGE('',*,*,#9456,.T.);
#9456 = EDGE_CURVE('',#9356,#9457,#9459,.T.);
#9457 = VERTEX_POINT('',#9458);
#9458 = CARTESIAN_POINT('',(140.668,-78.668,0.));
#9459 = SURFACE_CURVE('',#9460,(#9464,#9471),.PCURVE_S1.);
#9460 = LINE('',#9461,#9462);
#9461 = CARTESIAN_POINT('',(70.334,-78.668,0.));
#9462 = VECTOR('',#9463,1.);
#9463 = DIRECTION('',(-1.,0.,0.));
#9464 = PCURVE('',#1682,#9465);
#9465 = DEFINITIONAL_REPRESENTATION('',(#9466),#9470);
#9466 = LINE('',#9467,#9468);
#9467 = CARTESIAN_POINT('',(-70.334,-4.6E-02));
#9468 = VECTOR('',#9469,1.);
#9469 = DIRECTION('',(-1.,0.));
#9470 = ( GEOMETRIC_REPRESENTATION_CONTEXT(2) 
PARAMETRIC_REPRESENTATION_CONTEXT() REPRESENTATION_CONTEXT('2D SPACE',''
  ) );
#9471 = PCURVE('',#6733,#9472);
#9472 = DEFINITIONAL_REPRESENTATION('',(#9473),#9477);
#9473 = LINE('',#9474,#9475);
#9474 = CARTESIAN_POINT('',(70.334,-78.668));
#9475 = VECTOR('',#9476,1.);
#9476 = DIRECTION('',(-1.,0.));
#9477 = ( GEOMETRIC_REPRESENTATION_CONTEXT(2) 
PARAMETRIC_REPRESENTATION_CONTEXT() REPRESENTATION_CONTEXT('2D SPACE',''
  ) );
#9478 = ORIENTED_EDGE('',*,*,#9479,.T.);
#9479 = EDGE_CURVE('',#9457,#1667,#9480,.T.);
#9480 = SURFACE_CURVE('',#9481,(#9485,#9492),.PCURVE_S1.);
#9481 = LINE('',#9482,#9483);
#9482 = CARTESIAN_POINT('',(140.668,-78.668,-4.6E-02));
#9483 = VECTOR('',#9484,1.);
#9484 = DIRECTION('',(0.,0.,1.));
#9485 = PCURVE('',#1682,#9486);
#9486 = DEFINITIONAL_REPRESENTATION('',(#9487),#9491);
#9487 = LINE('',#9488,#9489);
#9488 = CARTESIAN_POINT('',(0.,0.));
#9489 = VECTOR('',#9490,1.);
#9490 = DIRECTION('',(0.,-1.));
#9491 = ( GEOMETRIC_REPRESENTATION_CONTEXT(2) 
PARAMETRIC_REPRESENTATION_CONTEXT() REPRESENTATION_CONTEXT('2D SPACE',''
  ) );
#9492 = PCURVE('',#1715,#9493);
#9493 = DEFINITIONAL_REPRESENTATION('',(#9494),#9498);
#9494 = LINE('',#9495,#9496);
#9495 = CARTESIAN_POINT('',(3.14159265359,0.));
#9496 = VECTOR('',#9497,1.);
#9497 = DIRECTION('',(0.,-1.));
#9498 = ( GEOMETRIC_REPRESENTATION_CONTEXT(2) 
PARAMETRIC_REPRESENTATION_CONTEXT() REPRESENTATION_CONTEXT('2D SPACE',''
  ) );
#9499 = ORIENTED_EDGE('',*,*,#1666,.F.);
#9500 = ORIENTED_EDGE('',*,*,#9355,.F.);
#9501 = ADVANCED_FACE('',(#9502),#1715,.F.);
#9502 = FACE_BOUND('',#9503,.F.);
#9503 = EDGE_LOOP('',(#9504,#9505,#9506,#9507));
#9504 = ORIENTED_EDGE('',*,*,#9479,.T.);
#9505 = ORIENTED_EDGE('',*,*,#1694,.T.);
#9506 = ORIENTED_EDGE('',*,*,#9432,.F.);
#9507 = ORIENTED_EDGE('',*,*,#9508,.F.);
#9508 = EDGE_CURVE('',#9457,#9408,#9509,.T.);
#9509 = SURFACE_CURVE('',#9510,(#9515,#9522),.PCURVE_S1.);
#9510 = CIRCLE('',#9511,0.45);
#9511 = AXIS2_PLACEMENT_3D('',#9512,#9513,#9514);
#9512 = CARTESIAN_POINT('',(140.668,-78.218,0.));
#9513 = DIRECTION('',(0.,0.,-1.));
#9514 = DIRECTION('',(6.315935428979E-14,1.,0.));
#9515 = PCURVE('',#1715,#9516);
#9516 = DEFINITIONAL_REPRESENTATION('',(#9517),#9521);
#9517 = LINE('',#9518,#9519);
#9518 = CARTESIAN_POINT('',(0.,-4.6E-02));
#9519 = VECTOR('',#9520,1.);
#9520 = DIRECTION('',(1.,0.));
#9521 = ( GEOMETRIC_REPRESENTATION_CONTEXT(2) 
PARAMETRIC_REPRESENTATION_CONTEXT() REPRESENTATION_CONTEXT('2D SPACE',''
  ) );
#9522 = PCURVE('',#6733,#9523);
#9523 = DEFINITIONAL_REPRESENTATION('',(#9524),#9532);
#9524 = ( BOUNDED_CURVE() B_SPLINE_CURVE(2,(#9525,#9526,#9527,#9528,
#9529,#9530,#9531),.UNSPECIFIED.,.T.,.F.) B_SPLINE_CURVE_WITH_KNOTS((1,2
    ,2,2,2,1),(-2.094395102393,0.,2.094395102393,4.188790204786,
6.28318530718,8.377580409573),.UNSPECIFIED.) CURVE() 
GEOMETRIC_REPRESENTATION_ITEM() RATIONAL_B_SPLINE_CURVE((1.,0.5,1.,0.5,
1.,0.5,1.)) REPRESENTATION_ITEM('') );
#9525 = CARTESIAN_POINT('',(140.668,-77.768));
#9526 = CARTESIAN_POINT('',(141.4474228634,-77.768));
#9527 = CARTESIAN_POINT('',(141.0577114317,-78.443));
#9528 = CARTESIAN_POINT('',(140.668,-79.118));
#9529 = CARTESIAN_POINT('',(140.27828856829,-78.443));
#9530 = CARTESIAN_POINT('',(139.88857713659,-77.768));
#9531 = CARTESIAN_POINT('',(140.668,-77.768));
#9532 = ( GEOMETRIC_REPRESENTATION_CONTEXT(2) 
PARAMETRIC_REPRESENTATION_CONTEXT() REPRESENTATION_CONTEXT('2D SPACE',''
  ) );
#9533 = ADVANCED_FACE('',(#9534),#1776,.F.);
#9534 = FACE_BOUND('',#9535,.F.);
#9535 = EDGE_LOOP('',(#9536,#9559,#9560,#9561));
#9536 = ORIENTED_EDGE('',*,*,#9537,.T.);
#9537 = EDGE_CURVE('',#9538,#1756,#9540,.T.);
#9538 = VERTEX_POINT('',#9539);
#9539 = CARTESIAN_POINT('',(146.268,-80.918,0.));
#9540 = SEAM_CURVE('',#9541,(#9545,#9552),.PCURVE_S1.);
#9541 = LINE('',#9542,#9543);
#9542 = CARTESIAN_POINT('',(146.268,-80.918,-4.6E-02));
#9543 = VECTOR('',#9544,1.);
#9544 = DIRECTION('',(0.,0.,1.));
#9545 = PCURVE('',#1776,#9546);
#9546 = DEFINITIONAL_REPRESENTATION('',(#9547),#9551);
#9547 = LINE('',#9548,#9549);
#9548 = CARTESIAN_POINT('',(0.,0.));
#9549 = VECTOR('',#9550,1.);
#9550 = DIRECTION('',(0.,-1.));
#9551 = ( GEOMETRIC_REPRESENTATION_CONTEXT(2) 
PARAMETRIC_REPRESENTATION_CONTEXT() REPRESENTATION_CONTEXT('2D SPACE',''
  ) );
#9552 = PCURVE('',#1776,#9553);
#9553 = DEFINITIONAL_REPRESENTATION('',(#9554),#9558);
#9554 = LINE('',#9555,#9556);
#9555 = CARTESIAN_POINT('',(6.28318530718,0.));
#9556 = VECTOR('',#9557,1.);
#9557 = DIRECTION('',(0.,-1.));
#9558 = ( GEOMETRIC_REPRESENTATION_CONTEXT(2) 
PARAMETRIC_REPRESENTATION_CONTEXT() REPRESENTATION_CONTEXT('2D SPACE',''
  ) );
#9559 = ORIENTED_EDGE('',*,*,#1755,.T.);
#9560 = ORIENTED_EDGE('',*,*,#9537,.F.);
#9561 = ORIENTED_EDGE('',*,*,#9562,.F.);
#9562 = EDGE_CURVE('',#9538,#9538,#9563,.T.);
#9563 = SURFACE_CURVE('',#9564,(#9569,#9576),.PCURVE_S1.);
#9564 = CIRCLE('',#9565,0.4);
#9565 = AXIS2_PLACEMENT_3D('',#9566,#9567,#9568);
#9566 = CARTESIAN_POINT('',(146.268,-80.518,0.));
#9567 = DIRECTION('',(-0.,-0.,-1.));
#9568 = DIRECTION('',(0.,-1.,0.));
#9569 = PCURVE('',#1776,#9570);
#9570 = DEFINITIONAL_REPRESENTATION('',(#9571),#9575);
#9571 = LINE('',#9572,#9573);
#9572 = CARTESIAN_POINT('',(0.,-4.6E-02));
#9573 = VECTOR('',#9574,1.);
#9574 = DIRECTION('',(1.,0.));
#9575 = ( GEOMETRIC_REPRESENTATION_CONTEXT(2) 
PARAMETRIC_REPRESENTATION_CONTEXT() REPRESENTATION_CONTEXT('2D SPACE',''
  ) );
#9576 = PCURVE('',#6733,#9577);
#9577 = DEFINITIONAL_REPRESENTATION('',(#9578),#9586);
#9578 = ( BOUNDED_CURVE() B_SPLINE_CURVE(2,(#9579,#9580,#9581,#9582,
#9583,#9584,#9585),.UNSPECIFIED.,.T.,.F.) B_SPLINE_CURVE_WITH_KNOTS((1,2
    ,2,2,2,1),(-2.094395102393,0.,2.094395102393,4.188790204786,
6.28318530718,8.377580409573),.UNSPECIFIED.) CURVE() 
GEOMETRIC_REPRESENTATION_ITEM() RATIONAL_B_SPLINE_CURVE((1.,0.5,1.,0.5,
1.,0.5,1.)) REPRESENTATION_ITEM('') );
#9579 = CARTESIAN_POINT('',(146.268,-80.918));
#9580 = CARTESIAN_POINT('',(145.57517967697,-80.918));
#9581 = CARTESIAN_POINT('',(145.92158983848,-80.318));
#9582 = CARTESIAN_POINT('',(146.268,-79.718));
#9583 = CARTESIAN_POINT('',(146.61441016151,-80.318));
#9584 = CARTESIAN_POINT('',(146.96082032302,-80.918));
#9585 = CARTESIAN_POINT('',(146.268,-80.918));
#9586 = ( GEOMETRIC_REPRESENTATION_CONTEXT(2) 
PARAMETRIC_REPRESENTATION_CONTEXT() REPRESENTATION_CONTEXT('2D SPACE',''
  ) );
#9587 = ADVANCED_FACE('',(#9588),#1813,.F.);
#9588 = FACE_BOUND('',#9589,.F.);
#9589 = EDGE_LOOP('',(#9590,#9613,#9614,#9637));
#9590 = ORIENTED_EDGE('',*,*,#9591,.T.);
#9591 = EDGE_CURVE('',#9592,#1791,#9594,.T.);
#9592 = VERTEX_POINT('',#9593);
#9593 = CARTESIAN_POINT('',(144.068,-77.768,0.));
#9594 = SURFACE_CURVE('',#9595,(#9599,#9606),.PCURVE_S1.);
#9595 = LINE('',#9596,#9597);
#9596 = CARTESIAN_POINT('',(144.068,-77.768,-4.6E-02));
#9597 = VECTOR('',#9598,1.);
#9598 = DIRECTION('',(0.,0.,1.));
#9599 = PCURVE('',#1813,#9600);
#9600 = DEFINITIONAL_REPRESENTATION('',(#9601),#9605);
#9601 = LINE('',#9602,#9603);
#9602 = CARTESIAN_POINT('',(3.14159265359,0.));
#9603 = VECTOR('',#9604,1.);
#9604 = DIRECTION('',(0.,-1.));
#9605 = ( GEOMETRIC_REPRESENTATION_CONTEXT(2) 
PARAMETRIC_REPRESENTATION_CONTEXT() REPRESENTATION_CONTEXT('2D SPACE',''
  ) );
#9606 = PCURVE('',#1900,#9607);
#9607 = DEFINITIONAL_REPRESENTATION('',(#9608),#9612);
#9608 = LINE('',#9609,#9610);
#9609 = CARTESIAN_POINT('',(0.,-0.));
#9610 = VECTOR('',#9611,1.);
#9611 = DIRECTION('',(0.,-1.));
#9612 = ( GEOMETRIC_REPRESENTATION_CONTEXT(2) 
PARAMETRIC_REPRESENTATION_CONTEXT() REPRESENTATION_CONTEXT('2D SPACE',''
  ) );
#9613 = ORIENTED_EDGE('',*,*,#1790,.T.);
#9614 = ORIENTED_EDGE('',*,*,#9615,.F.);
#9615 = EDGE_CURVE('',#9616,#1793,#9618,.T.);
#9616 = VERTEX_POINT('',#9617);
#9617 = CARTESIAN_POINT('',(144.068,-78.668,0.));
#9618 = SURFACE_CURVE('',#9619,(#9623,#9630),.PCURVE_S1.);
#9619 = LINE('',#9620,#9621);
#9620 = CARTESIAN_POINT('',(144.068,-78.668,-4.6E-02));
#9621 = VECTOR('',#9622,1.);
#9622 = DIRECTION('',(0.,0.,1.));
#9623 = PCURVE('',#1813,#9624);
#9624 = DEFINITIONAL_REPRESENTATION('',(#9625),#9629);
#9625 = LINE('',#9626,#9627);
#9626 = CARTESIAN_POINT('',(6.28318530718,0.));
#9627 = VECTOR('',#9628,1.);
#9628 = DIRECTION('',(0.,-1.));
#9629 = ( GEOMETRIC_REPRESENTATION_CONTEXT(2) 
PARAMETRIC_REPRESENTATION_CONTEXT() REPRESENTATION_CONTEXT('2D SPACE',''
  ) );
#9630 = PCURVE('',#1841,#9631);
#9631 = DEFINITIONAL_REPRESENTATION('',(#9632),#9636);
#9632 = LINE('',#9633,#9634);
#9633 = CARTESIAN_POINT('',(0.4,0.));
#9634 = VECTOR('',#9635,1.);
#9635 = DIRECTION('',(0.,-1.));
#9636 = ( GEOMETRIC_REPRESENTATION_CONTEXT(2) 
PARAMETRIC_REPRESENTATION_CONTEXT() REPRESENTATION_CONTEXT('2D SPACE',''
  ) );
#9637 = ORIENTED_EDGE('',*,*,#9638,.F.);
#9638 = EDGE_CURVE('',#9592,#9616,#9639,.T.);
#9639 = SURFACE_CURVE('',#9640,(#9645,#9652),.PCURVE_S1.);
#9640 = CIRCLE('',#9641,0.45);
#9641 = AXIS2_PLACEMENT_3D('',#9642,#9643,#9644);
#9642 = CARTESIAN_POINT('',(144.068,-78.218,0.));
#9643 = DIRECTION('',(0.,-0.,-1.));
#9644 = DIRECTION('',(6.315935428979E-14,-1.,0.));
#9645 = PCURVE('',#1813,#9646);
#9646 = DEFINITIONAL_REPRESENTATION('',(#9647),#9651);
#9647 = LINE('',#9648,#9649);
#9648 = CARTESIAN_POINT('',(0.,-4.6E-02));
#9649 = VECTOR('',#9650,1.);
#9650 = DIRECTION('',(1.,0.));
#9651 = ( GEOMETRIC_REPRESENTATION_CONTEXT(2) 
PARAMETRIC_REPRESENTATION_CONTEXT() REPRESENTATION_CONTEXT('2D SPACE',''
  ) );
#9652 = PCURVE('',#6733,#9653);
#9653 = DEFINITIONAL_REPRESENTATION('',(#9654),#9662);
#9654 = ( BOUNDED_CURVE() B_SPLINE_CURVE(2,(#9655,#9656,#9657,#9658,
#9659,#9660,#9661),.UNSPECIFIED.,.T.,.F.) B_SPLINE_CURVE_WITH_KNOTS((1,2
    ,2,2,2,1),(-2.094395102393,0.,2.094395102393,4.188790204786,
6.28318530718,8.377580409573),.UNSPECIFIED.) CURVE() 
GEOMETRIC_REPRESENTATION_ITEM() RATIONAL_B_SPLINE_CURVE((1.,0.5,1.,0.5,
1.,0.5,1.)) REPRESENTATION_ITEM('') );
#9655 = CARTESIAN_POINT('',(144.068,-78.668));
#9656 = CARTESIAN_POINT('',(143.28857713659,-78.668));
#9657 = CARTESIAN_POINT('',(143.67828856829,-77.993));
#9658 = CARTESIAN_POINT('',(144.068,-77.318));
#9659 = CARTESIAN_POINT('',(144.4577114317,-77.993));
#9660 = CARTESIAN_POINT('',(144.8474228634,-78.668));
#9661 = CARTESIAN_POINT('',(144.068,-78.668));
#9662 = ( GEOMETRIC_REPRESENTATION_CONTEXT(2) 
PARAMETRIC_REPRESENTATION_CONTEXT() REPRESENTATION_CONTEXT('2D SPACE',''
  ) );
#9663 = ADVANCED_FACE('',(#9664),#1900,.T.);
#9664 = FACE_BOUND('',#9665,.T.);
#9665 = EDGE_LOOP('',(#9666,#9689,#9690,#9691));
#9666 = ORIENTED_EDGE('',*,*,#9667,.T.);
#9667 = EDGE_CURVE('',#9668,#9592,#9670,.T.);
#9668 = VERTEX_POINT('',#9669);
#9669 = CARTESIAN_POINT('',(143.668,-77.768,0.));
#9670 = SURFACE_CURVE('',#9671,(#9675,#9682),.PCURVE_S1.);
#9671 = LINE('',#9672,#9673);
#9672 = CARTESIAN_POINT('',(72.034,-77.768,0.));
#9673 = VECTOR('',#9674,1.);
#9674 = DIRECTION('',(1.,0.,0.));
#9675 = PCURVE('',#1900,#9676);
#9676 = DEFINITIONAL_REPRESENTATION('',(#9677),#9681);
#9677 = LINE('',#9678,#9679);
#9678 = CARTESIAN_POINT('',(72.034,-4.6E-02));
#9679 = VECTOR('',#9680,1.);
#9680 = DIRECTION('',(-1.,0.));
#9681 = ( GEOMETRIC_REPRESENTATION_CONTEXT(2) 
PARAMETRIC_REPRESENTATION_CONTEXT() REPRESENTATION_CONTEXT('2D SPACE',''
  ) );
#9682 = PCURVE('',#6733,#9683);
#9683 = DEFINITIONAL_REPRESENTATION('',(#9684),#9688);
#9684 = LINE('',#9685,#9686);
#9685 = CARTESIAN_POINT('',(72.034,-77.768));
#9686 = VECTOR('',#9687,1.);
#9687 = DIRECTION('',(1.,0.));
#9688 = ( GEOMETRIC_REPRESENTATION_CONTEXT(2) 
PARAMETRIC_REPRESENTATION_CONTEXT() REPRESENTATION_CONTEXT('2D SPACE',''
  ) );
#9689 = ORIENTED_EDGE('',*,*,#9591,.T.);
#9690 = ORIENTED_EDGE('',*,*,#1886,.F.);
#9691 = ORIENTED_EDGE('',*,*,#9692,.F.);
#9692 = EDGE_CURVE('',#9668,#1854,#9693,.T.);
#9693 = SURFACE_CURVE('',#9694,(#9698,#9705),.PCURVE_S1.);
#9694 = LINE('',#9695,#9696);
#9695 = CARTESIAN_POINT('',(143.668,-77.768,-4.6E-02));
#9696 = VECTOR('',#9697,1.);
#9697 = DIRECTION('',(0.,0.,1.));
#9698 = PCURVE('',#1900,#9699);
#9699 = DEFINITIONAL_REPRESENTATION('',(#9700),#9704);
#9700 = LINE('',#9701,#9702);
#9701 = CARTESIAN_POINT('',(0.4,0.));
#9702 = VECTOR('',#9703,1.);
#9703 = DIRECTION('',(0.,-1.));
#9704 = ( GEOMETRIC_REPRESENTATION_CONTEXT(2) 
PARAMETRIC_REPRESENTATION_CONTEXT() REPRESENTATION_CONTEXT('2D SPACE',''
  ) );
#9705 = PCURVE('',#1874,#9706);
#9706 = DEFINITIONAL_REPRESENTATION('',(#9707),#9711);
#9707 = LINE('',#9708,#9709);
#9708 = CARTESIAN_POINT('',(6.28318530718,0.));
#9709 = VECTOR('',#9710,1.);
#9710 = DIRECTION('',(0.,-1.));
#9711 = ( GEOMETRIC_REPRESENTATION_CONTEXT(2) 
PARAMETRIC_REPRESENTATION_CONTEXT() REPRESENTATION_CONTEXT('2D SPACE',''
  ) );
#9712 = ADVANCED_FACE('',(#9713),#1841,.T.);
#9713 = FACE_BOUND('',#9714,.T.);
#9714 = EDGE_LOOP('',(#9715,#9738,#9759,#9760));
#9715 = ORIENTED_EDGE('',*,*,#9716,.T.);
#9716 = EDGE_CURVE('',#9616,#9717,#9719,.T.);
#9717 = VERTEX_POINT('',#9718);
#9718 = CARTESIAN_POINT('',(143.668,-78.668,0.));
#9719 = SURFACE_CURVE('',#9720,(#9724,#9731),.PCURVE_S1.);
#9720 = LINE('',#9721,#9722);
#9721 = CARTESIAN_POINT('',(71.834,-78.668,0.));
#9722 = VECTOR('',#9723,1.);
#9723 = DIRECTION('',(-1.,0.,0.));
#9724 = PCURVE('',#1841,#9725);
#9725 = DEFINITIONAL_REPRESENTATION('',(#9726),#9730);
#9726 = LINE('',#9727,#9728);
#9727 = CARTESIAN_POINT('',(-71.834,-4.6E-02));
#9728 = VECTOR('',#9729,1.);
#9729 = DIRECTION('',(-1.,0.));
#9730 = ( GEOMETRIC_REPRESENTATION_CONTEXT(2) 
PARAMETRIC_REPRESENTATION_CONTEXT() REPRESENTATION_CONTEXT('2D SPACE',''
  ) );
#9731 = PCURVE('',#6733,#9732);
#9732 = DEFINITIONAL_REPRESENTATION('',(#9733),#9737);
#9733 = LINE('',#9734,#9735);
#9734 = CARTESIAN_POINT('',(71.834,-78.668));
#9735 = VECTOR('',#9736,1.);
#9736 = DIRECTION('',(-1.,0.));
#9737 = ( GEOMETRIC_REPRESENTATION_CONTEXT(2) 
PARAMETRIC_REPRESENTATION_CONTEXT() REPRESENTATION_CONTEXT('2D SPACE',''
  ) );
#9738 = ORIENTED_EDGE('',*,*,#9739,.T.);
#9739 = EDGE_CURVE('',#9717,#1826,#9740,.T.);
#9740 = SURFACE_CURVE('',#9741,(#9745,#9752),.PCURVE_S1.);
#9741 = LINE('',#9742,#9743);
#9742 = CARTESIAN_POINT('',(143.668,-78.668,-4.6E-02));
#9743 = VECTOR('',#9744,1.);
#9744 = DIRECTION('',(0.,0.,1.));
#9745 = PCURVE('',#1841,#9746);
#9746 = DEFINITIONAL_REPRESENTATION('',(#9747),#9751);
#9747 = LINE('',#9748,#9749);
#9748 = CARTESIAN_POINT('',(0.,0.));
#9749 = VECTOR('',#9750,1.);
#9750 = DIRECTION('',(0.,-1.));
#9751 = ( GEOMETRIC_REPRESENTATION_CONTEXT(2) 
PARAMETRIC_REPRESENTATION_CONTEXT() REPRESENTATION_CONTEXT('2D SPACE',''
  ) );
#9752 = PCURVE('',#1874,#9753);
#9753 = DEFINITIONAL_REPRESENTATION('',(#9754),#9758);
#9754 = LINE('',#9755,#9756);
#9755 = CARTESIAN_POINT('',(3.14159265359,0.));
#9756 = VECTOR('',#9757,1.);
#9757 = DIRECTION('',(0.,-1.));
#9758 = ( GEOMETRIC_REPRESENTATION_CONTEXT(2) 
PARAMETRIC_REPRESENTATION_CONTEXT() REPRESENTATION_CONTEXT('2D SPACE',''
  ) );
#9759 = ORIENTED_EDGE('',*,*,#1825,.F.);
#9760 = ORIENTED_EDGE('',*,*,#9615,.F.);
#9761 = ADVANCED_FACE('',(#9762),#1874,.F.);
#9762 = FACE_BOUND('',#9763,.F.);
#9763 = EDGE_LOOP('',(#9764,#9765,#9766,#9767));
#9764 = ORIENTED_EDGE('',*,*,#9739,.T.);
#9765 = ORIENTED_EDGE('',*,*,#1853,.T.);
#9766 = ORIENTED_EDGE('',*,*,#9692,.F.);
#9767 = ORIENTED_EDGE('',*,*,#9768,.F.);
#9768 = EDGE_CURVE('',#9717,#9668,#9769,.T.);
#9769 = SURFACE_CURVE('',#9770,(#9775,#9782),.PCURVE_S1.);
#9770 = CIRCLE('',#9771,0.45);
#9771 = AXIS2_PLACEMENT_3D('',#9772,#9773,#9774);
#9772 = CARTESIAN_POINT('',(143.668,-78.218,0.));
#9773 = DIRECTION('',(0.,0.,-1.));
#9774 = DIRECTION('',(6.315935428979E-14,1.,0.));
#9775 = PCURVE('',#1874,#9776);
#9776 = DEFINITIONAL_REPRESENTATION('',(#9777),#9781);
#9777 = LINE('',#9778,#9779);
#9778 = CARTESIAN_POINT('',(0.,-4.6E-02));
#9779 = VECTOR('',#9780,1.);
#9780 = DIRECTION('',(1.,0.));
#9781 = ( GEOMETRIC_REPRESENTATION_CONTEXT(2) 
PARAMETRIC_REPRESENTATION_CONTEXT() REPRESENTATION_CONTEXT('2D SPACE',''
  ) );
#9782 = PCURVE('',#6733,#9783);
#9783 = DEFINITIONAL_REPRESENTATION('',(#9784),#9792);
#9784 = ( BOUNDED_CURVE() B_SPLINE_CURVE(2,(#9785,#9786,#9787,#9788,
#9789,#9790,#9791),.UNSPECIFIED.,.T.,.F.) B_SPLINE_CURVE_WITH_KNOTS((1,2
    ,2,2,2,1),(-2.094395102393,0.,2.094395102393,4.188790204786,
6.28318530718,8.377580409573),.UNSPECIFIED.) CURVE() 
GEOMETRIC_REPRESENTATION_ITEM() RATIONAL_B_SPLINE_CURVE((1.,0.5,1.,0.5,
1.,0.5,1.)) REPRESENTATION_ITEM('') );
#9785 = CARTESIAN_POINT('',(143.668,-77.768));
#9786 = CARTESIAN_POINT('',(144.4474228634,-77.768));
#9787 = CARTESIAN_POINT('',(144.0577114317,-78.443));
#9788 = CARTESIAN_POINT('',(143.668,-79.118));
#9789 = CARTESIAN_POINT('',(143.27828856829,-78.443));
#9790 = CARTESIAN_POINT('',(142.88857713659,-77.768));
#9791 = CARTESIAN_POINT('',(143.668,-77.768));
#9792 = ( GEOMETRIC_REPRESENTATION_CONTEXT(2) 
PARAMETRIC_REPRESENTATION_CONTEXT() REPRESENTATION_CONTEXT('2D SPACE',''
  ) );
#9793 = ADVANCED_FACE('',(#9794),#1937,.F.);
#9794 = FACE_BOUND('',#9795,.F.);
#9795 = EDGE_LOOP('',(#9796,#9819,#9820,#9843));
#9796 = ORIENTED_EDGE('',*,*,#9797,.T.);
#9797 = EDGE_CURVE('',#9798,#1915,#9800,.T.);
#9798 = VERTEX_POINT('',#9799);
#9799 = CARTESIAN_POINT('',(148.068,-77.768,0.));
#9800 = SURFACE_CURVE('',#9801,(#9805,#9812),.PCURVE_S1.);
#9801 = LINE('',#9802,#9803);
#9802 = CARTESIAN_POINT('',(148.068,-77.768,-4.6E-02));
#9803 = VECTOR('',#9804,1.);
#9804 = DIRECTION('',(0.,0.,1.));
#9805 = PCURVE('',#1937,#9806);
#9806 = DEFINITIONAL_REPRESENTATION('',(#9807),#9811);
#9807 = LINE('',#9808,#9809);
#9808 = CARTESIAN_POINT('',(3.14159265359,0.));
#9809 = VECTOR('',#9810,1.);
#9810 = DIRECTION('',(0.,-1.));
#9811 = ( GEOMETRIC_REPRESENTATION_CONTEXT(2) 
PARAMETRIC_REPRESENTATION_CONTEXT() REPRESENTATION_CONTEXT('2D SPACE',''
  ) );
#9812 = PCURVE('',#2024,#9813);
#9813 = DEFINITIONAL_REPRESENTATION('',(#9814),#9818);
#9814 = LINE('',#9815,#9816);
#9815 = CARTESIAN_POINT('',(0.,-0.));
#9816 = VECTOR('',#9817,1.);
#9817 = DIRECTION('',(0.,-1.));
#9818 = ( GEOMETRIC_REPRESENTATION_CONTEXT(2) 
PARAMETRIC_REPRESENTATION_CONTEXT() REPRESENTATION_CONTEXT('2D SPACE',''
  ) );
#9819 = ORIENTED_EDGE('',*,*,#1914,.T.);
#9820 = ORIENTED_EDGE('',*,*,#9821,.F.);
#9821 = EDGE_CURVE('',#9822,#1917,#9824,.T.);
#9822 = VERTEX_POINT('',#9823);
#9823 = CARTESIAN_POINT('',(148.068,-78.668,0.));
#9824 = SURFACE_CURVE('',#9825,(#9829,#9836),.PCURVE_S1.);
#9825 = LINE('',#9826,#9827);
#9826 = CARTESIAN_POINT('',(148.068,-78.668,-4.6E-02));
#9827 = VECTOR('',#9828,1.);
#9828 = DIRECTION('',(0.,0.,1.));
#9829 = PCURVE('',#1937,#9830);
#9830 = DEFINITIONAL_REPRESENTATION('',(#9831),#9835);
#9831 = LINE('',#9832,#9833);
#9832 = CARTESIAN_POINT('',(6.28318530718,0.));
#9833 = VECTOR('',#9834,1.);
#9834 = DIRECTION('',(0.,-1.));
#9835 = ( GEOMETRIC_REPRESENTATION_CONTEXT(2) 
PARAMETRIC_REPRESENTATION_CONTEXT() REPRESENTATION_CONTEXT('2D SPACE',''
  ) );
#9836 = PCURVE('',#1965,#9837);
#9837 = DEFINITIONAL_REPRESENTATION('',(#9838),#9842);
#9838 = LINE('',#9839,#9840);
#9839 = CARTESIAN_POINT('',(0.4,0.));
#9840 = VECTOR('',#9841,1.);
#9841 = DIRECTION('',(0.,-1.));
#9842 = ( GEOMETRIC_REPRESENTATION_CONTEXT(2) 
PARAMETRIC_REPRESENTATION_CONTEXT() REPRESENTATION_CONTEXT('2D SPACE',''
  ) );
#9843 = ORIENTED_EDGE('',*,*,#9844,.F.);
#9844 = EDGE_CURVE('',#9798,#9822,#9845,.T.);
#9845 = SURFACE_CURVE('',#9846,(#9851,#9858),.PCURVE_S1.);
#9846 = CIRCLE('',#9847,0.45);
#9847 = AXIS2_PLACEMENT_3D('',#9848,#9849,#9850);
#9848 = CARTESIAN_POINT('',(148.068,-78.218,0.));
#9849 = DIRECTION('',(0.,-0.,-1.));
#9850 = DIRECTION('',(6.315935428979E-14,-1.,0.));
#9851 = PCURVE('',#1937,#9852);
#9852 = DEFINITIONAL_REPRESENTATION('',(#9853),#9857);
#9853 = LINE('',#9854,#9855);
#9854 = CARTESIAN_POINT('',(0.,-4.6E-02));
#9855 = VECTOR('',#9856,1.);
#9856 = DIRECTION('',(1.,0.));
#9857 = ( GEOMETRIC_REPRESENTATION_CONTEXT(2) 
PARAMETRIC_REPRESENTATION_CONTEXT() REPRESENTATION_CONTEXT('2D SPACE',''
  ) );
#9858 = PCURVE('',#6733,#9859);
#9859 = DEFINITIONAL_REPRESENTATION('',(#9860),#9868);
#9860 = ( BOUNDED_CURVE() B_SPLINE_CURVE(2,(#9861,#9862,#9863,#9864,
#9865,#9866,#9867),.UNSPECIFIED.,.T.,.F.) B_SPLINE_CURVE_WITH_KNOTS((1,2
    ,2,2,2,1),(-2.094395102393,0.,2.094395102393,4.188790204786,
6.28318530718,8.377580409573),.UNSPECIFIED.) CURVE() 
GEOMETRIC_REPRESENTATION_ITEM() RATIONAL_B_SPLINE_CURVE((1.,0.5,1.,0.5,
1.,0.5,1.)) REPRESENTATION_ITEM('') );
#9861 = CARTESIAN_POINT('',(148.068,-78.668));
#9862 = CARTESIAN_POINT('',(147.28857713659,-78.668));
#9863 = CARTESIAN_POINT('',(147.67828856829,-77.993));
#9864 = CARTESIAN_POINT('',(148.068,-77.318));
#9865 = CARTESIAN_POINT('',(148.4577114317,-77.993));
#9866 = CARTESIAN_POINT('',(148.8474228634,-78.668));
#9867 = CARTESIAN_POINT('',(148.068,-78.668));
#9868 = ( GEOMETRIC_REPRESENTATION_CONTEXT(2) 
PARAMETRIC_REPRESENTATION_CONTEXT() REPRESENTATION_CONTEXT('2D SPACE',''
  ) );
#9869 = ADVANCED_FACE('',(#9870),#2024,.T.);
#9870 = FACE_BOUND('',#9871,.T.);
#9871 = EDGE_LOOP('',(#9872,#9895,#9896,#9897));
#9872 = ORIENTED_EDGE('',*,*,#9873,.T.);
#9873 = EDGE_CURVE('',#9874,#9798,#9876,.T.);
#9874 = VERTEX_POINT('',#9875);
#9875 = CARTESIAN_POINT('',(147.668,-77.768,0.));
#9876 = SURFACE_CURVE('',#9877,(#9881,#9888),.PCURVE_S1.);
#9877 = LINE('',#9878,#9879);
#9878 = CARTESIAN_POINT('',(74.034,-77.768,0.));
#9879 = VECTOR('',#9880,1.);
#9880 = DIRECTION('',(1.,0.,0.));
#9881 = PCURVE('',#2024,#9882);
#9882 = DEFINITIONAL_REPRESENTATION('',(#9883),#9887);
#9883 = LINE('',#9884,#9885);
#9884 = CARTESIAN_POINT('',(74.034,-4.6E-02));
#9885 = VECTOR('',#9886,1.);
#9886 = DIRECTION('',(-1.,0.));
#9887 = ( GEOMETRIC_REPRESENTATION_CONTEXT(2) 
PARAMETRIC_REPRESENTATION_CONTEXT() REPRESENTATION_CONTEXT('2D SPACE',''
  ) );
#9888 = PCURVE('',#6733,#9889);
#9889 = DEFINITIONAL_REPRESENTATION('',(#9890),#9894);
#9890 = LINE('',#9891,#9892);
#9891 = CARTESIAN_POINT('',(74.034,-77.768));
#9892 = VECTOR('',#9893,1.);
#9893 = DIRECTION('',(1.,0.));
#9894 = ( GEOMETRIC_REPRESENTATION_CONTEXT(2) 
PARAMETRIC_REPRESENTATION_CONTEXT() REPRESENTATION_CONTEXT('2D SPACE',''
  ) );
#9895 = ORIENTED_EDGE('',*,*,#9797,.T.);
#9896 = ORIENTED_EDGE('',*,*,#2010,.F.);
#9897 = ORIENTED_EDGE('',*,*,#9898,.F.);
#9898 = EDGE_CURVE('',#9874,#1978,#9899,.T.);
#9899 = SURFACE_CURVE('',#9900,(#9904,#9911),.PCURVE_S1.);
#9900 = LINE('',#9901,#9902);
#9901 = CARTESIAN_POINT('',(147.668,-77.768,-4.6E-02));
#9902 = VECTOR('',#9903,1.);
#9903 = DIRECTION('',(0.,0.,1.));
#9904 = PCURVE('',#2024,#9905);
#9905 = DEFINITIONAL_REPRESENTATION('',(#9906),#9910);
#9906 = LINE('',#9907,#9908);
#9907 = CARTESIAN_POINT('',(0.4,0.));
#9908 = VECTOR('',#9909,1.);
#9909 = DIRECTION('',(0.,-1.));
#9910 = ( GEOMETRIC_REPRESENTATION_CONTEXT(2) 
PARAMETRIC_REPRESENTATION_CONTEXT() REPRESENTATION_CONTEXT('2D SPACE',''
  ) );
#9911 = PCURVE('',#1998,#9912);
#9912 = DEFINITIONAL_REPRESENTATION('',(#9913),#9917);
#9913 = LINE('',#9914,#9915);
#9914 = CARTESIAN_POINT('',(6.28318530718,0.));
#9915 = VECTOR('',#9916,1.);
#9916 = DIRECTION('',(0.,-1.));
#9917 = ( GEOMETRIC_REPRESENTATION_CONTEXT(2) 
PARAMETRIC_REPRESENTATION_CONTEXT() REPRESENTATION_CONTEXT('2D SPACE',''
  ) );
#9918 = ADVANCED_FACE('',(#9919),#1965,.T.);
#9919 = FACE_BOUND('',#9920,.T.);
#9920 = EDGE_LOOP('',(#9921,#9944,#9965,#9966));
#9921 = ORIENTED_EDGE('',*,*,#9922,.T.);
#9922 = EDGE_CURVE('',#9822,#9923,#9925,.T.);
#9923 = VERTEX_POINT('',#9924);
#9924 = CARTESIAN_POINT('',(147.668,-78.668,0.));
#9925 = SURFACE_CURVE('',#9926,(#9930,#9937),.PCURVE_S1.);
#9926 = LINE('',#9927,#9928);
#9927 = CARTESIAN_POINT('',(73.834,-78.668,0.));
#9928 = VECTOR('',#9929,1.);
#9929 = DIRECTION('',(-1.,0.,0.));
#9930 = PCURVE('',#1965,#9931);
#9931 = DEFINITIONAL_REPRESENTATION('',(#9932),#9936);
#9932 = LINE('',#9933,#9934);
#9933 = CARTESIAN_POINT('',(-73.834,-4.6E-02));
#9934 = VECTOR('',#9935,1.);
#9935 = DIRECTION('',(-1.,0.));
#9936 = ( GEOMETRIC_REPRESENTATION_CONTEXT(2) 
PARAMETRIC_REPRESENTATION_CONTEXT() REPRESENTATION_CONTEXT('2D SPACE',''
  ) );
#9937 = PCURVE('',#6733,#9938);
#9938 = DEFINITIONAL_REPRESENTATION('',(#9939),#9943);
#9939 = LINE('',#9940,#9941);
#9940 = CARTESIAN_POINT('',(73.834,-78.668));
#9941 = VECTOR('',#9942,1.);
#9942 = DIRECTION('',(-1.,0.));
#9943 = ( GEOMETRIC_REPRESENTATION_CONTEXT(2) 
PARAMETRIC_REPRESENTATION_CONTEXT() REPRESENTATION_CONTEXT('2D SPACE',''
  ) );
#9944 = ORIENTED_EDGE('',*,*,#9945,.T.);
#9945 = EDGE_CURVE('',#9923,#1950,#9946,.T.);
#9946 = SURFACE_CURVE('',#9947,(#9951,#9958),.PCURVE_S1.);
#9947 = LINE('',#9948,#9949);
#9948 = CARTESIAN_POINT('',(147.668,-78.668,-4.6E-02));
#9949 = VECTOR('',#9950,1.);
#9950 = DIRECTION('',(0.,0.,1.));
#9951 = PCURVE('',#1965,#9952);
#9952 = DEFINITIONAL_REPRESENTATION('',(#9953),#9957);
#9953 = LINE('',#9954,#9955);
#9954 = CARTESIAN_POINT('',(0.,0.));
#9955 = VECTOR('',#9956,1.);
#9956 = DIRECTION('',(0.,-1.));
#9957 = ( GEOMETRIC_REPRESENTATION_CONTEXT(2) 
PARAMETRIC_REPRESENTATION_CONTEXT() REPRESENTATION_CONTEXT('2D SPACE',''
  ) );
#9958 = PCURVE('',#1998,#9959);
#9959 = DEFINITIONAL_REPRESENTATION('',(#9960),#9964);
#9960 = LINE('',#9961,#9962);
#9961 = CARTESIAN_POINT('',(3.14159265359,0.));
#9962 = VECTOR('',#9963,1.);
#9963 = DIRECTION('',(0.,-1.));
#9964 = ( GEOMETRIC_REPRESENTATION_CONTEXT(2) 
PARAMETRIC_REPRESENTATION_CONTEXT() REPRESENTATION_CONTEXT('2D SPACE',''
  ) );
#9965 = ORIENTED_EDGE('',*,*,#1949,.F.);
#9966 = ORIENTED_EDGE('',*,*,#9821,.F.);
#9967 = ADVANCED_FACE('',(#9968),#1998,.F.);
#9968 = FACE_BOUND('',#9969,.F.);
#9969 = EDGE_LOOP('',(#9970,#9971,#9972,#9973));
#9970 = ORIENTED_EDGE('',*,*,#9945,.T.);
#9971 = ORIENTED_EDGE('',*,*,#1977,.T.);
#9972 = ORIENTED_EDGE('',*,*,#9898,.F.);
#9973 = ORIENTED_EDGE('',*,*,#9974,.F.);
#9974 = EDGE_CURVE('',#9923,#9874,#9975,.T.);
#9975 = SURFACE_CURVE('',#9976,(#9981,#9988),.PCURVE_S1.);
#9976 = CIRCLE('',#9977,0.45);
#9977 = AXIS2_PLACEMENT_3D('',#9978,#9979,#9980);
#9978 = CARTESIAN_POINT('',(147.668,-78.218,0.));
#9979 = DIRECTION('',(0.,0.,-1.));
#9980 = DIRECTION('',(6.315935428979E-14,1.,0.));
#9981 = PCURVE('',#1998,#9982);
#9982 = DEFINITIONAL_REPRESENTATION('',(#9983),#9987);
#9983 = LINE('',#9984,#9985);
#9984 = CARTESIAN_POINT('',(0.,-4.6E-02));
#9985 = VECTOR('',#9986,1.);
#9986 = DIRECTION('',(1.,0.));
#9987 = ( GEOMETRIC_REPRESENTATION_CONTEXT(2) 
PARAMETRIC_REPRESENTATION_CONTEXT() REPRESENTATION_CONTEXT('2D SPACE',''
  ) );
#9988 = PCURVE('',#6733,#9989);
#9989 = DEFINITIONAL_REPRESENTATION('',(#9990),#9998);
#9990 = ( BOUNDED_CURVE() B_SPLINE_CURVE(2,(#9991,#9992,#9993,#9994,
#9995,#9996,#9997),.UNSPECIFIED.,.T.,.F.) B_SPLINE_CURVE_WITH_KNOTS((1,2
    ,2,2,2,1),(-2.094395102393,0.,2.094395102393,4.188790204786,
6.28318530718,8.377580409573),.UNSPECIFIED.) CURVE() 
GEOMETRIC_REPRESENTATION_ITEM() RATIONAL_B_SPLINE_CURVE((1.,0.5,1.,0.5,
1.,0.5,1.)) REPRESENTATION_ITEM('') );
#9991 = CARTESIAN_POINT('',(147.668,-77.768));
#9992 = CARTESIAN_POINT('',(148.4474228634,-77.768));
#9993 = CARTESIAN_POINT('',(148.0577114317,-78.443));
#9994 = CARTESIAN_POINT('',(147.668,-79.118));
#9995 = CARTESIAN_POINT('',(147.27828856829,-78.443));
#9996 = CARTESIAN_POINT('',(146.88857713659,-77.768));
#9997 = CARTESIAN_POINT('',(147.668,-77.768));
#9998 = ( GEOMETRIC_REPRESENTATION_CONTEXT(2) 
PARAMETRIC_REPRESENTATION_CONTEXT() REPRESENTATION_CONTEXT('2D SPACE',''
  ) );
#9999 = ADVANCED_FACE('',(#10000),#2059,.F.);
#10000 = FACE_BOUND('',#10001,.F.);
#10001 = EDGE_LOOP('',(#10002,#10025,#10026,#10027));
#10002 = ORIENTED_EDGE('',*,*,#10003,.T.);
#10003 = EDGE_CURVE('',#10004,#2039,#10006,.T.);
#10004 = VERTEX_POINT('',#10005);
#10005 = CARTESIAN_POINT('',(136.9714,-74.5904,0.));
#10006 = SEAM_CURVE('',#10007,(#10011,#10018),.PCURVE_S1.);
#10007 = LINE('',#10008,#10009);
#10008 = CARTESIAN_POINT('',(136.9714,-74.5904,-4.6E-02));
#10009 = VECTOR('',#10010,1.);
#10010 = DIRECTION('',(0.,0.,1.));
#10011 = PCURVE('',#2059,#10012);
#10012 = DEFINITIONAL_REPRESENTATION('',(#10013),#10017);
#10013 = LINE('',#10014,#10015);
#10014 = CARTESIAN_POINT('',(0.,0.));
#10015 = VECTOR('',#10016,1.);
#10016 = DIRECTION('',(0.,-1.));
#10017 = ( GEOMETRIC_REPRESENTATION_CONTEXT(2) 
PARAMETRIC_REPRESENTATION_CONTEXT() REPRESENTATION_CONTEXT('2D SPACE',''
  ) );
#10018 = PCURVE('',#2059,#10019);
#10019 = DEFINITIONAL_REPRESENTATION('',(#10020),#10024);
#10020 = LINE('',#10021,#10022);
#10021 = CARTESIAN_POINT('',(6.28318530718,0.));
#10022 = VECTOR('',#10023,1.);
#10023 = DIRECTION('',(0.,-1.));
#10024 = ( GEOMETRIC_REPRESENTATION_CONTEXT(2) 
PARAMETRIC_REPRESENTATION_CONTEXT() REPRESENTATION_CONTEXT('2D SPACE',''
  ) );
#10025 = ORIENTED_EDGE('',*,*,#2038,.T.);
#10026 = ORIENTED_EDGE('',*,*,#10003,.F.);
#10027 = ORIENTED_EDGE('',*,*,#10028,.F.);
#10028 = EDGE_CURVE('',#10004,#10004,#10029,.T.);
#10029 = SURFACE_CURVE('',#10030,(#10035,#10042),.PCURVE_S1.);
#10030 = CIRCLE('',#10031,0.4064);
#10031 = AXIS2_PLACEMENT_3D('',#10032,#10033,#10034);
#10032 = CARTESIAN_POINT('',(136.9714,-74.184,0.));
#10033 = DIRECTION('',(-0.,0.,-1.));
#10034 = DIRECTION('',(-6.993530863781E-14,-1.,0.));
#10035 = PCURVE('',#2059,#10036);
#10036 = DEFINITIONAL_REPRESENTATION('',(#10037),#10041);
#10037 = LINE('',#10038,#10039);
#10038 = CARTESIAN_POINT('',(0.,-4.6E-02));
#10039 = VECTOR('',#10040,1.);
#10040 = DIRECTION('',(1.,0.));
#10041 = ( GEOMETRIC_REPRESENTATION_CONTEXT(2) 
PARAMETRIC_REPRESENTATION_CONTEXT() REPRESENTATION_CONTEXT('2D SPACE',''
  ) );
#10042 = PCURVE('',#6733,#10043);
#10043 = DEFINITIONAL_REPRESENTATION('',(#10044),#10052);
#10044 = ( BOUNDED_CURVE() B_SPLINE_CURVE(2,(#10045,#10046,#10047,#10048
    ,#10049,#10050,#10051),.UNSPECIFIED.,.T.,.F.) 
B_SPLINE_CURVE_WITH_KNOTS((1,2,2,2,2,1),(-2.094395102393,0.,
    2.094395102393,4.188790204786,6.28318530718,8.377580409573),
.UNSPECIFIED.) CURVE() GEOMETRIC_REPRESENTATION_ITEM() 
RATIONAL_B_SPLINE_CURVE((1.,0.5,1.,0.5,1.,0.5,1.)) REPRESENTATION_ITEM(
  '') );
#10045 = CARTESIAN_POINT('',(136.9714,-74.5904));
#10046 = CARTESIAN_POINT('',(136.2674945518,-74.5904));
#10047 = CARTESIAN_POINT('',(136.6194472759,-73.9808));
#10048 = CARTESIAN_POINT('',(136.9714,-73.3712));
#10049 = CARTESIAN_POINT('',(137.32335272409,-73.9808));
#10050 = CARTESIAN_POINT('',(137.67530544819,-74.5904));
#10051 = CARTESIAN_POINT('',(136.9714,-74.5904));
#10052 = ( GEOMETRIC_REPRESENTATION_CONTEXT(2) 
PARAMETRIC_REPRESENTATION_CONTEXT() REPRESENTATION_CONTEXT('2D SPACE',''
  ) );
#10053 = ADVANCED_FACE('',(#10054),#2094,.F.);
#10054 = FACE_BOUND('',#10055,.F.);
#10055 = EDGE_LOOP('',(#10056,#10079,#10080,#10081));
#10056 = ORIENTED_EDGE('',*,*,#10057,.T.);
#10057 = EDGE_CURVE('',#10058,#2074,#10060,.T.);
#10058 = VERTEX_POINT('',#10059);
#10059 = CARTESIAN_POINT('',(136.9714,-72.0504,0.));
#10060 = SEAM_CURVE('',#10061,(#10065,#10072),.PCURVE_S1.);
#10061 = LINE('',#10062,#10063);
#10062 = CARTESIAN_POINT('',(136.9714,-72.0504,-4.6E-02));
#10063 = VECTOR('',#10064,1.);
#10064 = DIRECTION('',(0.,0.,1.));
#10065 = PCURVE('',#2094,#10066);
#10066 = DEFINITIONAL_REPRESENTATION('',(#10067),#10071);
#10067 = LINE('',#10068,#10069);
#10068 = CARTESIAN_POINT('',(0.,0.));
#10069 = VECTOR('',#10070,1.);
#10070 = DIRECTION('',(0.,-1.));
#10071 = ( GEOMETRIC_REPRESENTATION_CONTEXT(2) 
PARAMETRIC_REPRESENTATION_CONTEXT() REPRESENTATION_CONTEXT('2D SPACE',''
  ) );
#10072 = PCURVE('',#2094,#10073);
#10073 = DEFINITIONAL_REPRESENTATION('',(#10074),#10078);
#10074 = LINE('',#10075,#10076);
#10075 = CARTESIAN_POINT('',(6.28318530718,0.));
#10076 = VECTOR('',#10077,1.);
#10077 = DIRECTION('',(0.,-1.));
#10078 = ( GEOMETRIC_REPRESENTATION_CONTEXT(2) 
PARAMETRIC_REPRESENTATION_CONTEXT() REPRESENTATION_CONTEXT('2D SPACE',''
  ) );
#10079 = ORIENTED_EDGE('',*,*,#2073,.T.);
#10080 = ORIENTED_EDGE('',*,*,#10057,.F.);
#10081 = ORIENTED_EDGE('',*,*,#10082,.F.);
#10082 = EDGE_CURVE('',#10058,#10058,#10083,.T.);
#10083 = SURFACE_CURVE('',#10084,(#10089,#10096),.PCURVE_S1.);
#10084 = CIRCLE('',#10085,0.4064);
#10085 = AXIS2_PLACEMENT_3D('',#10086,#10087,#10088);
#10086 = CARTESIAN_POINT('',(136.9714,-71.644,0.));
#10087 = DIRECTION('',(-0.,0.,-1.));
#10088 = DIRECTION('',(-6.993530863781E-14,-1.,0.));
#10089 = PCURVE('',#2094,#10090);
#10090 = DEFINITIONAL_REPRESENTATION('',(#10091),#10095);
#10091 = LINE('',#10092,#10093);
#10092 = CARTESIAN_POINT('',(0.,-4.6E-02));
#10093 = VECTOR('',#10094,1.);
#10094 = DIRECTION('',(1.,0.));
#10095 = ( GEOMETRIC_REPRESENTATION_CONTEXT(2) 
PARAMETRIC_REPRESENTATION_CONTEXT() REPRESENTATION_CONTEXT('2D SPACE',''
  ) );
#10096 = PCURVE('',#6733,#10097);
#10097 = DEFINITIONAL_REPRESENTATION('',(#10098),#10106);
#10098 = ( BOUNDED_CURVE() B_SPLINE_CURVE(2,(#10099,#10100,#10101,#10102
    ,#10103,#10104,#10105),.UNSPECIFIED.,.T.,.F.) 
B_SPLINE_CURVE_WITH_KNOTS((1,2,2,2,2,1),(-2.094395102393,0.,
    2.094395102393,4.188790204786,6.28318530718,8.377580409573),
.UNSPECIFIED.) CURVE() GEOMETRIC_REPRESENTATION_ITEM() 
RATIONAL_B_SPLINE_CURVE((1.,0.5,1.,0.5,1.,0.5,1.)) REPRESENTATION_ITEM(
  '') );
#10099 = CARTESIAN_POINT('',(136.9714,-72.0504));
#10100 = CARTESIAN_POINT('',(136.2674945518,-72.0504));
#10101 = CARTESIAN_POINT('',(136.6194472759,-71.4408));
#10102 = CARTESIAN_POINT('',(136.9714,-70.8312));
#10103 = CARTESIAN_POINT('',(137.32335272409,-71.4408));
#10104 = CARTESIAN_POINT('',(137.67530544819,-72.0504));
#10105 = CARTESIAN_POINT('',(136.9714,-72.0504));
#10106 = ( GEOMETRIC_REPRESENTATION_CONTEXT(2) 
PARAMETRIC_REPRESENTATION_CONTEXT() REPRESENTATION_CONTEXT('2D SPACE',''
  ) );
#10107 = ADVANCED_FACE('',(#10108),#2129,.F.);
#10108 = FACE_BOUND('',#10109,.F.);
#10109 = EDGE_LOOP('',(#10110,#10133,#10134,#10135));
#10110 = ORIENTED_EDGE('',*,*,#10111,.T.);
#10111 = EDGE_CURVE('',#10112,#2109,#10114,.T.);
#10112 = VERTEX_POINT('',#10113);
#10113 = CARTESIAN_POINT('',(157.978,-79.0829,0.));
#10114 = SEAM_CURVE('',#10115,(#10119,#10126),.PCURVE_S1.);
#10115 = LINE('',#10116,#10117);
#10116 = CARTESIAN_POINT('',(157.978,-79.0829,-4.6E-02));
#10117 = VECTOR('',#10118,1.);
#10118 = DIRECTION('',(0.,0.,1.));
#10119 = PCURVE('',#2129,#10120);
#10120 = DEFINITIONAL_REPRESENTATION('',(#10121),#10125);
#10121 = LINE('',#10122,#10123);
#10122 = CARTESIAN_POINT('',(0.,0.));
#10123 = VECTOR('',#10124,1.);
#10124 = DIRECTION('',(0.,-1.));
#10125 = ( GEOMETRIC_REPRESENTATION_CONTEXT(2) 
PARAMETRIC_REPRESENTATION_CONTEXT() REPRESENTATION_CONTEXT('2D SPACE',''
  ) );
#10126 = PCURVE('',#2129,#10127);
#10127 = DEFINITIONAL_REPRESENTATION('',(#10128),#10132);
#10128 = LINE('',#10129,#10130);
#10129 = CARTESIAN_POINT('',(6.28318530718,0.));
#10130 = VECTOR('',#10131,1.);
#10131 = DIRECTION('',(0.,-1.));
#10132 = ( GEOMETRIC_REPRESENTATION_CONTEXT(2) 
PARAMETRIC_REPRESENTATION_CONTEXT() REPRESENTATION_CONTEXT('2D SPACE',''
  ) );
#10133 = ORIENTED_EDGE('',*,*,#2108,.T.);
#10134 = ORIENTED_EDGE('',*,*,#10111,.F.);
#10135 = ORIENTED_EDGE('',*,*,#10136,.F.);
#10136 = EDGE_CURVE('',#10112,#10112,#10137,.T.);
#10137 = SURFACE_CURVE('',#10138,(#10143,#10150),.PCURVE_S1.);
#10138 = CIRCLE('',#10139,0.8509);
#10139 = AXIS2_PLACEMENT_3D('',#10140,#10141,#10142);
#10140 = CARTESIAN_POINT('',(157.978,-78.232,0.));
#10141 = DIRECTION('',(-0.,-0.,-1.));
#10142 = DIRECTION('',(0.,-1.,0.));
#10143 = PCURVE('',#2129,#10144);
#10144 = DEFINITIONAL_REPRESENTATION('',(#10145),#10149);
#10145 = LINE('',#10146,#10147);
#10146 = CARTESIAN_POINT('',(0.,-4.6E-02));
#10147 = VECTOR('',#10148,1.);
#10148 = DIRECTION('',(1.,0.));
#10149 = ( GEOMETRIC_REPRESENTATION_CONTEXT(2) 
PARAMETRIC_REPRESENTATION_CONTEXT() REPRESENTATION_CONTEXT('2D SPACE',''
  ) );
#10150 = PCURVE('',#6733,#10151);
#10151 = DEFINITIONAL_REPRESENTATION('',(#10152),#10160);
#10152 = ( BOUNDED_CURVE() B_SPLINE_CURVE(2,(#10153,#10154,#10155,#10156
    ,#10157,#10158,#10159),.UNSPECIFIED.,.T.,.F.) 
B_SPLINE_CURVE_WITH_KNOTS((1,2,2,2,2,1),(-2.094395102393,0.,
    2.094395102393,4.188790204786,6.28318530718,8.377580409573),
.UNSPECIFIED.) CURVE() GEOMETRIC_REPRESENTATION_ITEM() 
RATIONAL_B_SPLINE_CURVE((1.,0.5,1.,0.5,1.,0.5,1.)) REPRESENTATION_ITEM(
  '') );
#10153 = CARTESIAN_POINT('',(157.978,-79.0829));
#10154 = CARTESIAN_POINT('',(156.50419796784,-79.0829));
#10155 = CARTESIAN_POINT('',(157.24109898392,-77.80655));
#10156 = CARTESIAN_POINT('',(157.978,-76.5302));
#10157 = CARTESIAN_POINT('',(158.71490101608,-77.80655));
#10158 = CARTESIAN_POINT('',(159.45180203216,-79.0829));
#10159 = CARTESIAN_POINT('',(157.978,-79.0829));
#10160 = ( GEOMETRIC_REPRESENTATION_CONTEXT(2) 
PARAMETRIC_REPRESENTATION_CONTEXT() REPRESENTATION_CONTEXT('2D SPACE',''
  ) );
#10161 = ADVANCED_FACE('',(#10162),#2164,.F.);
#10162 = FACE_BOUND('',#10163,.F.);
#10163 = EDGE_LOOP('',(#10164,#10187,#10188,#10189));
#10164 = ORIENTED_EDGE('',*,*,#10165,.T.);
#10165 = EDGE_CURVE('',#10166,#2144,#10168,.T.);
#10166 = VERTEX_POINT('',#10167);
#10167 = CARTESIAN_POINT('',(163.478,-79.9465,0.));
#10168 = SEAM_CURVE('',#10169,(#10173,#10180),.PCURVE_S1.);
#10169 = LINE('',#10170,#10171);
#10170 = CARTESIAN_POINT('',(163.478,-79.9465,-4.6E-02));
#10171 = VECTOR('',#10172,1.);
#10172 = DIRECTION('',(0.,0.,1.));
#10173 = PCURVE('',#2164,#10174);
#10174 = DEFINITIONAL_REPRESENTATION('',(#10175),#10179);
#10175 = LINE('',#10176,#10177);
#10176 = CARTESIAN_POINT('',(0.,0.));
#10177 = VECTOR('',#10178,1.);
#10178 = DIRECTION('',(0.,-1.));
#10179 = ( GEOMETRIC_REPRESENTATION_CONTEXT(2) 
PARAMETRIC_REPRESENTATION_CONTEXT() REPRESENTATION_CONTEXT('2D SPACE',''
  ) );
#10180 = PCURVE('',#2164,#10181);
#10181 = DEFINITIONAL_REPRESENTATION('',(#10182),#10186);
#10182 = LINE('',#10183,#10184);
#10183 = CARTESIAN_POINT('',(6.28318530718,0.));
#10184 = VECTOR('',#10185,1.);
#10185 = DIRECTION('',(0.,-1.));
#10186 = ( GEOMETRIC_REPRESENTATION_CONTEXT(2) 
PARAMETRIC_REPRESENTATION_CONTEXT() REPRESENTATION_CONTEXT('2D SPACE',''
  ) );
#10187 = ORIENTED_EDGE('',*,*,#2143,.T.);
#10188 = ORIENTED_EDGE('',*,*,#10165,.F.);
#10189 = ORIENTED_EDGE('',*,*,#10190,.F.);
#10190 = EDGE_CURVE('',#10166,#10166,#10191,.T.);
#10191 = SURFACE_CURVE('',#10192,(#10197,#10204),.PCURVE_S1.);
#10192 = CIRCLE('',#10193,1.7145);
#10193 = AXIS2_PLACEMENT_3D('',#10194,#10195,#10196);
#10194 = CARTESIAN_POINT('',(163.478,-78.232,0.));
#10195 = DIRECTION('',(-0.,-0.,-1.));
#10196 = DIRECTION('',(0.,-1.,0.));
#10197 = PCURVE('',#2164,#10198);
#10198 = DEFINITIONAL_REPRESENTATION('',(#10199),#10203);
#10199 = LINE('',#10200,#10201);
#10200 = CARTESIAN_POINT('',(0.,-4.6E-02));
#10201 = VECTOR('',#10202,1.);
#10202 = DIRECTION('',(1.,0.));
#10203 = ( GEOMETRIC_REPRESENTATION_CONTEXT(2) 
PARAMETRIC_REPRESENTATION_CONTEXT() REPRESENTATION_CONTEXT('2D SPACE',''
  ) );
#10204 = PCURVE('',#6733,#10205);
#10205 = DEFINITIONAL_REPRESENTATION('',(#10206),#10214);
#10206 = ( BOUNDED_CURVE() B_SPLINE_CURVE(2,(#10207,#10208,#10209,#10210
    ,#10211,#10212,#10213),.UNSPECIFIED.,.T.,.F.) 
B_SPLINE_CURVE_WITH_KNOTS((1,2,2,2,2,1),(-2.094395102393,0.,
    2.094395102393,4.188790204786,6.28318530718,8.377580409573),
.UNSPECIFIED.) CURVE() GEOMETRIC_REPRESENTATION_ITEM() 
RATIONAL_B_SPLINE_CURVE((1.,0.5,1.,0.5,1.,0.5,1.)) REPRESENTATION_ITEM(
  '') );
#10207 = CARTESIAN_POINT('',(163.478,-79.9465));
#10208 = CARTESIAN_POINT('',(160.50839889042,-79.9465));
#10209 = CARTESIAN_POINT('',(161.99319944521,-77.37475));
#10210 = CARTESIAN_POINT('',(163.478,-74.803));
#10211 = CARTESIAN_POINT('',(164.96280055478,-77.37475));
#10212 = CARTESIAN_POINT('',(166.44760110957,-79.9465));
#10213 = CARTESIAN_POINT('',(163.478,-79.9465));
#10214 = ( GEOMETRIC_REPRESENTATION_CONTEXT(2) 
PARAMETRIC_REPRESENTATION_CONTEXT() REPRESENTATION_CONTEXT('2D SPACE',''
  ) );
#10215 = ADVANCED_FACE('',(#10216),#2199,.F.);
#10216 = FACE_BOUND('',#10217,.F.);
#10217 = EDGE_LOOP('',(#10218,#10241,#10242,#10243));
#10218 = ORIENTED_EDGE('',*,*,#10219,.T.);
#10219 = EDGE_CURVE('',#10220,#2179,#10222,.T.);
#10220 = VERTEX_POINT('',#10221);
#10221 = CARTESIAN_POINT('',(152.1914,-74.5904,0.));
#10222 = SEAM_CURVE('',#10223,(#10227,#10234),.PCURVE_S1.);
#10223 = LINE('',#10224,#10225);
#10224 = CARTESIAN_POINT('',(152.1914,-74.5904,-4.6E-02));
#10225 = VECTOR('',#10226,1.);
#10226 = DIRECTION('',(0.,0.,1.));
#10227 = PCURVE('',#2199,#10228);
#10228 = DEFINITIONAL_REPRESENTATION('',(#10229),#10233);
#10229 = LINE('',#10230,#10231);
#10230 = CARTESIAN_POINT('',(0.,0.));
#10231 = VECTOR('',#10232,1.);
#10232 = DIRECTION('',(0.,-1.));
#10233 = ( GEOMETRIC_REPRESENTATION_CONTEXT(2) 
PARAMETRIC_REPRESENTATION_CONTEXT() REPRESENTATION_CONTEXT('2D SPACE',''
  ) );
#10234 = PCURVE('',#2199,#10235);
#10235 = DEFINITIONAL_REPRESENTATION('',(#10236),#10240);
#10236 = LINE('',#10237,#10238);
#10237 = CARTESIAN_POINT('',(6.28318530718,0.));
#10238 = VECTOR('',#10239,1.);
#10239 = DIRECTION('',(0.,-1.));
#10240 = ( GEOMETRIC_REPRESENTATION_CONTEXT(2) 
PARAMETRIC_REPRESENTATION_CONTEXT() REPRESENTATION_CONTEXT('2D SPACE',''
  ) );
#10241 = ORIENTED_EDGE('',*,*,#2178,.T.);
#10242 = ORIENTED_EDGE('',*,*,#10219,.F.);
#10243 = ORIENTED_EDGE('',*,*,#10244,.F.);
#10244 = EDGE_CURVE('',#10220,#10220,#10245,.T.);
#10245 = SURFACE_CURVE('',#10246,(#10251,#10258),.PCURVE_S1.);
#10246 = CIRCLE('',#10247,0.4064);
#10247 = AXIS2_PLACEMENT_3D('',#10248,#10249,#10250);
#10248 = CARTESIAN_POINT('',(152.1914,-74.184,0.));
#10249 = DIRECTION('',(-0.,-0.,-1.));
#10250 = DIRECTION('',(0.,-1.,0.));
#10251 = PCURVE('',#2199,#10252);
#10252 = DEFINITIONAL_REPRESENTATION('',(#10253),#10257);
#10253 = LINE('',#10254,#10255);
#10254 = CARTESIAN_POINT('',(0.,-4.6E-02));
#10255 = VECTOR('',#10256,1.);
#10256 = DIRECTION('',(1.,0.));
#10257 = ( GEOMETRIC_REPRESENTATION_CONTEXT(2) 
PARAMETRIC_REPRESENTATION_CONTEXT() REPRESENTATION_CONTEXT('2D SPACE',''
  ) );
#10258 = PCURVE('',#6733,#10259);
#10259 = DEFINITIONAL_REPRESENTATION('',(#10260),#10268);
#10260 = ( BOUNDED_CURVE() B_SPLINE_CURVE(2,(#10261,#10262,#10263,#10264
    ,#10265,#10266,#10267),.UNSPECIFIED.,.T.,.F.) 
B_SPLINE_CURVE_WITH_KNOTS((1,2,2,2,2,1),(-2.094395102393,0.,
    2.094395102393,4.188790204786,6.28318530718,8.377580409573),
.UNSPECIFIED.) CURVE() GEOMETRIC_REPRESENTATION_ITEM() 
RATIONAL_B_SPLINE_CURVE((1.,0.5,1.,0.5,1.,0.5,1.)) REPRESENTATION_ITEM(
  '') );
#10261 = CARTESIAN_POINT('',(152.1914,-74.5904));
#10262 = CARTESIAN_POINT('',(151.4874945518,-74.5904));
#10263 = CARTESIAN_POINT('',(151.8394472759,-73.9808));
#10264 = CARTESIAN_POINT('',(152.1914,-73.3712));
#10265 = CARTESIAN_POINT('',(152.54335272409,-73.9808));
#10266 = CARTESIAN_POINT('',(152.89530544819,-74.5904));
#10267 = CARTESIAN_POINT('',(152.1914,-74.5904));
#10268 = ( GEOMETRIC_REPRESENTATION_CONTEXT(2) 
PARAMETRIC_REPRESENTATION_CONTEXT() REPRESENTATION_CONTEXT('2D SPACE',''
  ) );
#10269 = ADVANCED_FACE('',(#10270),#2234,.F.);
#10270 = FACE_BOUND('',#10271,.F.);
#10271 = EDGE_LOOP('',(#10272,#10295,#10296,#10297));
#10272 = ORIENTED_EDGE('',*,*,#10273,.T.);
#10273 = EDGE_CURVE('',#10274,#2214,#10276,.T.);
#10274 = VERTEX_POINT('',#10275);
#10275 = CARTESIAN_POINT('',(152.1914,-72.0504,0.));
#10276 = SEAM_CURVE('',#10277,(#10281,#10288),.PCURVE_S1.);
#10277 = LINE('',#10278,#10279);
#10278 = CARTESIAN_POINT('',(152.1914,-72.0504,-4.6E-02));
#10279 = VECTOR('',#10280,1.);
#10280 = DIRECTION('',(0.,0.,1.));
#10281 = PCURVE('',#2234,#10282);
#10282 = DEFINITIONAL_REPRESENTATION('',(#10283),#10287);
#10283 = LINE('',#10284,#10285);
#10284 = CARTESIAN_POINT('',(0.,0.));
#10285 = VECTOR('',#10286,1.);
#10286 = DIRECTION('',(0.,-1.));
#10287 = ( GEOMETRIC_REPRESENTATION_CONTEXT(2) 
PARAMETRIC_REPRESENTATION_CONTEXT() REPRESENTATION_CONTEXT('2D SPACE',''
  ) );
#10288 = PCURVE('',#2234,#10289);
#10289 = DEFINITIONAL_REPRESENTATION('',(#10290),#10294);
#10290 = LINE('',#10291,#10292);
#10291 = CARTESIAN_POINT('',(6.28318530718,0.));
#10292 = VECTOR('',#10293,1.);
#10293 = DIRECTION('',(0.,-1.));
#10294 = ( GEOMETRIC_REPRESENTATION_CONTEXT(2) 
PARAMETRIC_REPRESENTATION_CONTEXT() REPRESENTATION_CONTEXT('2D SPACE',''
  ) );
#10295 = ORIENTED_EDGE('',*,*,#2213,.T.);
#10296 = ORIENTED_EDGE('',*,*,#10273,.F.);
#10297 = ORIENTED_EDGE('',*,*,#10298,.F.);
#10298 = EDGE_CURVE('',#10274,#10274,#10299,.T.);
#10299 = SURFACE_CURVE('',#10300,(#10305,#10312),.PCURVE_S1.);
#10300 = CIRCLE('',#10301,0.4064);
#10301 = AXIS2_PLACEMENT_3D('',#10302,#10303,#10304);
#10302 = CARTESIAN_POINT('',(152.1914,-71.644,0.));
#10303 = DIRECTION('',(-0.,-0.,-1.));
#10304 = DIRECTION('',(0.,-1.,0.));
#10305 = PCURVE('',#2234,#10306);
#10306 = DEFINITIONAL_REPRESENTATION('',(#10307),#10311);
#10307 = LINE('',#10308,#10309);
#10308 = CARTESIAN_POINT('',(0.,-4.6E-02));
#10309 = VECTOR('',#10310,1.);
#10310 = DIRECTION('',(1.,0.));
#10311 = ( GEOMETRIC_REPRESENTATION_CONTEXT(2) 
PARAMETRIC_REPRESENTATION_CONTEXT() REPRESENTATION_CONTEXT('2D SPACE',''
  ) );
#10312 = PCURVE('',#6733,#10313);
#10313 = DEFINITIONAL_REPRESENTATION('',(#10314),#10322);
#10314 = ( BOUNDED_CURVE() B_SPLINE_CURVE(2,(#10315,#10316,#10317,#10318
    ,#10319,#10320,#10321),.UNSPECIFIED.,.T.,.F.) 
B_SPLINE_CURVE_WITH_KNOTS((1,2,2,2,2,1),(-2.094395102393,0.,
    2.094395102393,4.188790204786,6.28318530718,8.377580409573),
.UNSPECIFIED.) CURVE() GEOMETRIC_REPRESENTATION_ITEM() 
RATIONAL_B_SPLINE_CURVE((1.,0.5,1.,0.5,1.,0.5,1.)) REPRESENTATION_ITEM(
  '') );
#10315 = CARTESIAN_POINT('',(152.1914,-72.0504));
#10316 = CARTESIAN_POINT('',(151.4874945518,-72.0504));
#10317 = CARTESIAN_POINT('',(151.8394472759,-71.4408));
#10318 = CARTESIAN_POINT('',(152.1914,-70.8312));
#10319 = CARTESIAN_POINT('',(152.54335272409,-71.4408));
#10320 = CARTESIAN_POINT('',(152.89530544819,-72.0504));
#10321 = CARTESIAN_POINT('',(152.1914,-72.0504));
#10322 = ( GEOMETRIC_REPRESENTATION_CONTEXT(2) 
PARAMETRIC_REPRESENTATION_CONTEXT() REPRESENTATION_CONTEXT('2D SPACE',''
  ) );
#10323 = ADVANCED_FACE('',(#10324),#2269,.F.);
#10324 = FACE_BOUND('',#10325,.F.);
#10325 = EDGE_LOOP('',(#10326,#10349,#10350,#10351));
#10326 = ORIENTED_EDGE('',*,*,#10327,.T.);
#10327 = EDGE_CURVE('',#10328,#2249,#10330,.T.);
#10328 = VERTEX_POINT('',#10329);
#10329 = CARTESIAN_POINT('',(158.258,-74.5273,0.));
#10330 = SEAM_CURVE('',#10331,(#10335,#10342),.PCURVE_S1.);
#10331 = LINE('',#10332,#10333);
#10332 = CARTESIAN_POINT('',(158.258,-74.5273,-4.6E-02));
#10333 = VECTOR('',#10334,1.);
#10334 = DIRECTION('',(0.,0.,1.));
#10335 = PCURVE('',#2269,#10336);
#10336 = DEFINITIONAL_REPRESENTATION('',(#10337),#10341);
#10337 = LINE('',#10338,#10339);
#10338 = CARTESIAN_POINT('',(0.,0.));
#10339 = VECTOR('',#10340,1.);
#10340 = DIRECTION('',(0.,-1.));
#10341 = ( GEOMETRIC_REPRESENTATION_CONTEXT(2) 
PARAMETRIC_REPRESENTATION_CONTEXT() REPRESENTATION_CONTEXT('2D SPACE',''
  ) );
#10342 = PCURVE('',#2269,#10343);
#10343 = DEFINITIONAL_REPRESENTATION('',(#10344),#10348);
#10344 = LINE('',#10345,#10346);
#10345 = CARTESIAN_POINT('',(6.28318530718,0.));
#10346 = VECTOR('',#10347,1.);
#10347 = DIRECTION('',(0.,-1.));
#10348 = ( GEOMETRIC_REPRESENTATION_CONTEXT(2) 
PARAMETRIC_REPRESENTATION_CONTEXT() REPRESENTATION_CONTEXT('2D SPACE',''
  ) );
#10349 = ORIENTED_EDGE('',*,*,#2248,.T.);
#10350 = ORIENTED_EDGE('',*,*,#10327,.F.);
#10351 = ORIENTED_EDGE('',*,*,#10352,.F.);
#10352 = EDGE_CURVE('',#10328,#10328,#10353,.T.);
#10353 = SURFACE_CURVE('',#10354,(#10359,#10366),.PCURVE_S1.);
#10354 = CIRCLE('',#10355,0.4953);
#10355 = AXIS2_PLACEMENT_3D('',#10356,#10357,#10358);
#10356 = CARTESIAN_POINT('',(158.258,-74.032,0.));
#10357 = DIRECTION('',(0.,-0.,-1.));
#10358 = DIRECTION('',(5.738281734384E-14,-1.,0.));
#10359 = PCURVE('',#2269,#10360);
#10360 = DEFINITIONAL_REPRESENTATION('',(#10361),#10365);
#10361 = LINE('',#10362,#10363);
#10362 = CARTESIAN_POINT('',(0.,-4.6E-02));
#10363 = VECTOR('',#10364,1.);
#10364 = DIRECTION('',(1.,0.));
#10365 = ( GEOMETRIC_REPRESENTATION_CONTEXT(2) 
PARAMETRIC_REPRESENTATION_CONTEXT() REPRESENTATION_CONTEXT('2D SPACE',''
  ) );
#10366 = PCURVE('',#6733,#10367);
#10367 = DEFINITIONAL_REPRESENTATION('',(#10368),#10376);
#10368 = ( BOUNDED_CURVE() B_SPLINE_CURVE(2,(#10369,#10370,#10371,#10372
    ,#10373,#10374,#10375),.UNSPECIFIED.,.T.,.F.) 
B_SPLINE_CURVE_WITH_KNOTS((1,2,2,2,2,1),(-2.094395102393,0.,
    2.094395102393,4.188790204786,6.28318530718,8.377580409573),
.UNSPECIFIED.) CURVE() GEOMETRIC_REPRESENTATION_ITEM() 
RATIONAL_B_SPLINE_CURVE((1.,0.5,1.,0.5,1.,0.5,1.)) REPRESENTATION_ITEM(
  '') );
#10369 = CARTESIAN_POINT('',(158.258,-74.5273));
#10370 = CARTESIAN_POINT('',(157.40011523501,-74.5273));
#10371 = CARTESIAN_POINT('',(157.8290576175,-73.78435));
#10372 = CARTESIAN_POINT('',(158.258,-73.0414));
#10373 = CARTESIAN_POINT('',(158.68694238249,-73.78435));
#10374 = CARTESIAN_POINT('',(159.11588476498,-74.5273));
#10375 = CARTESIAN_POINT('',(158.258,-74.5273));
#10376 = ( GEOMETRIC_REPRESENTATION_CONTEXT(2) 
PARAMETRIC_REPRESENTATION_CONTEXT() REPRESENTATION_CONTEXT('2D SPACE',''
  ) );
#10377 = ADVANCED_FACE('',(#10378),#2304,.F.);
#10378 = FACE_BOUND('',#10379,.F.);
#10379 = EDGE_LOOP('',(#10380,#10403,#10404,#10405));
#10380 = ORIENTED_EDGE('',*,*,#10381,.T.);
#10381 = EDGE_CURVE('',#10382,#2284,#10384,.T.);
#10382 = VERTEX_POINT('',#10383);
#10383 = CARTESIAN_POINT('',(181.492,-82.227,0.));
#10384 = SEAM_CURVE('',#10385,(#10389,#10396),.PCURVE_S1.);
#10385 = LINE('',#10386,#10387);
#10386 = CARTESIAN_POINT('',(181.492,-82.227,-4.6E-02));
#10387 = VECTOR('',#10388,1.);
#10388 = DIRECTION('',(0.,0.,1.));
#10389 = PCURVE('',#2304,#10390);
#10390 = DEFINITIONAL_REPRESENTATION('',(#10391),#10395);
#10391 = LINE('',#10392,#10393);
#10392 = CARTESIAN_POINT('',(0.,0.));
#10393 = VECTOR('',#10394,1.);
#10394 = DIRECTION('',(0.,-1.));
#10395 = ( GEOMETRIC_REPRESENTATION_CONTEXT(2) 
PARAMETRIC_REPRESENTATION_CONTEXT() REPRESENTATION_CONTEXT('2D SPACE',''
  ) );
#10396 = PCURVE('',#2304,#10397);
#10397 = DEFINITIONAL_REPRESENTATION('',(#10398),#10402);
#10398 = LINE('',#10399,#10400);
#10399 = CARTESIAN_POINT('',(6.28318530718,0.));
#10400 = VECTOR('',#10401,1.);
#10401 = DIRECTION('',(0.,-1.));
#10402 = ( GEOMETRIC_REPRESENTATION_CONTEXT(2) 
PARAMETRIC_REPRESENTATION_CONTEXT() REPRESENTATION_CONTEXT('2D SPACE',''
  ) );
#10403 = ORIENTED_EDGE('',*,*,#2283,.T.);
#10404 = ORIENTED_EDGE('',*,*,#10381,.F.);
#10405 = ORIENTED_EDGE('',*,*,#10406,.F.);
#10406 = EDGE_CURVE('',#10382,#10382,#10407,.T.);
#10407 = SURFACE_CURVE('',#10408,(#10413,#10420),.PCURVE_S1.);
#10408 = CIRCLE('',#10409,0.635);
#10409 = AXIS2_PLACEMENT_3D('',#10410,#10411,#10412);
#10410 = CARTESIAN_POINT('',(181.492,-81.592,0.));
#10411 = DIRECTION('',(-0.,0.,-1.));
#10412 = DIRECTION('',(-4.47585975282E-14,-1.,0.));
#10413 = PCURVE('',#2304,#10414);
#10414 = DEFINITIONAL_REPRESENTATION('',(#10415),#10419);
#10415 = LINE('',#10416,#10417);
#10416 = CARTESIAN_POINT('',(0.,-4.6E-02));
#10417 = VECTOR('',#10418,1.);
#10418 = DIRECTION('',(1.,0.));
#10419 = ( GEOMETRIC_REPRESENTATION_CONTEXT(2) 
PARAMETRIC_REPRESENTATION_CONTEXT() REPRESENTATION_CONTEXT('2D SPACE',''
  ) );
#10420 = PCURVE('',#6733,#10421);
#10421 = DEFINITIONAL_REPRESENTATION('',(#10422),#10430);
#10422 = ( BOUNDED_CURVE() B_SPLINE_CURVE(2,(#10423,#10424,#10425,#10426
    ,#10427,#10428,#10429),.UNSPECIFIED.,.T.,.F.) 
B_SPLINE_CURVE_WITH_KNOTS((1,2,2,2,2,1),(-2.094395102393,0.,
    2.094395102393,4.188790204786,6.28318530718,8.377580409573),
.UNSPECIFIED.) CURVE() GEOMETRIC_REPRESENTATION_ITEM() 
RATIONAL_B_SPLINE_CURVE((1.,0.5,1.,0.5,1.,0.5,1.)) REPRESENTATION_ITEM(
  '') );
#10423 = CARTESIAN_POINT('',(181.492,-82.227));
#10424 = CARTESIAN_POINT('',(180.39214773719,-82.227));
#10425 = CARTESIAN_POINT('',(180.94207386859,-81.2745));
#10426 = CARTESIAN_POINT('',(181.492,-80.322));
#10427 = CARTESIAN_POINT('',(182.0419261314,-81.2745));
#10428 = CARTESIAN_POINT('',(182.5918522628,-82.227));
#10429 = CARTESIAN_POINT('',(181.492,-82.227));
#10430 = ( GEOMETRIC_REPRESENTATION_CONTEXT(2) 
PARAMETRIC_REPRESENTATION_CONTEXT() REPRESENTATION_CONTEXT('2D SPACE',''
  ) );
#10431 = ADVANCED_FACE('',(#10432),#2339,.F.);
#10432 = FACE_BOUND('',#10433,.F.);
#10433 = EDGE_LOOP('',(#10434,#10457,#10458,#10459));
#10434 = ORIENTED_EDGE('',*,*,#10435,.T.);
#10435 = EDGE_CURVE('',#10436,#2319,#10438,.T.);
#10436 = VERTEX_POINT('',#10437);
#10437 = CARTESIAN_POINT('',(168.978,-79.0829,0.));
#10438 = SEAM_CURVE('',#10439,(#10443,#10450),.PCURVE_S1.);
#10439 = LINE('',#10440,#10441);
#10440 = CARTESIAN_POINT('',(168.978,-79.0829,-4.6E-02));
#10441 = VECTOR('',#10442,1.);
#10442 = DIRECTION('',(0.,0.,1.));
#10443 = PCURVE('',#2339,#10444);
#10444 = DEFINITIONAL_REPRESENTATION('',(#10445),#10449);
#10445 = LINE('',#10446,#10447);
#10446 = CARTESIAN_POINT('',(0.,0.));
#10447 = VECTOR('',#10448,1.);
#10448 = DIRECTION('',(0.,-1.));
#10449 = ( GEOMETRIC_REPRESENTATION_CONTEXT(2) 
PARAMETRIC_REPRESENTATION_CONTEXT() REPRESENTATION_CONTEXT('2D SPACE',''
  ) );
#10450 = PCURVE('',#2339,#10451);
#10451 = DEFINITIONAL_REPRESENTATION('',(#10452),#10456);
#10452 = LINE('',#10453,#10454);
#10453 = CARTESIAN_POINT('',(6.28318530718,0.));
#10454 = VECTOR('',#10455,1.);
#10455 = DIRECTION('',(0.,-1.));
#10456 = ( GEOMETRIC_REPRESENTATION_CONTEXT(2) 
PARAMETRIC_REPRESENTATION_CONTEXT() REPRESENTATION_CONTEXT('2D SPACE',''
  ) );
#10457 = ORIENTED_EDGE('',*,*,#2318,.T.);
#10458 = ORIENTED_EDGE('',*,*,#10435,.F.);
#10459 = ORIENTED_EDGE('',*,*,#10460,.F.);
#10460 = EDGE_CURVE('',#10436,#10436,#10461,.T.);
#10461 = SURFACE_CURVE('',#10462,(#10467,#10474),.PCURVE_S1.);
#10462 = CIRCLE('',#10463,0.8509);
#10463 = AXIS2_PLACEMENT_3D('',#10464,#10465,#10466);
#10464 = CARTESIAN_POINT('',(168.978,-78.232,0.));
#10465 = DIRECTION('',(-0.,-0.,-1.));
#10466 = DIRECTION('',(0.,-1.,0.));
#10467 = PCURVE('',#2339,#10468);
#10468 = DEFINITIONAL_REPRESENTATION('',(#10469),#10473);
#10469 = LINE('',#10470,#10471);
#10470 = CARTESIAN_POINT('',(0.,-4.6E-02));
#10471 = VECTOR('',#10472,1.);
#10472 = DIRECTION('',(1.,0.));
#10473 = ( GEOMETRIC_REPRESENTATION_CONTEXT(2) 
PARAMETRIC_REPRESENTATION_CONTEXT() REPRESENTATION_CONTEXT('2D SPACE',''
  ) );
#10474 = PCURVE('',#6733,#10475);
#10475 = DEFINITIONAL_REPRESENTATION('',(#10476),#10484);
#10476 = ( BOUNDED_CURVE() B_SPLINE_CURVE(2,(#10477,#10478,#10479,#10480
    ,#10481,#10482,#10483),.UNSPECIFIED.,.T.,.F.) 
B_SPLINE_CURVE_WITH_KNOTS((1,2,2,2,2,1),(-2.094395102393,0.,
    2.094395102393,4.188790204786,6.28318530718,8.377580409573),
.UNSPECIFIED.) CURVE() GEOMETRIC_REPRESENTATION_ITEM() 
RATIONAL_B_SPLINE_CURVE((1.,0.5,1.,0.5,1.,0.5,1.)) REPRESENTATION_ITEM(
  '') );
#10477 = CARTESIAN_POINT('',(168.978,-79.0829));
#10478 = CARTESIAN_POINT('',(167.50419796784,-79.0829));
#10479 = CARTESIAN_POINT('',(168.24109898392,-77.80655));
#10480 = CARTESIAN_POINT('',(168.978,-76.5302));
#10481 = CARTESIAN_POINT('',(169.71490101608,-77.80655));
#10482 = CARTESIAN_POINT('',(170.45180203216,-79.0829));
#10483 = CARTESIAN_POINT('',(168.978,-79.0829));
#10484 = ( GEOMETRIC_REPRESENTATION_CONTEXT(2) 
PARAMETRIC_REPRESENTATION_CONTEXT() REPRESENTATION_CONTEXT('2D SPACE',''
  ) );
#10485 = ADVANCED_FACE('',(#10486),#2374,.F.);
#10486 = FACE_BOUND('',#10487,.F.);
#10487 = EDGE_LOOP('',(#10488,#10511,#10512,#10513));
#10488 = ORIENTED_EDGE('',*,*,#10489,.T.);
#10489 = EDGE_CURVE('',#10490,#2354,#10492,.T.);
#10490 = VERTEX_POINT('',#10491);
#10491 = CARTESIAN_POINT('',(176.492,-80.127,0.));
#10492 = SEAM_CURVE('',#10493,(#10497,#10504),.PCURVE_S1.);
#10493 = LINE('',#10494,#10495);
#10494 = CARTESIAN_POINT('',(176.492,-80.127,-4.6E-02));
#10495 = VECTOR('',#10496,1.);
#10496 = DIRECTION('',(0.,0.,1.));
#10497 = PCURVE('',#2374,#10498);
#10498 = DEFINITIONAL_REPRESENTATION('',(#10499),#10503);
#10499 = LINE('',#10500,#10501);
#10500 = CARTESIAN_POINT('',(0.,0.));
#10501 = VECTOR('',#10502,1.);
#10502 = DIRECTION('',(0.,-1.));
#10503 = ( GEOMETRIC_REPRESENTATION_CONTEXT(2) 
PARAMETRIC_REPRESENTATION_CONTEXT() REPRESENTATION_CONTEXT('2D SPACE',''
  ) );
#10504 = PCURVE('',#2374,#10505);
#10505 = DEFINITIONAL_REPRESENTATION('',(#10506),#10510);
#10506 = LINE('',#10507,#10508);
#10507 = CARTESIAN_POINT('',(6.28318530718,0.));
#10508 = VECTOR('',#10509,1.);
#10509 = DIRECTION('',(0.,-1.));
#10510 = ( GEOMETRIC_REPRESENTATION_CONTEXT(2) 
PARAMETRIC_REPRESENTATION_CONTEXT() REPRESENTATION_CONTEXT('2D SPACE',''
  ) );
#10511 = ORIENTED_EDGE('',*,*,#2353,.T.);
#10512 = ORIENTED_EDGE('',*,*,#10489,.F.);
#10513 = ORIENTED_EDGE('',*,*,#10514,.F.);
#10514 = EDGE_CURVE('',#10490,#10490,#10515,.T.);
#10515 = SURFACE_CURVE('',#10516,(#10521,#10528),.PCURVE_S1.);
#10516 = CIRCLE('',#10517,0.635);
#10517 = AXIS2_PLACEMENT_3D('',#10518,#10519,#10520);
#10518 = CARTESIAN_POINT('',(176.492,-79.492,0.));
#10519 = DIRECTION('',(-0.,0.,-1.));
#10520 = DIRECTION('',(-4.475859752819E-14,-1.,0.));
#10521 = PCURVE('',#2374,#10522);
#10522 = DEFINITIONAL_REPRESENTATION('',(#10523),#10527);
#10523 = LINE('',#10524,#10525);
#10524 = CARTESIAN_POINT('',(0.,-4.6E-02));
#10525 = VECTOR('',#10526,1.);
#10526 = DIRECTION('',(1.,0.));
#10527 = ( GEOMETRIC_REPRESENTATION_CONTEXT(2) 
PARAMETRIC_REPRESENTATION_CONTEXT() REPRESENTATION_CONTEXT('2D SPACE',''
  ) );
#10528 = PCURVE('',#6733,#10529);
#10529 = DEFINITIONAL_REPRESENTATION('',(#10530),#10538);
#10530 = ( BOUNDED_CURVE() B_SPLINE_CURVE(2,(#10531,#10532,#10533,#10534
    ,#10535,#10536,#10537),.UNSPECIFIED.,.T.,.F.) 
B_SPLINE_CURVE_WITH_KNOTS((1,2,2,2,2,1),(-2.094395102393,0.,
    2.094395102393,4.188790204786,6.28318530718,8.377580409573),
.UNSPECIFIED.) CURVE() GEOMETRIC_REPRESENTATION_ITEM() 
RATIONAL_B_SPLINE_CURVE((1.,0.5,1.,0.5,1.,0.5,1.)) REPRESENTATION_ITEM(
  '') );
#10531 = CARTESIAN_POINT('',(176.492,-80.127));
#10532 = CARTESIAN_POINT('',(175.39214773719,-80.127));
#10533 = CARTESIAN_POINT('',(175.94207386859,-79.1745));
#10534 = CARTESIAN_POINT('',(176.492,-78.222));
#10535 = CARTESIAN_POINT('',(177.0419261314,-79.1745));
#10536 = CARTESIAN_POINT('',(177.5918522628,-80.127));
#10537 = CARTESIAN_POINT('',(176.492,-80.127));
#10538 = ( GEOMETRIC_REPRESENTATION_CONTEXT(2) 
PARAMETRIC_REPRESENTATION_CONTEXT() REPRESENTATION_CONTEXT('2D SPACE',''
  ) );
#10539 = ADVANCED_FACE('',(#10540),#2409,.F.);
#10540 = FACE_BOUND('',#10541,.F.);
#10541 = EDGE_LOOP('',(#10542,#10565,#10566,#10567));
#10542 = ORIENTED_EDGE('',*,*,#10543,.T.);
#10543 = EDGE_CURVE('',#10544,#2389,#10546,.T.);
#10544 = VERTEX_POINT('',#10545);
#10545 = CARTESIAN_POINT('',(168.698,-74.5273,0.));
#10546 = SEAM_CURVE('',#10547,(#10551,#10558),.PCURVE_S1.);
#10547 = LINE('',#10548,#10549);
#10548 = CARTESIAN_POINT('',(168.698,-74.5273,-4.6E-02));
#10549 = VECTOR('',#10550,1.);
#10550 = DIRECTION('',(0.,0.,1.));
#10551 = PCURVE('',#2409,#10552);
#10552 = DEFINITIONAL_REPRESENTATION('',(#10553),#10557);
#10553 = LINE('',#10554,#10555);
#10554 = CARTESIAN_POINT('',(0.,0.));
#10555 = VECTOR('',#10556,1.);
#10556 = DIRECTION('',(0.,-1.));
#10557 = ( GEOMETRIC_REPRESENTATION_CONTEXT(2) 
PARAMETRIC_REPRESENTATION_CONTEXT() REPRESENTATION_CONTEXT('2D SPACE',''
  ) );
#10558 = PCURVE('',#2409,#10559);
#10559 = DEFINITIONAL_REPRESENTATION('',(#10560),#10564);
#10560 = LINE('',#10561,#10562);
#10561 = CARTESIAN_POINT('',(6.28318530718,0.));
#10562 = VECTOR('',#10563,1.);
#10563 = DIRECTION('',(0.,-1.));
#10564 = ( GEOMETRIC_REPRESENTATION_CONTEXT(2) 
PARAMETRIC_REPRESENTATION_CONTEXT() REPRESENTATION_CONTEXT('2D SPACE',''
  ) );
#10565 = ORIENTED_EDGE('',*,*,#2388,.T.);
#10566 = ORIENTED_EDGE('',*,*,#10543,.F.);
#10567 = ORIENTED_EDGE('',*,*,#10568,.F.);
#10568 = EDGE_CURVE('',#10544,#10544,#10569,.T.);
#10569 = SURFACE_CURVE('',#10570,(#10575,#10582),.PCURVE_S1.);
#10570 = CIRCLE('',#10571,0.4953);
#10571 = AXIS2_PLACEMENT_3D('',#10572,#10573,#10574);
#10572 = CARTESIAN_POINT('',(168.698,-74.032,0.));
#10573 = DIRECTION('',(0.,-0.,-1.));
#10574 = DIRECTION('',(5.738281734384E-14,-1.,0.));
#10575 = PCURVE('',#2409,#10576);
#10576 = DEFINITIONAL_REPRESENTATION('',(#10577),#10581);
#10577 = LINE('',#10578,#10579);
#10578 = CARTESIAN_POINT('',(0.,-4.6E-02));
#10579 = VECTOR('',#10580,1.);
#10580 = DIRECTION('',(1.,0.));
#10581 = ( GEOMETRIC_REPRESENTATION_CONTEXT(2) 
PARAMETRIC_REPRESENTATION_CONTEXT() REPRESENTATION_CONTEXT('2D SPACE',''
  ) );
#10582 = PCURVE('',#6733,#10583);
#10583 = DEFINITIONAL_REPRESENTATION('',(#10584),#10592);
#10584 = ( BOUNDED_CURVE() B_SPLINE_CURVE(2,(#10585,#10586,#10587,#10588
    ,#10589,#10590,#10591),.UNSPECIFIED.,.T.,.F.) 
B_SPLINE_CURVE_WITH_KNOTS((1,2,2,2,2,1),(-2.094395102393,0.,
    2.094395102393,4.188790204786,6.28318530718,8.377580409573),
.UNSPECIFIED.) CURVE() GEOMETRIC_REPRESENTATION_ITEM() 
RATIONAL_B_SPLINE_CURVE((1.,0.5,1.,0.5,1.,0.5,1.)) REPRESENTATION_ITEM(
  '') );
#10585 = CARTESIAN_POINT('',(168.698,-74.5273));
#10586 = CARTESIAN_POINT('',(167.84011523501,-74.5273));
#10587 = CARTESIAN_POINT('',(168.2690576175,-73.78435));
#10588 = CARTESIAN_POINT('',(168.698,-73.0414));
#10589 = CARTESIAN_POINT('',(169.12694238249,-73.78435));
#10590 = CARTESIAN_POINT('',(169.55588476498,-74.5273));
#10591 = CARTESIAN_POINT('',(168.698,-74.5273));
#10592 = ( GEOMETRIC_REPRESENTATION_CONTEXT(2) 
PARAMETRIC_REPRESENTATION_CONTEXT() REPRESENTATION_CONTEXT('2D SPACE',''
  ) );
#10593 = ADVANCED_FACE('',(#10594),#2444,.F.);
#10594 = FACE_BOUND('',#10595,.F.);
#10595 = EDGE_LOOP('',(#10596,#10619,#10620,#10621));
#10596 = ORIENTED_EDGE('',*,*,#10597,.T.);
#10597 = EDGE_CURVE('',#10598,#2424,#10600,.T.);
#10598 = VERTEX_POINT('',#10599);
#10599 = CARTESIAN_POINT('',(175.992,-76.5429,0.));
#10600 = SEAM_CURVE('',#10601,(#10605,#10612),.PCURVE_S1.);
#10601 = LINE('',#10602,#10603);
#10602 = CARTESIAN_POINT('',(175.992,-76.5429,-4.6E-02));
#10603 = VECTOR('',#10604,1.);
#10604 = DIRECTION('',(0.,0.,1.));
#10605 = PCURVE('',#2444,#10606);
#10606 = DEFINITIONAL_REPRESENTATION('',(#10607),#10611);
#10607 = LINE('',#10608,#10609);
#10608 = CARTESIAN_POINT('',(0.,0.));
#10609 = VECTOR('',#10610,1.);
#10610 = DIRECTION('',(0.,-1.));
#10611 = ( GEOMETRIC_REPRESENTATION_CONTEXT(2) 
PARAMETRIC_REPRESENTATION_CONTEXT() REPRESENTATION_CONTEXT('2D SPACE',''
  ) );
#10612 = PCURVE('',#2444,#10613);
#10613 = DEFINITIONAL_REPRESENTATION('',(#10614),#10618);
#10614 = LINE('',#10615,#10616);
#10615 = CARTESIAN_POINT('',(6.28318530718,0.));
#10616 = VECTOR('',#10617,1.);
#10617 = DIRECTION('',(0.,-1.));
#10618 = ( GEOMETRIC_REPRESENTATION_CONTEXT(2) 
PARAMETRIC_REPRESENTATION_CONTEXT() REPRESENTATION_CONTEXT('2D SPACE',''
  ) );
#10619 = ORIENTED_EDGE('',*,*,#2423,.T.);
#10620 = ORIENTED_EDGE('',*,*,#10597,.F.);
#10621 = ORIENTED_EDGE('',*,*,#10622,.F.);
#10622 = EDGE_CURVE('',#10598,#10598,#10623,.T.);
#10623 = SURFACE_CURVE('',#10624,(#10629,#10636),.PCURVE_S1.);
#10624 = CIRCLE('',#10625,0.8509);
#10625 = AXIS2_PLACEMENT_3D('',#10626,#10627,#10628);
#10626 = CARTESIAN_POINT('',(175.992,-75.692,0.));
#10627 = DIRECTION('',(-0.,-0.,-1.));
#10628 = DIRECTION('',(0.,-1.,0.));
#10629 = PCURVE('',#2444,#10630);
#10630 = DEFINITIONAL_REPRESENTATION('',(#10631),#10635);
#10631 = LINE('',#10632,#10633);
#10632 = CARTESIAN_POINT('',(0.,-4.6E-02));
#10633 = VECTOR('',#10634,1.);
#10634 = DIRECTION('',(1.,0.));
#10635 = ( GEOMETRIC_REPRESENTATION_CONTEXT(2) 
PARAMETRIC_REPRESENTATION_CONTEXT() REPRESENTATION_CONTEXT('2D SPACE',''
  ) );
#10636 = PCURVE('',#6733,#10637);
#10637 = DEFINITIONAL_REPRESENTATION('',(#10638),#10646);
#10638 = ( BOUNDED_CURVE() B_SPLINE_CURVE(2,(#10639,#10640,#10641,#10642
    ,#10643,#10644,#10645),.UNSPECIFIED.,.T.,.F.) 
B_SPLINE_CURVE_WITH_KNOTS((1,2,2,2,2,1),(-2.094395102393,0.,
    2.094395102393,4.188790204786,6.28318530718,8.377580409573),
.UNSPECIFIED.) CURVE() GEOMETRIC_REPRESENTATION_ITEM() 
RATIONAL_B_SPLINE_CURVE((1.,0.5,1.,0.5,1.,0.5,1.)) REPRESENTATION_ITEM(
  '') );
#10639 = CARTESIAN_POINT('',(175.992,-76.5429));
#10640 = CARTESIAN_POINT('',(174.51819796784,-76.5429));
#10641 = CARTESIAN_POINT('',(175.25509898392,-75.26655));
#10642 = CARTESIAN_POINT('',(175.992,-73.9902));
#10643 = CARTESIAN_POINT('',(176.72890101608,-75.26655));
#10644 = CARTESIAN_POINT('',(177.46580203216,-76.5429));
#10645 = CARTESIAN_POINT('',(175.992,-76.5429));
#10646 = ( GEOMETRIC_REPRESENTATION_CONTEXT(2) 
PARAMETRIC_REPRESENTATION_CONTEXT() REPRESENTATION_CONTEXT('2D SPACE',''
  ) );
#10647 = ADVANCED_FACE('',(#10648),#2479,.F.);
#10648 = FACE_BOUND('',#10649,.F.);
#10649 = EDGE_LOOP('',(#10650,#10673,#10674,#10675));
#10650 = ORIENTED_EDGE('',*,*,#10651,.T.);
#10651 = EDGE_CURVE('',#10652,#2459,#10654,.T.);
#10652 = VERTEX_POINT('',#10653);
#10653 = CARTESIAN_POINT('',(176.272,-71.9873,0.));
#10654 = SEAM_CURVE('',#10655,(#10659,#10666),.PCURVE_S1.);
#10655 = LINE('',#10656,#10657);
#10656 = CARTESIAN_POINT('',(176.272,-71.9873,-4.6E-02));
#10657 = VECTOR('',#10658,1.);
#10658 = DIRECTION('',(0.,0.,1.));
#10659 = PCURVE('',#2479,#10660);
#10660 = DEFINITIONAL_REPRESENTATION('',(#10661),#10665);
#10661 = LINE('',#10662,#10663);
#10662 = CARTESIAN_POINT('',(0.,0.));
#10663 = VECTOR('',#10664,1.);
#10664 = DIRECTION('',(0.,-1.));
#10665 = ( GEOMETRIC_REPRESENTATION_CONTEXT(2) 
PARAMETRIC_REPRESENTATION_CONTEXT() REPRESENTATION_CONTEXT('2D SPACE',''
  ) );
#10666 = PCURVE('',#2479,#10667);
#10667 = DEFINITIONAL_REPRESENTATION('',(#10668),#10672);
#10668 = LINE('',#10669,#10670);
#10669 = CARTESIAN_POINT('',(6.28318530718,0.));
#10670 = VECTOR('',#10671,1.);
#10671 = DIRECTION('',(0.,-1.));
#10672 = ( GEOMETRIC_REPRESENTATION_CONTEXT(2) 
PARAMETRIC_REPRESENTATION_CONTEXT() REPRESENTATION_CONTEXT('2D SPACE',''
  ) );
#10673 = ORIENTED_EDGE('',*,*,#2458,.T.);
#10674 = ORIENTED_EDGE('',*,*,#10651,.F.);
#10675 = ORIENTED_EDGE('',*,*,#10676,.F.);
#10676 = EDGE_CURVE('',#10652,#10652,#10677,.T.);
#10677 = SURFACE_CURVE('',#10678,(#10683,#10690),.PCURVE_S1.);
#10678 = CIRCLE('',#10679,0.4953);
#10679 = AXIS2_PLACEMENT_3D('',#10680,#10681,#10682);
#10680 = CARTESIAN_POINT('',(176.272,-71.492,0.));
#10681 = DIRECTION('',(-0.,-0.,-1.));
#10682 = DIRECTION('',(0.,-1.,0.));
#10683 = PCURVE('',#2479,#10684);
#10684 = DEFINITIONAL_REPRESENTATION('',(#10685),#10689);
#10685 = LINE('',#10686,#10687);
#10686 = CARTESIAN_POINT('',(0.,-4.6E-02));
#10687 = VECTOR('',#10688,1.);
#10688 = DIRECTION('',(1.,0.));
#10689 = ( GEOMETRIC_REPRESENTATION_CONTEXT(2) 
PARAMETRIC_REPRESENTATION_CONTEXT() REPRESENTATION_CONTEXT('2D SPACE',''
  ) );
#10690 = PCURVE('',#6733,#10691);
#10691 = DEFINITIONAL_REPRESENTATION('',(#10692),#10700);
#10692 = ( BOUNDED_CURVE() B_SPLINE_CURVE(2,(#10693,#10694,#10695,#10696
    ,#10697,#10698,#10699),.UNSPECIFIED.,.T.,.F.) 
B_SPLINE_CURVE_WITH_KNOTS((1,2,2,2,2,1),(-2.094395102393,0.,
    2.094395102393,4.188790204786,6.28318530718,8.377580409573),
.UNSPECIFIED.) CURVE() GEOMETRIC_REPRESENTATION_ITEM() 
RATIONAL_B_SPLINE_CURVE((1.,0.5,1.,0.5,1.,0.5,1.)) REPRESENTATION_ITEM(
  '') );
#10693 = CARTESIAN_POINT('',(176.272,-71.9873));
#10694 = CARTESIAN_POINT('',(175.41411523501,-71.9873));
#10695 = CARTESIAN_POINT('',(175.8430576175,-71.24435));
#10696 = CARTESIAN_POINT('',(176.272,-70.5014));
#10697 = CARTESIAN_POINT('',(176.70094238249,-71.24435));
#10698 = CARTESIAN_POINT('',(177.12988476498,-71.9873));
#10699 = CARTESIAN_POINT('',(176.272,-71.9873));
#10700 = ( GEOMETRIC_REPRESENTATION_CONTEXT(2) 
PARAMETRIC_REPRESENTATION_CONTEXT() REPRESENTATION_CONTEXT('2D SPACE',''
  ) );
#10701 = ADVANCED_FACE('',(#10702),#2514,.F.);
#10702 = FACE_BOUND('',#10703,.F.);
#10703 = EDGE_LOOP('',(#10704,#10727,#10728,#10729));
#10704 = ORIENTED_EDGE('',*,*,#10705,.T.);
#10705 = EDGE_CURVE('',#10706,#2494,#10708,.T.);
#10706 = VERTEX_POINT('',#10707);
#10707 = CARTESIAN_POINT('',(181.492,-77.4065,0.));
#10708 = SEAM_CURVE('',#10709,(#10713,#10720),.PCURVE_S1.);
#10709 = LINE('',#10710,#10711);
#10710 = CARTESIAN_POINT('',(181.492,-77.4065,-4.6E-02));
#10711 = VECTOR('',#10712,1.);
#10712 = DIRECTION('',(0.,0.,1.));
#10713 = PCURVE('',#2514,#10714);
#10714 = DEFINITIONAL_REPRESENTATION('',(#10715),#10719);
#10715 = LINE('',#10716,#10717);
#10716 = CARTESIAN_POINT('',(0.,0.));
#10717 = VECTOR('',#10718,1.);
#10718 = DIRECTION('',(0.,-1.));
#10719 = ( GEOMETRIC_REPRESENTATION_CONTEXT(2) 
PARAMETRIC_REPRESENTATION_CONTEXT() REPRESENTATION_CONTEXT('2D SPACE',''
  ) );
#10720 = PCURVE('',#2514,#10721);
#10721 = DEFINITIONAL_REPRESENTATION('',(#10722),#10726);
#10722 = LINE('',#10723,#10724);
#10723 = CARTESIAN_POINT('',(6.28318530718,0.));
#10724 = VECTOR('',#10725,1.);
#10725 = DIRECTION('',(0.,-1.));
#10726 = ( GEOMETRIC_REPRESENTATION_CONTEXT(2) 
PARAMETRIC_REPRESENTATION_CONTEXT() REPRESENTATION_CONTEXT('2D SPACE',''
  ) );
#10727 = ORIENTED_EDGE('',*,*,#2493,.T.);
#10728 = ORIENTED_EDGE('',*,*,#10705,.F.);
#10729 = ORIENTED_EDGE('',*,*,#10730,.F.);
#10730 = EDGE_CURVE('',#10706,#10706,#10731,.T.);
#10731 = SURFACE_CURVE('',#10732,(#10737,#10744),.PCURVE_S1.);
#10732 = CIRCLE('',#10733,1.7145);
#10733 = AXIS2_PLACEMENT_3D('',#10734,#10735,#10736);
#10734 = CARTESIAN_POINT('',(181.492,-75.692,0.));
#10735 = DIRECTION('',(-0.,0.,-1.));
#10736 = DIRECTION('',(-1.657725834378E-14,-1.,0.));
#10737 = PCURVE('',#2514,#10738);
#10738 = DEFINITIONAL_REPRESENTATION('',(#10739),#10743);
#10739 = LINE('',#10740,#10741);
#10740 = CARTESIAN_POINT('',(0.,-4.6E-02));
#10741 = VECTOR('',#10742,1.);
#10742 = DIRECTION('',(1.,0.));
#10743 = ( GEOMETRIC_REPRESENTATION_CONTEXT(2) 
PARAMETRIC_REPRESENTATION_CONTEXT() REPRESENTATION_CONTEXT('2D SPACE',''
  ) );
#10744 = PCURVE('',#6733,#10745);
#10745 = DEFINITIONAL_REPRESENTATION('',(#10746),#10754);
#10746 = ( BOUNDED_CURVE() B_SPLINE_CURVE(2,(#10747,#10748,#10749,#10750
    ,#10751,#10752,#10753),.UNSPECIFIED.,.T.,.F.) 
B_SPLINE_CURVE_WITH_KNOTS((1,2,2,2,2,1),(-2.094395102393,0.,
    2.094395102393,4.188790204786,6.28318530718,8.377580409573),
.UNSPECIFIED.) CURVE() GEOMETRIC_REPRESENTATION_ITEM() 
RATIONAL_B_SPLINE_CURVE((1.,0.5,1.,0.5,1.,0.5,1.)) REPRESENTATION_ITEM(
  '') );
#10747 = CARTESIAN_POINT('',(181.492,-77.4065));
#10748 = CARTESIAN_POINT('',(178.52239889042,-77.4065));
#10749 = CARTESIAN_POINT('',(180.00719944521,-74.83475));
#10750 = CARTESIAN_POINT('',(181.492,-72.263));
#10751 = CARTESIAN_POINT('',(182.97680055478,-74.83475));
#10752 = CARTESIAN_POINT('',(184.46160110957,-77.4065));
#10753 = CARTESIAN_POINT('',(181.492,-77.4065));
#10754 = ( GEOMETRIC_REPRESENTATION_CONTEXT(2) 
PARAMETRIC_REPRESENTATION_CONTEXT() REPRESENTATION_CONTEXT('2D SPACE',''
  ) );
#10755 = ADVANCED_FACE('',(#10756),#2549,.F.);
#10756 = FACE_BOUND('',#10757,.F.);
#10757 = EDGE_LOOP('',(#10758,#10781,#10782,#10783));
#10758 = ORIENTED_EDGE('',*,*,#10759,.T.);
#10759 = EDGE_CURVE('',#10760,#2529,#10762,.T.);
#10760 = VERTEX_POINT('',#10761);
#10761 = CARTESIAN_POINT('',(186.992,-76.5429,0.));
#10762 = SEAM_CURVE('',#10763,(#10767,#10774),.PCURVE_S1.);
#10763 = LINE('',#10764,#10765);
#10764 = CARTESIAN_POINT('',(186.992,-76.5429,-4.6E-02));
#10765 = VECTOR('',#10766,1.);
#10766 = DIRECTION('',(0.,0.,1.));
#10767 = PCURVE('',#2549,#10768);
#10768 = DEFINITIONAL_REPRESENTATION('',(#10769),#10773);
#10769 = LINE('',#10770,#10771);
#10770 = CARTESIAN_POINT('',(0.,0.));
#10771 = VECTOR('',#10772,1.);
#10772 = DIRECTION('',(0.,-1.));
#10773 = ( GEOMETRIC_REPRESENTATION_CONTEXT(2) 
PARAMETRIC_REPRESENTATION_CONTEXT() REPRESENTATION_CONTEXT('2D SPACE',''
  ) );
#10774 = PCURVE('',#2549,#10775);
#10775 = DEFINITIONAL_REPRESENTATION('',(#10776),#10780);
#10776 = LINE('',#10777,#10778);
#10777 = CARTESIAN_POINT('',(6.28318530718,0.));
#10778 = VECTOR('',#10779,1.);
#10779 = DIRECTION('',(0.,-1.));
#10780 = ( GEOMETRIC_REPRESENTATION_CONTEXT(2) 
PARAMETRIC_REPRESENTATION_CONTEXT() REPRESENTATION_CONTEXT('2D SPACE',''
  ) );
#10781 = ORIENTED_EDGE('',*,*,#2528,.T.);
#10782 = ORIENTED_EDGE('',*,*,#10759,.F.);
#10783 = ORIENTED_EDGE('',*,*,#10784,.F.);
#10784 = EDGE_CURVE('',#10760,#10760,#10785,.T.);
#10785 = SURFACE_CURVE('',#10786,(#10791,#10798),.PCURVE_S1.);
#10786 = CIRCLE('',#10787,0.8509);
#10787 = AXIS2_PLACEMENT_3D('',#10788,#10789,#10790);
#10788 = CARTESIAN_POINT('',(186.992,-75.692,0.));
#10789 = DIRECTION('',(-0.,-0.,-1.));
#10790 = DIRECTION('',(0.,-1.,0.));
#10791 = PCURVE('',#2549,#10792);
#10792 = DEFINITIONAL_REPRESENTATION('',(#10793),#10797);
#10793 = LINE('',#10794,#10795);
#10794 = CARTESIAN_POINT('',(0.,-4.6E-02));
#10795 = VECTOR('',#10796,1.);
#10796 = DIRECTION('',(1.,0.));
#10797 = ( GEOMETRIC_REPRESENTATION_CONTEXT(2) 
PARAMETRIC_REPRESENTATION_CONTEXT() REPRESENTATION_CONTEXT('2D SPACE',''
  ) );
#10798 = PCURVE('',#6733,#10799);
#10799 = DEFINITIONAL_REPRESENTATION('',(#10800),#10808);
#10800 = ( BOUNDED_CURVE() B_SPLINE_CURVE(2,(#10801,#10802,#10803,#10804
    ,#10805,#10806,#10807),.UNSPECIFIED.,.T.,.F.) 
B_SPLINE_CURVE_WITH_KNOTS((1,2,2,2,2,1),(-2.094395102393,0.,
    2.094395102393,4.188790204786,6.28318530718,8.377580409573),
.UNSPECIFIED.) CURVE() GEOMETRIC_REPRESENTATION_ITEM() 
RATIONAL_B_SPLINE_CURVE((1.,0.5,1.,0.5,1.,0.5,1.)) REPRESENTATION_ITEM(
  '') );
#10801 = CARTESIAN_POINT('',(186.992,-76.5429));
#10802 = CARTESIAN_POINT('',(185.51819796784,-76.5429));
#10803 = CARTESIAN_POINT('',(186.25509898392,-75.26655));
#10804 = CARTESIAN_POINT('',(186.992,-73.9902));
#10805 = CARTESIAN_POINT('',(187.72890101608,-75.26655));
#10806 = CARTESIAN_POINT('',(188.46580203216,-76.5429));
#10807 = CARTESIAN_POINT('',(186.992,-76.5429));
#10808 = ( GEOMETRIC_REPRESENTATION_CONTEXT(2) 
PARAMETRIC_REPRESENTATION_CONTEXT() REPRESENTATION_CONTEXT('2D SPACE',''
  ) );
#10809 = ADVANCED_FACE('',(#10810),#2584,.F.);
#10810 = FACE_BOUND('',#10811,.F.);
#10811 = EDGE_LOOP('',(#10812,#10835,#10836,#10837));
#10812 = ORIENTED_EDGE('',*,*,#10813,.T.);
#10813 = EDGE_CURVE('',#10814,#2564,#10816,.T.);
#10814 = VERTEX_POINT('',#10815);
#10815 = CARTESIAN_POINT('',(186.712,-71.9873,0.));
#10816 = SEAM_CURVE('',#10817,(#10821,#10828),.PCURVE_S1.);
#10817 = LINE('',#10818,#10819);
#10818 = CARTESIAN_POINT('',(186.712,-71.9873,-4.6E-02));
#10819 = VECTOR('',#10820,1.);
#10820 = DIRECTION('',(0.,0.,1.));
#10821 = PCURVE('',#2584,#10822);
#10822 = DEFINITIONAL_REPRESENTATION('',(#10823),#10827);
#10823 = LINE('',#10824,#10825);
#10824 = CARTESIAN_POINT('',(0.,0.));
#10825 = VECTOR('',#10826,1.);
#10826 = DIRECTION('',(0.,-1.));
#10827 = ( GEOMETRIC_REPRESENTATION_CONTEXT(2) 
PARAMETRIC_REPRESENTATION_CONTEXT() REPRESENTATION_CONTEXT('2D SPACE',''
  ) );
#10828 = PCURVE('',#2584,#10829);
#10829 = DEFINITIONAL_REPRESENTATION('',(#10830),#10834);
#10830 = LINE('',#10831,#10832);
#10831 = CARTESIAN_POINT('',(6.28318530718,0.));
#10832 = VECTOR('',#10833,1.);
#10833 = DIRECTION('',(0.,-1.));
#10834 = ( GEOMETRIC_REPRESENTATION_CONTEXT(2) 
PARAMETRIC_REPRESENTATION_CONTEXT() REPRESENTATION_CONTEXT('2D SPACE',''
  ) );
#10835 = ORIENTED_EDGE('',*,*,#2563,.T.);
#10836 = ORIENTED_EDGE('',*,*,#10813,.F.);
#10837 = ORIENTED_EDGE('',*,*,#10838,.F.);
#10838 = EDGE_CURVE('',#10814,#10814,#10839,.T.);
#10839 = SURFACE_CURVE('',#10840,(#10845,#10852),.PCURVE_S1.);
#10840 = CIRCLE('',#10841,0.4953);
#10841 = AXIS2_PLACEMENT_3D('',#10842,#10843,#10844);
#10842 = CARTESIAN_POINT('',(186.712,-71.492,0.));
#10843 = DIRECTION('',(-0.,-0.,-1.));
#10844 = DIRECTION('',(0.,-1.,0.));
#10845 = PCURVE('',#2584,#10846);
#10846 = DEFINITIONAL_REPRESENTATION('',(#10847),#10851);
#10847 = LINE('',#10848,#10849);
#10848 = CARTESIAN_POINT('',(0.,-4.6E-02));
#10849 = VECTOR('',#10850,1.);
#10850 = DIRECTION('',(1.,0.));
#10851 = ( GEOMETRIC_REPRESENTATION_CONTEXT(2) 
PARAMETRIC_REPRESENTATION_CONTEXT() REPRESENTATION_CONTEXT('2D SPACE',''
  ) );
#10852 = PCURVE('',#6733,#10853);
#10853 = DEFINITIONAL_REPRESENTATION('',(#10854),#10862);
#10854 = ( BOUNDED_CURVE() B_SPLINE_CURVE(2,(#10855,#10856,#10857,#10858
    ,#10859,#10860,#10861),.UNSPECIFIED.,.T.,.F.) 
B_SPLINE_CURVE_WITH_KNOTS((1,2,2,2,2,1),(-2.094395102393,0.,
    2.094395102393,4.188790204786,6.28318530718,8.377580409573),
.UNSPECIFIED.) CURVE() GEOMETRIC_REPRESENTATION_ITEM() 
RATIONAL_B_SPLINE_CURVE((1.,0.5,1.,0.5,1.,0.5,1.)) REPRESENTATION_ITEM(
  '') );
#10855 = CARTESIAN_POINT('',(186.712,-71.9873));
#10856 = CARTESIAN_POINT('',(185.85411523501,-71.9873));
#10857 = CARTESIAN_POINT('',(186.2830576175,-71.24435));
#10858 = CARTESIAN_POINT('',(186.712,-70.5014));
#10859 = CARTESIAN_POINT('',(187.14094238249,-71.24435));
#10860 = CARTESIAN_POINT('',(187.56988476498,-71.9873));
#10861 = CARTESIAN_POINT('',(186.712,-71.9873));
#10862 = ( GEOMETRIC_REPRESENTATION_CONTEXT(2) 
PARAMETRIC_REPRESENTATION_CONTEXT() REPRESENTATION_CONTEXT('2D SPACE',''
  ) );
#10863 = ADVANCED_FACE('',(#10864),#2619,.F.);
#10864 = FACE_BOUND('',#10865,.F.);
#10865 = EDGE_LOOP('',(#10866,#10889,#10890,#10891));
#10866 = ORIENTED_EDGE('',*,*,#10867,.T.);
#10867 = EDGE_CURVE('',#10868,#2599,#10870,.T.);
#10868 = VERTEX_POINT('',#10869);
#10869 = CARTESIAN_POINT('',(190.484,-72.274,0.));
#10870 = SEAM_CURVE('',#10871,(#10875,#10882),.PCURVE_S1.);
#10871 = LINE('',#10872,#10873);
#10872 = CARTESIAN_POINT('',(190.484,-72.274,-4.6E-02));
#10873 = VECTOR('',#10874,1.);
#10874 = DIRECTION('',(0.,0.,1.));
#10875 = PCURVE('',#2619,#10876);
#10876 = DEFINITIONAL_REPRESENTATION('',(#10877),#10881);
#10877 = LINE('',#10878,#10879);
#10878 = CARTESIAN_POINT('',(0.,0.));
#10879 = VECTOR('',#10880,1.);
#10880 = DIRECTION('',(0.,-1.));
#10881 = ( GEOMETRIC_REPRESENTATION_CONTEXT(2) 
PARAMETRIC_REPRESENTATION_CONTEXT() REPRESENTATION_CONTEXT('2D SPACE',''
  ) );
#10882 = PCURVE('',#2619,#10883);
#10883 = DEFINITIONAL_REPRESENTATION('',(#10884),#10888);
#10884 = LINE('',#10885,#10886);
#10885 = CARTESIAN_POINT('',(6.28318530718,0.));
#10886 = VECTOR('',#10887,1.);
#10887 = DIRECTION('',(0.,-1.));
#10888 = ( GEOMETRIC_REPRESENTATION_CONTEXT(2) 
PARAMETRIC_REPRESENTATION_CONTEXT() REPRESENTATION_CONTEXT('2D SPACE',''
  ) );
#10889 = ORIENTED_EDGE('',*,*,#2598,.T.);
#10890 = ORIENTED_EDGE('',*,*,#10867,.F.);
#10891 = ORIENTED_EDGE('',*,*,#10892,.F.);
#10892 = EDGE_CURVE('',#10868,#10868,#10893,.T.);
#10893 = SURFACE_CURVE('',#10894,(#10899,#10906),.PCURVE_S1.);
#10894 = CIRCLE('',#10895,1.1);
#10895 = AXIS2_PLACEMENT_3D('',#10896,#10897,#10898);
#10896 = CARTESIAN_POINT('',(190.484,-71.174,0.));
#10897 = DIRECTION('',(0.,-0.,-1.));
#10898 = DIRECTION('',(2.5837917664E-14,-1.,0.));
#10899 = PCURVE('',#2619,#10900);
#10900 = DEFINITIONAL_REPRESENTATION('',(#10901),#10905);
#10901 = LINE('',#10902,#10903);
#10902 = CARTESIAN_POINT('',(0.,-4.6E-02));
#10903 = VECTOR('',#10904,1.);
#10904 = DIRECTION('',(1.,0.));
#10905 = ( GEOMETRIC_REPRESENTATION_CONTEXT(2) 
PARAMETRIC_REPRESENTATION_CONTEXT() REPRESENTATION_CONTEXT('2D SPACE',''
  ) );
#10906 = PCURVE('',#6733,#10907);
#10907 = DEFINITIONAL_REPRESENTATION('',(#10908),#10916);
#10908 = ( BOUNDED_CURVE() B_SPLINE_CURVE(2,(#10909,#10910,#10911,#10912
    ,#10913,#10914,#10915),.UNSPECIFIED.,.T.,.F.) 
B_SPLINE_CURVE_WITH_KNOTS((1,2,2,2,2,1),(-2.094395102393,0.,
    2.094395102393,4.188790204786,6.28318530718,8.377580409573),
.UNSPECIFIED.) CURVE() GEOMETRIC_REPRESENTATION_ITEM() 
RATIONAL_B_SPLINE_CURVE((1.,0.5,1.,0.5,1.,0.5,1.)) REPRESENTATION_ITEM(
  '') );
#10909 = CARTESIAN_POINT('',(190.484,-72.274));
#10910 = CARTESIAN_POINT('',(188.57874411167,-72.274));
#10911 = CARTESIAN_POINT('',(189.53137205583,-70.624));
#10912 = CARTESIAN_POINT('',(190.484,-68.974));
#10913 = CARTESIAN_POINT('',(191.43662794416,-70.624));
#10914 = CARTESIAN_POINT('',(192.38925588832,-72.274));
#10915 = CARTESIAN_POINT('',(190.484,-72.274));
#10916 = ( GEOMETRIC_REPRESENTATION_CONTEXT(2) 
PARAMETRIC_REPRESENTATION_CONTEXT() REPRESENTATION_CONTEXT('2D SPACE',''
  ) );
#10917 = ADVANCED_FACE('',(#10918),#2654,.F.);
#10918 = FACE_BOUND('',#10919,.F.);
#10919 = EDGE_LOOP('',(#10920,#10943,#10944,#10945));
#10920 = ORIENTED_EDGE('',*,*,#10921,.T.);
#10921 = EDGE_CURVE('',#10922,#2634,#10924,.T.);
#10922 = VERTEX_POINT('',#10923);
#10923 = CARTESIAN_POINT('',(227.212327,-98.246076,0.));
#10924 = SEAM_CURVE('',#10925,(#10929,#10936),.PCURVE_S1.);
#10925 = LINE('',#10926,#10927);
#10926 = CARTESIAN_POINT('',(227.212327,-98.246076,-4.6E-02));
#10927 = VECTOR('',#10928,1.);
#10928 = DIRECTION('',(0.,0.,1.));
#10929 = PCURVE('',#2654,#10930);
#10930 = DEFINITIONAL_REPRESENTATION('',(#10931),#10935);
#10931 = LINE('',#10932,#10933);
#10932 = CARTESIAN_POINT('',(0.,0.));
#10933 = VECTOR('',#10934,1.);
#10934 = DIRECTION('',(0.,-1.));
#10935 = ( GEOMETRIC_REPRESENTATION_CONTEXT(2) 
PARAMETRIC_REPRESENTATION_CONTEXT() REPRESENTATION_CONTEXT('2D SPACE',''
  ) );
#10936 = PCURVE('',#2654,#10937);
#10937 = DEFINITIONAL_REPRESENTATION('',(#10938),#10942);
#10938 = LINE('',#10939,#10940);
#10939 = CARTESIAN_POINT('',(6.28318530718,0.));
#10940 = VECTOR('',#10941,1.);
#10941 = DIRECTION('',(0.,-1.));
#10942 = ( GEOMETRIC_REPRESENTATION_CONTEXT(2) 
PARAMETRIC_REPRESENTATION_CONTEXT() REPRESENTATION_CONTEXT('2D SPACE',''
  ) );
#10943 = ORIENTED_EDGE('',*,*,#2633,.T.);
#10944 = ORIENTED_EDGE('',*,*,#10921,.F.);
#10945 = ORIENTED_EDGE('',*,*,#10946,.F.);
#10946 = EDGE_CURVE('',#10922,#10922,#10947,.T.);
#10947 = SURFACE_CURVE('',#10948,(#10953,#10960),.PCURVE_S1.);
#10948 = CIRCLE('',#10949,0.635);
#10949 = AXIS2_PLACEMENT_3D('',#10950,#10951,#10952);
#10950 = CARTESIAN_POINT('',(227.212327,-97.611076,0.));
#10951 = DIRECTION('',(-0.,0.,-1.));
#10952 = DIRECTION('',(-4.475859752819E-14,-1.,0.));
#10953 = PCURVE('',#2654,#10954);
#10954 = DEFINITIONAL_REPRESENTATION('',(#10955),#10959);
#10955 = LINE('',#10956,#10957);
#10956 = CARTESIAN_POINT('',(0.,-4.6E-02));
#10957 = VECTOR('',#10958,1.);
#10958 = DIRECTION('',(1.,0.));
#10959 = ( GEOMETRIC_REPRESENTATION_CONTEXT(2) 
PARAMETRIC_REPRESENTATION_CONTEXT() REPRESENTATION_CONTEXT('2D SPACE',''
  ) );
#10960 = PCURVE('',#6733,#10961);
#10961 = DEFINITIONAL_REPRESENTATION('',(#10962),#10970);
#10962 = ( BOUNDED_CURVE() B_SPLINE_CURVE(2,(#10963,#10964,#10965,#10966
    ,#10967,#10968,#10969),.UNSPECIFIED.,.T.,.F.) 
B_SPLINE_CURVE_WITH_KNOTS((1,2,2,2,2,1),(-2.094395102393,0.,
    2.094395102393,4.188790204786,6.28318530718,8.377580409573),
.UNSPECIFIED.) CURVE() GEOMETRIC_REPRESENTATION_ITEM() 
RATIONAL_B_SPLINE_CURVE((1.,0.5,1.,0.5,1.,0.5,1.)) REPRESENTATION_ITEM(
  '') );
#10963 = CARTESIAN_POINT('',(227.212327,-98.246076));
#10964 = CARTESIAN_POINT('',(226.11247473719,-98.246076));
#10965 = CARTESIAN_POINT('',(226.66240086859,-97.293576));
#10966 = CARTESIAN_POINT('',(227.212327,-96.341076));
#10967 = CARTESIAN_POINT('',(227.7622531314,-97.293576));
#10968 = CARTESIAN_POINT('',(228.3121792628,-98.246076));
#10969 = CARTESIAN_POINT('',(227.212327,-98.246076));
#10970 = ( GEOMETRIC_REPRESENTATION_CONTEXT(2) 
PARAMETRIC_REPRESENTATION_CONTEXT() REPRESENTATION_CONTEXT('2D SPACE',''
  ) );
#10971 = ADVANCED_FACE('',(#10972),#2689,.F.);
#10972 = FACE_BOUND('',#10973,.F.);
#10973 = EDGE_LOOP('',(#10974,#10997,#10998,#10999));
#10974 = ORIENTED_EDGE('',*,*,#10975,.T.);
#10975 = EDGE_CURVE('',#10976,#2669,#10978,.T.);
#10976 = VERTEX_POINT('',#10977);
#10977 = CARTESIAN_POINT('',(231.498437,-101.568615,0.));
#10978 = SEAM_CURVE('',#10979,(#10983,#10990),.PCURVE_S1.);
#10979 = LINE('',#10980,#10981);
#10980 = CARTESIAN_POINT('',(231.498437,-101.568615,-4.6E-02));
#10981 = VECTOR('',#10982,1.);
#10982 = DIRECTION('',(0.,0.,1.));
#10983 = PCURVE('',#2689,#10984);
#10984 = DEFINITIONAL_REPRESENTATION('',(#10985),#10989);
#10985 = LINE('',#10986,#10987);
#10986 = CARTESIAN_POINT('',(0.,0.));
#10987 = VECTOR('',#10988,1.);
#10988 = DIRECTION('',(0.,-1.));
#10989 = ( GEOMETRIC_REPRESENTATION_CONTEXT(2) 
PARAMETRIC_REPRESENTATION_CONTEXT() REPRESENTATION_CONTEXT('2D SPACE',''
  ) );
#10990 = PCURVE('',#2689,#10991);
#10991 = DEFINITIONAL_REPRESENTATION('',(#10992),#10996);
#10992 = LINE('',#10993,#10994);
#10993 = CARTESIAN_POINT('',(6.28318530718,0.));
#10994 = VECTOR('',#10995,1.);
#10995 = DIRECTION('',(0.,-1.));
#10996 = ( GEOMETRIC_REPRESENTATION_CONTEXT(2) 
PARAMETRIC_REPRESENTATION_CONTEXT() REPRESENTATION_CONTEXT('2D SPACE',''
  ) );
#10997 = ORIENTED_EDGE('',*,*,#2668,.T.);
#10998 = ORIENTED_EDGE('',*,*,#10975,.F.);
#10999 = ORIENTED_EDGE('',*,*,#11000,.F.);
#11000 = EDGE_CURVE('',#10976,#10976,#11001,.T.);
#11001 = SURFACE_CURVE('',#11002,(#11007,#11014),.PCURVE_S1.);
#11002 = CIRCLE('',#11003,0.635);
#11003 = AXIS2_PLACEMENT_3D('',#11004,#11005,#11006);
#11004 = CARTESIAN_POINT('',(231.498437,-100.933615,0.));
#11005 = DIRECTION('',(-0.,-0.,-1.));
#11006 = DIRECTION('',(0.,-1.,0.));
#11007 = PCURVE('',#2689,#11008);
#11008 = DEFINITIONAL_REPRESENTATION('',(#11009),#11013);
#11009 = LINE('',#11010,#11011);
#11010 = CARTESIAN_POINT('',(0.,-4.6E-02));
#11011 = VECTOR('',#11012,1.);
#11012 = DIRECTION('',(1.,0.));
#11013 = ( GEOMETRIC_REPRESENTATION_CONTEXT(2) 
PARAMETRIC_REPRESENTATION_CONTEXT() REPRESENTATION_CONTEXT('2D SPACE',''
  ) );
#11014 = PCURVE('',#6733,#11015);
#11015 = DEFINITIONAL_REPRESENTATION('',(#11016),#11024);
#11016 = ( BOUNDED_CURVE() B_SPLINE_CURVE(2,(#11017,#11018,#11019,#11020
    ,#11021,#11022,#11023),.UNSPECIFIED.,.T.,.F.) 
B_SPLINE_CURVE_WITH_KNOTS((1,2,2,2,2,1),(-2.094395102393,0.,
    2.094395102393,4.188790204786,6.28318530718,8.377580409573),
.UNSPECIFIED.) CURVE() GEOMETRIC_REPRESENTATION_ITEM() 
RATIONAL_B_SPLINE_CURVE((1.,0.5,1.,0.5,1.,0.5,1.)) REPRESENTATION_ITEM(
  '') );
#11017 = CARTESIAN_POINT('',(231.498437,-101.568615));
#11018 = CARTESIAN_POINT('',(230.39858473719,-101.568615));
#11019 = CARTESIAN_POINT('',(230.94851086859,-100.616115));
#11020 = CARTESIAN_POINT('',(231.498437,-99.663615));
#11021 = CARTESIAN_POINT('',(232.0483631314,-100.616115));
#11022 = CARTESIAN_POINT('',(232.5982892628,-101.568615));
#11023 = CARTESIAN_POINT('',(231.498437,-101.568615));
#11024 = ( GEOMETRIC_REPRESENTATION_CONTEXT(2) 
PARAMETRIC_REPRESENTATION_CONTEXT() REPRESENTATION_CONTEXT('2D SPACE',''
  ) );
#11025 = ADVANCED_FACE('',(#11026),#2724,.F.);
#11026 = FACE_BOUND('',#11027,.F.);
#11027 = EDGE_LOOP('',(#11028,#11051,#11052,#11053));
#11028 = ORIENTED_EDGE('',*,*,#11029,.T.);
#11029 = EDGE_CURVE('',#11030,#2704,#11032,.T.);
#11030 = VERTEX_POINT('',#11031);
#11031 = CARTESIAN_POINT('',(227.712877,-94.662048,0.));
#11032 = SEAM_CURVE('',#11033,(#11037,#11044),.PCURVE_S1.);
#11033 = LINE('',#11034,#11035);
#11034 = CARTESIAN_POINT('',(227.712877,-94.662048,-4.6E-02));
#11035 = VECTOR('',#11036,1.);
#11036 = DIRECTION('',(0.,0.,1.));
#11037 = PCURVE('',#2724,#11038);
#11038 = DEFINITIONAL_REPRESENTATION('',(#11039),#11043);
#11039 = LINE('',#11040,#11041);
#11040 = CARTESIAN_POINT('',(0.,0.));
#11041 = VECTOR('',#11042,1.);
#11042 = DIRECTION('',(0.,-1.));
#11043 = ( GEOMETRIC_REPRESENTATION_CONTEXT(2) 
PARAMETRIC_REPRESENTATION_CONTEXT() REPRESENTATION_CONTEXT('2D SPACE',''
  ) );
#11044 = PCURVE('',#2724,#11045);
#11045 = DEFINITIONAL_REPRESENTATION('',(#11046),#11050);
#11046 = LINE('',#11047,#11048);
#11047 = CARTESIAN_POINT('',(6.28318530718,0.));
#11048 = VECTOR('',#11049,1.);
#11049 = DIRECTION('',(0.,-1.));
#11050 = ( GEOMETRIC_REPRESENTATION_CONTEXT(2) 
PARAMETRIC_REPRESENTATION_CONTEXT() REPRESENTATION_CONTEXT('2D SPACE',''
  ) );
#11051 = ORIENTED_EDGE('',*,*,#2703,.T.);
#11052 = ORIENTED_EDGE('',*,*,#11029,.F.);
#11053 = ORIENTED_EDGE('',*,*,#11054,.F.);
#11054 = EDGE_CURVE('',#11030,#11030,#11055,.T.);
#11055 = SURFACE_CURVE('',#11056,(#11061,#11068),.PCURVE_S1.);
#11056 = CIRCLE('',#11057,0.8509);
#11057 = AXIS2_PLACEMENT_3D('',#11058,#11059,#11060);
#11058 = CARTESIAN_POINT('',(227.712877,-93.811148,0.));
#11059 = DIRECTION('',(-0.,-0.,-1.));
#11060 = DIRECTION('',(0.,-1.,0.));
#11061 = PCURVE('',#2724,#11062);
#11062 = DEFINITIONAL_REPRESENTATION('',(#11063),#11067);
#11063 = LINE('',#11064,#11065);
#11064 = CARTESIAN_POINT('',(0.,-4.6E-02));
#11065 = VECTOR('',#11066,1.);
#11066 = DIRECTION('',(1.,0.));
#11067 = ( GEOMETRIC_REPRESENTATION_CONTEXT(2) 
PARAMETRIC_REPRESENTATION_CONTEXT() REPRESENTATION_CONTEXT('2D SPACE',''
  ) );
#11068 = PCURVE('',#6733,#11069);
#11069 = DEFINITIONAL_REPRESENTATION('',(#11070),#11078);
#11070 = ( BOUNDED_CURVE() B_SPLINE_CURVE(2,(#11071,#11072,#11073,#11074
    ,#11075,#11076,#11077),.UNSPECIFIED.,.T.,.F.) 
B_SPLINE_CURVE_WITH_KNOTS((1,2,2,2,2,1),(-2.094395102393,0.,
    2.094395102393,4.188790204786,6.28318530718,8.377580409573),
.UNSPECIFIED.) CURVE() GEOMETRIC_REPRESENTATION_ITEM() 
RATIONAL_B_SPLINE_CURVE((1.,0.5,1.,0.5,1.,0.5,1.)) REPRESENTATION_ITEM(
  '') );
#11071 = CARTESIAN_POINT('',(227.712877,-94.662048));
#11072 = CARTESIAN_POINT('',(226.23907496784,-94.662048));
#11073 = CARTESIAN_POINT('',(226.97597598392,-93.385698));
#11074 = CARTESIAN_POINT('',(227.712877,-92.109348));
#11075 = CARTESIAN_POINT('',(228.44977801608,-93.385698));
#11076 = CARTESIAN_POINT('',(229.18667903216,-94.662048));
#11077 = CARTESIAN_POINT('',(227.712877,-94.662048));
#11078 = ( GEOMETRIC_REPRESENTATION_CONTEXT(2) 
PARAMETRIC_REPRESENTATION_CONTEXT() REPRESENTATION_CONTEXT('2D SPACE',''
  ) );
#11079 = ADVANCED_FACE('',(#11080),#2759,.F.);
#11080 = FACE_BOUND('',#11081,.F.);
#11081 = EDGE_LOOP('',(#11082,#11105,#11106,#11107));
#11082 = ORIENTED_EDGE('',*,*,#11083,.T.);
#11083 = EDGE_CURVE('',#11084,#2739,#11086,.T.);
#11084 = VERTEX_POINT('',#11085);
#11085 = CARTESIAN_POINT('',(233.025469,-96.949153,0.));
#11086 = SEAM_CURVE('',#11087,(#11091,#11098),.PCURVE_S1.);
#11087 = LINE('',#11088,#11089);
#11088 = CARTESIAN_POINT('',(233.025469,-96.949153,-4.6E-02));
#11089 = VECTOR('',#11090,1.);
#11090 = DIRECTION('',(0.,0.,1.));
#11091 = PCURVE('',#2759,#11092);
#11092 = DEFINITIONAL_REPRESENTATION('',(#11093),#11097);
#11093 = LINE('',#11094,#11095);
#11094 = CARTESIAN_POINT('',(0.,0.));
#11095 = VECTOR('',#11096,1.);
#11096 = DIRECTION('',(0.,-1.));
#11097 = ( GEOMETRIC_REPRESENTATION_CONTEXT(2) 
PARAMETRIC_REPRESENTATION_CONTEXT() REPRESENTATION_CONTEXT('2D SPACE',''
  ) );
#11098 = PCURVE('',#2759,#11099);
#11099 = DEFINITIONAL_REPRESENTATION('',(#11100),#11104);
#11100 = LINE('',#11101,#11102);
#11101 = CARTESIAN_POINT('',(6.28318530718,0.));
#11102 = VECTOR('',#11103,1.);
#11103 = DIRECTION('',(0.,-1.));
#11104 = ( GEOMETRIC_REPRESENTATION_CONTEXT(2) 
PARAMETRIC_REPRESENTATION_CONTEXT() REPRESENTATION_CONTEXT('2D SPACE',''
  ) );
#11105 = ORIENTED_EDGE('',*,*,#2738,.T.);
#11106 = ORIENTED_EDGE('',*,*,#11083,.F.);
#11107 = ORIENTED_EDGE('',*,*,#11108,.F.);
#11108 = EDGE_CURVE('',#11084,#11084,#11109,.T.);
#11109 = SURFACE_CURVE('',#11110,(#11115,#11122),.PCURVE_S1.);
#11110 = CIRCLE('',#11111,1.7145);
#11111 = AXIS2_PLACEMENT_3D('',#11112,#11113,#11114);
#11112 = CARTESIAN_POINT('',(233.025469,-95.234653,0.));
#11113 = DIRECTION('',(-0.,-0.,-1.));
#11114 = DIRECTION('',(0.,-1.,0.));
#11115 = PCURVE('',#2759,#11116);
#11116 = DEFINITIONAL_REPRESENTATION('',(#11117),#11121);
#11117 = LINE('',#11118,#11119);
#11118 = CARTESIAN_POINT('',(0.,-4.6E-02));
#11119 = VECTOR('',#11120,1.);
#11120 = DIRECTION('',(1.,0.));
#11121 = ( GEOMETRIC_REPRESENTATION_CONTEXT(2) 
PARAMETRIC_REPRESENTATION_CONTEXT() REPRESENTATION_CONTEXT('2D SPACE',''
  ) );
#11122 = PCURVE('',#6733,#11123);
#11123 = DEFINITIONAL_REPRESENTATION('',(#11124),#11132);
#11124 = ( BOUNDED_CURVE() B_SPLINE_CURVE(2,(#11125,#11126,#11127,#11128
    ,#11129,#11130,#11131),.UNSPECIFIED.,.T.,.F.) 
B_SPLINE_CURVE_WITH_KNOTS((1,2,2,2,2,1),(-2.094395102393,0.,
    2.094395102393,4.188790204786,6.28318530718,8.377580409573),
.UNSPECIFIED.) CURVE() GEOMETRIC_REPRESENTATION_ITEM() 
RATIONAL_B_SPLINE_CURVE((1.,0.5,1.,0.5,1.,0.5,1.)) REPRESENTATION_ITEM(
  '') );
#11125 = CARTESIAN_POINT('',(233.025469,-96.949153));
#11126 = CARTESIAN_POINT('',(230.05586789042,-96.949153));
#11127 = CARTESIAN_POINT('',(231.54066844521,-94.377403));
#11128 = CARTESIAN_POINT('',(233.025469,-91.805653));
#11129 = CARTESIAN_POINT('',(234.51026955478,-94.377403));
#11130 = CARTESIAN_POINT('',(235.99507010957,-96.949153));
#11131 = CARTESIAN_POINT('',(233.025469,-96.949153));
#11132 = ( GEOMETRIC_REPRESENTATION_CONTEXT(2) 
PARAMETRIC_REPRESENTATION_CONTEXT() REPRESENTATION_CONTEXT('2D SPACE',''
  ) );
#11133 = ADVANCED_FACE('',(#11134),#2794,.F.);
#11134 = FACE_BOUND('',#11135,.F.);
#11135 = EDGE_LOOP('',(#11136,#11159,#11160,#11161));
#11136 = ORIENTED_EDGE('',*,*,#11137,.T.);
#11137 = EDGE_CURVE('',#11138,#2774,#11140,.T.);
#11138 = VERTEX_POINT('',#11139);
#11139 = CARTESIAN_POINT('',(238.338061,-97.509058,0.));
#11140 = SEAM_CURVE('',#11141,(#11145,#11152),.PCURVE_S1.);
#11141 = LINE('',#11142,#11143);
#11142 = CARTESIAN_POINT('',(238.338061,-97.509058,-4.6E-02));
#11143 = VECTOR('',#11144,1.);
#11144 = DIRECTION('',(0.,0.,1.));
#11145 = PCURVE('',#2794,#11146);
#11146 = DEFINITIONAL_REPRESENTATION('',(#11147),#11151);
#11147 = LINE('',#11148,#11149);
#11148 = CARTESIAN_POINT('',(0.,0.));
#11149 = VECTOR('',#11150,1.);
#11150 = DIRECTION('',(0.,-1.));
#11151 = ( GEOMETRIC_REPRESENTATION_CONTEXT(2) 
PARAMETRIC_REPRESENTATION_CONTEXT() REPRESENTATION_CONTEXT('2D SPACE',''
  ) );
#11152 = PCURVE('',#2794,#11153);
#11153 = DEFINITIONAL_REPRESENTATION('',(#11154),#11158);
#11154 = LINE('',#11155,#11156);
#11155 = CARTESIAN_POINT('',(6.28318530718,0.));
#11156 = VECTOR('',#11157,1.);
#11157 = DIRECTION('',(0.,-1.));
#11158 = ( GEOMETRIC_REPRESENTATION_CONTEXT(2) 
PARAMETRIC_REPRESENTATION_CONTEXT() REPRESENTATION_CONTEXT('2D SPACE',''
  ) );
#11159 = ORIENTED_EDGE('',*,*,#2773,.T.);
#11160 = ORIENTED_EDGE('',*,*,#11137,.F.);
#11161 = ORIENTED_EDGE('',*,*,#11162,.F.);
#11162 = EDGE_CURVE('',#11138,#11138,#11163,.T.);
#11163 = SURFACE_CURVE('',#11164,(#11169,#11176),.PCURVE_S1.);
#11164 = CIRCLE('',#11165,0.8509);
#11165 = AXIS2_PLACEMENT_3D('',#11166,#11167,#11168);
#11166 = CARTESIAN_POINT('',(238.338061,-96.658158,0.));
#11167 = DIRECTION('',(0.,-0.,-1.));
#11168 = DIRECTION('',(3.340193845388E-14,-1.,0.));
#11169 = PCURVE('',#2794,#11170);
#11170 = DEFINITIONAL_REPRESENTATION('',(#11171),#11175);
#11171 = LINE('',#11172,#11173);
#11172 = CARTESIAN_POINT('',(0.,-4.6E-02));
#11173 = VECTOR('',#11174,1.);
#11174 = DIRECTION('',(1.,0.));
#11175 = ( GEOMETRIC_REPRESENTATION_CONTEXT(2) 
PARAMETRIC_REPRESENTATION_CONTEXT() REPRESENTATION_CONTEXT('2D SPACE',''
  ) );
#11176 = PCURVE('',#6733,#11177);
#11177 = DEFINITIONAL_REPRESENTATION('',(#11178),#11186);
#11178 = ( BOUNDED_CURVE() B_SPLINE_CURVE(2,(#11179,#11180,#11181,#11182
    ,#11183,#11184,#11185),.UNSPECIFIED.,.T.,.F.) 
B_SPLINE_CURVE_WITH_KNOTS((1,2,2,2,2,1),(-2.094395102393,0.,
    2.094395102393,4.188790204786,6.28318530718,8.377580409573),
.UNSPECIFIED.) CURVE() GEOMETRIC_REPRESENTATION_ITEM() 
RATIONAL_B_SPLINE_CURVE((1.,0.5,1.,0.5,1.,0.5,1.)) REPRESENTATION_ITEM(
  '') );
#11179 = CARTESIAN_POINT('',(238.338061,-97.509058));
#11180 = CARTESIAN_POINT('',(236.86425896784,-97.509058));
#11181 = CARTESIAN_POINT('',(237.60115998392,-96.232708));
#11182 = CARTESIAN_POINT('',(238.338061,-94.956358));
#11183 = CARTESIAN_POINT('',(239.07496201608,-96.232708));
#11184 = CARTESIAN_POINT('',(239.81186303216,-97.509058));
#11185 = CARTESIAN_POINT('',(238.338061,-97.509058));
#11186 = ( GEOMETRIC_REPRESENTATION_CONTEXT(2) 
PARAMETRIC_REPRESENTATION_CONTEXT() REPRESENTATION_CONTEXT('2D SPACE',''
  ) );
#11187 = ADVANCED_FACE('',(#11188),#2829,.F.);
#11188 = FACE_BOUND('',#11189,.F.);
#11189 = EDGE_LOOP('',(#11190,#11213,#11214,#11215));
#11190 = ORIENTED_EDGE('',*,*,#11191,.T.);
#11191 = EDGE_CURVE('',#11192,#2809,#11194,.T.);
#11192 = VERTEX_POINT('',#11193);
#11193 = CARTESIAN_POINT('',(239.154642,-93.0241,0.));
#11194 = SEAM_CURVE('',#11195,(#11199,#11206),.PCURVE_S1.);
#11195 = LINE('',#11196,#11197);
#11196 = CARTESIAN_POINT('',(239.154642,-93.0241,-4.6E-02));
#11197 = VECTOR('',#11198,1.);
#11198 = DIRECTION('',(0.,0.,1.));
#11199 = PCURVE('',#2829,#11200);
#11200 = DEFINITIONAL_REPRESENTATION('',(#11201),#11205);
#11201 = LINE('',#11202,#11203);
#11202 = CARTESIAN_POINT('',(0.,0.));
#11203 = VECTOR('',#11204,1.);
#11204 = DIRECTION('',(0.,-1.));
#11205 = ( GEOMETRIC_REPRESENTATION_CONTEXT(2) 
PARAMETRIC_REPRESENTATION_CONTEXT() REPRESENTATION_CONTEXT('2D SPACE',''
  ) );
#11206 = PCURVE('',#2829,#11207);
#11207 = DEFINITIONAL_REPRESENTATION('',(#11208),#11212);
#11208 = LINE('',#11209,#11210);
#11209 = CARTESIAN_POINT('',(6.28318530718,0.));
#11210 = VECTOR('',#11211,1.);
#11211 = DIRECTION('',(0.,-1.));
#11212 = ( GEOMETRIC_REPRESENTATION_CONTEXT(2) 
PARAMETRIC_REPRESENTATION_CONTEXT() REPRESENTATION_CONTEXT('2D SPACE',''
  ) );
#11213 = ORIENTED_EDGE('',*,*,#2808,.T.);
#11214 = ORIENTED_EDGE('',*,*,#11191,.F.);
#11215 = ORIENTED_EDGE('',*,*,#11216,.F.);
#11216 = EDGE_CURVE('',#11192,#11192,#11217,.T.);
#11217 = SURFACE_CURVE('',#11218,(#11223,#11230),.PCURVE_S1.);
#11218 = CIRCLE('',#11219,0.4953);
#11219 = AXIS2_PLACEMENT_3D('',#11220,#11221,#11222);
#11220 = CARTESIAN_POINT('',(239.154642,-92.5288,0.));
#11221 = DIRECTION('',(-0.,0.,-1.));
#11222 = DIRECTION('',(-5.738281734385E-14,-1.,0.));
#11223 = PCURVE('',#2829,#11224);
#11224 = DEFINITIONAL_REPRESENTATION('',(#11225),#11229);
#11225 = LINE('',#11226,#11227);
#11226 = CARTESIAN_POINT('',(0.,-4.6E-02));
#11227 = VECTOR('',#11228,1.);
#11228 = DIRECTION('',(1.,0.));
#11229 = ( GEOMETRIC_REPRESENTATION_CONTEXT(2) 
PARAMETRIC_REPRESENTATION_CONTEXT() REPRESENTATION_CONTEXT('2D SPACE',''
  ) );
#11230 = PCURVE('',#6733,#11231);
#11231 = DEFINITIONAL_REPRESENTATION('',(#11232),#11240);
#11232 = ( BOUNDED_CURVE() B_SPLINE_CURVE(2,(#11233,#11234,#11235,#11236
    ,#11237,#11238,#11239),.UNSPECIFIED.,.T.,.F.) 
B_SPLINE_CURVE_WITH_KNOTS((1,2,2,2,2,1),(-2.094395102393,0.,
    2.094395102393,4.188790204786,6.28318530718,8.377580409573),
.UNSPECIFIED.) CURVE() GEOMETRIC_REPRESENTATION_ITEM() 
RATIONAL_B_SPLINE_CURVE((1.,0.5,1.,0.5,1.,0.5,1.)) REPRESENTATION_ITEM(
  '') );
#11233 = CARTESIAN_POINT('',(239.154642,-93.0241));
#11234 = CARTESIAN_POINT('',(238.29675723501,-93.0241));
#11235 = CARTESIAN_POINT('',(238.7256996175,-92.28115));
#11236 = CARTESIAN_POINT('',(239.154642,-91.5382));
#11237 = CARTESIAN_POINT('',(239.58358438249,-92.28115));
#11238 = CARTESIAN_POINT('',(240.01252676498,-93.0241));
#11239 = CARTESIAN_POINT('',(239.154642,-93.0241));
#11240 = ( GEOMETRIC_REPRESENTATION_CONTEXT(2) 
PARAMETRIC_REPRESENTATION_CONTEXT() REPRESENTATION_CONTEXT('2D SPACE',''
  ) );
#11241 = ADVANCED_FACE('',(#11242),#2864,.F.);
#11242 = FACE_BOUND('',#11243,.F.);
#11243 = EDGE_LOOP('',(#11244,#11267,#11268,#11269));
#11244 = ORIENTED_EDGE('',*,*,#11245,.T.);
#11245 = EDGE_CURVE('',#11246,#2844,#11248,.T.);
#11246 = VERTEX_POINT('',#11247);
#11247 = CARTESIAN_POINT('',(217.453307,-82.933968,0.));
#11248 = SEAM_CURVE('',#11249,(#11253,#11260),.PCURVE_S1.);
#11249 = LINE('',#11250,#11251);
#11250 = CARTESIAN_POINT('',(217.453307,-82.933968,-4.6E-02));
#11251 = VECTOR('',#11252,1.);
#11252 = DIRECTION('',(0.,0.,1.));
#11253 = PCURVE('',#2864,#11254);
#11254 = DEFINITIONAL_REPRESENTATION('',(#11255),#11259);
#11255 = LINE('',#11256,#11257);
#11256 = CARTESIAN_POINT('',(0.,0.));
#11257 = VECTOR('',#11258,1.);
#11258 = DIRECTION('',(0.,-1.));
#11259 = ( GEOMETRIC_REPRESENTATION_CONTEXT(2) 
PARAMETRIC_REPRESENTATION_CONTEXT() REPRESENTATION_CONTEXT('2D SPACE',''
  ) );
#11260 = PCURVE('',#2864,#11261);
#11261 = DEFINITIONAL_REPRESENTATION('',(#11262),#11266);
#11262 = LINE('',#11263,#11264);
#11263 = CARTESIAN_POINT('',(6.28318530718,0.));
#11264 = VECTOR('',#11265,1.);
#11265 = DIRECTION('',(0.,-1.));
#11266 = ( GEOMETRIC_REPRESENTATION_CONTEXT(2) 
PARAMETRIC_REPRESENTATION_CONTEXT() REPRESENTATION_CONTEXT('2D SPACE',''
  ) );
#11267 = ORIENTED_EDGE('',*,*,#2843,.T.);
#11268 = ORIENTED_EDGE('',*,*,#11245,.F.);
#11269 = ORIENTED_EDGE('',*,*,#11270,.F.);
#11270 = EDGE_CURVE('',#11246,#11246,#11271,.T.);
#11271 = SURFACE_CURVE('',#11272,(#11277,#11284),.PCURVE_S1.);
#11272 = CIRCLE('',#11273,0.635);
#11273 = AXIS2_PLACEMENT_3D('',#11274,#11275,#11276);
#11274 = CARTESIAN_POINT('',(217.453307,-82.298968,0.));
#11275 = DIRECTION('',(-0.,-0.,-1.));
#11276 = DIRECTION('',(0.,-1.,0.));
#11277 = PCURVE('',#2864,#11278);
#11278 = DEFINITIONAL_REPRESENTATION('',(#11279),#11283);
#11279 = LINE('',#11280,#11281);
#11280 = CARTESIAN_POINT('',(0.,-4.6E-02));
#11281 = VECTOR('',#11282,1.);
#11282 = DIRECTION('',(1.,0.));
#11283 = ( GEOMETRIC_REPRESENTATION_CONTEXT(2) 
PARAMETRIC_REPRESENTATION_CONTEXT() REPRESENTATION_CONTEXT('2D SPACE',''
  ) );
#11284 = PCURVE('',#6733,#11285);
#11285 = DEFINITIONAL_REPRESENTATION('',(#11286),#11294);
#11286 = ( BOUNDED_CURVE() B_SPLINE_CURVE(2,(#11287,#11288,#11289,#11290
    ,#11291,#11292,#11293),.UNSPECIFIED.,.T.,.F.) 
B_SPLINE_CURVE_WITH_KNOTS((1,2,2,2,2,1),(-2.094395102393,0.,
    2.094395102393,4.188790204786,6.28318530718,8.377580409573),
.UNSPECIFIED.) CURVE() GEOMETRIC_REPRESENTATION_ITEM() 
RATIONAL_B_SPLINE_CURVE((1.,0.5,1.,0.5,1.,0.5,1.)) REPRESENTATION_ITEM(
  '') );
#11287 = CARTESIAN_POINT('',(217.453307,-82.933968));
#11288 = CARTESIAN_POINT('',(216.35345473719,-82.933968));
#11289 = CARTESIAN_POINT('',(216.90338086859,-81.981468));
#11290 = CARTESIAN_POINT('',(217.453307,-81.028968));
#11291 = CARTESIAN_POINT('',(218.0032331314,-81.981468));
#11292 = CARTESIAN_POINT('',(218.5531592628,-82.933968));
#11293 = CARTESIAN_POINT('',(217.453307,-82.933968));
#11294 = ( GEOMETRIC_REPRESENTATION_CONTEXT(2) 
PARAMETRIC_REPRESENTATION_CONTEXT() REPRESENTATION_CONTEXT('2D SPACE',''
  ) );
#11295 = ADVANCED_FACE('',(#11296),#2899,.F.);
#11296 = FACE_BOUND('',#11297,.F.);
#11297 = EDGE_LOOP('',(#11298,#11321,#11322,#11323));
#11298 = ORIENTED_EDGE('',*,*,#11299,.T.);
#11299 = EDGE_CURVE('',#11300,#2879,#11302,.T.);
#11300 = VERTEX_POINT('',#11301);
#11301 = CARTESIAN_POINT('',(199.48,-76.893,0.));
#11302 = SEAM_CURVE('',#11303,(#11307,#11314),.PCURVE_S1.);
#11303 = LINE('',#11304,#11305);
#11304 = CARTESIAN_POINT('',(199.48,-76.893,-4.6E-02));
#11305 = VECTOR('',#11306,1.);
#11306 = DIRECTION('',(0.,0.,1.));
#11307 = PCURVE('',#2899,#11308);
#11308 = DEFINITIONAL_REPRESENTATION('',(#11309),#11313);
#11309 = LINE('',#11310,#11311);
#11310 = CARTESIAN_POINT('',(0.,0.));
#11311 = VECTOR('',#11312,1.);
#11312 = DIRECTION('',(0.,-1.));
#11313 = ( GEOMETRIC_REPRESENTATION_CONTEXT(2) 
PARAMETRIC_REPRESENTATION_CONTEXT() REPRESENTATION_CONTEXT('2D SPACE',''
  ) );
#11314 = PCURVE('',#2899,#11315);
#11315 = DEFINITIONAL_REPRESENTATION('',(#11316),#11320);
#11316 = LINE('',#11317,#11318);
#11317 = CARTESIAN_POINT('',(6.28318530718,0.));
#11318 = VECTOR('',#11319,1.);
#11319 = DIRECTION('',(0.,-1.));
#11320 = ( GEOMETRIC_REPRESENTATION_CONTEXT(2) 
PARAMETRIC_REPRESENTATION_CONTEXT() REPRESENTATION_CONTEXT('2D SPACE',''
  ) );
#11321 = ORIENTED_EDGE('',*,*,#2878,.T.);
#11322 = ORIENTED_EDGE('',*,*,#11299,.F.);
#11323 = ORIENTED_EDGE('',*,*,#11324,.F.);
#11324 = EDGE_CURVE('',#11300,#11300,#11325,.T.);
#11325 = SURFACE_CURVE('',#11326,(#11331,#11338),.PCURVE_S1.);
#11326 = CIRCLE('',#11327,0.635);
#11327 = AXIS2_PLACEMENT_3D('',#11328,#11329,#11330);
#11328 = CARTESIAN_POINT('',(199.48,-76.258,0.));
#11329 = DIRECTION('',(-0.,0.,-1.));
#11330 = DIRECTION('',(-4.47585975282E-14,-1.,0.));
#11331 = PCURVE('',#2899,#11332);
#11332 = DEFINITIONAL_REPRESENTATION('',(#11333),#11337);
#11333 = LINE('',#11334,#11335);
#11334 = CARTESIAN_POINT('',(0.,-4.6E-02));
#11335 = VECTOR('',#11336,1.);
#11336 = DIRECTION('',(1.,0.));
#11337 = ( GEOMETRIC_REPRESENTATION_CONTEXT(2) 
PARAMETRIC_REPRESENTATION_CONTEXT() REPRESENTATION_CONTEXT('2D SPACE',''
  ) );
#11338 = PCURVE('',#6733,#11339);
#11339 = DEFINITIONAL_REPRESENTATION('',(#11340),#11348);
#11340 = ( BOUNDED_CURVE() B_SPLINE_CURVE(2,(#11341,#11342,#11343,#11344
    ,#11345,#11346,#11347),.UNSPECIFIED.,.T.,.F.) 
B_SPLINE_CURVE_WITH_KNOTS((1,2,2,2,2,1),(-2.094395102393,0.,
    2.094395102393,4.188790204786,6.28318530718,8.377580409573),
.UNSPECIFIED.) CURVE() GEOMETRIC_REPRESENTATION_ITEM() 
RATIONAL_B_SPLINE_CURVE((1.,0.5,1.,0.5,1.,0.5,1.)) REPRESENTATION_ITEM(
  '') );
#11341 = CARTESIAN_POINT('',(199.48,-76.893));
#11342 = CARTESIAN_POINT('',(198.38014773719,-76.893));
#11343 = CARTESIAN_POINT('',(198.93007386859,-75.9405));
#11344 = CARTESIAN_POINT('',(199.48,-74.988));
#11345 = CARTESIAN_POINT('',(200.0299261314,-75.9405));
#11346 = CARTESIAN_POINT('',(200.5798522628,-76.893));
#11347 = CARTESIAN_POINT('',(199.48,-76.893));
#11348 = ( GEOMETRIC_REPRESENTATION_CONTEXT(2) 
PARAMETRIC_REPRESENTATION_CONTEXT() REPRESENTATION_CONTEXT('2D SPACE',''
  ) );
#11349 = ADVANCED_FACE('',(#11350),#2934,.F.);
#11350 = FACE_BOUND('',#11351,.F.);
#11351 = EDGE_LOOP('',(#11352,#11375,#11376,#11377));
#11352 = ORIENTED_EDGE('',*,*,#11353,.T.);
#11353 = EDGE_CURVE('',#11354,#2914,#11356,.T.);
#11354 = VERTEX_POINT('',#11355);
#11355 = CARTESIAN_POINT('',(194.48,-74.793,0.));
#11356 = SEAM_CURVE('',#11357,(#11361,#11368),.PCURVE_S1.);
#11357 = LINE('',#11358,#11359);
#11358 = CARTESIAN_POINT('',(194.48,-74.793,-4.6E-02));
#11359 = VECTOR('',#11360,1.);
#11360 = DIRECTION('',(0.,0.,1.));
#11361 = PCURVE('',#2934,#11362);
#11362 = DEFINITIONAL_REPRESENTATION('',(#11363),#11367);
#11363 = LINE('',#11364,#11365);
#11364 = CARTESIAN_POINT('',(0.,0.));
#11365 = VECTOR('',#11366,1.);
#11366 = DIRECTION('',(0.,-1.));
#11367 = ( GEOMETRIC_REPRESENTATION_CONTEXT(2) 
PARAMETRIC_REPRESENTATION_CONTEXT() REPRESENTATION_CONTEXT('2D SPACE',''
  ) );
#11368 = PCURVE('',#2934,#11369);
#11369 = DEFINITIONAL_REPRESENTATION('',(#11370),#11374);
#11370 = LINE('',#11371,#11372);
#11371 = CARTESIAN_POINT('',(6.28318530718,0.));
#11372 = VECTOR('',#11373,1.);
#11373 = DIRECTION('',(0.,-1.));
#11374 = ( GEOMETRIC_REPRESENTATION_CONTEXT(2) 
PARAMETRIC_REPRESENTATION_CONTEXT() REPRESENTATION_CONTEXT('2D SPACE',''
  ) );
#11375 = ORIENTED_EDGE('',*,*,#2913,.T.);
#11376 = ORIENTED_EDGE('',*,*,#11353,.F.);
#11377 = ORIENTED_EDGE('',*,*,#11378,.F.);
#11378 = EDGE_CURVE('',#11354,#11354,#11379,.T.);
#11379 = SURFACE_CURVE('',#11380,(#11385,#11392),.PCURVE_S1.);
#11380 = CIRCLE('',#11381,0.635);
#11381 = AXIS2_PLACEMENT_3D('',#11382,#11383,#11384);
#11382 = CARTESIAN_POINT('',(194.48,-74.158,0.));
#11383 = DIRECTION('',(-0.,0.,-1.));
#11384 = DIRECTION('',(-4.47585975282E-14,-1.,0.));
#11385 = PCURVE('',#2934,#11386);
#11386 = DEFINITIONAL_REPRESENTATION('',(#11387),#11391);
#11387 = LINE('',#11388,#11389);
#11388 = CARTESIAN_POINT('',(0.,-4.6E-02));
#11389 = VECTOR('',#11390,1.);
#11390 = DIRECTION('',(1.,0.));
#11391 = ( GEOMETRIC_REPRESENTATION_CONTEXT(2) 
PARAMETRIC_REPRESENTATION_CONTEXT() REPRESENTATION_CONTEXT('2D SPACE',''
  ) );
#11392 = PCURVE('',#6733,#11393);
#11393 = DEFINITIONAL_REPRESENTATION('',(#11394),#11402);
#11394 = ( BOUNDED_CURVE() B_SPLINE_CURVE(2,(#11395,#11396,#11397,#11398
    ,#11399,#11400,#11401),.UNSPECIFIED.,.T.,.F.) 
B_SPLINE_CURVE_WITH_KNOTS((1,2,2,2,2,1),(-2.094395102393,0.,
    2.094395102393,4.188790204786,6.28318530718,8.377580409573),
.UNSPECIFIED.) CURVE() GEOMETRIC_REPRESENTATION_ITEM() 
RATIONAL_B_SPLINE_CURVE((1.,0.5,1.,0.5,1.,0.5,1.)) REPRESENTATION_ITEM(
  '') );
#11395 = CARTESIAN_POINT('',(194.48,-74.793));
#11396 = CARTESIAN_POINT('',(193.38014773719,-74.793));
#11397 = CARTESIAN_POINT('',(193.93007386859,-73.8405));
#11398 = CARTESIAN_POINT('',(194.48,-72.888));
#11399 = CARTESIAN_POINT('',(195.0299261314,-73.8405));
#11400 = CARTESIAN_POINT('',(195.5798522628,-74.793));
#11401 = CARTESIAN_POINT('',(194.48,-74.793));
#11402 = ( GEOMETRIC_REPRESENTATION_CONTEXT(2) 
PARAMETRIC_REPRESENTATION_CONTEXT() REPRESENTATION_CONTEXT('2D SPACE',''
  ) );
#11403 = ADVANCED_FACE('',(#11404),#2969,.F.);
#11404 = FACE_BOUND('',#11405,.F.);
#11405 = EDGE_LOOP('',(#11406,#11429,#11430,#11431));
#11406 = ORIENTED_EDGE('',*,*,#11407,.T.);
#11407 = EDGE_CURVE('',#11408,#2949,#11410,.T.);
#11408 = VERTEX_POINT('',#11409);
#11409 = CARTESIAN_POINT('',(212.611975,-80.490301,0.));
#11410 = SEAM_CURVE('',#11411,(#11415,#11422),.PCURVE_S1.);
#11411 = LINE('',#11412,#11413);
#11412 = CARTESIAN_POINT('',(212.611975,-80.490301,-4.6E-02));
#11413 = VECTOR('',#11414,1.);
#11414 = DIRECTION('',(0.,0.,1.));
#11415 = PCURVE('',#2969,#11416);
#11416 = DEFINITIONAL_REPRESENTATION('',(#11417),#11421);
#11417 = LINE('',#11418,#11419);
#11418 = CARTESIAN_POINT('',(0.,0.));
#11419 = VECTOR('',#11420,1.);
#11420 = DIRECTION('',(0.,-1.));
#11421 = ( GEOMETRIC_REPRESENTATION_CONTEXT(2) 
PARAMETRIC_REPRESENTATION_CONTEXT() REPRESENTATION_CONTEXT('2D SPACE',''
  ) );
#11422 = PCURVE('',#2969,#11423);
#11423 = DEFINITIONAL_REPRESENTATION('',(#11424),#11428);
#11424 = LINE('',#11425,#11426);
#11425 = CARTESIAN_POINT('',(6.28318530718,0.));
#11426 = VECTOR('',#11427,1.);
#11427 = DIRECTION('',(0.,-1.));
#11428 = ( GEOMETRIC_REPRESENTATION_CONTEXT(2) 
PARAMETRIC_REPRESENTATION_CONTEXT() REPRESENTATION_CONTEXT('2D SPACE',''
  ) );
#11429 = ORIENTED_EDGE('',*,*,#2948,.T.);
#11430 = ORIENTED_EDGE('',*,*,#11407,.F.);
#11431 = ORIENTED_EDGE('',*,*,#11432,.F.);
#11432 = EDGE_CURVE('',#11408,#11408,#11433,.T.);
#11433 = SURFACE_CURVE('',#11434,(#11439,#11446),.PCURVE_S1.);
#11434 = CIRCLE('',#11435,0.635);
#11435 = AXIS2_PLACEMENT_3D('',#11436,#11437,#11438);
#11436 = CARTESIAN_POINT('',(212.611975,-79.855301,0.));
#11437 = DIRECTION('',(-0.,-0.,-1.));
#11438 = DIRECTION('',(0.,-1.,0.));
#11439 = PCURVE('',#2969,#11440);
#11440 = DEFINITIONAL_REPRESENTATION('',(#11441),#11445);
#11441 = LINE('',#11442,#11443);
#11442 = CARTESIAN_POINT('',(0.,-4.6E-02));
#11443 = VECTOR('',#11444,1.);
#11444 = DIRECTION('',(1.,0.));
#11445 = ( GEOMETRIC_REPRESENTATION_CONTEXT(2) 
PARAMETRIC_REPRESENTATION_CONTEXT() REPRESENTATION_CONTEXT('2D SPACE',''
  ) );
#11446 = PCURVE('',#6733,#11447);
#11447 = DEFINITIONAL_REPRESENTATION('',(#11448),#11456);
#11448 = ( BOUNDED_CURVE() B_SPLINE_CURVE(2,(#11449,#11450,#11451,#11452
    ,#11453,#11454,#11455),.UNSPECIFIED.,.T.,.F.) 
B_SPLINE_CURVE_WITH_KNOTS((1,2,2,2,2,1),(-2.094395102393,0.,
    2.094395102393,4.188790204786,6.28318530718,8.377580409573),
.UNSPECIFIED.) CURVE() GEOMETRIC_REPRESENTATION_ITEM() 
RATIONAL_B_SPLINE_CURVE((1.,0.5,1.,0.5,1.,0.5,1.)) REPRESENTATION_ITEM(
  '') );
#11449 = CARTESIAN_POINT('',(212.611975,-80.490301));
#11450 = CARTESIAN_POINT('',(211.51212273719,-80.490301));
#11451 = CARTESIAN_POINT('',(212.06204886859,-79.537801));
#11452 = CARTESIAN_POINT('',(212.611975,-78.585301));
#11453 = CARTESIAN_POINT('',(213.1619011314,-79.537801));
#11454 = CARTESIAN_POINT('',(213.7118272628,-80.490301));
#11455 = CARTESIAN_POINT('',(212.611975,-80.490301));
#11456 = ( GEOMETRIC_REPRESENTATION_CONTEXT(2) 
PARAMETRIC_REPRESENTATION_CONTEXT() REPRESENTATION_CONTEXT('2D SPACE',''
  ) );
#11457 = ADVANCED_FACE('',(#11458),#3004,.F.);
#11458 = FACE_BOUND('',#11459,.F.);
#11459 = EDGE_LOOP('',(#11460,#11483,#11484,#11485));
#11460 = ORIENTED_EDGE('',*,*,#11461,.T.);
#11461 = EDGE_CURVE('',#11462,#2984,#11464,.T.);
#11462 = VERTEX_POINT('',#11463);
#11463 = CARTESIAN_POINT('',(212.378268,-76.880579,0.));
#11464 = SEAM_CURVE('',#11465,(#11469,#11476),.PCURVE_S1.);
#11465 = LINE('',#11466,#11467);
#11466 = CARTESIAN_POINT('',(212.378268,-76.880579,-4.6E-02));
#11467 = VECTOR('',#11468,1.);
#11468 = DIRECTION('',(0.,0.,1.));
#11469 = PCURVE('',#3004,#11470);
#11470 = DEFINITIONAL_REPRESENTATION('',(#11471),#11475);
#11471 = LINE('',#11472,#11473);
#11472 = CARTESIAN_POINT('',(0.,0.));
#11473 = VECTOR('',#11474,1.);
#11474 = DIRECTION('',(0.,-1.));
#11475 = ( GEOMETRIC_REPRESENTATION_CONTEXT(2) 
PARAMETRIC_REPRESENTATION_CONTEXT() REPRESENTATION_CONTEXT('2D SPACE',''
  ) );
#11476 = PCURVE('',#3004,#11477);
#11477 = DEFINITIONAL_REPRESENTATION('',(#11478),#11482);
#11478 = LINE('',#11479,#11480);
#11479 = CARTESIAN_POINT('',(6.28318530718,0.));
#11480 = VECTOR('',#11481,1.);
#11481 = DIRECTION('',(0.,-1.));
#11482 = ( GEOMETRIC_REPRESENTATION_CONTEXT(2) 
PARAMETRIC_REPRESENTATION_CONTEXT() REPRESENTATION_CONTEXT('2D SPACE',''
  ) );
#11483 = ORIENTED_EDGE('',*,*,#2983,.T.);
#11484 = ORIENTED_EDGE('',*,*,#11461,.F.);
#11485 = ORIENTED_EDGE('',*,*,#11486,.F.);
#11486 = EDGE_CURVE('',#11462,#11462,#11487,.T.);
#11487 = SURFACE_CURVE('',#11488,(#11493,#11500),.PCURVE_S1.);
#11488 = CIRCLE('',#11489,0.8509);
#11489 = AXIS2_PLACEMENT_3D('',#11490,#11491,#11492);
#11490 = CARTESIAN_POINT('',(212.378268,-76.029679,0.));
#11491 = DIRECTION('',(-0.,-0.,-1.));
#11492 = DIRECTION('',(0.,-1.,0.));
#11493 = PCURVE('',#3004,#11494);
#11494 = DEFINITIONAL_REPRESENTATION('',(#11495),#11499);
#11495 = LINE('',#11496,#11497);
#11496 = CARTESIAN_POINT('',(0.,-4.6E-02));
#11497 = VECTOR('',#11498,1.);
#11498 = DIRECTION('',(1.,0.));
#11499 = ( GEOMETRIC_REPRESENTATION_CONTEXT(2) 
PARAMETRIC_REPRESENTATION_CONTEXT() REPRESENTATION_CONTEXT('2D SPACE',''
  ) );
#11500 = PCURVE('',#6733,#11501);
#11501 = DEFINITIONAL_REPRESENTATION('',(#11502),#11510);
#11502 = ( BOUNDED_CURVE() B_SPLINE_CURVE(2,(#11503,#11504,#11505,#11506
    ,#11507,#11508,#11509),.UNSPECIFIED.,.T.,.F.) 
B_SPLINE_CURVE_WITH_KNOTS((1,2,2,2,2,1),(-2.094395102393,0.,
    2.094395102393,4.188790204786,6.28318530718,8.377580409573),
.UNSPECIFIED.) CURVE() GEOMETRIC_REPRESENTATION_ITEM() 
RATIONAL_B_SPLINE_CURVE((1.,0.5,1.,0.5,1.,0.5,1.)) REPRESENTATION_ITEM(
  '') );
#11503 = CARTESIAN_POINT('',(212.378268,-76.880579));
#11504 = CARTESIAN_POINT('',(210.90446596784,-76.880579));
#11505 = CARTESIAN_POINT('',(211.64136698392,-75.604229));
#11506 = CARTESIAN_POINT('',(212.378268,-74.327879));
#11507 = CARTESIAN_POINT('',(213.11516901608,-75.604229));
#11508 = CARTESIAN_POINT('',(213.85207003216,-76.880579));
#11509 = CARTESIAN_POINT('',(212.378268,-76.880579));
#11510 = ( GEOMETRIC_REPRESENTATION_CONTEXT(2) 
PARAMETRIC_REPRESENTATION_CONTEXT() REPRESENTATION_CONTEXT('2D SPACE',''
  ) );
#11511 = ADVANCED_FACE('',(#11512),#3039,.F.);
#11512 = FACE_BOUND('',#11513,.F.);
#11513 = EDGE_LOOP('',(#11514,#11537,#11538,#11539));
#11514 = ORIENTED_EDGE('',*,*,#11515,.T.);
#11515 = EDGE_CURVE('',#11516,#3019,#11518,.T.);
#11516 = VERTEX_POINT('',#11517);
#11517 = CARTESIAN_POINT('',(217.86487,-78.12784,0.));
#11518 = SEAM_CURVE('',#11519,(#11523,#11530),.PCURVE_S1.);
#11519 = LINE('',#11520,#11521);
#11520 = CARTESIAN_POINT('',(217.86487,-78.12784,-4.6E-02));
#11521 = VECTOR('',#11522,1.);
#11522 = DIRECTION('',(0.,0.,1.));
#11523 = PCURVE('',#3039,#11524);
#11524 = DEFINITIONAL_REPRESENTATION('',(#11525),#11529);
#11525 = LINE('',#11526,#11527);
#11526 = CARTESIAN_POINT('',(0.,0.));
#11527 = VECTOR('',#11528,1.);
#11528 = DIRECTION('',(0.,-1.));
#11529 = ( GEOMETRIC_REPRESENTATION_CONTEXT(2) 
PARAMETRIC_REPRESENTATION_CONTEXT() REPRESENTATION_CONTEXT('2D SPACE',''
  ) );
#11530 = PCURVE('',#3039,#11531);
#11531 = DEFINITIONAL_REPRESENTATION('',(#11532),#11536);
#11532 = LINE('',#11533,#11534);
#11533 = CARTESIAN_POINT('',(6.28318530718,0.));
#11534 = VECTOR('',#11535,1.);
#11535 = DIRECTION('',(0.,-1.));
#11536 = ( GEOMETRIC_REPRESENTATION_CONTEXT(2) 
PARAMETRIC_REPRESENTATION_CONTEXT() REPRESENTATION_CONTEXT('2D SPACE',''
  ) );
#11537 = ORIENTED_EDGE('',*,*,#3018,.T.);
#11538 = ORIENTED_EDGE('',*,*,#11515,.F.);
#11539 = ORIENTED_EDGE('',*,*,#11540,.F.);
#11540 = EDGE_CURVE('',#11516,#11516,#11541,.T.);
#11541 = SURFACE_CURVE('',#11542,(#11547,#11554),.PCURVE_S1.);
#11542 = CIRCLE('',#11543,1.7145);
#11543 = AXIS2_PLACEMENT_3D('',#11544,#11545,#11546);
#11544 = CARTESIAN_POINT('',(217.86487,-76.41334,0.));
#11545 = DIRECTION('',(-0.,-0.,-1.));
#11546 = DIRECTION('',(0.,-1.,0.));
#11547 = PCURVE('',#3039,#11548);
#11548 = DEFINITIONAL_REPRESENTATION('',(#11549),#11553);
#11549 = LINE('',#11550,#11551);
#11550 = CARTESIAN_POINT('',(0.,-4.6E-02));
#11551 = VECTOR('',#11552,1.);
#11552 = DIRECTION('',(1.,0.));
#11553 = ( GEOMETRIC_REPRESENTATION_CONTEXT(2) 
PARAMETRIC_REPRESENTATION_CONTEXT() REPRESENTATION_CONTEXT('2D SPACE',''
  ) );
#11554 = PCURVE('',#6733,#11555);
#11555 = DEFINITIONAL_REPRESENTATION('',(#11556),#11564);
#11556 = ( BOUNDED_CURVE() B_SPLINE_CURVE(2,(#11557,#11558,#11559,#11560
    ,#11561,#11562,#11563),.UNSPECIFIED.,.T.,.F.) 
B_SPLINE_CURVE_WITH_KNOTS((1,2,2,2,2,1),(-2.094395102393,0.,
    2.094395102393,4.188790204786,6.28318530718,8.377580409573),
.UNSPECIFIED.) CURVE() GEOMETRIC_REPRESENTATION_ITEM() 
RATIONAL_B_SPLINE_CURVE((1.,0.5,1.,0.5,1.,0.5,1.)) REPRESENTATION_ITEM(
  '') );
#11557 = CARTESIAN_POINT('',(217.86487,-78.12784));
#11558 = CARTESIAN_POINT('',(214.89526889042,-78.12784));
#11559 = CARTESIAN_POINT('',(216.38006944521,-75.55609));
#11560 = CARTESIAN_POINT('',(217.86487,-72.98434));
#11561 = CARTESIAN_POINT('',(219.34967055478,-75.55609));
#11562 = CARTESIAN_POINT('',(220.83447110957,-78.12784));
#11563 = CARTESIAN_POINT('',(217.86487,-78.12784));
#11564 = ( GEOMETRIC_REPRESENTATION_CONTEXT(2) 
PARAMETRIC_REPRESENTATION_CONTEXT() REPRESENTATION_CONTEXT('2D SPACE',''
  ) );
#11565 = ADVANCED_FACE('',(#11566),#3074,.F.);
#11566 = FACE_BOUND('',#11567,.F.);
#11567 = EDGE_LOOP('',(#11568,#11591,#11592,#11593));
#11568 = ORIENTED_EDGE('',*,*,#11569,.T.);
#11569 = EDGE_CURVE('',#11570,#3054,#11572,.T.);
#11570 = VERTEX_POINT('',#11571);
#11571 = CARTESIAN_POINT('',(212.950563,-72.354742,0.));
#11572 = SEAM_CURVE('',#11573,(#11577,#11584),.PCURVE_S1.);
#11573 = LINE('',#11574,#11575);
#11574 = CARTESIAN_POINT('',(212.950563,-72.354742,-4.6E-02));
#11575 = VECTOR('',#11576,1.);
#11576 = DIRECTION('',(0.,0.,1.));
#11577 = PCURVE('',#3074,#11578);
#11578 = DEFINITIONAL_REPRESENTATION('',(#11579),#11583);
#11579 = LINE('',#11580,#11581);
#11580 = CARTESIAN_POINT('',(0.,0.));
#11581 = VECTOR('',#11582,1.);
#11582 = DIRECTION('',(0.,-1.));
#11583 = ( GEOMETRIC_REPRESENTATION_CONTEXT(2) 
PARAMETRIC_REPRESENTATION_CONTEXT() REPRESENTATION_CONTEXT('2D SPACE',''
  ) );
#11584 = PCURVE('',#3074,#11585);
#11585 = DEFINITIONAL_REPRESENTATION('',(#11586),#11590);
#11586 = LINE('',#11587,#11588);
#11587 = CARTESIAN_POINT('',(6.28318530718,0.));
#11588 = VECTOR('',#11589,1.);
#11589 = DIRECTION('',(0.,-1.));
#11590 = ( GEOMETRIC_REPRESENTATION_CONTEXT(2) 
PARAMETRIC_REPRESENTATION_CONTEXT() REPRESENTATION_CONTEXT('2D SPACE',''
  ) );
#11591 = ORIENTED_EDGE('',*,*,#3053,.T.);
#11592 = ORIENTED_EDGE('',*,*,#11569,.F.);
#11593 = ORIENTED_EDGE('',*,*,#11594,.F.);
#11594 = EDGE_CURVE('',#11570,#11570,#11595,.T.);
#11595 = SURFACE_CURVE('',#11596,(#11601,#11608),.PCURVE_S1.);
#11596 = CIRCLE('',#11597,0.4953);
#11597 = AXIS2_PLACEMENT_3D('',#11598,#11599,#11600);
#11598 = CARTESIAN_POINT('',(212.950563,-71.859442,0.));
#11599 = DIRECTION('',(-0.,-0.,-1.));
#11600 = DIRECTION('',(0.,-1.,0.));
#11601 = PCURVE('',#3074,#11602);
#11602 = DEFINITIONAL_REPRESENTATION('',(#11603),#11607);
#11603 = LINE('',#11604,#11605);
#11604 = CARTESIAN_POINT('',(0.,-4.6E-02));
#11605 = VECTOR('',#11606,1.);
#11606 = DIRECTION('',(1.,0.));
#11607 = ( GEOMETRIC_REPRESENTATION_CONTEXT(2) 
PARAMETRIC_REPRESENTATION_CONTEXT() REPRESENTATION_CONTEXT('2D SPACE',''
  ) );
#11608 = PCURVE('',#6733,#11609);
#11609 = DEFINITIONAL_REPRESENTATION('',(#11610),#11618);
#11610 = ( BOUNDED_CURVE() B_SPLINE_CURVE(2,(#11611,#11612,#11613,#11614
    ,#11615,#11616,#11617),.UNSPECIFIED.,.T.,.F.) 
B_SPLINE_CURVE_WITH_KNOTS((1,2,2,2,2,1),(-2.094395102393,0.,
    2.094395102393,4.188790204786,6.28318530718,8.377580409573),
.UNSPECIFIED.) CURVE() GEOMETRIC_REPRESENTATION_ITEM() 
RATIONAL_B_SPLINE_CURVE((1.,0.5,1.,0.5,1.,0.5,1.)) REPRESENTATION_ITEM(
  '') );
#11611 = CARTESIAN_POINT('',(212.950563,-72.354742));
#11612 = CARTESIAN_POINT('',(212.09267823501,-72.354742));
#11613 = CARTESIAN_POINT('',(212.5216206175,-71.611792));
#11614 = CARTESIAN_POINT('',(212.950563,-70.868842));
#11615 = CARTESIAN_POINT('',(213.37950538249,-71.611792));
#11616 = CARTESIAN_POINT('',(213.80844776498,-72.354742));
#11617 = CARTESIAN_POINT('',(212.950563,-72.354742));
#11618 = ( GEOMETRIC_REPRESENTATION_CONTEXT(2) 
PARAMETRIC_REPRESENTATION_CONTEXT() REPRESENTATION_CONTEXT('2D SPACE',''
  ) );
#11619 = ADVANCED_FACE('',(#11620),#3109,.F.);
#11620 = FACE_BOUND('',#11621,.F.);
#11621 = EDGE_LOOP('',(#11622,#11645,#11646,#11647));
#11622 = ORIENTED_EDGE('',*,*,#11623,.T.);
#11623 = EDGE_CURVE('',#11624,#3089,#11626,.T.);
#11624 = VERTEX_POINT('',#11625);
#11625 = CARTESIAN_POINT('',(229.070376,-90.322029,0.));
#11626 = SEAM_CURVE('',#11627,(#11631,#11638),.PCURVE_S1.);
#11627 = LINE('',#11628,#11629);
#11628 = CARTESIAN_POINT('',(229.070376,-90.322029,-4.6E-02));
#11629 = VECTOR('',#11630,1.);
#11630 = DIRECTION('',(0.,0.,1.));
#11631 = PCURVE('',#3109,#11632);
#11632 = DEFINITIONAL_REPRESENTATION('',(#11633),#11637);
#11633 = LINE('',#11634,#11635);
#11634 = CARTESIAN_POINT('',(0.,0.));
#11635 = VECTOR('',#11636,1.);
#11636 = DIRECTION('',(0.,-1.));
#11637 = ( GEOMETRIC_REPRESENTATION_CONTEXT(2) 
PARAMETRIC_REPRESENTATION_CONTEXT() REPRESENTATION_CONTEXT('2D SPACE',''
  ) );
#11638 = PCURVE('',#3109,#11639);
#11639 = DEFINITIONAL_REPRESENTATION('',(#11640),#11644);
#11640 = LINE('',#11641,#11642);
#11641 = CARTESIAN_POINT('',(6.28318530718,0.));
#11642 = VECTOR('',#11643,1.);
#11643 = DIRECTION('',(0.,-1.));
#11644 = ( GEOMETRIC_REPRESENTATION_CONTEXT(2) 
PARAMETRIC_REPRESENTATION_CONTEXT() REPRESENTATION_CONTEXT('2D SPACE',''
  ) );
#11645 = ORIENTED_EDGE('',*,*,#3088,.T.);
#11646 = ORIENTED_EDGE('',*,*,#11623,.F.);
#11647 = ORIENTED_EDGE('',*,*,#11648,.F.);
#11648 = EDGE_CURVE('',#11624,#11624,#11649,.T.);
#11649 = SURFACE_CURVE('',#11650,(#11655,#11662),.PCURVE_S1.);
#11650 = CIRCLE('',#11651,0.4953);
#11651 = AXIS2_PLACEMENT_3D('',#11652,#11653,#11654);
#11652 = CARTESIAN_POINT('',(229.070376,-89.826729,0.));
#11653 = DIRECTION('',(-0.,-0.,-1.));
#11654 = DIRECTION('',(0.,-1.,0.));
#11655 = PCURVE('',#3109,#11656);
#11656 = DEFINITIONAL_REPRESENTATION('',(#11657),#11661);
#11657 = LINE('',#11658,#11659);
#11658 = CARTESIAN_POINT('',(0.,-4.6E-02));
#11659 = VECTOR('',#11660,1.);
#11660 = DIRECTION('',(1.,0.));
#11661 = ( GEOMETRIC_REPRESENTATION_CONTEXT(2) 
PARAMETRIC_REPRESENTATION_CONTEXT() REPRESENTATION_CONTEXT('2D SPACE',''
  ) );
#11662 = PCURVE('',#6733,#11663);
#11663 = DEFINITIONAL_REPRESENTATION('',(#11664),#11672);
#11664 = ( BOUNDED_CURVE() B_SPLINE_CURVE(2,(#11665,#11666,#11667,#11668
    ,#11669,#11670,#11671),.UNSPECIFIED.,.T.,.F.) 
B_SPLINE_CURVE_WITH_KNOTS((1,2,2,2,2,1),(-2.094395102393,0.,
    2.094395102393,4.188790204786,6.28318530718,8.377580409573),
.UNSPECIFIED.) CURVE() GEOMETRIC_REPRESENTATION_ITEM() 
RATIONAL_B_SPLINE_CURVE((1.,0.5,1.,0.5,1.,0.5,1.)) REPRESENTATION_ITEM(
  '') );
#11665 = CARTESIAN_POINT('',(229.070376,-90.322029));
#11666 = CARTESIAN_POINT('',(228.21249123501,-90.322029));
#11667 = CARTESIAN_POINT('',(228.6414336175,-89.579079));
#11668 = CARTESIAN_POINT('',(229.070376,-88.836129));
#11669 = CARTESIAN_POINT('',(229.49931838249,-89.579079));
#11670 = CARTESIAN_POINT('',(229.92826076498,-90.322029));
#11671 = CARTESIAN_POINT('',(229.070376,-90.322029));
#11672 = ( GEOMETRIC_REPRESENTATION_CONTEXT(2) 
PARAMETRIC_REPRESENTATION_CONTEXT() REPRESENTATION_CONTEXT('2D SPACE',''
  ) );
#11673 = ADVANCED_FACE('',(#11674),#3144,.F.);
#11674 = FACE_BOUND('',#11675,.F.);
#11675 = EDGE_LOOP('',(#11676,#11699,#11700,#11701));
#11676 = ORIENTED_EDGE('',*,*,#11677,.T.);
#11677 = EDGE_CURVE('',#11678,#3124,#11680,.T.);
#11678 = VERTEX_POINT('',#11679);
#11679 = CARTESIAN_POINT('',(231.613462,-81.820818,0.));
#11680 = SEAM_CURVE('',#11681,(#11685,#11692),.PCURVE_S1.);
#11681 = LINE('',#11682,#11683);
#11682 = CARTESIAN_POINT('',(231.613462,-81.820818,-4.6E-02));
#11683 = VECTOR('',#11684,1.);
#11684 = DIRECTION('',(0.,0.,1.));
#11685 = PCURVE('',#3144,#11686);
#11686 = DEFINITIONAL_REPRESENTATION('',(#11687),#11691);
#11687 = LINE('',#11688,#11689);
#11688 = CARTESIAN_POINT('',(0.,0.));
#11689 = VECTOR('',#11690,1.);
#11690 = DIRECTION('',(0.,-1.));
#11691 = ( GEOMETRIC_REPRESENTATION_CONTEXT(2) 
PARAMETRIC_REPRESENTATION_CONTEXT() REPRESENTATION_CONTEXT('2D SPACE',''
  ) );
#11692 = PCURVE('',#3144,#11693);
#11693 = DEFINITIONAL_REPRESENTATION('',(#11694),#11698);
#11694 = LINE('',#11695,#11696);
#11695 = CARTESIAN_POINT('',(6.28318530718,0.));
#11696 = VECTOR('',#11697,1.);
#11697 = DIRECTION('',(0.,-1.));
#11698 = ( GEOMETRIC_REPRESENTATION_CONTEXT(2) 
PARAMETRIC_REPRESENTATION_CONTEXT() REPRESENTATION_CONTEXT('2D SPACE',''
  ) );
#11699 = ORIENTED_EDGE('',*,*,#3123,.T.);
#11700 = ORIENTED_EDGE('',*,*,#11677,.F.);
#11701 = ORIENTED_EDGE('',*,*,#11702,.F.);
#11702 = EDGE_CURVE('',#11678,#11678,#11703,.T.);
#11703 = SURFACE_CURVE('',#11704,(#11709,#11716),.PCURVE_S1.);
#11704 = CIRCLE('',#11705,0.635);
#11705 = AXIS2_PLACEMENT_3D('',#11706,#11707,#11708);
#11706 = CARTESIAN_POINT('',(231.613462,-81.185818,0.));
#11707 = DIRECTION('',(-0.,-0.,-1.));
#11708 = DIRECTION('',(0.,-1.,0.));
#11709 = PCURVE('',#3144,#11710);
#11710 = DEFINITIONAL_REPRESENTATION('',(#11711),#11715);
#11711 = LINE('',#11712,#11713);
#11712 = CARTESIAN_POINT('',(0.,-4.6E-02));
#11713 = VECTOR('',#11714,1.);
#11714 = DIRECTION('',(1.,0.));
#11715 = ( GEOMETRIC_REPRESENTATION_CONTEXT(2) 
PARAMETRIC_REPRESENTATION_CONTEXT() REPRESENTATION_CONTEXT('2D SPACE',''
  ) );
#11716 = PCURVE('',#6733,#11717);
#11717 = DEFINITIONAL_REPRESENTATION('',(#11718),#11726);
#11718 = ( BOUNDED_CURVE() B_SPLINE_CURVE(2,(#11719,#11720,#11721,#11722
    ,#11723,#11724,#11725),.UNSPECIFIED.,.T.,.F.) 
B_SPLINE_CURVE_WITH_KNOTS((1,2,2,2,2,1),(-2.094395102393,0.,
    2.094395102393,4.188790204786,6.28318530718,8.377580409573),
.UNSPECIFIED.) CURVE() GEOMETRIC_REPRESENTATION_ITEM() 
RATIONAL_B_SPLINE_CURVE((1.,0.5,1.,0.5,1.,0.5,1.)) REPRESENTATION_ITEM(
  '') );
#11719 = CARTESIAN_POINT('',(231.613462,-81.820818));
#11720 = CARTESIAN_POINT('',(230.51360973719,-81.820818));
#11721 = CARTESIAN_POINT('',(231.06353586859,-80.868318));
#11722 = CARTESIAN_POINT('',(231.613462,-79.915818));
#11723 = CARTESIAN_POINT('',(232.1633881314,-80.868318));
#11724 = CARTESIAN_POINT('',(232.7133142628,-81.820818));
#11725 = CARTESIAN_POINT('',(231.613462,-81.820818));
#11726 = ( GEOMETRIC_REPRESENTATION_CONTEXT(2) 
PARAMETRIC_REPRESENTATION_CONTEXT() REPRESENTATION_CONTEXT('2D SPACE',''
  ) );
#11727 = ADVANCED_FACE('',(#11728),#3179,.F.);
#11728 = FACE_BOUND('',#11729,.F.);
#11729 = EDGE_LOOP('',(#11730,#11753,#11754,#11755));
#11730 = ORIENTED_EDGE('',*,*,#11731,.T.);
#11731 = EDGE_CURVE('',#11732,#3159,#11734,.T.);
#11732 = VERTEX_POINT('',#11733);
#11733 = CARTESIAN_POINT('',(235.899572,-85.143357,0.));
#11734 = SEAM_CURVE('',#11735,(#11739,#11746),.PCURVE_S1.);
#11735 = LINE('',#11736,#11737);
#11736 = CARTESIAN_POINT('',(235.899572,-85.143357,-4.6E-02));
#11737 = VECTOR('',#11738,1.);
#11738 = DIRECTION('',(0.,0.,1.));
#11739 = PCURVE('',#3179,#11740);
#11740 = DEFINITIONAL_REPRESENTATION('',(#11741),#11745);
#11741 = LINE('',#11742,#11743);
#11742 = CARTESIAN_POINT('',(0.,0.));
#11743 = VECTOR('',#11744,1.);
#11744 = DIRECTION('',(0.,-1.));
#11745 = ( GEOMETRIC_REPRESENTATION_CONTEXT(2) 
PARAMETRIC_REPRESENTATION_CONTEXT() REPRESENTATION_CONTEXT('2D SPACE',''
  ) );
#11746 = PCURVE('',#3179,#11747);
#11747 = DEFINITIONAL_REPRESENTATION('',(#11748),#11752);
#11748 = LINE('',#11749,#11750);
#11749 = CARTESIAN_POINT('',(6.28318530718,0.));
#11750 = VECTOR('',#11751,1.);
#11751 = DIRECTION('',(0.,-1.));
#11752 = ( GEOMETRIC_REPRESENTATION_CONTEXT(2) 
PARAMETRIC_REPRESENTATION_CONTEXT() REPRESENTATION_CONTEXT('2D SPACE',''
  ) );
#11753 = ORIENTED_EDGE('',*,*,#3158,.T.);
#11754 = ORIENTED_EDGE('',*,*,#11731,.F.);
#11755 = ORIENTED_EDGE('',*,*,#11756,.F.);
#11756 = EDGE_CURVE('',#11732,#11732,#11757,.T.);
#11757 = SURFACE_CURVE('',#11758,(#11763,#11770),.PCURVE_S1.);
#11758 = CIRCLE('',#11759,0.635);
#11759 = AXIS2_PLACEMENT_3D('',#11760,#11761,#11762);
#11760 = CARTESIAN_POINT('',(235.899572,-84.508357,0.));
#11761 = DIRECTION('',(0.,-0.,-1.));
#11762 = DIRECTION('',(4.475859752819E-14,-1.,0.));
#11763 = PCURVE('',#3179,#11764);
#11764 = DEFINITIONAL_REPRESENTATION('',(#11765),#11769);
#11765 = LINE('',#11766,#11767);
#11766 = CARTESIAN_POINT('',(0.,-4.6E-02));
#11767 = VECTOR('',#11768,1.);
#11768 = DIRECTION('',(1.,0.));
#11769 = ( GEOMETRIC_REPRESENTATION_CONTEXT(2) 
PARAMETRIC_REPRESENTATION_CONTEXT() REPRESENTATION_CONTEXT('2D SPACE',''
  ) );
#11770 = PCURVE('',#6733,#11771);
#11771 = DEFINITIONAL_REPRESENTATION('',(#11772),#11780);
#11772 = ( BOUNDED_CURVE() B_SPLINE_CURVE(2,(#11773,#11774,#11775,#11776
    ,#11777,#11778,#11779),.UNSPECIFIED.,.T.,.F.) 
B_SPLINE_CURVE_WITH_KNOTS((1,2,2,2,2,1),(-2.094395102393,0.,
    2.094395102393,4.188790204786,6.28318530718,8.377580409573),
.UNSPECIFIED.) CURVE() GEOMETRIC_REPRESENTATION_ITEM() 
RATIONAL_B_SPLINE_CURVE((1.,0.5,1.,0.5,1.,0.5,1.)) REPRESENTATION_ITEM(
  '') );
#11773 = CARTESIAN_POINT('',(235.899572,-85.143357));
#11774 = CARTESIAN_POINT('',(234.79971973719,-85.143357));
#11775 = CARTESIAN_POINT('',(235.34964586859,-84.190857));
#11776 = CARTESIAN_POINT('',(235.899572,-83.238357));
#11777 = CARTESIAN_POINT('',(236.4494981314,-84.190857));
#11778 = CARTESIAN_POINT('',(236.9994242628,-85.143357));
#11779 = CARTESIAN_POINT('',(235.899572,-85.143357));
#11780 = ( GEOMETRIC_REPRESENTATION_CONTEXT(2) 
PARAMETRIC_REPRESENTATION_CONTEXT() REPRESENTATION_CONTEXT('2D SPACE',''
  ) );
#11781 = ADVANCED_FACE('',(#11782),#3214,.F.);
#11782 = FACE_BOUND('',#11783,.F.);
#11783 = EDGE_LOOP('',(#11784,#11807,#11808,#11809));
#11784 = ORIENTED_EDGE('',*,*,#11785,.T.);
#11785 = EDGE_CURVE('',#11786,#3194,#11788,.T.);
#11786 = VERTEX_POINT('',#11787);
#11787 = CARTESIAN_POINT('',(223.351472,-77.647901,0.));
#11788 = SEAM_CURVE('',#11789,(#11793,#11800),.PCURVE_S1.);
#11789 = LINE('',#11790,#11791);
#11790 = CARTESIAN_POINT('',(223.351472,-77.647901,-4.6E-02));
#11791 = VECTOR('',#11792,1.);
#11792 = DIRECTION('',(0.,0.,1.));
#11793 = PCURVE('',#3214,#11794);
#11794 = DEFINITIONAL_REPRESENTATION('',(#11795),#11799);
#11795 = LINE('',#11796,#11797);
#11796 = CARTESIAN_POINT('',(0.,0.));
#11797 = VECTOR('',#11798,1.);
#11798 = DIRECTION('',(0.,-1.));
#11799 = ( GEOMETRIC_REPRESENTATION_CONTEXT(2) 
PARAMETRIC_REPRESENTATION_CONTEXT() REPRESENTATION_CONTEXT('2D SPACE',''
  ) );
#11800 = PCURVE('',#3214,#11801);
#11801 = DEFINITIONAL_REPRESENTATION('',(#11802),#11806);
#11802 = LINE('',#11803,#11804);
#11803 = CARTESIAN_POINT('',(6.28318530718,0.));
#11804 = VECTOR('',#11805,1.);
#11805 = DIRECTION('',(0.,-1.));
#11806 = ( GEOMETRIC_REPRESENTATION_CONTEXT(2) 
PARAMETRIC_REPRESENTATION_CONTEXT() REPRESENTATION_CONTEXT('2D SPACE',''
  ) );
#11807 = ORIENTED_EDGE('',*,*,#3193,.T.);
#11808 = ORIENTED_EDGE('',*,*,#11785,.F.);
#11809 = ORIENTED_EDGE('',*,*,#11810,.F.);
#11810 = EDGE_CURVE('',#11786,#11786,#11811,.T.);
#11811 = SURFACE_CURVE('',#11812,(#11817,#11824),.PCURVE_S1.);
#11812 = CIRCLE('',#11813,0.8509);
#11813 = AXIS2_PLACEMENT_3D('',#11814,#11815,#11816);
#11814 = CARTESIAN_POINT('',(223.351472,-76.797001,0.));
#11815 = DIRECTION('',(-0.,-0.,-1.));
#11816 = DIRECTION('',(0.,-1.,0.));
#11817 = PCURVE('',#3214,#11818);
#11818 = DEFINITIONAL_REPRESENTATION('',(#11819),#11823);
#11819 = LINE('',#11820,#11821);
#11820 = CARTESIAN_POINT('',(0.,-4.6E-02));
#11821 = VECTOR('',#11822,1.);
#11822 = DIRECTION('',(1.,0.));
#11823 = ( GEOMETRIC_REPRESENTATION_CONTEXT(2) 
PARAMETRIC_REPRESENTATION_CONTEXT() REPRESENTATION_CONTEXT('2D SPACE',''
  ) );
#11824 = PCURVE('',#6733,#11825);
#11825 = DEFINITIONAL_REPRESENTATION('',(#11826),#11834);
#11826 = ( BOUNDED_CURVE() B_SPLINE_CURVE(2,(#11827,#11828,#11829,#11830
    ,#11831,#11832,#11833),.UNSPECIFIED.,.T.,.F.) 
B_SPLINE_CURVE_WITH_KNOTS((1,2,2,2,2,1),(-2.094395102393,0.,
    2.094395102393,4.188790204786,6.28318530718,8.377580409573),
.UNSPECIFIED.) CURVE() GEOMETRIC_REPRESENTATION_ITEM() 
RATIONAL_B_SPLINE_CURVE((1.,0.5,1.,0.5,1.,0.5,1.)) REPRESENTATION_ITEM(
  '') );
#11827 = CARTESIAN_POINT('',(223.351472,-77.647901));
#11828 = CARTESIAN_POINT('',(221.87766996784,-77.647901));
#11829 = CARTESIAN_POINT('',(222.61457098392,-76.371551));
#11830 = CARTESIAN_POINT('',(223.351472,-75.095201));
#11831 = CARTESIAN_POINT('',(224.08837301608,-76.371551));
#11832 = CARTESIAN_POINT('',(224.82527403216,-77.647901));
#11833 = CARTESIAN_POINT('',(223.351472,-77.647901));
#11834 = ( GEOMETRIC_REPRESENTATION_CONTEXT(2) 
PARAMETRIC_REPRESENTATION_CONTEXT() REPRESENTATION_CONTEXT('2D SPACE',''
  ) );
#11835 = ADVANCED_FACE('',(#11836),#3249,.F.);
#11836 = FACE_BOUND('',#11837,.F.);
#11837 = EDGE_LOOP('',(#11838,#11861,#11862,#11863));
#11838 = ORIENTED_EDGE('',*,*,#11839,.T.);
#11839 = EDGE_CURVE('',#11840,#3229,#11842,.T.);
#11840 = VERTEX_POINT('',#11841);
#11841 = CARTESIAN_POINT('',(232.114012,-78.23679,0.));
#11842 = SEAM_CURVE('',#11843,(#11847,#11854),.PCURVE_S1.);
#11843 = LINE('',#11844,#11845);
#11844 = CARTESIAN_POINT('',(232.114012,-78.23679,-4.6E-02));
#11845 = VECTOR('',#11846,1.);
#11846 = DIRECTION('',(0.,0.,1.));
#11847 = PCURVE('',#3249,#11848);
#11848 = DEFINITIONAL_REPRESENTATION('',(#11849),#11853);
#11849 = LINE('',#11850,#11851);
#11850 = CARTESIAN_POINT('',(0.,0.));
#11851 = VECTOR('',#11852,1.);
#11852 = DIRECTION('',(0.,-1.));
#11853 = ( GEOMETRIC_REPRESENTATION_CONTEXT(2) 
PARAMETRIC_REPRESENTATION_CONTEXT() REPRESENTATION_CONTEXT('2D SPACE',''
  ) );
#11854 = PCURVE('',#3249,#11855);
#11855 = DEFINITIONAL_REPRESENTATION('',(#11856),#11860);
#11856 = LINE('',#11857,#11858);
#11857 = CARTESIAN_POINT('',(6.28318530718,0.));
#11858 = VECTOR('',#11859,1.);
#11859 = DIRECTION('',(0.,-1.));
#11860 = ( GEOMETRIC_REPRESENTATION_CONTEXT(2) 
PARAMETRIC_REPRESENTATION_CONTEXT() REPRESENTATION_CONTEXT('2D SPACE',''
  ) );
#11861 = ORIENTED_EDGE('',*,*,#3228,.T.);
#11862 = ORIENTED_EDGE('',*,*,#11839,.F.);
#11863 = ORIENTED_EDGE('',*,*,#11864,.F.);
#11864 = EDGE_CURVE('',#11840,#11840,#11865,.T.);
#11865 = SURFACE_CURVE('',#11866,(#11871,#11878),.PCURVE_S1.);
#11866 = CIRCLE('',#11867,0.8509);
#11867 = AXIS2_PLACEMENT_3D('',#11868,#11869,#11870);
#11868 = CARTESIAN_POINT('',(232.114012,-77.38589,0.));
#11869 = DIRECTION('',(-0.,-0.,-1.));
#11870 = DIRECTION('',(0.,-1.,0.));
#11871 = PCURVE('',#3249,#11872);
#11872 = DEFINITIONAL_REPRESENTATION('',(#11873),#11877);
#11873 = LINE('',#11874,#11875);
#11874 = CARTESIAN_POINT('',(0.,-4.6E-02));
#11875 = VECTOR('',#11876,1.);
#11876 = DIRECTION('',(1.,0.));
#11877 = ( GEOMETRIC_REPRESENTATION_CONTEXT(2) 
PARAMETRIC_REPRESENTATION_CONTEXT() REPRESENTATION_CONTEXT('2D SPACE',''
  ) );
#11878 = PCURVE('',#6733,#11879);
#11879 = DEFINITIONAL_REPRESENTATION('',(#11880),#11888);
#11880 = ( BOUNDED_CURVE() B_SPLINE_CURVE(2,(#11881,#11882,#11883,#11884
    ,#11885,#11886,#11887),.UNSPECIFIED.,.T.,.F.) 
B_SPLINE_CURVE_WITH_KNOTS((1,2,2,2,2,1),(-2.094395102393,0.,
    2.094395102393,4.188790204786,6.28318530718,8.377580409573),
.UNSPECIFIED.) CURVE() GEOMETRIC_REPRESENTATION_ITEM() 
RATIONAL_B_SPLINE_CURVE((1.,0.5,1.,0.5,1.,0.5,1.)) REPRESENTATION_ITEM(
  '') );
#11881 = CARTESIAN_POINT('',(232.114012,-78.23679));
#11882 = CARTESIAN_POINT('',(230.64020996784,-78.23679));
#11883 = CARTESIAN_POINT('',(231.37711098392,-76.96044));
#11884 = CARTESIAN_POINT('',(232.114012,-75.68409));
#11885 = CARTESIAN_POINT('',(232.85091301608,-76.96044));
#11886 = CARTESIAN_POINT('',(233.58781403216,-78.23679));
#11887 = CARTESIAN_POINT('',(232.114012,-78.23679));
#11888 = ( GEOMETRIC_REPRESENTATION_CONTEXT(2) 
PARAMETRIC_REPRESENTATION_CONTEXT() REPRESENTATION_CONTEXT('2D SPACE',''
  ) );
#11889 = ADVANCED_FACE('',(#11890),#3284,.F.);
#11890 = FACE_BOUND('',#11891,.F.);
#11891 = EDGE_LOOP('',(#11892,#11915,#11916,#11917));
#11892 = ORIENTED_EDGE('',*,*,#11893,.T.);
#11893 = EDGE_CURVE('',#11894,#3264,#11896,.T.);
#11894 = VERTEX_POINT('',#11895);
#11895 = CARTESIAN_POINT('',(223.365132,-73.083,0.));
#11896 = SEAM_CURVE('',#11897,(#11901,#11908),.PCURVE_S1.);
#11897 = LINE('',#11898,#11899);
#11898 = CARTESIAN_POINT('',(223.365132,-73.083,-4.6E-02));
#11899 = VECTOR('',#11900,1.);
#11900 = DIRECTION('',(0.,0.,1.));
#11901 = PCURVE('',#3284,#11902);
#11902 = DEFINITIONAL_REPRESENTATION('',(#11903),#11907);
#11903 = LINE('',#11904,#11905);
#11904 = CARTESIAN_POINT('',(0.,0.));
#11905 = VECTOR('',#11906,1.);
#11906 = DIRECTION('',(0.,-1.));
#11907 = ( GEOMETRIC_REPRESENTATION_CONTEXT(2) 
PARAMETRIC_REPRESENTATION_CONTEXT() REPRESENTATION_CONTEXT('2D SPACE',''
  ) );
#11908 = PCURVE('',#3284,#11909);
#11909 = DEFINITIONAL_REPRESENTATION('',(#11910),#11914);
#11910 = LINE('',#11911,#11912);
#11911 = CARTESIAN_POINT('',(6.28318530718,0.));
#11912 = VECTOR('',#11913,1.);
#11913 = DIRECTION('',(0.,-1.));
#11914 = ( GEOMETRIC_REPRESENTATION_CONTEXT(2) 
PARAMETRIC_REPRESENTATION_CONTEXT() REPRESENTATION_CONTEXT('2D SPACE',''
  ) );
#11915 = ORIENTED_EDGE('',*,*,#3263,.T.);
#11916 = ORIENTED_EDGE('',*,*,#11893,.F.);
#11917 = ORIENTED_EDGE('',*,*,#11918,.F.);
#11918 = EDGE_CURVE('',#11894,#11894,#11919,.T.);
#11919 = SURFACE_CURVE('',#11920,(#11925,#11932),.PCURVE_S1.);
#11920 = CIRCLE('',#11921,0.4953);
#11921 = AXIS2_PLACEMENT_3D('',#11922,#11923,#11924);
#11922 = CARTESIAN_POINT('',(223.365132,-72.5877,0.));
#11923 = DIRECTION('',(-0.,0.,-1.));
#11924 = DIRECTION('',(-5.738281734385E-14,-1.,0.));
#11925 = PCURVE('',#3284,#11926);
#11926 = DEFINITIONAL_REPRESENTATION('',(#11927),#11931);
#11927 = LINE('',#11928,#11929);
#11928 = CARTESIAN_POINT('',(0.,-4.6E-02));
#11929 = VECTOR('',#11930,1.);
#11930 = DIRECTION('',(1.,0.));
#11931 = ( GEOMETRIC_REPRESENTATION_CONTEXT(2) 
PARAMETRIC_REPRESENTATION_CONTEXT() REPRESENTATION_CONTEXT('2D SPACE',''
  ) );
#11932 = PCURVE('',#6733,#11933);
#11933 = DEFINITIONAL_REPRESENTATION('',(#11934),#11942);
#11934 = ( BOUNDED_CURVE() B_SPLINE_CURVE(2,(#11935,#11936,#11937,#11938
    ,#11939,#11940,#11941),.UNSPECIFIED.,.T.,.F.) 
B_SPLINE_CURVE_WITH_KNOTS((1,2,2,2,2,1),(-2.094395102393,0.,
    2.094395102393,4.188790204786,6.28318530718,8.377580409573),
.UNSPECIFIED.) CURVE() GEOMETRIC_REPRESENTATION_ITEM() 
RATIONAL_B_SPLINE_CURVE((1.,0.5,1.,0.5,1.,0.5,1.)) REPRESENTATION_ITEM(
  '') );
#11935 = CARTESIAN_POINT('',(223.365132,-73.083));
#11936 = CARTESIAN_POINT('',(222.50724723501,-73.083));
#11937 = CARTESIAN_POINT('',(222.9361896175,-72.34005));
#11938 = CARTESIAN_POINT('',(223.365132,-71.5971));
#11939 = CARTESIAN_POINT('',(223.79407438249,-72.34005));
#11940 = CARTESIAN_POINT('',(224.22301676498,-73.083));
#11941 = CARTESIAN_POINT('',(223.365132,-73.083));
#11942 = ( GEOMETRIC_REPRESENTATION_CONTEXT(2) 
PARAMETRIC_REPRESENTATION_CONTEXT() REPRESENTATION_CONTEXT('2D SPACE',''
  ) );
#11943 = ADVANCED_FACE('',(#11944),#3319,.F.);
#11944 = FACE_BOUND('',#11945,.F.);
#11945 = EDGE_LOOP('',(#11946,#11969,#11970,#11971));
#11946 = ORIENTED_EDGE('',*,*,#11947,.T.);
#11947 = EDGE_CURVE('',#11948,#3299,#11950,.T.);
#11948 = VERTEX_POINT('',#11949);
#11949 = CARTESIAN_POINT('',(233.471511,-73.896771,0.));
#11950 = SEAM_CURVE('',#11951,(#11955,#11962),.PCURVE_S1.);
#11951 = LINE('',#11952,#11953);
#11952 = CARTESIAN_POINT('',(233.471511,-73.896771,-4.6E-02));
#11953 = VECTOR('',#11954,1.);
#11954 = DIRECTION('',(0.,0.,1.));
#11955 = PCURVE('',#3319,#11956);
#11956 = DEFINITIONAL_REPRESENTATION('',(#11957),#11961);
#11957 = LINE('',#11958,#11959);
#11958 = CARTESIAN_POINT('',(0.,0.));
#11959 = VECTOR('',#11960,1.);
#11960 = DIRECTION('',(0.,-1.));
#11961 = ( GEOMETRIC_REPRESENTATION_CONTEXT(2) 
PARAMETRIC_REPRESENTATION_CONTEXT() REPRESENTATION_CONTEXT('2D SPACE',''
  ) );
#11962 = PCURVE('',#3319,#11963);
#11963 = DEFINITIONAL_REPRESENTATION('',(#11964),#11968);
#11964 = LINE('',#11965,#11966);
#11965 = CARTESIAN_POINT('',(6.28318530718,0.));
#11966 = VECTOR('',#11967,1.);
#11967 = DIRECTION('',(0.,-1.));
#11968 = ( GEOMETRIC_REPRESENTATION_CONTEXT(2) 
PARAMETRIC_REPRESENTATION_CONTEXT() REPRESENTATION_CONTEXT('2D SPACE',''
  ) );
#11969 = ORIENTED_EDGE('',*,*,#3298,.T.);
#11970 = ORIENTED_EDGE('',*,*,#11947,.F.);
#11971 = ORIENTED_EDGE('',*,*,#11972,.F.);
#11972 = EDGE_CURVE('',#11948,#11948,#11973,.T.);
#11973 = SURFACE_CURVE('',#11974,(#11979,#11986),.PCURVE_S1.);
#11974 = CIRCLE('',#11975,0.4953);
#11975 = AXIS2_PLACEMENT_3D('',#11976,#11977,#11978);
#11976 = CARTESIAN_POINT('',(233.471511,-73.401471,0.));
#11977 = DIRECTION('',(-0.,0.,-1.));
#11978 = DIRECTION('',(-5.738281734385E-14,-1.,0.));
#11979 = PCURVE('',#3319,#11980);
#11980 = DEFINITIONAL_REPRESENTATION('',(#11981),#11985);
#11981 = LINE('',#11982,#11983);
#11982 = CARTESIAN_POINT('',(0.,-4.6E-02));
#11983 = VECTOR('',#11984,1.);
#11984 = DIRECTION('',(1.,0.));
#11985 = ( GEOMETRIC_REPRESENTATION_CONTEXT(2) 
PARAMETRIC_REPRESENTATION_CONTEXT() REPRESENTATION_CONTEXT('2D SPACE',''
  ) );
#11986 = PCURVE('',#6733,#11987);
#11987 = DEFINITIONAL_REPRESENTATION('',(#11988),#11996);
#11988 = ( BOUNDED_CURVE() B_SPLINE_CURVE(2,(#11989,#11990,#11991,#11992
    ,#11993,#11994,#11995),.UNSPECIFIED.,.T.,.F.) 
B_SPLINE_CURVE_WITH_KNOTS((1,2,2,2,2,1),(-2.094395102393,0.,
    2.094395102393,4.188790204786,6.28318530718,8.377580409573),
.UNSPECIFIED.) CURVE() GEOMETRIC_REPRESENTATION_ITEM() 
RATIONAL_B_SPLINE_CURVE((1.,0.5,1.,0.5,1.,0.5,1.)) REPRESENTATION_ITEM(
  '') );
#11989 = CARTESIAN_POINT('',(233.471511,-73.896771));
#11990 = CARTESIAN_POINT('',(232.61362623501,-73.896771));
#11991 = CARTESIAN_POINT('',(233.0425686175,-73.153821));
#11992 = CARTESIAN_POINT('',(233.471511,-72.410871));
#11993 = CARTESIAN_POINT('',(233.90045338249,-73.153821));
#11994 = CARTESIAN_POINT('',(234.32939576498,-73.896771));
#11995 = CARTESIAN_POINT('',(233.471511,-73.896771));
#11996 = ( GEOMETRIC_REPRESENTATION_CONTEXT(2) 
PARAMETRIC_REPRESENTATION_CONTEXT() REPRESENTATION_CONTEXT('2D SPACE',''
  ) );
#11997 = ADVANCED_FACE('',(#11998),#3354,.F.);
#11998 = FACE_BOUND('',#11999,.F.);
#11999 = EDGE_LOOP('',(#12000,#12023,#12024,#12025));
#12000 = ORIENTED_EDGE('',*,*,#12001,.T.);
#12001 = EDGE_CURVE('',#12002,#3334,#12004,.T.);
#12002 = VERTEX_POINT('',#12003);
#12003 = CARTESIAN_POINT('',(237.426604,-80.523895,0.));
#12004 = SEAM_CURVE('',#12005,(#12009,#12016),.PCURVE_S1.);
#12005 = LINE('',#12006,#12007);
#12006 = CARTESIAN_POINT('',(237.426604,-80.523895,-4.6E-02));
#12007 = VECTOR('',#12008,1.);
#12008 = DIRECTION('',(0.,0.,1.));
#12009 = PCURVE('',#3354,#12010);
#12010 = DEFINITIONAL_REPRESENTATION('',(#12011),#12015);
#12011 = LINE('',#12012,#12013);
#12012 = CARTESIAN_POINT('',(0.,0.));
#12013 = VECTOR('',#12014,1.);
#12014 = DIRECTION('',(0.,-1.));
#12015 = ( GEOMETRIC_REPRESENTATION_CONTEXT(2) 
PARAMETRIC_REPRESENTATION_CONTEXT() REPRESENTATION_CONTEXT('2D SPACE',''
  ) );
#12016 = PCURVE('',#3354,#12017);
#12017 = DEFINITIONAL_REPRESENTATION('',(#12018),#12022);
#12018 = LINE('',#12019,#12020);
#12019 = CARTESIAN_POINT('',(6.28318530718,0.));
#12020 = VECTOR('',#12021,1.);
#12021 = DIRECTION('',(0.,-1.));
#12022 = ( GEOMETRIC_REPRESENTATION_CONTEXT(2) 
PARAMETRIC_REPRESENTATION_CONTEXT() REPRESENTATION_CONTEXT('2D SPACE',''
  ) );
#12023 = ORIENTED_EDGE('',*,*,#3333,.T.);
#12024 = ORIENTED_EDGE('',*,*,#12001,.F.);
#12025 = ORIENTED_EDGE('',*,*,#12026,.F.);
#12026 = EDGE_CURVE('',#12002,#12002,#12027,.T.);
#12027 = SURFACE_CURVE('',#12028,(#12033,#12040),.PCURVE_S1.);
#12028 = CIRCLE('',#12029,1.7145);
#12029 = AXIS2_PLACEMENT_3D('',#12030,#12031,#12032);
#12030 = CARTESIAN_POINT('',(237.426604,-78.809395,0.));
#12031 = DIRECTION('',(-0.,-0.,-1.));
#12032 = DIRECTION('',(0.,-1.,0.));
#12033 = PCURVE('',#3354,#12034);
#12034 = DEFINITIONAL_REPRESENTATION('',(#12035),#12039);
#12035 = LINE('',#12036,#12037);
#12036 = CARTESIAN_POINT('',(0.,-4.6E-02));
#12037 = VECTOR('',#12038,1.);
#12038 = DIRECTION('',(1.,0.));
#12039 = ( GEOMETRIC_REPRESENTATION_CONTEXT(2) 
PARAMETRIC_REPRESENTATION_CONTEXT() REPRESENTATION_CONTEXT('2D SPACE',''
  ) );
#12040 = PCURVE('',#6733,#12041);
#12041 = DEFINITIONAL_REPRESENTATION('',(#12042),#12050);
#12042 = ( BOUNDED_CURVE() B_SPLINE_CURVE(2,(#12043,#12044,#12045,#12046
    ,#12047,#12048,#12049),.UNSPECIFIED.,.T.,.F.) 
B_SPLINE_CURVE_WITH_KNOTS((1,2,2,2,2,1),(-2.094395102393,0.,
    2.094395102393,4.188790204786,6.28318530718,8.377580409573),
.UNSPECIFIED.) CURVE() GEOMETRIC_REPRESENTATION_ITEM() 
RATIONAL_B_SPLINE_CURVE((1.,0.5,1.,0.5,1.,0.5,1.)) REPRESENTATION_ITEM(
  '') );
#12043 = CARTESIAN_POINT('',(237.426604,-80.523895));
#12044 = CARTESIAN_POINT('',(234.45700289042,-80.523895));
#12045 = CARTESIAN_POINT('',(235.94180344521,-77.952145));
#12046 = CARTESIAN_POINT('',(237.426604,-75.380395));
#12047 = CARTESIAN_POINT('',(238.91140455478,-77.952145));
#12048 = CARTESIAN_POINT('',(240.39620510957,-80.523895));
#12049 = CARTESIAN_POINT('',(237.426604,-80.523895));
#12050 = ( GEOMETRIC_REPRESENTATION_CONTEXT(2) 
PARAMETRIC_REPRESENTATION_CONTEXT() REPRESENTATION_CONTEXT('2D SPACE',''
  ) );
#12051 = ADVANCED_FACE('',(#12052),#3389,.F.);
#12052 = FACE_BOUND('',#12053,.F.);
#12053 = EDGE_LOOP('',(#12054,#12077,#12078,#12079));
#12054 = ORIENTED_EDGE('',*,*,#12055,.T.);
#12055 = EDGE_CURVE('',#12056,#3369,#12058,.T.);
#12056 = VERTEX_POINT('',#12057);
#12057 = CARTESIAN_POINT('',(242.739196,-81.0838,0.));
#12058 = SEAM_CURVE('',#12059,(#12063,#12070),.PCURVE_S1.);
#12059 = LINE('',#12060,#12061);
#12060 = CARTESIAN_POINT('',(242.739196,-81.0838,-4.6E-02));
#12061 = VECTOR('',#12062,1.);
#12062 = DIRECTION('',(0.,0.,1.));
#12063 = PCURVE('',#3389,#12064);
#12064 = DEFINITIONAL_REPRESENTATION('',(#12065),#12069);
#12065 = LINE('',#12066,#12067);
#12066 = CARTESIAN_POINT('',(0.,0.));
#12067 = VECTOR('',#12068,1.);
#12068 = DIRECTION('',(0.,-1.));
#12069 = ( GEOMETRIC_REPRESENTATION_CONTEXT(2) 
PARAMETRIC_REPRESENTATION_CONTEXT() REPRESENTATION_CONTEXT('2D SPACE',''
  ) );
#12070 = PCURVE('',#3389,#12071);
#12071 = DEFINITIONAL_REPRESENTATION('',(#12072),#12076);
#12072 = LINE('',#12073,#12074);
#12073 = CARTESIAN_POINT('',(6.28318530718,0.));
#12074 = VECTOR('',#12075,1.);
#12075 = DIRECTION('',(0.,-1.));
#12076 = ( GEOMETRIC_REPRESENTATION_CONTEXT(2) 
PARAMETRIC_REPRESENTATION_CONTEXT() REPRESENTATION_CONTEXT('2D SPACE',''
  ) );
#12077 = ORIENTED_EDGE('',*,*,#3368,.T.);
#12078 = ORIENTED_EDGE('',*,*,#12055,.F.);
#12079 = ORIENTED_EDGE('',*,*,#12080,.F.);
#12080 = EDGE_CURVE('',#12056,#12056,#12081,.T.);
#12081 = SURFACE_CURVE('',#12082,(#12087,#12094),.PCURVE_S1.);
#12082 = CIRCLE('',#12083,0.8509);
#12083 = AXIS2_PLACEMENT_3D('',#12084,#12085,#12086);
#12084 = CARTESIAN_POINT('',(242.739196,-80.2329,0.));
#12085 = DIRECTION('',(-0.,-0.,-1.));
#12086 = DIRECTION('',(0.,-1.,0.));
#12087 = PCURVE('',#3389,#12088);
#12088 = DEFINITIONAL_REPRESENTATION('',(#12089),#12093);
#12089 = LINE('',#12090,#12091);
#12090 = CARTESIAN_POINT('',(0.,-4.6E-02));
#12091 = VECTOR('',#12092,1.);
#12092 = DIRECTION('',(1.,0.));
#12093 = ( GEOMETRIC_REPRESENTATION_CONTEXT(2) 
PARAMETRIC_REPRESENTATION_CONTEXT() REPRESENTATION_CONTEXT('2D SPACE',''
  ) );
#12094 = PCURVE('',#6733,#12095);
#12095 = DEFINITIONAL_REPRESENTATION('',(#12096),#12104);
#12096 = ( BOUNDED_CURVE() B_SPLINE_CURVE(2,(#12097,#12098,#12099,#12100
    ,#12101,#12102,#12103),.UNSPECIFIED.,.T.,.F.) 
B_SPLINE_CURVE_WITH_KNOTS((1,2,2,2,2,1),(-2.094395102393,0.,
    2.094395102393,4.188790204786,6.28318530718,8.377580409573),
.UNSPECIFIED.) CURVE() GEOMETRIC_REPRESENTATION_ITEM() 
RATIONAL_B_SPLINE_CURVE((1.,0.5,1.,0.5,1.,0.5,1.)) REPRESENTATION_ITEM(
  '') );
#12097 = CARTESIAN_POINT('',(242.739196,-81.0838));
#12098 = CARTESIAN_POINT('',(241.26539396784,-81.0838));
#12099 = CARTESIAN_POINT('',(242.00229498392,-79.80745));
#12100 = CARTESIAN_POINT('',(242.739196,-78.5311));
#12101 = CARTESIAN_POINT('',(243.47609701608,-79.80745));
#12102 = CARTESIAN_POINT('',(244.21299803216,-81.0838));
#12103 = CARTESIAN_POINT('',(242.739196,-81.0838));
#12104 = ( GEOMETRIC_REPRESENTATION_CONTEXT(2) 
PARAMETRIC_REPRESENTATION_CONTEXT() REPRESENTATION_CONTEXT('2D SPACE',''
  ) );
#12105 = ADVANCED_FACE('',(#12106),#3424,.F.);
#12106 = FACE_BOUND('',#12107,.F.);
#12107 = EDGE_LOOP('',(#12108,#12131,#12132,#12133));
#12108 = ORIENTED_EDGE('',*,*,#12109,.T.);
#12109 = EDGE_CURVE('',#12110,#3404,#12112,.T.);
#12110 = VERTEX_POINT('',#12111);
#12111 = CARTESIAN_POINT('',(243.555777,-76.598842,0.));
#12112 = SEAM_CURVE('',#12113,(#12117,#12124),.PCURVE_S1.);
#12113 = LINE('',#12114,#12115);
#12114 = CARTESIAN_POINT('',(243.555777,-76.598842,-4.6E-02));
#12115 = VECTOR('',#12116,1.);
#12116 = DIRECTION('',(0.,0.,1.));
#12117 = PCURVE('',#3424,#12118);
#12118 = DEFINITIONAL_REPRESENTATION('',(#12119),#12123);
#12119 = LINE('',#12120,#12121);
#12120 = CARTESIAN_POINT('',(0.,0.));
#12121 = VECTOR('',#12122,1.);
#12122 = DIRECTION('',(0.,-1.));
#12123 = ( GEOMETRIC_REPRESENTATION_CONTEXT(2) 
PARAMETRIC_REPRESENTATION_CONTEXT() REPRESENTATION_CONTEXT('2D SPACE',''
  ) );
#12124 = PCURVE('',#3424,#12125);
#12125 = DEFINITIONAL_REPRESENTATION('',(#12126),#12130);
#12126 = LINE('',#12127,#12128);
#12127 = CARTESIAN_POINT('',(6.28318530718,0.));
#12128 = VECTOR('',#12129,1.);
#12129 = DIRECTION('',(0.,-1.));
#12130 = ( GEOMETRIC_REPRESENTATION_CONTEXT(2) 
PARAMETRIC_REPRESENTATION_CONTEXT() REPRESENTATION_CONTEXT('2D SPACE',''
  ) );
#12131 = ORIENTED_EDGE('',*,*,#3403,.T.);
#12132 = ORIENTED_EDGE('',*,*,#12109,.F.);
#12133 = ORIENTED_EDGE('',*,*,#12134,.F.);
#12134 = EDGE_CURVE('',#12110,#12110,#12135,.T.);
#12135 = SURFACE_CURVE('',#12136,(#12141,#12148),.PCURVE_S1.);
#12136 = CIRCLE('',#12137,0.4953);
#12137 = AXIS2_PLACEMENT_3D('',#12138,#12139,#12140);
#12138 = CARTESIAN_POINT('',(243.555777,-76.103542,0.));
#12139 = DIRECTION('',(0.,-0.,-1.));
#12140 = DIRECTION('',(5.738281734384E-14,-1.,0.));
#12141 = PCURVE('',#3424,#12142);
#12142 = DEFINITIONAL_REPRESENTATION('',(#12143),#12147);
#12143 = LINE('',#12144,#12145);
#12144 = CARTESIAN_POINT('',(0.,-4.6E-02));
#12145 = VECTOR('',#12146,1.);
#12146 = DIRECTION('',(1.,0.));
#12147 = ( GEOMETRIC_REPRESENTATION_CONTEXT(2) 
PARAMETRIC_REPRESENTATION_CONTEXT() REPRESENTATION_CONTEXT('2D SPACE',''
  ) );
#12148 = PCURVE('',#6733,#12149);
#12149 = DEFINITIONAL_REPRESENTATION('',(#12150),#12158);
#12150 = ( BOUNDED_CURVE() B_SPLINE_CURVE(2,(#12151,#12152,#12153,#12154
    ,#12155,#12156,#12157),.UNSPECIFIED.,.T.,.F.) 
B_SPLINE_CURVE_WITH_KNOTS((1,2,2,2,2,1),(-2.094395102393,0.,
    2.094395102393,4.188790204786,6.28318530718,8.377580409573),
.UNSPECIFIED.) CURVE() GEOMETRIC_REPRESENTATION_ITEM() 
RATIONAL_B_SPLINE_CURVE((1.,0.5,1.,0.5,1.,0.5,1.)) REPRESENTATION_ITEM(
  '') );
#12151 = CARTESIAN_POINT('',(243.555777,-76.598842));
#12152 = CARTESIAN_POINT('',(242.69789223501,-76.598842));
#12153 = CARTESIAN_POINT('',(243.1268346175,-75.855892));
#12154 = CARTESIAN_POINT('',(243.555777,-75.112942));
#12155 = CARTESIAN_POINT('',(243.98471938249,-75.855892));
#12156 = CARTESIAN_POINT('',(244.41366176498,-76.598842));
#12157 = CARTESIAN_POINT('',(243.555777,-76.598842));
#12158 = ( GEOMETRIC_REPRESENTATION_CONTEXT(2) 
PARAMETRIC_REPRESENTATION_CONTEXT() REPRESENTATION_CONTEXT('2D SPACE',''
  ) );
#12159 = ADVANCED_FACE('',(#12160),#3459,.F.);
#12160 = FACE_BOUND('',#12161,.F.);
#12161 = EDGE_LOOP('',(#12162,#12185,#12186,#12187));
#12162 = ORIENTED_EDGE('',*,*,#12163,.T.);
#12163 = EDGE_CURVE('',#12164,#3439,#12166,.T.);
#12164 = VERTEX_POINT('',#12165);
#12165 = CARTESIAN_POINT('',(136.9714,-69.5104,0.));
#12166 = SEAM_CURVE('',#12167,(#12171,#12178),.PCURVE_S1.);
#12167 = LINE('',#12168,#12169);
#12168 = CARTESIAN_POINT('',(136.9714,-69.5104,-4.6E-02));
#12169 = VECTOR('',#12170,1.);
#12170 = DIRECTION('',(0.,0.,1.));
#12171 = PCURVE('',#3459,#12172);
#12172 = DEFINITIONAL_REPRESENTATION('',(#12173),#12177);
#12173 = LINE('',#12174,#12175);
#12174 = CARTESIAN_POINT('',(0.,0.));
#12175 = VECTOR('',#12176,1.);
#12176 = DIRECTION('',(0.,-1.));
#12177 = ( GEOMETRIC_REPRESENTATION_CONTEXT(2) 
PARAMETRIC_REPRESENTATION_CONTEXT() REPRESENTATION_CONTEXT('2D SPACE',''
  ) );
#12178 = PCURVE('',#3459,#12179);
#12179 = DEFINITIONAL_REPRESENTATION('',(#12180),#12184);
#12180 = LINE('',#12181,#12182);
#12181 = CARTESIAN_POINT('',(6.28318530718,0.));
#12182 = VECTOR('',#12183,1.);
#12183 = DIRECTION('',(0.,-1.));
#12184 = ( GEOMETRIC_REPRESENTATION_CONTEXT(2) 
PARAMETRIC_REPRESENTATION_CONTEXT() REPRESENTATION_CONTEXT('2D SPACE',''
  ) );
#12185 = ORIENTED_EDGE('',*,*,#3438,.T.);
#12186 = ORIENTED_EDGE('',*,*,#12163,.F.);
#12187 = ORIENTED_EDGE('',*,*,#12188,.F.);
#12188 = EDGE_CURVE('',#12164,#12164,#12189,.T.);
#12189 = SURFACE_CURVE('',#12190,(#12195,#12202),.PCURVE_S1.);
#12190 = CIRCLE('',#12191,0.4064);
#12191 = AXIS2_PLACEMENT_3D('',#12192,#12193,#12194);
#12192 = CARTESIAN_POINT('',(136.9714,-69.104,0.));
#12193 = DIRECTION('',(-0.,0.,-1.));
#12194 = DIRECTION('',(-6.993530863781E-14,-1.,0.));
#12195 = PCURVE('',#3459,#12196);
#12196 = DEFINITIONAL_REPRESENTATION('',(#12197),#12201);
#12197 = LINE('',#12198,#12199);
#12198 = CARTESIAN_POINT('',(0.,-4.6E-02));
#12199 = VECTOR('',#12200,1.);
#12200 = DIRECTION('',(1.,0.));
#12201 = ( GEOMETRIC_REPRESENTATION_CONTEXT(2) 
PARAMETRIC_REPRESENTATION_CONTEXT() REPRESENTATION_CONTEXT('2D SPACE',''
  ) );
#12202 = PCURVE('',#6733,#12203);
#12203 = DEFINITIONAL_REPRESENTATION('',(#12204),#12212);
#12204 = ( BOUNDED_CURVE() B_SPLINE_CURVE(2,(#12205,#12206,#12207,#12208
    ,#12209,#12210,#12211),.UNSPECIFIED.,.T.,.F.) 
B_SPLINE_CURVE_WITH_KNOTS((1,2,2,2,2,1),(-2.094395102393,0.,
    2.094395102393,4.188790204786,6.28318530718,8.377580409573),
.UNSPECIFIED.) CURVE() GEOMETRIC_REPRESENTATION_ITEM() 
RATIONAL_B_SPLINE_CURVE((1.,0.5,1.,0.5,1.,0.5,1.)) REPRESENTATION_ITEM(
  '') );
#12205 = CARTESIAN_POINT('',(136.9714,-69.5104));
#12206 = CARTESIAN_POINT('',(136.2674945518,-69.5104));
#12207 = CARTESIAN_POINT('',(136.6194472759,-68.9008));
#12208 = CARTESIAN_POINT('',(136.9714,-68.2912));
#12209 = CARTESIAN_POINT('',(137.32335272409,-68.9008));
#12210 = CARTESIAN_POINT('',(137.67530544819,-69.5104));
#12211 = CARTESIAN_POINT('',(136.9714,-69.5104));
#12212 = ( GEOMETRIC_REPRESENTATION_CONTEXT(2) 
PARAMETRIC_REPRESENTATION_CONTEXT() REPRESENTATION_CONTEXT('2D SPACE',''
  ) );
#12213 = ADVANCED_FACE('',(#12214),#3494,.F.);
#12214 = FACE_BOUND('',#12215,.F.);
#12215 = EDGE_LOOP('',(#12216,#12239,#12240,#12241));
#12216 = ORIENTED_EDGE('',*,*,#12217,.T.);
#12217 = EDGE_CURVE('',#12218,#3474,#12220,.T.);
#12218 = VERTEX_POINT('',#12219);
#12219 = CARTESIAN_POINT('',(136.9714,-66.9704,0.));
#12220 = SEAM_CURVE('',#12221,(#12225,#12232),.PCURVE_S1.);
#12221 = LINE('',#12222,#12223);
#12222 = CARTESIAN_POINT('',(136.9714,-66.9704,-4.6E-02));
#12223 = VECTOR('',#12224,1.);
#12224 = DIRECTION('',(0.,0.,1.));
#12225 = PCURVE('',#3494,#12226);
#12226 = DEFINITIONAL_REPRESENTATION('',(#12227),#12231);
#12227 = LINE('',#12228,#12229);
#12228 = CARTESIAN_POINT('',(0.,0.));
#12229 = VECTOR('',#12230,1.);
#12230 = DIRECTION('',(0.,-1.));
#12231 = ( GEOMETRIC_REPRESENTATION_CONTEXT(2) 
PARAMETRIC_REPRESENTATION_CONTEXT() REPRESENTATION_CONTEXT('2D SPACE',''
  ) );
#12232 = PCURVE('',#3494,#12233);
#12233 = DEFINITIONAL_REPRESENTATION('',(#12234),#12238);
#12234 = LINE('',#12235,#12236);
#12235 = CARTESIAN_POINT('',(6.28318530718,0.));
#12236 = VECTOR('',#12237,1.);
#12237 = DIRECTION('',(0.,-1.));
#12238 = ( GEOMETRIC_REPRESENTATION_CONTEXT(2) 
PARAMETRIC_REPRESENTATION_CONTEXT() REPRESENTATION_CONTEXT('2D SPACE',''
  ) );
#12239 = ORIENTED_EDGE('',*,*,#3473,.T.);
#12240 = ORIENTED_EDGE('',*,*,#12217,.F.);
#12241 = ORIENTED_EDGE('',*,*,#12242,.F.);
#12242 = EDGE_CURVE('',#12218,#12218,#12243,.T.);
#12243 = SURFACE_CURVE('',#12244,(#12249,#12256),.PCURVE_S1.);
#12244 = CIRCLE('',#12245,0.4064);
#12245 = AXIS2_PLACEMENT_3D('',#12246,#12247,#12248);
#12246 = CARTESIAN_POINT('',(136.9714,-66.564,0.));
#12247 = DIRECTION('',(-0.,0.,-1.));
#12248 = DIRECTION('',(-6.993530863781E-14,-1.,0.));
#12249 = PCURVE('',#3494,#12250);
#12250 = DEFINITIONAL_REPRESENTATION('',(#12251),#12255);
#12251 = LINE('',#12252,#12253);
#12252 = CARTESIAN_POINT('',(0.,-4.6E-02));
#12253 = VECTOR('',#12254,1.);
#12254 = DIRECTION('',(1.,0.));
#12255 = ( GEOMETRIC_REPRESENTATION_CONTEXT(2) 
PARAMETRIC_REPRESENTATION_CONTEXT() REPRESENTATION_CONTEXT('2D SPACE',''
  ) );
#12256 = PCURVE('',#6733,#12257);
#12257 = DEFINITIONAL_REPRESENTATION('',(#12258),#12266);
#12258 = ( BOUNDED_CURVE() B_SPLINE_CURVE(2,(#12259,#12260,#12261,#12262
    ,#12263,#12264,#12265),.UNSPECIFIED.,.T.,.F.) 
B_SPLINE_CURVE_WITH_KNOTS((1,2,2,2,2,1),(-2.094395102393,0.,
    2.094395102393,4.188790204786,6.28318530718,8.377580409573),
.UNSPECIFIED.) CURVE() GEOMETRIC_REPRESENTATION_ITEM() 
RATIONAL_B_SPLINE_CURVE((1.,0.5,1.,0.5,1.,0.5,1.)) REPRESENTATION_ITEM(
  '') );
#12259 = CARTESIAN_POINT('',(136.9714,-66.9704));
#12260 = CARTESIAN_POINT('',(136.2674945518,-66.9704));
#12261 = CARTESIAN_POINT('',(136.6194472759,-66.3608));
#12262 = CARTESIAN_POINT('',(136.9714,-65.7512));
#12263 = CARTESIAN_POINT('',(137.32335272409,-66.3608));
#12264 = CARTESIAN_POINT('',(137.67530544819,-66.9704));
#12265 = CARTESIAN_POINT('',(136.9714,-66.9704));
#12266 = ( GEOMETRIC_REPRESENTATION_CONTEXT(2) 
PARAMETRIC_REPRESENTATION_CONTEXT() REPRESENTATION_CONTEXT('2D SPACE',''
  ) );
#12267 = ADVANCED_FACE('',(#12268),#3529,.F.);
#12268 = FACE_BOUND('',#12269,.F.);
#12269 = EDGE_LOOP('',(#12270,#12293,#12294,#12295));
#12270 = ORIENTED_EDGE('',*,*,#12271,.T.);
#12271 = EDGE_CURVE('',#12272,#3509,#12274,.T.);
#12272 = VERTEX_POINT('',#12273);
#12273 = CARTESIAN_POINT('',(136.9714,-64.4304,0.));
#12274 = SEAM_CURVE('',#12275,(#12279,#12286),.PCURVE_S1.);
#12275 = LINE('',#12276,#12277);
#12276 = CARTESIAN_POINT('',(136.9714,-64.4304,-4.6E-02));
#12277 = VECTOR('',#12278,1.);
#12278 = DIRECTION('',(0.,0.,1.));
#12279 = PCURVE('',#3529,#12280);
#12280 = DEFINITIONAL_REPRESENTATION('',(#12281),#12285);
#12281 = LINE('',#12282,#12283);
#12282 = CARTESIAN_POINT('',(0.,0.));
#12283 = VECTOR('',#12284,1.);
#12284 = DIRECTION('',(0.,-1.));
#12285 = ( GEOMETRIC_REPRESENTATION_CONTEXT(2) 
PARAMETRIC_REPRESENTATION_CONTEXT() REPRESENTATION_CONTEXT('2D SPACE',''
  ) );
#12286 = PCURVE('',#3529,#12287);
#12287 = DEFINITIONAL_REPRESENTATION('',(#12288),#12292);
#12288 = LINE('',#12289,#12290);
#12289 = CARTESIAN_POINT('',(6.28318530718,0.));
#12290 = VECTOR('',#12291,1.);
#12291 = DIRECTION('',(0.,-1.));
#12292 = ( GEOMETRIC_REPRESENTATION_CONTEXT(2) 
PARAMETRIC_REPRESENTATION_CONTEXT() REPRESENTATION_CONTEXT('2D SPACE',''
  ) );
#12293 = ORIENTED_EDGE('',*,*,#3508,.T.);
#12294 = ORIENTED_EDGE('',*,*,#12271,.F.);
#12295 = ORIENTED_EDGE('',*,*,#12296,.F.);
#12296 = EDGE_CURVE('',#12272,#12272,#12297,.T.);
#12297 = SURFACE_CURVE('',#12298,(#12303,#12310),.PCURVE_S1.);
#12298 = CIRCLE('',#12299,0.4064);
#12299 = AXIS2_PLACEMENT_3D('',#12300,#12301,#12302);
#12300 = CARTESIAN_POINT('',(136.9714,-64.024,0.));
#12301 = DIRECTION('',(-0.,0.,-1.));
#12302 = DIRECTION('',(-6.993530863781E-14,-1.,0.));
#12303 = PCURVE('',#3529,#12304);
#12304 = DEFINITIONAL_REPRESENTATION('',(#12305),#12309);
#12305 = LINE('',#12306,#12307);
#12306 = CARTESIAN_POINT('',(0.,-4.6E-02));
#12307 = VECTOR('',#12308,1.);
#12308 = DIRECTION('',(1.,0.));
#12309 = ( GEOMETRIC_REPRESENTATION_CONTEXT(2) 
PARAMETRIC_REPRESENTATION_CONTEXT() REPRESENTATION_CONTEXT('2D SPACE',''
  ) );
#12310 = PCURVE('',#6733,#12311);
#12311 = DEFINITIONAL_REPRESENTATION('',(#12312),#12320);
#12312 = ( BOUNDED_CURVE() B_SPLINE_CURVE(2,(#12313,#12314,#12315,#12316
    ,#12317,#12318,#12319),.UNSPECIFIED.,.T.,.F.) 
B_SPLINE_CURVE_WITH_KNOTS((1,2,2,2,2,1),(-2.094395102393,0.,
    2.094395102393,4.188790204786,6.28318530718,8.377580409573),
.UNSPECIFIED.) CURVE() GEOMETRIC_REPRESENTATION_ITEM() 
RATIONAL_B_SPLINE_CURVE((1.,0.5,1.,0.5,1.,0.5,1.)) REPRESENTATION_ITEM(
  '') );
#12313 = CARTESIAN_POINT('',(136.9714,-64.4304));
#12314 = CARTESIAN_POINT('',(136.2674945518,-64.4304));
#12315 = CARTESIAN_POINT('',(136.6194472759,-63.8208));
#12316 = CARTESIAN_POINT('',(136.9714,-63.2112));
#12317 = CARTESIAN_POINT('',(137.32335272409,-63.8208));
#12318 = CARTESIAN_POINT('',(137.67530544819,-64.4304));
#12319 = CARTESIAN_POINT('',(136.9714,-64.4304));
#12320 = ( GEOMETRIC_REPRESENTATION_CONTEXT(2) 
PARAMETRIC_REPRESENTATION_CONTEXT() REPRESENTATION_CONTEXT('2D SPACE',''
  ) );
#12321 = ADVANCED_FACE('',(#12322),#3564,.F.);
#12322 = FACE_BOUND('',#12323,.F.);
#12323 = EDGE_LOOP('',(#12324,#12347,#12348,#12349));
#12324 = ORIENTED_EDGE('',*,*,#12325,.T.);
#12325 = EDGE_CURVE('',#12326,#3544,#12328,.T.);
#12326 = VERTEX_POINT('',#12327);
#12327 = CARTESIAN_POINT('',(136.9714,-61.8904,0.));
#12328 = SEAM_CURVE('',#12329,(#12333,#12340),.PCURVE_S1.);
#12329 = LINE('',#12330,#12331);
#12330 = CARTESIAN_POINT('',(136.9714,-61.8904,-4.6E-02));
#12331 = VECTOR('',#12332,1.);
#12332 = DIRECTION('',(0.,0.,1.));
#12333 = PCURVE('',#3564,#12334);
#12334 = DEFINITIONAL_REPRESENTATION('',(#12335),#12339);
#12335 = LINE('',#12336,#12337);
#12336 = CARTESIAN_POINT('',(0.,0.));
#12337 = VECTOR('',#12338,1.);
#12338 = DIRECTION('',(0.,-1.));
#12339 = ( GEOMETRIC_REPRESENTATION_CONTEXT(2) 
PARAMETRIC_REPRESENTATION_CONTEXT() REPRESENTATION_CONTEXT('2D SPACE',''
  ) );
#12340 = PCURVE('',#3564,#12341);
#12341 = DEFINITIONAL_REPRESENTATION('',(#12342),#12346);
#12342 = LINE('',#12343,#12344);
#12343 = CARTESIAN_POINT('',(6.28318530718,0.));
#12344 = VECTOR('',#12345,1.);
#12345 = DIRECTION('',(0.,-1.));
#12346 = ( GEOMETRIC_REPRESENTATION_CONTEXT(2) 
PARAMETRIC_REPRESENTATION_CONTEXT() REPRESENTATION_CONTEXT('2D SPACE',''
  ) );
#12347 = ORIENTED_EDGE('',*,*,#3543,.T.);
#12348 = ORIENTED_EDGE('',*,*,#12325,.F.);
#12349 = ORIENTED_EDGE('',*,*,#12350,.F.);
#12350 = EDGE_CURVE('',#12326,#12326,#12351,.T.);
#12351 = SURFACE_CURVE('',#12352,(#12357,#12364),.PCURVE_S1.);
#12352 = CIRCLE('',#12353,0.4064);
#12353 = AXIS2_PLACEMENT_3D('',#12354,#12355,#12356);
#12354 = CARTESIAN_POINT('',(136.9714,-61.484,0.));
#12355 = DIRECTION('',(-0.,0.,-1.));
#12356 = DIRECTION('',(-6.993530863781E-14,-1.,0.));
#12357 = PCURVE('',#3564,#12358);
#12358 = DEFINITIONAL_REPRESENTATION('',(#12359),#12363);
#12359 = LINE('',#12360,#12361);
#12360 = CARTESIAN_POINT('',(0.,-4.6E-02));
#12361 = VECTOR('',#12362,1.);
#12362 = DIRECTION('',(1.,0.));
#12363 = ( GEOMETRIC_REPRESENTATION_CONTEXT(2) 
PARAMETRIC_REPRESENTATION_CONTEXT() REPRESENTATION_CONTEXT('2D SPACE',''
  ) );
#12364 = PCURVE('',#6733,#12365);
#12365 = DEFINITIONAL_REPRESENTATION('',(#12366),#12374);
#12366 = ( BOUNDED_CURVE() B_SPLINE_CURVE(2,(#12367,#12368,#12369,#12370
    ,#12371,#12372,#12373),.UNSPECIFIED.,.T.,.F.) 
B_SPLINE_CURVE_WITH_KNOTS((1,2,2,2,2,1),(-2.094395102393,0.,
    2.094395102393,4.188790204786,6.28318530718,8.377580409573),
.UNSPECIFIED.) CURVE() GEOMETRIC_REPRESENTATION_ITEM() 
RATIONAL_B_SPLINE_CURVE((1.,0.5,1.,0.5,1.,0.5,1.)) REPRESENTATION_ITEM(
  '') );
#12367 = CARTESIAN_POINT('',(136.9714,-61.8904));
#12368 = CARTESIAN_POINT('',(136.2674945518,-61.8904));
#12369 = CARTESIAN_POINT('',(136.6194472759,-61.2808));
#12370 = CARTESIAN_POINT('',(136.9714,-60.6712));
#12371 = CARTESIAN_POINT('',(137.32335272409,-61.2808));
#12372 = CARTESIAN_POINT('',(137.67530544819,-61.8904));
#12373 = CARTESIAN_POINT('',(136.9714,-61.8904));
#12374 = ( GEOMETRIC_REPRESENTATION_CONTEXT(2) 
PARAMETRIC_REPRESENTATION_CONTEXT() REPRESENTATION_CONTEXT('2D SPACE',''
  ) );
#12375 = ADVANCED_FACE('',(#12376),#3599,.F.);
#12376 = FACE_BOUND('',#12377,.F.);
#12377 = EDGE_LOOP('',(#12378,#12401,#12402,#12403));
#12378 = ORIENTED_EDGE('',*,*,#12379,.T.);
#12379 = EDGE_CURVE('',#12380,#3579,#12382,.T.);
#12380 = VERTEX_POINT('',#12381);
#12381 = CARTESIAN_POINT('',(152.1914,-69.5104,0.));
#12382 = SEAM_CURVE('',#12383,(#12387,#12394),.PCURVE_S1.);
#12383 = LINE('',#12384,#12385);
#12384 = CARTESIAN_POINT('',(152.1914,-69.5104,-4.6E-02));
#12385 = VECTOR('',#12386,1.);
#12386 = DIRECTION('',(0.,0.,1.));
#12387 = PCURVE('',#3599,#12388);
#12388 = DEFINITIONAL_REPRESENTATION('',(#12389),#12393);
#12389 = LINE('',#12390,#12391);
#12390 = CARTESIAN_POINT('',(0.,0.));
#12391 = VECTOR('',#12392,1.);
#12392 = DIRECTION('',(0.,-1.));
#12393 = ( GEOMETRIC_REPRESENTATION_CONTEXT(2) 
PARAMETRIC_REPRESENTATION_CONTEXT() REPRESENTATION_CONTEXT('2D SPACE',''
  ) );
#12394 = PCURVE('',#3599,#12395);
#12395 = DEFINITIONAL_REPRESENTATION('',(#12396),#12400);
#12396 = LINE('',#12397,#12398);
#12397 = CARTESIAN_POINT('',(6.28318530718,0.));
#12398 = VECTOR('',#12399,1.);
#12399 = DIRECTION('',(0.,-1.));
#12400 = ( GEOMETRIC_REPRESENTATION_CONTEXT(2) 
PARAMETRIC_REPRESENTATION_CONTEXT() REPRESENTATION_CONTEXT('2D SPACE',''
  ) );
#12401 = ORIENTED_EDGE('',*,*,#3578,.T.);
#12402 = ORIENTED_EDGE('',*,*,#12379,.F.);
#12403 = ORIENTED_EDGE('',*,*,#12404,.F.);
#12404 = EDGE_CURVE('',#12380,#12380,#12405,.T.);
#12405 = SURFACE_CURVE('',#12406,(#12411,#12418),.PCURVE_S1.);
#12406 = CIRCLE('',#12407,0.4064);
#12407 = AXIS2_PLACEMENT_3D('',#12408,#12409,#12410);
#12408 = CARTESIAN_POINT('',(152.1914,-69.104,0.));
#12409 = DIRECTION('',(-0.,-0.,-1.));
#12410 = DIRECTION('',(0.,-1.,0.));
#12411 = PCURVE('',#3599,#12412);
#12412 = DEFINITIONAL_REPRESENTATION('',(#12413),#12417);
#12413 = LINE('',#12414,#12415);
#12414 = CARTESIAN_POINT('',(0.,-4.6E-02));
#12415 = VECTOR('',#12416,1.);
#12416 = DIRECTION('',(1.,0.));
#12417 = ( GEOMETRIC_REPRESENTATION_CONTEXT(2) 
PARAMETRIC_REPRESENTATION_CONTEXT() REPRESENTATION_CONTEXT('2D SPACE',''
  ) );
#12418 = PCURVE('',#6733,#12419);
#12419 = DEFINITIONAL_REPRESENTATION('',(#12420),#12428);
#12420 = ( BOUNDED_CURVE() B_SPLINE_CURVE(2,(#12421,#12422,#12423,#12424
    ,#12425,#12426,#12427),.UNSPECIFIED.,.T.,.F.) 
B_SPLINE_CURVE_WITH_KNOTS((1,2,2,2,2,1),(-2.094395102393,0.,
    2.094395102393,4.188790204786,6.28318530718,8.377580409573),
.UNSPECIFIED.) CURVE() GEOMETRIC_REPRESENTATION_ITEM() 
RATIONAL_B_SPLINE_CURVE((1.,0.5,1.,0.5,1.,0.5,1.)) REPRESENTATION_ITEM(
  '') );
#12421 = CARTESIAN_POINT('',(152.1914,-69.5104));
#12422 = CARTESIAN_POINT('',(151.4874945518,-69.5104));
#12423 = CARTESIAN_POINT('',(151.8394472759,-68.9008));
#12424 = CARTESIAN_POINT('',(152.1914,-68.2912));
#12425 = CARTESIAN_POINT('',(152.54335272409,-68.9008));
#12426 = CARTESIAN_POINT('',(152.89530544819,-69.5104));
#12427 = CARTESIAN_POINT('',(152.1914,-69.5104));
#12428 = ( GEOMETRIC_REPRESENTATION_CONTEXT(2) 
PARAMETRIC_REPRESENTATION_CONTEXT() REPRESENTATION_CONTEXT('2D SPACE',''
  ) );
#12429 = ADVANCED_FACE('',(#12430),#3634,.F.);
#12430 = FACE_BOUND('',#12431,.F.);
#12431 = EDGE_LOOP('',(#12432,#12455,#12456,#12457));
#12432 = ORIENTED_EDGE('',*,*,#12433,.T.);
#12433 = EDGE_CURVE('',#12434,#3614,#12436,.T.);
#12434 = VERTEX_POINT('',#12435);
#12435 = CARTESIAN_POINT('',(152.1914,-66.9704,0.));
#12436 = SEAM_CURVE('',#12437,(#12441,#12448),.PCURVE_S1.);
#12437 = LINE('',#12438,#12439);
#12438 = CARTESIAN_POINT('',(152.1914,-66.9704,-4.6E-02));
#12439 = VECTOR('',#12440,1.);
#12440 = DIRECTION('',(0.,0.,1.));
#12441 = PCURVE('',#3634,#12442);
#12442 = DEFINITIONAL_REPRESENTATION('',(#12443),#12447);
#12443 = LINE('',#12444,#12445);
#12444 = CARTESIAN_POINT('',(0.,0.));
#12445 = VECTOR('',#12446,1.);
#12446 = DIRECTION('',(0.,-1.));
#12447 = ( GEOMETRIC_REPRESENTATION_CONTEXT(2) 
PARAMETRIC_REPRESENTATION_CONTEXT() REPRESENTATION_CONTEXT('2D SPACE',''
  ) );
#12448 = PCURVE('',#3634,#12449);
#12449 = DEFINITIONAL_REPRESENTATION('',(#12450),#12454);
#12450 = LINE('',#12451,#12452);
#12451 = CARTESIAN_POINT('',(6.28318530718,0.));
#12452 = VECTOR('',#12453,1.);
#12453 = DIRECTION('',(0.,-1.));
#12454 = ( GEOMETRIC_REPRESENTATION_CONTEXT(2) 
PARAMETRIC_REPRESENTATION_CONTEXT() REPRESENTATION_CONTEXT('2D SPACE',''
  ) );
#12455 = ORIENTED_EDGE('',*,*,#3613,.T.);
#12456 = ORIENTED_EDGE('',*,*,#12433,.F.);
#12457 = ORIENTED_EDGE('',*,*,#12458,.F.);
#12458 = EDGE_CURVE('',#12434,#12434,#12459,.T.);
#12459 = SURFACE_CURVE('',#12460,(#12465,#12472),.PCURVE_S1.);
#12460 = CIRCLE('',#12461,0.4064);
#12461 = AXIS2_PLACEMENT_3D('',#12462,#12463,#12464);
#12462 = CARTESIAN_POINT('',(152.1914,-66.564,0.));
#12463 = DIRECTION('',(-0.,-0.,-1.));
#12464 = DIRECTION('',(0.,-1.,0.));
#12465 = PCURVE('',#3634,#12466);
#12466 = DEFINITIONAL_REPRESENTATION('',(#12467),#12471);
#12467 = LINE('',#12468,#12469);
#12468 = CARTESIAN_POINT('',(0.,-4.6E-02));
#12469 = VECTOR('',#12470,1.);
#12470 = DIRECTION('',(1.,0.));
#12471 = ( GEOMETRIC_REPRESENTATION_CONTEXT(2) 
PARAMETRIC_REPRESENTATION_CONTEXT() REPRESENTATION_CONTEXT('2D SPACE',''
  ) );
#12472 = PCURVE('',#6733,#12473);
#12473 = DEFINITIONAL_REPRESENTATION('',(#12474),#12482);
#12474 = ( BOUNDED_CURVE() B_SPLINE_CURVE(2,(#12475,#12476,#12477,#12478
    ,#12479,#12480,#12481),.UNSPECIFIED.,.T.,.F.) 
B_SPLINE_CURVE_WITH_KNOTS((1,2,2,2,2,1),(-2.094395102393,0.,
    2.094395102393,4.188790204786,6.28318530718,8.377580409573),
.UNSPECIFIED.) CURVE() GEOMETRIC_REPRESENTATION_ITEM() 
RATIONAL_B_SPLINE_CURVE((1.,0.5,1.,0.5,1.,0.5,1.)) REPRESENTATION_ITEM(
  '') );
#12475 = CARTESIAN_POINT('',(152.1914,-66.9704));
#12476 = CARTESIAN_POINT('',(151.4874945518,-66.9704));
#12477 = CARTESIAN_POINT('',(151.8394472759,-66.3608));
#12478 = CARTESIAN_POINT('',(152.1914,-65.7512));
#12479 = CARTESIAN_POINT('',(152.54335272409,-66.3608));
#12480 = CARTESIAN_POINT('',(152.89530544819,-66.9704));
#12481 = CARTESIAN_POINT('',(152.1914,-66.9704));
#12482 = ( GEOMETRIC_REPRESENTATION_CONTEXT(2) 
PARAMETRIC_REPRESENTATION_CONTEXT() REPRESENTATION_CONTEXT('2D SPACE',''
  ) );
#12483 = ADVANCED_FACE('',(#12484),#3669,.F.);
#12484 = FACE_BOUND('',#12485,.F.);
#12485 = EDGE_LOOP('',(#12486,#12509,#12510,#12511));
#12486 = ORIENTED_EDGE('',*,*,#12487,.T.);
#12487 = EDGE_CURVE('',#12488,#3649,#12490,.T.);
#12488 = VERTEX_POINT('',#12489);
#12489 = CARTESIAN_POINT('',(163.478,-67.749,0.));
#12490 = SEAM_CURVE('',#12491,(#12495,#12502),.PCURVE_S1.);
#12491 = LINE('',#12492,#12493);
#12492 = CARTESIAN_POINT('',(163.478,-67.749,-4.6E-02));
#12493 = VECTOR('',#12494,1.);
#12494 = DIRECTION('',(0.,0.,1.));
#12495 = PCURVE('',#3669,#12496);
#12496 = DEFINITIONAL_REPRESENTATION('',(#12497),#12501);
#12497 = LINE('',#12498,#12499);
#12498 = CARTESIAN_POINT('',(0.,0.));
#12499 = VECTOR('',#12500,1.);
#12500 = DIRECTION('',(0.,-1.));
#12501 = ( GEOMETRIC_REPRESENTATION_CONTEXT(2) 
PARAMETRIC_REPRESENTATION_CONTEXT() REPRESENTATION_CONTEXT('2D SPACE',''
  ) );
#12502 = PCURVE('',#3669,#12503);
#12503 = DEFINITIONAL_REPRESENTATION('',(#12504),#12508);
#12504 = LINE('',#12505,#12506);
#12505 = CARTESIAN_POINT('',(6.28318530718,0.));
#12506 = VECTOR('',#12507,1.);
#12507 = DIRECTION('',(0.,-1.));
#12508 = ( GEOMETRIC_REPRESENTATION_CONTEXT(2) 
PARAMETRIC_REPRESENTATION_CONTEXT() REPRESENTATION_CONTEXT('2D SPACE',''
  ) );
#12509 = ORIENTED_EDGE('',*,*,#3648,.T.);
#12510 = ORIENTED_EDGE('',*,*,#12487,.F.);
#12511 = ORIENTED_EDGE('',*,*,#12512,.F.);
#12512 = EDGE_CURVE('',#12488,#12488,#12513,.T.);
#12513 = SURFACE_CURVE('',#12514,(#12519,#12526),.PCURVE_S1.);
#12514 = CIRCLE('',#12515,0.635);
#12515 = AXIS2_PLACEMENT_3D('',#12516,#12517,#12518);
#12516 = CARTESIAN_POINT('',(163.478,-67.114,0.));
#12517 = DIRECTION('',(-0.,-0.,-1.));
#12518 = DIRECTION('',(0.,-1.,0.));
#12519 = PCURVE('',#3669,#12520);
#12520 = DEFINITIONAL_REPRESENTATION('',(#12521),#12525);
#12521 = LINE('',#12522,#12523);
#12522 = CARTESIAN_POINT('',(0.,-4.6E-02));
#12523 = VECTOR('',#12524,1.);
#12524 = DIRECTION('',(1.,0.));
#12525 = ( GEOMETRIC_REPRESENTATION_CONTEXT(2) 
PARAMETRIC_REPRESENTATION_CONTEXT() REPRESENTATION_CONTEXT('2D SPACE',''
  ) );
#12526 = PCURVE('',#6733,#12527);
#12527 = DEFINITIONAL_REPRESENTATION('',(#12528),#12536);
#12528 = ( BOUNDED_CURVE() B_SPLINE_CURVE(2,(#12529,#12530,#12531,#12532
    ,#12533,#12534,#12535),.UNSPECIFIED.,.T.,.F.) 
B_SPLINE_CURVE_WITH_KNOTS((1,2,2,2,2,1),(-2.094395102393,0.,
    2.094395102393,4.188790204786,6.28318530718,8.377580409573),
.UNSPECIFIED.) CURVE() GEOMETRIC_REPRESENTATION_ITEM() 
RATIONAL_B_SPLINE_CURVE((1.,0.5,1.,0.5,1.,0.5,1.)) REPRESENTATION_ITEM(
  '') );
#12529 = CARTESIAN_POINT('',(163.478,-67.749));
#12530 = CARTESIAN_POINT('',(162.37814773719,-67.749));
#12531 = CARTESIAN_POINT('',(162.92807386859,-66.7965));
#12532 = CARTESIAN_POINT('',(163.478,-65.844));
#12533 = CARTESIAN_POINT('',(164.0279261314,-66.7965));
#12534 = CARTESIAN_POINT('',(164.5778522628,-67.749));
#12535 = CARTESIAN_POINT('',(163.478,-67.749));
#12536 = ( GEOMETRIC_REPRESENTATION_CONTEXT(2) 
PARAMETRIC_REPRESENTATION_CONTEXT() REPRESENTATION_CONTEXT('2D SPACE',''
  ) );
#12537 = ADVANCED_FACE('',(#12538),#3704,.F.);
#12538 = FACE_BOUND('',#12539,.F.);
#12539 = EDGE_LOOP('',(#12540,#12563,#12564,#12565));
#12540 = ORIENTED_EDGE('',*,*,#12541,.T.);
#12541 = EDGE_CURVE('',#12542,#3684,#12544,.T.);
#12542 = VERTEX_POINT('',#12543);
#12543 = CARTESIAN_POINT('',(152.1914,-64.4304,0.));
#12544 = SEAM_CURVE('',#12545,(#12549,#12556),.PCURVE_S1.);
#12545 = LINE('',#12546,#12547);
#12546 = CARTESIAN_POINT('',(152.1914,-64.4304,-4.6E-02));
#12547 = VECTOR('',#12548,1.);
#12548 = DIRECTION('',(0.,0.,1.));
#12549 = PCURVE('',#3704,#12550);
#12550 = DEFINITIONAL_REPRESENTATION('',(#12551),#12555);
#12551 = LINE('',#12552,#12553);
#12552 = CARTESIAN_POINT('',(0.,0.));
#12553 = VECTOR('',#12554,1.);
#12554 = DIRECTION('',(0.,-1.));
#12555 = ( GEOMETRIC_REPRESENTATION_CONTEXT(2) 
PARAMETRIC_REPRESENTATION_CONTEXT() REPRESENTATION_CONTEXT('2D SPACE',''
  ) );
#12556 = PCURVE('',#3704,#12557);
#12557 = DEFINITIONAL_REPRESENTATION('',(#12558),#12562);
#12558 = LINE('',#12559,#12560);
#12559 = CARTESIAN_POINT('',(6.28318530718,0.));
#12560 = VECTOR('',#12561,1.);
#12561 = DIRECTION('',(0.,-1.));
#12562 = ( GEOMETRIC_REPRESENTATION_CONTEXT(2) 
PARAMETRIC_REPRESENTATION_CONTEXT() REPRESENTATION_CONTEXT('2D SPACE',''
  ) );
#12563 = ORIENTED_EDGE('',*,*,#3683,.T.);
#12564 = ORIENTED_EDGE('',*,*,#12541,.F.);
#12565 = ORIENTED_EDGE('',*,*,#12566,.F.);
#12566 = EDGE_CURVE('',#12542,#12542,#12567,.T.);
#12567 = SURFACE_CURVE('',#12568,(#12573,#12580),.PCURVE_S1.);
#12568 = CIRCLE('',#12569,0.4064);
#12569 = AXIS2_PLACEMENT_3D('',#12570,#12571,#12572);
#12570 = CARTESIAN_POINT('',(152.1914,-64.024,0.));
#12571 = DIRECTION('',(-0.,-0.,-1.));
#12572 = DIRECTION('',(0.,-1.,0.));
#12573 = PCURVE('',#3704,#12574);
#12574 = DEFINITIONAL_REPRESENTATION('',(#12575),#12579);
#12575 = LINE('',#12576,#12577);
#12576 = CARTESIAN_POINT('',(0.,-4.6E-02));
#12577 = VECTOR('',#12578,1.);
#12578 = DIRECTION('',(1.,0.));
#12579 = ( GEOMETRIC_REPRESENTATION_CONTEXT(2) 
PARAMETRIC_REPRESENTATION_CONTEXT() REPRESENTATION_CONTEXT('2D SPACE',''
  ) );
#12580 = PCURVE('',#6733,#12581);
#12581 = DEFINITIONAL_REPRESENTATION('',(#12582),#12590);
#12582 = ( BOUNDED_CURVE() B_SPLINE_CURVE(2,(#12583,#12584,#12585,#12586
    ,#12587,#12588,#12589),.UNSPECIFIED.,.T.,.F.) 
B_SPLINE_CURVE_WITH_KNOTS((1,2,2,2,2,1),(-2.094395102393,0.,
    2.094395102393,4.188790204786,6.28318530718,8.377580409573),
.UNSPECIFIED.) CURVE() GEOMETRIC_REPRESENTATION_ITEM() 
RATIONAL_B_SPLINE_CURVE((1.,0.5,1.,0.5,1.,0.5,1.)) REPRESENTATION_ITEM(
  '') );
#12583 = CARTESIAN_POINT('',(152.1914,-64.4304));
#12584 = CARTESIAN_POINT('',(151.4874945518,-64.4304));
#12585 = CARTESIAN_POINT('',(151.8394472759,-63.8208));
#12586 = CARTESIAN_POINT('',(152.1914,-63.2112));
#12587 = CARTESIAN_POINT('',(152.54335272409,-63.8208));
#12588 = CARTESIAN_POINT('',(152.89530544819,-64.4304));
#12589 = CARTESIAN_POINT('',(152.1914,-64.4304));
#12590 = ( GEOMETRIC_REPRESENTATION_CONTEXT(2) 
PARAMETRIC_REPRESENTATION_CONTEXT() REPRESENTATION_CONTEXT('2D SPACE',''
  ) );
#12591 = ADVANCED_FACE('',(#12592),#3739,.F.);
#12592 = FACE_BOUND('',#12593,.F.);
#12593 = EDGE_LOOP('',(#12594,#12617,#12618,#12619));
#12594 = ORIENTED_EDGE('',*,*,#12595,.T.);
#12595 = EDGE_CURVE('',#12596,#3719,#12598,.T.);
#12596 = VERTEX_POINT('',#12597);
#12597 = CARTESIAN_POINT('',(152.1914,-61.8904,0.));
#12598 = SEAM_CURVE('',#12599,(#12603,#12610),.PCURVE_S1.);
#12599 = LINE('',#12600,#12601);
#12600 = CARTESIAN_POINT('',(152.1914,-61.8904,-4.6E-02));
#12601 = VECTOR('',#12602,1.);
#12602 = DIRECTION('',(0.,0.,1.));
#12603 = PCURVE('',#3739,#12604);
#12604 = DEFINITIONAL_REPRESENTATION('',(#12605),#12609);
#12605 = LINE('',#12606,#12607);
#12606 = CARTESIAN_POINT('',(0.,0.));
#12607 = VECTOR('',#12608,1.);
#12608 = DIRECTION('',(0.,-1.));
#12609 = ( GEOMETRIC_REPRESENTATION_CONTEXT(2) 
PARAMETRIC_REPRESENTATION_CONTEXT() REPRESENTATION_CONTEXT('2D SPACE',''
  ) );
#12610 = PCURVE('',#3739,#12611);
#12611 = DEFINITIONAL_REPRESENTATION('',(#12612),#12616);
#12612 = LINE('',#12613,#12614);
#12613 = CARTESIAN_POINT('',(6.28318530718,0.));
#12614 = VECTOR('',#12615,1.);
#12615 = DIRECTION('',(0.,-1.));
#12616 = ( GEOMETRIC_REPRESENTATION_CONTEXT(2) 
PARAMETRIC_REPRESENTATION_CONTEXT() REPRESENTATION_CONTEXT('2D SPACE',''
  ) );
#12617 = ORIENTED_EDGE('',*,*,#3718,.T.);
#12618 = ORIENTED_EDGE('',*,*,#12595,.F.);
#12619 = ORIENTED_EDGE('',*,*,#12620,.F.);
#12620 = EDGE_CURVE('',#12596,#12596,#12621,.T.);
#12621 = SURFACE_CURVE('',#12622,(#12627,#12634),.PCURVE_S1.);
#12622 = CIRCLE('',#12623,0.4064);
#12623 = AXIS2_PLACEMENT_3D('',#12624,#12625,#12626);
#12624 = CARTESIAN_POINT('',(152.1914,-61.484,0.));
#12625 = DIRECTION('',(-0.,-0.,-1.));
#12626 = DIRECTION('',(0.,-1.,0.));
#12627 = PCURVE('',#3739,#12628);
#12628 = DEFINITIONAL_REPRESENTATION('',(#12629),#12633);
#12629 = LINE('',#12630,#12631);
#12630 = CARTESIAN_POINT('',(0.,-4.6E-02));
#12631 = VECTOR('',#12632,1.);
#12632 = DIRECTION('',(1.,0.));
#12633 = ( GEOMETRIC_REPRESENTATION_CONTEXT(2) 
PARAMETRIC_REPRESENTATION_CONTEXT() REPRESENTATION_CONTEXT('2D SPACE',''
  ) );
#12634 = PCURVE('',#6733,#12635);
#12635 = DEFINITIONAL_REPRESENTATION('',(#12636),#12644);
#12636 = ( BOUNDED_CURVE() B_SPLINE_CURVE(2,(#12637,#12638,#12639,#12640
    ,#12641,#12642,#12643),.UNSPECIFIED.,.T.,.F.) 
B_SPLINE_CURVE_WITH_KNOTS((1,2,2,2,2,1),(-2.094395102393,0.,
    2.094395102393,4.188790204786,6.28318530718,8.377580409573),
.UNSPECIFIED.) CURVE() GEOMETRIC_REPRESENTATION_ITEM() 
RATIONAL_B_SPLINE_CURVE((1.,0.5,1.,0.5,1.,0.5,1.)) REPRESENTATION_ITEM(
  '') );
#12637 = CARTESIAN_POINT('',(152.1914,-61.8904));
#12638 = CARTESIAN_POINT('',(151.4874945518,-61.8904));
#12639 = CARTESIAN_POINT('',(151.8394472759,-61.2808));
#12640 = CARTESIAN_POINT('',(152.1914,-60.6712));
#12641 = CARTESIAN_POINT('',(152.54335272409,-61.2808));
#12642 = CARTESIAN_POINT('',(152.89530544819,-61.8904));
#12643 = CARTESIAN_POINT('',(152.1914,-61.8904));
#12644 = ( GEOMETRIC_REPRESENTATION_CONTEXT(2) 
PARAMETRIC_REPRESENTATION_CONTEXT() REPRESENTATION_CONTEXT('2D SPACE',''
  ) );
#12645 = ADVANCED_FACE('',(#12646),#3774,.F.);
#12646 = FACE_BOUND('',#12647,.F.);
#12647 = EDGE_LOOP('',(#12648,#12671,#12672,#12673));
#12648 = ORIENTED_EDGE('',*,*,#12649,.T.);
#12649 = EDGE_CURVE('',#12650,#3754,#12652,.T.);
#12650 = VERTEX_POINT('',#12651);
#12651 = CARTESIAN_POINT('',(158.478,-65.649,0.));
#12652 = SEAM_CURVE('',#12653,(#12657,#12664),.PCURVE_S1.);
#12653 = LINE('',#12654,#12655);
#12654 = CARTESIAN_POINT('',(158.478,-65.649,-4.6E-02));
#12655 = VECTOR('',#12656,1.);
#12656 = DIRECTION('',(0.,0.,1.));
#12657 = PCURVE('',#3774,#12658);
#12658 = DEFINITIONAL_REPRESENTATION('',(#12659),#12663);
#12659 = LINE('',#12660,#12661);
#12660 = CARTESIAN_POINT('',(0.,0.));
#12661 = VECTOR('',#12662,1.);
#12662 = DIRECTION('',(0.,-1.));
#12663 = ( GEOMETRIC_REPRESENTATION_CONTEXT(2) 
PARAMETRIC_REPRESENTATION_CONTEXT() REPRESENTATION_CONTEXT('2D SPACE',''
  ) );
#12664 = PCURVE('',#3774,#12665);
#12665 = DEFINITIONAL_REPRESENTATION('',(#12666),#12670);
#12666 = LINE('',#12667,#12668);
#12667 = CARTESIAN_POINT('',(6.28318530718,0.));
#12668 = VECTOR('',#12669,1.);
#12669 = DIRECTION('',(0.,-1.));
#12670 = ( GEOMETRIC_REPRESENTATION_CONTEXT(2) 
PARAMETRIC_REPRESENTATION_CONTEXT() REPRESENTATION_CONTEXT('2D SPACE',''
  ) );
#12671 = ORIENTED_EDGE('',*,*,#3753,.T.);
#12672 = ORIENTED_EDGE('',*,*,#12649,.F.);
#12673 = ORIENTED_EDGE('',*,*,#12674,.F.);
#12674 = EDGE_CURVE('',#12650,#12650,#12675,.T.);
#12675 = SURFACE_CURVE('',#12676,(#12681,#12688),.PCURVE_S1.);
#12676 = CIRCLE('',#12677,0.635);
#12677 = AXIS2_PLACEMENT_3D('',#12678,#12679,#12680);
#12678 = CARTESIAN_POINT('',(158.478,-65.014,0.));
#12679 = DIRECTION('',(-0.,-0.,-1.));
#12680 = DIRECTION('',(0.,-1.,0.));
#12681 = PCURVE('',#3774,#12682);
#12682 = DEFINITIONAL_REPRESENTATION('',(#12683),#12687);
#12683 = LINE('',#12684,#12685);
#12684 = CARTESIAN_POINT('',(0.,-4.6E-02));
#12685 = VECTOR('',#12686,1.);
#12686 = DIRECTION('',(1.,0.));
#12687 = ( GEOMETRIC_REPRESENTATION_CONTEXT(2) 
PARAMETRIC_REPRESENTATION_CONTEXT() REPRESENTATION_CONTEXT('2D SPACE',''
  ) );
#12688 = PCURVE('',#6733,#12689);
#12689 = DEFINITIONAL_REPRESENTATION('',(#12690),#12698);
#12690 = ( BOUNDED_CURVE() B_SPLINE_CURVE(2,(#12691,#12692,#12693,#12694
    ,#12695,#12696,#12697),.UNSPECIFIED.,.T.,.F.) 
B_SPLINE_CURVE_WITH_KNOTS((1,2,2,2,2,1),(-2.094395102393,0.,
    2.094395102393,4.188790204786,6.28318530718,8.377580409573),
.UNSPECIFIED.) CURVE() GEOMETRIC_REPRESENTATION_ITEM() 
RATIONAL_B_SPLINE_CURVE((1.,0.5,1.,0.5,1.,0.5,1.)) REPRESENTATION_ITEM(
  '') );
#12691 = CARTESIAN_POINT('',(158.478,-65.649));
#12692 = CARTESIAN_POINT('',(157.37814773719,-65.649));
#12693 = CARTESIAN_POINT('',(157.92807386859,-64.6965));
#12694 = CARTESIAN_POINT('',(158.478,-63.744));
#12695 = CARTESIAN_POINT('',(159.0279261314,-64.6965));
#12696 = CARTESIAN_POINT('',(159.5778522628,-65.649));
#12697 = CARTESIAN_POINT('',(158.478,-65.649));
#12698 = ( GEOMETRIC_REPRESENTATION_CONTEXT(2) 
PARAMETRIC_REPRESENTATION_CONTEXT() REPRESENTATION_CONTEXT('2D SPACE',''
  ) );
#12699 = ADVANCED_FACE('',(#12700),#3809,.F.);
#12700 = FACE_BOUND('',#12701,.F.);
#12701 = EDGE_LOOP('',(#12702,#12725,#12726,#12727));
#12702 = ORIENTED_EDGE('',*,*,#12703,.T.);
#12703 = EDGE_CURVE('',#12704,#3789,#12706,.T.);
#12704 = VERTEX_POINT('',#12705);
#12705 = CARTESIAN_POINT('',(157.978,-62.0649,0.));
#12706 = SEAM_CURVE('',#12707,(#12711,#12718),.PCURVE_S1.);
#12707 = LINE('',#12708,#12709);
#12708 = CARTESIAN_POINT('',(157.978,-62.0649,-4.6E-02));
#12709 = VECTOR('',#12710,1.);
#12710 = DIRECTION('',(0.,0.,1.));
#12711 = PCURVE('',#3809,#12712);
#12712 = DEFINITIONAL_REPRESENTATION('',(#12713),#12717);
#12713 = LINE('',#12714,#12715);
#12714 = CARTESIAN_POINT('',(0.,0.));
#12715 = VECTOR('',#12716,1.);
#12716 = DIRECTION('',(0.,-1.));
#12717 = ( GEOMETRIC_REPRESENTATION_CONTEXT(2) 
PARAMETRIC_REPRESENTATION_CONTEXT() REPRESENTATION_CONTEXT('2D SPACE',''
  ) );
#12718 = PCURVE('',#3809,#12719);
#12719 = DEFINITIONAL_REPRESENTATION('',(#12720),#12724);
#12720 = LINE('',#12721,#12722);
#12721 = CARTESIAN_POINT('',(6.28318530718,0.));
#12722 = VECTOR('',#12723,1.);
#12723 = DIRECTION('',(0.,-1.));
#12724 = ( GEOMETRIC_REPRESENTATION_CONTEXT(2) 
PARAMETRIC_REPRESENTATION_CONTEXT() REPRESENTATION_CONTEXT('2D SPACE',''
  ) );
#12725 = ORIENTED_EDGE('',*,*,#3788,.T.);
#12726 = ORIENTED_EDGE('',*,*,#12703,.F.);
#12727 = ORIENTED_EDGE('',*,*,#12728,.F.);
#12728 = EDGE_CURVE('',#12704,#12704,#12729,.T.);
#12729 = SURFACE_CURVE('',#12730,(#12735,#12742),.PCURVE_S1.);
#12730 = CIRCLE('',#12731,0.8509);
#12731 = AXIS2_PLACEMENT_3D('',#12732,#12733,#12734);
#12732 = CARTESIAN_POINT('',(157.978,-61.214,0.));
#12733 = DIRECTION('',(-0.,-0.,-1.));
#12734 = DIRECTION('',(0.,-1.,0.));
#12735 = PCURVE('',#3809,#12736);
#12736 = DEFINITIONAL_REPRESENTATION('',(#12737),#12741);
#12737 = LINE('',#12738,#12739);
#12738 = CARTESIAN_POINT('',(0.,-4.6E-02));
#12739 = VECTOR('',#12740,1.);
#12740 = DIRECTION('',(1.,0.));
#12741 = ( GEOMETRIC_REPRESENTATION_CONTEXT(2) 
PARAMETRIC_REPRESENTATION_CONTEXT() REPRESENTATION_CONTEXT('2D SPACE',''
  ) );
#12742 = PCURVE('',#6733,#12743);
#12743 = DEFINITIONAL_REPRESENTATION('',(#12744),#12752);
#12744 = ( BOUNDED_CURVE() B_SPLINE_CURVE(2,(#12745,#12746,#12747,#12748
    ,#12749,#12750,#12751),.UNSPECIFIED.,.T.,.F.) 
B_SPLINE_CURVE_WITH_KNOTS((1,2,2,2,2,1),(-2.094395102393,0.,
    2.094395102393,4.188790204786,6.28318530718,8.377580409573),
.UNSPECIFIED.) CURVE() GEOMETRIC_REPRESENTATION_ITEM() 
RATIONAL_B_SPLINE_CURVE((1.,0.5,1.,0.5,1.,0.5,1.)) REPRESENTATION_ITEM(
  '') );
#12745 = CARTESIAN_POINT('',(157.978,-62.0649));
#12746 = CARTESIAN_POINT('',(156.50419796784,-62.0649));
#12747 = CARTESIAN_POINT('',(157.24109898392,-60.78855));
#12748 = CARTESIAN_POINT('',(157.978,-59.5122));
#12749 = CARTESIAN_POINT('',(158.71490101608,-60.78855));
#12750 = CARTESIAN_POINT('',(159.45180203216,-62.0649));
#12751 = CARTESIAN_POINT('',(157.978,-62.0649));
#12752 = ( GEOMETRIC_REPRESENTATION_CONTEXT(2) 
PARAMETRIC_REPRESENTATION_CONTEXT() REPRESENTATION_CONTEXT('2D SPACE',''
  ) );
#12753 = ADVANCED_FACE('',(#12754),#3844,.F.);
#12754 = FACE_BOUND('',#12755,.F.);
#12755 = EDGE_LOOP('',(#12756,#12779,#12780,#12781));
#12756 = ORIENTED_EDGE('',*,*,#12757,.T.);
#12757 = EDGE_CURVE('',#12758,#3824,#12760,.T.);
#12758 = VERTEX_POINT('',#12759);
#12759 = CARTESIAN_POINT('',(163.478,-62.9285,0.));
#12760 = SEAM_CURVE('',#12761,(#12765,#12772),.PCURVE_S1.);
#12761 = LINE('',#12762,#12763);
#12762 = CARTESIAN_POINT('',(163.478,-62.9285,-4.6E-02));
#12763 = VECTOR('',#12764,1.);
#12764 = DIRECTION('',(0.,0.,1.));
#12765 = PCURVE('',#3844,#12766);
#12766 = DEFINITIONAL_REPRESENTATION('',(#12767),#12771);
#12767 = LINE('',#12768,#12769);
#12768 = CARTESIAN_POINT('',(0.,0.));
#12769 = VECTOR('',#12770,1.);
#12770 = DIRECTION('',(0.,-1.));
#12771 = ( GEOMETRIC_REPRESENTATION_CONTEXT(2) 
PARAMETRIC_REPRESENTATION_CONTEXT() REPRESENTATION_CONTEXT('2D SPACE',''
  ) );
#12772 = PCURVE('',#3844,#12773);
#12773 = DEFINITIONAL_REPRESENTATION('',(#12774),#12778);
#12774 = LINE('',#12775,#12776);
#12775 = CARTESIAN_POINT('',(6.28318530718,0.));
#12776 = VECTOR('',#12777,1.);
#12777 = DIRECTION('',(0.,-1.));
#12778 = ( GEOMETRIC_REPRESENTATION_CONTEXT(2) 
PARAMETRIC_REPRESENTATION_CONTEXT() REPRESENTATION_CONTEXT('2D SPACE',''
  ) );
#12779 = ORIENTED_EDGE('',*,*,#3823,.T.);
#12780 = ORIENTED_EDGE('',*,*,#12757,.F.);
#12781 = ORIENTED_EDGE('',*,*,#12782,.F.);
#12782 = EDGE_CURVE('',#12758,#12758,#12783,.T.);
#12783 = SURFACE_CURVE('',#12784,(#12789,#12796),.PCURVE_S1.);
#12784 = CIRCLE('',#12785,1.7145);
#12785 = AXIS2_PLACEMENT_3D('',#12786,#12787,#12788);
#12786 = CARTESIAN_POINT('',(163.478,-61.214,0.));
#12787 = DIRECTION('',(-0.,-0.,-1.));
#12788 = DIRECTION('',(0.,-1.,0.));
#12789 = PCURVE('',#3844,#12790);
#12790 = DEFINITIONAL_REPRESENTATION('',(#12791),#12795);
#12791 = LINE('',#12792,#12793);
#12792 = CARTESIAN_POINT('',(0.,-4.6E-02));
#12793 = VECTOR('',#12794,1.);
#12794 = DIRECTION('',(1.,0.));
#12795 = ( GEOMETRIC_REPRESENTATION_CONTEXT(2) 
PARAMETRIC_REPRESENTATION_CONTEXT() REPRESENTATION_CONTEXT('2D SPACE',''
  ) );
#12796 = PCURVE('',#6733,#12797);
#12797 = DEFINITIONAL_REPRESENTATION('',(#12798),#12806);
#12798 = ( BOUNDED_CURVE() B_SPLINE_CURVE(2,(#12799,#12800,#12801,#12802
    ,#12803,#12804,#12805),.UNSPECIFIED.,.T.,.F.) 
B_SPLINE_CURVE_WITH_KNOTS((1,2,2,2,2,1),(-2.094395102393,0.,
    2.094395102393,4.188790204786,6.28318530718,8.377580409573),
.UNSPECIFIED.) CURVE() GEOMETRIC_REPRESENTATION_ITEM() 
RATIONAL_B_SPLINE_CURVE((1.,0.5,1.,0.5,1.,0.5,1.)) REPRESENTATION_ITEM(
  '') );
#12799 = CARTESIAN_POINT('',(163.478,-62.9285));
#12800 = CARTESIAN_POINT('',(160.50839889042,-62.9285));
#12801 = CARTESIAN_POINT('',(161.99319944521,-60.35675));
#12802 = CARTESIAN_POINT('',(163.478,-57.785));
#12803 = CARTESIAN_POINT('',(164.96280055478,-60.35675));
#12804 = CARTESIAN_POINT('',(166.44760110957,-62.9285));
#12805 = CARTESIAN_POINT('',(163.478,-62.9285));
#12806 = ( GEOMETRIC_REPRESENTATION_CONTEXT(2) 
PARAMETRIC_REPRESENTATION_CONTEXT() REPRESENTATION_CONTEXT('2D SPACE',''
  ) );
#12807 = ADVANCED_FACE('',(#12808),#3879,.F.);
#12808 = FACE_BOUND('',#12809,.F.);
#12809 = EDGE_LOOP('',(#12810,#12833,#12834,#12835));
#12810 = ORIENTED_EDGE('',*,*,#12811,.T.);
#12811 = EDGE_CURVE('',#12812,#3859,#12814,.T.);
#12812 = VERTEX_POINT('',#12813);
#12813 = CARTESIAN_POINT('',(136.9714,-59.3504,0.));
#12814 = SEAM_CURVE('',#12815,(#12819,#12826),.PCURVE_S1.);
#12815 = LINE('',#12816,#12817);
#12816 = CARTESIAN_POINT('',(136.9714,-59.3504,-4.6E-02));
#12817 = VECTOR('',#12818,1.);
#12818 = DIRECTION('',(0.,0.,1.));
#12819 = PCURVE('',#3879,#12820);
#12820 = DEFINITIONAL_REPRESENTATION('',(#12821),#12825);
#12821 = LINE('',#12822,#12823);
#12822 = CARTESIAN_POINT('',(0.,0.));
#12823 = VECTOR('',#12824,1.);
#12824 = DIRECTION('',(0.,-1.));
#12825 = ( GEOMETRIC_REPRESENTATION_CONTEXT(2) 
PARAMETRIC_REPRESENTATION_CONTEXT() REPRESENTATION_CONTEXT('2D SPACE',''
  ) );
#12826 = PCURVE('',#3879,#12827);
#12827 = DEFINITIONAL_REPRESENTATION('',(#12828),#12832);
#12828 = LINE('',#12829,#12830);
#12829 = CARTESIAN_POINT('',(6.28318530718,0.));
#12830 = VECTOR('',#12831,1.);
#12831 = DIRECTION('',(0.,-1.));
#12832 = ( GEOMETRIC_REPRESENTATION_CONTEXT(2) 
PARAMETRIC_REPRESENTATION_CONTEXT() REPRESENTATION_CONTEXT('2D SPACE',''
  ) );
#12833 = ORIENTED_EDGE('',*,*,#3858,.T.);
#12834 = ORIENTED_EDGE('',*,*,#12811,.F.);
#12835 = ORIENTED_EDGE('',*,*,#12836,.F.);
#12836 = EDGE_CURVE('',#12812,#12812,#12837,.T.);
#12837 = SURFACE_CURVE('',#12838,(#12843,#12850),.PCURVE_S1.);
#12838 = CIRCLE('',#12839,0.4064);
#12839 = AXIS2_PLACEMENT_3D('',#12840,#12841,#12842);
#12840 = CARTESIAN_POINT('',(136.9714,-58.944,0.));
#12841 = DIRECTION('',(-0.,0.,-1.));
#12842 = DIRECTION('',(-6.993530863781E-14,-1.,0.));
#12843 = PCURVE('',#3879,#12844);
#12844 = DEFINITIONAL_REPRESENTATION('',(#12845),#12849);
#12845 = LINE('',#12846,#12847);
#12846 = CARTESIAN_POINT('',(0.,-4.6E-02));
#12847 = VECTOR('',#12848,1.);
#12848 = DIRECTION('',(1.,0.));
#12849 = ( GEOMETRIC_REPRESENTATION_CONTEXT(2) 
PARAMETRIC_REPRESENTATION_CONTEXT() REPRESENTATION_CONTEXT('2D SPACE',''
  ) );
#12850 = PCURVE('',#6733,#12851);
#12851 = DEFINITIONAL_REPRESENTATION('',(#12852),#12860);
#12852 = ( BOUNDED_CURVE() B_SPLINE_CURVE(2,(#12853,#12854,#12855,#12856
    ,#12857,#12858,#12859),.UNSPECIFIED.,.T.,.F.) 
B_SPLINE_CURVE_WITH_KNOTS((1,2,2,2,2,1),(-2.094395102393,0.,
    2.094395102393,4.188790204786,6.28318530718,8.377580409573),
.UNSPECIFIED.) CURVE() GEOMETRIC_REPRESENTATION_ITEM() 
RATIONAL_B_SPLINE_CURVE((1.,0.5,1.,0.5,1.,0.5,1.)) REPRESENTATION_ITEM(
  '') );
#12853 = CARTESIAN_POINT('',(136.9714,-59.3504));
#12854 = CARTESIAN_POINT('',(136.2674945518,-59.3504));
#12855 = CARTESIAN_POINT('',(136.6194472759,-58.7408));
#12856 = CARTESIAN_POINT('',(136.9714,-58.1312));
#12857 = CARTESIAN_POINT('',(137.32335272409,-58.7408));
#12858 = CARTESIAN_POINT('',(137.67530544819,-59.3504));
#12859 = CARTESIAN_POINT('',(136.9714,-59.3504));
#12860 = ( GEOMETRIC_REPRESENTATION_CONTEXT(2) 
PARAMETRIC_REPRESENTATION_CONTEXT() REPRESENTATION_CONTEXT('2D SPACE',''
  ) );
#12861 = ADVANCED_FACE('',(#12862),#3914,.F.);
#12862 = FACE_BOUND('',#12863,.F.);
#12863 = EDGE_LOOP('',(#12864,#12887,#12888,#12889));
#12864 = ORIENTED_EDGE('',*,*,#12865,.T.);
#12865 = EDGE_CURVE('',#12866,#3894,#12868,.T.);
#12866 = VERTEX_POINT('',#12867);
#12867 = CARTESIAN_POINT('',(136.9714,-56.8104,0.));
#12868 = SEAM_CURVE('',#12869,(#12873,#12880),.PCURVE_S1.);
#12869 = LINE('',#12870,#12871);
#12870 = CARTESIAN_POINT('',(136.9714,-56.8104,-4.6E-02));
#12871 = VECTOR('',#12872,1.);
#12872 = DIRECTION('',(0.,0.,1.));
#12873 = PCURVE('',#3914,#12874);
#12874 = DEFINITIONAL_REPRESENTATION('',(#12875),#12879);
#12875 = LINE('',#12876,#12877);
#12876 = CARTESIAN_POINT('',(0.,0.));
#12877 = VECTOR('',#12878,1.);
#12878 = DIRECTION('',(0.,-1.));
#12879 = ( GEOMETRIC_REPRESENTATION_CONTEXT(2) 
PARAMETRIC_REPRESENTATION_CONTEXT() REPRESENTATION_CONTEXT('2D SPACE',''
  ) );
#12880 = PCURVE('',#3914,#12881);
#12881 = DEFINITIONAL_REPRESENTATION('',(#12882),#12886);
#12882 = LINE('',#12883,#12884);
#12883 = CARTESIAN_POINT('',(6.28318530718,0.));
#12884 = VECTOR('',#12885,1.);
#12885 = DIRECTION('',(0.,-1.));
#12886 = ( GEOMETRIC_REPRESENTATION_CONTEXT(2) 
PARAMETRIC_REPRESENTATION_CONTEXT() REPRESENTATION_CONTEXT('2D SPACE',''
  ) );
#12887 = ORIENTED_EDGE('',*,*,#3893,.T.);
#12888 = ORIENTED_EDGE('',*,*,#12865,.F.);
#12889 = ORIENTED_EDGE('',*,*,#12890,.F.);
#12890 = EDGE_CURVE('',#12866,#12866,#12891,.T.);
#12891 = SURFACE_CURVE('',#12892,(#12897,#12904),.PCURVE_S1.);
#12892 = CIRCLE('',#12893,0.4064);
#12893 = AXIS2_PLACEMENT_3D('',#12894,#12895,#12896);
#12894 = CARTESIAN_POINT('',(136.9714,-56.404,0.));
#12895 = DIRECTION('',(-0.,0.,-1.));
#12896 = DIRECTION('',(-6.993530863781E-14,-1.,0.));
#12897 = PCURVE('',#3914,#12898);
#12898 = DEFINITIONAL_REPRESENTATION('',(#12899),#12903);
#12899 = LINE('',#12900,#12901);
#12900 = CARTESIAN_POINT('',(0.,-4.6E-02));
#12901 = VECTOR('',#12902,1.);
#12902 = DIRECTION('',(1.,0.));
#12903 = ( GEOMETRIC_REPRESENTATION_CONTEXT(2) 
PARAMETRIC_REPRESENTATION_CONTEXT() REPRESENTATION_CONTEXT('2D SPACE',''
  ) );
#12904 = PCURVE('',#6733,#12905);
#12905 = DEFINITIONAL_REPRESENTATION('',(#12906),#12914);
#12906 = ( BOUNDED_CURVE() B_SPLINE_CURVE(2,(#12907,#12908,#12909,#12910
    ,#12911,#12912,#12913),.UNSPECIFIED.,.T.,.F.) 
B_SPLINE_CURVE_WITH_KNOTS((1,2,2,2,2,1),(-2.094395102393,0.,
    2.094395102393,4.188790204786,6.28318530718,8.377580409573),
.UNSPECIFIED.) CURVE() GEOMETRIC_REPRESENTATION_ITEM() 
RATIONAL_B_SPLINE_CURVE((1.,0.5,1.,0.5,1.,0.5,1.)) REPRESENTATION_ITEM(
  '') );
#12907 = CARTESIAN_POINT('',(136.9714,-56.8104));
#12908 = CARTESIAN_POINT('',(136.2674945518,-56.8104));
#12909 = CARTESIAN_POINT('',(136.6194472759,-56.2008));
#12910 = CARTESIAN_POINT('',(136.9714,-55.5912));
#12911 = CARTESIAN_POINT('',(137.32335272409,-56.2008));
#12912 = CARTESIAN_POINT('',(137.67530544819,-56.8104));
#12913 = CARTESIAN_POINT('',(136.9714,-56.8104));
#12914 = ( GEOMETRIC_REPRESENTATION_CONTEXT(2) 
PARAMETRIC_REPRESENTATION_CONTEXT() REPRESENTATION_CONTEXT('2D SPACE',''
  ) );
#12915 = ADVANCED_FACE('',(#12916),#3949,.F.);
#12916 = FACE_BOUND('',#12917,.F.);
#12917 = EDGE_LOOP('',(#12918,#12941,#12942,#12943));
#12918 = ORIENTED_EDGE('',*,*,#12919,.T.);
#12919 = EDGE_CURVE('',#12920,#3929,#12922,.T.);
#12920 = VERTEX_POINT('',#12921);
#12921 = CARTESIAN_POINT('',(136.9714,-54.2704,0.));
#12922 = SEAM_CURVE('',#12923,(#12927,#12934),.PCURVE_S1.);
#12923 = LINE('',#12924,#12925);
#12924 = CARTESIAN_POINT('',(136.9714,-54.2704,-4.6E-02));
#12925 = VECTOR('',#12926,1.);
#12926 = DIRECTION('',(0.,0.,1.));
#12927 = PCURVE('',#3949,#12928);
#12928 = DEFINITIONAL_REPRESENTATION('',(#12929),#12933);
#12929 = LINE('',#12930,#12931);
#12930 = CARTESIAN_POINT('',(0.,0.));
#12931 = VECTOR('',#12932,1.);
#12932 = DIRECTION('',(0.,-1.));
#12933 = ( GEOMETRIC_REPRESENTATION_CONTEXT(2) 
PARAMETRIC_REPRESENTATION_CONTEXT() REPRESENTATION_CONTEXT('2D SPACE',''
  ) );
#12934 = PCURVE('',#3949,#12935);
#12935 = DEFINITIONAL_REPRESENTATION('',(#12936),#12940);
#12936 = LINE('',#12937,#12938);
#12937 = CARTESIAN_POINT('',(6.28318530718,0.));
#12938 = VECTOR('',#12939,1.);
#12939 = DIRECTION('',(0.,-1.));
#12940 = ( GEOMETRIC_REPRESENTATION_CONTEXT(2) 
PARAMETRIC_REPRESENTATION_CONTEXT() REPRESENTATION_CONTEXT('2D SPACE',''
  ) );
#12941 = ORIENTED_EDGE('',*,*,#3928,.T.);
#12942 = ORIENTED_EDGE('',*,*,#12919,.F.);
#12943 = ORIENTED_EDGE('',*,*,#12944,.F.);
#12944 = EDGE_CURVE('',#12920,#12920,#12945,.T.);
#12945 = SURFACE_CURVE('',#12946,(#12951,#12958),.PCURVE_S1.);
#12946 = CIRCLE('',#12947,0.4064);
#12947 = AXIS2_PLACEMENT_3D('',#12948,#12949,#12950);
#12948 = CARTESIAN_POINT('',(136.9714,-53.864,0.));
#12949 = DIRECTION('',(-0.,0.,-1.));
#12950 = DIRECTION('',(-6.993530863781E-14,-1.,0.));
#12951 = PCURVE('',#3949,#12952);
#12952 = DEFINITIONAL_REPRESENTATION('',(#12953),#12957);
#12953 = LINE('',#12954,#12955);
#12954 = CARTESIAN_POINT('',(0.,-4.6E-02));
#12955 = VECTOR('',#12956,1.);
#12956 = DIRECTION('',(1.,0.));
#12957 = ( GEOMETRIC_REPRESENTATION_CONTEXT(2) 
PARAMETRIC_REPRESENTATION_CONTEXT() REPRESENTATION_CONTEXT('2D SPACE',''
  ) );
#12958 = PCURVE('',#6733,#12959);
#12959 = DEFINITIONAL_REPRESENTATION('',(#12960),#12968);
#12960 = ( BOUNDED_CURVE() B_SPLINE_CURVE(2,(#12961,#12962,#12963,#12964
    ,#12965,#12966,#12967),.UNSPECIFIED.,.T.,.F.) 
B_SPLINE_CURVE_WITH_KNOTS((1,2,2,2,2,1),(-2.094395102393,0.,
    2.094395102393,4.188790204786,6.28318530718,8.377580409573),
.UNSPECIFIED.) CURVE() GEOMETRIC_REPRESENTATION_ITEM() 
RATIONAL_B_SPLINE_CURVE((1.,0.5,1.,0.5,1.,0.5,1.)) REPRESENTATION_ITEM(
  '') );
#12961 = CARTESIAN_POINT('',(136.9714,-54.2704));
#12962 = CARTESIAN_POINT('',(136.2674945518,-54.2704));
#12963 = CARTESIAN_POINT('',(136.6194472759,-53.6608));
#12964 = CARTESIAN_POINT('',(136.9714,-53.0512));
#12965 = CARTESIAN_POINT('',(137.32335272409,-53.6608));
#12966 = CARTESIAN_POINT('',(137.67530544819,-54.2704));
#12967 = CARTESIAN_POINT('',(136.9714,-54.2704));
#12968 = ( GEOMETRIC_REPRESENTATION_CONTEXT(2) 
PARAMETRIC_REPRESENTATION_CONTEXT() REPRESENTATION_CONTEXT('2D SPACE',''
  ) );
#12969 = ADVANCED_FACE('',(#12970),#3984,.F.);
#12970 = FACE_BOUND('',#12971,.F.);
#12971 = EDGE_LOOP('',(#12972,#12995,#12996,#12997));
#12972 = ORIENTED_EDGE('',*,*,#12973,.T.);
#12973 = EDGE_CURVE('',#12974,#3964,#12976,.T.);
#12974 = VERTEX_POINT('',#12975);
#12975 = CARTESIAN_POINT('',(136.9714,-51.7304,0.));
#12976 = SEAM_CURVE('',#12977,(#12981,#12988),.PCURVE_S1.);
#12977 = LINE('',#12978,#12979);
#12978 = CARTESIAN_POINT('',(136.9714,-51.7304,-4.6E-02));
#12979 = VECTOR('',#12980,1.);
#12980 = DIRECTION('',(0.,0.,1.));
#12981 = PCURVE('',#3984,#12982);
#12982 = DEFINITIONAL_REPRESENTATION('',(#12983),#12987);
#12983 = LINE('',#12984,#12985);
#12984 = CARTESIAN_POINT('',(0.,0.));
#12985 = VECTOR('',#12986,1.);
#12986 = DIRECTION('',(0.,-1.));
#12987 = ( GEOMETRIC_REPRESENTATION_CONTEXT(2) 
PARAMETRIC_REPRESENTATION_CONTEXT() REPRESENTATION_CONTEXT('2D SPACE',''
  ) );
#12988 = PCURVE('',#3984,#12989);
#12989 = DEFINITIONAL_REPRESENTATION('',(#12990),#12994);
#12990 = LINE('',#12991,#12992);
#12991 = CARTESIAN_POINT('',(6.28318530718,0.));
#12992 = VECTOR('',#12993,1.);
#12993 = DIRECTION('',(0.,-1.));
#12994 = ( GEOMETRIC_REPRESENTATION_CONTEXT(2) 
PARAMETRIC_REPRESENTATION_CONTEXT() REPRESENTATION_CONTEXT('2D SPACE',''
  ) );
#12995 = ORIENTED_EDGE('',*,*,#3963,.T.);
#12996 = ORIENTED_EDGE('',*,*,#12973,.F.);
#12997 = ORIENTED_EDGE('',*,*,#12998,.F.);
#12998 = EDGE_CURVE('',#12974,#12974,#12999,.T.);
#12999 = SURFACE_CURVE('',#13000,(#13005,#13012),.PCURVE_S1.);
#13000 = CIRCLE('',#13001,0.4064);
#13001 = AXIS2_PLACEMENT_3D('',#13002,#13003,#13004);
#13002 = CARTESIAN_POINT('',(136.9714,-51.324,0.));
#13003 = DIRECTION('',(-0.,0.,-1.));
#13004 = DIRECTION('',(-6.993530863781E-14,-1.,0.));
#13005 = PCURVE('',#3984,#13006);
#13006 = DEFINITIONAL_REPRESENTATION('',(#13007),#13011);
#13007 = LINE('',#13008,#13009);
#13008 = CARTESIAN_POINT('',(0.,-4.6E-02));
#13009 = VECTOR('',#13010,1.);
#13010 = DIRECTION('',(1.,0.));
#13011 = ( GEOMETRIC_REPRESENTATION_CONTEXT(2) 
PARAMETRIC_REPRESENTATION_CONTEXT() REPRESENTATION_CONTEXT('2D SPACE',''
  ) );
#13012 = PCURVE('',#6733,#13013);
#13013 = DEFINITIONAL_REPRESENTATION('',(#13014),#13022);
#13014 = ( BOUNDED_CURVE() B_SPLINE_CURVE(2,(#13015,#13016,#13017,#13018
    ,#13019,#13020,#13021),.UNSPECIFIED.,.T.,.F.) 
B_SPLINE_CURVE_WITH_KNOTS((1,2,2,2,2,1),(-2.094395102393,0.,
    2.094395102393,4.188790204786,6.28318530718,8.377580409573),
.UNSPECIFIED.) CURVE() GEOMETRIC_REPRESENTATION_ITEM() 
RATIONAL_B_SPLINE_CURVE((1.,0.5,1.,0.5,1.,0.5,1.)) REPRESENTATION_ITEM(
  '') );
#13015 = CARTESIAN_POINT('',(136.9714,-51.7304));
#13016 = CARTESIAN_POINT('',(136.2674945518,-51.7304));
#13017 = CARTESIAN_POINT('',(136.6194472759,-51.1208));
#13018 = CARTESIAN_POINT('',(136.9714,-50.5112));
#13019 = CARTESIAN_POINT('',(137.32335272409,-51.1208));
#13020 = CARTESIAN_POINT('',(137.67530544819,-51.7304));
#13021 = CARTESIAN_POINT('',(136.9714,-51.7304));
#13022 = ( GEOMETRIC_REPRESENTATION_CONTEXT(2) 
PARAMETRIC_REPRESENTATION_CONTEXT() REPRESENTATION_CONTEXT('2D SPACE',''
  ) );
#13023 = ADVANCED_FACE('',(#13024),#4019,.F.);
#13024 = FACE_BOUND('',#13025,.F.);
#13025 = EDGE_LOOP('',(#13026,#13049,#13050,#13051));
#13026 = ORIENTED_EDGE('',*,*,#13027,.T.);
#13027 = EDGE_CURVE('',#13028,#3999,#13030,.T.);
#13028 = VERTEX_POINT('',#13029);
#13029 = CARTESIAN_POINT('',(152.1914,-59.3504,0.));
#13030 = SEAM_CURVE('',#13031,(#13035,#13042),.PCURVE_S1.);
#13031 = LINE('',#13032,#13033);
#13032 = CARTESIAN_POINT('',(152.1914,-59.3504,-4.6E-02));
#13033 = VECTOR('',#13034,1.);
#13034 = DIRECTION('',(0.,0.,1.));
#13035 = PCURVE('',#4019,#13036);
#13036 = DEFINITIONAL_REPRESENTATION('',(#13037),#13041);
#13037 = LINE('',#13038,#13039);
#13038 = CARTESIAN_POINT('',(0.,0.));
#13039 = VECTOR('',#13040,1.);
#13040 = DIRECTION('',(0.,-1.));
#13041 = ( GEOMETRIC_REPRESENTATION_CONTEXT(2) 
PARAMETRIC_REPRESENTATION_CONTEXT() REPRESENTATION_CONTEXT('2D SPACE',''
  ) );
#13042 = PCURVE('',#4019,#13043);
#13043 = DEFINITIONAL_REPRESENTATION('',(#13044),#13048);
#13044 = LINE('',#13045,#13046);
#13045 = CARTESIAN_POINT('',(6.28318530718,0.));
#13046 = VECTOR('',#13047,1.);
#13047 = DIRECTION('',(0.,-1.));
#13048 = ( GEOMETRIC_REPRESENTATION_CONTEXT(2) 
PARAMETRIC_REPRESENTATION_CONTEXT() REPRESENTATION_CONTEXT('2D SPACE',''
  ) );
#13049 = ORIENTED_EDGE('',*,*,#3998,.T.);
#13050 = ORIENTED_EDGE('',*,*,#13027,.F.);
#13051 = ORIENTED_EDGE('',*,*,#13052,.F.);
#13052 = EDGE_CURVE('',#13028,#13028,#13053,.T.);
#13053 = SURFACE_CURVE('',#13054,(#13059,#13066),.PCURVE_S1.);
#13054 = CIRCLE('',#13055,0.4064);
#13055 = AXIS2_PLACEMENT_3D('',#13056,#13057,#13058);
#13056 = CARTESIAN_POINT('',(152.1914,-58.944,0.));
#13057 = DIRECTION('',(-0.,-0.,-1.));
#13058 = DIRECTION('',(0.,-1.,0.));
#13059 = PCURVE('',#4019,#13060);
#13060 = DEFINITIONAL_REPRESENTATION('',(#13061),#13065);
#13061 = LINE('',#13062,#13063);
#13062 = CARTESIAN_POINT('',(0.,-4.6E-02));
#13063 = VECTOR('',#13064,1.);
#13064 = DIRECTION('',(1.,0.));
#13065 = ( GEOMETRIC_REPRESENTATION_CONTEXT(2) 
PARAMETRIC_REPRESENTATION_CONTEXT() REPRESENTATION_CONTEXT('2D SPACE',''
  ) );
#13066 = PCURVE('',#6733,#13067);
#13067 = DEFINITIONAL_REPRESENTATION('',(#13068),#13076);
#13068 = ( BOUNDED_CURVE() B_SPLINE_CURVE(2,(#13069,#13070,#13071,#13072
    ,#13073,#13074,#13075),.UNSPECIFIED.,.T.,.F.) 
B_SPLINE_CURVE_WITH_KNOTS((1,2,2,2,2,1),(-2.094395102393,0.,
    2.094395102393,4.188790204786,6.28318530718,8.377580409573),
.UNSPECIFIED.) CURVE() GEOMETRIC_REPRESENTATION_ITEM() 
RATIONAL_B_SPLINE_CURVE((1.,0.5,1.,0.5,1.,0.5,1.)) REPRESENTATION_ITEM(
  '') );
#13069 = CARTESIAN_POINT('',(152.1914,-59.3504));
#13070 = CARTESIAN_POINT('',(151.4874945518,-59.3504));
#13071 = CARTESIAN_POINT('',(151.8394472759,-58.7408));
#13072 = CARTESIAN_POINT('',(152.1914,-58.1312));
#13073 = CARTESIAN_POINT('',(152.54335272409,-58.7408));
#13074 = CARTESIAN_POINT('',(152.89530544819,-59.3504));
#13075 = CARTESIAN_POINT('',(152.1914,-59.3504));
#13076 = ( GEOMETRIC_REPRESENTATION_CONTEXT(2) 
PARAMETRIC_REPRESENTATION_CONTEXT() REPRESENTATION_CONTEXT('2D SPACE',''
  ) );
#13077 = ADVANCED_FACE('',(#13078),#4054,.F.);
#13078 = FACE_BOUND('',#13079,.F.);
#13079 = EDGE_LOOP('',(#13080,#13103,#13104,#13105));
#13080 = ORIENTED_EDGE('',*,*,#13081,.T.);
#13081 = EDGE_CURVE('',#13082,#4034,#13084,.T.);
#13082 = VERTEX_POINT('',#13083);
#13083 = CARTESIAN_POINT('',(152.1914,-56.8104,0.));
#13084 = SEAM_CURVE('',#13085,(#13089,#13096),.PCURVE_S1.);
#13085 = LINE('',#13086,#13087);
#13086 = CARTESIAN_POINT('',(152.1914,-56.8104,-4.6E-02));
#13087 = VECTOR('',#13088,1.);
#13088 = DIRECTION('',(0.,0.,1.));
#13089 = PCURVE('',#4054,#13090);
#13090 = DEFINITIONAL_REPRESENTATION('',(#13091),#13095);
#13091 = LINE('',#13092,#13093);
#13092 = CARTESIAN_POINT('',(0.,0.));
#13093 = VECTOR('',#13094,1.);
#13094 = DIRECTION('',(0.,-1.));
#13095 = ( GEOMETRIC_REPRESENTATION_CONTEXT(2) 
PARAMETRIC_REPRESENTATION_CONTEXT() REPRESENTATION_CONTEXT('2D SPACE',''
  ) );
#13096 = PCURVE('',#4054,#13097);
#13097 = DEFINITIONAL_REPRESENTATION('',(#13098),#13102);
#13098 = LINE('',#13099,#13100);
#13099 = CARTESIAN_POINT('',(6.28318530718,0.));
#13100 = VECTOR('',#13101,1.);
#13101 = DIRECTION('',(0.,-1.));
#13102 = ( GEOMETRIC_REPRESENTATION_CONTEXT(2) 
PARAMETRIC_REPRESENTATION_CONTEXT() REPRESENTATION_CONTEXT('2D SPACE',''
  ) );
#13103 = ORIENTED_EDGE('',*,*,#4033,.T.);
#13104 = ORIENTED_EDGE('',*,*,#13081,.F.);
#13105 = ORIENTED_EDGE('',*,*,#13106,.F.);
#13106 = EDGE_CURVE('',#13082,#13082,#13107,.T.);
#13107 = SURFACE_CURVE('',#13108,(#13113,#13120),.PCURVE_S1.);
#13108 = CIRCLE('',#13109,0.4064);
#13109 = AXIS2_PLACEMENT_3D('',#13110,#13111,#13112);
#13110 = CARTESIAN_POINT('',(152.1914,-56.404,0.));
#13111 = DIRECTION('',(-0.,-0.,-1.));
#13112 = DIRECTION('',(0.,-1.,0.));
#13113 = PCURVE('',#4054,#13114);
#13114 = DEFINITIONAL_REPRESENTATION('',(#13115),#13119);
#13115 = LINE('',#13116,#13117);
#13116 = CARTESIAN_POINT('',(0.,-4.6E-02));
#13117 = VECTOR('',#13118,1.);
#13118 = DIRECTION('',(1.,0.));
#13119 = ( GEOMETRIC_REPRESENTATION_CONTEXT(2) 
PARAMETRIC_REPRESENTATION_CONTEXT() REPRESENTATION_CONTEXT('2D SPACE',''
  ) );
#13120 = PCURVE('',#6733,#13121);
#13121 = DEFINITIONAL_REPRESENTATION('',(#13122),#13130);
#13122 = ( BOUNDED_CURVE() B_SPLINE_CURVE(2,(#13123,#13124,#13125,#13126
    ,#13127,#13128,#13129),.UNSPECIFIED.,.T.,.F.) 
B_SPLINE_CURVE_WITH_KNOTS((1,2,2,2,2,1),(-2.094395102393,0.,
    2.094395102393,4.188790204786,6.28318530718,8.377580409573),
.UNSPECIFIED.) CURVE() GEOMETRIC_REPRESENTATION_ITEM() 
RATIONAL_B_SPLINE_CURVE((1.,0.5,1.,0.5,1.,0.5,1.)) REPRESENTATION_ITEM(
  '') );
#13123 = CARTESIAN_POINT('',(152.1914,-56.8104));
#13124 = CARTESIAN_POINT('',(151.4874945518,-56.8104));
#13125 = CARTESIAN_POINT('',(151.8394472759,-56.2008));
#13126 = CARTESIAN_POINT('',(152.1914,-55.5912));
#13127 = CARTESIAN_POINT('',(152.54335272409,-56.2008));
#13128 = CARTESIAN_POINT('',(152.89530544819,-56.8104));
#13129 = CARTESIAN_POINT('',(152.1914,-56.8104));
#13130 = ( GEOMETRIC_REPRESENTATION_CONTEXT(2) 
PARAMETRIC_REPRESENTATION_CONTEXT() REPRESENTATION_CONTEXT('2D SPACE',''
  ) );
#13131 = ADVANCED_FACE('',(#13132),#4089,.F.);
#13132 = FACE_BOUND('',#13133,.F.);
#13133 = EDGE_LOOP('',(#13134,#13157,#13158,#13159));
#13134 = ORIENTED_EDGE('',*,*,#13135,.T.);
#13135 = EDGE_CURVE('',#13136,#4069,#13138,.T.);
#13136 = VERTEX_POINT('',#13137);
#13137 = CARTESIAN_POINT('',(158.258,-57.5093,0.));
#13138 = SEAM_CURVE('',#13139,(#13143,#13150),.PCURVE_S1.);
#13139 = LINE('',#13140,#13141);
#13140 = CARTESIAN_POINT('',(158.258,-57.5093,-4.6E-02));
#13141 = VECTOR('',#13142,1.);
#13142 = DIRECTION('',(0.,0.,1.));
#13143 = PCURVE('',#4089,#13144);
#13144 = DEFINITIONAL_REPRESENTATION('',(#13145),#13149);
#13145 = LINE('',#13146,#13147);
#13146 = CARTESIAN_POINT('',(0.,0.));
#13147 = VECTOR('',#13148,1.);
#13148 = DIRECTION('',(0.,-1.));
#13149 = ( GEOMETRIC_REPRESENTATION_CONTEXT(2) 
PARAMETRIC_REPRESENTATION_CONTEXT() REPRESENTATION_CONTEXT('2D SPACE',''
  ) );
#13150 = PCURVE('',#4089,#13151);
#13151 = DEFINITIONAL_REPRESENTATION('',(#13152),#13156);
#13152 = LINE('',#13153,#13154);
#13153 = CARTESIAN_POINT('',(6.28318530718,0.));
#13154 = VECTOR('',#13155,1.);
#13155 = DIRECTION('',(0.,-1.));
#13156 = ( GEOMETRIC_REPRESENTATION_CONTEXT(2) 
PARAMETRIC_REPRESENTATION_CONTEXT() REPRESENTATION_CONTEXT('2D SPACE',''
  ) );
#13157 = ORIENTED_EDGE('',*,*,#4068,.T.);
#13158 = ORIENTED_EDGE('',*,*,#13135,.F.);
#13159 = ORIENTED_EDGE('',*,*,#13160,.F.);
#13160 = EDGE_CURVE('',#13136,#13136,#13161,.T.);
#13161 = SURFACE_CURVE('',#13162,(#13167,#13174),.PCURVE_S1.);
#13162 = CIRCLE('',#13163,0.4953);
#13163 = AXIS2_PLACEMENT_3D('',#13164,#13165,#13166);
#13164 = CARTESIAN_POINT('',(158.258,-57.014,0.));
#13165 = DIRECTION('',(0.,-0.,-1.));
#13166 = DIRECTION('',(5.738281734384E-14,-1.,0.));
#13167 = PCURVE('',#4089,#13168);
#13168 = DEFINITIONAL_REPRESENTATION('',(#13169),#13173);
#13169 = LINE('',#13170,#13171);
#13170 = CARTESIAN_POINT('',(0.,-4.6E-02));
#13171 = VECTOR('',#13172,1.);
#13172 = DIRECTION('',(1.,0.));
#13173 = ( GEOMETRIC_REPRESENTATION_CONTEXT(2) 
PARAMETRIC_REPRESENTATION_CONTEXT() REPRESENTATION_CONTEXT('2D SPACE',''
  ) );
#13174 = PCURVE('',#6733,#13175);
#13175 = DEFINITIONAL_REPRESENTATION('',(#13176),#13184);
#13176 = ( BOUNDED_CURVE() B_SPLINE_CURVE(2,(#13177,#13178,#13179,#13180
    ,#13181,#13182,#13183),.UNSPECIFIED.,.T.,.F.) 
B_SPLINE_CURVE_WITH_KNOTS((1,2,2,2,2,1),(-2.094395102393,0.,
    2.094395102393,4.188790204786,6.28318530718,8.377580409573),
.UNSPECIFIED.) CURVE() GEOMETRIC_REPRESENTATION_ITEM() 
RATIONAL_B_SPLINE_CURVE((1.,0.5,1.,0.5,1.,0.5,1.)) REPRESENTATION_ITEM(
  '') );
#13177 = CARTESIAN_POINT('',(158.258,-57.5093));
#13178 = CARTESIAN_POINT('',(157.40011523501,-57.5093));
#13179 = CARTESIAN_POINT('',(157.8290576175,-56.76635));
#13180 = CARTESIAN_POINT('',(158.258,-56.0234));
#13181 = CARTESIAN_POINT('',(158.68694238249,-56.76635));
#13182 = CARTESIAN_POINT('',(159.11588476498,-57.5093));
#13183 = CARTESIAN_POINT('',(158.258,-57.5093));
#13184 = ( GEOMETRIC_REPRESENTATION_CONTEXT(2) 
PARAMETRIC_REPRESENTATION_CONTEXT() REPRESENTATION_CONTEXT('2D SPACE',''
  ) );
#13185 = ADVANCED_FACE('',(#13186),#4124,.F.);
#13186 = FACE_BOUND('',#13187,.F.);
#13187 = EDGE_LOOP('',(#13188,#13211,#13212,#13213));
#13188 = ORIENTED_EDGE('',*,*,#13189,.T.);
#13189 = EDGE_CURVE('',#13190,#4104,#13192,.T.);
#13190 = VERTEX_POINT('',#13191);
#13191 = CARTESIAN_POINT('',(152.1914,-54.2704,0.));
#13192 = SEAM_CURVE('',#13193,(#13197,#13204),.PCURVE_S1.);
#13193 = LINE('',#13194,#13195);
#13194 = CARTESIAN_POINT('',(152.1914,-54.2704,-4.6E-02));
#13195 = VECTOR('',#13196,1.);
#13196 = DIRECTION('',(0.,0.,1.));
#13197 = PCURVE('',#4124,#13198);
#13198 = DEFINITIONAL_REPRESENTATION('',(#13199),#13203);
#13199 = LINE('',#13200,#13201);
#13200 = CARTESIAN_POINT('',(0.,0.));
#13201 = VECTOR('',#13202,1.);
#13202 = DIRECTION('',(0.,-1.));
#13203 = ( GEOMETRIC_REPRESENTATION_CONTEXT(2) 
PARAMETRIC_REPRESENTATION_CONTEXT() REPRESENTATION_CONTEXT('2D SPACE',''
  ) );
#13204 = PCURVE('',#4124,#13205);
#13205 = DEFINITIONAL_REPRESENTATION('',(#13206),#13210);
#13206 = LINE('',#13207,#13208);
#13207 = CARTESIAN_POINT('',(6.28318530718,0.));
#13208 = VECTOR('',#13209,1.);
#13209 = DIRECTION('',(0.,-1.));
#13210 = ( GEOMETRIC_REPRESENTATION_CONTEXT(2) 
PARAMETRIC_REPRESENTATION_CONTEXT() REPRESENTATION_CONTEXT('2D SPACE',''
  ) );
#13211 = ORIENTED_EDGE('',*,*,#4103,.T.);
#13212 = ORIENTED_EDGE('',*,*,#13189,.F.);
#13213 = ORIENTED_EDGE('',*,*,#13214,.F.);
#13214 = EDGE_CURVE('',#13190,#13190,#13215,.T.);
#13215 = SURFACE_CURVE('',#13216,(#13221,#13228),.PCURVE_S1.);
#13216 = CIRCLE('',#13217,0.4064);
#13217 = AXIS2_PLACEMENT_3D('',#13218,#13219,#13220);
#13218 = CARTESIAN_POINT('',(152.1914,-53.864,0.));
#13219 = DIRECTION('',(-0.,-0.,-1.));
#13220 = DIRECTION('',(0.,-1.,0.));
#13221 = PCURVE('',#4124,#13222);
#13222 = DEFINITIONAL_REPRESENTATION('',(#13223),#13227);
#13223 = LINE('',#13224,#13225);
#13224 = CARTESIAN_POINT('',(0.,-4.6E-02));
#13225 = VECTOR('',#13226,1.);
#13226 = DIRECTION('',(1.,0.));
#13227 = ( GEOMETRIC_REPRESENTATION_CONTEXT(2) 
PARAMETRIC_REPRESENTATION_CONTEXT() REPRESENTATION_CONTEXT('2D SPACE',''
  ) );
#13228 = PCURVE('',#6733,#13229);
#13229 = DEFINITIONAL_REPRESENTATION('',(#13230),#13238);
#13230 = ( BOUNDED_CURVE() B_SPLINE_CURVE(2,(#13231,#13232,#13233,#13234
    ,#13235,#13236,#13237),.UNSPECIFIED.,.T.,.F.) 
B_SPLINE_CURVE_WITH_KNOTS((1,2,2,2,2,1),(-2.094395102393,0.,
    2.094395102393,4.188790204786,6.28318530718,8.377580409573),
.UNSPECIFIED.) CURVE() GEOMETRIC_REPRESENTATION_ITEM() 
RATIONAL_B_SPLINE_CURVE((1.,0.5,1.,0.5,1.,0.5,1.)) REPRESENTATION_ITEM(
  '') );
#13231 = CARTESIAN_POINT('',(152.1914,-54.2704));
#13232 = CARTESIAN_POINT('',(151.4874945518,-54.2704));
#13233 = CARTESIAN_POINT('',(151.8394472759,-53.6608));
#13234 = CARTESIAN_POINT('',(152.1914,-53.0512));
#13235 = CARTESIAN_POINT('',(152.54335272409,-53.6608));
#13236 = CARTESIAN_POINT('',(152.89530544819,-54.2704));
#13237 = CARTESIAN_POINT('',(152.1914,-54.2704));
#13238 = ( GEOMETRIC_REPRESENTATION_CONTEXT(2) 
PARAMETRIC_REPRESENTATION_CONTEXT() REPRESENTATION_CONTEXT('2D SPACE',''
  ) );
#13239 = ADVANCED_FACE('',(#13240),#4159,.F.);
#13240 = FACE_BOUND('',#13241,.F.);
#13241 = EDGE_LOOP('',(#13242,#13265,#13266,#13267));
#13242 = ORIENTED_EDGE('',*,*,#13243,.T.);
#13243 = EDGE_CURVE('',#13244,#4139,#13246,.T.);
#13244 = VERTEX_POINT('',#13245);
#13245 = CARTESIAN_POINT('',(152.1914,-51.7304,0.));
#13246 = SEAM_CURVE('',#13247,(#13251,#13258),.PCURVE_S1.);
#13247 = LINE('',#13248,#13249);
#13248 = CARTESIAN_POINT('',(152.1914,-51.7304,-4.6E-02));
#13249 = VECTOR('',#13250,1.);
#13250 = DIRECTION('',(0.,0.,1.));
#13251 = PCURVE('',#4159,#13252);
#13252 = DEFINITIONAL_REPRESENTATION('',(#13253),#13257);
#13253 = LINE('',#13254,#13255);
#13254 = CARTESIAN_POINT('',(0.,0.));
#13255 = VECTOR('',#13256,1.);
#13256 = DIRECTION('',(0.,-1.));
#13257 = ( GEOMETRIC_REPRESENTATION_CONTEXT(2) 
PARAMETRIC_REPRESENTATION_CONTEXT() REPRESENTATION_CONTEXT('2D SPACE',''
  ) );
#13258 = PCURVE('',#4159,#13259);
#13259 = DEFINITIONAL_REPRESENTATION('',(#13260),#13264);
#13260 = LINE('',#13261,#13262);
#13261 = CARTESIAN_POINT('',(6.28318530718,0.));
#13262 = VECTOR('',#13263,1.);
#13263 = DIRECTION('',(0.,-1.));
#13264 = ( GEOMETRIC_REPRESENTATION_CONTEXT(2) 
PARAMETRIC_REPRESENTATION_CONTEXT() REPRESENTATION_CONTEXT('2D SPACE',''
  ) );
#13265 = ORIENTED_EDGE('',*,*,#4138,.T.);
#13266 = ORIENTED_EDGE('',*,*,#13243,.F.);
#13267 = ORIENTED_EDGE('',*,*,#13268,.F.);
#13268 = EDGE_CURVE('',#13244,#13244,#13269,.T.);
#13269 = SURFACE_CURVE('',#13270,(#13275,#13282),.PCURVE_S1.);
#13270 = CIRCLE('',#13271,0.4064);
#13271 = AXIS2_PLACEMENT_3D('',#13272,#13273,#13274);
#13272 = CARTESIAN_POINT('',(152.1914,-51.324,0.));
#13273 = DIRECTION('',(-0.,-0.,-1.));
#13274 = DIRECTION('',(0.,-1.,0.));
#13275 = PCURVE('',#4159,#13276);
#13276 = DEFINITIONAL_REPRESENTATION('',(#13277),#13281);
#13277 = LINE('',#13278,#13279);
#13278 = CARTESIAN_POINT('',(0.,-4.6E-02));
#13279 = VECTOR('',#13280,1.);
#13280 = DIRECTION('',(1.,0.));
#13281 = ( GEOMETRIC_REPRESENTATION_CONTEXT(2) 
PARAMETRIC_REPRESENTATION_CONTEXT() REPRESENTATION_CONTEXT('2D SPACE',''
  ) );
#13282 = PCURVE('',#6733,#13283);
#13283 = DEFINITIONAL_REPRESENTATION('',(#13284),#13292);
#13284 = ( BOUNDED_CURVE() B_SPLINE_CURVE(2,(#13285,#13286,#13287,#13288
    ,#13289,#13290,#13291),.UNSPECIFIED.,.T.,.F.) 
B_SPLINE_CURVE_WITH_KNOTS((1,2,2,2,2,1),(-2.094395102393,0.,
    2.094395102393,4.188790204786,6.28318530718,8.377580409573),
.UNSPECIFIED.) CURVE() GEOMETRIC_REPRESENTATION_ITEM() 
RATIONAL_B_SPLINE_CURVE((1.,0.5,1.,0.5,1.,0.5,1.)) REPRESENTATION_ITEM(
  '') );
#13285 = CARTESIAN_POINT('',(152.1914,-51.7304));
#13286 = CARTESIAN_POINT('',(151.4874945518,-51.7304));
#13287 = CARTESIAN_POINT('',(151.8394472759,-51.1208));
#13288 = CARTESIAN_POINT('',(152.1914,-50.5112));
#13289 = CARTESIAN_POINT('',(152.54335272409,-51.1208));
#13290 = CARTESIAN_POINT('',(152.89530544819,-51.7304));
#13291 = CARTESIAN_POINT('',(152.1914,-51.7304));
#13292 = ( GEOMETRIC_REPRESENTATION_CONTEXT(2) 
PARAMETRIC_REPRESENTATION_CONTEXT() REPRESENTATION_CONTEXT('2D SPACE',''
  ) );
#13293 = ADVANCED_FACE('',(#13294),#4194,.F.);
#13294 = FACE_BOUND('',#13295,.F.);
#13295 = EDGE_LOOP('',(#13296,#13319,#13320,#13321));
#13296 = ORIENTED_EDGE('',*,*,#13297,.T.);
#13297 = EDGE_CURVE('',#13298,#4174,#13300,.T.);
#13298 = VERTEX_POINT('',#13299);
#13299 = CARTESIAN_POINT('',(168.978,-62.0649,0.));
#13300 = SEAM_CURVE('',#13301,(#13305,#13312),.PCURVE_S1.);
#13301 = LINE('',#13302,#13303);
#13302 = CARTESIAN_POINT('',(168.978,-62.0649,-4.6E-02));
#13303 = VECTOR('',#13304,1.);
#13304 = DIRECTION('',(0.,0.,1.));
#13305 = PCURVE('',#4194,#13306);
#13306 = DEFINITIONAL_REPRESENTATION('',(#13307),#13311);
#13307 = LINE('',#13308,#13309);
#13308 = CARTESIAN_POINT('',(0.,0.));
#13309 = VECTOR('',#13310,1.);
#13310 = DIRECTION('',(0.,-1.));
#13311 = ( GEOMETRIC_REPRESENTATION_CONTEXT(2) 
PARAMETRIC_REPRESENTATION_CONTEXT() REPRESENTATION_CONTEXT('2D SPACE',''
  ) );
#13312 = PCURVE('',#4194,#13313);
#13313 = DEFINITIONAL_REPRESENTATION('',(#13314),#13318);
#13314 = LINE('',#13315,#13316);
#13315 = CARTESIAN_POINT('',(6.28318530718,0.));
#13316 = VECTOR('',#13317,1.);
#13317 = DIRECTION('',(0.,-1.));
#13318 = ( GEOMETRIC_REPRESENTATION_CONTEXT(2) 
PARAMETRIC_REPRESENTATION_CONTEXT() REPRESENTATION_CONTEXT('2D SPACE',''
  ) );
#13319 = ORIENTED_EDGE('',*,*,#4173,.T.);
#13320 = ORIENTED_EDGE('',*,*,#13297,.F.);
#13321 = ORIENTED_EDGE('',*,*,#13322,.F.);
#13322 = EDGE_CURVE('',#13298,#13298,#13323,.T.);
#13323 = SURFACE_CURVE('',#13324,(#13329,#13336),.PCURVE_S1.);
#13324 = CIRCLE('',#13325,0.8509);
#13325 = AXIS2_PLACEMENT_3D('',#13326,#13327,#13328);
#13326 = CARTESIAN_POINT('',(168.978,-61.214,0.));
#13327 = DIRECTION('',(-0.,-0.,-1.));
#13328 = DIRECTION('',(0.,-1.,0.));
#13329 = PCURVE('',#4194,#13330);
#13330 = DEFINITIONAL_REPRESENTATION('',(#13331),#13335);
#13331 = LINE('',#13332,#13333);
#13332 = CARTESIAN_POINT('',(0.,-4.6E-02));
#13333 = VECTOR('',#13334,1.);
#13334 = DIRECTION('',(1.,0.));
#13335 = ( GEOMETRIC_REPRESENTATION_CONTEXT(2) 
PARAMETRIC_REPRESENTATION_CONTEXT() REPRESENTATION_CONTEXT('2D SPACE',''
  ) );
#13336 = PCURVE('',#6733,#13337);
#13337 = DEFINITIONAL_REPRESENTATION('',(#13338),#13346);
#13338 = ( BOUNDED_CURVE() B_SPLINE_CURVE(2,(#13339,#13340,#13341,#13342
    ,#13343,#13344,#13345),.UNSPECIFIED.,.T.,.F.) 
B_SPLINE_CURVE_WITH_KNOTS((1,2,2,2,2,1),(-2.094395102393,0.,
    2.094395102393,4.188790204786,6.28318530718,8.377580409573),
.UNSPECIFIED.) CURVE() GEOMETRIC_REPRESENTATION_ITEM() 
RATIONAL_B_SPLINE_CURVE((1.,0.5,1.,0.5,1.,0.5,1.)) REPRESENTATION_ITEM(
  '') );
#13339 = CARTESIAN_POINT('',(168.978,-62.0649));
#13340 = CARTESIAN_POINT('',(167.50419796784,-62.0649));
#13341 = CARTESIAN_POINT('',(168.24109898392,-60.78855));
#13342 = CARTESIAN_POINT('',(168.978,-59.5122));
#13343 = CARTESIAN_POINT('',(169.71490101608,-60.78855));
#13344 = CARTESIAN_POINT('',(170.45180203216,-62.0649));
#13345 = CARTESIAN_POINT('',(168.978,-62.0649));
#13346 = ( GEOMETRIC_REPRESENTATION_CONTEXT(2) 
PARAMETRIC_REPRESENTATION_CONTEXT() REPRESENTATION_CONTEXT('2D SPACE',''
  ) );
#13347 = ADVANCED_FACE('',(#13348),#4229,.F.);
#13348 = FACE_BOUND('',#13349,.F.);
#13349 = EDGE_LOOP('',(#13350,#13373,#13374,#13375));
#13350 = ORIENTED_EDGE('',*,*,#13351,.T.);
#13351 = EDGE_CURVE('',#13352,#4209,#13354,.T.);
#13352 = VERTEX_POINT('',#13353);
#13353 = CARTESIAN_POINT('',(176.492,-63.109,0.));
#13354 = SEAM_CURVE('',#13355,(#13359,#13366),.PCURVE_S1.);
#13355 = LINE('',#13356,#13357);
#13356 = CARTESIAN_POINT('',(176.492,-63.109,-4.6E-02));
#13357 = VECTOR('',#13358,1.);
#13358 = DIRECTION('',(0.,0.,1.));
#13359 = PCURVE('',#4229,#13360);
#13360 = DEFINITIONAL_REPRESENTATION('',(#13361),#13365);
#13361 = LINE('',#13362,#13363);
#13362 = CARTESIAN_POINT('',(0.,0.));
#13363 = VECTOR('',#13364,1.);
#13364 = DIRECTION('',(0.,-1.));
#13365 = ( GEOMETRIC_REPRESENTATION_CONTEXT(2) 
PARAMETRIC_REPRESENTATION_CONTEXT() REPRESENTATION_CONTEXT('2D SPACE',''
  ) );
#13366 = PCURVE('',#4229,#13367);
#13367 = DEFINITIONAL_REPRESENTATION('',(#13368),#13372);
#13368 = LINE('',#13369,#13370);
#13369 = CARTESIAN_POINT('',(6.28318530718,0.));
#13370 = VECTOR('',#13371,1.);
#13371 = DIRECTION('',(0.,-1.));
#13372 = ( GEOMETRIC_REPRESENTATION_CONTEXT(2) 
PARAMETRIC_REPRESENTATION_CONTEXT() REPRESENTATION_CONTEXT('2D SPACE',''
  ) );
#13373 = ORIENTED_EDGE('',*,*,#4208,.T.);
#13374 = ORIENTED_EDGE('',*,*,#13351,.F.);
#13375 = ORIENTED_EDGE('',*,*,#13376,.F.);
#13376 = EDGE_CURVE('',#13352,#13352,#13377,.T.);
#13377 = SURFACE_CURVE('',#13378,(#13383,#13390),.PCURVE_S1.);
#13378 = CIRCLE('',#13379,0.635);
#13379 = AXIS2_PLACEMENT_3D('',#13380,#13381,#13382);
#13380 = CARTESIAN_POINT('',(176.492,-62.474,0.));
#13381 = DIRECTION('',(-0.,0.,-1.));
#13382 = DIRECTION('',(-4.475859752819E-14,-1.,0.));
#13383 = PCURVE('',#4229,#13384);
#13384 = DEFINITIONAL_REPRESENTATION('',(#13385),#13389);
#13385 = LINE('',#13386,#13387);
#13386 = CARTESIAN_POINT('',(0.,-4.6E-02));
#13387 = VECTOR('',#13388,1.);
#13388 = DIRECTION('',(1.,0.));
#13389 = ( GEOMETRIC_REPRESENTATION_CONTEXT(2) 
PARAMETRIC_REPRESENTATION_CONTEXT() REPRESENTATION_CONTEXT('2D SPACE',''
  ) );
#13390 = PCURVE('',#6733,#13391);
#13391 = DEFINITIONAL_REPRESENTATION('',(#13392),#13400);
#13392 = ( BOUNDED_CURVE() B_SPLINE_CURVE(2,(#13393,#13394,#13395,#13396
    ,#13397,#13398,#13399),.UNSPECIFIED.,.T.,.F.) 
B_SPLINE_CURVE_WITH_KNOTS((1,2,2,2,2,1),(-2.094395102393,0.,
    2.094395102393,4.188790204786,6.28318530718,8.377580409573),
.UNSPECIFIED.) CURVE() GEOMETRIC_REPRESENTATION_ITEM() 
RATIONAL_B_SPLINE_CURVE((1.,0.5,1.,0.5,1.,0.5,1.)) REPRESENTATION_ITEM(
  '') );
#13393 = CARTESIAN_POINT('',(176.492,-63.109));
#13394 = CARTESIAN_POINT('',(175.39214773719,-63.109));
#13395 = CARTESIAN_POINT('',(175.94207386859,-62.1565));
#13396 = CARTESIAN_POINT('',(176.492,-61.204));
#13397 = CARTESIAN_POINT('',(177.0419261314,-62.1565));
#13398 = CARTESIAN_POINT('',(177.5918522628,-63.109));
#13399 = CARTESIAN_POINT('',(176.492,-63.109));
#13400 = ( GEOMETRIC_REPRESENTATION_CONTEXT(2) 
PARAMETRIC_REPRESENTATION_CONTEXT() REPRESENTATION_CONTEXT('2D SPACE',''
  ) );
#13401 = ADVANCED_FACE('',(#13402),#4264,.F.);
#13402 = FACE_BOUND('',#13403,.F.);
#13403 = EDGE_LOOP('',(#13404,#13427,#13428,#13429));
#13404 = ORIENTED_EDGE('',*,*,#13405,.T.);
#13405 = EDGE_CURVE('',#13406,#4244,#13408,.T.);
#13406 = VERTEX_POINT('',#13407);
#13407 = CARTESIAN_POINT('',(181.492,-65.209,0.));
#13408 = SEAM_CURVE('',#13409,(#13413,#13420),.PCURVE_S1.);
#13409 = LINE('',#13410,#13411);
#13410 = CARTESIAN_POINT('',(181.492,-65.209,-4.6E-02));
#13411 = VECTOR('',#13412,1.);
#13412 = DIRECTION('',(0.,0.,1.));
#13413 = PCURVE('',#4264,#13414);
#13414 = DEFINITIONAL_REPRESENTATION('',(#13415),#13419);
#13415 = LINE('',#13416,#13417);
#13416 = CARTESIAN_POINT('',(0.,0.));
#13417 = VECTOR('',#13418,1.);
#13418 = DIRECTION('',(0.,-1.));
#13419 = ( GEOMETRIC_REPRESENTATION_CONTEXT(2) 
PARAMETRIC_REPRESENTATION_CONTEXT() REPRESENTATION_CONTEXT('2D SPACE',''
  ) );
#13420 = PCURVE('',#4264,#13421);
#13421 = DEFINITIONAL_REPRESENTATION('',(#13422),#13426);
#13422 = LINE('',#13423,#13424);
#13423 = CARTESIAN_POINT('',(6.28318530718,0.));
#13424 = VECTOR('',#13425,1.);
#13425 = DIRECTION('',(0.,-1.));
#13426 = ( GEOMETRIC_REPRESENTATION_CONTEXT(2) 
PARAMETRIC_REPRESENTATION_CONTEXT() REPRESENTATION_CONTEXT('2D SPACE',''
  ) );
#13427 = ORIENTED_EDGE('',*,*,#4243,.T.);
#13428 = ORIENTED_EDGE('',*,*,#13405,.F.);
#13429 = ORIENTED_EDGE('',*,*,#13430,.F.);
#13430 = EDGE_CURVE('',#13406,#13406,#13431,.T.);
#13431 = SURFACE_CURVE('',#13432,(#13437,#13444),.PCURVE_S1.);
#13432 = CIRCLE('',#13433,0.635);
#13433 = AXIS2_PLACEMENT_3D('',#13434,#13435,#13436);
#13434 = CARTESIAN_POINT('',(181.492,-64.574,0.));
#13435 = DIRECTION('',(-0.,0.,-1.));
#13436 = DIRECTION('',(-4.47585975282E-14,-1.,0.));
#13437 = PCURVE('',#4264,#13438);
#13438 = DEFINITIONAL_REPRESENTATION('',(#13439),#13443);
#13439 = LINE('',#13440,#13441);
#13440 = CARTESIAN_POINT('',(0.,-4.6E-02));
#13441 = VECTOR('',#13442,1.);
#13442 = DIRECTION('',(1.,0.));
#13443 = ( GEOMETRIC_REPRESENTATION_CONTEXT(2) 
PARAMETRIC_REPRESENTATION_CONTEXT() REPRESENTATION_CONTEXT('2D SPACE',''
  ) );
#13444 = PCURVE('',#6733,#13445);
#13445 = DEFINITIONAL_REPRESENTATION('',(#13446),#13454);
#13446 = ( BOUNDED_CURVE() B_SPLINE_CURVE(2,(#13447,#13448,#13449,#13450
    ,#13451,#13452,#13453),.UNSPECIFIED.,.T.,.F.) 
B_SPLINE_CURVE_WITH_KNOTS((1,2,2,2,2,1),(-2.094395102393,0.,
    2.094395102393,4.188790204786,6.28318530718,8.377580409573),
.UNSPECIFIED.) CURVE() GEOMETRIC_REPRESENTATION_ITEM() 
RATIONAL_B_SPLINE_CURVE((1.,0.5,1.,0.5,1.,0.5,1.)) REPRESENTATION_ITEM(
  '') );
#13447 = CARTESIAN_POINT('',(181.492,-65.209));
#13448 = CARTESIAN_POINT('',(180.39214773719,-65.209));
#13449 = CARTESIAN_POINT('',(180.94207386859,-64.2565));
#13450 = CARTESIAN_POINT('',(181.492,-63.304));
#13451 = CARTESIAN_POINT('',(182.0419261314,-64.2565));
#13452 = CARTESIAN_POINT('',(182.5918522628,-65.209));
#13453 = CARTESIAN_POINT('',(181.492,-65.209));
#13454 = ( GEOMETRIC_REPRESENTATION_CONTEXT(2) 
PARAMETRIC_REPRESENTATION_CONTEXT() REPRESENTATION_CONTEXT('2D SPACE',''
  ) );
#13455 = ADVANCED_FACE('',(#13456),#4299,.F.);
#13456 = FACE_BOUND('',#13457,.F.);
#13457 = EDGE_LOOP('',(#13458,#13481,#13482,#13483));
#13458 = ORIENTED_EDGE('',*,*,#13459,.T.);
#13459 = EDGE_CURVE('',#13460,#4279,#13462,.T.);
#13460 = VERTEX_POINT('',#13461);
#13461 = CARTESIAN_POINT('',(168.698,-57.5093,0.));
#13462 = SEAM_CURVE('',#13463,(#13467,#13474),.PCURVE_S1.);
#13463 = LINE('',#13464,#13465);
#13464 = CARTESIAN_POINT('',(168.698,-57.5093,-4.6E-02));
#13465 = VECTOR('',#13466,1.);
#13466 = DIRECTION('',(0.,0.,1.));
#13467 = PCURVE('',#4299,#13468);
#13468 = DEFINITIONAL_REPRESENTATION('',(#13469),#13473);
#13469 = LINE('',#13470,#13471);
#13470 = CARTESIAN_POINT('',(0.,0.));
#13471 = VECTOR('',#13472,1.);
#13472 = DIRECTION('',(0.,-1.));
#13473 = ( GEOMETRIC_REPRESENTATION_CONTEXT(2) 
PARAMETRIC_REPRESENTATION_CONTEXT() REPRESENTATION_CONTEXT('2D SPACE',''
  ) );
#13474 = PCURVE('',#4299,#13475);
#13475 = DEFINITIONAL_REPRESENTATION('',(#13476),#13480);
#13476 = LINE('',#13477,#13478);
#13477 = CARTESIAN_POINT('',(6.28318530718,0.));
#13478 = VECTOR('',#13479,1.);
#13479 = DIRECTION('',(0.,-1.));
#13480 = ( GEOMETRIC_REPRESENTATION_CONTEXT(2) 
PARAMETRIC_REPRESENTATION_CONTEXT() REPRESENTATION_CONTEXT('2D SPACE',''
  ) );
#13481 = ORIENTED_EDGE('',*,*,#4278,.T.);
#13482 = ORIENTED_EDGE('',*,*,#13459,.F.);
#13483 = ORIENTED_EDGE('',*,*,#13484,.F.);
#13484 = EDGE_CURVE('',#13460,#13460,#13485,.T.);
#13485 = SURFACE_CURVE('',#13486,(#13491,#13498),.PCURVE_S1.);
#13486 = CIRCLE('',#13487,0.4953);
#13487 = AXIS2_PLACEMENT_3D('',#13488,#13489,#13490);
#13488 = CARTESIAN_POINT('',(168.698,-57.014,0.));
#13489 = DIRECTION('',(0.,-0.,-1.));
#13490 = DIRECTION('',(5.738281734384E-14,-1.,0.));
#13491 = PCURVE('',#4299,#13492);
#13492 = DEFINITIONAL_REPRESENTATION('',(#13493),#13497);
#13493 = LINE('',#13494,#13495);
#13494 = CARTESIAN_POINT('',(0.,-4.6E-02));
#13495 = VECTOR('',#13496,1.);
#13496 = DIRECTION('',(1.,0.));
#13497 = ( GEOMETRIC_REPRESENTATION_CONTEXT(2) 
PARAMETRIC_REPRESENTATION_CONTEXT() REPRESENTATION_CONTEXT('2D SPACE',''
  ) );
#13498 = PCURVE('',#6733,#13499);
#13499 = DEFINITIONAL_REPRESENTATION('',(#13500),#13508);
#13500 = ( BOUNDED_CURVE() B_SPLINE_CURVE(2,(#13501,#13502,#13503,#13504
    ,#13505,#13506,#13507),.UNSPECIFIED.,.T.,.F.) 
B_SPLINE_CURVE_WITH_KNOTS((1,2,2,2,2,1),(-2.094395102393,0.,
    2.094395102393,4.188790204786,6.28318530718,8.377580409573),
.UNSPECIFIED.) CURVE() GEOMETRIC_REPRESENTATION_ITEM() 
RATIONAL_B_SPLINE_CURVE((1.,0.5,1.,0.5,1.,0.5,1.)) REPRESENTATION_ITEM(
  '') );
#13501 = CARTESIAN_POINT('',(168.698,-57.5093));
#13502 = CARTESIAN_POINT('',(167.84011523501,-57.5093));
#13503 = CARTESIAN_POINT('',(168.2690576175,-56.76635));
#13504 = CARTESIAN_POINT('',(168.698,-56.0234));
#13505 = CARTESIAN_POINT('',(169.12694238249,-56.76635));
#13506 = CARTESIAN_POINT('',(169.55588476498,-57.5093));
#13507 = CARTESIAN_POINT('',(168.698,-57.5093));
#13508 = ( GEOMETRIC_REPRESENTATION_CONTEXT(2) 
PARAMETRIC_REPRESENTATION_CONTEXT() REPRESENTATION_CONTEXT('2D SPACE',''
  ) );
#13509 = ADVANCED_FACE('',(#13510),#4334,.F.);
#13510 = FACE_BOUND('',#13511,.F.);
#13511 = EDGE_LOOP('',(#13512,#13535,#13536,#13537));
#13512 = ORIENTED_EDGE('',*,*,#13513,.T.);
#13513 = EDGE_CURVE('',#13514,#4314,#13516,.T.);
#13514 = VERTEX_POINT('',#13515);
#13515 = CARTESIAN_POINT('',(175.992,-59.5249,0.));
#13516 = SEAM_CURVE('',#13517,(#13521,#13528),.PCURVE_S1.);
#13517 = LINE('',#13518,#13519);
#13518 = CARTESIAN_POINT('',(175.992,-59.5249,-4.6E-02));
#13519 = VECTOR('',#13520,1.);
#13520 = DIRECTION('',(0.,0.,1.));
#13521 = PCURVE('',#4334,#13522);
#13522 = DEFINITIONAL_REPRESENTATION('',(#13523),#13527);
#13523 = LINE('',#13524,#13525);
#13524 = CARTESIAN_POINT('',(0.,0.));
#13525 = VECTOR('',#13526,1.);
#13526 = DIRECTION('',(0.,-1.));
#13527 = ( GEOMETRIC_REPRESENTATION_CONTEXT(2) 
PARAMETRIC_REPRESENTATION_CONTEXT() REPRESENTATION_CONTEXT('2D SPACE',''
  ) );
#13528 = PCURVE('',#4334,#13529);
#13529 = DEFINITIONAL_REPRESENTATION('',(#13530),#13534);
#13530 = LINE('',#13531,#13532);
#13531 = CARTESIAN_POINT('',(6.28318530718,0.));
#13532 = VECTOR('',#13533,1.);
#13533 = DIRECTION('',(0.,-1.));
#13534 = ( GEOMETRIC_REPRESENTATION_CONTEXT(2) 
PARAMETRIC_REPRESENTATION_CONTEXT() REPRESENTATION_CONTEXT('2D SPACE',''
  ) );
#13535 = ORIENTED_EDGE('',*,*,#4313,.T.);
#13536 = ORIENTED_EDGE('',*,*,#13513,.F.);
#13537 = ORIENTED_EDGE('',*,*,#13538,.F.);
#13538 = EDGE_CURVE('',#13514,#13514,#13539,.T.);
#13539 = SURFACE_CURVE('',#13540,(#13545,#13552),.PCURVE_S1.);
#13540 = CIRCLE('',#13541,0.8509);
#13541 = AXIS2_PLACEMENT_3D('',#13542,#13543,#13544);
#13542 = CARTESIAN_POINT('',(175.992,-58.674,0.));
#13543 = DIRECTION('',(-0.,-0.,-1.));
#13544 = DIRECTION('',(0.,-1.,0.));
#13545 = PCURVE('',#4334,#13546);
#13546 = DEFINITIONAL_REPRESENTATION('',(#13547),#13551);
#13547 = LINE('',#13548,#13549);
#13548 = CARTESIAN_POINT('',(0.,-4.6E-02));
#13549 = VECTOR('',#13550,1.);
#13550 = DIRECTION('',(1.,0.));
#13551 = ( GEOMETRIC_REPRESENTATION_CONTEXT(2) 
PARAMETRIC_REPRESENTATION_CONTEXT() REPRESENTATION_CONTEXT('2D SPACE',''
  ) );
#13552 = PCURVE('',#6733,#13553);
#13553 = DEFINITIONAL_REPRESENTATION('',(#13554),#13562);
#13554 = ( BOUNDED_CURVE() B_SPLINE_CURVE(2,(#13555,#13556,#13557,#13558
    ,#13559,#13560,#13561),.UNSPECIFIED.,.T.,.F.) 
B_SPLINE_CURVE_WITH_KNOTS((1,2,2,2,2,1),(-2.094395102393,0.,
    2.094395102393,4.188790204786,6.28318530718,8.377580409573),
.UNSPECIFIED.) CURVE() GEOMETRIC_REPRESENTATION_ITEM() 
RATIONAL_B_SPLINE_CURVE((1.,0.5,1.,0.5,1.,0.5,1.)) REPRESENTATION_ITEM(
  '') );
#13555 = CARTESIAN_POINT('',(175.992,-59.5249));
#13556 = CARTESIAN_POINT('',(174.51819796784,-59.5249));
#13557 = CARTESIAN_POINT('',(175.25509898392,-58.24855));
#13558 = CARTESIAN_POINT('',(175.992,-56.9722));
#13559 = CARTESIAN_POINT('',(176.72890101608,-58.24855));
#13560 = CARTESIAN_POINT('',(177.46580203216,-59.5249));
#13561 = CARTESIAN_POINT('',(175.992,-59.5249));
#13562 = ( GEOMETRIC_REPRESENTATION_CONTEXT(2) 
PARAMETRIC_REPRESENTATION_CONTEXT() REPRESENTATION_CONTEXT('2D SPACE',''
  ) );
#13563 = ADVANCED_FACE('',(#13564),#4369,.F.);
#13564 = FACE_BOUND('',#13565,.F.);
#13565 = EDGE_LOOP('',(#13566,#13589,#13590,#13591));
#13566 = ORIENTED_EDGE('',*,*,#13567,.T.);
#13567 = EDGE_CURVE('',#13568,#4349,#13570,.T.);
#13568 = VERTEX_POINT('',#13569);
#13569 = CARTESIAN_POINT('',(171.434,-53.224,0.));
#13570 = SEAM_CURVE('',#13571,(#13575,#13582),.PCURVE_S1.);
#13571 = LINE('',#13572,#13573);
#13572 = CARTESIAN_POINT('',(171.434,-53.224,-4.6E-02));
#13573 = VECTOR('',#13574,1.);
#13574 = DIRECTION('',(0.,0.,1.));
#13575 = PCURVE('',#4369,#13576);
#13576 = DEFINITIONAL_REPRESENTATION('',(#13577),#13581);
#13577 = LINE('',#13578,#13579);
#13578 = CARTESIAN_POINT('',(0.,0.));
#13579 = VECTOR('',#13580,1.);
#13580 = DIRECTION('',(0.,-1.));
#13581 = ( GEOMETRIC_REPRESENTATION_CONTEXT(2) 
PARAMETRIC_REPRESENTATION_CONTEXT() REPRESENTATION_CONTEXT('2D SPACE',''
  ) );
#13582 = PCURVE('',#4369,#13583);
#13583 = DEFINITIONAL_REPRESENTATION('',(#13584),#13588);
#13584 = LINE('',#13585,#13586);
#13585 = CARTESIAN_POINT('',(6.28318530718,0.));
#13586 = VECTOR('',#13587,1.);
#13587 = DIRECTION('',(0.,-1.));
#13588 = ( GEOMETRIC_REPRESENTATION_CONTEXT(2) 
PARAMETRIC_REPRESENTATION_CONTEXT() REPRESENTATION_CONTEXT('2D SPACE',''
  ) );
#13589 = ORIENTED_EDGE('',*,*,#4348,.T.);
#13590 = ORIENTED_EDGE('',*,*,#13567,.F.);
#13591 = ORIENTED_EDGE('',*,*,#13592,.F.);
#13592 = EDGE_CURVE('',#13568,#13568,#13593,.T.);
#13593 = SURFACE_CURVE('',#13594,(#13599,#13606),.PCURVE_S1.);
#13594 = CIRCLE('',#13595,1.1);
#13595 = AXIS2_PLACEMENT_3D('',#13596,#13597,#13598);
#13596 = CARTESIAN_POINT('',(171.434,-52.124,0.));
#13597 = DIRECTION('',(-0.,-0.,-1.));
#13598 = DIRECTION('',(0.,-1.,0.));
#13599 = PCURVE('',#4369,#13600);
#13600 = DEFINITIONAL_REPRESENTATION('',(#13601),#13605);
#13601 = LINE('',#13602,#13603);
#13602 = CARTESIAN_POINT('',(0.,-4.6E-02));
#13603 = VECTOR('',#13604,1.);
#13604 = DIRECTION('',(1.,0.));
#13605 = ( GEOMETRIC_REPRESENTATION_CONTEXT(2) 
PARAMETRIC_REPRESENTATION_CONTEXT() REPRESENTATION_CONTEXT('2D SPACE',''
  ) );
#13606 = PCURVE('',#6733,#13607);
#13607 = DEFINITIONAL_REPRESENTATION('',(#13608),#13616);
#13608 = ( BOUNDED_CURVE() B_SPLINE_CURVE(2,(#13609,#13610,#13611,#13612
    ,#13613,#13614,#13615),.UNSPECIFIED.,.T.,.F.) 
B_SPLINE_CURVE_WITH_KNOTS((1,2,2,2,2,1),(-2.094395102393,0.,
    2.094395102393,4.188790204786,6.28318530718,8.377580409573),
.UNSPECIFIED.) CURVE() GEOMETRIC_REPRESENTATION_ITEM() 
RATIONAL_B_SPLINE_CURVE((1.,0.5,1.,0.5,1.,0.5,1.)) REPRESENTATION_ITEM(
  '') );
#13609 = CARTESIAN_POINT('',(171.434,-53.224));
#13610 = CARTESIAN_POINT('',(169.52874411167,-53.224));
#13611 = CARTESIAN_POINT('',(170.48137205583,-51.574));
#13612 = CARTESIAN_POINT('',(171.434,-49.924));
#13613 = CARTESIAN_POINT('',(172.38662794416,-51.574));
#13614 = CARTESIAN_POINT('',(173.33925588832,-53.224));
#13615 = CARTESIAN_POINT('',(171.434,-53.224));
#13616 = ( GEOMETRIC_REPRESENTATION_CONTEXT(2) 
PARAMETRIC_REPRESENTATION_CONTEXT() REPRESENTATION_CONTEXT('2D SPACE',''
  ) );
#13617 = ADVANCED_FACE('',(#13618),#4404,.F.);
#13618 = FACE_BOUND('',#13619,.F.);
#13619 = EDGE_LOOP('',(#13620,#13643,#13644,#13645));
#13620 = ORIENTED_EDGE('',*,*,#13621,.T.);
#13621 = EDGE_CURVE('',#13622,#4384,#13624,.T.);
#13622 = VERTEX_POINT('',#13623);
#13623 = CARTESIAN_POINT('',(176.272,-54.9693,0.));
#13624 = SEAM_CURVE('',#13625,(#13629,#13636),.PCURVE_S1.);
#13625 = LINE('',#13626,#13627);
#13626 = CARTESIAN_POINT('',(176.272,-54.9693,-4.6E-02));
#13627 = VECTOR('',#13628,1.);
#13628 = DIRECTION('',(0.,0.,1.));
#13629 = PCURVE('',#4404,#13630);
#13630 = DEFINITIONAL_REPRESENTATION('',(#13631),#13635);
#13631 = LINE('',#13632,#13633);
#13632 = CARTESIAN_POINT('',(0.,0.));
#13633 = VECTOR('',#13634,1.);
#13634 = DIRECTION('',(0.,-1.));
#13635 = ( GEOMETRIC_REPRESENTATION_CONTEXT(2) 
PARAMETRIC_REPRESENTATION_CONTEXT() REPRESENTATION_CONTEXT('2D SPACE',''
  ) );
#13636 = PCURVE('',#4404,#13637);
#13637 = DEFINITIONAL_REPRESENTATION('',(#13638),#13642);
#13638 = LINE('',#13639,#13640);
#13639 = CARTESIAN_POINT('',(6.28318530718,0.));
#13640 = VECTOR('',#13641,1.);
#13641 = DIRECTION('',(0.,-1.));
#13642 = ( GEOMETRIC_REPRESENTATION_CONTEXT(2) 
PARAMETRIC_REPRESENTATION_CONTEXT() REPRESENTATION_CONTEXT('2D SPACE',''
  ) );
#13643 = ORIENTED_EDGE('',*,*,#4383,.T.);
#13644 = ORIENTED_EDGE('',*,*,#13621,.F.);
#13645 = ORIENTED_EDGE('',*,*,#13646,.F.);
#13646 = EDGE_CURVE('',#13622,#13622,#13647,.T.);
#13647 = SURFACE_CURVE('',#13648,(#13653,#13660),.PCURVE_S1.);
#13648 = CIRCLE('',#13649,0.4953);
#13649 = AXIS2_PLACEMENT_3D('',#13650,#13651,#13652);
#13650 = CARTESIAN_POINT('',(176.272,-54.474,0.));
#13651 = DIRECTION('',(-0.,-0.,-1.));
#13652 = DIRECTION('',(0.,-1.,0.));
#13653 = PCURVE('',#4404,#13654);
#13654 = DEFINITIONAL_REPRESENTATION('',(#13655),#13659);
#13655 = LINE('',#13656,#13657);
#13656 = CARTESIAN_POINT('',(0.,-4.6E-02));
#13657 = VECTOR('',#13658,1.);
#13658 = DIRECTION('',(1.,0.));
#13659 = ( GEOMETRIC_REPRESENTATION_CONTEXT(2) 
PARAMETRIC_REPRESENTATION_CONTEXT() REPRESENTATION_CONTEXT('2D SPACE',''
  ) );
#13660 = PCURVE('',#6733,#13661);
#13661 = DEFINITIONAL_REPRESENTATION('',(#13662),#13670);
#13662 = ( BOUNDED_CURVE() B_SPLINE_CURVE(2,(#13663,#13664,#13665,#13666
    ,#13667,#13668,#13669),.UNSPECIFIED.,.T.,.F.) 
B_SPLINE_CURVE_WITH_KNOTS((1,2,2,2,2,1),(-2.094395102393,0.,
    2.094395102393,4.188790204786,6.28318530718,8.377580409573),
.UNSPECIFIED.) CURVE() GEOMETRIC_REPRESENTATION_ITEM() 
RATIONAL_B_SPLINE_CURVE((1.,0.5,1.,0.5,1.,0.5,1.)) REPRESENTATION_ITEM(
  '') );
#13663 = CARTESIAN_POINT('',(176.272,-54.9693));
#13664 = CARTESIAN_POINT('',(175.41411523501,-54.9693));
#13665 = CARTESIAN_POINT('',(175.8430576175,-54.22635));
#13666 = CARTESIAN_POINT('',(176.272,-53.4834));
#13667 = CARTESIAN_POINT('',(176.70094238249,-54.22635));
#13668 = CARTESIAN_POINT('',(177.12988476498,-54.9693));
#13669 = CARTESIAN_POINT('',(176.272,-54.9693));
#13670 = ( GEOMETRIC_REPRESENTATION_CONTEXT(2) 
PARAMETRIC_REPRESENTATION_CONTEXT() REPRESENTATION_CONTEXT('2D SPACE',''
  ) );
#13671 = ADVANCED_FACE('',(#13672),#4439,.F.);
#13672 = FACE_BOUND('',#13673,.F.);
#13673 = EDGE_LOOP('',(#13674,#13697,#13698,#13699));
#13674 = ORIENTED_EDGE('',*,*,#13675,.T.);
#13675 = EDGE_CURVE('',#13676,#4419,#13678,.T.);
#13676 = VERTEX_POINT('',#13677);
#13677 = CARTESIAN_POINT('',(181.492,-60.3885,0.));
#13678 = SEAM_CURVE('',#13679,(#13683,#13690),.PCURVE_S1.);
#13679 = LINE('',#13680,#13681);
#13680 = CARTESIAN_POINT('',(181.492,-60.3885,-4.6E-02));
#13681 = VECTOR('',#13682,1.);
#13682 = DIRECTION('',(0.,0.,1.));
#13683 = PCURVE('',#4439,#13684);
#13684 = DEFINITIONAL_REPRESENTATION('',(#13685),#13689);
#13685 = LINE('',#13686,#13687);
#13686 = CARTESIAN_POINT('',(0.,0.));
#13687 = VECTOR('',#13688,1.);
#13688 = DIRECTION('',(0.,-1.));
#13689 = ( GEOMETRIC_REPRESENTATION_CONTEXT(2) 
PARAMETRIC_REPRESENTATION_CONTEXT() REPRESENTATION_CONTEXT('2D SPACE',''
  ) );
#13690 = PCURVE('',#4439,#13691);
#13691 = DEFINITIONAL_REPRESENTATION('',(#13692),#13696);
#13692 = LINE('',#13693,#13694);
#13693 = CARTESIAN_POINT('',(6.28318530718,0.));
#13694 = VECTOR('',#13695,1.);
#13695 = DIRECTION('',(0.,-1.));
#13696 = ( GEOMETRIC_REPRESENTATION_CONTEXT(2) 
PARAMETRIC_REPRESENTATION_CONTEXT() REPRESENTATION_CONTEXT('2D SPACE',''
  ) );
#13697 = ORIENTED_EDGE('',*,*,#4418,.T.);
#13698 = ORIENTED_EDGE('',*,*,#13675,.F.);
#13699 = ORIENTED_EDGE('',*,*,#13700,.F.);
#13700 = EDGE_CURVE('',#13676,#13676,#13701,.T.);
#13701 = SURFACE_CURVE('',#13702,(#13707,#13714),.PCURVE_S1.);
#13702 = CIRCLE('',#13703,1.7145);
#13703 = AXIS2_PLACEMENT_3D('',#13704,#13705,#13706);
#13704 = CARTESIAN_POINT('',(181.492,-58.674,0.));
#13705 = DIRECTION('',(-0.,0.,-1.));
#13706 = DIRECTION('',(-1.657725834378E-14,-1.,0.));
#13707 = PCURVE('',#4439,#13708);
#13708 = DEFINITIONAL_REPRESENTATION('',(#13709),#13713);
#13709 = LINE('',#13710,#13711);
#13710 = CARTESIAN_POINT('',(0.,-4.6E-02));
#13711 = VECTOR('',#13712,1.);
#13712 = DIRECTION('',(1.,0.));
#13713 = ( GEOMETRIC_REPRESENTATION_CONTEXT(2) 
PARAMETRIC_REPRESENTATION_CONTEXT() REPRESENTATION_CONTEXT('2D SPACE',''
  ) );
#13714 = PCURVE('',#6733,#13715);
#13715 = DEFINITIONAL_REPRESENTATION('',(#13716),#13724);
#13716 = ( BOUNDED_CURVE() B_SPLINE_CURVE(2,(#13717,#13718,#13719,#13720
    ,#13721,#13722,#13723),.UNSPECIFIED.,.T.,.F.) 
B_SPLINE_CURVE_WITH_KNOTS((1,2,2,2,2,1),(-2.094395102393,0.,
    2.094395102393,4.188790204786,6.28318530718,8.377580409573),
.UNSPECIFIED.) CURVE() GEOMETRIC_REPRESENTATION_ITEM() 
RATIONAL_B_SPLINE_CURVE((1.,0.5,1.,0.5,1.,0.5,1.)) REPRESENTATION_ITEM(
  '') );
#13717 = CARTESIAN_POINT('',(181.492,-60.3885));
#13718 = CARTESIAN_POINT('',(178.52239889042,-60.3885));
#13719 = CARTESIAN_POINT('',(180.00719944521,-57.81675));
#13720 = CARTESIAN_POINT('',(181.492,-55.245));
#13721 = CARTESIAN_POINT('',(182.97680055478,-57.81675));
#13722 = CARTESIAN_POINT('',(184.46160110957,-60.3885));
#13723 = CARTESIAN_POINT('',(181.492,-60.3885));
#13724 = ( GEOMETRIC_REPRESENTATION_CONTEXT(2) 
PARAMETRIC_REPRESENTATION_CONTEXT() REPRESENTATION_CONTEXT('2D SPACE',''
  ) );
#13725 = ADVANCED_FACE('',(#13726),#4474,.F.);
#13726 = FACE_BOUND('',#13727,.F.);
#13727 = EDGE_LOOP('',(#13728,#13751,#13752,#13753));
#13728 = ORIENTED_EDGE('',*,*,#13729,.T.);
#13729 = EDGE_CURVE('',#13730,#4454,#13732,.T.);
#13730 = VERTEX_POINT('',#13731);
#13731 = CARTESIAN_POINT('',(186.992,-59.5249,0.));
#13732 = SEAM_CURVE('',#13733,(#13737,#13744),.PCURVE_S1.);
#13733 = LINE('',#13734,#13735);
#13734 = CARTESIAN_POINT('',(186.992,-59.5249,-4.6E-02));
#13735 = VECTOR('',#13736,1.);
#13736 = DIRECTION('',(0.,0.,1.));
#13737 = PCURVE('',#4474,#13738);
#13738 = DEFINITIONAL_REPRESENTATION('',(#13739),#13743);
#13739 = LINE('',#13740,#13741);
#13740 = CARTESIAN_POINT('',(0.,0.));
#13741 = VECTOR('',#13742,1.);
#13742 = DIRECTION('',(0.,-1.));
#13743 = ( GEOMETRIC_REPRESENTATION_CONTEXT(2) 
PARAMETRIC_REPRESENTATION_CONTEXT() REPRESENTATION_CONTEXT('2D SPACE',''
  ) );
#13744 = PCURVE('',#4474,#13745);
#13745 = DEFINITIONAL_REPRESENTATION('',(#13746),#13750);
#13746 = LINE('',#13747,#13748);
#13747 = CARTESIAN_POINT('',(6.28318530718,0.));
#13748 = VECTOR('',#13749,1.);
#13749 = DIRECTION('',(0.,-1.));
#13750 = ( GEOMETRIC_REPRESENTATION_CONTEXT(2) 
PARAMETRIC_REPRESENTATION_CONTEXT() REPRESENTATION_CONTEXT('2D SPACE',''
  ) );
#13751 = ORIENTED_EDGE('',*,*,#4453,.T.);
#13752 = ORIENTED_EDGE('',*,*,#13729,.F.);
#13753 = ORIENTED_EDGE('',*,*,#13754,.F.);
#13754 = EDGE_CURVE('',#13730,#13730,#13755,.T.);
#13755 = SURFACE_CURVE('',#13756,(#13761,#13768),.PCURVE_S1.);
#13756 = CIRCLE('',#13757,0.8509);
#13757 = AXIS2_PLACEMENT_3D('',#13758,#13759,#13760);
#13758 = CARTESIAN_POINT('',(186.992,-58.674,0.));
#13759 = DIRECTION('',(-0.,-0.,-1.));
#13760 = DIRECTION('',(0.,-1.,0.));
#13761 = PCURVE('',#4474,#13762);
#13762 = DEFINITIONAL_REPRESENTATION('',(#13763),#13767);
#13763 = LINE('',#13764,#13765);
#13764 = CARTESIAN_POINT('',(0.,-4.6E-02));
#13765 = VECTOR('',#13766,1.);
#13766 = DIRECTION('',(1.,0.));
#13767 = ( GEOMETRIC_REPRESENTATION_CONTEXT(2) 
PARAMETRIC_REPRESENTATION_CONTEXT() REPRESENTATION_CONTEXT('2D SPACE',''
  ) );
#13768 = PCURVE('',#6733,#13769);
#13769 = DEFINITIONAL_REPRESENTATION('',(#13770),#13778);
#13770 = ( BOUNDED_CURVE() B_SPLINE_CURVE(2,(#13771,#13772,#13773,#13774
    ,#13775,#13776,#13777),.UNSPECIFIED.,.T.,.F.) 
B_SPLINE_CURVE_WITH_KNOTS((1,2,2,2,2,1),(-2.094395102393,0.,
    2.094395102393,4.188790204786,6.28318530718,8.377580409573),
.UNSPECIFIED.) CURVE() GEOMETRIC_REPRESENTATION_ITEM() 
RATIONAL_B_SPLINE_CURVE((1.,0.5,1.,0.5,1.,0.5,1.)) REPRESENTATION_ITEM(
  '') );
#13771 = CARTESIAN_POINT('',(186.992,-59.5249));
#13772 = CARTESIAN_POINT('',(185.51819796784,-59.5249));
#13773 = CARTESIAN_POINT('',(186.25509898392,-58.24855));
#13774 = CARTESIAN_POINT('',(186.992,-56.9722));
#13775 = CARTESIAN_POINT('',(187.72890101608,-58.24855));
#13776 = CARTESIAN_POINT('',(188.46580203216,-59.5249));
#13777 = CARTESIAN_POINT('',(186.992,-59.5249));
#13778 = ( GEOMETRIC_REPRESENTATION_CONTEXT(2) 
PARAMETRIC_REPRESENTATION_CONTEXT() REPRESENTATION_CONTEXT('2D SPACE',''
  ) );
#13779 = ADVANCED_FACE('',(#13780),#4509,.F.);
#13780 = FACE_BOUND('',#13781,.F.);
#13781 = EDGE_LOOP('',(#13782,#13805,#13806,#13807));
#13782 = ORIENTED_EDGE('',*,*,#13783,.T.);
#13783 = EDGE_CURVE('',#13784,#4489,#13786,.T.);
#13784 = VERTEX_POINT('',#13785);
#13785 = CARTESIAN_POINT('',(186.712,-54.9693,0.));
#13786 = SEAM_CURVE('',#13787,(#13791,#13798),.PCURVE_S1.);
#13787 = LINE('',#13788,#13789);
#13788 = CARTESIAN_POINT('',(186.712,-54.9693,-4.6E-02));
#13789 = VECTOR('',#13790,1.);
#13790 = DIRECTION('',(0.,0.,1.));
#13791 = PCURVE('',#4509,#13792);
#13792 = DEFINITIONAL_REPRESENTATION('',(#13793),#13797);
#13793 = LINE('',#13794,#13795);
#13794 = CARTESIAN_POINT('',(0.,0.));
#13795 = VECTOR('',#13796,1.);
#13796 = DIRECTION('',(0.,-1.));
#13797 = ( GEOMETRIC_REPRESENTATION_CONTEXT(2) 
PARAMETRIC_REPRESENTATION_CONTEXT() REPRESENTATION_CONTEXT('2D SPACE',''
  ) );
#13798 = PCURVE('',#4509,#13799);
#13799 = DEFINITIONAL_REPRESENTATION('',(#13800),#13804);
#13800 = LINE('',#13801,#13802);
#13801 = CARTESIAN_POINT('',(6.28318530718,0.));
#13802 = VECTOR('',#13803,1.);
#13803 = DIRECTION('',(0.,-1.));
#13804 = ( GEOMETRIC_REPRESENTATION_CONTEXT(2) 
PARAMETRIC_REPRESENTATION_CONTEXT() REPRESENTATION_CONTEXT('2D SPACE',''
  ) );
#13805 = ORIENTED_EDGE('',*,*,#4488,.T.);
#13806 = ORIENTED_EDGE('',*,*,#13783,.F.);
#13807 = ORIENTED_EDGE('',*,*,#13808,.F.);
#13808 = EDGE_CURVE('',#13784,#13784,#13809,.T.);
#13809 = SURFACE_CURVE('',#13810,(#13815,#13822),.PCURVE_S1.);
#13810 = CIRCLE('',#13811,0.4953);
#13811 = AXIS2_PLACEMENT_3D('',#13812,#13813,#13814);
#13812 = CARTESIAN_POINT('',(186.712,-54.474,0.));
#13813 = DIRECTION('',(-0.,-0.,-1.));
#13814 = DIRECTION('',(0.,-1.,0.));
#13815 = PCURVE('',#4509,#13816);
#13816 = DEFINITIONAL_REPRESENTATION('',(#13817),#13821);
#13817 = LINE('',#13818,#13819);
#13818 = CARTESIAN_POINT('',(0.,-4.6E-02));
#13819 = VECTOR('',#13820,1.);
#13820 = DIRECTION('',(1.,0.));
#13821 = ( GEOMETRIC_REPRESENTATION_CONTEXT(2) 
PARAMETRIC_REPRESENTATION_CONTEXT() REPRESENTATION_CONTEXT('2D SPACE',''
  ) );
#13822 = PCURVE('',#6733,#13823);
#13823 = DEFINITIONAL_REPRESENTATION('',(#13824),#13832);
#13824 = ( BOUNDED_CURVE() B_SPLINE_CURVE(2,(#13825,#13826,#13827,#13828
    ,#13829,#13830,#13831),.UNSPECIFIED.,.T.,.F.) 
B_SPLINE_CURVE_WITH_KNOTS((1,2,2,2,2,1),(-2.094395102393,0.,
    2.094395102393,4.188790204786,6.28318530718,8.377580409573),
.UNSPECIFIED.) CURVE() GEOMETRIC_REPRESENTATION_ITEM() 
RATIONAL_B_SPLINE_CURVE((1.,0.5,1.,0.5,1.,0.5,1.)) REPRESENTATION_ITEM(
  '') );
#13825 = CARTESIAN_POINT('',(186.712,-54.9693));
#13826 = CARTESIAN_POINT('',(185.85411523501,-54.9693));
#13827 = CARTESIAN_POINT('',(186.2830576175,-54.22635));
#13828 = CARTESIAN_POINT('',(186.712,-53.4834));
#13829 = CARTESIAN_POINT('',(187.14094238249,-54.22635));
#13830 = CARTESIAN_POINT('',(187.56988476498,-54.9693));
#13831 = CARTESIAN_POINT('',(186.712,-54.9693));
#13832 = ( GEOMETRIC_REPRESENTATION_CONTEXT(2) 
PARAMETRIC_REPRESENTATION_CONTEXT() REPRESENTATION_CONTEXT('2D SPACE',''
  ) );
#13833 = ADVANCED_FACE('',(#13834),#4544,.F.);
#13834 = FACE_BOUND('',#13835,.F.);
#13835 = EDGE_LOOP('',(#13836,#13859,#13860,#13861));
#13836 = ORIENTED_EDGE('',*,*,#13837,.T.);
#13837 = EDGE_CURVE('',#13838,#4524,#13840,.T.);
#13838 = VERTEX_POINT('',#13839);
#13839 = CARTESIAN_POINT('',(136.9714,-49.1904,0.));
#13840 = SEAM_CURVE('',#13841,(#13845,#13852),.PCURVE_S1.);
#13841 = LINE('',#13842,#13843);
#13842 = CARTESIAN_POINT('',(136.9714,-49.1904,-4.6E-02));
#13843 = VECTOR('',#13844,1.);
#13844 = DIRECTION('',(0.,0.,1.));
#13845 = PCURVE('',#4544,#13846);
#13846 = DEFINITIONAL_REPRESENTATION('',(#13847),#13851);
#13847 = LINE('',#13848,#13849);
#13848 = CARTESIAN_POINT('',(0.,0.));
#13849 = VECTOR('',#13850,1.);
#13850 = DIRECTION('',(0.,-1.));
#13851 = ( GEOMETRIC_REPRESENTATION_CONTEXT(2) 
PARAMETRIC_REPRESENTATION_CONTEXT() REPRESENTATION_CONTEXT('2D SPACE',''
  ) );
#13852 = PCURVE('',#4544,#13853);
#13853 = DEFINITIONAL_REPRESENTATION('',(#13854),#13858);
#13854 = LINE('',#13855,#13856);
#13855 = CARTESIAN_POINT('',(6.28318530718,0.));
#13856 = VECTOR('',#13857,1.);
#13857 = DIRECTION('',(0.,-1.));
#13858 = ( GEOMETRIC_REPRESENTATION_CONTEXT(2) 
PARAMETRIC_REPRESENTATION_CONTEXT() REPRESENTATION_CONTEXT('2D SPACE',''
  ) );
#13859 = ORIENTED_EDGE('',*,*,#4523,.T.);
#13860 = ORIENTED_EDGE('',*,*,#13837,.F.);
#13861 = ORIENTED_EDGE('',*,*,#13862,.F.);
#13862 = EDGE_CURVE('',#13838,#13838,#13863,.T.);
#13863 = SURFACE_CURVE('',#13864,(#13869,#13876),.PCURVE_S1.);
#13864 = CIRCLE('',#13865,0.4064);
#13865 = AXIS2_PLACEMENT_3D('',#13866,#13867,#13868);
#13866 = CARTESIAN_POINT('',(136.9714,-48.784,0.));
#13867 = DIRECTION('',(-0.,0.,-1.));
#13868 = DIRECTION('',(-6.993530863781E-14,-1.,0.));
#13869 = PCURVE('',#4544,#13870);
#13870 = DEFINITIONAL_REPRESENTATION('',(#13871),#13875);
#13871 = LINE('',#13872,#13873);
#13872 = CARTESIAN_POINT('',(0.,-4.6E-02));
#13873 = VECTOR('',#13874,1.);
#13874 = DIRECTION('',(1.,0.));
#13875 = ( GEOMETRIC_REPRESENTATION_CONTEXT(2) 
PARAMETRIC_REPRESENTATION_CONTEXT() REPRESENTATION_CONTEXT('2D SPACE',''
  ) );
#13876 = PCURVE('',#6733,#13877);
#13877 = DEFINITIONAL_REPRESENTATION('',(#13878),#13886);
#13878 = ( BOUNDED_CURVE() B_SPLINE_CURVE(2,(#13879,#13880,#13881,#13882
    ,#13883,#13884,#13885),.UNSPECIFIED.,.T.,.F.) 
B_SPLINE_CURVE_WITH_KNOTS((1,2,2,2,2,1),(-2.094395102393,0.,
    2.094395102393,4.188790204786,6.28318530718,8.377580409573),
.UNSPECIFIED.) CURVE() GEOMETRIC_REPRESENTATION_ITEM() 
RATIONAL_B_SPLINE_CURVE((1.,0.5,1.,0.5,1.,0.5,1.)) REPRESENTATION_ITEM(
  '') );
#13879 = CARTESIAN_POINT('',(136.9714,-49.1904));
#13880 = CARTESIAN_POINT('',(136.2674945518,-49.1904));
#13881 = CARTESIAN_POINT('',(136.6194472759,-48.5808));
#13882 = CARTESIAN_POINT('',(136.9714,-47.9712));
#13883 = CARTESIAN_POINT('',(137.32335272409,-48.5808));
#13884 = CARTESIAN_POINT('',(137.67530544819,-49.1904));
#13885 = CARTESIAN_POINT('',(136.9714,-49.1904));
#13886 = ( GEOMETRIC_REPRESENTATION_CONTEXT(2) 
PARAMETRIC_REPRESENTATION_CONTEXT() REPRESENTATION_CONTEXT('2D SPACE',''
  ) );
#13887 = ADVANCED_FACE('',(#13888),#4579,.F.);
#13888 = FACE_BOUND('',#13889,.F.);
#13889 = EDGE_LOOP('',(#13890,#13913,#13914,#13915));
#13890 = ORIENTED_EDGE('',*,*,#13891,.T.);
#13891 = EDGE_CURVE('',#13892,#4559,#13894,.T.);
#13892 = VERTEX_POINT('',#13893);
#13893 = CARTESIAN_POINT('',(136.9714,-46.6504,0.));
#13894 = SEAM_CURVE('',#13895,(#13899,#13906),.PCURVE_S1.);
#13895 = LINE('',#13896,#13897);
#13896 = CARTESIAN_POINT('',(136.9714,-46.6504,-4.6E-02));
#13897 = VECTOR('',#13898,1.);
#13898 = DIRECTION('',(0.,0.,1.));
#13899 = PCURVE('',#4579,#13900);
#13900 = DEFINITIONAL_REPRESENTATION('',(#13901),#13905);
#13901 = LINE('',#13902,#13903);
#13902 = CARTESIAN_POINT('',(0.,0.));
#13903 = VECTOR('',#13904,1.);
#13904 = DIRECTION('',(0.,-1.));
#13905 = ( GEOMETRIC_REPRESENTATION_CONTEXT(2) 
PARAMETRIC_REPRESENTATION_CONTEXT() REPRESENTATION_CONTEXT('2D SPACE',''
  ) );
#13906 = PCURVE('',#4579,#13907);
#13907 = DEFINITIONAL_REPRESENTATION('',(#13908),#13912);
#13908 = LINE('',#13909,#13910);
#13909 = CARTESIAN_POINT('',(6.28318530718,0.));
#13910 = VECTOR('',#13911,1.);
#13911 = DIRECTION('',(0.,-1.));
#13912 = ( GEOMETRIC_REPRESENTATION_CONTEXT(2) 
PARAMETRIC_REPRESENTATION_CONTEXT() REPRESENTATION_CONTEXT('2D SPACE',''
  ) );
#13913 = ORIENTED_EDGE('',*,*,#4558,.T.);
#13914 = ORIENTED_EDGE('',*,*,#13891,.F.);
#13915 = ORIENTED_EDGE('',*,*,#13916,.F.);
#13916 = EDGE_CURVE('',#13892,#13892,#13917,.T.);
#13917 = SURFACE_CURVE('',#13918,(#13923,#13930),.PCURVE_S1.);
#13918 = CIRCLE('',#13919,0.4064);
#13919 = AXIS2_PLACEMENT_3D('',#13920,#13921,#13922);
#13920 = CARTESIAN_POINT('',(136.9714,-46.244,0.));
#13921 = DIRECTION('',(-0.,0.,-1.));
#13922 = DIRECTION('',(-6.993530863781E-14,-1.,0.));
#13923 = PCURVE('',#4579,#13924);
#13924 = DEFINITIONAL_REPRESENTATION('',(#13925),#13929);
#13925 = LINE('',#13926,#13927);
#13926 = CARTESIAN_POINT('',(0.,-4.6E-02));
#13927 = VECTOR('',#13928,1.);
#13928 = DIRECTION('',(1.,0.));
#13929 = ( GEOMETRIC_REPRESENTATION_CONTEXT(2) 
PARAMETRIC_REPRESENTATION_CONTEXT() REPRESENTATION_CONTEXT('2D SPACE',''
  ) );
#13930 = PCURVE('',#6733,#13931);
#13931 = DEFINITIONAL_REPRESENTATION('',(#13932),#13940);
#13932 = ( BOUNDED_CURVE() B_SPLINE_CURVE(2,(#13933,#13934,#13935,#13936
    ,#13937,#13938,#13939),.UNSPECIFIED.,.T.,.F.) 
B_SPLINE_CURVE_WITH_KNOTS((1,2,2,2,2,1),(-2.094395102393,0.,
    2.094395102393,4.188790204786,6.28318530718,8.377580409573),
.UNSPECIFIED.) CURVE() GEOMETRIC_REPRESENTATION_ITEM() 
RATIONAL_B_SPLINE_CURVE((1.,0.5,1.,0.5,1.,0.5,1.)) REPRESENTATION_ITEM(
  '') );
#13933 = CARTESIAN_POINT('',(136.9714,-46.6504));
#13934 = CARTESIAN_POINT('',(136.2674945518,-46.6504));
#13935 = CARTESIAN_POINT('',(136.6194472759,-46.0408));
#13936 = CARTESIAN_POINT('',(136.9714,-45.4312));
#13937 = CARTESIAN_POINT('',(137.32335272409,-46.0408));
#13938 = CARTESIAN_POINT('',(137.67530544819,-46.6504));
#13939 = CARTESIAN_POINT('',(136.9714,-46.6504));
#13940 = ( GEOMETRIC_REPRESENTATION_CONTEXT(2) 
PARAMETRIC_REPRESENTATION_CONTEXT() REPRESENTATION_CONTEXT('2D SPACE',''
  ) );
#13941 = ADVANCED_FACE('',(#13942),#4614,.F.);
#13942 = FACE_BOUND('',#13943,.F.);
#13943 = EDGE_LOOP('',(#13944,#13967,#13968,#13969));
#13944 = ORIENTED_EDGE('',*,*,#13945,.T.);
#13945 = EDGE_CURVE('',#13946,#4594,#13948,.T.);
#13946 = VERTEX_POINT('',#13947);
#13947 = CARTESIAN_POINT('',(152.1914,-49.1904,0.));
#13948 = SEAM_CURVE('',#13949,(#13953,#13960),.PCURVE_S1.);
#13949 = LINE('',#13950,#13951);
#13950 = CARTESIAN_POINT('',(152.1914,-49.1904,-4.6E-02));
#13951 = VECTOR('',#13952,1.);
#13952 = DIRECTION('',(0.,0.,1.));
#13953 = PCURVE('',#4614,#13954);
#13954 = DEFINITIONAL_REPRESENTATION('',(#13955),#13959);
#13955 = LINE('',#13956,#13957);
#13956 = CARTESIAN_POINT('',(0.,0.));
#13957 = VECTOR('',#13958,1.);
#13958 = DIRECTION('',(0.,-1.));
#13959 = ( GEOMETRIC_REPRESENTATION_CONTEXT(2) 
PARAMETRIC_REPRESENTATION_CONTEXT() REPRESENTATION_CONTEXT('2D SPACE',''
  ) );
#13960 = PCURVE('',#4614,#13961);
#13961 = DEFINITIONAL_REPRESENTATION('',(#13962),#13966);
#13962 = LINE('',#13963,#13964);
#13963 = CARTESIAN_POINT('',(6.28318530718,0.));
#13964 = VECTOR('',#13965,1.);
#13965 = DIRECTION('',(0.,-1.));
#13966 = ( GEOMETRIC_REPRESENTATION_CONTEXT(2) 
PARAMETRIC_REPRESENTATION_CONTEXT() REPRESENTATION_CONTEXT('2D SPACE',''
  ) );
#13967 = ORIENTED_EDGE('',*,*,#4593,.T.);
#13968 = ORIENTED_EDGE('',*,*,#13945,.F.);
#13969 = ORIENTED_EDGE('',*,*,#13970,.F.);
#13970 = EDGE_CURVE('',#13946,#13946,#13971,.T.);
#13971 = SURFACE_CURVE('',#13972,(#13977,#13984),.PCURVE_S1.);
#13972 = CIRCLE('',#13973,0.4064);
#13973 = AXIS2_PLACEMENT_3D('',#13974,#13975,#13976);
#13974 = CARTESIAN_POINT('',(152.1914,-48.784,0.));
#13975 = DIRECTION('',(-0.,-0.,-1.));
#13976 = DIRECTION('',(0.,-1.,0.));
#13977 = PCURVE('',#4614,#13978);
#13978 = DEFINITIONAL_REPRESENTATION('',(#13979),#13983);
#13979 = LINE('',#13980,#13981);
#13980 = CARTESIAN_POINT('',(0.,-4.6E-02));
#13981 = VECTOR('',#13982,1.);
#13982 = DIRECTION('',(1.,0.));
#13983 = ( GEOMETRIC_REPRESENTATION_CONTEXT(2) 
PARAMETRIC_REPRESENTATION_CONTEXT() REPRESENTATION_CONTEXT('2D SPACE',''
  ) );
#13984 = PCURVE('',#6733,#13985);
#13985 = DEFINITIONAL_REPRESENTATION('',(#13986),#13994);
#13986 = ( BOUNDED_CURVE() B_SPLINE_CURVE(2,(#13987,#13988,#13989,#13990
    ,#13991,#13992,#13993),.UNSPECIFIED.,.T.,.F.) 
B_SPLINE_CURVE_WITH_KNOTS((1,2,2,2,2,1),(-2.094395102393,0.,
    2.094395102393,4.188790204786,6.28318530718,8.377580409573),
.UNSPECIFIED.) CURVE() GEOMETRIC_REPRESENTATION_ITEM() 
RATIONAL_B_SPLINE_CURVE((1.,0.5,1.,0.5,1.,0.5,1.)) REPRESENTATION_ITEM(
  '') );
#13987 = CARTESIAN_POINT('',(152.1914,-49.1904));
#13988 = CARTESIAN_POINT('',(151.4874945518,-49.1904));
#13989 = CARTESIAN_POINT('',(151.8394472759,-48.5808));
#13990 = CARTESIAN_POINT('',(152.1914,-47.9712));
#13991 = CARTESIAN_POINT('',(152.54335272409,-48.5808));
#13992 = CARTESIAN_POINT('',(152.89530544819,-49.1904));
#13993 = CARTESIAN_POINT('',(152.1914,-49.1904));
#13994 = ( GEOMETRIC_REPRESENTATION_CONTEXT(2) 
PARAMETRIC_REPRESENTATION_CONTEXT() REPRESENTATION_CONTEXT('2D SPACE',''
  ) );
#13995 = ADVANCED_FACE('',(#13996),#4649,.F.);
#13996 = FACE_BOUND('',#13997,.F.);
#13997 = EDGE_LOOP('',(#13998,#14021,#14022,#14023));
#13998 = ORIENTED_EDGE('',*,*,#13999,.T.);
#13999 = EDGE_CURVE('',#14000,#4629,#14002,.T.);
#14000 = VERTEX_POINT('',#14001);
#14001 = CARTESIAN_POINT('',(152.1914,-46.6504,0.));
#14002 = SEAM_CURVE('',#14003,(#14007,#14014),.PCURVE_S1.);
#14003 = LINE('',#14004,#14005);
#14004 = CARTESIAN_POINT('',(152.1914,-46.6504,-4.6E-02));
#14005 = VECTOR('',#14006,1.);
#14006 = DIRECTION('',(0.,0.,1.));
#14007 = PCURVE('',#4649,#14008);
#14008 = DEFINITIONAL_REPRESENTATION('',(#14009),#14013);
#14009 = LINE('',#14010,#14011);
#14010 = CARTESIAN_POINT('',(0.,0.));
#14011 = VECTOR('',#14012,1.);
#14012 = DIRECTION('',(0.,-1.));
#14013 = ( GEOMETRIC_REPRESENTATION_CONTEXT(2) 
PARAMETRIC_REPRESENTATION_CONTEXT() REPRESENTATION_CONTEXT('2D SPACE',''
  ) );
#14014 = PCURVE('',#4649,#14015);
#14015 = DEFINITIONAL_REPRESENTATION('',(#14016),#14020);
#14016 = LINE('',#14017,#14018);
#14017 = CARTESIAN_POINT('',(6.28318530718,0.));
#14018 = VECTOR('',#14019,1.);
#14019 = DIRECTION('',(0.,-1.));
#14020 = ( GEOMETRIC_REPRESENTATION_CONTEXT(2) 
PARAMETRIC_REPRESENTATION_CONTEXT() REPRESENTATION_CONTEXT('2D SPACE',''
  ) );
#14021 = ORIENTED_EDGE('',*,*,#4628,.T.);
#14022 = ORIENTED_EDGE('',*,*,#13999,.F.);
#14023 = ORIENTED_EDGE('',*,*,#14024,.F.);
#14024 = EDGE_CURVE('',#14000,#14000,#14025,.T.);
#14025 = SURFACE_CURVE('',#14026,(#14031,#14038),.PCURVE_S1.);
#14026 = CIRCLE('',#14027,0.4064);
#14027 = AXIS2_PLACEMENT_3D('',#14028,#14029,#14030);
#14028 = CARTESIAN_POINT('',(152.1914,-46.244,0.));
#14029 = DIRECTION('',(-0.,-0.,-1.));
#14030 = DIRECTION('',(0.,-1.,0.));
#14031 = PCURVE('',#4649,#14032);
#14032 = DEFINITIONAL_REPRESENTATION('',(#14033),#14037);
#14033 = LINE('',#14034,#14035);
#14034 = CARTESIAN_POINT('',(0.,-4.6E-02));
#14035 = VECTOR('',#14036,1.);
#14036 = DIRECTION('',(1.,0.));
#14037 = ( GEOMETRIC_REPRESENTATION_CONTEXT(2) 
PARAMETRIC_REPRESENTATION_CONTEXT() REPRESENTATION_CONTEXT('2D SPACE',''
  ) );
#14038 = PCURVE('',#6733,#14039);
#14039 = DEFINITIONAL_REPRESENTATION('',(#14040),#14048);
#14040 = ( BOUNDED_CURVE() B_SPLINE_CURVE(2,(#14041,#14042,#14043,#14044
    ,#14045,#14046,#14047),.UNSPECIFIED.,.T.,.F.) 
B_SPLINE_CURVE_WITH_KNOTS((1,2,2,2,2,1),(-2.094395102393,0.,
    2.094395102393,4.188790204786,6.28318530718,8.377580409573),
.UNSPECIFIED.) CURVE() GEOMETRIC_REPRESENTATION_ITEM() 
RATIONAL_B_SPLINE_CURVE((1.,0.5,1.,0.5,1.,0.5,1.)) REPRESENTATION_ITEM(
  '') );
#14041 = CARTESIAN_POINT('',(152.1914,-46.6504));
#14042 = CARTESIAN_POINT('',(151.4874945518,-46.6504));
#14043 = CARTESIAN_POINT('',(151.8394472759,-46.0408));
#14044 = CARTESIAN_POINT('',(152.1914,-45.4312));
#14045 = CARTESIAN_POINT('',(152.54335272409,-46.0408));
#14046 = CARTESIAN_POINT('',(152.89530544819,-46.6504));
#14047 = CARTESIAN_POINT('',(152.1914,-46.6504));
#14048 = ( GEOMETRIC_REPRESENTATION_CONTEXT(2) 
PARAMETRIC_REPRESENTATION_CONTEXT() REPRESENTATION_CONTEXT('2D SPACE',''
  ) );
#14049 = ADVANCED_FACE('',(#14050),#4684,.F.);
#14050 = FACE_BOUND('',#14051,.F.);
#14051 = EDGE_LOOP('',(#14052,#14075,#14076,#14077));
#14052 = ORIENTED_EDGE('',*,*,#14053,.T.);
#14053 = EDGE_CURVE('',#14054,#4664,#14056,.T.);
#14054 = VERTEX_POINT('',#14055);
#14055 = CARTESIAN_POINT('',(163.478,-50.759,0.));
#14056 = SEAM_CURVE('',#14057,(#14061,#14068),.PCURVE_S1.);
#14057 = LINE('',#14058,#14059);
#14058 = CARTESIAN_POINT('',(163.478,-50.759,-4.6E-02));
#14059 = VECTOR('',#14060,1.);
#14060 = DIRECTION('',(0.,0.,1.));
#14061 = PCURVE('',#4684,#14062);
#14062 = DEFINITIONAL_REPRESENTATION('',(#14063),#14067);
#14063 = LINE('',#14064,#14065);
#14064 = CARTESIAN_POINT('',(0.,0.));
#14065 = VECTOR('',#14066,1.);
#14066 = DIRECTION('',(0.,-1.));
#14067 = ( GEOMETRIC_REPRESENTATION_CONTEXT(2) 
PARAMETRIC_REPRESENTATION_CONTEXT() REPRESENTATION_CONTEXT('2D SPACE',''
  ) );
#14068 = PCURVE('',#4684,#14069);
#14069 = DEFINITIONAL_REPRESENTATION('',(#14070),#14074);
#14070 = LINE('',#14071,#14072);
#14071 = CARTESIAN_POINT('',(6.28318530718,0.));
#14072 = VECTOR('',#14073,1.);
#14073 = DIRECTION('',(0.,-1.));
#14074 = ( GEOMETRIC_REPRESENTATION_CONTEXT(2) 
PARAMETRIC_REPRESENTATION_CONTEXT() REPRESENTATION_CONTEXT('2D SPACE',''
  ) );
#14075 = ORIENTED_EDGE('',*,*,#4663,.T.);
#14076 = ORIENTED_EDGE('',*,*,#14053,.F.);
#14077 = ORIENTED_EDGE('',*,*,#14078,.F.);
#14078 = EDGE_CURVE('',#14054,#14054,#14079,.T.);
#14079 = SURFACE_CURVE('',#14080,(#14085,#14092),.PCURVE_S1.);
#14080 = CIRCLE('',#14081,0.635);
#14081 = AXIS2_PLACEMENT_3D('',#14082,#14083,#14084);
#14082 = CARTESIAN_POINT('',(163.478,-50.124,0.));
#14083 = DIRECTION('',(-0.,-0.,-1.));
#14084 = DIRECTION('',(0.,-1.,0.));
#14085 = PCURVE('',#4684,#14086);
#14086 = DEFINITIONAL_REPRESENTATION('',(#14087),#14091);
#14087 = LINE('',#14088,#14089);
#14088 = CARTESIAN_POINT('',(0.,-4.6E-02));
#14089 = VECTOR('',#14090,1.);
#14090 = DIRECTION('',(1.,0.));
#14091 = ( GEOMETRIC_REPRESENTATION_CONTEXT(2) 
PARAMETRIC_REPRESENTATION_CONTEXT() REPRESENTATION_CONTEXT('2D SPACE',''
  ) );
#14092 = PCURVE('',#6733,#14093);
#14093 = DEFINITIONAL_REPRESENTATION('',(#14094),#14102);
#14094 = ( BOUNDED_CURVE() B_SPLINE_CURVE(2,(#14095,#14096,#14097,#14098
    ,#14099,#14100,#14101),.UNSPECIFIED.,.T.,.F.) 
B_SPLINE_CURVE_WITH_KNOTS((1,2,2,2,2,1),(-2.094395102393,0.,
    2.094395102393,4.188790204786,6.28318530718,8.377580409573),
.UNSPECIFIED.) CURVE() GEOMETRIC_REPRESENTATION_ITEM() 
RATIONAL_B_SPLINE_CURVE((1.,0.5,1.,0.5,1.,0.5,1.)) REPRESENTATION_ITEM(
  '') );
#14095 = CARTESIAN_POINT('',(163.478,-50.759));
#14096 = CARTESIAN_POINT('',(162.37814773719,-50.759));
#14097 = CARTESIAN_POINT('',(162.92807386859,-49.8065));
#14098 = CARTESIAN_POINT('',(163.478,-48.854));
#14099 = CARTESIAN_POINT('',(164.0279261314,-49.8065));
#14100 = CARTESIAN_POINT('',(164.5778522628,-50.759));
#14101 = CARTESIAN_POINT('',(163.478,-50.759));
#14102 = ( GEOMETRIC_REPRESENTATION_CONTEXT(2) 
PARAMETRIC_REPRESENTATION_CONTEXT() REPRESENTATION_CONTEXT('2D SPACE',''
  ) );
#14103 = ADVANCED_FACE('',(#14104),#4719,.F.);
#14104 = FACE_BOUND('',#14105,.F.);
#14105 = EDGE_LOOP('',(#14106,#14129,#14130,#14131));
#14106 = ORIENTED_EDGE('',*,*,#14107,.T.);
#14107 = EDGE_CURVE('',#14108,#4699,#14110,.T.);
#14108 = VERTEX_POINT('',#14109);
#14109 = CARTESIAN_POINT('',(158.478,-48.659,0.));
#14110 = SEAM_CURVE('',#14111,(#14115,#14122),.PCURVE_S1.);
#14111 = LINE('',#14112,#14113);
#14112 = CARTESIAN_POINT('',(158.478,-48.659,-4.6E-02));
#14113 = VECTOR('',#14114,1.);
#14114 = DIRECTION('',(0.,0.,1.));
#14115 = PCURVE('',#4719,#14116);
#14116 = DEFINITIONAL_REPRESENTATION('',(#14117),#14121);
#14117 = LINE('',#14118,#14119);
#14118 = CARTESIAN_POINT('',(0.,0.));
#14119 = VECTOR('',#14120,1.);
#14120 = DIRECTION('',(0.,-1.));
#14121 = ( GEOMETRIC_REPRESENTATION_CONTEXT(2) 
PARAMETRIC_REPRESENTATION_CONTEXT() REPRESENTATION_CONTEXT('2D SPACE',''
  ) );
#14122 = PCURVE('',#4719,#14123);
#14123 = DEFINITIONAL_REPRESENTATION('',(#14124),#14128);
#14124 = LINE('',#14125,#14126);
#14125 = CARTESIAN_POINT('',(6.28318530718,0.));
#14126 = VECTOR('',#14127,1.);
#14127 = DIRECTION('',(0.,-1.));
#14128 = ( GEOMETRIC_REPRESENTATION_CONTEXT(2) 
PARAMETRIC_REPRESENTATION_CONTEXT() REPRESENTATION_CONTEXT('2D SPACE',''
  ) );
#14129 = ORIENTED_EDGE('',*,*,#4698,.T.);
#14130 = ORIENTED_EDGE('',*,*,#14107,.F.);
#14131 = ORIENTED_EDGE('',*,*,#14132,.F.);
#14132 = EDGE_CURVE('',#14108,#14108,#14133,.T.);
#14133 = SURFACE_CURVE('',#14134,(#14139,#14146),.PCURVE_S1.);
#14134 = CIRCLE('',#14135,0.635);
#14135 = AXIS2_PLACEMENT_3D('',#14136,#14137,#14138);
#14136 = CARTESIAN_POINT('',(158.478,-48.024,0.));
#14137 = DIRECTION('',(-0.,-0.,-1.));
#14138 = DIRECTION('',(0.,-1.,0.));
#14139 = PCURVE('',#4719,#14140);
#14140 = DEFINITIONAL_REPRESENTATION('',(#14141),#14145);
#14141 = LINE('',#14142,#14143);
#14142 = CARTESIAN_POINT('',(0.,-4.6E-02));
#14143 = VECTOR('',#14144,1.);
#14144 = DIRECTION('',(1.,0.));
#14145 = ( GEOMETRIC_REPRESENTATION_CONTEXT(2) 
PARAMETRIC_REPRESENTATION_CONTEXT() REPRESENTATION_CONTEXT('2D SPACE',''
  ) );
#14146 = PCURVE('',#6733,#14147);
#14147 = DEFINITIONAL_REPRESENTATION('',(#14148),#14156);
#14148 = ( BOUNDED_CURVE() B_SPLINE_CURVE(2,(#14149,#14150,#14151,#14152
    ,#14153,#14154,#14155),.UNSPECIFIED.,.T.,.F.) 
B_SPLINE_CURVE_WITH_KNOTS((1,2,2,2,2,1),(-2.094395102393,0.,
    2.094395102393,4.188790204786,6.28318530718,8.377580409573),
.UNSPECIFIED.) CURVE() GEOMETRIC_REPRESENTATION_ITEM() 
RATIONAL_B_SPLINE_CURVE((1.,0.5,1.,0.5,1.,0.5,1.)) REPRESENTATION_ITEM(
  '') );
#14149 = CARTESIAN_POINT('',(158.478,-48.659));
#14150 = CARTESIAN_POINT('',(157.37814773719,-48.659));
#14151 = CARTESIAN_POINT('',(157.92807386859,-47.7065));
#14152 = CARTESIAN_POINT('',(158.478,-46.754));
#14153 = CARTESIAN_POINT('',(159.0279261314,-47.7065));
#14154 = CARTESIAN_POINT('',(159.5778522628,-48.659));
#14155 = CARTESIAN_POINT('',(158.478,-48.659));
#14156 = ( GEOMETRIC_REPRESENTATION_CONTEXT(2) 
PARAMETRIC_REPRESENTATION_CONTEXT() REPRESENTATION_CONTEXT('2D SPACE',''
  ) );
#14157 = ADVANCED_FACE('',(#14158),#4754,.F.);
#14158 = FACE_BOUND('',#14159,.F.);
#14159 = EDGE_LOOP('',(#14160,#14183,#14184,#14185));
#14160 = ORIENTED_EDGE('',*,*,#14161,.T.);
#14161 = EDGE_CURVE('',#14162,#4734,#14164,.T.);
#14162 = VERTEX_POINT('',#14163);
#14163 = CARTESIAN_POINT('',(157.978,-45.0749,0.));
#14164 = SEAM_CURVE('',#14165,(#14169,#14176),.PCURVE_S1.);
#14165 = LINE('',#14166,#14167);
#14166 = CARTESIAN_POINT('',(157.978,-45.0749,-4.6E-02));
#14167 = VECTOR('',#14168,1.);
#14168 = DIRECTION('',(0.,0.,1.));
#14169 = PCURVE('',#4754,#14170);
#14170 = DEFINITIONAL_REPRESENTATION('',(#14171),#14175);
#14171 = LINE('',#14172,#14173);
#14172 = CARTESIAN_POINT('',(0.,0.));
#14173 = VECTOR('',#14174,1.);
#14174 = DIRECTION('',(0.,-1.));
#14175 = ( GEOMETRIC_REPRESENTATION_CONTEXT(2) 
PARAMETRIC_REPRESENTATION_CONTEXT() REPRESENTATION_CONTEXT('2D SPACE',''
  ) );
#14176 = PCURVE('',#4754,#14177);
#14177 = DEFINITIONAL_REPRESENTATION('',(#14178),#14182);
#14178 = LINE('',#14179,#14180);
#14179 = CARTESIAN_POINT('',(6.28318530718,0.));
#14180 = VECTOR('',#14181,1.);
#14181 = DIRECTION('',(0.,-1.));
#14182 = ( GEOMETRIC_REPRESENTATION_CONTEXT(2) 
PARAMETRIC_REPRESENTATION_CONTEXT() REPRESENTATION_CONTEXT('2D SPACE',''
  ) );
#14183 = ORIENTED_EDGE('',*,*,#4733,.T.);
#14184 = ORIENTED_EDGE('',*,*,#14161,.F.);
#14185 = ORIENTED_EDGE('',*,*,#14186,.F.);
#14186 = EDGE_CURVE('',#14162,#14162,#14187,.T.);
#14187 = SURFACE_CURVE('',#14188,(#14193,#14200),.PCURVE_S1.);
#14188 = CIRCLE('',#14189,0.8509);
#14189 = AXIS2_PLACEMENT_3D('',#14190,#14191,#14192);
#14190 = CARTESIAN_POINT('',(157.978,-44.224,0.));
#14191 = DIRECTION('',(-0.,-0.,-1.));
#14192 = DIRECTION('',(0.,-1.,0.));
#14193 = PCURVE('',#4754,#14194);
#14194 = DEFINITIONAL_REPRESENTATION('',(#14195),#14199);
#14195 = LINE('',#14196,#14197);
#14196 = CARTESIAN_POINT('',(0.,-4.6E-02));
#14197 = VECTOR('',#14198,1.);
#14198 = DIRECTION('',(1.,0.));
#14199 = ( GEOMETRIC_REPRESENTATION_CONTEXT(2) 
PARAMETRIC_REPRESENTATION_CONTEXT() REPRESENTATION_CONTEXT('2D SPACE',''
  ) );
#14200 = PCURVE('',#6733,#14201);
#14201 = DEFINITIONAL_REPRESENTATION('',(#14202),#14210);
#14202 = ( BOUNDED_CURVE() B_SPLINE_CURVE(2,(#14203,#14204,#14205,#14206
    ,#14207,#14208,#14209),.UNSPECIFIED.,.T.,.F.) 
B_SPLINE_CURVE_WITH_KNOTS((1,2,2,2,2,1),(-2.094395102393,0.,
    2.094395102393,4.188790204786,6.28318530718,8.377580409573),
.UNSPECIFIED.) CURVE() GEOMETRIC_REPRESENTATION_ITEM() 
RATIONAL_B_SPLINE_CURVE((1.,0.5,1.,0.5,1.,0.5,1.)) REPRESENTATION_ITEM(
  '') );
#14203 = CARTESIAN_POINT('',(157.978,-45.0749));
#14204 = CARTESIAN_POINT('',(156.50419796784,-45.0749));
#14205 = CARTESIAN_POINT('',(157.24109898392,-43.79855));
#14206 = CARTESIAN_POINT('',(157.978,-42.5222));
#14207 = CARTESIAN_POINT('',(158.71490101608,-43.79855));
#14208 = CARTESIAN_POINT('',(159.45180203216,-45.0749));
#14209 = CARTESIAN_POINT('',(157.978,-45.0749));
#14210 = ( GEOMETRIC_REPRESENTATION_CONTEXT(2) 
PARAMETRIC_REPRESENTATION_CONTEXT() REPRESENTATION_CONTEXT('2D SPACE',''
  ) );
#14211 = ADVANCED_FACE('',(#14212),#4789,.F.);
#14212 = FACE_BOUND('',#14213,.F.);
#14213 = EDGE_LOOP('',(#14214,#14237,#14238,#14239));
#14214 = ORIENTED_EDGE('',*,*,#14215,.T.);
#14215 = EDGE_CURVE('',#14216,#4769,#14218,.T.);
#14216 = VERTEX_POINT('',#14217);
#14217 = CARTESIAN_POINT('',(163.478,-45.9385,0.));
#14218 = SEAM_CURVE('',#14219,(#14223,#14230),.PCURVE_S1.);
#14219 = LINE('',#14220,#14221);
#14220 = CARTESIAN_POINT('',(163.478,-45.9385,-4.6E-02));
#14221 = VECTOR('',#14222,1.);
#14222 = DIRECTION('',(0.,0.,1.));
#14223 = PCURVE('',#4789,#14224);
#14224 = DEFINITIONAL_REPRESENTATION('',(#14225),#14229);
#14225 = LINE('',#14226,#14227);
#14226 = CARTESIAN_POINT('',(0.,0.));
#14227 = VECTOR('',#14228,1.);
#14228 = DIRECTION('',(0.,-1.));
#14229 = ( GEOMETRIC_REPRESENTATION_CONTEXT(2) 
PARAMETRIC_REPRESENTATION_CONTEXT() REPRESENTATION_CONTEXT('2D SPACE',''
  ) );
#14230 = PCURVE('',#4789,#14231);
#14231 = DEFINITIONAL_REPRESENTATION('',(#14232),#14236);
#14232 = LINE('',#14233,#14234);
#14233 = CARTESIAN_POINT('',(6.28318530718,0.));
#14234 = VECTOR('',#14235,1.);
#14235 = DIRECTION('',(0.,-1.));
#14236 = ( GEOMETRIC_REPRESENTATION_CONTEXT(2) 
PARAMETRIC_REPRESENTATION_CONTEXT() REPRESENTATION_CONTEXT('2D SPACE',''
  ) );
#14237 = ORIENTED_EDGE('',*,*,#4768,.T.);
#14238 = ORIENTED_EDGE('',*,*,#14215,.F.);
#14239 = ORIENTED_EDGE('',*,*,#14240,.F.);
#14240 = EDGE_CURVE('',#14216,#14216,#14241,.T.);
#14241 = SURFACE_CURVE('',#14242,(#14247,#14254),.PCURVE_S1.);
#14242 = CIRCLE('',#14243,1.7145);
#14243 = AXIS2_PLACEMENT_3D('',#14244,#14245,#14246);
#14244 = CARTESIAN_POINT('',(163.478,-44.224,0.));
#14245 = DIRECTION('',(-0.,-0.,-1.));
#14246 = DIRECTION('',(0.,-1.,0.));
#14247 = PCURVE('',#4789,#14248);
#14248 = DEFINITIONAL_REPRESENTATION('',(#14249),#14253);
#14249 = LINE('',#14250,#14251);
#14250 = CARTESIAN_POINT('',(0.,-4.6E-02));
#14251 = VECTOR('',#14252,1.);
#14252 = DIRECTION('',(1.,0.));
#14253 = ( GEOMETRIC_REPRESENTATION_CONTEXT(2) 
PARAMETRIC_REPRESENTATION_CONTEXT() REPRESENTATION_CONTEXT('2D SPACE',''
  ) );
#14254 = PCURVE('',#6733,#14255);
#14255 = DEFINITIONAL_REPRESENTATION('',(#14256),#14264);
#14256 = ( BOUNDED_CURVE() B_SPLINE_CURVE(2,(#14257,#14258,#14259,#14260
    ,#14261,#14262,#14263),.UNSPECIFIED.,.T.,.F.) 
B_SPLINE_CURVE_WITH_KNOTS((1,2,2,2,2,1),(-2.094395102393,0.,
    2.094395102393,4.188790204786,6.28318530718,8.377580409573),
.UNSPECIFIED.) CURVE() GEOMETRIC_REPRESENTATION_ITEM() 
RATIONAL_B_SPLINE_CURVE((1.,0.5,1.,0.5,1.,0.5,1.)) REPRESENTATION_ITEM(
  '') );
#14257 = CARTESIAN_POINT('',(163.478,-45.9385));
#14258 = CARTESIAN_POINT('',(160.50839889042,-45.9385));
#14259 = CARTESIAN_POINT('',(161.99319944521,-43.36675));
#14260 = CARTESIAN_POINT('',(163.478,-40.795));
#14261 = CARTESIAN_POINT('',(164.96280055478,-43.36675));
#14262 = CARTESIAN_POINT('',(166.44760110957,-45.9385));
#14263 = CARTESIAN_POINT('',(163.478,-45.9385));
#14264 = ( GEOMETRIC_REPRESENTATION_CONTEXT(2) 
PARAMETRIC_REPRESENTATION_CONTEXT() REPRESENTATION_CONTEXT('2D SPACE',''
  ) );
#14265 = ADVANCED_FACE('',(#14266),#4824,.F.);
#14266 = FACE_BOUND('',#14267,.F.);
#14267 = EDGE_LOOP('',(#14268,#14291,#14292,#14293));
#14268 = ORIENTED_EDGE('',*,*,#14269,.T.);
#14269 = EDGE_CURVE('',#14270,#4804,#14272,.T.);
#14270 = VERTEX_POINT('',#14271);
#14271 = CARTESIAN_POINT('',(158.258,-40.5193,0.));
#14272 = SEAM_CURVE('',#14273,(#14277,#14284),.PCURVE_S1.);
#14273 = LINE('',#14274,#14275);
#14274 = CARTESIAN_POINT('',(158.258,-40.5193,-4.6E-02));
#14275 = VECTOR('',#14276,1.);
#14276 = DIRECTION('',(0.,0.,1.));
#14277 = PCURVE('',#4824,#14278);
#14278 = DEFINITIONAL_REPRESENTATION('',(#14279),#14283);
#14279 = LINE('',#14280,#14281);
#14280 = CARTESIAN_POINT('',(0.,0.));
#14281 = VECTOR('',#14282,1.);
#14282 = DIRECTION('',(0.,-1.));
#14283 = ( GEOMETRIC_REPRESENTATION_CONTEXT(2) 
PARAMETRIC_REPRESENTATION_CONTEXT() REPRESENTATION_CONTEXT('2D SPACE',''
  ) );
#14284 = PCURVE('',#4824,#14285);
#14285 = DEFINITIONAL_REPRESENTATION('',(#14286),#14290);
#14286 = LINE('',#14287,#14288);
#14287 = CARTESIAN_POINT('',(6.28318530718,0.));
#14288 = VECTOR('',#14289,1.);
#14289 = DIRECTION('',(0.,-1.));
#14290 = ( GEOMETRIC_REPRESENTATION_CONTEXT(2) 
PARAMETRIC_REPRESENTATION_CONTEXT() REPRESENTATION_CONTEXT('2D SPACE',''
  ) );
#14291 = ORIENTED_EDGE('',*,*,#4803,.T.);
#14292 = ORIENTED_EDGE('',*,*,#14269,.F.);
#14293 = ORIENTED_EDGE('',*,*,#14294,.F.);
#14294 = EDGE_CURVE('',#14270,#14270,#14295,.T.);
#14295 = SURFACE_CURVE('',#14296,(#14301,#14308),.PCURVE_S1.);
#14296 = CIRCLE('',#14297,0.4953);
#14297 = AXIS2_PLACEMENT_3D('',#14298,#14299,#14300);
#14298 = CARTESIAN_POINT('',(158.258,-40.024,0.));
#14299 = DIRECTION('',(0.,-0.,-1.));
#14300 = DIRECTION('',(5.738281734384E-14,-1.,0.));
#14301 = PCURVE('',#4824,#14302);
#14302 = DEFINITIONAL_REPRESENTATION('',(#14303),#14307);
#14303 = LINE('',#14304,#14305);
#14304 = CARTESIAN_POINT('',(0.,-4.6E-02));
#14305 = VECTOR('',#14306,1.);
#14306 = DIRECTION('',(1.,0.));
#14307 = ( GEOMETRIC_REPRESENTATION_CONTEXT(2) 
PARAMETRIC_REPRESENTATION_CONTEXT() REPRESENTATION_CONTEXT('2D SPACE',''
  ) );
#14308 = PCURVE('',#6733,#14309);
#14309 = DEFINITIONAL_REPRESENTATION('',(#14310),#14318);
#14310 = ( BOUNDED_CURVE() B_SPLINE_CURVE(2,(#14311,#14312,#14313,#14314
    ,#14315,#14316,#14317),.UNSPECIFIED.,.T.,.F.) 
B_SPLINE_CURVE_WITH_KNOTS((1,2,2,2,2,1),(-2.094395102393,0.,
    2.094395102393,4.188790204786,6.28318530718,8.377580409573),
.UNSPECIFIED.) CURVE() GEOMETRIC_REPRESENTATION_ITEM() 
RATIONAL_B_SPLINE_CURVE((1.,0.5,1.,0.5,1.,0.5,1.)) REPRESENTATION_ITEM(
  '') );
#14311 = CARTESIAN_POINT('',(158.258,-40.5193));
#14312 = CARTESIAN_POINT('',(157.40011523501,-40.5193));
#14313 = CARTESIAN_POINT('',(157.8290576175,-39.77635));
#14314 = CARTESIAN_POINT('',(158.258,-39.0334));
#14315 = CARTESIAN_POINT('',(158.68694238249,-39.77635));
#14316 = CARTESIAN_POINT('',(159.11588476498,-40.5193));
#14317 = CARTESIAN_POINT('',(158.258,-40.5193));
#14318 = ( GEOMETRIC_REPRESENTATION_CONTEXT(2) 
PARAMETRIC_REPRESENTATION_CONTEXT() REPRESENTATION_CONTEXT('2D SPACE',''
  ) );
#14319 = ADVANCED_FACE('',(#14320),#4859,.F.);
#14320 = FACE_BOUND('',#14321,.F.);
#14321 = EDGE_LOOP('',(#14322,#14345,#14346,#14347));
#14322 = ORIENTED_EDGE('',*,*,#14323,.T.);
#14323 = EDGE_CURVE('',#14324,#4839,#14326,.T.);
#14324 = VERTEX_POINT('',#14325);
#14325 = CARTESIAN_POINT('',(168.978,-45.0749,0.));
#14326 = SEAM_CURVE('',#14327,(#14331,#14338),.PCURVE_S1.);
#14327 = LINE('',#14328,#14329);
#14328 = CARTESIAN_POINT('',(168.978,-45.0749,-4.6E-02));
#14329 = VECTOR('',#14330,1.);
#14330 = DIRECTION('',(0.,0.,1.));
#14331 = PCURVE('',#4859,#14332);
#14332 = DEFINITIONAL_REPRESENTATION('',(#14333),#14337);
#14333 = LINE('',#14334,#14335);
#14334 = CARTESIAN_POINT('',(0.,0.));
#14335 = VECTOR('',#14336,1.);
#14336 = DIRECTION('',(0.,-1.));
#14337 = ( GEOMETRIC_REPRESENTATION_CONTEXT(2) 
PARAMETRIC_REPRESENTATION_CONTEXT() REPRESENTATION_CONTEXT('2D SPACE',''
  ) );
#14338 = PCURVE('',#4859,#14339);
#14339 = DEFINITIONAL_REPRESENTATION('',(#14340),#14344);
#14340 = LINE('',#14341,#14342);
#14341 = CARTESIAN_POINT('',(6.28318530718,0.));
#14342 = VECTOR('',#14343,1.);
#14343 = DIRECTION('',(0.,-1.));
#14344 = ( GEOMETRIC_REPRESENTATION_CONTEXT(2) 
PARAMETRIC_REPRESENTATION_CONTEXT() REPRESENTATION_CONTEXT('2D SPACE',''
  ) );
#14345 = ORIENTED_EDGE('',*,*,#4838,.T.);
#14346 = ORIENTED_EDGE('',*,*,#14323,.F.);
#14347 = ORIENTED_EDGE('',*,*,#14348,.F.);
#14348 = EDGE_CURVE('',#14324,#14324,#14349,.T.);
#14349 = SURFACE_CURVE('',#14350,(#14355,#14362),.PCURVE_S1.);
#14350 = CIRCLE('',#14351,0.8509);
#14351 = AXIS2_PLACEMENT_3D('',#14352,#14353,#14354);
#14352 = CARTESIAN_POINT('',(168.978,-44.224,0.));
#14353 = DIRECTION('',(-0.,-0.,-1.));
#14354 = DIRECTION('',(0.,-1.,0.));
#14355 = PCURVE('',#4859,#14356);
#14356 = DEFINITIONAL_REPRESENTATION('',(#14357),#14361);
#14357 = LINE('',#14358,#14359);
#14358 = CARTESIAN_POINT('',(0.,-4.6E-02));
#14359 = VECTOR('',#14360,1.);
#14360 = DIRECTION('',(1.,0.));
#14361 = ( GEOMETRIC_REPRESENTATION_CONTEXT(2) 
PARAMETRIC_REPRESENTATION_CONTEXT() REPRESENTATION_CONTEXT('2D SPACE',''
  ) );
#14362 = PCURVE('',#6733,#14363);
#14363 = DEFINITIONAL_REPRESENTATION('',(#14364),#14372);
#14364 = ( BOUNDED_CURVE() B_SPLINE_CURVE(2,(#14365,#14366,#14367,#14368
    ,#14369,#14370,#14371),.UNSPECIFIED.,.T.,.F.) 
B_SPLINE_CURVE_WITH_KNOTS((1,2,2,2,2,1),(-2.094395102393,0.,
    2.094395102393,4.188790204786,6.28318530718,8.377580409573),
.UNSPECIFIED.) CURVE() GEOMETRIC_REPRESENTATION_ITEM() 
RATIONAL_B_SPLINE_CURVE((1.,0.5,1.,0.5,1.,0.5,1.)) REPRESENTATION_ITEM(
  '') );
#14365 = CARTESIAN_POINT('',(168.978,-45.0749));
#14366 = CARTESIAN_POINT('',(167.50419796784,-45.0749));
#14367 = CARTESIAN_POINT('',(168.24109898392,-43.79855));
#14368 = CARTESIAN_POINT('',(168.978,-42.5222));
#14369 = CARTESIAN_POINT('',(169.71490101608,-43.79855));
#14370 = CARTESIAN_POINT('',(170.45180203216,-45.0749));
#14371 = CARTESIAN_POINT('',(168.978,-45.0749));
#14372 = ( GEOMETRIC_REPRESENTATION_CONTEXT(2) 
PARAMETRIC_REPRESENTATION_CONTEXT() REPRESENTATION_CONTEXT('2D SPACE',''
  ) );
#14373 = ADVANCED_FACE('',(#14374),#4894,.F.);
#14374 = FACE_BOUND('',#14375,.F.);
#14375 = EDGE_LOOP('',(#14376,#14399,#14400,#14401));
#14376 = ORIENTED_EDGE('',*,*,#14377,.T.);
#14377 = EDGE_CURVE('',#14378,#4874,#14380,.T.);
#14378 = VERTEX_POINT('',#14379);
#14379 = CARTESIAN_POINT('',(176.492,-46.159,0.));
#14380 = SEAM_CURVE('',#14381,(#14385,#14392),.PCURVE_S1.);
#14381 = LINE('',#14382,#14383);
#14382 = CARTESIAN_POINT('',(176.492,-46.159,-4.6E-02));
#14383 = VECTOR('',#14384,1.);
#14384 = DIRECTION('',(0.,0.,1.));
#14385 = PCURVE('',#4894,#14386);
#14386 = DEFINITIONAL_REPRESENTATION('',(#14387),#14391);
#14387 = LINE('',#14388,#14389);
#14388 = CARTESIAN_POINT('',(0.,0.));
#14389 = VECTOR('',#14390,1.);
#14390 = DIRECTION('',(0.,-1.));
#14391 = ( GEOMETRIC_REPRESENTATION_CONTEXT(2) 
PARAMETRIC_REPRESENTATION_CONTEXT() REPRESENTATION_CONTEXT('2D SPACE',''
  ) );
#14392 = PCURVE('',#4894,#14393);
#14393 = DEFINITIONAL_REPRESENTATION('',(#14394),#14398);
#14394 = LINE('',#14395,#14396);
#14395 = CARTESIAN_POINT('',(6.28318530718,0.));
#14396 = VECTOR('',#14397,1.);
#14397 = DIRECTION('',(0.,-1.));
#14398 = ( GEOMETRIC_REPRESENTATION_CONTEXT(2) 
PARAMETRIC_REPRESENTATION_CONTEXT() REPRESENTATION_CONTEXT('2D SPACE',''
  ) );
#14399 = ORIENTED_EDGE('',*,*,#4873,.T.);
#14400 = ORIENTED_EDGE('',*,*,#14377,.F.);
#14401 = ORIENTED_EDGE('',*,*,#14402,.F.);
#14402 = EDGE_CURVE('',#14378,#14378,#14403,.T.);
#14403 = SURFACE_CURVE('',#14404,(#14409,#14416),.PCURVE_S1.);
#14404 = CIRCLE('',#14405,0.635);
#14405 = AXIS2_PLACEMENT_3D('',#14406,#14407,#14408);
#14406 = CARTESIAN_POINT('',(176.492,-45.524,0.));
#14407 = DIRECTION('',(-0.,0.,-1.));
#14408 = DIRECTION('',(-4.475859752819E-14,-1.,0.));
#14409 = PCURVE('',#4894,#14410);
#14410 = DEFINITIONAL_REPRESENTATION('',(#14411),#14415);
#14411 = LINE('',#14412,#14413);
#14412 = CARTESIAN_POINT('',(0.,-4.6E-02));
#14413 = VECTOR('',#14414,1.);
#14414 = DIRECTION('',(1.,0.));
#14415 = ( GEOMETRIC_REPRESENTATION_CONTEXT(2) 
PARAMETRIC_REPRESENTATION_CONTEXT() REPRESENTATION_CONTEXT('2D SPACE',''
  ) );
#14416 = PCURVE('',#6733,#14417);
#14417 = DEFINITIONAL_REPRESENTATION('',(#14418),#14426);
#14418 = ( BOUNDED_CURVE() B_SPLINE_CURVE(2,(#14419,#14420,#14421,#14422
    ,#14423,#14424,#14425),.UNSPECIFIED.,.T.,.F.) 
B_SPLINE_CURVE_WITH_KNOTS((1,2,2,2,2,1),(-2.094395102393,0.,
    2.094395102393,4.188790204786,6.28318530718,8.377580409573),
.UNSPECIFIED.) CURVE() GEOMETRIC_REPRESENTATION_ITEM() 
RATIONAL_B_SPLINE_CURVE((1.,0.5,1.,0.5,1.,0.5,1.)) REPRESENTATION_ITEM(
  '') );
#14419 = CARTESIAN_POINT('',(176.492,-46.159));
#14420 = CARTESIAN_POINT('',(175.39214773719,-46.159));
#14421 = CARTESIAN_POINT('',(175.94207386859,-45.2065));
#14422 = CARTESIAN_POINT('',(176.492,-44.254));
#14423 = CARTESIAN_POINT('',(177.0419261314,-45.2065));
#14424 = CARTESIAN_POINT('',(177.5918522628,-46.159));
#14425 = CARTESIAN_POINT('',(176.492,-46.159));
#14426 = ( GEOMETRIC_REPRESENTATION_CONTEXT(2) 
PARAMETRIC_REPRESENTATION_CONTEXT() REPRESENTATION_CONTEXT('2D SPACE',''
  ) );
#14427 = ADVANCED_FACE('',(#14428),#4929,.F.);
#14428 = FACE_BOUND('',#14429,.F.);
#14429 = EDGE_LOOP('',(#14430,#14453,#14454,#14455));
#14430 = ORIENTED_EDGE('',*,*,#14431,.T.);
#14431 = EDGE_CURVE('',#14432,#4909,#14434,.T.);
#14432 = VERTEX_POINT('',#14433);
#14433 = CARTESIAN_POINT('',(175.992,-42.5749,0.));
#14434 = SEAM_CURVE('',#14435,(#14439,#14446),.PCURVE_S1.);
#14435 = LINE('',#14436,#14437);
#14436 = CARTESIAN_POINT('',(175.992,-42.5749,-4.6E-02));
#14437 = VECTOR('',#14438,1.);
#14438 = DIRECTION('',(0.,0.,1.));
#14439 = PCURVE('',#4929,#14440);
#14440 = DEFINITIONAL_REPRESENTATION('',(#14441),#14445);
#14441 = LINE('',#14442,#14443);
#14442 = CARTESIAN_POINT('',(0.,0.));
#14443 = VECTOR('',#14444,1.);
#14444 = DIRECTION('',(0.,-1.));
#14445 = ( GEOMETRIC_REPRESENTATION_CONTEXT(2) 
PARAMETRIC_REPRESENTATION_CONTEXT() REPRESENTATION_CONTEXT('2D SPACE',''
  ) );
#14446 = PCURVE('',#4929,#14447);
#14447 = DEFINITIONAL_REPRESENTATION('',(#14448),#14452);
#14448 = LINE('',#14449,#14450);
#14449 = CARTESIAN_POINT('',(6.28318530718,0.));
#14450 = VECTOR('',#14451,1.);
#14451 = DIRECTION('',(0.,-1.));
#14452 = ( GEOMETRIC_REPRESENTATION_CONTEXT(2) 
PARAMETRIC_REPRESENTATION_CONTEXT() REPRESENTATION_CONTEXT('2D SPACE',''
  ) );
#14453 = ORIENTED_EDGE('',*,*,#4908,.T.);
#14454 = ORIENTED_EDGE('',*,*,#14431,.F.);
#14455 = ORIENTED_EDGE('',*,*,#14456,.F.);
#14456 = EDGE_CURVE('',#14432,#14432,#14457,.T.);
#14457 = SURFACE_CURVE('',#14458,(#14463,#14470),.PCURVE_S1.);
#14458 = CIRCLE('',#14459,0.8509);
#14459 = AXIS2_PLACEMENT_3D('',#14460,#14461,#14462);
#14460 = CARTESIAN_POINT('',(175.992,-41.724,0.));
#14461 = DIRECTION('',(-0.,-0.,-1.));
#14462 = DIRECTION('',(0.,-1.,0.));
#14463 = PCURVE('',#4929,#14464);
#14464 = DEFINITIONAL_REPRESENTATION('',(#14465),#14469);
#14465 = LINE('',#14466,#14467);
#14466 = CARTESIAN_POINT('',(0.,-4.6E-02));
#14467 = VECTOR('',#14468,1.);
#14468 = DIRECTION('',(1.,0.));
#14469 = ( GEOMETRIC_REPRESENTATION_CONTEXT(2) 
PARAMETRIC_REPRESENTATION_CONTEXT() REPRESENTATION_CONTEXT('2D SPACE',''
  ) );
#14470 = PCURVE('',#6733,#14471);
#14471 = DEFINITIONAL_REPRESENTATION('',(#14472),#14480);
#14472 = ( BOUNDED_CURVE() B_SPLINE_CURVE(2,(#14473,#14474,#14475,#14476
    ,#14477,#14478,#14479),.UNSPECIFIED.,.T.,.F.) 
B_SPLINE_CURVE_WITH_KNOTS((1,2,2,2,2,1),(-2.094395102393,0.,
    2.094395102393,4.188790204786,6.28318530718,8.377580409573),
.UNSPECIFIED.) CURVE() GEOMETRIC_REPRESENTATION_ITEM() 
RATIONAL_B_SPLINE_CURVE((1.,0.5,1.,0.5,1.,0.5,1.)) REPRESENTATION_ITEM(
  '') );
#14473 = CARTESIAN_POINT('',(175.992,-42.5749));
#14474 = CARTESIAN_POINT('',(174.51819796784,-42.5749));
#14475 = CARTESIAN_POINT('',(175.25509898392,-41.29855));
#14476 = CARTESIAN_POINT('',(175.992,-40.0222));
#14477 = CARTESIAN_POINT('',(176.72890101608,-41.29855));
#14478 = CARTESIAN_POINT('',(177.46580203216,-42.5749));
#14479 = CARTESIAN_POINT('',(175.992,-42.5749));
#14480 = ( GEOMETRIC_REPRESENTATION_CONTEXT(2) 
PARAMETRIC_REPRESENTATION_CONTEXT() REPRESENTATION_CONTEXT('2D SPACE',''
  ) );
#14481 = ADVANCED_FACE('',(#14482),#4964,.F.);
#14482 = FACE_BOUND('',#14483,.F.);
#14483 = EDGE_LOOP('',(#14484,#14507,#14508,#14509));
#14484 = ORIENTED_EDGE('',*,*,#14485,.T.);
#14485 = EDGE_CURVE('',#14486,#4944,#14488,.T.);
#14486 = VERTEX_POINT('',#14487);
#14487 = CARTESIAN_POINT('',(181.492,-48.259,0.));
#14488 = SEAM_CURVE('',#14489,(#14493,#14500),.PCURVE_S1.);
#14489 = LINE('',#14490,#14491);
#14490 = CARTESIAN_POINT('',(181.492,-48.259,-4.6E-02));
#14491 = VECTOR('',#14492,1.);
#14492 = DIRECTION('',(0.,0.,1.));
#14493 = PCURVE('',#4964,#14494);
#14494 = DEFINITIONAL_REPRESENTATION('',(#14495),#14499);
#14495 = LINE('',#14496,#14497);
#14496 = CARTESIAN_POINT('',(0.,0.));
#14497 = VECTOR('',#14498,1.);
#14498 = DIRECTION('',(0.,-1.));
#14499 = ( GEOMETRIC_REPRESENTATION_CONTEXT(2) 
PARAMETRIC_REPRESENTATION_CONTEXT() REPRESENTATION_CONTEXT('2D SPACE',''
  ) );
#14500 = PCURVE('',#4964,#14501);
#14501 = DEFINITIONAL_REPRESENTATION('',(#14502),#14506);
#14502 = LINE('',#14503,#14504);
#14503 = CARTESIAN_POINT('',(6.28318530718,0.));
#14504 = VECTOR('',#14505,1.);
#14505 = DIRECTION('',(0.,-1.));
#14506 = ( GEOMETRIC_REPRESENTATION_CONTEXT(2) 
PARAMETRIC_REPRESENTATION_CONTEXT() REPRESENTATION_CONTEXT('2D SPACE',''
  ) );
#14507 = ORIENTED_EDGE('',*,*,#4943,.T.);
#14508 = ORIENTED_EDGE('',*,*,#14485,.F.);
#14509 = ORIENTED_EDGE('',*,*,#14510,.F.);
#14510 = EDGE_CURVE('',#14486,#14486,#14511,.T.);
#14511 = SURFACE_CURVE('',#14512,(#14517,#14524),.PCURVE_S1.);
#14512 = CIRCLE('',#14513,0.635);
#14513 = AXIS2_PLACEMENT_3D('',#14514,#14515,#14516);
#14514 = CARTESIAN_POINT('',(181.492,-47.624,0.));
#14515 = DIRECTION('',(-0.,0.,-1.));
#14516 = DIRECTION('',(-4.475859752819E-14,-1.,0.));
#14517 = PCURVE('',#4964,#14518);
#14518 = DEFINITIONAL_REPRESENTATION('',(#14519),#14523);
#14519 = LINE('',#14520,#14521);
#14520 = CARTESIAN_POINT('',(0.,-4.6E-02));
#14521 = VECTOR('',#14522,1.);
#14522 = DIRECTION('',(1.,0.));
#14523 = ( GEOMETRIC_REPRESENTATION_CONTEXT(2) 
PARAMETRIC_REPRESENTATION_CONTEXT() REPRESENTATION_CONTEXT('2D SPACE',''
  ) );
#14524 = PCURVE('',#6733,#14525);
#14525 = DEFINITIONAL_REPRESENTATION('',(#14526),#14534);
#14526 = ( BOUNDED_CURVE() B_SPLINE_CURVE(2,(#14527,#14528,#14529,#14530
    ,#14531,#14532,#14533),.UNSPECIFIED.,.T.,.F.) 
B_SPLINE_CURVE_WITH_KNOTS((1,2,2,2,2,1),(-2.094395102393,0.,
    2.094395102393,4.188790204786,6.28318530718,8.377580409573),
.UNSPECIFIED.) CURVE() GEOMETRIC_REPRESENTATION_ITEM() 
RATIONAL_B_SPLINE_CURVE((1.,0.5,1.,0.5,1.,0.5,1.)) REPRESENTATION_ITEM(
  '') );
#14527 = CARTESIAN_POINT('',(181.492,-48.259));
#14528 = CARTESIAN_POINT('',(180.39214773719,-48.259));
#14529 = CARTESIAN_POINT('',(180.94207386859,-47.3065));
#14530 = CARTESIAN_POINT('',(181.492,-46.354));
#14531 = CARTESIAN_POINT('',(182.0419261314,-47.3065));
#14532 = CARTESIAN_POINT('',(182.5918522628,-48.259));
#14533 = CARTESIAN_POINT('',(181.492,-48.259));
#14534 = ( GEOMETRIC_REPRESENTATION_CONTEXT(2) 
PARAMETRIC_REPRESENTATION_CONTEXT() REPRESENTATION_CONTEXT('2D SPACE',''
  ) );
#14535 = ADVANCED_FACE('',(#14536),#4999,.F.);
#14536 = FACE_BOUND('',#14537,.F.);
#14537 = EDGE_LOOP('',(#14538,#14561,#14562,#14563));
#14538 = ORIENTED_EDGE('',*,*,#14539,.T.);
#14539 = EDGE_CURVE('',#14540,#4979,#14542,.T.);
#14540 = VERTEX_POINT('',#14541);
#14541 = CARTESIAN_POINT('',(181.492,-43.4385,0.));
#14542 = SEAM_CURVE('',#14543,(#14547,#14554),.PCURVE_S1.);
#14543 = LINE('',#14544,#14545);
#14544 = CARTESIAN_POINT('',(181.492,-43.4385,-4.6E-02));
#14545 = VECTOR('',#14546,1.);
#14546 = DIRECTION('',(0.,0.,1.));
#14547 = PCURVE('',#4999,#14548);
#14548 = DEFINITIONAL_REPRESENTATION('',(#14549),#14553);
#14549 = LINE('',#14550,#14551);
#14550 = CARTESIAN_POINT('',(0.,0.));
#14551 = VECTOR('',#14552,1.);
#14552 = DIRECTION('',(0.,-1.));
#14553 = ( GEOMETRIC_REPRESENTATION_CONTEXT(2) 
PARAMETRIC_REPRESENTATION_CONTEXT() REPRESENTATION_CONTEXT('2D SPACE',''
  ) );
#14554 = PCURVE('',#4999,#14555);
#14555 = DEFINITIONAL_REPRESENTATION('',(#14556),#14560);
#14556 = LINE('',#14557,#14558);
#14557 = CARTESIAN_POINT('',(6.28318530718,0.));
#14558 = VECTOR('',#14559,1.);
#14559 = DIRECTION('',(0.,-1.));
#14560 = ( GEOMETRIC_REPRESENTATION_CONTEXT(2) 
PARAMETRIC_REPRESENTATION_CONTEXT() REPRESENTATION_CONTEXT('2D SPACE',''
  ) );
#14561 = ORIENTED_EDGE('',*,*,#4978,.T.);
#14562 = ORIENTED_EDGE('',*,*,#14539,.F.);
#14563 = ORIENTED_EDGE('',*,*,#14564,.F.);
#14564 = EDGE_CURVE('',#14540,#14540,#14565,.T.);
#14565 = SURFACE_CURVE('',#14566,(#14571,#14578),.PCURVE_S1.);
#14566 = CIRCLE('',#14567,1.7145);
#14567 = AXIS2_PLACEMENT_3D('',#14568,#14569,#14570);
#14568 = CARTESIAN_POINT('',(181.492,-41.724,0.));
#14569 = DIRECTION('',(-0.,0.,-1.));
#14570 = DIRECTION('',(-1.657725834378E-14,-1.,0.));
#14571 = PCURVE('',#4999,#14572);
#14572 = DEFINITIONAL_REPRESENTATION('',(#14573),#14577);
#14573 = LINE('',#14574,#14575);
#14574 = CARTESIAN_POINT('',(0.,-4.6E-02));
#14575 = VECTOR('',#14576,1.);
#14576 = DIRECTION('',(1.,0.));
#14577 = ( GEOMETRIC_REPRESENTATION_CONTEXT(2) 
PARAMETRIC_REPRESENTATION_CONTEXT() REPRESENTATION_CONTEXT('2D SPACE',''
  ) );
#14578 = PCURVE('',#6733,#14579);
#14579 = DEFINITIONAL_REPRESENTATION('',(#14580),#14588);
#14580 = ( BOUNDED_CURVE() B_SPLINE_CURVE(2,(#14581,#14582,#14583,#14584
    ,#14585,#14586,#14587),.UNSPECIFIED.,.T.,.F.) 
B_SPLINE_CURVE_WITH_KNOTS((1,2,2,2,2,1),(-2.094395102393,0.,
    2.094395102393,4.188790204786,6.28318530718,8.377580409573),
.UNSPECIFIED.) CURVE() GEOMETRIC_REPRESENTATION_ITEM() 
RATIONAL_B_SPLINE_CURVE((1.,0.5,1.,0.5,1.,0.5,1.)) REPRESENTATION_ITEM(
  '') );
#14581 = CARTESIAN_POINT('',(181.492,-43.4385));
#14582 = CARTESIAN_POINT('',(178.52239889042,-43.4385));
#14583 = CARTESIAN_POINT('',(180.00719944521,-40.86675));
#14584 = CARTESIAN_POINT('',(181.492,-38.295));
#14585 = CARTESIAN_POINT('',(182.97680055478,-40.86675));
#14586 = CARTESIAN_POINT('',(184.46160110957,-43.4385));
#14587 = CARTESIAN_POINT('',(181.492,-43.4385));
#14588 = ( GEOMETRIC_REPRESENTATION_CONTEXT(2) 
PARAMETRIC_REPRESENTATION_CONTEXT() REPRESENTATION_CONTEXT('2D SPACE',''
  ) );
#14589 = ADVANCED_FACE('',(#14590),#5034,.F.);
#14590 = FACE_BOUND('',#14591,.F.);
#14591 = EDGE_LOOP('',(#14592,#14615,#14616,#14617));
#14592 = ORIENTED_EDGE('',*,*,#14593,.T.);
#14593 = EDGE_CURVE('',#14594,#5014,#14596,.T.);
#14594 = VERTEX_POINT('',#14595);
#14595 = CARTESIAN_POINT('',(186.992,-42.5749,0.));
#14596 = SEAM_CURVE('',#14597,(#14601,#14608),.PCURVE_S1.);
#14597 = LINE('',#14598,#14599);
#14598 = CARTESIAN_POINT('',(186.992,-42.5749,-4.6E-02));
#14599 = VECTOR('',#14600,1.);
#14600 = DIRECTION('',(0.,0.,1.));
#14601 = PCURVE('',#5034,#14602);
#14602 = DEFINITIONAL_REPRESENTATION('',(#14603),#14607);
#14603 = LINE('',#14604,#14605);
#14604 = CARTESIAN_POINT('',(0.,0.));
#14605 = VECTOR('',#14606,1.);
#14606 = DIRECTION('',(0.,-1.));
#14607 = ( GEOMETRIC_REPRESENTATION_CONTEXT(2) 
PARAMETRIC_REPRESENTATION_CONTEXT() REPRESENTATION_CONTEXT('2D SPACE',''
  ) );
#14608 = PCURVE('',#5034,#14609);
#14609 = DEFINITIONAL_REPRESENTATION('',(#14610),#14614);
#14610 = LINE('',#14611,#14612);
#14611 = CARTESIAN_POINT('',(6.28318530718,0.));
#14612 = VECTOR('',#14613,1.);
#14613 = DIRECTION('',(0.,-1.));
#14614 = ( GEOMETRIC_REPRESENTATION_CONTEXT(2) 
PARAMETRIC_REPRESENTATION_CONTEXT() REPRESENTATION_CONTEXT('2D SPACE',''
  ) );
#14615 = ORIENTED_EDGE('',*,*,#5013,.T.);
#14616 = ORIENTED_EDGE('',*,*,#14593,.F.);
#14617 = ORIENTED_EDGE('',*,*,#14618,.F.);
#14618 = EDGE_CURVE('',#14594,#14594,#14619,.T.);
#14619 = SURFACE_CURVE('',#14620,(#14625,#14632),.PCURVE_S1.);
#14620 = CIRCLE('',#14621,0.8509);
#14621 = AXIS2_PLACEMENT_3D('',#14622,#14623,#14624);
#14622 = CARTESIAN_POINT('',(186.992,-41.724,0.));
#14623 = DIRECTION('',(-0.,-0.,-1.));
#14624 = DIRECTION('',(0.,-1.,0.));
#14625 = PCURVE('',#5034,#14626);
#14626 = DEFINITIONAL_REPRESENTATION('',(#14627),#14631);
#14627 = LINE('',#14628,#14629);
#14628 = CARTESIAN_POINT('',(0.,-4.6E-02));
#14629 = VECTOR('',#14630,1.);
#14630 = DIRECTION('',(1.,0.));
#14631 = ( GEOMETRIC_REPRESENTATION_CONTEXT(2) 
PARAMETRIC_REPRESENTATION_CONTEXT() REPRESENTATION_CONTEXT('2D SPACE',''
  ) );
#14632 = PCURVE('',#6733,#14633);
#14633 = DEFINITIONAL_REPRESENTATION('',(#14634),#14642);
#14634 = ( BOUNDED_CURVE() B_SPLINE_CURVE(2,(#14635,#14636,#14637,#14638
    ,#14639,#14640,#14641),.UNSPECIFIED.,.T.,.F.) 
B_SPLINE_CURVE_WITH_KNOTS((1,2,2,2,2,1),(-2.094395102393,0.,
    2.094395102393,4.188790204786,6.28318530718,8.377580409573),
.UNSPECIFIED.) CURVE() GEOMETRIC_REPRESENTATION_ITEM() 
RATIONAL_B_SPLINE_CURVE((1.,0.5,1.,0.5,1.,0.5,1.)) REPRESENTATION_ITEM(
  '') );
#14635 = CARTESIAN_POINT('',(186.992,-42.5749));
#14636 = CARTESIAN_POINT('',(185.51819796784,-42.5749));
#14637 = CARTESIAN_POINT('',(186.25509898392,-41.29855));
#14638 = CARTESIAN_POINT('',(186.992,-40.0222));
#14639 = CARTESIAN_POINT('',(187.72890101608,-41.29855));
#14640 = CARTESIAN_POINT('',(188.46580203216,-42.5749));
#14641 = CARTESIAN_POINT('',(186.992,-42.5749));
#14642 = ( GEOMETRIC_REPRESENTATION_CONTEXT(2) 
PARAMETRIC_REPRESENTATION_CONTEXT() REPRESENTATION_CONTEXT('2D SPACE',''
  ) );
#14643 = ADVANCED_FACE('',(#14644),#5069,.F.);
#14644 = FACE_BOUND('',#14645,.F.);
#14645 = EDGE_LOOP('',(#14646,#14669,#14670,#14671));
#14646 = ORIENTED_EDGE('',*,*,#14647,.T.);
#14647 = EDGE_CURVE('',#14648,#5049,#14650,.T.);
#14648 = VERTEX_POINT('',#14649);
#14649 = CARTESIAN_POINT('',(168.698,-40.5193,0.));
#14650 = SEAM_CURVE('',#14651,(#14655,#14662),.PCURVE_S1.);
#14651 = LINE('',#14652,#14653);
#14652 = CARTESIAN_POINT('',(168.698,-40.5193,-4.6E-02));
#14653 = VECTOR('',#14654,1.);
#14654 = DIRECTION('',(0.,0.,1.));
#14655 = PCURVE('',#5069,#14656);
#14656 = DEFINITIONAL_REPRESENTATION('',(#14657),#14661);
#14657 = LINE('',#14658,#14659);
#14658 = CARTESIAN_POINT('',(0.,0.));
#14659 = VECTOR('',#14660,1.);
#14660 = DIRECTION('',(0.,-1.));
#14661 = ( GEOMETRIC_REPRESENTATION_CONTEXT(2) 
PARAMETRIC_REPRESENTATION_CONTEXT() REPRESENTATION_CONTEXT('2D SPACE',''
  ) );
#14662 = PCURVE('',#5069,#14663);
#14663 = DEFINITIONAL_REPRESENTATION('',(#14664),#14668);
#14664 = LINE('',#14665,#14666);
#14665 = CARTESIAN_POINT('',(6.28318530718,0.));
#14666 = VECTOR('',#14667,1.);
#14667 = DIRECTION('',(0.,-1.));
#14668 = ( GEOMETRIC_REPRESENTATION_CONTEXT(2) 
PARAMETRIC_REPRESENTATION_CONTEXT() REPRESENTATION_CONTEXT('2D SPACE',''
  ) );
#14669 = ORIENTED_EDGE('',*,*,#5048,.T.);
#14670 = ORIENTED_EDGE('',*,*,#14647,.F.);
#14671 = ORIENTED_EDGE('',*,*,#14672,.F.);
#14672 = EDGE_CURVE('',#14648,#14648,#14673,.T.);
#14673 = SURFACE_CURVE('',#14674,(#14679,#14686),.PCURVE_S1.);
#14674 = CIRCLE('',#14675,0.4953);
#14675 = AXIS2_PLACEMENT_3D('',#14676,#14677,#14678);
#14676 = CARTESIAN_POINT('',(168.698,-40.024,0.));
#14677 = DIRECTION('',(0.,-0.,-1.));
#14678 = DIRECTION('',(5.738281734384E-14,-1.,0.));
#14679 = PCURVE('',#5069,#14680);
#14680 = DEFINITIONAL_REPRESENTATION('',(#14681),#14685);
#14681 = LINE('',#14682,#14683);
#14682 = CARTESIAN_POINT('',(0.,-4.6E-02));
#14683 = VECTOR('',#14684,1.);
#14684 = DIRECTION('',(1.,0.));
#14685 = ( GEOMETRIC_REPRESENTATION_CONTEXT(2) 
PARAMETRIC_REPRESENTATION_CONTEXT() REPRESENTATION_CONTEXT('2D SPACE',''
  ) );
#14686 = PCURVE('',#6733,#14687);
#14687 = DEFINITIONAL_REPRESENTATION('',(#14688),#14696);
#14688 = ( BOUNDED_CURVE() B_SPLINE_CURVE(2,(#14689,#14690,#14691,#14692
    ,#14693,#14694,#14695),.UNSPECIFIED.,.T.,.F.) 
B_SPLINE_CURVE_WITH_KNOTS((1,2,2,2,2,1),(-2.094395102393,0.,
    2.094395102393,4.188790204786,6.28318530718,8.377580409573),
.UNSPECIFIED.) CURVE() GEOMETRIC_REPRESENTATION_ITEM() 
RATIONAL_B_SPLINE_CURVE((1.,0.5,1.,0.5,1.,0.5,1.)) REPRESENTATION_ITEM(
  '') );
#14689 = CARTESIAN_POINT('',(168.698,-40.5193));
#14690 = CARTESIAN_POINT('',(167.84011523501,-40.5193));
#14691 = CARTESIAN_POINT('',(168.2690576175,-39.77635));
#14692 = CARTESIAN_POINT('',(168.698,-39.0334));
#14693 = CARTESIAN_POINT('',(169.12694238249,-39.77635));
#14694 = CARTESIAN_POINT('',(169.55588476498,-40.5193));
#14695 = CARTESIAN_POINT('',(168.698,-40.5193));
#14696 = ( GEOMETRIC_REPRESENTATION_CONTEXT(2) 
PARAMETRIC_REPRESENTATION_CONTEXT() REPRESENTATION_CONTEXT('2D SPACE',''
  ) );
#14697 = ADVANCED_FACE('',(#14698),#5104,.F.);
#14698 = FACE_BOUND('',#14699,.F.);
#14699 = EDGE_LOOP('',(#14700,#14723,#14724,#14725));
#14700 = ORIENTED_EDGE('',*,*,#14701,.T.);
#14701 = EDGE_CURVE('',#14702,#5084,#14704,.T.);
#14702 = VERTEX_POINT('',#14703);
#14703 = CARTESIAN_POINT('',(176.272,-38.0193,0.));
#14704 = SEAM_CURVE('',#14705,(#14709,#14716),.PCURVE_S1.);
#14705 = LINE('',#14706,#14707);
#14706 = CARTESIAN_POINT('',(176.272,-38.0193,-4.6E-02));
#14707 = VECTOR('',#14708,1.);
#14708 = DIRECTION('',(0.,0.,1.));
#14709 = PCURVE('',#5104,#14710);
#14710 = DEFINITIONAL_REPRESENTATION('',(#14711),#14715);
#14711 = LINE('',#14712,#14713);
#14712 = CARTESIAN_POINT('',(0.,0.));
#14713 = VECTOR('',#14714,1.);
#14714 = DIRECTION('',(0.,-1.));
#14715 = ( GEOMETRIC_REPRESENTATION_CONTEXT(2) 
PARAMETRIC_REPRESENTATION_CONTEXT() REPRESENTATION_CONTEXT('2D SPACE',''
  ) );
#14716 = PCURVE('',#5104,#14717);
#14717 = DEFINITIONAL_REPRESENTATION('',(#14718),#14722);
#14718 = LINE('',#14719,#14720);
#14719 = CARTESIAN_POINT('',(6.28318530718,0.));
#14720 = VECTOR('',#14721,1.);
#14721 = DIRECTION('',(0.,-1.));
#14722 = ( GEOMETRIC_REPRESENTATION_CONTEXT(2) 
PARAMETRIC_REPRESENTATION_CONTEXT() REPRESENTATION_CONTEXT('2D SPACE',''
  ) );
#14723 = ORIENTED_EDGE('',*,*,#5083,.T.);
#14724 = ORIENTED_EDGE('',*,*,#14701,.F.);
#14725 = ORIENTED_EDGE('',*,*,#14726,.F.);
#14726 = EDGE_CURVE('',#14702,#14702,#14727,.T.);
#14727 = SURFACE_CURVE('',#14728,(#14733,#14740),.PCURVE_S1.);
#14728 = CIRCLE('',#14729,0.4953);
#14729 = AXIS2_PLACEMENT_3D('',#14730,#14731,#14732);
#14730 = CARTESIAN_POINT('',(176.272,-37.524,0.));
#14731 = DIRECTION('',(-0.,-0.,-1.));
#14732 = DIRECTION('',(0.,-1.,0.));
#14733 = PCURVE('',#5104,#14734);
#14734 = DEFINITIONAL_REPRESENTATION('',(#14735),#14739);
#14735 = LINE('',#14736,#14737);
#14736 = CARTESIAN_POINT('',(0.,-4.6E-02));
#14737 = VECTOR('',#14738,1.);
#14738 = DIRECTION('',(1.,0.));
#14739 = ( GEOMETRIC_REPRESENTATION_CONTEXT(2) 
PARAMETRIC_REPRESENTATION_CONTEXT() REPRESENTATION_CONTEXT('2D SPACE',''
  ) );
#14740 = PCURVE('',#6733,#14741);
#14741 = DEFINITIONAL_REPRESENTATION('',(#14742),#14750);
#14742 = ( BOUNDED_CURVE() B_SPLINE_CURVE(2,(#14743,#14744,#14745,#14746
    ,#14747,#14748,#14749),.UNSPECIFIED.,.T.,.F.) 
B_SPLINE_CURVE_WITH_KNOTS((1,2,2,2,2,1),(-2.094395102393,0.,
    2.094395102393,4.188790204786,6.28318530718,8.377580409573),
.UNSPECIFIED.) CURVE() GEOMETRIC_REPRESENTATION_ITEM() 
RATIONAL_B_SPLINE_CURVE((1.,0.5,1.,0.5,1.,0.5,1.)) REPRESENTATION_ITEM(
  '') );
#14743 = CARTESIAN_POINT('',(176.272,-38.0193));
#14744 = CARTESIAN_POINT('',(175.41411523501,-38.0193));
#14745 = CARTESIAN_POINT('',(175.8430576175,-37.27635));
#14746 = CARTESIAN_POINT('',(176.272,-36.5334));
#14747 = CARTESIAN_POINT('',(176.70094238249,-37.27635));
#14748 = CARTESIAN_POINT('',(177.12988476498,-38.0193));
#14749 = CARTESIAN_POINT('',(176.272,-38.0193));
#14750 = ( GEOMETRIC_REPRESENTATION_CONTEXT(2) 
PARAMETRIC_REPRESENTATION_CONTEXT() REPRESENTATION_CONTEXT('2D SPACE',''
  ) );
#14751 = ADVANCED_FACE('',(#14752),#5139,.F.);
#14752 = FACE_BOUND('',#14753,.F.);
#14753 = EDGE_LOOP('',(#14754,#14777,#14778,#14779));
#14754 = ORIENTED_EDGE('',*,*,#14755,.T.);
#14755 = EDGE_CURVE('',#14756,#5119,#14758,.T.);
#14756 = VERTEX_POINT('',#14757);
#14757 = CARTESIAN_POINT('',(186.712,-38.0193,0.));
#14758 = SEAM_CURVE('',#14759,(#14763,#14770),.PCURVE_S1.);
#14759 = LINE('',#14760,#14761);
#14760 = CARTESIAN_POINT('',(186.712,-38.0193,-4.6E-02));
#14761 = VECTOR('',#14762,1.);
#14762 = DIRECTION('',(0.,0.,1.));
#14763 = PCURVE('',#5139,#14764);
#14764 = DEFINITIONAL_REPRESENTATION('',(#14765),#14769);
#14765 = LINE('',#14766,#14767);
#14766 = CARTESIAN_POINT('',(0.,0.));
#14767 = VECTOR('',#14768,1.);
#14768 = DIRECTION('',(0.,-1.));
#14769 = ( GEOMETRIC_REPRESENTATION_CONTEXT(2) 
PARAMETRIC_REPRESENTATION_CONTEXT() REPRESENTATION_CONTEXT('2D SPACE',''
  ) );
#14770 = PCURVE('',#5139,#14771);
#14771 = DEFINITIONAL_REPRESENTATION('',(#14772),#14776);
#14772 = LINE('',#14773,#14774);
#14773 = CARTESIAN_POINT('',(6.28318530718,0.));
#14774 = VECTOR('',#14775,1.);
#14775 = DIRECTION('',(0.,-1.));
#14776 = ( GEOMETRIC_REPRESENTATION_CONTEXT(2) 
PARAMETRIC_REPRESENTATION_CONTEXT() REPRESENTATION_CONTEXT('2D SPACE',''
  ) );
#14777 = ORIENTED_EDGE('',*,*,#5118,.T.);
#14778 = ORIENTED_EDGE('',*,*,#14755,.F.);
#14779 = ORIENTED_EDGE('',*,*,#14780,.F.);
#14780 = EDGE_CURVE('',#14756,#14756,#14781,.T.);
#14781 = SURFACE_CURVE('',#14782,(#14787,#14794),.PCURVE_S1.);
#14782 = CIRCLE('',#14783,0.4953);
#14783 = AXIS2_PLACEMENT_3D('',#14784,#14785,#14786);
#14784 = CARTESIAN_POINT('',(186.712,-37.524,0.));
#14785 = DIRECTION('',(-0.,-0.,-1.));
#14786 = DIRECTION('',(0.,-1.,0.));
#14787 = PCURVE('',#5139,#14788);
#14788 = DEFINITIONAL_REPRESENTATION('',(#14789),#14793);
#14789 = LINE('',#14790,#14791);
#14790 = CARTESIAN_POINT('',(0.,-4.6E-02));
#14791 = VECTOR('',#14792,1.);
#14792 = DIRECTION('',(1.,0.));
#14793 = ( GEOMETRIC_REPRESENTATION_CONTEXT(2) 
PARAMETRIC_REPRESENTATION_CONTEXT() REPRESENTATION_CONTEXT('2D SPACE',''
  ) );
#14794 = PCURVE('',#6733,#14795);
#14795 = DEFINITIONAL_REPRESENTATION('',(#14796),#14804);
#14796 = ( BOUNDED_CURVE() B_SPLINE_CURVE(2,(#14797,#14798,#14799,#14800
    ,#14801,#14802,#14803),.UNSPECIFIED.,.T.,.F.) 
B_SPLINE_CURVE_WITH_KNOTS((1,2,2,2,2,1),(-2.094395102393,0.,
    2.094395102393,4.188790204786,6.28318530718,8.377580409573),
.UNSPECIFIED.) CURVE() GEOMETRIC_REPRESENTATION_ITEM() 
RATIONAL_B_SPLINE_CURVE((1.,0.5,1.,0.5,1.,0.5,1.)) REPRESENTATION_ITEM(
  '') );
#14797 = CARTESIAN_POINT('',(186.712,-38.0193));
#14798 = CARTESIAN_POINT('',(185.85411523501,-38.0193));
#14799 = CARTESIAN_POINT('',(186.2830576175,-37.27635));
#14800 = CARTESIAN_POINT('',(186.712,-36.5334));
#14801 = CARTESIAN_POINT('',(187.14094238249,-37.27635));
#14802 = CARTESIAN_POINT('',(187.56988476498,-38.0193));
#14803 = CARTESIAN_POINT('',(186.712,-38.0193));
#14804 = ( GEOMETRIC_REPRESENTATION_CONTEXT(2) 
PARAMETRIC_REPRESENTATION_CONTEXT() REPRESENTATION_CONTEXT('2D SPACE',''
  ) );
#14805 = ADVANCED_FACE('',(#14806),#5174,.F.);
#14806 = FACE_BOUND('',#14807,.F.);
#14807 = EDGE_LOOP('',(#14808,#14831,#14832,#14833));
#14808 = ORIENTED_EDGE('',*,*,#14809,.T.);
#14809 = EDGE_CURVE('',#14810,#5154,#14812,.T.);
#14810 = VERTEX_POINT('',#14811);
#14811 = CARTESIAN_POINT('',(180.138,-31.892,0.));
#14812 = SEAM_CURVE('',#14813,(#14817,#14824),.PCURVE_S1.);
#14813 = LINE('',#14814,#14815);
#14814 = CARTESIAN_POINT('',(180.138,-31.892,-4.6E-02));
#14815 = VECTOR('',#14816,1.);
#14816 = DIRECTION('',(0.,0.,1.));
#14817 = PCURVE('',#5174,#14818);
#14818 = DEFINITIONAL_REPRESENTATION('',(#14819),#14823);
#14819 = LINE('',#14820,#14821);
#14820 = CARTESIAN_POINT('',(0.,0.));
#14821 = VECTOR('',#14822,1.);
#14822 = DIRECTION('',(0.,-1.));
#14823 = ( GEOMETRIC_REPRESENTATION_CONTEXT(2) 
PARAMETRIC_REPRESENTATION_CONTEXT() REPRESENTATION_CONTEXT('2D SPACE',''
  ) );
#14824 = PCURVE('',#5174,#14825);
#14825 = DEFINITIONAL_REPRESENTATION('',(#14826),#14830);
#14826 = LINE('',#14827,#14828);
#14827 = CARTESIAN_POINT('',(6.28318530718,0.));
#14828 = VECTOR('',#14829,1.);
#14829 = DIRECTION('',(0.,-1.));
#14830 = ( GEOMETRIC_REPRESENTATION_CONTEXT(2) 
PARAMETRIC_REPRESENTATION_CONTEXT() REPRESENTATION_CONTEXT('2D SPACE',''
  ) );
#14831 = ORIENTED_EDGE('',*,*,#5153,.T.);
#14832 = ORIENTED_EDGE('',*,*,#14809,.F.);
#14833 = ORIENTED_EDGE('',*,*,#14834,.F.);
#14834 = EDGE_CURVE('',#14810,#14810,#14835,.T.);
#14835 = SURFACE_CURVE('',#14836,(#14841,#14848),.PCURVE_S1.);
#14836 = CIRCLE('',#14837,0.65);
#14837 = AXIS2_PLACEMENT_3D('',#14838,#14839,#14840);
#14838 = CARTESIAN_POINT('',(180.138,-31.242,0.));
#14839 = DIRECTION('',(-0.,-0.,-1.));
#14840 = DIRECTION('',(0.,-1.,0.));
#14841 = PCURVE('',#5174,#14842);
#14842 = DEFINITIONAL_REPRESENTATION('',(#14843),#14847);
#14843 = LINE('',#14844,#14845);
#14844 = CARTESIAN_POINT('',(0.,-4.6E-02));
#14845 = VECTOR('',#14846,1.);
#14846 = DIRECTION('',(1.,0.));
#14847 = ( GEOMETRIC_REPRESENTATION_CONTEXT(2) 
PARAMETRIC_REPRESENTATION_CONTEXT() REPRESENTATION_CONTEXT('2D SPACE',''
  ) );
#14848 = PCURVE('',#6733,#14849);
#14849 = DEFINITIONAL_REPRESENTATION('',(#14850),#14858);
#14850 = ( BOUNDED_CURVE() B_SPLINE_CURVE(2,(#14851,#14852,#14853,#14854
    ,#14855,#14856,#14857),.UNSPECIFIED.,.T.,.F.) 
B_SPLINE_CURVE_WITH_KNOTS((1,2,2,2,2,1),(-2.094395102393,0.,
    2.094395102393,4.188790204786,6.28318530718,8.377580409573),
.UNSPECIFIED.) CURVE() GEOMETRIC_REPRESENTATION_ITEM() 
RATIONAL_B_SPLINE_CURVE((1.,0.5,1.,0.5,1.,0.5,1.)) REPRESENTATION_ITEM(
  '') );
#14851 = CARTESIAN_POINT('',(180.138,-31.892));
#14852 = CARTESIAN_POINT('',(179.01216697508,-31.892));
#14853 = CARTESIAN_POINT('',(179.57508348754,-30.917));
#14854 = CARTESIAN_POINT('',(180.138,-29.942));
#14855 = CARTESIAN_POINT('',(180.70091651246,-30.917));
#14856 = CARTESIAN_POINT('',(181.26383302492,-31.892));
#14857 = CARTESIAN_POINT('',(180.138,-31.892));
#14858 = ( GEOMETRIC_REPRESENTATION_CONTEXT(2) 
PARAMETRIC_REPRESENTATION_CONTEXT() REPRESENTATION_CONTEXT('2D SPACE',''
  ) );
#14859 = ADVANCED_FACE('',(#14860),#5209,.F.);
#14860 = FACE_BOUND('',#14861,.F.);
#14861 = EDGE_LOOP('',(#14862,#14885,#14886,#14887));
#14862 = ORIENTED_EDGE('',*,*,#14863,.T.);
#14863 = EDGE_CURVE('',#14864,#5189,#14866,.T.);
#14864 = VERTEX_POINT('',#14865);
#14865 = CARTESIAN_POINT('',(186.638,-31.892,0.));
#14866 = SEAM_CURVE('',#14867,(#14871,#14878),.PCURVE_S1.);
#14867 = LINE('',#14868,#14869);
#14868 = CARTESIAN_POINT('',(186.638,-31.892,-4.6E-02));
#14869 = VECTOR('',#14870,1.);
#14870 = DIRECTION('',(0.,0.,1.));
#14871 = PCURVE('',#5209,#14872);
#14872 = DEFINITIONAL_REPRESENTATION('',(#14873),#14877);
#14873 = LINE('',#14874,#14875);
#14874 = CARTESIAN_POINT('',(0.,0.));
#14875 = VECTOR('',#14876,1.);
#14876 = DIRECTION('',(0.,-1.));
#14877 = ( GEOMETRIC_REPRESENTATION_CONTEXT(2) 
PARAMETRIC_REPRESENTATION_CONTEXT() REPRESENTATION_CONTEXT('2D SPACE',''
  ) );
#14878 = PCURVE('',#5209,#14879);
#14879 = DEFINITIONAL_REPRESENTATION('',(#14880),#14884);
#14880 = LINE('',#14881,#14882);
#14881 = CARTESIAN_POINT('',(6.28318530718,0.));
#14882 = VECTOR('',#14883,1.);
#14883 = DIRECTION('',(0.,-1.));
#14884 = ( GEOMETRIC_REPRESENTATION_CONTEXT(2) 
PARAMETRIC_REPRESENTATION_CONTEXT() REPRESENTATION_CONTEXT('2D SPACE',''
  ) );
#14885 = ORIENTED_EDGE('',*,*,#5188,.T.);
#14886 = ORIENTED_EDGE('',*,*,#14863,.F.);
#14887 = ORIENTED_EDGE('',*,*,#14888,.F.);
#14888 = EDGE_CURVE('',#14864,#14864,#14889,.T.);
#14889 = SURFACE_CURVE('',#14890,(#14895,#14902),.PCURVE_S1.);
#14890 = CIRCLE('',#14891,0.65);
#14891 = AXIS2_PLACEMENT_3D('',#14892,#14893,#14894);
#14892 = CARTESIAN_POINT('',(186.638,-31.242,0.));
#14893 = DIRECTION('',(-0.,-0.,-1.));
#14894 = DIRECTION('',(0.,-1.,0.));
#14895 = PCURVE('',#5209,#14896);
#14896 = DEFINITIONAL_REPRESENTATION('',(#14897),#14901);
#14897 = LINE('',#14898,#14899);
#14898 = CARTESIAN_POINT('',(0.,-4.6E-02));
#14899 = VECTOR('',#14900,1.);
#14900 = DIRECTION('',(1.,0.));
#14901 = ( GEOMETRIC_REPRESENTATION_CONTEXT(2) 
PARAMETRIC_REPRESENTATION_CONTEXT() REPRESENTATION_CONTEXT('2D SPACE',''
  ) );
#14902 = PCURVE('',#6733,#14903);
#14903 = DEFINITIONAL_REPRESENTATION('',(#14904),#14912);
#14904 = ( BOUNDED_CURVE() B_SPLINE_CURVE(2,(#14905,#14906,#14907,#14908
    ,#14909,#14910,#14911),.UNSPECIFIED.,.T.,.F.) 
B_SPLINE_CURVE_WITH_KNOTS((1,2,2,2,2,1),(-2.094395102393,0.,
    2.094395102393,4.188790204786,6.28318530718,8.377580409573),
.UNSPECIFIED.) CURVE() GEOMETRIC_REPRESENTATION_ITEM() 
RATIONAL_B_SPLINE_CURVE((1.,0.5,1.,0.5,1.,0.5,1.)) REPRESENTATION_ITEM(
  '') );
#14905 = CARTESIAN_POINT('',(186.638,-31.892));
#14906 = CARTESIAN_POINT('',(185.51216697508,-31.892));
#14907 = CARTESIAN_POINT('',(186.07508348754,-30.917));
#14908 = CARTESIAN_POINT('',(186.638,-29.942));
#14909 = CARTESIAN_POINT('',(187.20091651246,-30.917));
#14910 = CARTESIAN_POINT('',(187.76383302492,-31.892));
#14911 = CARTESIAN_POINT('',(186.638,-31.892));
#14912 = ( GEOMETRIC_REPRESENTATION_CONTEXT(2) 
PARAMETRIC_REPRESENTATION_CONTEXT() REPRESENTATION_CONTEXT('2D SPACE',''
  ) );
#14913 = ADVANCED_FACE('',(#14914),#5244,.F.);
#14914 = FACE_BOUND('',#14915,.F.);
#14915 = EDGE_LOOP('',(#14916,#14939,#14940,#14941));
#14916 = ORIENTED_EDGE('',*,*,#14917,.T.);
#14917 = EDGE_CURVE('',#14918,#5224,#14920,.T.);
#14918 = VERTEX_POINT('',#14919);
#14919 = CARTESIAN_POINT('',(190.484,-34.174,0.));
#14920 = SEAM_CURVE('',#14921,(#14925,#14932),.PCURVE_S1.);
#14921 = LINE('',#14922,#14923);
#14922 = CARTESIAN_POINT('',(190.484,-34.174,-4.6E-02));
#14923 = VECTOR('',#14924,1.);
#14924 = DIRECTION('',(0.,0.,1.));
#14925 = PCURVE('',#5244,#14926);
#14926 = DEFINITIONAL_REPRESENTATION('',(#14927),#14931);
#14927 = LINE('',#14928,#14929);
#14928 = CARTESIAN_POINT('',(0.,0.));
#14929 = VECTOR('',#14930,1.);
#14930 = DIRECTION('',(0.,-1.));
#14931 = ( GEOMETRIC_REPRESENTATION_CONTEXT(2) 
PARAMETRIC_REPRESENTATION_CONTEXT() REPRESENTATION_CONTEXT('2D SPACE',''
  ) );
#14932 = PCURVE('',#5244,#14933);
#14933 = DEFINITIONAL_REPRESENTATION('',(#14934),#14938);
#14934 = LINE('',#14935,#14936);
#14935 = CARTESIAN_POINT('',(6.28318530718,0.));
#14936 = VECTOR('',#14937,1.);
#14937 = DIRECTION('',(0.,-1.));
#14938 = ( GEOMETRIC_REPRESENTATION_CONTEXT(2) 
PARAMETRIC_REPRESENTATION_CONTEXT() REPRESENTATION_CONTEXT('2D SPACE',''
  ) );
#14939 = ORIENTED_EDGE('',*,*,#5223,.T.);
#14940 = ORIENTED_EDGE('',*,*,#14917,.F.);
#14941 = ORIENTED_EDGE('',*,*,#14942,.F.);
#14942 = EDGE_CURVE('',#14918,#14918,#14943,.T.);
#14943 = SURFACE_CURVE('',#14944,(#14949,#14956),.PCURVE_S1.);
#14944 = CIRCLE('',#14945,1.1);
#14945 = AXIS2_PLACEMENT_3D('',#14946,#14947,#14948);
#14946 = CARTESIAN_POINT('',(190.484,-33.074,0.));
#14947 = DIRECTION('',(0.,-0.,-1.));
#14948 = DIRECTION('',(2.5837917664E-14,-1.,0.));
#14949 = PCURVE('',#5244,#14950);
#14950 = DEFINITIONAL_REPRESENTATION('',(#14951),#14955);
#14951 = LINE('',#14952,#14953);
#14952 = CARTESIAN_POINT('',(0.,-4.6E-02));
#14953 = VECTOR('',#14954,1.);
#14954 = DIRECTION('',(1.,0.));
#14955 = ( GEOMETRIC_REPRESENTATION_CONTEXT(2) 
PARAMETRIC_REPRESENTATION_CONTEXT() REPRESENTATION_CONTEXT('2D SPACE',''
  ) );
#14956 = PCURVE('',#6733,#14957);
#14957 = DEFINITIONAL_REPRESENTATION('',(#14958),#14966);
#14958 = ( BOUNDED_CURVE() B_SPLINE_CURVE(2,(#14959,#14960,#14961,#14962
    ,#14963,#14964,#14965),.UNSPECIFIED.,.T.,.F.) 
B_SPLINE_CURVE_WITH_KNOTS((1,2,2,2,2,1),(-2.094395102393,0.,
    2.094395102393,4.188790204786,6.28318530718,8.377580409573),
.UNSPECIFIED.) CURVE() GEOMETRIC_REPRESENTATION_ITEM() 
RATIONAL_B_SPLINE_CURVE((1.,0.5,1.,0.5,1.,0.5,1.)) REPRESENTATION_ITEM(
  '') );
#14959 = CARTESIAN_POINT('',(190.484,-34.174));
#14960 = CARTESIAN_POINT('',(188.57874411167,-34.174));
#14961 = CARTESIAN_POINT('',(189.53137205583,-32.524));
#14962 = CARTESIAN_POINT('',(190.484,-30.874));
#14963 = CARTESIAN_POINT('',(191.43662794416,-32.524));
#14964 = CARTESIAN_POINT('',(192.38925588832,-34.174));
#14965 = CARTESIAN_POINT('',(190.484,-34.174));
#14966 = ( GEOMETRIC_REPRESENTATION_CONTEXT(2) 
PARAMETRIC_REPRESENTATION_CONTEXT() REPRESENTATION_CONTEXT('2D SPACE',''
  ) );
#14967 = ADVANCED_FACE('',(#14968),#5279,.F.);
#14968 = FACE_BOUND('',#14969,.F.);
#14969 = EDGE_LOOP('',(#14970,#14993,#14994,#14995));
#14970 = ORIENTED_EDGE('',*,*,#14971,.T.);
#14971 = EDGE_CURVE('',#14972,#5259,#14974,.T.);
#14972 = VERTEX_POINT('',#14973);
#14973 = CARTESIAN_POINT('',(193.98,-71.2089,0.));
#14974 = SEAM_CURVE('',#14975,(#14979,#14986),.PCURVE_S1.);
#14975 = LINE('',#14976,#14977);
#14976 = CARTESIAN_POINT('',(193.98,-71.2089,-4.6E-02));
#14977 = VECTOR('',#14978,1.);
#14978 = DIRECTION('',(0.,0.,1.));
#14979 = PCURVE('',#5279,#14980);
#14980 = DEFINITIONAL_REPRESENTATION('',(#14981),#14985);
#14981 = LINE('',#14982,#14983);
#14982 = CARTESIAN_POINT('',(0.,0.));
#14983 = VECTOR('',#14984,1.);
#14984 = DIRECTION('',(0.,-1.));
#14985 = ( GEOMETRIC_REPRESENTATION_CONTEXT(2) 
PARAMETRIC_REPRESENTATION_CONTEXT() REPRESENTATION_CONTEXT('2D SPACE',''
  ) );
#14986 = PCURVE('',#5279,#14987);
#14987 = DEFINITIONAL_REPRESENTATION('',(#14988),#14992);
#14988 = LINE('',#14989,#14990);
#14989 = CARTESIAN_POINT('',(6.28318530718,0.));
#14990 = VECTOR('',#14991,1.);
#14991 = DIRECTION('',(0.,-1.));
#14992 = ( GEOMETRIC_REPRESENTATION_CONTEXT(2) 
PARAMETRIC_REPRESENTATION_CONTEXT() REPRESENTATION_CONTEXT('2D SPACE',''
  ) );
#14993 = ORIENTED_EDGE('',*,*,#5258,.T.);
#14994 = ORIENTED_EDGE('',*,*,#14971,.F.);
#14995 = ORIENTED_EDGE('',*,*,#14996,.F.);
#14996 = EDGE_CURVE('',#14972,#14972,#14997,.T.);
#14997 = SURFACE_CURVE('',#14998,(#15003,#15010),.PCURVE_S1.);
#14998 = CIRCLE('',#14999,0.8509);
#14999 = AXIS2_PLACEMENT_3D('',#15000,#15001,#15002);
#15000 = CARTESIAN_POINT('',(193.98,-70.358,0.));
#15001 = DIRECTION('',(-0.,0.,-1.));
#15002 = DIRECTION('',(-3.340193845388E-14,-1.,0.));
#15003 = PCURVE('',#5279,#15004);
#15004 = DEFINITIONAL_REPRESENTATION('',(#15005),#15009);
#15005 = LINE('',#15006,#15007);
#15006 = CARTESIAN_POINT('',(0.,-4.6E-02));
#15007 = VECTOR('',#15008,1.);
#15008 = DIRECTION('',(1.,0.));
#15009 = ( GEOMETRIC_REPRESENTATION_CONTEXT(2) 
PARAMETRIC_REPRESENTATION_CONTEXT() REPRESENTATION_CONTEXT('2D SPACE',''
  ) );
#15010 = PCURVE('',#6733,#15011);
#15011 = DEFINITIONAL_REPRESENTATION('',(#15012),#15020);
#15012 = ( BOUNDED_CURVE() B_SPLINE_CURVE(2,(#15013,#15014,#15015,#15016
    ,#15017,#15018,#15019),.UNSPECIFIED.,.T.,.F.) 
B_SPLINE_CURVE_WITH_KNOTS((1,2,2,2,2,1),(-2.094395102393,0.,
    2.094395102393,4.188790204786,6.28318530718,8.377580409573),
.UNSPECIFIED.) CURVE() GEOMETRIC_REPRESENTATION_ITEM() 
RATIONAL_B_SPLINE_CURVE((1.,0.5,1.,0.5,1.,0.5,1.)) REPRESENTATION_ITEM(
  '') );
#15013 = CARTESIAN_POINT('',(193.98,-71.2089));
#15014 = CARTESIAN_POINT('',(192.50619796784,-71.2089));
#15015 = CARTESIAN_POINT('',(193.24309898392,-69.93255));
#15016 = CARTESIAN_POINT('',(193.98,-68.6562));
#15017 = CARTESIAN_POINT('',(194.71690101608,-69.93255));
#15018 = CARTESIAN_POINT('',(195.45380203216,-71.2089));
#15019 = CARTESIAN_POINT('',(193.98,-71.2089));
#15020 = ( GEOMETRIC_REPRESENTATION_CONTEXT(2) 
PARAMETRIC_REPRESENTATION_CONTEXT() REPRESENTATION_CONTEXT('2D SPACE',''
  ) );
#15021 = ADVANCED_FACE('',(#15022),#5314,.F.);
#15022 = FACE_BOUND('',#15023,.F.);
#15023 = EDGE_LOOP('',(#15024,#15047,#15048,#15049));
#15024 = ORIENTED_EDGE('',*,*,#15025,.T.);
#15025 = EDGE_CURVE('',#15026,#5294,#15028,.T.);
#15026 = VERTEX_POINT('',#15027);
#15027 = CARTESIAN_POINT('',(199.48,-72.0725,0.));
#15028 = SEAM_CURVE('',#15029,(#15033,#15040),.PCURVE_S1.);
#15029 = LINE('',#15030,#15031);
#15030 = CARTESIAN_POINT('',(199.48,-72.0725,-4.6E-02));
#15031 = VECTOR('',#15032,1.);
#15032 = DIRECTION('',(0.,0.,1.));
#15033 = PCURVE('',#5314,#15034);
#15034 = DEFINITIONAL_REPRESENTATION('',(#15035),#15039);
#15035 = LINE('',#15036,#15037);
#15036 = CARTESIAN_POINT('',(0.,0.));
#15037 = VECTOR('',#15038,1.);
#15038 = DIRECTION('',(0.,-1.));
#15039 = ( GEOMETRIC_REPRESENTATION_CONTEXT(2) 
PARAMETRIC_REPRESENTATION_CONTEXT() REPRESENTATION_CONTEXT('2D SPACE',''
  ) );
#15040 = PCURVE('',#5314,#15041);
#15041 = DEFINITIONAL_REPRESENTATION('',(#15042),#15046);
#15042 = LINE('',#15043,#15044);
#15043 = CARTESIAN_POINT('',(6.28318530718,0.));
#15044 = VECTOR('',#15045,1.);
#15045 = DIRECTION('',(0.,-1.));
#15046 = ( GEOMETRIC_REPRESENTATION_CONTEXT(2) 
PARAMETRIC_REPRESENTATION_CONTEXT() REPRESENTATION_CONTEXT('2D SPACE',''
  ) );
#15047 = ORIENTED_EDGE('',*,*,#5293,.T.);
#15048 = ORIENTED_EDGE('',*,*,#15025,.F.);
#15049 = ORIENTED_EDGE('',*,*,#15050,.F.);
#15050 = EDGE_CURVE('',#15026,#15026,#15051,.T.);
#15051 = SURFACE_CURVE('',#15052,(#15057,#15064),.PCURVE_S1.);
#15052 = CIRCLE('',#15053,1.7145);
#15053 = AXIS2_PLACEMENT_3D('',#15054,#15055,#15056);
#15054 = CARTESIAN_POINT('',(199.48,-70.358,0.));
#15055 = DIRECTION('',(-0.,0.,-1.));
#15056 = DIRECTION('',(-1.657725834378E-14,-1.,0.));
#15057 = PCURVE('',#5314,#15058);
#15058 = DEFINITIONAL_REPRESENTATION('',(#15059),#15063);
#15059 = LINE('',#15060,#15061);
#15060 = CARTESIAN_POINT('',(0.,-4.6E-02));
#15061 = VECTOR('',#15062,1.);
#15062 = DIRECTION('',(1.,0.));
#15063 = ( GEOMETRIC_REPRESENTATION_CONTEXT(2) 
PARAMETRIC_REPRESENTATION_CONTEXT() REPRESENTATION_CONTEXT('2D SPACE',''
  ) );
#15064 = PCURVE('',#6733,#15065);
#15065 = DEFINITIONAL_REPRESENTATION('',(#15066),#15074);
#15066 = ( BOUNDED_CURVE() B_SPLINE_CURVE(2,(#15067,#15068,#15069,#15070
    ,#15071,#15072,#15073),.UNSPECIFIED.,.T.,.F.) 
B_SPLINE_CURVE_WITH_KNOTS((1,2,2,2,2,1),(-2.094395102393,0.,
    2.094395102393,4.188790204786,6.28318530718,8.377580409573),
.UNSPECIFIED.) CURVE() GEOMETRIC_REPRESENTATION_ITEM() 
RATIONAL_B_SPLINE_CURVE((1.,0.5,1.,0.5,1.,0.5,1.)) REPRESENTATION_ITEM(
  '') );
#15067 = CARTESIAN_POINT('',(199.48,-72.0725));
#15068 = CARTESIAN_POINT('',(196.51039889042,-72.0725));
#15069 = CARTESIAN_POINT('',(197.99519944521,-69.50075));
#15070 = CARTESIAN_POINT('',(199.48,-66.929));
#15071 = CARTESIAN_POINT('',(200.96480055478,-69.50075));
#15072 = CARTESIAN_POINT('',(202.44960110957,-72.0725));
#15073 = CARTESIAN_POINT('',(199.48,-72.0725));
#15074 = ( GEOMETRIC_REPRESENTATION_CONTEXT(2) 
PARAMETRIC_REPRESENTATION_CONTEXT() REPRESENTATION_CONTEXT('2D SPACE',''
  ) );
#15075 = ADVANCED_FACE('',(#15076),#5349,.F.);
#15076 = FACE_BOUND('',#15077,.F.);
#15077 = EDGE_LOOP('',(#15078,#15101,#15102,#15103));
#15078 = ORIENTED_EDGE('',*,*,#15079,.T.);
#15079 = EDGE_CURVE('',#15080,#5329,#15082,.T.);
#15080 = VERTEX_POINT('',#15081);
#15081 = CARTESIAN_POINT('',(194.26,-66.6533,0.));
#15082 = SEAM_CURVE('',#15083,(#15087,#15094),.PCURVE_S1.);
#15083 = LINE('',#15084,#15085);
#15084 = CARTESIAN_POINT('',(194.26,-66.6533,-4.6E-02));
#15085 = VECTOR('',#15086,1.);
#15086 = DIRECTION('',(0.,0.,1.));
#15087 = PCURVE('',#5349,#15088);
#15088 = DEFINITIONAL_REPRESENTATION('',(#15089),#15093);
#15089 = LINE('',#15090,#15091);
#15090 = CARTESIAN_POINT('',(0.,0.));
#15091 = VECTOR('',#15092,1.);
#15092 = DIRECTION('',(0.,-1.));
#15093 = ( GEOMETRIC_REPRESENTATION_CONTEXT(2) 
PARAMETRIC_REPRESENTATION_CONTEXT() REPRESENTATION_CONTEXT('2D SPACE',''
  ) );
#15094 = PCURVE('',#5349,#15095);
#15095 = DEFINITIONAL_REPRESENTATION('',(#15096),#15100);
#15096 = LINE('',#15097,#15098);
#15097 = CARTESIAN_POINT('',(6.28318530718,0.));
#15098 = VECTOR('',#15099,1.);
#15099 = DIRECTION('',(0.,-1.));
#15100 = ( GEOMETRIC_REPRESENTATION_CONTEXT(2) 
PARAMETRIC_REPRESENTATION_CONTEXT() REPRESENTATION_CONTEXT('2D SPACE',''
  ) );
#15101 = ORIENTED_EDGE('',*,*,#5328,.T.);
#15102 = ORIENTED_EDGE('',*,*,#15079,.F.);
#15103 = ORIENTED_EDGE('',*,*,#15104,.F.);
#15104 = EDGE_CURVE('',#15080,#15080,#15105,.T.);
#15105 = SURFACE_CURVE('',#15106,(#15111,#15118),.PCURVE_S1.);
#15106 = CIRCLE('',#15107,0.4953);
#15107 = AXIS2_PLACEMENT_3D('',#15108,#15109,#15110);
#15108 = CARTESIAN_POINT('',(194.26,-66.158,0.));
#15109 = DIRECTION('',(-0.,-0.,-1.));
#15110 = DIRECTION('',(0.,-1.,0.));
#15111 = PCURVE('',#5349,#15112);
#15112 = DEFINITIONAL_REPRESENTATION('',(#15113),#15117);
#15113 = LINE('',#15114,#15115);
#15114 = CARTESIAN_POINT('',(0.,-4.6E-02));
#15115 = VECTOR('',#15116,1.);
#15116 = DIRECTION('',(1.,0.));
#15117 = ( GEOMETRIC_REPRESENTATION_CONTEXT(2) 
PARAMETRIC_REPRESENTATION_CONTEXT() REPRESENTATION_CONTEXT('2D SPACE',''
  ) );
#15118 = PCURVE('',#6733,#15119);
#15119 = DEFINITIONAL_REPRESENTATION('',(#15120),#15128);
#15120 = ( BOUNDED_CURVE() B_SPLINE_CURVE(2,(#15121,#15122,#15123,#15124
    ,#15125,#15126,#15127),.UNSPECIFIED.,.T.,.F.) 
B_SPLINE_CURVE_WITH_KNOTS((1,2,2,2,2,1),(-2.094395102393,0.,
    2.094395102393,4.188790204786,6.28318530718,8.377580409573),
.UNSPECIFIED.) CURVE() GEOMETRIC_REPRESENTATION_ITEM() 
RATIONAL_B_SPLINE_CURVE((1.,0.5,1.,0.5,1.,0.5,1.)) REPRESENTATION_ITEM(
  '') );
#15121 = CARTESIAN_POINT('',(194.26,-66.6533));
#15122 = CARTESIAN_POINT('',(193.40211523501,-66.6533));
#15123 = CARTESIAN_POINT('',(193.8310576175,-65.91035));
#15124 = CARTESIAN_POINT('',(194.26,-65.1674));
#15125 = CARTESIAN_POINT('',(194.68894238249,-65.91035));
#15126 = CARTESIAN_POINT('',(195.11788476498,-66.6533));
#15127 = CARTESIAN_POINT('',(194.26,-66.6533));
#15128 = ( GEOMETRIC_REPRESENTATION_CONTEXT(2) 
PARAMETRIC_REPRESENTATION_CONTEXT() REPRESENTATION_CONTEXT('2D SPACE',''
  ) );
#15129 = ADVANCED_FACE('',(#15130),#5384,.F.);
#15130 = FACE_BOUND('',#15131,.F.);
#15131 = EDGE_LOOP('',(#15132,#15155,#15156,#15157));
#15132 = ORIENTED_EDGE('',*,*,#15133,.T.);
#15133 = EDGE_CURVE('',#15134,#5364,#15136,.T.);
#15134 = VERTEX_POINT('',#15135);
#15135 = CARTESIAN_POINT('',(204.98,-71.2089,0.));
#15136 = SEAM_CURVE('',#15137,(#15141,#15148),.PCURVE_S1.);
#15137 = LINE('',#15138,#15139);
#15138 = CARTESIAN_POINT('',(204.98,-71.2089,-4.6E-02));
#15139 = VECTOR('',#15140,1.);
#15140 = DIRECTION('',(0.,0.,1.));
#15141 = PCURVE('',#5384,#15142);
#15142 = DEFINITIONAL_REPRESENTATION('',(#15143),#15147);
#15143 = LINE('',#15144,#15145);
#15144 = CARTESIAN_POINT('',(0.,0.));
#15145 = VECTOR('',#15146,1.);
#15146 = DIRECTION('',(0.,-1.));
#15147 = ( GEOMETRIC_REPRESENTATION_CONTEXT(2) 
PARAMETRIC_REPRESENTATION_CONTEXT() REPRESENTATION_CONTEXT('2D SPACE',''
  ) );
#15148 = PCURVE('',#5384,#15149);
#15149 = DEFINITIONAL_REPRESENTATION('',(#15150),#15154);
#15150 = LINE('',#15151,#15152);
#15151 = CARTESIAN_POINT('',(6.28318530718,0.));
#15152 = VECTOR('',#15153,1.);
#15153 = DIRECTION('',(0.,-1.));
#15154 = ( GEOMETRIC_REPRESENTATION_CONTEXT(2) 
PARAMETRIC_REPRESENTATION_CONTEXT() REPRESENTATION_CONTEXT('2D SPACE',''
  ) );
#15155 = ORIENTED_EDGE('',*,*,#5363,.T.);
#15156 = ORIENTED_EDGE('',*,*,#15133,.F.);
#15157 = ORIENTED_EDGE('',*,*,#15158,.F.);
#15158 = EDGE_CURVE('',#15134,#15134,#15159,.T.);
#15159 = SURFACE_CURVE('',#15160,(#15165,#15172),.PCURVE_S1.);
#15160 = CIRCLE('',#15161,0.8509);
#15161 = AXIS2_PLACEMENT_3D('',#15162,#15163,#15164);
#15162 = CARTESIAN_POINT('',(204.98,-70.358,0.));
#15163 = DIRECTION('',(-0.,0.,-1.));
#15164 = DIRECTION('',(-3.340193845388E-14,-1.,0.));
#15165 = PCURVE('',#5384,#15166);
#15166 = DEFINITIONAL_REPRESENTATION('',(#15167),#15171);
#15167 = LINE('',#15168,#15169);
#15168 = CARTESIAN_POINT('',(0.,-4.6E-02));
#15169 = VECTOR('',#15170,1.);
#15170 = DIRECTION('',(1.,0.));
#15171 = ( GEOMETRIC_REPRESENTATION_CONTEXT(2) 
PARAMETRIC_REPRESENTATION_CONTEXT() REPRESENTATION_CONTEXT('2D SPACE',''
  ) );
#15172 = PCURVE('',#6733,#15173);
#15173 = DEFINITIONAL_REPRESENTATION('',(#15174),#15182);
#15174 = ( BOUNDED_CURVE() B_SPLINE_CURVE(2,(#15175,#15176,#15177,#15178
    ,#15179,#15180,#15181),.UNSPECIFIED.,.T.,.F.) 
B_SPLINE_CURVE_WITH_KNOTS((1,2,2,2,2,1),(-2.094395102393,0.,
    2.094395102393,4.188790204786,6.28318530718,8.377580409573),
.UNSPECIFIED.) CURVE() GEOMETRIC_REPRESENTATION_ITEM() 
RATIONAL_B_SPLINE_CURVE((1.,0.5,1.,0.5,1.,0.5,1.)) REPRESENTATION_ITEM(
  '') );
#15175 = CARTESIAN_POINT('',(204.98,-71.2089));
#15176 = CARTESIAN_POINT('',(203.50619796784,-71.2089));
#15177 = CARTESIAN_POINT('',(204.24309898392,-69.93255));
#15178 = CARTESIAN_POINT('',(204.98,-68.6562));
#15179 = CARTESIAN_POINT('',(205.71690101608,-69.93255));
#15180 = CARTESIAN_POINT('',(206.45380203216,-71.2089));
#15181 = CARTESIAN_POINT('',(204.98,-71.2089));
#15182 = ( GEOMETRIC_REPRESENTATION_CONTEXT(2) 
PARAMETRIC_REPRESENTATION_CONTEXT() REPRESENTATION_CONTEXT('2D SPACE',''
  ) );
#15183 = ADVANCED_FACE('',(#15184),#5419,.F.);
#15184 = FACE_BOUND('',#15185,.F.);
#15185 = EDGE_LOOP('',(#15186,#15209,#15210,#15211));
#15186 = ORIENTED_EDGE('',*,*,#15187,.T.);
#15187 = EDGE_CURVE('',#15188,#5399,#15190,.T.);
#15188 = VERTEX_POINT('',#15189);
#15189 = CARTESIAN_POINT('',(204.7,-66.6533,0.));
#15190 = SEAM_CURVE('',#15191,(#15195,#15202),.PCURVE_S1.);
#15191 = LINE('',#15192,#15193);
#15192 = CARTESIAN_POINT('',(204.7,-66.6533,-4.6E-02));
#15193 = VECTOR('',#15194,1.);
#15194 = DIRECTION('',(0.,0.,1.));
#15195 = PCURVE('',#5419,#15196);
#15196 = DEFINITIONAL_REPRESENTATION('',(#15197),#15201);
#15197 = LINE('',#15198,#15199);
#15198 = CARTESIAN_POINT('',(0.,0.));
#15199 = VECTOR('',#15200,1.);
#15200 = DIRECTION('',(0.,-1.));
#15201 = ( GEOMETRIC_REPRESENTATION_CONTEXT(2) 
PARAMETRIC_REPRESENTATION_CONTEXT() REPRESENTATION_CONTEXT('2D SPACE',''
  ) );
#15202 = PCURVE('',#5419,#15203);
#15203 = DEFINITIONAL_REPRESENTATION('',(#15204),#15208);
#15204 = LINE('',#15205,#15206);
#15205 = CARTESIAN_POINT('',(6.28318530718,0.));
#15206 = VECTOR('',#15207,1.);
#15207 = DIRECTION('',(0.,-1.));
#15208 = ( GEOMETRIC_REPRESENTATION_CONTEXT(2) 
PARAMETRIC_REPRESENTATION_CONTEXT() REPRESENTATION_CONTEXT('2D SPACE',''
  ) );
#15209 = ORIENTED_EDGE('',*,*,#5398,.T.);
#15210 = ORIENTED_EDGE('',*,*,#15187,.F.);
#15211 = ORIENTED_EDGE('',*,*,#15212,.F.);
#15212 = EDGE_CURVE('',#15188,#15188,#15213,.T.);
#15213 = SURFACE_CURVE('',#15214,(#15219,#15226),.PCURVE_S1.);
#15214 = CIRCLE('',#15215,0.4953);
#15215 = AXIS2_PLACEMENT_3D('',#15216,#15217,#15218);
#15216 = CARTESIAN_POINT('',(204.7,-66.158,0.));
#15217 = DIRECTION('',(-0.,-0.,-1.));
#15218 = DIRECTION('',(0.,-1.,0.));
#15219 = PCURVE('',#5419,#15220);
#15220 = DEFINITIONAL_REPRESENTATION('',(#15221),#15225);
#15221 = LINE('',#15222,#15223);
#15222 = CARTESIAN_POINT('',(0.,-4.6E-02));
#15223 = VECTOR('',#15224,1.);
#15224 = DIRECTION('',(1.,0.));
#15225 = ( GEOMETRIC_REPRESENTATION_CONTEXT(2) 
PARAMETRIC_REPRESENTATION_CONTEXT() REPRESENTATION_CONTEXT('2D SPACE',''
  ) );
#15226 = PCURVE('',#6733,#15227);
#15227 = DEFINITIONAL_REPRESENTATION('',(#15228),#15236);
#15228 = ( BOUNDED_CURVE() B_SPLINE_CURVE(2,(#15229,#15230,#15231,#15232
    ,#15233,#15234,#15235),.UNSPECIFIED.,.T.,.F.) 
B_SPLINE_CURVE_WITH_KNOTS((1,2,2,2,2,1),(-2.094395102393,0.,
    2.094395102393,4.188790204786,6.28318530718,8.377580409573),
.UNSPECIFIED.) CURVE() GEOMETRIC_REPRESENTATION_ITEM() 
RATIONAL_B_SPLINE_CURVE((1.,0.5,1.,0.5,1.,0.5,1.)) REPRESENTATION_ITEM(
  '') );
#15229 = CARTESIAN_POINT('',(204.7,-66.6533));
#15230 = CARTESIAN_POINT('',(203.84211523501,-66.6533));
#15231 = CARTESIAN_POINT('',(204.2710576175,-65.91035));
#15232 = CARTESIAN_POINT('',(204.7,-65.1674));
#15233 = CARTESIAN_POINT('',(205.12894238249,-65.91035));
#15234 = CARTESIAN_POINT('',(205.55788476498,-66.6533));
#15235 = CARTESIAN_POINT('',(204.7,-66.6533));
#15236 = ( GEOMETRIC_REPRESENTATION_CONTEXT(2) 
PARAMETRIC_REPRESENTATION_CONTEXT() REPRESENTATION_CONTEXT('2D SPACE',''
  ) );
#15237 = ADVANCED_FACE('',(#15238),#5454,.F.);
#15238 = FACE_BOUND('',#15239,.F.);
#15239 = EDGE_LOOP('',(#15240,#15263,#15264,#15265));
#15240 = ORIENTED_EDGE('',*,*,#15241,.T.);
#15241 = EDGE_CURVE('',#15242,#5434,#15244,.T.);
#15242 = VERTEX_POINT('',#15243);
#15243 = CARTESIAN_POINT('',(218.640422,-65.957423,0.));
#15244 = SEAM_CURVE('',#15245,(#15249,#15256),.PCURVE_S1.);
#15245 = LINE('',#15246,#15247);
#15246 = CARTESIAN_POINT('',(218.640422,-65.957423,-4.6E-02));
#15247 = VECTOR('',#15248,1.);
#15248 = DIRECTION('',(0.,0.,1.));
#15249 = PCURVE('',#5454,#15250);
#15250 = DEFINITIONAL_REPRESENTATION('',(#15251),#15255);
#15251 = LINE('',#15252,#15253);
#15252 = CARTESIAN_POINT('',(0.,0.));
#15253 = VECTOR('',#15254,1.);
#15254 = DIRECTION('',(0.,-1.));
#15255 = ( GEOMETRIC_REPRESENTATION_CONTEXT(2) 
PARAMETRIC_REPRESENTATION_CONTEXT() REPRESENTATION_CONTEXT('2D SPACE',''
  ) );
#15256 = PCURVE('',#5454,#15257);
#15257 = DEFINITIONAL_REPRESENTATION('',(#15258),#15262);
#15258 = LINE('',#15259,#15260);
#15259 = CARTESIAN_POINT('',(6.28318530718,0.));
#15260 = VECTOR('',#15261,1.);
#15261 = DIRECTION('',(0.,-1.));
#15262 = ( GEOMETRIC_REPRESENTATION_CONTEXT(2) 
PARAMETRIC_REPRESENTATION_CONTEXT() REPRESENTATION_CONTEXT('2D SPACE',''
  ) );
#15263 = ORIENTED_EDGE('',*,*,#5433,.T.);
#15264 = ORIENTED_EDGE('',*,*,#15241,.F.);
#15265 = ORIENTED_EDGE('',*,*,#15266,.F.);
#15266 = EDGE_CURVE('',#15242,#15242,#15267,.T.);
#15267 = SURFACE_CURVE('',#15268,(#15273,#15280),.PCURVE_S1.);
#15268 = CIRCLE('',#15269,0.635);
#15269 = AXIS2_PLACEMENT_3D('',#15270,#15271,#15272);
#15270 = CARTESIAN_POINT('',(218.640422,-65.322423,0.));
#15271 = DIRECTION('',(-0.,-0.,-1.));
#15272 = DIRECTION('',(0.,-1.,0.));
#15273 = PCURVE('',#5454,#15274);
#15274 = DEFINITIONAL_REPRESENTATION('',(#15275),#15279);
#15275 = LINE('',#15276,#15277);
#15276 = CARTESIAN_POINT('',(0.,-4.6E-02));
#15277 = VECTOR('',#15278,1.);
#15278 = DIRECTION('',(1.,0.));
#15279 = ( GEOMETRIC_REPRESENTATION_CONTEXT(2) 
PARAMETRIC_REPRESENTATION_CONTEXT() REPRESENTATION_CONTEXT('2D SPACE',''
  ) );
#15280 = PCURVE('',#6733,#15281);
#15281 = DEFINITIONAL_REPRESENTATION('',(#15282),#15290);
#15282 = ( BOUNDED_CURVE() B_SPLINE_CURVE(2,(#15283,#15284,#15285,#15286
    ,#15287,#15288,#15289),.UNSPECIFIED.,.T.,.F.) 
B_SPLINE_CURVE_WITH_KNOTS((1,2,2,2,2,1),(-2.094395102393,0.,
    2.094395102393,4.188790204786,6.28318530718,8.377580409573),
.UNSPECIFIED.) CURVE() GEOMETRIC_REPRESENTATION_ITEM() 
RATIONAL_B_SPLINE_CURVE((1.,0.5,1.,0.5,1.,0.5,1.)) REPRESENTATION_ITEM(
  '') );
#15283 = CARTESIAN_POINT('',(218.640422,-65.957423));
#15284 = CARTESIAN_POINT('',(217.54056973719,-65.957423));
#15285 = CARTESIAN_POINT('',(218.09049586859,-65.004923));
#15286 = CARTESIAN_POINT('',(218.640422,-64.052423));
#15287 = CARTESIAN_POINT('',(219.1903481314,-65.004923));
#15288 = CARTESIAN_POINT('',(219.7402742628,-65.957423));
#15289 = CARTESIAN_POINT('',(218.640422,-65.957423));
#15290 = ( GEOMETRIC_REPRESENTATION_CONTEXT(2) 
PARAMETRIC_REPRESENTATION_CONTEXT() REPRESENTATION_CONTEXT('2D SPACE',''
  ) );
#15291 = ADVANCED_FACE('',(#15292),#5489,.F.);
#15292 = FACE_BOUND('',#15293,.F.);
#15293 = EDGE_LOOP('',(#15294,#15317,#15318,#15319));
#15294 = ORIENTED_EDGE('',*,*,#15295,.T.);
#15295 = EDGE_CURVE('',#15296,#5469,#15298,.T.);
#15296 = VERTEX_POINT('',#15297);
#15297 = CARTESIAN_POINT('',(213.79909,-63.513756,0.));
#15298 = SEAM_CURVE('',#15299,(#15303,#15310),.PCURVE_S1.);
#15299 = LINE('',#15300,#15301);
#15300 = CARTESIAN_POINT('',(213.79909,-63.513756,-4.6E-02));
#15301 = VECTOR('',#15302,1.);
#15302 = DIRECTION('',(0.,0.,1.));
#15303 = PCURVE('',#5489,#15304);
#15304 = DEFINITIONAL_REPRESENTATION('',(#15305),#15309);
#15305 = LINE('',#15306,#15307);
#15306 = CARTESIAN_POINT('',(0.,0.));
#15307 = VECTOR('',#15308,1.);
#15308 = DIRECTION('',(0.,-1.));
#15309 = ( GEOMETRIC_REPRESENTATION_CONTEXT(2) 
PARAMETRIC_REPRESENTATION_CONTEXT() REPRESENTATION_CONTEXT('2D SPACE',''
  ) );
#15310 = PCURVE('',#5489,#15311);
#15311 = DEFINITIONAL_REPRESENTATION('',(#15312),#15316);
#15312 = LINE('',#15313,#15314);
#15313 = CARTESIAN_POINT('',(6.28318530718,0.));
#15314 = VECTOR('',#15315,1.);
#15315 = DIRECTION('',(0.,-1.));
#15316 = ( GEOMETRIC_REPRESENTATION_CONTEXT(2) 
PARAMETRIC_REPRESENTATION_CONTEXT() REPRESENTATION_CONTEXT('2D SPACE',''
  ) );
#15317 = ORIENTED_EDGE('',*,*,#5468,.T.);
#15318 = ORIENTED_EDGE('',*,*,#15295,.F.);
#15319 = ORIENTED_EDGE('',*,*,#15320,.F.);
#15320 = EDGE_CURVE('',#15296,#15296,#15321,.T.);
#15321 = SURFACE_CURVE('',#15322,(#15327,#15334),.PCURVE_S1.);
#15322 = CIRCLE('',#15323,0.635);
#15323 = AXIS2_PLACEMENT_3D('',#15324,#15325,#15326);
#15324 = CARTESIAN_POINT('',(213.79909,-62.878756,0.));
#15325 = DIRECTION('',(0.,-0.,-1.));
#15326 = DIRECTION('',(4.475859752819E-14,-1.,0.));
#15327 = PCURVE('',#5489,#15328);
#15328 = DEFINITIONAL_REPRESENTATION('',(#15329),#15333);
#15329 = LINE('',#15330,#15331);
#15330 = CARTESIAN_POINT('',(0.,-4.6E-02));
#15331 = VECTOR('',#15332,1.);
#15332 = DIRECTION('',(1.,0.));
#15333 = ( GEOMETRIC_REPRESENTATION_CONTEXT(2) 
PARAMETRIC_REPRESENTATION_CONTEXT() REPRESENTATION_CONTEXT('2D SPACE',''
  ) );
#15334 = PCURVE('',#6733,#15335);
#15335 = DEFINITIONAL_REPRESENTATION('',(#15336),#15344);
#15336 = ( BOUNDED_CURVE() B_SPLINE_CURVE(2,(#15337,#15338,#15339,#15340
    ,#15341,#15342,#15343),.UNSPECIFIED.,.T.,.F.) 
B_SPLINE_CURVE_WITH_KNOTS((1,2,2,2,2,1),(-2.094395102393,0.,
    2.094395102393,4.188790204786,6.28318530718,8.377580409573),
.UNSPECIFIED.) CURVE() GEOMETRIC_REPRESENTATION_ITEM() 
RATIONAL_B_SPLINE_CURVE((1.,0.5,1.,0.5,1.,0.5,1.)) REPRESENTATION_ITEM(
  '') );
#15337 = CARTESIAN_POINT('',(213.79909,-63.513756));
#15338 = CARTESIAN_POINT('',(212.69923773719,-63.513756));
#15339 = CARTESIAN_POINT('',(213.24916386859,-62.561256));
#15340 = CARTESIAN_POINT('',(213.79909,-61.608756));
#15341 = CARTESIAN_POINT('',(214.3490161314,-62.561256));
#15342 = CARTESIAN_POINT('',(214.8989422628,-63.513756));
#15343 = CARTESIAN_POINT('',(213.79909,-63.513756));
#15344 = ( GEOMETRIC_REPRESENTATION_CONTEXT(2) 
PARAMETRIC_REPRESENTATION_CONTEXT() REPRESENTATION_CONTEXT('2D SPACE',''
  ) );
#15345 = ADVANCED_FACE('',(#15346),#5524,.F.);
#15346 = FACE_BOUND('',#15347,.F.);
#15347 = EDGE_LOOP('',(#15348,#15371,#15372,#15373));
#15348 = ORIENTED_EDGE('',*,*,#15349,.T.);
#15349 = EDGE_CURVE('',#15350,#5504,#15352,.T.);
#15350 = VERTEX_POINT('',#15351);
#15351 = CARTESIAN_POINT('',(199.48,-59.875,0.));
#15352 = SEAM_CURVE('',#15353,(#15357,#15364),.PCURVE_S1.);
#15353 = LINE('',#15354,#15355);
#15354 = CARTESIAN_POINT('',(199.48,-59.875,-4.6E-02));
#15355 = VECTOR('',#15356,1.);
#15356 = DIRECTION('',(0.,0.,1.));
#15357 = PCURVE('',#5524,#15358);
#15358 = DEFINITIONAL_REPRESENTATION('',(#15359),#15363);
#15359 = LINE('',#15360,#15361);
#15360 = CARTESIAN_POINT('',(0.,0.));
#15361 = VECTOR('',#15362,1.);
#15362 = DIRECTION('',(0.,-1.));
#15363 = ( GEOMETRIC_REPRESENTATION_CONTEXT(2) 
PARAMETRIC_REPRESENTATION_CONTEXT() REPRESENTATION_CONTEXT('2D SPACE',''
  ) );
#15364 = PCURVE('',#5524,#15365);
#15365 = DEFINITIONAL_REPRESENTATION('',(#15366),#15370);
#15366 = LINE('',#15367,#15368);
#15367 = CARTESIAN_POINT('',(6.28318530718,0.));
#15368 = VECTOR('',#15369,1.);
#15369 = DIRECTION('',(0.,-1.));
#15370 = ( GEOMETRIC_REPRESENTATION_CONTEXT(2) 
PARAMETRIC_REPRESENTATION_CONTEXT() REPRESENTATION_CONTEXT('2D SPACE',''
  ) );
#15371 = ORIENTED_EDGE('',*,*,#5503,.T.);
#15372 = ORIENTED_EDGE('',*,*,#15349,.F.);
#15373 = ORIENTED_EDGE('',*,*,#15374,.F.);
#15374 = EDGE_CURVE('',#15350,#15350,#15375,.T.);
#15375 = SURFACE_CURVE('',#15376,(#15381,#15388),.PCURVE_S1.);
#15376 = CIRCLE('',#15377,0.635);
#15377 = AXIS2_PLACEMENT_3D('',#15378,#15379,#15380);
#15378 = CARTESIAN_POINT('',(199.48,-59.24,0.));
#15379 = DIRECTION('',(-0.,0.,-1.));
#15380 = DIRECTION('',(-4.475859752819E-14,-1.,0.));
#15381 = PCURVE('',#5524,#15382);
#15382 = DEFINITIONAL_REPRESENTATION('',(#15383),#15387);
#15383 = LINE('',#15384,#15385);
#15384 = CARTESIAN_POINT('',(0.,-4.6E-02));
#15385 = VECTOR('',#15386,1.);
#15386 = DIRECTION('',(1.,0.));
#15387 = ( GEOMETRIC_REPRESENTATION_CONTEXT(2) 
PARAMETRIC_REPRESENTATION_CONTEXT() REPRESENTATION_CONTEXT('2D SPACE',''
  ) );
#15388 = PCURVE('',#6733,#15389);
#15389 = DEFINITIONAL_REPRESENTATION('',(#15390),#15398);
#15390 = ( BOUNDED_CURVE() B_SPLINE_CURVE(2,(#15391,#15392,#15393,#15394
    ,#15395,#15396,#15397),.UNSPECIFIED.,.T.,.F.) 
B_SPLINE_CURVE_WITH_KNOTS((1,2,2,2,2,1),(-2.094395102393,0.,
    2.094395102393,4.188790204786,6.28318530718,8.377580409573),
.UNSPECIFIED.) CURVE() GEOMETRIC_REPRESENTATION_ITEM() 
RATIONAL_B_SPLINE_CURVE((1.,0.5,1.,0.5,1.,0.5,1.)) REPRESENTATION_ITEM(
  '') );
#15391 = CARTESIAN_POINT('',(199.48,-59.875));
#15392 = CARTESIAN_POINT('',(198.38014773719,-59.875));
#15393 = CARTESIAN_POINT('',(198.93007386859,-58.9225));
#15394 = CARTESIAN_POINT('',(199.48,-57.97));
#15395 = CARTESIAN_POINT('',(200.0299261314,-58.9225));
#15396 = CARTESIAN_POINT('',(200.5798522628,-59.875));
#15397 = CARTESIAN_POINT('',(199.48,-59.875));
#15398 = ( GEOMETRIC_REPRESENTATION_CONTEXT(2) 
PARAMETRIC_REPRESENTATION_CONTEXT() REPRESENTATION_CONTEXT('2D SPACE',''
  ) );
#15399 = ADVANCED_FACE('',(#15400),#5559,.F.);
#15400 = FACE_BOUND('',#15401,.F.);
#15401 = EDGE_LOOP('',(#15402,#15425,#15426,#15427));
#15402 = ORIENTED_EDGE('',*,*,#15403,.T.);
#15403 = EDGE_CURVE('',#15404,#5539,#15406,.T.);
#15404 = VERTEX_POINT('',#15405);
#15405 = CARTESIAN_POINT('',(194.48,-57.775,0.));
#15406 = SEAM_CURVE('',#15407,(#15411,#15418),.PCURVE_S1.);
#15407 = LINE('',#15408,#15409);
#15408 = CARTESIAN_POINT('',(194.48,-57.775,-4.6E-02));
#15409 = VECTOR('',#15410,1.);
#15410 = DIRECTION('',(0.,0.,1.));
#15411 = PCURVE('',#5559,#15412);
#15412 = DEFINITIONAL_REPRESENTATION('',(#15413),#15417);
#15413 = LINE('',#15414,#15415);
#15414 = CARTESIAN_POINT('',(0.,0.));
#15415 = VECTOR('',#15416,1.);
#15416 = DIRECTION('',(0.,-1.));
#15417 = ( GEOMETRIC_REPRESENTATION_CONTEXT(2) 
PARAMETRIC_REPRESENTATION_CONTEXT() REPRESENTATION_CONTEXT('2D SPACE',''
  ) );
#15418 = PCURVE('',#5559,#15419);
#15419 = DEFINITIONAL_REPRESENTATION('',(#15420),#15424);
#15420 = LINE('',#15421,#15422);
#15421 = CARTESIAN_POINT('',(6.28318530718,0.));
#15422 = VECTOR('',#15423,1.);
#15423 = DIRECTION('',(0.,-1.));
#15424 = ( GEOMETRIC_REPRESENTATION_CONTEXT(2) 
PARAMETRIC_REPRESENTATION_CONTEXT() REPRESENTATION_CONTEXT('2D SPACE',''
  ) );
#15425 = ORIENTED_EDGE('',*,*,#5538,.T.);
#15426 = ORIENTED_EDGE('',*,*,#15403,.F.);
#15427 = ORIENTED_EDGE('',*,*,#15428,.F.);
#15428 = EDGE_CURVE('',#15404,#15404,#15429,.T.);
#15429 = SURFACE_CURVE('',#15430,(#15435,#15442),.PCURVE_S1.);
#15430 = CIRCLE('',#15431,0.635);
#15431 = AXIS2_PLACEMENT_3D('',#15432,#15433,#15434);
#15432 = CARTESIAN_POINT('',(194.48,-57.14,0.));
#15433 = DIRECTION('',(-0.,0.,-1.));
#15434 = DIRECTION('',(-4.475859752819E-14,-1.,0.));
#15435 = PCURVE('',#5559,#15436);
#15436 = DEFINITIONAL_REPRESENTATION('',(#15437),#15441);
#15437 = LINE('',#15438,#15439);
#15438 = CARTESIAN_POINT('',(0.,-4.6E-02));
#15439 = VECTOR('',#15440,1.);
#15440 = DIRECTION('',(1.,0.));
#15441 = ( GEOMETRIC_REPRESENTATION_CONTEXT(2) 
PARAMETRIC_REPRESENTATION_CONTEXT() REPRESENTATION_CONTEXT('2D SPACE',''
  ) );
#15442 = PCURVE('',#6733,#15443);
#15443 = DEFINITIONAL_REPRESENTATION('',(#15444),#15452);
#15444 = ( BOUNDED_CURVE() B_SPLINE_CURVE(2,(#15445,#15446,#15447,#15448
    ,#15449,#15450,#15451),.UNSPECIFIED.,.T.,.F.) 
B_SPLINE_CURVE_WITH_KNOTS((1,2,2,2,2,1),(-2.094395102393,0.,
    2.094395102393,4.188790204786,6.28318530718,8.377580409573),
.UNSPECIFIED.) CURVE() GEOMETRIC_REPRESENTATION_ITEM() 
RATIONAL_B_SPLINE_CURVE((1.,0.5,1.,0.5,1.,0.5,1.)) REPRESENTATION_ITEM(
  '') );
#15445 = CARTESIAN_POINT('',(194.48,-57.775));
#15446 = CARTESIAN_POINT('',(193.38014773719,-57.775));
#15447 = CARTESIAN_POINT('',(193.93007386859,-56.8225));
#15448 = CARTESIAN_POINT('',(194.48,-55.87));
#15449 = CARTESIAN_POINT('',(195.0299261314,-56.8225));
#15450 = CARTESIAN_POINT('',(195.5798522628,-57.775));
#15451 = CARTESIAN_POINT('',(194.48,-57.775));
#15452 = ( GEOMETRIC_REPRESENTATION_CONTEXT(2) 
PARAMETRIC_REPRESENTATION_CONTEXT() REPRESENTATION_CONTEXT('2D SPACE',''
  ) );
#15453 = ADVANCED_FACE('',(#15454),#5594,.F.);
#15454 = FACE_BOUND('',#15455,.F.);
#15455 = EDGE_LOOP('',(#15456,#15479,#15480,#15481));
#15456 = ORIENTED_EDGE('',*,*,#15457,.T.);
#15457 = EDGE_CURVE('',#15458,#5574,#15460,.T.);
#15458 = VERTEX_POINT('',#15459);
#15459 = CARTESIAN_POINT('',(193.98,-54.1909,0.));
#15460 = SEAM_CURVE('',#15461,(#15465,#15472),.PCURVE_S1.);
#15461 = LINE('',#15462,#15463);
#15462 = CARTESIAN_POINT('',(193.98,-54.1909,-4.6E-02));
#15463 = VECTOR('',#15464,1.);
#15464 = DIRECTION('',(0.,0.,1.));
#15465 = PCURVE('',#5594,#15466);
#15466 = DEFINITIONAL_REPRESENTATION('',(#15467),#15471);
#15467 = LINE('',#15468,#15469);
#15468 = CARTESIAN_POINT('',(0.,0.));
#15469 = VECTOR('',#15470,1.);
#15470 = DIRECTION('',(0.,-1.));
#15471 = ( GEOMETRIC_REPRESENTATION_CONTEXT(2) 
PARAMETRIC_REPRESENTATION_CONTEXT() REPRESENTATION_CONTEXT('2D SPACE',''
  ) );
#15472 = PCURVE('',#5594,#15473);
#15473 = DEFINITIONAL_REPRESENTATION('',(#15474),#15478);
#15474 = LINE('',#15475,#15476);
#15475 = CARTESIAN_POINT('',(6.28318530718,0.));
#15476 = VECTOR('',#15477,1.);
#15477 = DIRECTION('',(0.,-1.));
#15478 = ( GEOMETRIC_REPRESENTATION_CONTEXT(2) 
PARAMETRIC_REPRESENTATION_CONTEXT() REPRESENTATION_CONTEXT('2D SPACE',''
  ) );
#15479 = ORIENTED_EDGE('',*,*,#5573,.T.);
#15480 = ORIENTED_EDGE('',*,*,#15457,.F.);
#15481 = ORIENTED_EDGE('',*,*,#15482,.F.);
#15482 = EDGE_CURVE('',#15458,#15458,#15483,.T.);
#15483 = SURFACE_CURVE('',#15484,(#15489,#15496),.PCURVE_S1.);
#15484 = CIRCLE('',#15485,0.8509);
#15485 = AXIS2_PLACEMENT_3D('',#15486,#15487,#15488);
#15486 = CARTESIAN_POINT('',(193.98,-53.34,0.));
#15487 = DIRECTION('',(-0.,0.,-1.));
#15488 = DIRECTION('',(-3.340193845388E-14,-1.,0.));
#15489 = PCURVE('',#5594,#15490);
#15490 = DEFINITIONAL_REPRESENTATION('',(#15491),#15495);
#15491 = LINE('',#15492,#15493);
#15492 = CARTESIAN_POINT('',(0.,-4.6E-02));
#15493 = VECTOR('',#15494,1.);
#15494 = DIRECTION('',(1.,0.));
#15495 = ( GEOMETRIC_REPRESENTATION_CONTEXT(2) 
PARAMETRIC_REPRESENTATION_CONTEXT() REPRESENTATION_CONTEXT('2D SPACE',''
  ) );
#15496 = PCURVE('',#6733,#15497);
#15497 = DEFINITIONAL_REPRESENTATION('',(#15498),#15506);
#15498 = ( BOUNDED_CURVE() B_SPLINE_CURVE(2,(#15499,#15500,#15501,#15502
    ,#15503,#15504,#15505),.UNSPECIFIED.,.T.,.F.) 
B_SPLINE_CURVE_WITH_KNOTS((1,2,2,2,2,1),(-2.094395102393,0.,
    2.094395102393,4.188790204786,6.28318530718,8.377580409573),
.UNSPECIFIED.) CURVE() GEOMETRIC_REPRESENTATION_ITEM() 
RATIONAL_B_SPLINE_CURVE((1.,0.5,1.,0.5,1.,0.5,1.)) REPRESENTATION_ITEM(
  '') );
#15499 = CARTESIAN_POINT('',(193.98,-54.1909));
#15500 = CARTESIAN_POINT('',(192.50619796784,-54.1909));
#15501 = CARTESIAN_POINT('',(193.24309898392,-52.91455));
#15502 = CARTESIAN_POINT('',(193.98,-51.6382));
#15503 = CARTESIAN_POINT('',(194.71690101608,-52.91455));
#15504 = CARTESIAN_POINT('',(195.45380203216,-54.1909));
#15505 = CARTESIAN_POINT('',(193.98,-54.1909));
#15506 = ( GEOMETRIC_REPRESENTATION_CONTEXT(2) 
PARAMETRIC_REPRESENTATION_CONTEXT() REPRESENTATION_CONTEXT('2D SPACE',''
  ) );
#15507 = ADVANCED_FACE('',(#15508),#5629,.F.);
#15508 = FACE_BOUND('',#15509,.F.);
#15509 = EDGE_LOOP('',(#15510,#15533,#15534,#15535));
#15510 = ORIENTED_EDGE('',*,*,#15511,.T.);
#15511 = EDGE_CURVE('',#15512,#5609,#15514,.T.);
#15512 = VERTEX_POINT('',#15513);
#15513 = CARTESIAN_POINT('',(199.48,-55.0545,0.));
#15514 = SEAM_CURVE('',#15515,(#15519,#15526),.PCURVE_S1.);
#15515 = LINE('',#15516,#15517);
#15516 = CARTESIAN_POINT('',(199.48,-55.0545,-4.6E-02));
#15517 = VECTOR('',#15518,1.);
#15518 = DIRECTION('',(0.,0.,1.));
#15519 = PCURVE('',#5629,#15520);
#15520 = DEFINITIONAL_REPRESENTATION('',(#15521),#15525);
#15521 = LINE('',#15522,#15523);
#15522 = CARTESIAN_POINT('',(0.,0.));
#15523 = VECTOR('',#15524,1.);
#15524 = DIRECTION('',(0.,-1.));
#15525 = ( GEOMETRIC_REPRESENTATION_CONTEXT(2) 
PARAMETRIC_REPRESENTATION_CONTEXT() REPRESENTATION_CONTEXT('2D SPACE',''
  ) );
#15526 = PCURVE('',#5629,#15527);
#15527 = DEFINITIONAL_REPRESENTATION('',(#15528),#15532);
#15528 = LINE('',#15529,#15530);
#15529 = CARTESIAN_POINT('',(6.28318530718,0.));
#15530 = VECTOR('',#15531,1.);
#15531 = DIRECTION('',(0.,-1.));
#15532 = ( GEOMETRIC_REPRESENTATION_CONTEXT(2) 
PARAMETRIC_REPRESENTATION_CONTEXT() REPRESENTATION_CONTEXT('2D SPACE',''
  ) );
#15533 = ORIENTED_EDGE('',*,*,#5608,.T.);
#15534 = ORIENTED_EDGE('',*,*,#15511,.F.);
#15535 = ORIENTED_EDGE('',*,*,#15536,.F.);
#15536 = EDGE_CURVE('',#15512,#15512,#15537,.T.);
#15537 = SURFACE_CURVE('',#15538,(#15543,#15550),.PCURVE_S1.);
#15538 = CIRCLE('',#15539,1.7145);
#15539 = AXIS2_PLACEMENT_3D('',#15540,#15541,#15542);
#15540 = CARTESIAN_POINT('',(199.48,-53.34,0.));
#15541 = DIRECTION('',(-0.,0.,-1.));
#15542 = DIRECTION('',(-1.657725834378E-14,-1.,0.));
#15543 = PCURVE('',#5629,#15544);
#15544 = DEFINITIONAL_REPRESENTATION('',(#15545),#15549);
#15545 = LINE('',#15546,#15547);
#15546 = CARTESIAN_POINT('',(0.,-4.6E-02));
#15547 = VECTOR('',#15548,1.);
#15548 = DIRECTION('',(1.,0.));
#15549 = ( GEOMETRIC_REPRESENTATION_CONTEXT(2) 
PARAMETRIC_REPRESENTATION_CONTEXT() REPRESENTATION_CONTEXT('2D SPACE',''
  ) );
#15550 = PCURVE('',#6733,#15551);
#15551 = DEFINITIONAL_REPRESENTATION('',(#15552),#15560);
#15552 = ( BOUNDED_CURVE() B_SPLINE_CURVE(2,(#15553,#15554,#15555,#15556
    ,#15557,#15558,#15559),.UNSPECIFIED.,.T.,.F.) 
B_SPLINE_CURVE_WITH_KNOTS((1,2,2,2,2,1),(-2.094395102393,0.,
    2.094395102393,4.188790204786,6.28318530718,8.377580409573),
.UNSPECIFIED.) CURVE() GEOMETRIC_REPRESENTATION_ITEM() 
RATIONAL_B_SPLINE_CURVE((1.,0.5,1.,0.5,1.,0.5,1.)) REPRESENTATION_ITEM(
  '') );
#15553 = CARTESIAN_POINT('',(199.48,-55.0545));
#15554 = CARTESIAN_POINT('',(196.51039889042,-55.0545));
#15555 = CARTESIAN_POINT('',(197.99519944521,-52.48275));
#15556 = CARTESIAN_POINT('',(199.48,-49.911));
#15557 = CARTESIAN_POINT('',(200.96480055478,-52.48275));
#15558 = CARTESIAN_POINT('',(202.44960110957,-55.0545));
#15559 = CARTESIAN_POINT('',(199.48,-55.0545));
#15560 = ( GEOMETRIC_REPRESENTATION_CONTEXT(2) 
PARAMETRIC_REPRESENTATION_CONTEXT() REPRESENTATION_CONTEXT('2D SPACE',''
  ) );
#15561 = ADVANCED_FACE('',(#15562),#5664,.F.);
#15562 = FACE_BOUND('',#15563,.F.);
#15563 = EDGE_LOOP('',(#15564,#15587,#15588,#15589));
#15564 = ORIENTED_EDGE('',*,*,#15565,.T.);
#15565 = EDGE_CURVE('',#15566,#5644,#15568,.T.);
#15566 = VERTEX_POINT('',#15567);
#15567 = CARTESIAN_POINT('',(204.98,-54.1909,0.));
#15568 = SEAM_CURVE('',#15569,(#15573,#15580),.PCURVE_S1.);
#15569 = LINE('',#15570,#15571);
#15570 = CARTESIAN_POINT('',(204.98,-54.1909,-4.6E-02));
#15571 = VECTOR('',#15572,1.);
#15572 = DIRECTION('',(0.,0.,1.));
#15573 = PCURVE('',#5664,#15574);
#15574 = DEFINITIONAL_REPRESENTATION('',(#15575),#15579);
#15575 = LINE('',#15576,#15577);
#15576 = CARTESIAN_POINT('',(0.,0.));
#15577 = VECTOR('',#15578,1.);
#15578 = DIRECTION('',(0.,-1.));
#15579 = ( GEOMETRIC_REPRESENTATION_CONTEXT(2) 
PARAMETRIC_REPRESENTATION_CONTEXT() REPRESENTATION_CONTEXT('2D SPACE',''
  ) );
#15580 = PCURVE('',#5664,#15581);
#15581 = DEFINITIONAL_REPRESENTATION('',(#15582),#15586);
#15582 = LINE('',#15583,#15584);
#15583 = CARTESIAN_POINT('',(6.28318530718,0.));
#15584 = VECTOR('',#15585,1.);
#15585 = DIRECTION('',(0.,-1.));
#15586 = ( GEOMETRIC_REPRESENTATION_CONTEXT(2) 
PARAMETRIC_REPRESENTATION_CONTEXT() REPRESENTATION_CONTEXT('2D SPACE',''
  ) );
#15587 = ORIENTED_EDGE('',*,*,#5643,.T.);
#15588 = ORIENTED_EDGE('',*,*,#15565,.F.);
#15589 = ORIENTED_EDGE('',*,*,#15590,.F.);
#15590 = EDGE_CURVE('',#15566,#15566,#15591,.T.);
#15591 = SURFACE_CURVE('',#15592,(#15597,#15604),.PCURVE_S1.);
#15592 = CIRCLE('',#15593,0.8509);
#15593 = AXIS2_PLACEMENT_3D('',#15594,#15595,#15596);
#15594 = CARTESIAN_POINT('',(204.98,-53.34,0.));
#15595 = DIRECTION('',(-0.,0.,-1.));
#15596 = DIRECTION('',(-3.340193845388E-14,-1.,0.));
#15597 = PCURVE('',#5664,#15598);
#15598 = DEFINITIONAL_REPRESENTATION('',(#15599),#15603);
#15599 = LINE('',#15600,#15601);
#15600 = CARTESIAN_POINT('',(0.,-4.6E-02));
#15601 = VECTOR('',#15602,1.);
#15602 = DIRECTION('',(1.,0.));
#15603 = ( GEOMETRIC_REPRESENTATION_CONTEXT(2) 
PARAMETRIC_REPRESENTATION_CONTEXT() REPRESENTATION_CONTEXT('2D SPACE',''
  ) );
#15604 = PCURVE('',#6733,#15605);
#15605 = DEFINITIONAL_REPRESENTATION('',(#15606),#15614);
#15606 = ( BOUNDED_CURVE() B_SPLINE_CURVE(2,(#15607,#15608,#15609,#15610
    ,#15611,#15612,#15613),.UNSPECIFIED.,.T.,.F.) 
B_SPLINE_CURVE_WITH_KNOTS((1,2,2,2,2,1),(-2.094395102393,0.,
    2.094395102393,4.188790204786,6.28318530718,8.377580409573),
.UNSPECIFIED.) CURVE() GEOMETRIC_REPRESENTATION_ITEM() 
RATIONAL_B_SPLINE_CURVE((1.,0.5,1.,0.5,1.,0.5,1.)) REPRESENTATION_ITEM(
  '') );
#15607 = CARTESIAN_POINT('',(204.98,-54.1909));
#15608 = CARTESIAN_POINT('',(203.50619796784,-54.1909));
#15609 = CARTESIAN_POINT('',(204.24309898392,-52.91455));
#15610 = CARTESIAN_POINT('',(204.98,-51.6382));
#15611 = CARTESIAN_POINT('',(205.71690101608,-52.91455));
#15612 = CARTESIAN_POINT('',(206.45380203216,-54.1909));
#15613 = CARTESIAN_POINT('',(204.98,-54.1909));
#15614 = ( GEOMETRIC_REPRESENTATION_CONTEXT(2) 
PARAMETRIC_REPRESENTATION_CONTEXT() REPRESENTATION_CONTEXT('2D SPACE',''
  ) );
#15615 = ADVANCED_FACE('',(#15616),#5699,.F.);
#15616 = FACE_BOUND('',#15617,.F.);
#15617 = EDGE_LOOP('',(#15618,#15641,#15642,#15643));
#15618 = ORIENTED_EDGE('',*,*,#15619,.T.);
#15619 = EDGE_CURVE('',#15620,#5679,#15622,.T.);
#15620 = VERTEX_POINT('',#15621);
#15621 = CARTESIAN_POINT('',(213.565383,-59.904034,0.));
#15622 = SEAM_CURVE('',#15623,(#15627,#15634),.PCURVE_S1.);
#15623 = LINE('',#15624,#15625);
#15624 = CARTESIAN_POINT('',(213.565383,-59.904034,-4.6E-02));
#15625 = VECTOR('',#15626,1.);
#15626 = DIRECTION('',(0.,0.,1.));
#15627 = PCURVE('',#5699,#15628);
#15628 = DEFINITIONAL_REPRESENTATION('',(#15629),#15633);
#15629 = LINE('',#15630,#15631);
#15630 = CARTESIAN_POINT('',(0.,0.));
#15631 = VECTOR('',#15632,1.);
#15632 = DIRECTION('',(0.,-1.));
#15633 = ( GEOMETRIC_REPRESENTATION_CONTEXT(2) 
PARAMETRIC_REPRESENTATION_CONTEXT() REPRESENTATION_CONTEXT('2D SPACE',''
  ) );
#15634 = PCURVE('',#5699,#15635);
#15635 = DEFINITIONAL_REPRESENTATION('',(#15636),#15640);
#15636 = LINE('',#15637,#15638);
#15637 = CARTESIAN_POINT('',(6.28318530718,0.));
#15638 = VECTOR('',#15639,1.);
#15639 = DIRECTION('',(0.,-1.));
#15640 = ( GEOMETRIC_REPRESENTATION_CONTEXT(2) 
PARAMETRIC_REPRESENTATION_CONTEXT() REPRESENTATION_CONTEXT('2D SPACE',''
  ) );
#15641 = ORIENTED_EDGE('',*,*,#5678,.T.);
#15642 = ORIENTED_EDGE('',*,*,#15619,.F.);
#15643 = ORIENTED_EDGE('',*,*,#15644,.F.);
#15644 = EDGE_CURVE('',#15620,#15620,#15645,.T.);
#15645 = SURFACE_CURVE('',#15646,(#15651,#15658),.PCURVE_S1.);
#15646 = CIRCLE('',#15647,0.8509);
#15647 = AXIS2_PLACEMENT_3D('',#15648,#15649,#15650);
#15648 = CARTESIAN_POINT('',(213.565383,-59.053134,0.));
#15649 = DIRECTION('',(-0.,-0.,-1.));
#15650 = DIRECTION('',(0.,-1.,0.));
#15651 = PCURVE('',#5699,#15652);
#15652 = DEFINITIONAL_REPRESENTATION('',(#15653),#15657);
#15653 = LINE('',#15654,#15655);
#15654 = CARTESIAN_POINT('',(0.,-4.6E-02));
#15655 = VECTOR('',#15656,1.);
#15656 = DIRECTION('',(1.,0.));
#15657 = ( GEOMETRIC_REPRESENTATION_CONTEXT(2) 
PARAMETRIC_REPRESENTATION_CONTEXT() REPRESENTATION_CONTEXT('2D SPACE',''
  ) );
#15658 = PCURVE('',#6733,#15659);
#15659 = DEFINITIONAL_REPRESENTATION('',(#15660),#15668);
#15660 = ( BOUNDED_CURVE() B_SPLINE_CURVE(2,(#15661,#15662,#15663,#15664
    ,#15665,#15666,#15667),.UNSPECIFIED.,.T.,.F.) 
B_SPLINE_CURVE_WITH_KNOTS((1,2,2,2,2,1),(-2.094395102393,0.,
    2.094395102393,4.188790204786,6.28318530718,8.377580409573),
.UNSPECIFIED.) CURVE() GEOMETRIC_REPRESENTATION_ITEM() 
RATIONAL_B_SPLINE_CURVE((1.,0.5,1.,0.5,1.,0.5,1.)) REPRESENTATION_ITEM(
  '') );
#15661 = CARTESIAN_POINT('',(213.565383,-59.904034));
#15662 = CARTESIAN_POINT('',(212.09158096784,-59.904034));
#15663 = CARTESIAN_POINT('',(212.82848198392,-58.627684));
#15664 = CARTESIAN_POINT('',(213.565383,-57.351334));
#15665 = CARTESIAN_POINT('',(214.30228401608,-58.627684));
#15666 = CARTESIAN_POINT('',(215.03918503216,-59.904034));
#15667 = CARTESIAN_POINT('',(213.565383,-59.904034));
#15668 = ( GEOMETRIC_REPRESENTATION_CONTEXT(2) 
PARAMETRIC_REPRESENTATION_CONTEXT() REPRESENTATION_CONTEXT('2D SPACE',''
  ) );
#15669 = ADVANCED_FACE('',(#15670),#5734,.F.);
#15670 = FACE_BOUND('',#15671,.F.);
#15671 = EDGE_LOOP('',(#15672,#15695,#15696,#15697));
#15672 = ORIENTED_EDGE('',*,*,#15673,.T.);
#15673 = EDGE_CURVE('',#15674,#5714,#15676,.T.);
#15674 = VERTEX_POINT('',#15675);
#15675 = CARTESIAN_POINT('',(219.051985,-61.151295,0.));
#15676 = SEAM_CURVE('',#15677,(#15681,#15688),.PCURVE_S1.);
#15677 = LINE('',#15678,#15679);
#15678 = CARTESIAN_POINT('',(219.051985,-61.151295,-4.6E-02));
#15679 = VECTOR('',#15680,1.);
#15680 = DIRECTION('',(0.,0.,1.));
#15681 = PCURVE('',#5734,#15682);
#15682 = DEFINITIONAL_REPRESENTATION('',(#15683),#15687);
#15683 = LINE('',#15684,#15685);
#15684 = CARTESIAN_POINT('',(0.,0.));
#15685 = VECTOR('',#15686,1.);
#15686 = DIRECTION('',(0.,-1.));
#15687 = ( GEOMETRIC_REPRESENTATION_CONTEXT(2) 
PARAMETRIC_REPRESENTATION_CONTEXT() REPRESENTATION_CONTEXT('2D SPACE',''
  ) );
#15688 = PCURVE('',#5734,#15689);
#15689 = DEFINITIONAL_REPRESENTATION('',(#15690),#15694);
#15690 = LINE('',#15691,#15692);
#15691 = CARTESIAN_POINT('',(6.28318530718,0.));
#15692 = VECTOR('',#15693,1.);
#15693 = DIRECTION('',(0.,-1.));
#15694 = ( GEOMETRIC_REPRESENTATION_CONTEXT(2) 
PARAMETRIC_REPRESENTATION_CONTEXT() REPRESENTATION_CONTEXT('2D SPACE',''
  ) );
#15695 = ORIENTED_EDGE('',*,*,#5713,.T.);
#15696 = ORIENTED_EDGE('',*,*,#15673,.F.);
#15697 = ORIENTED_EDGE('',*,*,#15698,.F.);
#15698 = EDGE_CURVE('',#15674,#15674,#15699,.T.);
#15699 = SURFACE_CURVE('',#15700,(#15705,#15712),.PCURVE_S1.);
#15700 = CIRCLE('',#15701,1.7145);
#15701 = AXIS2_PLACEMENT_3D('',#15702,#15703,#15704);
#15702 = CARTESIAN_POINT('',(219.051985,-59.436795,0.));
#15703 = DIRECTION('',(-0.,-0.,-1.));
#15704 = DIRECTION('',(0.,-1.,0.));
#15705 = PCURVE('',#5734,#15706);
#15706 = DEFINITIONAL_REPRESENTATION('',(#15707),#15711);
#15707 = LINE('',#15708,#15709);
#15708 = CARTESIAN_POINT('',(0.,-4.6E-02));
#15709 = VECTOR('',#15710,1.);
#15710 = DIRECTION('',(1.,0.));
#15711 = ( GEOMETRIC_REPRESENTATION_CONTEXT(2) 
PARAMETRIC_REPRESENTATION_CONTEXT() REPRESENTATION_CONTEXT('2D SPACE',''
  ) );
#15712 = PCURVE('',#6733,#15713);
#15713 = DEFINITIONAL_REPRESENTATION('',(#15714),#15722);
#15714 = ( BOUNDED_CURVE() B_SPLINE_CURVE(2,(#15715,#15716,#15717,#15718
    ,#15719,#15720,#15721),.UNSPECIFIED.,.T.,.F.) 
B_SPLINE_CURVE_WITH_KNOTS((1,2,2,2,2,1),(-2.094395102393,0.,
    2.094395102393,4.188790204786,6.28318530718,8.377580409573),
.UNSPECIFIED.) CURVE() GEOMETRIC_REPRESENTATION_ITEM() 
RATIONAL_B_SPLINE_CURVE((1.,0.5,1.,0.5,1.,0.5,1.)) REPRESENTATION_ITEM(
  '') );
#15715 = CARTESIAN_POINT('',(219.051985,-61.151295));
#15716 = CARTESIAN_POINT('',(216.08238389042,-61.151295));
#15717 = CARTESIAN_POINT('',(217.56718444521,-58.579545));
#15718 = CARTESIAN_POINT('',(219.051985,-56.007795));
#15719 = CARTESIAN_POINT('',(220.53678555478,-58.579545));
#15720 = CARTESIAN_POINT('',(222.02158610957,-61.151295));
#15721 = CARTESIAN_POINT('',(219.051985,-61.151295));
#15722 = ( GEOMETRIC_REPRESENTATION_CONTEXT(2) 
PARAMETRIC_REPRESENTATION_CONTEXT() REPRESENTATION_CONTEXT('2D SPACE',''
  ) );
#15723 = ADVANCED_FACE('',(#15724),#5769,.F.);
#15724 = FACE_BOUND('',#15725,.F.);
#15725 = EDGE_LOOP('',(#15726,#15749,#15750,#15751));
#15726 = ORIENTED_EDGE('',*,*,#15727,.T.);
#15727 = EDGE_CURVE('',#15728,#5749,#15730,.T.);
#15728 = VERTEX_POINT('',#15729);
#15729 = CARTESIAN_POINT('',(209.534,-53.224,0.));
#15730 = SEAM_CURVE('',#15731,(#15735,#15742),.PCURVE_S1.);
#15731 = LINE('',#15732,#15733);
#15732 = CARTESIAN_POINT('',(209.534,-53.224,-4.6E-02));
#15733 = VECTOR('',#15734,1.);
#15734 = DIRECTION('',(0.,0.,1.));
#15735 = PCURVE('',#5769,#15736);
#15736 = DEFINITIONAL_REPRESENTATION('',(#15737),#15741);
#15737 = LINE('',#15738,#15739);
#15738 = CARTESIAN_POINT('',(0.,0.));
#15739 = VECTOR('',#15740,1.);
#15740 = DIRECTION('',(0.,-1.));
#15741 = ( GEOMETRIC_REPRESENTATION_CONTEXT(2) 
PARAMETRIC_REPRESENTATION_CONTEXT() REPRESENTATION_CONTEXT('2D SPACE',''
  ) );
#15742 = PCURVE('',#5769,#15743);
#15743 = DEFINITIONAL_REPRESENTATION('',(#15744),#15748);
#15744 = LINE('',#15745,#15746);
#15745 = CARTESIAN_POINT('',(6.28318530718,0.));
#15746 = VECTOR('',#15747,1.);
#15747 = DIRECTION('',(0.,-1.));
#15748 = ( GEOMETRIC_REPRESENTATION_CONTEXT(2) 
PARAMETRIC_REPRESENTATION_CONTEXT() REPRESENTATION_CONTEXT('2D SPACE',''
  ) );
#15749 = ORIENTED_EDGE('',*,*,#5748,.T.);
#15750 = ORIENTED_EDGE('',*,*,#15727,.F.);
#15751 = ORIENTED_EDGE('',*,*,#15752,.F.);
#15752 = EDGE_CURVE('',#15728,#15728,#15753,.T.);
#15753 = SURFACE_CURVE('',#15754,(#15759,#15766),.PCURVE_S1.);
#15754 = CIRCLE('',#15755,1.1);
#15755 = AXIS2_PLACEMENT_3D('',#15756,#15757,#15758);
#15756 = CARTESIAN_POINT('',(209.534,-52.124,0.));
#15757 = DIRECTION('',(-0.,-0.,-1.));
#15758 = DIRECTION('',(0.,-1.,0.));
#15759 = PCURVE('',#5769,#15760);
#15760 = DEFINITIONAL_REPRESENTATION('',(#15761),#15765);
#15761 = LINE('',#15762,#15763);
#15762 = CARTESIAN_POINT('',(0.,-4.6E-02));
#15763 = VECTOR('',#15764,1.);
#15764 = DIRECTION('',(1.,0.));
#15765 = ( GEOMETRIC_REPRESENTATION_CONTEXT(2) 
PARAMETRIC_REPRESENTATION_CONTEXT() REPRESENTATION_CONTEXT('2D SPACE',''
  ) );
#15766 = PCURVE('',#6733,#15767);
#15767 = DEFINITIONAL_REPRESENTATION('',(#15768),#15776);
#15768 = ( BOUNDED_CURVE() B_SPLINE_CURVE(2,(#15769,#15770,#15771,#15772
    ,#15773,#15774,#15775),.UNSPECIFIED.,.T.,.F.) 
B_SPLINE_CURVE_WITH_KNOTS((1,2,2,2,2,1),(-2.094395102393,0.,
    2.094395102393,4.188790204786,6.28318530718,8.377580409573),
.UNSPECIFIED.) CURVE() GEOMETRIC_REPRESENTATION_ITEM() 
RATIONAL_B_SPLINE_CURVE((1.,0.5,1.,0.5,1.,0.5,1.)) REPRESENTATION_ITEM(
  '') );
#15769 = CARTESIAN_POINT('',(209.534,-53.224));
#15770 = CARTESIAN_POINT('',(207.62874411167,-53.224));
#15771 = CARTESIAN_POINT('',(208.58137205583,-51.574));
#15772 = CARTESIAN_POINT('',(209.534,-49.924));
#15773 = CARTESIAN_POINT('',(210.48662794416,-51.574));
#15774 = CARTESIAN_POINT('',(211.43925588832,-53.224));
#15775 = CARTESIAN_POINT('',(209.534,-53.224));
#15776 = ( GEOMETRIC_REPRESENTATION_CONTEXT(2) 
PARAMETRIC_REPRESENTATION_CONTEXT() REPRESENTATION_CONTEXT('2D SPACE',''
  ) );
#15777 = ADVANCED_FACE('',(#15778),#5804,.F.);
#15778 = FACE_BOUND('',#15779,.F.);
#15779 = EDGE_LOOP('',(#15780,#15803,#15804,#15805));
#15780 = ORIENTED_EDGE('',*,*,#15781,.T.);
#15781 = EDGE_CURVE('',#15782,#5784,#15784,.T.);
#15782 = VERTEX_POINT('',#15783);
#15783 = CARTESIAN_POINT('',(214.137678,-55.378197,0.));
#15784 = SEAM_CURVE('',#15785,(#15789,#15796),.PCURVE_S1.);
#15785 = LINE('',#15786,#15787);
#15786 = CARTESIAN_POINT('',(214.137678,-55.378197,-4.6E-02));
#15787 = VECTOR('',#15788,1.);
#15788 = DIRECTION('',(0.,0.,1.));
#15789 = PCURVE('',#5804,#15790);
#15790 = DEFINITIONAL_REPRESENTATION('',(#15791),#15795);
#15791 = LINE('',#15792,#15793);
#15792 = CARTESIAN_POINT('',(0.,0.));
#15793 = VECTOR('',#15794,1.);
#15794 = DIRECTION('',(0.,-1.));
#15795 = ( GEOMETRIC_REPRESENTATION_CONTEXT(2) 
PARAMETRIC_REPRESENTATION_CONTEXT() REPRESENTATION_CONTEXT('2D SPACE',''
  ) );
#15796 = PCURVE('',#5804,#15797);
#15797 = DEFINITIONAL_REPRESENTATION('',(#15798),#15802);
#15798 = LINE('',#15799,#15800);
#15799 = CARTESIAN_POINT('',(6.28318530718,0.));
#15800 = VECTOR('',#15801,1.);
#15801 = DIRECTION('',(0.,-1.));
#15802 = ( GEOMETRIC_REPRESENTATION_CONTEXT(2) 
PARAMETRIC_REPRESENTATION_CONTEXT() REPRESENTATION_CONTEXT('2D SPACE',''
  ) );
#15803 = ORIENTED_EDGE('',*,*,#5783,.T.);
#15804 = ORIENTED_EDGE('',*,*,#15781,.F.);
#15805 = ORIENTED_EDGE('',*,*,#15806,.F.);
#15806 = EDGE_CURVE('',#15782,#15782,#15807,.T.);
#15807 = SURFACE_CURVE('',#15808,(#15813,#15820),.PCURVE_S1.);
#15808 = CIRCLE('',#15809,0.4953);
#15809 = AXIS2_PLACEMENT_3D('',#15810,#15811,#15812);
#15810 = CARTESIAN_POINT('',(214.137678,-54.882897,0.));
#15811 = DIRECTION('',(-0.,-0.,-1.));
#15812 = DIRECTION('',(0.,-1.,0.));
#15813 = PCURVE('',#5804,#15814);
#15814 = DEFINITIONAL_REPRESENTATION('',(#15815),#15819);
#15815 = LINE('',#15816,#15817);
#15816 = CARTESIAN_POINT('',(0.,-4.6E-02));
#15817 = VECTOR('',#15818,1.);
#15818 = DIRECTION('',(1.,0.));
#15819 = ( GEOMETRIC_REPRESENTATION_CONTEXT(2) 
PARAMETRIC_REPRESENTATION_CONTEXT() REPRESENTATION_CONTEXT('2D SPACE',''
  ) );
#15820 = PCURVE('',#6733,#15821);
#15821 = DEFINITIONAL_REPRESENTATION('',(#15822),#15830);
#15822 = ( BOUNDED_CURVE() B_SPLINE_CURVE(2,(#15823,#15824,#15825,#15826
    ,#15827,#15828,#15829),.UNSPECIFIED.,.T.,.F.) 
B_SPLINE_CURVE_WITH_KNOTS((1,2,2,2,2,1),(-2.094395102393,0.,
    2.094395102393,4.188790204786,6.28318530718,8.377580409573),
.UNSPECIFIED.) CURVE() GEOMETRIC_REPRESENTATION_ITEM() 
RATIONAL_B_SPLINE_CURVE((1.,0.5,1.,0.5,1.,0.5,1.)) REPRESENTATION_ITEM(
  '') );
#15823 = CARTESIAN_POINT('',(214.137678,-55.378197));
#15824 = CARTESIAN_POINT('',(213.27979323501,-55.378197));
#15825 = CARTESIAN_POINT('',(213.7087356175,-54.635247));
#15826 = CARTESIAN_POINT('',(214.137678,-53.892297));
#15827 = CARTESIAN_POINT('',(214.56662038249,-54.635247));
#15828 = CARTESIAN_POINT('',(214.99556276498,-55.378197));
#15829 = CARTESIAN_POINT('',(214.137678,-55.378197));
#15830 = ( GEOMETRIC_REPRESENTATION_CONTEXT(2) 
PARAMETRIC_REPRESENTATION_CONTEXT() REPRESENTATION_CONTEXT('2D SPACE',''
  ) );
#15831 = ADVANCED_FACE('',(#15832),#5839,.F.);
#15832 = FACE_BOUND('',#15833,.F.);
#15833 = EDGE_LOOP('',(#15834,#15857,#15858,#15859));
#15834 = ORIENTED_EDGE('',*,*,#15835,.T.);
#15835 = EDGE_CURVE('',#15836,#5819,#15838,.T.);
#15836 = VERTEX_POINT('',#15837);
#15837 = CARTESIAN_POINT('',(240.296675,-68.733145,0.));
#15838 = SEAM_CURVE('',#15839,(#15843,#15850),.PCURVE_S1.);
#15839 = LINE('',#15840,#15841);
#15840 = CARTESIAN_POINT('',(240.296675,-68.733145,-4.6E-02));
#15841 = VECTOR('',#15842,1.);
#15842 = DIRECTION('',(0.,0.,1.));
#15843 = PCURVE('',#5839,#15844);
#15844 = DEFINITIONAL_REPRESENTATION('',(#15845),#15849);
#15845 = LINE('',#15846,#15847);
#15846 = CARTESIAN_POINT('',(0.,0.));
#15847 = VECTOR('',#15848,1.);
#15848 = DIRECTION('',(0.,-1.));
#15849 = ( GEOMETRIC_REPRESENTATION_CONTEXT(2) 
PARAMETRIC_REPRESENTATION_CONTEXT() REPRESENTATION_CONTEXT('2D SPACE',''
  ) );
#15850 = PCURVE('',#5839,#15851);
#15851 = DEFINITIONAL_REPRESENTATION('',(#15852),#15856);
#15852 = LINE('',#15853,#15854);
#15853 = CARTESIAN_POINT('',(6.28318530718,0.));
#15854 = VECTOR('',#15855,1.);
#15855 = DIRECTION('',(0.,-1.));
#15856 = ( GEOMETRIC_REPRESENTATION_CONTEXT(2) 
PARAMETRIC_REPRESENTATION_CONTEXT() REPRESENTATION_CONTEXT('2D SPACE',''
  ) );
#15857 = ORIENTED_EDGE('',*,*,#5818,.T.);
#15858 = ORIENTED_EDGE('',*,*,#15835,.F.);
#15859 = ORIENTED_EDGE('',*,*,#15860,.F.);
#15860 = EDGE_CURVE('',#15836,#15836,#15861,.T.);
#15861 = SURFACE_CURVE('',#15862,(#15867,#15874),.PCURVE_S1.);
#15862 = CIRCLE('',#15863,0.635);
#15863 = AXIS2_PLACEMENT_3D('',#15864,#15865,#15866);
#15864 = CARTESIAN_POINT('',(240.296675,-68.098145,0.));
#15865 = DIRECTION('',(-0.,-0.,-1.));
#15866 = DIRECTION('',(0.,-1.,0.));
#15867 = PCURVE('',#5839,#15868);
#15868 = DEFINITIONAL_REPRESENTATION('',(#15869),#15873);
#15869 = LINE('',#15870,#15871);
#15870 = CARTESIAN_POINT('',(0.,-4.6E-02));
#15871 = VECTOR('',#15872,1.);
#15872 = DIRECTION('',(1.,0.));
#15873 = ( GEOMETRIC_REPRESENTATION_CONTEXT(2) 
PARAMETRIC_REPRESENTATION_CONTEXT() REPRESENTATION_CONTEXT('2D SPACE',''
  ) );
#15874 = PCURVE('',#6733,#15875);
#15875 = DEFINITIONAL_REPRESENTATION('',(#15876),#15884);
#15876 = ( BOUNDED_CURVE() B_SPLINE_CURVE(2,(#15877,#15878,#15879,#15880
    ,#15881,#15882,#15883),.UNSPECIFIED.,.T.,.F.) 
B_SPLINE_CURVE_WITH_KNOTS((1,2,2,2,2,1),(-2.094395102393,0.,
    2.094395102393,4.188790204786,6.28318530718,8.377580409573),
.UNSPECIFIED.) CURVE() GEOMETRIC_REPRESENTATION_ITEM() 
RATIONAL_B_SPLINE_CURVE((1.,0.5,1.,0.5,1.,0.5,1.)) REPRESENTATION_ITEM(
  '') );
#15877 = CARTESIAN_POINT('',(240.296675,-68.733145));
#15878 = CARTESIAN_POINT('',(239.19682273719,-68.733145));
#15879 = CARTESIAN_POINT('',(239.74674886859,-67.780645));
#15880 = CARTESIAN_POINT('',(240.296675,-66.828145));
#15881 = CARTESIAN_POINT('',(240.8466011314,-67.780645));
#15882 = CARTESIAN_POINT('',(241.3965272628,-68.733145));
#15883 = CARTESIAN_POINT('',(240.296675,-68.733145));
#15884 = ( GEOMETRIC_REPRESENTATION_CONTEXT(2) 
PARAMETRIC_REPRESENTATION_CONTEXT() REPRESENTATION_CONTEXT('2D SPACE',''
  ) );
#15885 = ADVANCED_FACE('',(#15886),#5874,.F.);
#15886 = FACE_BOUND('',#15887,.F.);
#15887 = EDGE_LOOP('',(#15888,#15911,#15912,#15913));
#15888 = ORIENTED_EDGE('',*,*,#15889,.T.);
#15889 = EDGE_CURVE('',#15890,#5854,#15892,.T.);
#15890 = VERTEX_POINT('',#15891);
#15891 = CARTESIAN_POINT('',(236.010565,-65.410606,0.));
#15892 = SEAM_CURVE('',#15893,(#15897,#15904),.PCURVE_S1.);
#15893 = LINE('',#15894,#15895);
#15894 = CARTESIAN_POINT('',(236.010565,-65.410606,-4.6E-02));
#15895 = VECTOR('',#15896,1.);
#15896 = DIRECTION('',(0.,0.,1.));
#15897 = PCURVE('',#5874,#15898);
#15898 = DEFINITIONAL_REPRESENTATION('',(#15899),#15903);
#15899 = LINE('',#15900,#15901);
#15900 = CARTESIAN_POINT('',(0.,0.));
#15901 = VECTOR('',#15902,1.);
#15902 = DIRECTION('',(0.,-1.));
#15903 = ( GEOMETRIC_REPRESENTATION_CONTEXT(2) 
PARAMETRIC_REPRESENTATION_CONTEXT() REPRESENTATION_CONTEXT('2D SPACE',''
  ) );
#15904 = PCURVE('',#5874,#15905);
#15905 = DEFINITIONAL_REPRESENTATION('',(#15906),#15910);
#15906 = LINE('',#15907,#15908);
#15907 = CARTESIAN_POINT('',(6.28318530718,0.));
#15908 = VECTOR('',#15909,1.);
#15909 = DIRECTION('',(0.,-1.));
#15910 = ( GEOMETRIC_REPRESENTATION_CONTEXT(2) 
PARAMETRIC_REPRESENTATION_CONTEXT() REPRESENTATION_CONTEXT('2D SPACE',''
  ) );
#15911 = ORIENTED_EDGE('',*,*,#5853,.T.);
#15912 = ORIENTED_EDGE('',*,*,#15889,.F.);
#15913 = ORIENTED_EDGE('',*,*,#15914,.F.);
#15914 = EDGE_CURVE('',#15890,#15890,#15915,.T.);
#15915 = SURFACE_CURVE('',#15916,(#15921,#15928),.PCURVE_S1.);
#15916 = CIRCLE('',#15917,0.635);
#15917 = AXIS2_PLACEMENT_3D('',#15918,#15919,#15920);
#15918 = CARTESIAN_POINT('',(236.010565,-64.775606,0.));
#15919 = DIRECTION('',(0.,-0.,-1.));
#15920 = DIRECTION('',(4.475859752819E-14,-1.,0.));
#15921 = PCURVE('',#5874,#15922);
#15922 = DEFINITIONAL_REPRESENTATION('',(#15923),#15927);
#15923 = LINE('',#15924,#15925);
#15924 = CARTESIAN_POINT('',(0.,-4.6E-02));
#15925 = VECTOR('',#15926,1.);
#15926 = DIRECTION('',(1.,0.));
#15927 = ( GEOMETRIC_REPRESENTATION_CONTEXT(2) 
PARAMETRIC_REPRESENTATION_CONTEXT() REPRESENTATION_CONTEXT('2D SPACE',''
  ) );
#15928 = PCURVE('',#6733,#15929);
#15929 = DEFINITIONAL_REPRESENTATION('',(#15930),#15938);
#15930 = ( BOUNDED_CURVE() B_SPLINE_CURVE(2,(#15931,#15932,#15933,#15934
    ,#15935,#15936,#15937),.UNSPECIFIED.,.T.,.F.) 
B_SPLINE_CURVE_WITH_KNOTS((1,2,2,2,2,1),(-2.094395102393,0.,
    2.094395102393,4.188790204786,6.28318530718,8.377580409573),
.UNSPECIFIED.) CURVE() GEOMETRIC_REPRESENTATION_ITEM() 
RATIONAL_B_SPLINE_CURVE((1.,0.5,1.,0.5,1.,0.5,1.)) REPRESENTATION_ITEM(
  '') );
#15931 = CARTESIAN_POINT('',(236.010565,-65.410606));
#15932 = CARTESIAN_POINT('',(234.91071273719,-65.410606));
#15933 = CARTESIAN_POINT('',(235.46063886859,-64.458106));
#15934 = CARTESIAN_POINT('',(236.010565,-63.505606));
#15935 = CARTESIAN_POINT('',(236.5604911314,-64.458106));
#15936 = CARTESIAN_POINT('',(237.1104172628,-65.410606));
#15937 = CARTESIAN_POINT('',(236.010565,-65.410606));
#15938 = ( GEOMETRIC_REPRESENTATION_CONTEXT(2) 
PARAMETRIC_REPRESENTATION_CONTEXT() REPRESENTATION_CONTEXT('2D SPACE',''
  ) );
#15939 = ADVANCED_FACE('',(#15940),#5909,.F.);
#15940 = FACE_BOUND('',#15941,.F.);
#15941 = EDGE_LOOP('',(#15942,#15965,#15966,#15967));
#15942 = ORIENTED_EDGE('',*,*,#15943,.T.);
#15943 = EDGE_CURVE('',#15944,#5889,#15946,.T.);
#15944 = VERTEX_POINT('',#15945);
#15945 = CARTESIAN_POINT('',(236.511115,-61.826578,0.));
#15946 = SEAM_CURVE('',#15947,(#15951,#15958),.PCURVE_S1.);
#15947 = LINE('',#15948,#15949);
#15948 = CARTESIAN_POINT('',(236.511115,-61.826578,-4.6E-02));
#15949 = VECTOR('',#15950,1.);
#15950 = DIRECTION('',(0.,0.,1.));
#15951 = PCURVE('',#5909,#15952);
#15952 = DEFINITIONAL_REPRESENTATION('',(#15953),#15957);
#15953 = LINE('',#15954,#15955);
#15954 = CARTESIAN_POINT('',(0.,0.));
#15955 = VECTOR('',#15956,1.);
#15956 = DIRECTION('',(0.,-1.));
#15957 = ( GEOMETRIC_REPRESENTATION_CONTEXT(2) 
PARAMETRIC_REPRESENTATION_CONTEXT() REPRESENTATION_CONTEXT('2D SPACE',''
  ) );
#15958 = PCURVE('',#5909,#15959);
#15959 = DEFINITIONAL_REPRESENTATION('',(#15960),#15964);
#15960 = LINE('',#15961,#15962);
#15961 = CARTESIAN_POINT('',(6.28318530718,0.));
#15962 = VECTOR('',#15963,1.);
#15963 = DIRECTION('',(0.,-1.));
#15964 = ( GEOMETRIC_REPRESENTATION_CONTEXT(2) 
PARAMETRIC_REPRESENTATION_CONTEXT() REPRESENTATION_CONTEXT('2D SPACE',''
  ) );
#15965 = ORIENTED_EDGE('',*,*,#5888,.T.);
#15966 = ORIENTED_EDGE('',*,*,#15943,.F.);
#15967 = ORIENTED_EDGE('',*,*,#15968,.F.);
#15968 = EDGE_CURVE('',#15944,#15944,#15969,.T.);
#15969 = SURFACE_CURVE('',#15970,(#15975,#15982),.PCURVE_S1.);
#15970 = CIRCLE('',#15971,0.8509);
#15971 = AXIS2_PLACEMENT_3D('',#15972,#15973,#15974);
#15972 = CARTESIAN_POINT('',(236.511115,-60.975678,0.));
#15973 = DIRECTION('',(-0.,0.,-1.));
#15974 = DIRECTION('',(-3.340193845388E-14,-1.,0.));
#15975 = PCURVE('',#5909,#15976);
#15976 = DEFINITIONAL_REPRESENTATION('',(#15977),#15981);
#15977 = LINE('',#15978,#15979);
#15978 = CARTESIAN_POINT('',(0.,-4.6E-02));
#15979 = VECTOR('',#15980,1.);
#15980 = DIRECTION('',(1.,0.));
#15981 = ( GEOMETRIC_REPRESENTATION_CONTEXT(2) 
PARAMETRIC_REPRESENTATION_CONTEXT() REPRESENTATION_CONTEXT('2D SPACE',''
  ) );
#15982 = PCURVE('',#6733,#15983);
#15983 = DEFINITIONAL_REPRESENTATION('',(#15984),#15992);
#15984 = ( BOUNDED_CURVE() B_SPLINE_CURVE(2,(#15985,#15986,#15987,#15988
    ,#15989,#15990,#15991),.UNSPECIFIED.,.T.,.F.) 
B_SPLINE_CURVE_WITH_KNOTS((1,2,2,2,2,1),(-2.094395102393,0.,
    2.094395102393,4.188790204786,6.28318530718,8.377580409573),
.UNSPECIFIED.) CURVE() GEOMETRIC_REPRESENTATION_ITEM() 
RATIONAL_B_SPLINE_CURVE((1.,0.5,1.,0.5,1.,0.5,1.)) REPRESENTATION_ITEM(
  '') );
#15985 = CARTESIAN_POINT('',(236.511115,-61.826578));
#15986 = CARTESIAN_POINT('',(235.03731296784,-61.826578));
#15987 = CARTESIAN_POINT('',(235.77421398392,-60.550228));
#15988 = CARTESIAN_POINT('',(236.511115,-59.273878));
#15989 = CARTESIAN_POINT('',(237.24801601608,-60.550228));
#15990 = CARTESIAN_POINT('',(237.98491703216,-61.826578));
#15991 = CARTESIAN_POINT('',(236.511115,-61.826578));
#15992 = ( GEOMETRIC_REPRESENTATION_CONTEXT(2) 
PARAMETRIC_REPRESENTATION_CONTEXT() REPRESENTATION_CONTEXT('2D SPACE',''
  ) );
#15993 = ADVANCED_FACE('',(#15994),#5944,.F.);
#15994 = FACE_BOUND('',#15995,.F.);
#15995 = EDGE_LOOP('',(#15996,#16019,#16020,#16021));
#15996 = ORIENTED_EDGE('',*,*,#15997,.T.);
#15997 = EDGE_CURVE('',#15998,#5924,#16000,.T.);
#15998 = VERTEX_POINT('',#15999);
#15999 = CARTESIAN_POINT('',(247.136299,-64.673588,0.));
#16000 = SEAM_CURVE('',#16001,(#16005,#16012),.PCURVE_S1.);
#16001 = LINE('',#16002,#16003);
#16002 = CARTESIAN_POINT('',(247.136299,-64.673588,-4.6E-02));
#16003 = VECTOR('',#16004,1.);
#16004 = DIRECTION('',(0.,0.,1.));
#16005 = PCURVE('',#5944,#16006);
#16006 = DEFINITIONAL_REPRESENTATION('',(#16007),#16011);
#16007 = LINE('',#16008,#16009);
#16008 = CARTESIAN_POINT('',(0.,0.));
#16009 = VECTOR('',#16010,1.);
#16010 = DIRECTION('',(0.,-1.));
#16011 = ( GEOMETRIC_REPRESENTATION_CONTEXT(2) 
PARAMETRIC_REPRESENTATION_CONTEXT() REPRESENTATION_CONTEXT('2D SPACE',''
  ) );
#16012 = PCURVE('',#5944,#16013);
#16013 = DEFINITIONAL_REPRESENTATION('',(#16014),#16018);
#16014 = LINE('',#16015,#16016);
#16015 = CARTESIAN_POINT('',(6.28318530718,0.));
#16016 = VECTOR('',#16017,1.);
#16017 = DIRECTION('',(0.,-1.));
#16018 = ( GEOMETRIC_REPRESENTATION_CONTEXT(2) 
PARAMETRIC_REPRESENTATION_CONTEXT() REPRESENTATION_CONTEXT('2D SPACE',''
  ) );
#16019 = ORIENTED_EDGE('',*,*,#5923,.T.);
#16020 = ORIENTED_EDGE('',*,*,#15997,.F.);
#16021 = ORIENTED_EDGE('',*,*,#16022,.F.);
#16022 = EDGE_CURVE('',#15998,#15998,#16023,.T.);
#16023 = SURFACE_CURVE('',#16024,(#16029,#16036),.PCURVE_S1.);
#16024 = CIRCLE('',#16025,0.8509);
#16025 = AXIS2_PLACEMENT_3D('',#16026,#16027,#16028);
#16026 = CARTESIAN_POINT('',(247.136299,-63.822688,0.));
#16027 = DIRECTION('',(-0.,-0.,-1.));
#16028 = DIRECTION('',(0.,-1.,0.));
#16029 = PCURVE('',#5944,#16030);
#16030 = DEFINITIONAL_REPRESENTATION('',(#16031),#16035);
#16031 = LINE('',#16032,#16033);
#16032 = CARTESIAN_POINT('',(0.,-4.6E-02));
#16033 = VECTOR('',#16034,1.);
#16034 = DIRECTION('',(1.,0.));
#16035 = ( GEOMETRIC_REPRESENTATION_CONTEXT(2) 
PARAMETRIC_REPRESENTATION_CONTEXT() REPRESENTATION_CONTEXT('2D SPACE',''
  ) );
#16036 = PCURVE('',#6733,#16037);
#16037 = DEFINITIONAL_REPRESENTATION('',(#16038),#16046);
#16038 = ( BOUNDED_CURVE() B_SPLINE_CURVE(2,(#16039,#16040,#16041,#16042
    ,#16043,#16044,#16045),.UNSPECIFIED.,.T.,.F.) 
B_SPLINE_CURVE_WITH_KNOTS((1,2,2,2,2,1),(-2.094395102393,0.,
    2.094395102393,4.188790204786,6.28318530718,8.377580409573),
.UNSPECIFIED.) CURVE() GEOMETRIC_REPRESENTATION_ITEM() 
RATIONAL_B_SPLINE_CURVE((1.,0.5,1.,0.5,1.,0.5,1.)) REPRESENTATION_ITEM(
  '') );
#16039 = CARTESIAN_POINT('',(247.136299,-64.673588));
#16040 = CARTESIAN_POINT('',(245.66249696784,-64.673588));
#16041 = CARTESIAN_POINT('',(246.39939798392,-63.397238));
#16042 = CARTESIAN_POINT('',(247.136299,-62.120888));
#16043 = CARTESIAN_POINT('',(247.87320001608,-63.397238));
#16044 = CARTESIAN_POINT('',(248.61010103216,-64.673588));
#16045 = CARTESIAN_POINT('',(247.136299,-64.673588));
#16046 = ( GEOMETRIC_REPRESENTATION_CONTEXT(2) 
PARAMETRIC_REPRESENTATION_CONTEXT() REPRESENTATION_CONTEXT('2D SPACE',''
  ) );
#16047 = ADVANCED_FACE('',(#16048),#5979,.F.);
#16048 = FACE_BOUND('',#16049,.F.);
#16049 = EDGE_LOOP('',(#16050,#16073,#16074,#16075));
#16050 = ORIENTED_EDGE('',*,*,#16051,.T.);
#16051 = EDGE_CURVE('',#16052,#5959,#16054,.T.);
#16052 = VERTEX_POINT('',#16053);
#16053 = CARTESIAN_POINT('',(241.823707,-64.113683,0.));
#16054 = SEAM_CURVE('',#16055,(#16059,#16066),.PCURVE_S1.);
#16055 = LINE('',#16056,#16057);
#16056 = CARTESIAN_POINT('',(241.823707,-64.113683,-4.6E-02));
#16057 = VECTOR('',#16058,1.);
#16058 = DIRECTION('',(0.,0.,1.));
#16059 = PCURVE('',#5979,#16060);
#16060 = DEFINITIONAL_REPRESENTATION('',(#16061),#16065);
#16061 = LINE('',#16062,#16063);
#16062 = CARTESIAN_POINT('',(0.,0.));
#16063 = VECTOR('',#16064,1.);
#16064 = DIRECTION('',(0.,-1.));
#16065 = ( GEOMETRIC_REPRESENTATION_CONTEXT(2) 
PARAMETRIC_REPRESENTATION_CONTEXT() REPRESENTATION_CONTEXT('2D SPACE',''
  ) );
#16066 = PCURVE('',#5979,#16067);
#16067 = DEFINITIONAL_REPRESENTATION('',(#16068),#16072);
#16068 = LINE('',#16069,#16070);
#16069 = CARTESIAN_POINT('',(6.28318530718,0.));
#16070 = VECTOR('',#16071,1.);
#16071 = DIRECTION('',(0.,-1.));
#16072 = ( GEOMETRIC_REPRESENTATION_CONTEXT(2) 
PARAMETRIC_REPRESENTATION_CONTEXT() REPRESENTATION_CONTEXT('2D SPACE',''
  ) );
#16073 = ORIENTED_EDGE('',*,*,#5958,.T.);
#16074 = ORIENTED_EDGE('',*,*,#16051,.F.);
#16075 = ORIENTED_EDGE('',*,*,#16076,.F.);
#16076 = EDGE_CURVE('',#16052,#16052,#16077,.T.);
#16077 = SURFACE_CURVE('',#16078,(#16083,#16090),.PCURVE_S1.);
#16078 = CIRCLE('',#16079,1.7145);
#16079 = AXIS2_PLACEMENT_3D('',#16080,#16081,#16082);
#16080 = CARTESIAN_POINT('',(241.823707,-62.399183,0.));
#16081 = DIRECTION('',(-0.,-0.,-1.));
#16082 = DIRECTION('',(0.,-1.,0.));
#16083 = PCURVE('',#5979,#16084);
#16084 = DEFINITIONAL_REPRESENTATION('',(#16085),#16089);
#16085 = LINE('',#16086,#16087);
#16086 = CARTESIAN_POINT('',(0.,-4.6E-02));
#16087 = VECTOR('',#16088,1.);
#16088 = DIRECTION('',(1.,0.));
#16089 = ( GEOMETRIC_REPRESENTATION_CONTEXT(2) 
PARAMETRIC_REPRESENTATION_CONTEXT() REPRESENTATION_CONTEXT('2D SPACE',''
  ) );
#16090 = PCURVE('',#6733,#16091);
#16091 = DEFINITIONAL_REPRESENTATION('',(#16092),#16100);
#16092 = ( BOUNDED_CURVE() B_SPLINE_CURVE(2,(#16093,#16094,#16095,#16096
    ,#16097,#16098,#16099),.UNSPECIFIED.,.T.,.F.) 
B_SPLINE_CURVE_WITH_KNOTS((1,2,2,2,2,1),(-2.094395102393,0.,
    2.094395102393,4.188790204786,6.28318530718,8.377580409573),
.UNSPECIFIED.) CURVE() GEOMETRIC_REPRESENTATION_ITEM() 
RATIONAL_B_SPLINE_CURVE((1.,0.5,1.,0.5,1.,0.5,1.)) REPRESENTATION_ITEM(
  '') );
#16093 = CARTESIAN_POINT('',(241.823707,-64.113683));
#16094 = CARTESIAN_POINT('',(238.85410589042,-64.113683));
#16095 = CARTESIAN_POINT('',(240.33890644521,-61.541933));
#16096 = CARTESIAN_POINT('',(241.823707,-58.970183));
#16097 = CARTESIAN_POINT('',(243.30850755478,-61.541933));
#16098 = CARTESIAN_POINT('',(244.79330810957,-64.113683));
#16099 = CARTESIAN_POINT('',(241.823707,-64.113683));
#16100 = ( GEOMETRIC_REPRESENTATION_CONTEXT(2) 
PARAMETRIC_REPRESENTATION_CONTEXT() REPRESENTATION_CONTEXT('2D SPACE',''
  ) );
#16101 = ADVANCED_FACE('',(#16102),#6014,.F.);
#16102 = FACE_BOUND('',#16103,.F.);
#16103 = EDGE_LOOP('',(#16104,#16127,#16128,#16129));
#16104 = ORIENTED_EDGE('',*,*,#16105,.T.);
#16105 = EDGE_CURVE('',#16106,#5994,#16108,.T.);
#16106 = VERTEX_POINT('',#16107);
#16107 = CARTESIAN_POINT('',(224.538587,-60.671356,0.));
#16108 = SEAM_CURVE('',#16109,(#16113,#16120),.PCURVE_S1.);
#16109 = LINE('',#16110,#16111);
#16110 = CARTESIAN_POINT('',(224.538587,-60.671356,-4.6E-02));
#16111 = VECTOR('',#16112,1.);
#16112 = DIRECTION('',(0.,0.,1.));
#16113 = PCURVE('',#6014,#16114);
#16114 = DEFINITIONAL_REPRESENTATION('',(#16115),#16119);
#16115 = LINE('',#16116,#16117);
#16116 = CARTESIAN_POINT('',(0.,0.));
#16117 = VECTOR('',#16118,1.);
#16118 = DIRECTION('',(0.,-1.));
#16119 = ( GEOMETRIC_REPRESENTATION_CONTEXT(2) 
PARAMETRIC_REPRESENTATION_CONTEXT() REPRESENTATION_CONTEXT('2D SPACE',''
  ) );
#16120 = PCURVE('',#6014,#16121);
#16121 = DEFINITIONAL_REPRESENTATION('',(#16122),#16126);
#16122 = LINE('',#16123,#16124);
#16123 = CARTESIAN_POINT('',(6.28318530718,0.));
#16124 = VECTOR('',#16125,1.);
#16125 = DIRECTION('',(0.,-1.));
#16126 = ( GEOMETRIC_REPRESENTATION_CONTEXT(2) 
PARAMETRIC_REPRESENTATION_CONTEXT() REPRESENTATION_CONTEXT('2D SPACE',''
  ) );
#16127 = ORIENTED_EDGE('',*,*,#5993,.T.);
#16128 = ORIENTED_EDGE('',*,*,#16105,.F.);
#16129 = ORIENTED_EDGE('',*,*,#16130,.F.);
#16130 = EDGE_CURVE('',#16106,#16106,#16131,.T.);
#16131 = SURFACE_CURVE('',#16132,(#16137,#16144),.PCURVE_S1.);
#16132 = CIRCLE('',#16133,0.8509);
#16133 = AXIS2_PLACEMENT_3D('',#16134,#16135,#16136);
#16134 = CARTESIAN_POINT('',(224.538587,-59.820456,0.));
#16135 = DIRECTION('',(-0.,-0.,-1.));
#16136 = DIRECTION('',(0.,-1.,0.));
#16137 = PCURVE('',#6014,#16138);
#16138 = DEFINITIONAL_REPRESENTATION('',(#16139),#16143);
#16139 = LINE('',#16140,#16141);
#16140 = CARTESIAN_POINT('',(0.,-4.6E-02));
#16141 = VECTOR('',#16142,1.);
#16142 = DIRECTION('',(1.,0.));
#16143 = ( GEOMETRIC_REPRESENTATION_CONTEXT(2) 
PARAMETRIC_REPRESENTATION_CONTEXT() REPRESENTATION_CONTEXT('2D SPACE',''
  ) );
#16144 = PCURVE('',#6733,#16145);
#16145 = DEFINITIONAL_REPRESENTATION('',(#16146),#16154);
#16146 = ( BOUNDED_CURVE() B_SPLINE_CURVE(2,(#16147,#16148,#16149,#16150
    ,#16151,#16152,#16153),.UNSPECIFIED.,.T.,.F.) 
B_SPLINE_CURVE_WITH_KNOTS((1,2,2,2,2,1),(-2.094395102393,0.,
    2.094395102393,4.188790204786,6.28318530718,8.377580409573),
.UNSPECIFIED.) CURVE() GEOMETRIC_REPRESENTATION_ITEM() 
RATIONAL_B_SPLINE_CURVE((1.,0.5,1.,0.5,1.,0.5,1.)) REPRESENTATION_ITEM(
  '') );
#16147 = CARTESIAN_POINT('',(224.538587,-60.671356));
#16148 = CARTESIAN_POINT('',(223.06478496784,-60.671356));
#16149 = CARTESIAN_POINT('',(223.80168598392,-59.395006));
#16150 = CARTESIAN_POINT('',(224.538587,-58.118656));
#16151 = CARTESIAN_POINT('',(225.27548801608,-59.395006));
#16152 = CARTESIAN_POINT('',(226.01238903216,-60.671356));
#16153 = CARTESIAN_POINT('',(224.538587,-60.671356));
#16154 = ( GEOMETRIC_REPRESENTATION_CONTEXT(2) 
PARAMETRIC_REPRESENTATION_CONTEXT() REPRESENTATION_CONTEXT('2D SPACE',''
  ) );
#16155 = ADVANCED_FACE('',(#16156),#6049,.F.);
#16156 = FACE_BOUND('',#16157,.F.);
#16157 = EDGE_LOOP('',(#16158,#16181,#16182,#16183));
#16158 = ORIENTED_EDGE('',*,*,#16159,.T.);
#16159 = EDGE_CURVE('',#16160,#6029,#16162,.T.);
#16160 = VERTEX_POINT('',#16161);
#16161 = CARTESIAN_POINT('',(224.552247,-56.106455,0.));
#16162 = SEAM_CURVE('',#16163,(#16167,#16174),.PCURVE_S1.);
#16163 = LINE('',#16164,#16165);
#16164 = CARTESIAN_POINT('',(224.552247,-56.106455,-4.6E-02));
#16165 = VECTOR('',#16166,1.);
#16166 = DIRECTION('',(0.,0.,1.));
#16167 = PCURVE('',#6049,#16168);
#16168 = DEFINITIONAL_REPRESENTATION('',(#16169),#16173);
#16169 = LINE('',#16170,#16171);
#16170 = CARTESIAN_POINT('',(0.,0.));
#16171 = VECTOR('',#16172,1.);
#16172 = DIRECTION('',(0.,-1.));
#16173 = ( GEOMETRIC_REPRESENTATION_CONTEXT(2) 
PARAMETRIC_REPRESENTATION_CONTEXT() REPRESENTATION_CONTEXT('2D SPACE',''
  ) );
#16174 = PCURVE('',#6049,#16175);
#16175 = DEFINITIONAL_REPRESENTATION('',(#16176),#16180);
#16176 = LINE('',#16177,#16178);
#16177 = CARTESIAN_POINT('',(6.28318530718,0.));
#16178 = VECTOR('',#16179,1.);
#16179 = DIRECTION('',(0.,-1.));
#16180 = ( GEOMETRIC_REPRESENTATION_CONTEXT(2) 
PARAMETRIC_REPRESENTATION_CONTEXT() REPRESENTATION_CONTEXT('2D SPACE',''
  ) );
#16181 = ORIENTED_EDGE('',*,*,#6028,.T.);
#16182 = ORIENTED_EDGE('',*,*,#16159,.F.);
#16183 = ORIENTED_EDGE('',*,*,#16184,.F.);
#16184 = EDGE_CURVE('',#16160,#16160,#16185,.T.);
#16185 = SURFACE_CURVE('',#16186,(#16191,#16198),.PCURVE_S1.);
#16186 = CIRCLE('',#16187,0.4953);
#16187 = AXIS2_PLACEMENT_3D('',#16188,#16189,#16190);
#16188 = CARTESIAN_POINT('',(224.552247,-55.611155,0.));
#16189 = DIRECTION('',(-0.,0.,-1.));
#16190 = DIRECTION('',(-5.738281734384E-14,-1.,0.));
#16191 = PCURVE('',#6049,#16192);
#16192 = DEFINITIONAL_REPRESENTATION('',(#16193),#16197);
#16193 = LINE('',#16194,#16195);
#16194 = CARTESIAN_POINT('',(0.,-4.6E-02));
#16195 = VECTOR('',#16196,1.);
#16196 = DIRECTION('',(1.,0.));
#16197 = ( GEOMETRIC_REPRESENTATION_CONTEXT(2) 
PARAMETRIC_REPRESENTATION_CONTEXT() REPRESENTATION_CONTEXT('2D SPACE',''
  ) );
#16198 = PCURVE('',#6733,#16199);
#16199 = DEFINITIONAL_REPRESENTATION('',(#16200),#16208);
#16200 = ( BOUNDED_CURVE() B_SPLINE_CURVE(2,(#16201,#16202,#16203,#16204
    ,#16205,#16206,#16207),.UNSPECIFIED.,.T.,.F.) 
B_SPLINE_CURVE_WITH_KNOTS((1,2,2,2,2,1),(-2.094395102393,0.,
    2.094395102393,4.188790204786,6.28318530718,8.377580409573),
.UNSPECIFIED.) CURVE() GEOMETRIC_REPRESENTATION_ITEM() 
RATIONAL_B_SPLINE_CURVE((1.,0.5,1.,0.5,1.,0.5,1.)) REPRESENTATION_ITEM(
  '') );
#16201 = CARTESIAN_POINT('',(224.552247,-56.106455));
#16202 = CARTESIAN_POINT('',(223.69436223501,-56.106455));
#16203 = CARTESIAN_POINT('',(224.1233046175,-55.363505));
#16204 = CARTESIAN_POINT('',(224.552247,-54.620555));
#16205 = CARTESIAN_POINT('',(224.98118938249,-55.363505));
#16206 = CARTESIAN_POINT('',(225.41013176498,-56.106455));
#16207 = CARTESIAN_POINT('',(224.552247,-56.106455));
#16208 = ( GEOMETRIC_REPRESENTATION_CONTEXT(2) 
PARAMETRIC_REPRESENTATION_CONTEXT() REPRESENTATION_CONTEXT('2D SPACE',''
  ) );
#16209 = ADVANCED_FACE('',(#16210),#6084,.F.);
#16210 = FACE_BOUND('',#16211,.F.);
#16211 = EDGE_LOOP('',(#16212,#16235,#16236,#16237));
#16212 = ORIENTED_EDGE('',*,*,#16213,.T.);
#16213 = EDGE_CURVE('',#16214,#6064,#16216,.T.);
#16214 = VERTEX_POINT('',#16215);
#16215 = CARTESIAN_POINT('',(237.868614,-57.486559,0.));
#16216 = SEAM_CURVE('',#16217,(#16221,#16228),.PCURVE_S1.);
#16217 = LINE('',#16218,#16219);
#16218 = CARTESIAN_POINT('',(237.868614,-57.486559,-4.6E-02));
#16219 = VECTOR('',#16220,1.);
#16220 = DIRECTION('',(0.,0.,1.));
#16221 = PCURVE('',#6084,#16222);
#16222 = DEFINITIONAL_REPRESENTATION('',(#16223),#16227);
#16223 = LINE('',#16224,#16225);
#16224 = CARTESIAN_POINT('',(0.,0.));
#16225 = VECTOR('',#16226,1.);
#16226 = DIRECTION('',(0.,-1.));
#16227 = ( GEOMETRIC_REPRESENTATION_CONTEXT(2) 
PARAMETRIC_REPRESENTATION_CONTEXT() REPRESENTATION_CONTEXT('2D SPACE',''
  ) );
#16228 = PCURVE('',#6084,#16229);
#16229 = DEFINITIONAL_REPRESENTATION('',(#16230),#16234);
#16230 = LINE('',#16231,#16232);
#16231 = CARTESIAN_POINT('',(6.28318530718,0.));
#16232 = VECTOR('',#16233,1.);
#16233 = DIRECTION('',(0.,-1.));
#16234 = ( GEOMETRIC_REPRESENTATION_CONTEXT(2) 
PARAMETRIC_REPRESENTATION_CONTEXT() REPRESENTATION_CONTEXT('2D SPACE',''
  ) );
#16235 = ORIENTED_EDGE('',*,*,#6063,.T.);
#16236 = ORIENTED_EDGE('',*,*,#16213,.F.);
#16237 = ORIENTED_EDGE('',*,*,#16238,.F.);
#16238 = EDGE_CURVE('',#16214,#16214,#16239,.T.);
#16239 = SURFACE_CURVE('',#16240,(#16245,#16252),.PCURVE_S1.);
#16240 = CIRCLE('',#16241,0.4953);
#16241 = AXIS2_PLACEMENT_3D('',#16242,#16243,#16244);
#16242 = CARTESIAN_POINT('',(237.868614,-56.991259,0.));
#16243 = DIRECTION('',(0.,-0.,-1.));
#16244 = DIRECTION('',(5.738281734384E-14,-1.,0.));
#16245 = PCURVE('',#6084,#16246);
#16246 = DEFINITIONAL_REPRESENTATION('',(#16247),#16251);
#16247 = LINE('',#16248,#16249);
#16248 = CARTESIAN_POINT('',(0.,-4.6E-02));
#16249 = VECTOR('',#16250,1.);
#16250 = DIRECTION('',(1.,0.));
#16251 = ( GEOMETRIC_REPRESENTATION_CONTEXT(2) 
PARAMETRIC_REPRESENTATION_CONTEXT() REPRESENTATION_CONTEXT('2D SPACE',''
  ) );
#16252 = PCURVE('',#6733,#16253);
#16253 = DEFINITIONAL_REPRESENTATION('',(#16254),#16262);
#16254 = ( BOUNDED_CURVE() B_SPLINE_CURVE(2,(#16255,#16256,#16257,#16258
    ,#16259,#16260,#16261),.UNSPECIFIED.,.T.,.F.) 
B_SPLINE_CURVE_WITH_KNOTS((1,2,2,2,2,1),(-2.094395102393,0.,
    2.094395102393,4.188790204786,6.28318530718,8.377580409573),
.UNSPECIFIED.) CURVE() GEOMETRIC_REPRESENTATION_ITEM() 
RATIONAL_B_SPLINE_CURVE((1.,0.5,1.,0.5,1.,0.5,1.)) REPRESENTATION_ITEM(
  '') );
#16255 = CARTESIAN_POINT('',(237.868614,-57.486559));
#16256 = CARTESIAN_POINT('',(237.01072923501,-57.486559));
#16257 = CARTESIAN_POINT('',(237.4396716175,-56.743609));
#16258 = CARTESIAN_POINT('',(237.868614,-56.000659));
#16259 = CARTESIAN_POINT('',(238.29755638249,-56.743609));
#16260 = CARTESIAN_POINT('',(238.72649876498,-57.486559));
#16261 = CARTESIAN_POINT('',(237.868614,-57.486559));
#16262 = ( GEOMETRIC_REPRESENTATION_CONTEXT(2) 
PARAMETRIC_REPRESENTATION_CONTEXT() REPRESENTATION_CONTEXT('2D SPACE',''
  ) );
#16263 = ADVANCED_FACE('',(#16264),#6119,.F.);
#16264 = FACE_BOUND('',#16265,.F.);
#16265 = EDGE_LOOP('',(#16266,#16289,#16290,#16291));
#16266 = ORIENTED_EDGE('',*,*,#16267,.T.);
#16267 = EDGE_CURVE('',#16268,#6099,#16270,.T.);
#16268 = VERTEX_POINT('',#16269);
#16269 = CARTESIAN_POINT('',(247.95288,-60.18863,0.));
#16270 = SEAM_CURVE('',#16271,(#16275,#16282),.PCURVE_S1.);
#16271 = LINE('',#16272,#16273);
#16272 = CARTESIAN_POINT('',(247.95288,-60.18863,-4.6E-02));
#16273 = VECTOR('',#16274,1.);
#16274 = DIRECTION('',(0.,0.,1.));
#16275 = PCURVE('',#6119,#16276);
#16276 = DEFINITIONAL_REPRESENTATION('',(#16277),#16281);
#16277 = LINE('',#16278,#16279);
#16278 = CARTESIAN_POINT('',(0.,0.));
#16279 = VECTOR('',#16280,1.);
#16280 = DIRECTION('',(0.,-1.));
#16281 = ( GEOMETRIC_REPRESENTATION_CONTEXT(2) 
PARAMETRIC_REPRESENTATION_CONTEXT() REPRESENTATION_CONTEXT('2D SPACE',''
  ) );
#16282 = PCURVE('',#6119,#16283);
#16283 = DEFINITIONAL_REPRESENTATION('',(#16284),#16288);
#16284 = LINE('',#16285,#16286);
#16285 = CARTESIAN_POINT('',(6.28318530718,0.));
#16286 = VECTOR('',#16287,1.);
#16287 = DIRECTION('',(0.,-1.));
#16288 = ( GEOMETRIC_REPRESENTATION_CONTEXT(2) 
PARAMETRIC_REPRESENTATION_CONTEXT() REPRESENTATION_CONTEXT('2D SPACE',''
  ) );
#16289 = ORIENTED_EDGE('',*,*,#6098,.T.);
#16290 = ORIENTED_EDGE('',*,*,#16267,.F.);
#16291 = ORIENTED_EDGE('',*,*,#16292,.F.);
#16292 = EDGE_CURVE('',#16268,#16268,#16293,.T.);
#16293 = SURFACE_CURVE('',#16294,(#16299,#16306),.PCURVE_S1.);
#16294 = CIRCLE('',#16295,0.4953);
#16295 = AXIS2_PLACEMENT_3D('',#16296,#16297,#16298);
#16296 = CARTESIAN_POINT('',(247.95288,-59.69333,0.));
#16297 = DIRECTION('',(-0.,-0.,-1.));
#16298 = DIRECTION('',(0.,-1.,0.));
#16299 = PCURVE('',#6119,#16300);
#16300 = DEFINITIONAL_REPRESENTATION('',(#16301),#16305);
#16301 = LINE('',#16302,#16303);
#16302 = CARTESIAN_POINT('',(0.,-4.6E-02));
#16303 = VECTOR('',#16304,1.);
#16304 = DIRECTION('',(1.,0.));
#16305 = ( GEOMETRIC_REPRESENTATION_CONTEXT(2) 
PARAMETRIC_REPRESENTATION_CONTEXT() REPRESENTATION_CONTEXT('2D SPACE',''
  ) );
#16306 = PCURVE('',#6733,#16307);
#16307 = DEFINITIONAL_REPRESENTATION('',(#16308),#16316);
#16308 = ( BOUNDED_CURVE() B_SPLINE_CURVE(2,(#16309,#16310,#16311,#16312
    ,#16313,#16314,#16315),.UNSPECIFIED.,.T.,.F.) 
B_SPLINE_CURVE_WITH_KNOTS((1,2,2,2,2,1),(-2.094395102393,0.,
    2.094395102393,4.188790204786,6.28318530718,8.377580409573),
.UNSPECIFIED.) CURVE() GEOMETRIC_REPRESENTATION_ITEM() 
RATIONAL_B_SPLINE_CURVE((1.,0.5,1.,0.5,1.,0.5,1.)) REPRESENTATION_ITEM(
  '') );
#16309 = CARTESIAN_POINT('',(247.95288,-60.18863));
#16310 = CARTESIAN_POINT('',(247.09499523501,-60.18863));
#16311 = CARTESIAN_POINT('',(247.5239376175,-59.44568));
#16312 = CARTESIAN_POINT('',(247.95288,-58.70273));
#16313 = CARTESIAN_POINT('',(248.38182238249,-59.44568));
#16314 = CARTESIAN_POINT('',(248.81076476498,-60.18863));
#16315 = CARTESIAN_POINT('',(247.95288,-60.18863));
#16316 = ( GEOMETRIC_REPRESENTATION_CONTEXT(2) 
PARAMETRIC_REPRESENTATION_CONTEXT() REPRESENTATION_CONTEXT('2D SPACE',''
  ) );
#16317 = ADVANCED_FACE('',(#16318),#6154,.F.);
#16318 = FACE_BOUND('',#16319,.F.);
#16319 = EDGE_LOOP('',(#16320,#16343,#16344,#16345));
#16320 = ORIENTED_EDGE('',*,*,#16321,.T.);
#16321 = EDGE_CURVE('',#16322,#6134,#16324,.T.);
#16322 = VERTEX_POINT('',#16323);
#16323 = CARTESIAN_POINT('',(194.26,-49.6353,0.));
#16324 = SEAM_CURVE('',#16325,(#16329,#16336),.PCURVE_S1.);
#16325 = LINE('',#16326,#16327);
#16326 = CARTESIAN_POINT('',(194.26,-49.6353,-4.6E-02));
#16327 = VECTOR('',#16328,1.);
#16328 = DIRECTION('',(0.,0.,1.));
#16329 = PCURVE('',#6154,#16330);
#16330 = DEFINITIONAL_REPRESENTATION('',(#16331),#16335);
#16331 = LINE('',#16332,#16333);
#16332 = CARTESIAN_POINT('',(0.,0.));
#16333 = VECTOR('',#16334,1.);
#16334 = DIRECTION('',(0.,-1.));
#16335 = ( GEOMETRIC_REPRESENTATION_CONTEXT(2) 
PARAMETRIC_REPRESENTATION_CONTEXT() REPRESENTATION_CONTEXT('2D SPACE',''
  ) );
#16336 = PCURVE('',#6154,#16337);
#16337 = DEFINITIONAL_REPRESENTATION('',(#16338),#16342);
#16338 = LINE('',#16339,#16340);
#16339 = CARTESIAN_POINT('',(6.28318530718,0.));
#16340 = VECTOR('',#16341,1.);
#16341 = DIRECTION('',(0.,-1.));
#16342 = ( GEOMETRIC_REPRESENTATION_CONTEXT(2) 
PARAMETRIC_REPRESENTATION_CONTEXT() REPRESENTATION_CONTEXT('2D SPACE',''
  ) );
#16343 = ORIENTED_EDGE('',*,*,#6133,.T.);
#16344 = ORIENTED_EDGE('',*,*,#16321,.F.);
#16345 = ORIENTED_EDGE('',*,*,#16346,.F.);
#16346 = EDGE_CURVE('',#16322,#16322,#16347,.T.);
#16347 = SURFACE_CURVE('',#16348,(#16353,#16360),.PCURVE_S1.);
#16348 = CIRCLE('',#16349,0.4953);
#16349 = AXIS2_PLACEMENT_3D('',#16350,#16351,#16352);
#16350 = CARTESIAN_POINT('',(194.26,-49.14,0.));
#16351 = DIRECTION('',(-0.,-0.,-1.));
#16352 = DIRECTION('',(0.,-1.,0.));
#16353 = PCURVE('',#6154,#16354);
#16354 = DEFINITIONAL_REPRESENTATION('',(#16355),#16359);
#16355 = LINE('',#16356,#16357);
#16356 = CARTESIAN_POINT('',(0.,-4.6E-02));
#16357 = VECTOR('',#16358,1.);
#16358 = DIRECTION('',(1.,0.));
#16359 = ( GEOMETRIC_REPRESENTATION_CONTEXT(2) 
PARAMETRIC_REPRESENTATION_CONTEXT() REPRESENTATION_CONTEXT('2D SPACE',''
  ) );
#16360 = PCURVE('',#6733,#16361);
#16361 = DEFINITIONAL_REPRESENTATION('',(#16362),#16370);
#16362 = ( BOUNDED_CURVE() B_SPLINE_CURVE(2,(#16363,#16364,#16365,#16366
    ,#16367,#16368,#16369),.UNSPECIFIED.,.T.,.F.) 
B_SPLINE_CURVE_WITH_KNOTS((1,2,2,2,2,1),(-2.094395102393,0.,
    2.094395102393,4.188790204786,6.28318530718,8.377580409573),
.UNSPECIFIED.) CURVE() GEOMETRIC_REPRESENTATION_ITEM() 
RATIONAL_B_SPLINE_CURVE((1.,0.5,1.,0.5,1.,0.5,1.)) REPRESENTATION_ITEM(
  '') );
#16363 = CARTESIAN_POINT('',(194.26,-49.6353));
#16364 = CARTESIAN_POINT('',(193.40211523501,-49.6353));
#16365 = CARTESIAN_POINT('',(193.8310576175,-48.89235));
#16366 = CARTESIAN_POINT('',(194.26,-48.1494));
#16367 = CARTESIAN_POINT('',(194.68894238249,-48.89235));
#16368 = CARTESIAN_POINT('',(195.11788476498,-49.6353));
#16369 = CARTESIAN_POINT('',(194.26,-49.6353));
#16370 = ( GEOMETRIC_REPRESENTATION_CONTEXT(2) 
PARAMETRIC_REPRESENTATION_CONTEXT() REPRESENTATION_CONTEXT('2D SPACE',''
  ) );
#16371 = ADVANCED_FACE('',(#16372),#6189,.F.);
#16372 = FACE_BOUND('',#16373,.F.);
#16373 = EDGE_LOOP('',(#16374,#16397,#16398,#16399));
#16374 = ORIENTED_EDGE('',*,*,#16375,.T.);
#16375 = EDGE_CURVE('',#16376,#6169,#16378,.T.);
#16376 = VERTEX_POINT('',#16377);
#16377 = CARTESIAN_POINT('',(204.7,-49.6353,0.));
#16378 = SEAM_CURVE('',#16379,(#16383,#16390),.PCURVE_S1.);
#16379 = LINE('',#16380,#16381);
#16380 = CARTESIAN_POINT('',(204.7,-49.6353,-4.6E-02));
#16381 = VECTOR('',#16382,1.);
#16382 = DIRECTION('',(0.,0.,1.));
#16383 = PCURVE('',#6189,#16384);
#16384 = DEFINITIONAL_REPRESENTATION('',(#16385),#16389);
#16385 = LINE('',#16386,#16387);
#16386 = CARTESIAN_POINT('',(0.,0.));
#16387 = VECTOR('',#16388,1.);
#16388 = DIRECTION('',(0.,-1.));
#16389 = ( GEOMETRIC_REPRESENTATION_CONTEXT(2) 
PARAMETRIC_REPRESENTATION_CONTEXT() REPRESENTATION_CONTEXT('2D SPACE',''
  ) );
#16390 = PCURVE('',#6189,#16391);
#16391 = DEFINITIONAL_REPRESENTATION('',(#16392),#16396);
#16392 = LINE('',#16393,#16394);
#16393 = CARTESIAN_POINT('',(6.28318530718,0.));
#16394 = VECTOR('',#16395,1.);
#16395 = DIRECTION('',(0.,-1.));
#16396 = ( GEOMETRIC_REPRESENTATION_CONTEXT(2) 
PARAMETRIC_REPRESENTATION_CONTEXT() REPRESENTATION_CONTEXT('2D SPACE',''
  ) );
#16397 = ORIENTED_EDGE('',*,*,#6168,.T.);
#16398 = ORIENTED_EDGE('',*,*,#16375,.F.);
#16399 = ORIENTED_EDGE('',*,*,#16400,.F.);
#16400 = EDGE_CURVE('',#16376,#16376,#16401,.T.);
#16401 = SURFACE_CURVE('',#16402,(#16407,#16414),.PCURVE_S1.);
#16402 = CIRCLE('',#16403,0.4953);
#16403 = AXIS2_PLACEMENT_3D('',#16404,#16405,#16406);
#16404 = CARTESIAN_POINT('',(204.7,-49.14,0.));
#16405 = DIRECTION('',(-0.,-0.,-1.));
#16406 = DIRECTION('',(0.,-1.,0.));
#16407 = PCURVE('',#6189,#16408);
#16408 = DEFINITIONAL_REPRESENTATION('',(#16409),#16413);
#16409 = LINE('',#16410,#16411);
#16410 = CARTESIAN_POINT('',(0.,-4.6E-02));
#16411 = VECTOR('',#16412,1.);
#16412 = DIRECTION('',(1.,0.));
#16413 = ( GEOMETRIC_REPRESENTATION_CONTEXT(2) 
PARAMETRIC_REPRESENTATION_CONTEXT() REPRESENTATION_CONTEXT('2D SPACE',''
  ) );
#16414 = PCURVE('',#6733,#16415);
#16415 = DEFINITIONAL_REPRESENTATION('',(#16416),#16424);
#16416 = ( BOUNDED_CURVE() B_SPLINE_CURVE(2,(#16417,#16418,#16419,#16420
    ,#16421,#16422,#16423),.UNSPECIFIED.,.T.,.F.) 
B_SPLINE_CURVE_WITH_KNOTS((1,2,2,2,2,1),(-2.094395102393,0.,
    2.094395102393,4.188790204786,6.28318530718,8.377580409573),
.UNSPECIFIED.) CURVE() GEOMETRIC_REPRESENTATION_ITEM() 
RATIONAL_B_SPLINE_CURVE((1.,0.5,1.,0.5,1.,0.5,1.)) REPRESENTATION_ITEM(
  '') );
#16417 = CARTESIAN_POINT('',(204.7,-49.6353));
#16418 = CARTESIAN_POINT('',(203.84211523501,-49.6353));
#16419 = CARTESIAN_POINT('',(204.2710576175,-48.89235));
#16420 = CARTESIAN_POINT('',(204.7,-48.1494));
#16421 = CARTESIAN_POINT('',(205.12894238249,-48.89235));
#16422 = CARTESIAN_POINT('',(205.55788476498,-49.6353));
#16423 = CARTESIAN_POINT('',(204.7,-49.6353));
#16424 = ( GEOMETRIC_REPRESENTATION_CONTEXT(2) 
PARAMETRIC_REPRESENTATION_CONTEXT() REPRESENTATION_CONTEXT('2D SPACE',''
  ) );
#16425 = ADVANCED_FACE('',(#16426),#6224,.F.);
#16426 = FACE_BOUND('',#16427,.F.);
#16427 = EDGE_LOOP('',(#16428,#16451,#16452,#16453));
#16428 = ORIENTED_EDGE('',*,*,#16429,.T.);
#16429 = EDGE_CURVE('',#16430,#6204,#16432,.T.);
#16430 = VERTEX_POINT('',#16431);
#16431 = CARTESIAN_POINT('',(199.48,-42.759,0.));
#16432 = SEAM_CURVE('',#16433,(#16437,#16444),.PCURVE_S1.);
#16433 = LINE('',#16434,#16435);
#16434 = CARTESIAN_POINT('',(199.48,-42.759,-4.6E-02));
#16435 = VECTOR('',#16436,1.);
#16436 = DIRECTION('',(0.,0.,1.));
#16437 = PCURVE('',#6224,#16438);
#16438 = DEFINITIONAL_REPRESENTATION('',(#16439),#16443);
#16439 = LINE('',#16440,#16441);
#16440 = CARTESIAN_POINT('',(0.,0.));
#16441 = VECTOR('',#16442,1.);
#16442 = DIRECTION('',(0.,-1.));
#16443 = ( GEOMETRIC_REPRESENTATION_CONTEXT(2) 
PARAMETRIC_REPRESENTATION_CONTEXT() REPRESENTATION_CONTEXT('2D SPACE',''
  ) );
#16444 = PCURVE('',#6224,#16445);
#16445 = DEFINITIONAL_REPRESENTATION('',(#16446),#16450);
#16446 = LINE('',#16447,#16448);
#16447 = CARTESIAN_POINT('',(6.28318530718,0.));
#16448 = VECTOR('',#16449,1.);
#16449 = DIRECTION('',(0.,-1.));
#16450 = ( GEOMETRIC_REPRESENTATION_CONTEXT(2) 
PARAMETRIC_REPRESENTATION_CONTEXT() REPRESENTATION_CONTEXT('2D SPACE',''
  ) );
#16451 = ORIENTED_EDGE('',*,*,#6203,.T.);
#16452 = ORIENTED_EDGE('',*,*,#16429,.F.);
#16453 = ORIENTED_EDGE('',*,*,#16454,.F.);
#16454 = EDGE_CURVE('',#16430,#16430,#16455,.T.);
#16455 = SURFACE_CURVE('',#16456,(#16461,#16468),.PCURVE_S1.);
#16456 = CIRCLE('',#16457,0.635);
#16457 = AXIS2_PLACEMENT_3D('',#16458,#16459,#16460);
#16458 = CARTESIAN_POINT('',(199.48,-42.124,0.));
#16459 = DIRECTION('',(-0.,0.,-1.));
#16460 = DIRECTION('',(-4.475859752819E-14,-1.,0.));
#16461 = PCURVE('',#6224,#16462);
#16462 = DEFINITIONAL_REPRESENTATION('',(#16463),#16467);
#16463 = LINE('',#16464,#16465);
#16464 = CARTESIAN_POINT('',(0.,-4.6E-02));
#16465 = VECTOR('',#16466,1.);
#16466 = DIRECTION('',(1.,0.));
#16467 = ( GEOMETRIC_REPRESENTATION_CONTEXT(2) 
PARAMETRIC_REPRESENTATION_CONTEXT() REPRESENTATION_CONTEXT('2D SPACE',''
  ) );
#16468 = PCURVE('',#6733,#16469);
#16469 = DEFINITIONAL_REPRESENTATION('',(#16470),#16478);
#16470 = ( BOUNDED_CURVE() B_SPLINE_CURVE(2,(#16471,#16472,#16473,#16474
    ,#16475,#16476,#16477),.UNSPECIFIED.,.T.,.F.) 
B_SPLINE_CURVE_WITH_KNOTS((1,2,2,2,2,1),(-2.094395102393,0.,
    2.094395102393,4.188790204786,6.28318530718,8.377580409573),
.UNSPECIFIED.) CURVE() GEOMETRIC_REPRESENTATION_ITEM() 
RATIONAL_B_SPLINE_CURVE((1.,0.5,1.,0.5,1.,0.5,1.)) REPRESENTATION_ITEM(
  '') );
#16471 = CARTESIAN_POINT('',(199.48,-42.759));
#16472 = CARTESIAN_POINT('',(198.38014773719,-42.759));
#16473 = CARTESIAN_POINT('',(198.93007386859,-41.8065));
#16474 = CARTESIAN_POINT('',(199.48,-40.854));
#16475 = CARTESIAN_POINT('',(200.0299261314,-41.8065));
#16476 = CARTESIAN_POINT('',(200.5798522628,-42.759));
#16477 = CARTESIAN_POINT('',(199.48,-42.759));
#16478 = ( GEOMETRIC_REPRESENTATION_CONTEXT(2) 
PARAMETRIC_REPRESENTATION_CONTEXT() REPRESENTATION_CONTEXT('2D SPACE',''
  ) );
#16479 = ADVANCED_FACE('',(#16480),#6259,.F.);
#16480 = FACE_BOUND('',#16481,.F.);
#16481 = EDGE_LOOP('',(#16482,#16505,#16506,#16507));
#16482 = ORIENTED_EDGE('',*,*,#16483,.T.);
#16483 = EDGE_CURVE('',#16484,#6239,#16486,.T.);
#16484 = VERTEX_POINT('',#16485);
#16485 = CARTESIAN_POINT('',(219.824469,-49.024771,0.));
#16486 = SEAM_CURVE('',#16487,(#16491,#16498),.PCURVE_S1.);
#16487 = LINE('',#16488,#16489);
#16488 = CARTESIAN_POINT('',(219.824469,-49.024771,-4.6E-02));
#16489 = VECTOR('',#16490,1.);
#16490 = DIRECTION('',(0.,0.,1.));
#16491 = PCURVE('',#6259,#16492);
#16492 = DEFINITIONAL_REPRESENTATION('',(#16493),#16497);
#16493 = LINE('',#16494,#16495);
#16494 = CARTESIAN_POINT('',(0.,0.));
#16495 = VECTOR('',#16496,1.);
#16496 = DIRECTION('',(0.,-1.));
#16497 = ( GEOMETRIC_REPRESENTATION_CONTEXT(2) 
PARAMETRIC_REPRESENTATION_CONTEXT() REPRESENTATION_CONTEXT('2D SPACE',''
  ) );
#16498 = PCURVE('',#6259,#16499);
#16499 = DEFINITIONAL_REPRESENTATION('',(#16500),#16504);
#16500 = LINE('',#16501,#16502);
#16501 = CARTESIAN_POINT('',(6.28318530718,0.));
#16502 = VECTOR('',#16503,1.);
#16503 = DIRECTION('',(0.,-1.));
#16504 = ( GEOMETRIC_REPRESENTATION_CONTEXT(2) 
PARAMETRIC_REPRESENTATION_CONTEXT() REPRESENTATION_CONTEXT('2D SPACE',''
  ) );
#16505 = ORIENTED_EDGE('',*,*,#6238,.T.);
#16506 = ORIENTED_EDGE('',*,*,#16483,.F.);
#16507 = ORIENTED_EDGE('',*,*,#16508,.F.);
#16508 = EDGE_CURVE('',#16484,#16484,#16509,.T.);
#16509 = SURFACE_CURVE('',#16510,(#16515,#16522),.PCURVE_S1.);
#16510 = CIRCLE('',#16511,0.635);
#16511 = AXIS2_PLACEMENT_3D('',#16512,#16513,#16514);
#16512 = CARTESIAN_POINT('',(219.824469,-48.389771,0.));
#16513 = DIRECTION('',(-0.,0.,-1.));
#16514 = DIRECTION('',(-4.475859752819E-14,-1.,0.));
#16515 = PCURVE('',#6259,#16516);
#16516 = DEFINITIONAL_REPRESENTATION('',(#16517),#16521);
#16517 = LINE('',#16518,#16519);
#16518 = CARTESIAN_POINT('',(0.,-4.6E-02));
#16519 = VECTOR('',#16520,1.);
#16520 = DIRECTION('',(1.,0.));
#16521 = ( GEOMETRIC_REPRESENTATION_CONTEXT(2) 
PARAMETRIC_REPRESENTATION_CONTEXT() REPRESENTATION_CONTEXT('2D SPACE',''
  ) );
#16522 = PCURVE('',#6733,#16523);
#16523 = DEFINITIONAL_REPRESENTATION('',(#16524),#16532);
#16524 = ( BOUNDED_CURVE() B_SPLINE_CURVE(2,(#16525,#16526,#16527,#16528
    ,#16529,#16530,#16531),.UNSPECIFIED.,.T.,.F.) 
B_SPLINE_CURVE_WITH_KNOTS((1,2,2,2,2,1),(-2.094395102393,0.,
    2.094395102393,4.188790204786,6.28318530718,8.377580409573),
.UNSPECIFIED.) CURVE() GEOMETRIC_REPRESENTATION_ITEM() 
RATIONAL_B_SPLINE_CURVE((1.,0.5,1.,0.5,1.,0.5,1.)) REPRESENTATION_ITEM(
  '') );
#16525 = CARTESIAN_POINT('',(219.824469,-49.024771));
#16526 = CARTESIAN_POINT('',(218.72461673719,-49.024771));
#16527 = CARTESIAN_POINT('',(219.27454286859,-48.072271));
#16528 = CARTESIAN_POINT('',(219.824469,-47.119771));
#16529 = CARTESIAN_POINT('',(220.3743951314,-48.072271));
#16530 = CARTESIAN_POINT('',(220.9243212628,-49.024771));
#16531 = CARTESIAN_POINT('',(219.824469,-49.024771));
#16532 = ( GEOMETRIC_REPRESENTATION_CONTEXT(2) 
PARAMETRIC_REPRESENTATION_CONTEXT() REPRESENTATION_CONTEXT('2D SPACE',''
  ) );
#16533 = ADVANCED_FACE('',(#16534),#6294,.F.);
#16534 = FACE_BOUND('',#16535,.F.);
#16535 = EDGE_LOOP('',(#16536,#16559,#16560,#16561));
#16536 = ORIENTED_EDGE('',*,*,#16537,.T.);
#16537 = EDGE_CURVE('',#16538,#6274,#16540,.T.);
#16538 = VERTEX_POINT('',#16539);
#16539 = CARTESIAN_POINT('',(214.983137,-46.581104,0.));
#16540 = SEAM_CURVE('',#16541,(#16545,#16552),.PCURVE_S1.);
#16541 = LINE('',#16542,#16543);
#16542 = CARTESIAN_POINT('',(214.983137,-46.581104,-4.6E-02));
#16543 = VECTOR('',#16544,1.);
#16544 = DIRECTION('',(0.,0.,1.));
#16545 = PCURVE('',#6294,#16546);
#16546 = DEFINITIONAL_REPRESENTATION('',(#16547),#16551);
#16547 = LINE('',#16548,#16549);
#16548 = CARTESIAN_POINT('',(0.,0.));
#16549 = VECTOR('',#16550,1.);
#16550 = DIRECTION('',(0.,-1.));
#16551 = ( GEOMETRIC_REPRESENTATION_CONTEXT(2) 
PARAMETRIC_REPRESENTATION_CONTEXT() REPRESENTATION_CONTEXT('2D SPACE',''
  ) );
#16552 = PCURVE('',#6294,#16553);
#16553 = DEFINITIONAL_REPRESENTATION('',(#16554),#16558);
#16554 = LINE('',#16555,#16556);
#16555 = CARTESIAN_POINT('',(6.28318530718,0.));
#16556 = VECTOR('',#16557,1.);
#16557 = DIRECTION('',(0.,-1.));
#16558 = ( GEOMETRIC_REPRESENTATION_CONTEXT(2) 
PARAMETRIC_REPRESENTATION_CONTEXT() REPRESENTATION_CONTEXT('2D SPACE',''
  ) );
#16559 = ORIENTED_EDGE('',*,*,#6273,.T.);
#16560 = ORIENTED_EDGE('',*,*,#16537,.F.);
#16561 = ORIENTED_EDGE('',*,*,#16562,.F.);
#16562 = EDGE_CURVE('',#16538,#16538,#16563,.T.);
#16563 = SURFACE_CURVE('',#16564,(#16569,#16576),.PCURVE_S1.);
#16564 = CIRCLE('',#16565,0.635);
#16565 = AXIS2_PLACEMENT_3D('',#16566,#16567,#16568);
#16566 = CARTESIAN_POINT('',(214.983137,-45.946104,0.));
#16567 = DIRECTION('',(-0.,-0.,-1.));
#16568 = DIRECTION('',(0.,-1.,0.));
#16569 = PCURVE('',#6294,#16570);
#16570 = DEFINITIONAL_REPRESENTATION('',(#16571),#16575);
#16571 = LINE('',#16572,#16573);
#16572 = CARTESIAN_POINT('',(0.,-4.6E-02));
#16573 = VECTOR('',#16574,1.);
#16574 = DIRECTION('',(1.,0.));
#16575 = ( GEOMETRIC_REPRESENTATION_CONTEXT(2) 
PARAMETRIC_REPRESENTATION_CONTEXT() REPRESENTATION_CONTEXT('2D SPACE',''
  ) );
#16576 = PCURVE('',#6733,#16577);
#16577 = DEFINITIONAL_REPRESENTATION('',(#16578),#16586);
#16578 = ( BOUNDED_CURVE() B_SPLINE_CURVE(2,(#16579,#16580,#16581,#16582
    ,#16583,#16584,#16585),.UNSPECIFIED.,.T.,.F.) 
B_SPLINE_CURVE_WITH_KNOTS((1,2,2,2,2,1),(-2.094395102393,0.,
    2.094395102393,4.188790204786,6.28318530718,8.377580409573),
.UNSPECIFIED.) CURVE() GEOMETRIC_REPRESENTATION_ITEM() 
RATIONAL_B_SPLINE_CURVE((1.,0.5,1.,0.5,1.,0.5,1.)) REPRESENTATION_ITEM(
  '') );
#16579 = CARTESIAN_POINT('',(214.983137,-46.581104));
#16580 = CARTESIAN_POINT('',(213.88328473719,-46.581104));
#16581 = CARTESIAN_POINT('',(214.43321086859,-45.628604));
#16582 = CARTESIAN_POINT('',(214.983137,-44.676104));
#16583 = CARTESIAN_POINT('',(215.5330631314,-45.628604));
#16584 = CARTESIAN_POINT('',(216.0829892628,-46.581104));
#16585 = CARTESIAN_POINT('',(214.983137,-46.581104));
#16586 = ( GEOMETRIC_REPRESENTATION_CONTEXT(2) 
PARAMETRIC_REPRESENTATION_CONTEXT() REPRESENTATION_CONTEXT('2D SPACE',''
  ) );
#16587 = ADVANCED_FACE('',(#16588),#6329,.F.);
#16588 = FACE_BOUND('',#16589,.F.);
#16589 = EDGE_LOOP('',(#16590,#16613,#16614,#16615));
#16590 = ORIENTED_EDGE('',*,*,#16591,.T.);
#16591 = EDGE_CURVE('',#16592,#6309,#16594,.T.);
#16592 = VERTEX_POINT('',#16593);
#16593 = CARTESIAN_POINT('',(214.74943,-42.971382,0.));
#16594 = SEAM_CURVE('',#16595,(#16599,#16606),.PCURVE_S1.);
#16595 = LINE('',#16596,#16597);
#16596 = CARTESIAN_POINT('',(214.74943,-42.971382,-4.6E-02));
#16597 = VECTOR('',#16598,1.);
#16598 = DIRECTION('',(0.,0.,1.));
#16599 = PCURVE('',#6329,#16600);
#16600 = DEFINITIONAL_REPRESENTATION('',(#16601),#16605);
#16601 = LINE('',#16602,#16603);
#16602 = CARTESIAN_POINT('',(0.,0.));
#16603 = VECTOR('',#16604,1.);
#16604 = DIRECTION('',(0.,-1.));
#16605 = ( GEOMETRIC_REPRESENTATION_CONTEXT(2) 
PARAMETRIC_REPRESENTATION_CONTEXT() REPRESENTATION_CONTEXT('2D SPACE',''
  ) );
#16606 = PCURVE('',#6329,#16607);
#16607 = DEFINITIONAL_REPRESENTATION('',(#16608),#16612);
#16608 = LINE('',#16609,#16610);
#16609 = CARTESIAN_POINT('',(6.28318530718,0.));
#16610 = VECTOR('',#16611,1.);
#16611 = DIRECTION('',(0.,-1.));
#16612 = ( GEOMETRIC_REPRESENTATION_CONTEXT(2) 
PARAMETRIC_REPRESENTATION_CONTEXT() REPRESENTATION_CONTEXT('2D SPACE',''
  ) );
#16613 = ORIENTED_EDGE('',*,*,#6308,.T.);
#16614 = ORIENTED_EDGE('',*,*,#16591,.F.);
#16615 = ORIENTED_EDGE('',*,*,#16616,.F.);
#16616 = EDGE_CURVE('',#16592,#16592,#16617,.T.);
#16617 = SURFACE_CURVE('',#16618,(#16623,#16630),.PCURVE_S1.);
#16618 = CIRCLE('',#16619,0.8509);
#16619 = AXIS2_PLACEMENT_3D('',#16620,#16621,#16622);
#16620 = CARTESIAN_POINT('',(214.74943,-42.120482,0.));
#16621 = DIRECTION('',(-0.,0.,-1.));
#16622 = DIRECTION('',(-3.340193845388E-14,-1.,0.));
#16623 = PCURVE('',#6329,#16624);
#16624 = DEFINITIONAL_REPRESENTATION('',(#16625),#16629);
#16625 = LINE('',#16626,#16627);
#16626 = CARTESIAN_POINT('',(0.,-4.6E-02));
#16627 = VECTOR('',#16628,1.);
#16628 = DIRECTION('',(1.,0.));
#16629 = ( GEOMETRIC_REPRESENTATION_CONTEXT(2) 
PARAMETRIC_REPRESENTATION_CONTEXT() REPRESENTATION_CONTEXT('2D SPACE',''
  ) );
#16630 = PCURVE('',#6733,#16631);
#16631 = DEFINITIONAL_REPRESENTATION('',(#16632),#16640);
#16632 = ( BOUNDED_CURVE() B_SPLINE_CURVE(2,(#16633,#16634,#16635,#16636
    ,#16637,#16638,#16639),.UNSPECIFIED.,.T.,.F.) 
B_SPLINE_CURVE_WITH_KNOTS((1,2,2,2,2,1),(-2.094395102393,0.,
    2.094395102393,4.188790204786,6.28318530718,8.377580409573),
.UNSPECIFIED.) CURVE() GEOMETRIC_REPRESENTATION_ITEM() 
RATIONAL_B_SPLINE_CURVE((1.,0.5,1.,0.5,1.,0.5,1.)) REPRESENTATION_ITEM(
  '') );
#16633 = CARTESIAN_POINT('',(214.74943,-42.971382));
#16634 = CARTESIAN_POINT('',(213.27562796784,-42.971382));
#16635 = CARTESIAN_POINT('',(214.01252898392,-41.695032));
#16636 = CARTESIAN_POINT('',(214.74943,-40.418682));
#16637 = CARTESIAN_POINT('',(215.48633101608,-41.695032));
#16638 = CARTESIAN_POINT('',(216.22323203216,-42.971382));
#16639 = CARTESIAN_POINT('',(214.74943,-42.971382));
#16640 = ( GEOMETRIC_REPRESENTATION_CONTEXT(2) 
PARAMETRIC_REPRESENTATION_CONTEXT() REPRESENTATION_CONTEXT('2D SPACE',''
  ) );
#16641 = ADVANCED_FACE('',(#16642),#6364,.F.);
#16642 = FACE_BOUND('',#16643,.F.);
#16643 = EDGE_LOOP('',(#16644,#16667,#16668,#16669));
#16644 = ORIENTED_EDGE('',*,*,#16645,.T.);
#16645 = EDGE_CURVE('',#16646,#6344,#16648,.T.);
#16646 = VERTEX_POINT('',#16647);
#16647 = CARTESIAN_POINT('',(220.236032,-44.218643,0.));
#16648 = SEAM_CURVE('',#16649,(#16653,#16660),.PCURVE_S1.);
#16649 = LINE('',#16650,#16651);
#16650 = CARTESIAN_POINT('',(220.236032,-44.218643,-4.6E-02));
#16651 = VECTOR('',#16652,1.);
#16652 = DIRECTION('',(0.,0.,1.));
#16653 = PCURVE('',#6364,#16654);
#16654 = DEFINITIONAL_REPRESENTATION('',(#16655),#16659);
#16655 = LINE('',#16656,#16657);
#16656 = CARTESIAN_POINT('',(0.,0.));
#16657 = VECTOR('',#16658,1.);
#16658 = DIRECTION('',(0.,-1.));
#16659 = ( GEOMETRIC_REPRESENTATION_CONTEXT(2) 
PARAMETRIC_REPRESENTATION_CONTEXT() REPRESENTATION_CONTEXT('2D SPACE',''
  ) );
#16660 = PCURVE('',#6364,#16661);
#16661 = DEFINITIONAL_REPRESENTATION('',(#16662),#16666);
#16662 = LINE('',#16663,#16664);
#16663 = CARTESIAN_POINT('',(6.28318530718,0.));
#16664 = VECTOR('',#16665,1.);
#16665 = DIRECTION('',(0.,-1.));
#16666 = ( GEOMETRIC_REPRESENTATION_CONTEXT(2) 
PARAMETRIC_REPRESENTATION_CONTEXT() REPRESENTATION_CONTEXT('2D SPACE',''
  ) );
#16667 = ORIENTED_EDGE('',*,*,#6343,.T.);
#16668 = ORIENTED_EDGE('',*,*,#16645,.F.);
#16669 = ORIENTED_EDGE('',*,*,#16670,.F.);
#16670 = EDGE_CURVE('',#16646,#16646,#16671,.T.);
#16671 = SURFACE_CURVE('',#16672,(#16677,#16684),.PCURVE_S1.);
#16672 = CIRCLE('',#16673,1.7145);
#16673 = AXIS2_PLACEMENT_3D('',#16674,#16675,#16676);
#16674 = CARTESIAN_POINT('',(220.236032,-42.504143,0.));
#16675 = DIRECTION('',(-0.,0.,-1.));
#16676 = DIRECTION('',(-1.657725834378E-14,-1.,0.));
#16677 = PCURVE('',#6364,#16678);
#16678 = DEFINITIONAL_REPRESENTATION('',(#16679),#16683);
#16679 = LINE('',#16680,#16681);
#16680 = CARTESIAN_POINT('',(0.,-4.6E-02));
#16681 = VECTOR('',#16682,1.);
#16682 = DIRECTION('',(1.,0.));
#16683 = ( GEOMETRIC_REPRESENTATION_CONTEXT(2) 
PARAMETRIC_REPRESENTATION_CONTEXT() REPRESENTATION_CONTEXT('2D SPACE',''
  ) );
#16684 = PCURVE('',#6733,#16685);
#16685 = DEFINITIONAL_REPRESENTATION('',(#16686),#16694);
#16686 = ( BOUNDED_CURVE() B_SPLINE_CURVE(2,(#16687,#16688,#16689,#16690
    ,#16691,#16692,#16693),.UNSPECIFIED.,.T.,.F.) 
B_SPLINE_CURVE_WITH_KNOTS((1,2,2,2,2,1),(-2.094395102393,0.,
    2.094395102393,4.188790204786,6.28318530718,8.377580409573),
.UNSPECIFIED.) CURVE() GEOMETRIC_REPRESENTATION_ITEM() 
RATIONAL_B_SPLINE_CURVE((1.,0.5,1.,0.5,1.,0.5,1.)) REPRESENTATION_ITEM(
  '') );
#16687 = CARTESIAN_POINT('',(220.236032,-44.218643));
#16688 = CARTESIAN_POINT('',(217.26643089042,-44.218643));
#16689 = CARTESIAN_POINT('',(218.75123144521,-41.646893));
#16690 = CARTESIAN_POINT('',(220.236032,-39.075143));
#16691 = CARTESIAN_POINT('',(221.72083255478,-41.646893));
#16692 = CARTESIAN_POINT('',(223.20563310957,-44.218643));
#16693 = CARTESIAN_POINT('',(220.236032,-44.218643));
#16694 = ( GEOMETRIC_REPRESENTATION_CONTEXT(2) 
PARAMETRIC_REPRESENTATION_CONTEXT() REPRESENTATION_CONTEXT('2D SPACE',''
  ) );
#16695 = ADVANCED_FACE('',(#16696),#6399,.F.);
#16696 = FACE_BOUND('',#16697,.F.);
#16697 = EDGE_LOOP('',(#16698,#16721,#16722,#16723));
#16698 = ORIENTED_EDGE('',*,*,#16699,.T.);
#16699 = EDGE_CURVE('',#16700,#6379,#16702,.T.);
#16700 = VERTEX_POINT('',#16701);
#16701 = CARTESIAN_POINT('',(194.48,-40.659,0.));
#16702 = SEAM_CURVE('',#16703,(#16707,#16714),.PCURVE_S1.);
#16703 = LINE('',#16704,#16705);
#16704 = CARTESIAN_POINT('',(194.48,-40.659,-4.6E-02));
#16705 = VECTOR('',#16706,1.);
#16706 = DIRECTION('',(0.,0.,1.));
#16707 = PCURVE('',#6399,#16708);
#16708 = DEFINITIONAL_REPRESENTATION('',(#16709),#16713);
#16709 = LINE('',#16710,#16711);
#16710 = CARTESIAN_POINT('',(0.,0.));
#16711 = VECTOR('',#16712,1.);
#16712 = DIRECTION('',(0.,-1.));
#16713 = ( GEOMETRIC_REPRESENTATION_CONTEXT(2) 
PARAMETRIC_REPRESENTATION_CONTEXT() REPRESENTATION_CONTEXT('2D SPACE',''
  ) );
#16714 = PCURVE('',#6399,#16715);
#16715 = DEFINITIONAL_REPRESENTATION('',(#16716),#16720);
#16716 = LINE('',#16717,#16718);
#16717 = CARTESIAN_POINT('',(6.28318530718,0.));
#16718 = VECTOR('',#16719,1.);
#16719 = DIRECTION('',(0.,-1.));
#16720 = ( GEOMETRIC_REPRESENTATION_CONTEXT(2) 
PARAMETRIC_REPRESENTATION_CONTEXT() REPRESENTATION_CONTEXT('2D SPACE',''
  ) );
#16721 = ORIENTED_EDGE('',*,*,#6378,.T.);
#16722 = ORIENTED_EDGE('',*,*,#16699,.F.);
#16723 = ORIENTED_EDGE('',*,*,#16724,.F.);
#16724 = EDGE_CURVE('',#16700,#16700,#16725,.T.);
#16725 = SURFACE_CURVE('',#16726,(#16731,#16738),.PCURVE_S1.);
#16726 = CIRCLE('',#16727,0.635);
#16727 = AXIS2_PLACEMENT_3D('',#16728,#16729,#16730);
#16728 = CARTESIAN_POINT('',(194.48,-40.024,0.));
#16729 = DIRECTION('',(-0.,0.,-1.));
#16730 = DIRECTION('',(-4.475859752819E-14,-1.,0.));
#16731 = PCURVE('',#6399,#16732);
#16732 = DEFINITIONAL_REPRESENTATION('',(#16733),#16737);
#16733 = LINE('',#16734,#16735);
#16734 = CARTESIAN_POINT('',(0.,-4.6E-02));
#16735 = VECTOR('',#16736,1.);
#16736 = DIRECTION('',(1.,0.));
#16737 = ( GEOMETRIC_REPRESENTATION_CONTEXT(2) 
PARAMETRIC_REPRESENTATION_CONTEXT() REPRESENTATION_CONTEXT('2D SPACE',''
  ) );
#16738 = PCURVE('',#6733,#16739);
#16739 = DEFINITIONAL_REPRESENTATION('',(#16740),#16748);
#16740 = ( BOUNDED_CURVE() B_SPLINE_CURVE(2,(#16741,#16742,#16743,#16744
    ,#16745,#16746,#16747),.UNSPECIFIED.,.T.,.F.) 
B_SPLINE_CURVE_WITH_KNOTS((1,2,2,2,2,1),(-2.094395102393,0.,
    2.094395102393,4.188790204786,6.28318530718,8.377580409573),
.UNSPECIFIED.) CURVE() GEOMETRIC_REPRESENTATION_ITEM() 
RATIONAL_B_SPLINE_CURVE((1.,0.5,1.,0.5,1.,0.5,1.)) REPRESENTATION_ITEM(
  '') );
#16741 = CARTESIAN_POINT('',(194.48,-40.659));
#16742 = CARTESIAN_POINT('',(193.38014773719,-40.659));
#16743 = CARTESIAN_POINT('',(193.93007386859,-39.7065));
#16744 = CARTESIAN_POINT('',(194.48,-38.754));
#16745 = CARTESIAN_POINT('',(195.0299261314,-39.7065));
#16746 = CARTESIAN_POINT('',(195.5798522628,-40.659));
#16747 = CARTESIAN_POINT('',(194.48,-40.659));
#16748 = ( GEOMETRIC_REPRESENTATION_CONTEXT(2) 
PARAMETRIC_REPRESENTATION_CONTEXT() REPRESENTATION_CONTEXT('2D SPACE',''
  ) );
#16749 = ADVANCED_FACE('',(#16750),#6434,.F.);
#16750 = FACE_BOUND('',#16751,.F.);
#16751 = EDGE_LOOP('',(#16752,#16775,#16776,#16777));
#16752 = ORIENTED_EDGE('',*,*,#16753,.T.);
#16753 = EDGE_CURVE('',#16754,#6414,#16756,.T.);
#16754 = VERTEX_POINT('',#16755);
#16755 = CARTESIAN_POINT('',(193.98,-37.0749,0.));
#16756 = SEAM_CURVE('',#16757,(#16761,#16768),.PCURVE_S1.);
#16757 = LINE('',#16758,#16759);
#16758 = CARTESIAN_POINT('',(193.98,-37.0749,-4.6E-02));
#16759 = VECTOR('',#16760,1.);
#16760 = DIRECTION('',(0.,0.,1.));
#16761 = PCURVE('',#6434,#16762);
#16762 = DEFINITIONAL_REPRESENTATION('',(#16763),#16767);
#16763 = LINE('',#16764,#16765);
#16764 = CARTESIAN_POINT('',(0.,0.));
#16765 = VECTOR('',#16766,1.);
#16766 = DIRECTION('',(0.,-1.));
#16767 = ( GEOMETRIC_REPRESENTATION_CONTEXT(2) 
PARAMETRIC_REPRESENTATION_CONTEXT() REPRESENTATION_CONTEXT('2D SPACE',''
  ) );
#16768 = PCURVE('',#6434,#16769);
#16769 = DEFINITIONAL_REPRESENTATION('',(#16770),#16774);
#16770 = LINE('',#16771,#16772);
#16771 = CARTESIAN_POINT('',(6.28318530718,0.));
#16772 = VECTOR('',#16773,1.);
#16773 = DIRECTION('',(0.,-1.));
#16774 = ( GEOMETRIC_REPRESENTATION_CONTEXT(2) 
PARAMETRIC_REPRESENTATION_CONTEXT() REPRESENTATION_CONTEXT('2D SPACE',''
  ) );
#16775 = ORIENTED_EDGE('',*,*,#6413,.T.);
#16776 = ORIENTED_EDGE('',*,*,#16753,.F.);
#16777 = ORIENTED_EDGE('',*,*,#16778,.F.);
#16778 = EDGE_CURVE('',#16754,#16754,#16779,.T.);
#16779 = SURFACE_CURVE('',#16780,(#16785,#16792),.PCURVE_S1.);
#16780 = CIRCLE('',#16781,0.8509);
#16781 = AXIS2_PLACEMENT_3D('',#16782,#16783,#16784);
#16782 = CARTESIAN_POINT('',(193.98,-36.224,0.));
#16783 = DIRECTION('',(-0.,0.,-1.));
#16784 = DIRECTION('',(-3.340193845388E-14,-1.,0.));
#16785 = PCURVE('',#6434,#16786);
#16786 = DEFINITIONAL_REPRESENTATION('',(#16787),#16791);
#16787 = LINE('',#16788,#16789);
#16788 = CARTESIAN_POINT('',(0.,-4.6E-02));
#16789 = VECTOR('',#16790,1.);
#16790 = DIRECTION('',(1.,0.));
#16791 = ( GEOMETRIC_REPRESENTATION_CONTEXT(2) 
PARAMETRIC_REPRESENTATION_CONTEXT() REPRESENTATION_CONTEXT('2D SPACE',''
  ) );
#16792 = PCURVE('',#6733,#16793);
#16793 = DEFINITIONAL_REPRESENTATION('',(#16794),#16802);
#16794 = ( BOUNDED_CURVE() B_SPLINE_CURVE(2,(#16795,#16796,#16797,#16798
    ,#16799,#16800,#16801),.UNSPECIFIED.,.T.,.F.) 
B_SPLINE_CURVE_WITH_KNOTS((1,2,2,2,2,1),(-2.094395102393,0.,
    2.094395102393,4.188790204786,6.28318530718,8.377580409573),
.UNSPECIFIED.) CURVE() GEOMETRIC_REPRESENTATION_ITEM() 
RATIONAL_B_SPLINE_CURVE((1.,0.5,1.,0.5,1.,0.5,1.)) REPRESENTATION_ITEM(
  '') );
#16795 = CARTESIAN_POINT('',(193.98,-37.0749));
#16796 = CARTESIAN_POINT('',(192.50619796784,-37.0749));
#16797 = CARTESIAN_POINT('',(193.24309898392,-35.79855));
#16798 = CARTESIAN_POINT('',(193.98,-34.5222));
#16799 = CARTESIAN_POINT('',(194.71690101608,-35.79855));
#16800 = CARTESIAN_POINT('',(195.45380203216,-37.0749));
#16801 = CARTESIAN_POINT('',(193.98,-37.0749));
#16802 = ( GEOMETRIC_REPRESENTATION_CONTEXT(2) 
PARAMETRIC_REPRESENTATION_CONTEXT() REPRESENTATION_CONTEXT('2D SPACE',''
  ) );
#16803 = ADVANCED_FACE('',(#16804),#6469,.F.);
#16804 = FACE_BOUND('',#16805,.F.);
#16805 = EDGE_LOOP('',(#16806,#16829,#16830,#16831));
#16806 = ORIENTED_EDGE('',*,*,#16807,.T.);
#16807 = EDGE_CURVE('',#16808,#6449,#16810,.T.);
#16808 = VERTEX_POINT('',#16809);
#16809 = CARTESIAN_POINT('',(199.48,-37.9385,0.));
#16810 = SEAM_CURVE('',#16811,(#16815,#16822),.PCURVE_S1.);
#16811 = LINE('',#16812,#16813);
#16812 = CARTESIAN_POINT('',(199.48,-37.9385,-4.6E-02));
#16813 = VECTOR('',#16814,1.);
#16814 = DIRECTION('',(0.,0.,1.));
#16815 = PCURVE('',#6469,#16816);
#16816 = DEFINITIONAL_REPRESENTATION('',(#16817),#16821);
#16817 = LINE('',#16818,#16819);
#16818 = CARTESIAN_POINT('',(0.,0.));
#16819 = VECTOR('',#16820,1.);
#16820 = DIRECTION('',(0.,-1.));
#16821 = ( GEOMETRIC_REPRESENTATION_CONTEXT(2) 
PARAMETRIC_REPRESENTATION_CONTEXT() REPRESENTATION_CONTEXT('2D SPACE',''
  ) );
#16822 = PCURVE('',#6469,#16823);
#16823 = DEFINITIONAL_REPRESENTATION('',(#16824),#16828);
#16824 = LINE('',#16825,#16826);
#16825 = CARTESIAN_POINT('',(6.28318530718,0.));
#16826 = VECTOR('',#16827,1.);
#16827 = DIRECTION('',(0.,-1.));
#16828 = ( GEOMETRIC_REPRESENTATION_CONTEXT(2) 
PARAMETRIC_REPRESENTATION_CONTEXT() REPRESENTATION_CONTEXT('2D SPACE',''
  ) );
#16829 = ORIENTED_EDGE('',*,*,#6448,.T.);
#16830 = ORIENTED_EDGE('',*,*,#16807,.F.);
#16831 = ORIENTED_EDGE('',*,*,#16832,.F.);
#16832 = EDGE_CURVE('',#16808,#16808,#16833,.T.);
#16833 = SURFACE_CURVE('',#16834,(#16839,#16846),.PCURVE_S1.);
#16834 = CIRCLE('',#16835,1.7145);
#16835 = AXIS2_PLACEMENT_3D('',#16836,#16837,#16838);
#16836 = CARTESIAN_POINT('',(199.48,-36.224,0.));
#16837 = DIRECTION('',(-0.,0.,-1.));
#16838 = DIRECTION('',(-1.657725834378E-14,-1.,0.));
#16839 = PCURVE('',#6469,#16840);
#16840 = DEFINITIONAL_REPRESENTATION('',(#16841),#16845);
#16841 = LINE('',#16842,#16843);
#16842 = CARTESIAN_POINT('',(0.,-4.6E-02));
#16843 = VECTOR('',#16844,1.);
#16844 = DIRECTION('',(1.,0.));
#16845 = ( GEOMETRIC_REPRESENTATION_CONTEXT(2) 
PARAMETRIC_REPRESENTATION_CONTEXT() REPRESENTATION_CONTEXT('2D SPACE',''
  ) );
#16846 = PCURVE('',#6733,#16847);
#16847 = DEFINITIONAL_REPRESENTATION('',(#16848),#16856);
#16848 = ( BOUNDED_CURVE() B_SPLINE_CURVE(2,(#16849,#16850,#16851,#16852
    ,#16853,#16854,#16855),.UNSPECIFIED.,.T.,.F.) 
B_SPLINE_CURVE_WITH_KNOTS((1,2,2,2,2,1),(-2.094395102393,0.,
    2.094395102393,4.188790204786,6.28318530718,8.377580409573),
.UNSPECIFIED.) CURVE() GEOMETRIC_REPRESENTATION_ITEM() 
RATIONAL_B_SPLINE_CURVE((1.,0.5,1.,0.5,1.,0.5,1.)) REPRESENTATION_ITEM(
  '') );
#16849 = CARTESIAN_POINT('',(199.48,-37.9385));
#16850 = CARTESIAN_POINT('',(196.51039889042,-37.9385));
#16851 = CARTESIAN_POINT('',(197.99519944521,-35.36675));
#16852 = CARTESIAN_POINT('',(199.48,-32.795));
#16853 = CARTESIAN_POINT('',(200.96480055478,-35.36675));
#16854 = CARTESIAN_POINT('',(202.44960110957,-37.9385));
#16855 = CARTESIAN_POINT('',(199.48,-37.9385));
#16856 = ( GEOMETRIC_REPRESENTATION_CONTEXT(2) 
PARAMETRIC_REPRESENTATION_CONTEXT() REPRESENTATION_CONTEXT('2D SPACE',''
  ) );
#16857 = ADVANCED_FACE('',(#16858),#6504,.F.);
#16858 = FACE_BOUND('',#16859,.F.);
#16859 = EDGE_LOOP('',(#16860,#16883,#16884,#16885));
#16860 = ORIENTED_EDGE('',*,*,#16861,.T.);
#16861 = EDGE_CURVE('',#16862,#6484,#16864,.T.);
#16862 = VERTEX_POINT('',#16863);
#16863 = CARTESIAN_POINT('',(204.98,-37.0749,0.));
#16864 = SEAM_CURVE('',#16865,(#16869,#16876),.PCURVE_S1.);
#16865 = LINE('',#16866,#16867);
#16866 = CARTESIAN_POINT('',(204.98,-37.0749,-4.6E-02));
#16867 = VECTOR('',#16868,1.);
#16868 = DIRECTION('',(0.,0.,1.));
#16869 = PCURVE('',#6504,#16870);
#16870 = DEFINITIONAL_REPRESENTATION('',(#16871),#16875);
#16871 = LINE('',#16872,#16873);
#16872 = CARTESIAN_POINT('',(0.,0.));
#16873 = VECTOR('',#16874,1.);
#16874 = DIRECTION('',(0.,-1.));
#16875 = ( GEOMETRIC_REPRESENTATION_CONTEXT(2) 
PARAMETRIC_REPRESENTATION_CONTEXT() REPRESENTATION_CONTEXT('2D SPACE',''
  ) );
#16876 = PCURVE('',#6504,#16877);
#16877 = DEFINITIONAL_REPRESENTATION('',(#16878),#16882);
#16878 = LINE('',#16879,#16880);
#16879 = CARTESIAN_POINT('',(6.28318530718,0.));
#16880 = VECTOR('',#16881,1.);
#16881 = DIRECTION('',(0.,-1.));
#16882 = ( GEOMETRIC_REPRESENTATION_CONTEXT(2) 
PARAMETRIC_REPRESENTATION_CONTEXT() REPRESENTATION_CONTEXT('2D SPACE',''
  ) );
#16883 = ORIENTED_EDGE('',*,*,#6483,.T.);
#16884 = ORIENTED_EDGE('',*,*,#16861,.F.);
#16885 = ORIENTED_EDGE('',*,*,#16886,.F.);
#16886 = EDGE_CURVE('',#16862,#16862,#16887,.T.);
#16887 = SURFACE_CURVE('',#16888,(#16893,#16900),.PCURVE_S1.);
#16888 = CIRCLE('',#16889,0.8509);
#16889 = AXIS2_PLACEMENT_3D('',#16890,#16891,#16892);
#16890 = CARTESIAN_POINT('',(204.98,-36.224,0.));
#16891 = DIRECTION('',(-0.,0.,-1.));
#16892 = DIRECTION('',(-3.340193845388E-14,-1.,0.));
#16893 = PCURVE('',#6504,#16894);
#16894 = DEFINITIONAL_REPRESENTATION('',(#16895),#16899);
#16895 = LINE('',#16896,#16897);
#16896 = CARTESIAN_POINT('',(0.,-4.6E-02));
#16897 = VECTOR('',#16898,1.);
#16898 = DIRECTION('',(1.,0.));
#16899 = ( GEOMETRIC_REPRESENTATION_CONTEXT(2) 
PARAMETRIC_REPRESENTATION_CONTEXT() REPRESENTATION_CONTEXT('2D SPACE',''
  ) );
#16900 = PCURVE('',#6733,#16901);
#16901 = DEFINITIONAL_REPRESENTATION('',(#16902),#16910);
#16902 = ( BOUNDED_CURVE() B_SPLINE_CURVE(2,(#16903,#16904,#16905,#16906
    ,#16907,#16908,#16909),.UNSPECIFIED.,.T.,.F.) 
B_SPLINE_CURVE_WITH_KNOTS((1,2,2,2,2,1),(-2.094395102393,0.,
    2.094395102393,4.188790204786,6.28318530718,8.377580409573),
.UNSPECIFIED.) CURVE() GEOMETRIC_REPRESENTATION_ITEM() 
RATIONAL_B_SPLINE_CURVE((1.,0.5,1.,0.5,1.,0.5,1.)) REPRESENTATION_ITEM(
  '') );
#16903 = CARTESIAN_POINT('',(204.98,-37.0749));
#16904 = CARTESIAN_POINT('',(203.50619796784,-37.0749));
#16905 = CARTESIAN_POINT('',(204.24309898392,-35.79855));
#16906 = CARTESIAN_POINT('',(204.98,-34.5222));
#16907 = CARTESIAN_POINT('',(205.71690101608,-35.79855));
#16908 = CARTESIAN_POINT('',(206.45380203216,-37.0749));
#16909 = CARTESIAN_POINT('',(204.98,-37.0749));
#16910 = ( GEOMETRIC_REPRESENTATION_CONTEXT(2) 
PARAMETRIC_REPRESENTATION_CONTEXT() REPRESENTATION_CONTEXT('2D SPACE',''
  ) );
#16911 = ADVANCED_FACE('',(#16912),#6539,.F.);
#16912 = FACE_BOUND('',#16913,.F.);
#16913 = EDGE_LOOP('',(#16914,#16937,#16938,#16939));
#16914 = ORIENTED_EDGE('',*,*,#16915,.T.);
#16915 = EDGE_CURVE('',#16916,#6519,#16918,.T.);
#16916 = VERTEX_POINT('',#16917);
#16917 = CARTESIAN_POINT('',(194.26,-32.5193,0.));
#16918 = SEAM_CURVE('',#16919,(#16923,#16930),.PCURVE_S1.);
#16919 = LINE('',#16920,#16921);
#16920 = CARTESIAN_POINT('',(194.26,-32.5193,-4.6E-02));
#16921 = VECTOR('',#16922,1.);
#16922 = DIRECTION('',(0.,0.,1.));
#16923 = PCURVE('',#6539,#16924);
#16924 = DEFINITIONAL_REPRESENTATION('',(#16925),#16929);
#16925 = LINE('',#16926,#16927);
#16926 = CARTESIAN_POINT('',(0.,0.));
#16927 = VECTOR('',#16928,1.);
#16928 = DIRECTION('',(0.,-1.));
#16929 = ( GEOMETRIC_REPRESENTATION_CONTEXT(2) 
PARAMETRIC_REPRESENTATION_CONTEXT() REPRESENTATION_CONTEXT('2D SPACE',''
  ) );
#16930 = PCURVE('',#6539,#16931);
#16931 = DEFINITIONAL_REPRESENTATION('',(#16932),#16936);
#16932 = LINE('',#16933,#16934);
#16933 = CARTESIAN_POINT('',(6.28318530718,0.));
#16934 = VECTOR('',#16935,1.);
#16935 = DIRECTION('',(0.,-1.));
#16936 = ( GEOMETRIC_REPRESENTATION_CONTEXT(2) 
PARAMETRIC_REPRESENTATION_CONTEXT() REPRESENTATION_CONTEXT('2D SPACE',''
  ) );
#16937 = ORIENTED_EDGE('',*,*,#6518,.T.);
#16938 = ORIENTED_EDGE('',*,*,#16915,.F.);
#16939 = ORIENTED_EDGE('',*,*,#16940,.F.);
#16940 = EDGE_CURVE('',#16916,#16916,#16941,.T.);
#16941 = SURFACE_CURVE('',#16942,(#16947,#16954),.PCURVE_S1.);
#16942 = CIRCLE('',#16943,0.4953);
#16943 = AXIS2_PLACEMENT_3D('',#16944,#16945,#16946);
#16944 = CARTESIAN_POINT('',(194.26,-32.024,0.));
#16945 = DIRECTION('',(-0.,-0.,-1.));
#16946 = DIRECTION('',(0.,-1.,0.));
#16947 = PCURVE('',#6539,#16948);
#16948 = DEFINITIONAL_REPRESENTATION('',(#16949),#16953);
#16949 = LINE('',#16950,#16951);
#16950 = CARTESIAN_POINT('',(0.,-4.6E-02));
#16951 = VECTOR('',#16952,1.);
#16952 = DIRECTION('',(1.,0.));
#16953 = ( GEOMETRIC_REPRESENTATION_CONTEXT(2) 
PARAMETRIC_REPRESENTATION_CONTEXT() REPRESENTATION_CONTEXT('2D SPACE',''
  ) );
#16954 = PCURVE('',#6733,#16955);
#16955 = DEFINITIONAL_REPRESENTATION('',(#16956),#16964);
#16956 = ( BOUNDED_CURVE() B_SPLINE_CURVE(2,(#16957,#16958,#16959,#16960
    ,#16961,#16962,#16963),.UNSPECIFIED.,.T.,.F.) 
B_SPLINE_CURVE_WITH_KNOTS((1,2,2,2,2,1),(-2.094395102393,0.,
    2.094395102393,4.188790204786,6.28318530718,8.377580409573),
.UNSPECIFIED.) CURVE() GEOMETRIC_REPRESENTATION_ITEM() 
RATIONAL_B_SPLINE_CURVE((1.,0.5,1.,0.5,1.,0.5,1.)) REPRESENTATION_ITEM(
  '') );
#16957 = CARTESIAN_POINT('',(194.26,-32.5193));
#16958 = CARTESIAN_POINT('',(193.40211523501,-32.5193));
#16959 = CARTESIAN_POINT('',(193.8310576175,-31.77635));
#16960 = CARTESIAN_POINT('',(194.26,-31.0334));
#16961 = CARTESIAN_POINT('',(194.68894238249,-31.77635));
#16962 = CARTESIAN_POINT('',(195.11788476498,-32.5193));
#16963 = CARTESIAN_POINT('',(194.26,-32.5193));
#16964 = ( GEOMETRIC_REPRESENTATION_CONTEXT(2) 
PARAMETRIC_REPRESENTATION_CONTEXT() REPRESENTATION_CONTEXT('2D SPACE',''
  ) );
#16965 = ADVANCED_FACE('',(#16966),#6574,.F.);
#16966 = FACE_BOUND('',#16967,.F.);
#16967 = EDGE_LOOP('',(#16968,#16991,#16992,#16993));
#16968 = ORIENTED_EDGE('',*,*,#16969,.T.);
#16969 = EDGE_CURVE('',#16970,#6554,#16972,.T.);
#16970 = VERTEX_POINT('',#16971);
#16971 = CARTESIAN_POINT('',(204.7,-32.5193,0.));
#16972 = SEAM_CURVE('',#16973,(#16977,#16984),.PCURVE_S1.);
#16973 = LINE('',#16974,#16975);
#16974 = CARTESIAN_POINT('',(204.7,-32.5193,-4.6E-02));
#16975 = VECTOR('',#16976,1.);
#16976 = DIRECTION('',(0.,0.,1.));
#16977 = PCURVE('',#6574,#16978);
#16978 = DEFINITIONAL_REPRESENTATION('',(#16979),#16983);
#16979 = LINE('',#16980,#16981);
#16980 = CARTESIAN_POINT('',(0.,0.));
#16981 = VECTOR('',#16982,1.);
#16982 = DIRECTION('',(0.,-1.));
#16983 = ( GEOMETRIC_REPRESENTATION_CONTEXT(2) 
PARAMETRIC_REPRESENTATION_CONTEXT() REPRESENTATION_CONTEXT('2D SPACE',''
  ) );
#16984 = PCURVE('',#6574,#16985);
#16985 = DEFINITIONAL_REPRESENTATION('',(#16986),#16990);
#16986 = LINE('',#16987,#16988);
#16987 = CARTESIAN_POINT('',(6.28318530718,0.));
#16988 = VECTOR('',#16989,1.);
#16989 = DIRECTION('',(0.,-1.));
#16990 = ( GEOMETRIC_REPRESENTATION_CONTEXT(2) 
PARAMETRIC_REPRESENTATION_CONTEXT() REPRESENTATION_CONTEXT('2D SPACE',''
  ) );
#16991 = ORIENTED_EDGE('',*,*,#6553,.T.);
#16992 = ORIENTED_EDGE('',*,*,#16969,.F.);
#16993 = ORIENTED_EDGE('',*,*,#16994,.F.);
#16994 = EDGE_CURVE('',#16970,#16970,#16995,.T.);
#16995 = SURFACE_CURVE('',#16996,(#17001,#17008),.PCURVE_S1.);
#16996 = CIRCLE('',#16997,0.4953);
#16997 = AXIS2_PLACEMENT_3D('',#16998,#16999,#17000);
#16998 = CARTESIAN_POINT('',(204.7,-32.024,0.));
#16999 = DIRECTION('',(-0.,-0.,-1.));
#17000 = DIRECTION('',(0.,-1.,0.));
#17001 = PCURVE('',#6574,#17002);
#17002 = DEFINITIONAL_REPRESENTATION('',(#17003),#17007);
#17003 = LINE('',#17004,#17005);
#17004 = CARTESIAN_POINT('',(0.,-4.6E-02));
#17005 = VECTOR('',#17006,1.);
#17006 = DIRECTION('',(1.,0.));
#17007 = ( GEOMETRIC_REPRESENTATION_CONTEXT(2) 
PARAMETRIC_REPRESENTATION_CONTEXT() REPRESENTATION_CONTEXT('2D SPACE',''
  ) );
#17008 = PCURVE('',#6733,#17009);
#17009 = DEFINITIONAL_REPRESENTATION('',(#17010),#17018);
#17010 = ( BOUNDED_CURVE() B_SPLINE_CURVE(2,(#17011,#17012,#17013,#17014
    ,#17015,#17016,#17017),.UNSPECIFIED.,.T.,.F.) 
B_SPLINE_CURVE_WITH_KNOTS((1,2,2,2,2,1),(-2.094395102393,0.,
    2.094395102393,4.188790204786,6.28318530718,8.377580409573),
.UNSPECIFIED.) CURVE() GEOMETRIC_REPRESENTATION_ITEM() 
RATIONAL_B_SPLINE_CURVE((1.,0.5,1.,0.5,1.,0.5,1.)) REPRESENTATION_ITEM(
  '') );
#17011 = CARTESIAN_POINT('',(204.7,-32.5193));
#17012 = CARTESIAN_POINT('',(203.84211523501,-32.5193));
#17013 = CARTESIAN_POINT('',(204.2710576175,-31.77635));
#17014 = CARTESIAN_POINT('',(204.7,-31.0334));
#17015 = CARTESIAN_POINT('',(205.12894238249,-31.77635));
#17016 = CARTESIAN_POINT('',(205.55788476498,-32.5193));
#17017 = CARTESIAN_POINT('',(204.7,-32.5193));
#17018 = ( GEOMETRIC_REPRESENTATION_CONTEXT(2) 
PARAMETRIC_REPRESENTATION_CONTEXT() REPRESENTATION_CONTEXT('2D SPACE',''
  ) );
#17019 = ADVANCED_FACE('',(#17020),#6609,.F.);
#17020 = FACE_BOUND('',#17021,.F.);
#17021 = EDGE_LOOP('',(#17022,#17045,#17046,#17047));
#17022 = ORIENTED_EDGE('',*,*,#17023,.T.);
#17023 = EDGE_CURVE('',#17024,#6589,#17026,.T.);
#17024 = VERTEX_POINT('',#17025);
#17025 = CARTESIAN_POINT('',(215.321725,-38.445545,0.));
#17026 = SEAM_CURVE('',#17027,(#17031,#17038),.PCURVE_S1.);
#17027 = LINE('',#17028,#17029);
#17028 = CARTESIAN_POINT('',(215.321725,-38.445545,-4.6E-02));
#17029 = VECTOR('',#17030,1.);
#17030 = DIRECTION('',(0.,0.,1.));
#17031 = PCURVE('',#6609,#17032);
#17032 = DEFINITIONAL_REPRESENTATION('',(#17033),#17037);
#17033 = LINE('',#17034,#17035);
#17034 = CARTESIAN_POINT('',(0.,0.));
#17035 = VECTOR('',#17036,1.);
#17036 = DIRECTION('',(0.,-1.));
#17037 = ( GEOMETRIC_REPRESENTATION_CONTEXT(2) 
PARAMETRIC_REPRESENTATION_CONTEXT() REPRESENTATION_CONTEXT('2D SPACE',''
  ) );
#17038 = PCURVE('',#6609,#17039);
#17039 = DEFINITIONAL_REPRESENTATION('',(#17040),#17044);
#17040 = LINE('',#17041,#17042);
#17041 = CARTESIAN_POINT('',(6.28318530718,0.));
#17042 = VECTOR('',#17043,1.);
#17043 = DIRECTION('',(0.,-1.));
#17044 = ( GEOMETRIC_REPRESENTATION_CONTEXT(2) 
PARAMETRIC_REPRESENTATION_CONTEXT() REPRESENTATION_CONTEXT('2D SPACE',''
  ) );
#17045 = ORIENTED_EDGE('',*,*,#6588,.T.);
#17046 = ORIENTED_EDGE('',*,*,#17023,.F.);
#17047 = ORIENTED_EDGE('',*,*,#17048,.F.);
#17048 = EDGE_CURVE('',#17024,#17024,#17049,.T.);
#17049 = SURFACE_CURVE('',#17050,(#17055,#17062),.PCURVE_S1.);
#17050 = CIRCLE('',#17051,0.4953);
#17051 = AXIS2_PLACEMENT_3D('',#17052,#17053,#17054);
#17052 = CARTESIAN_POINT('',(215.321725,-37.950245,0.));
#17053 = DIRECTION('',(-0.,0.,-1.));
#17054 = DIRECTION('',(-5.738281734384E-14,-1.,0.));
#17055 = PCURVE('',#6609,#17056);
#17056 = DEFINITIONAL_REPRESENTATION('',(#17057),#17061);
#17057 = LINE('',#17058,#17059);
#17058 = CARTESIAN_POINT('',(0.,-4.6E-02));
#17059 = VECTOR('',#17060,1.);
#17060 = DIRECTION('',(1.,0.));
#17061 = ( GEOMETRIC_REPRESENTATION_CONTEXT(2) 
PARAMETRIC_REPRESENTATION_CONTEXT() REPRESENTATION_CONTEXT('2D SPACE',''
  ) );
#17062 = PCURVE('',#6733,#17063);
#17063 = DEFINITIONAL_REPRESENTATION('',(#17064),#17072);
#17064 = ( BOUNDED_CURVE() B_SPLINE_CURVE(2,(#17065,#17066,#17067,#17068
    ,#17069,#17070,#17071),.UNSPECIFIED.,.T.,.F.) 
B_SPLINE_CURVE_WITH_KNOTS((1,2,2,2,2,1),(-2.094395102393,0.,
    2.094395102393,4.188790204786,6.28318530718,8.377580409573),
.UNSPECIFIED.) CURVE() GEOMETRIC_REPRESENTATION_ITEM() 
RATIONAL_B_SPLINE_CURVE((1.,0.5,1.,0.5,1.,0.5,1.)) REPRESENTATION_ITEM(
  '') );
#17065 = CARTESIAN_POINT('',(215.321725,-38.445545));
#17066 = CARTESIAN_POINT('',(214.46384023501,-38.445545));
#17067 = CARTESIAN_POINT('',(214.8927826175,-37.702595));
#17068 = CARTESIAN_POINT('',(215.321725,-36.959645));
#17069 = CARTESIAN_POINT('',(215.75066738249,-37.702595));
#17070 = CARTESIAN_POINT('',(216.17960976498,-38.445545));
#17071 = CARTESIAN_POINT('',(215.321725,-38.445545));
#17072 = ( GEOMETRIC_REPRESENTATION_CONTEXT(2) 
PARAMETRIC_REPRESENTATION_CONTEXT() REPRESENTATION_CONTEXT('2D SPACE',''
  ) );
#17073 = ADVANCED_FACE('',(#17074),#6644,.F.);
#17074 = FACE_BOUND('',#17075,.F.);
#17075 = EDGE_LOOP('',(#17076,#17099,#17100,#17101));
#17076 = ORIENTED_EDGE('',*,*,#17077,.T.);
#17077 = EDGE_CURVE('',#17078,#6624,#17080,.T.);
#17078 = VERTEX_POINT('',#17079);
#17079 = CARTESIAN_POINT('',(225.722634,-43.738704,0.));
#17080 = SEAM_CURVE('',#17081,(#17085,#17092),.PCURVE_S1.);
#17081 = LINE('',#17082,#17083);
#17082 = CARTESIAN_POINT('',(225.722634,-43.738704,-4.6E-02));
#17083 = VECTOR('',#17084,1.);
#17084 = DIRECTION('',(0.,0.,1.));
#17085 = PCURVE('',#6644,#17086);
#17086 = DEFINITIONAL_REPRESENTATION('',(#17087),#17091);
#17087 = LINE('',#17088,#17089);
#17088 = CARTESIAN_POINT('',(0.,0.));
#17089 = VECTOR('',#17090,1.);
#17090 = DIRECTION('',(0.,-1.));
#17091 = ( GEOMETRIC_REPRESENTATION_CONTEXT(2) 
PARAMETRIC_REPRESENTATION_CONTEXT() REPRESENTATION_CONTEXT('2D SPACE',''
  ) );
#17092 = PCURVE('',#6644,#17093);
#17093 = DEFINITIONAL_REPRESENTATION('',(#17094),#17098);
#17094 = LINE('',#17095,#17096);
#17095 = CARTESIAN_POINT('',(6.28318530718,0.));
#17096 = VECTOR('',#17097,1.);
#17097 = DIRECTION('',(0.,-1.));
#17098 = ( GEOMETRIC_REPRESENTATION_CONTEXT(2) 
PARAMETRIC_REPRESENTATION_CONTEXT() REPRESENTATION_CONTEXT('2D SPACE',''
  ) );
#17099 = ORIENTED_EDGE('',*,*,#6623,.T.);
#17100 = ORIENTED_EDGE('',*,*,#17077,.F.);
#17101 = ORIENTED_EDGE('',*,*,#17102,.F.);
#17102 = EDGE_CURVE('',#17078,#17078,#17103,.T.);
#17103 = SURFACE_CURVE('',#17104,(#17109,#17116),.PCURVE_S1.);
#17104 = CIRCLE('',#17105,0.8509);
#17105 = AXIS2_PLACEMENT_3D('',#17106,#17107,#17108);
#17106 = CARTESIAN_POINT('',(225.722634,-42.887804,0.));
#17107 = DIRECTION('',(-0.,-0.,-1.));
#17108 = DIRECTION('',(0.,-1.,0.));
#17109 = PCURVE('',#6644,#17110);
#17110 = DEFINITIONAL_REPRESENTATION('',(#17111),#17115);
#17111 = LINE('',#17112,#17113);
#17112 = CARTESIAN_POINT('',(0.,-4.6E-02));
#17113 = VECTOR('',#17114,1.);
#17114 = DIRECTION('',(1.,0.));
#17115 = ( GEOMETRIC_REPRESENTATION_CONTEXT(2) 
PARAMETRIC_REPRESENTATION_CONTEXT() REPRESENTATION_CONTEXT('2D SPACE',''
  ) );
#17116 = PCURVE('',#6733,#17117);
#17117 = DEFINITIONAL_REPRESENTATION('',(#17118),#17126);
#17118 = ( BOUNDED_CURVE() B_SPLINE_CURVE(2,(#17119,#17120,#17121,#17122
    ,#17123,#17124,#17125),.UNSPECIFIED.,.T.,.F.) 
B_SPLINE_CURVE_WITH_KNOTS((1,2,2,2,2,1),(-2.094395102393,0.,
    2.094395102393,4.188790204786,6.28318530718,8.377580409573),
.UNSPECIFIED.) CURVE() GEOMETRIC_REPRESENTATION_ITEM() 
RATIONAL_B_SPLINE_CURVE((1.,0.5,1.,0.5,1.,0.5,1.)) REPRESENTATION_ITEM(
  '') );
#17119 = CARTESIAN_POINT('',(225.722634,-43.738704));
#17120 = CARTESIAN_POINT('',(224.24883196784,-43.738704));
#17121 = CARTESIAN_POINT('',(224.98573298392,-42.462354));
#17122 = CARTESIAN_POINT('',(225.722634,-41.186004));
#17123 = CARTESIAN_POINT('',(226.45953501608,-42.462354));
#17124 = CARTESIAN_POINT('',(227.19643603216,-43.738704));
#17125 = CARTESIAN_POINT('',(225.722634,-43.738704));
#17126 = ( GEOMETRIC_REPRESENTATION_CONTEXT(2) 
PARAMETRIC_REPRESENTATION_CONTEXT() REPRESENTATION_CONTEXT('2D SPACE',''
  ) );
#17127 = ADVANCED_FACE('',(#17128),#6679,.F.);
#17128 = FACE_BOUND('',#17129,.F.);
#17129 = EDGE_LOOP('',(#17130,#17153,#17154,#17155));
#17130 = ORIENTED_EDGE('',*,*,#17131,.T.);
#17131 = EDGE_CURVE('',#17132,#6659,#17134,.T.);
#17132 = VERTEX_POINT('',#17133);
#17133 = CARTESIAN_POINT('',(225.736294,-39.173803,0.));
#17134 = SEAM_CURVE('',#17135,(#17139,#17146),.PCURVE_S1.);
#17135 = LINE('',#17136,#17137);
#17136 = CARTESIAN_POINT('',(225.736294,-39.173803,-4.6E-02));
#17137 = VECTOR('',#17138,1.);
#17138 = DIRECTION('',(0.,0.,1.));
#17139 = PCURVE('',#6679,#17140);
#17140 = DEFINITIONAL_REPRESENTATION('',(#17141),#17145);
#17141 = LINE('',#17142,#17143);
#17142 = CARTESIAN_POINT('',(0.,0.));
#17143 = VECTOR('',#17144,1.);
#17144 = DIRECTION('',(0.,-1.));
#17145 = ( GEOMETRIC_REPRESENTATION_CONTEXT(2) 
PARAMETRIC_REPRESENTATION_CONTEXT() REPRESENTATION_CONTEXT('2D SPACE',''
  ) );
#17146 = PCURVE('',#6679,#17147);
#17147 = DEFINITIONAL_REPRESENTATION('',(#17148),#17152);
#17148 = LINE('',#17149,#17150);
#17149 = CARTESIAN_POINT('',(6.28318530718,0.));
#17150 = VECTOR('',#17151,1.);
#17151 = DIRECTION('',(0.,-1.));
#17152 = ( GEOMETRIC_REPRESENTATION_CONTEXT(2) 
PARAMETRIC_REPRESENTATION_CONTEXT() REPRESENTATION_CONTEXT('2D SPACE',''
  ) );
#17153 = ORIENTED_EDGE('',*,*,#6658,.T.);
#17154 = ORIENTED_EDGE('',*,*,#17131,.F.);
#17155 = ORIENTED_EDGE('',*,*,#17156,.F.);
#17156 = EDGE_CURVE('',#17132,#17132,#17157,.T.);
#17157 = SURFACE_CURVE('',#17158,(#17163,#17170),.PCURVE_S1.);
#17158 = CIRCLE('',#17159,0.4953);
#17159 = AXIS2_PLACEMENT_3D('',#17160,#17161,#17162);
#17160 = CARTESIAN_POINT('',(225.736294,-38.678503,0.));
#17161 = DIRECTION('',(-0.,-0.,-1.));
#17162 = DIRECTION('',(0.,-1.,0.));
#17163 = PCURVE('',#6679,#17164);
#17164 = DEFINITIONAL_REPRESENTATION('',(#17165),#17169);
#17165 = LINE('',#17166,#17167);
#17166 = CARTESIAN_POINT('',(0.,-4.6E-02));
#17167 = VECTOR('',#17168,1.);
#17168 = DIRECTION('',(1.,0.));
#17169 = ( GEOMETRIC_REPRESENTATION_CONTEXT(2) 
PARAMETRIC_REPRESENTATION_CONTEXT() REPRESENTATION_CONTEXT('2D SPACE',''
  ) );
#17170 = PCURVE('',#6733,#17171);
#17171 = DEFINITIONAL_REPRESENTATION('',(#17172),#17180);
#17172 = ( BOUNDED_CURVE() B_SPLINE_CURVE(2,(#17173,#17174,#17175,#17176
    ,#17177,#17178,#17179),.UNSPECIFIED.,.T.,.F.) 
B_SPLINE_CURVE_WITH_KNOTS((1,2,2,2,2,1),(-2.094395102393,0.,
    2.094395102393,4.188790204786,6.28318530718,8.377580409573),
.UNSPECIFIED.) CURVE() GEOMETRIC_REPRESENTATION_ITEM() 
RATIONAL_B_SPLINE_CURVE((1.,0.5,1.,0.5,1.,0.5,1.)) REPRESENTATION_ITEM(
  '') );
#17173 = CARTESIAN_POINT('',(225.736294,-39.173803));
#17174 = CARTESIAN_POINT('',(224.87840923501,-39.173803));
#17175 = CARTESIAN_POINT('',(225.3073516175,-38.430853));
#17176 = CARTESIAN_POINT('',(225.736294,-37.687903));
#17177 = CARTESIAN_POINT('',(226.16523638249,-38.430853));
#17178 = CARTESIAN_POINT('',(226.59417876498,-39.173803));
#17179 = CARTESIAN_POINT('',(225.736294,-39.173803));
#17180 = ( GEOMETRIC_REPRESENTATION_CONTEXT(2) 
PARAMETRIC_REPRESENTATION_CONTEXT() REPRESENTATION_CONTEXT('2D SPACE',''
  ) );
#17181 = ADVANCED_FACE('',(#17182,#17216,#17219,#17222,#17225,#17228,
    #17231,#17234,#17237,#17240,#17243,#17246,#17249,#17252,#17258,
    #17261,#17264,#17267,#17273,#17276,#17282,#17288,#17291,#17294,
    #17297,#17300,#17303,#17306,#17309,#17312,#17315,#17318,#17321,
    #17324,#17327,#17330,#17333,#17336,#17339,#17342,#17345,#17348,
    #17351,#17354,#17357,#17360,#17363,#17366,#17369,#17372,#17375,
    #17378,#17381,#17384,#17387,#17390,#17393,#17396,#17399,#17402,
    #17405,#17408,#17411,#17414,#17417,#17420,#17423,#17426,#17429,
    #17432,#17435,#17438,#17441,#17444,#17447,#17450,#17453,#17456,
    #17459,#17462,#17465,#17468,#17471,#17474,#17477,#17480,#17483,
    #17486,#17489,#17492,#17495,#17498,#17501,#17504,#17507,#17510,
    #17513,#17516,#17519,#17522,#17525,#17528,#17531,#17534,#17537,
    #17540,#17543,#17546,#17549,#17552,#17555,#17558,#17561,#17564,
    #17567,#17570,#17573,#17576,#17579,#17582,#17585,#17588,#17591,
    #17594,#17597,#17600,#17603,#17606,#17609,#17612,#17615,#17618,
    #17621,#17624,#17627,#17630,#17633,#17636,#17639,#17642,#17645,
    #17648,#17651,#17654,#17657,#17660,#17663,#17666,#17669,#17672,
    #17675,#17678,#17681,#17684),#6733,.F.);
#17182 = FACE_BOUND('',#17183,.F.);
#17183 = EDGE_LOOP('',(#17184,#17185,#17186,#17187,#17188,#17189,#17190,
    #17191,#17192,#17193,#17194,#17195,#17196,#17197,#17198,#17199,
    #17200,#17201,#17202,#17203,#17204,#17205,#17206,#17207,#17208,
    #17209,#17210,#17211,#17212,#17213,#17214,#17215));
#17184 = ORIENTED_EDGE('',*,*,#6716,.T.);
#17185 = ORIENTED_EDGE('',*,*,#8292,.F.);
#17186 = ORIENTED_EDGE('',*,*,#8238,.T.);
#17187 = ORIENTED_EDGE('',*,*,#8189,.F.);
#17188 = ORIENTED_EDGE('',*,*,#8165,.F.);
#17189 = ORIENTED_EDGE('',*,*,#8091,.F.);
#17190 = ORIENTED_EDGE('',*,*,#8040,.T.);
#17191 = ORIENTED_EDGE('',*,*,#7995,.F.);
#17192 = ORIENTED_EDGE('',*,*,#7941,.T.);
#17193 = ORIENTED_EDGE('',*,*,#7892,.F.);
#17194 = ORIENTED_EDGE('',*,*,#7868,.T.);
#17195 = ORIENTED_EDGE('',*,*,#7814,.F.);
#17196 = ORIENTED_EDGE('',*,*,#7765,.F.);
#17197 = ORIENTED_EDGE('',*,*,#7711,.F.);
#17198 = ORIENTED_EDGE('',*,*,#7662,.F.);
#17199 = ORIENTED_EDGE('',*,*,#7587,.F.);
#17200 = ORIENTED_EDGE('',*,*,#7563,.F.);
#17201 = ORIENTED_EDGE('',*,*,#7509,.F.);
#17202 = ORIENTED_EDGE('',*,*,#7460,.F.);
#17203 = ORIENTED_EDGE('',*,*,#7406,.F.);
#17204 = ORIENTED_EDGE('',*,*,#7357,.F.);
#17205 = ORIENTED_EDGE('',*,*,#7303,.F.);
#17206 = ORIENTED_EDGE('',*,*,#7254,.F.);
#17207 = ORIENTED_EDGE('',*,*,#7200,.F.);
#17208 = ORIENTED_EDGE('',*,*,#7151,.F.);
#17209 = ORIENTED_EDGE('',*,*,#7097,.F.);
#17210 = ORIENTED_EDGE('',*,*,#7048,.F.);
#17211 = ORIENTED_EDGE('',*,*,#6973,.F.);
#17212 = ORIENTED_EDGE('',*,*,#6949,.F.);
#17213 = ORIENTED_EDGE('',*,*,#6895,.F.);
#17214 = ORIENTED_EDGE('',*,*,#6846,.F.);
#17215 = ORIENTED_EDGE('',*,*,#6772,.F.);
#17216 = FACE_BOUND('',#17217,.F.);
#17217 = EDGE_LOOP('',(#17218));
#17218 = ORIENTED_EDGE('',*,*,#8340,.T.);
#17219 = FACE_BOUND('',#17220,.F.);
#17220 = EDGE_LOOP('',(#17221));
#17221 = ORIENTED_EDGE('',*,*,#8394,.T.);
#17222 = FACE_BOUND('',#17223,.F.);
#17223 = EDGE_LOOP('',(#17224));
#17224 = ORIENTED_EDGE('',*,*,#8448,.T.);
#17225 = FACE_BOUND('',#17226,.F.);
#17226 = EDGE_LOOP('',(#17227));
#17227 = ORIENTED_EDGE('',*,*,#8502,.T.);
#17228 = FACE_BOUND('',#17229,.F.);
#17229 = EDGE_LOOP('',(#17230));
#17230 = ORIENTED_EDGE('',*,*,#8556,.T.);
#17231 = FACE_BOUND('',#17232,.F.);
#17232 = EDGE_LOOP('',(#17233));
#17233 = ORIENTED_EDGE('',*,*,#8610,.T.);
#17234 = FACE_BOUND('',#17235,.F.);
#17235 = EDGE_LOOP('',(#17236));
#17236 = ORIENTED_EDGE('',*,*,#8664,.T.);
#17237 = FACE_BOUND('',#17238,.F.);
#17238 = EDGE_LOOP('',(#17239));
#17239 = ORIENTED_EDGE('',*,*,#8718,.T.);
#17240 = FACE_BOUND('',#17241,.F.);
#17241 = EDGE_LOOP('',(#17242));
#17242 = ORIENTED_EDGE('',*,*,#8772,.T.);
#17243 = FACE_BOUND('',#17244,.F.);
#17244 = EDGE_LOOP('',(#17245));
#17245 = ORIENTED_EDGE('',*,*,#8826,.T.);
#17246 = FACE_BOUND('',#17247,.F.);
#17247 = EDGE_LOOP('',(#17248));
#17248 = ORIENTED_EDGE('',*,*,#8880,.T.);
#17249 = FACE_BOUND('',#17250,.F.);
#17250 = EDGE_LOOP('',(#17251));
#17251 = ORIENTED_EDGE('',*,*,#8934,.T.);
#17252 = FACE_BOUND('',#17253,.F.);
#17253 = EDGE_LOOP('',(#17254,#17255,#17256,#17257));
#17254 = ORIENTED_EDGE('',*,*,#9010,.T.);
#17255 = ORIENTED_EDGE('',*,*,#9088,.T.);
#17256 = ORIENTED_EDGE('',*,*,#9140,.T.);
#17257 = ORIENTED_EDGE('',*,*,#9039,.T.);
#17258 = FACE_BOUND('',#17259,.F.);
#17259 = EDGE_LOOP('',(#17260));
#17260 = ORIENTED_EDGE('',*,*,#9194,.T.);
#17261 = FACE_BOUND('',#17262,.F.);
#17262 = EDGE_LOOP('',(#17263));
#17263 = ORIENTED_EDGE('',*,*,#9248,.T.);
#17264 = FACE_BOUND('',#17265,.F.);
#17265 = EDGE_LOOP('',(#17266));
#17266 = ORIENTED_EDGE('',*,*,#9302,.T.);
#17267 = FACE_BOUND('',#17268,.F.);
#17268 = EDGE_LOOP('',(#17269,#17270,#17271,#17272));
#17269 = ORIENTED_EDGE('',*,*,#9378,.T.);
#17270 = ORIENTED_EDGE('',*,*,#9456,.T.);
#17271 = ORIENTED_EDGE('',*,*,#9508,.T.);
#17272 = ORIENTED_EDGE('',*,*,#9407,.T.);
#17273 = FACE_BOUND('',#17274,.F.);
#17274 = EDGE_LOOP('',(#17275));
#17275 = ORIENTED_EDGE('',*,*,#9562,.T.);
#17276 = FACE_BOUND('',#17277,.F.);
#17277 = EDGE_LOOP('',(#17278,#17279,#17280,#17281));
#17278 = ORIENTED_EDGE('',*,*,#9638,.T.);
#17279 = ORIENTED_EDGE('',*,*,#9716,.T.);
#17280 = ORIENTED_EDGE('',*,*,#9768,.T.);
#17281 = ORIENTED_EDGE('',*,*,#9667,.T.);
#17282 = FACE_BOUND('',#17283,.F.);
#17283 = EDGE_LOOP('',(#17284,#17285,#17286,#17287));
#17284 = ORIENTED_EDGE('',*,*,#9844,.T.);
#17285 = ORIENTED_EDGE('',*,*,#9922,.T.);
#17286 = ORIENTED_EDGE('',*,*,#9974,.T.);
#17287 = ORIENTED_EDGE('',*,*,#9873,.T.);
#17288 = FACE_BOUND('',#17289,.F.);
#17289 = EDGE_LOOP('',(#17290));
#17290 = ORIENTED_EDGE('',*,*,#10028,.T.);
#17291 = FACE_BOUND('',#17292,.F.);
#17292 = EDGE_LOOP('',(#17293));
#17293 = ORIENTED_EDGE('',*,*,#10082,.T.);
#17294 = FACE_BOUND('',#17295,.F.);
#17295 = EDGE_LOOP('',(#17296));
#17296 = ORIENTED_EDGE('',*,*,#10136,.T.);
#17297 = FACE_BOUND('',#17298,.F.);
#17298 = EDGE_LOOP('',(#17299));
#17299 = ORIENTED_EDGE('',*,*,#10190,.T.);
#17300 = FACE_BOUND('',#17301,.F.);
#17301 = EDGE_LOOP('',(#17302));
#17302 = ORIENTED_EDGE('',*,*,#10244,.T.);
#17303 = FACE_BOUND('',#17304,.F.);
#17304 = EDGE_LOOP('',(#17305));
#17305 = ORIENTED_EDGE('',*,*,#10298,.T.);
#17306 = FACE_BOUND('',#17307,.F.);
#17307 = EDGE_LOOP('',(#17308));
#17308 = ORIENTED_EDGE('',*,*,#10352,.T.);
#17309 = FACE_BOUND('',#17310,.F.);
#17310 = EDGE_LOOP('',(#17311));
#17311 = ORIENTED_EDGE('',*,*,#10406,.T.);
#17312 = FACE_BOUND('',#17313,.F.);
#17313 = EDGE_LOOP('',(#17314));
#17314 = ORIENTED_EDGE('',*,*,#10460,.T.);
#17315 = FACE_BOUND('',#17316,.F.);
#17316 = EDGE_LOOP('',(#17317));
#17317 = ORIENTED_EDGE('',*,*,#10514,.T.);
#17318 = FACE_BOUND('',#17319,.F.);
#17319 = EDGE_LOOP('',(#17320));
#17320 = ORIENTED_EDGE('',*,*,#10568,.T.);
#17321 = FACE_BOUND('',#17322,.F.);
#17322 = EDGE_LOOP('',(#17323));
#17323 = ORIENTED_EDGE('',*,*,#10622,.T.);
#17324 = FACE_BOUND('',#17325,.F.);
#17325 = EDGE_LOOP('',(#17326));
#17326 = ORIENTED_EDGE('',*,*,#10676,.T.);
#17327 = FACE_BOUND('',#17328,.F.);
#17328 = EDGE_LOOP('',(#17329));
#17329 = ORIENTED_EDGE('',*,*,#10730,.T.);
#17330 = FACE_BOUND('',#17331,.F.);
#17331 = EDGE_LOOP('',(#17332));
#17332 = ORIENTED_EDGE('',*,*,#10784,.T.);
#17333 = FACE_BOUND('',#17334,.F.);
#17334 = EDGE_LOOP('',(#17335));
#17335 = ORIENTED_EDGE('',*,*,#10838,.T.);
#17336 = FACE_BOUND('',#17337,.F.);
#17337 = EDGE_LOOP('',(#17338));
#17338 = ORIENTED_EDGE('',*,*,#10892,.T.);
#17339 = FACE_BOUND('',#17340,.F.);
#17340 = EDGE_LOOP('',(#17341));
#17341 = ORIENTED_EDGE('',*,*,#10946,.T.);
#17342 = FACE_BOUND('',#17343,.F.);
#17343 = EDGE_LOOP('',(#17344));
#17344 = ORIENTED_EDGE('',*,*,#11000,.T.);
#17345 = FACE_BOUND('',#17346,.F.);
#17346 = EDGE_LOOP('',(#17347));
#17347 = ORIENTED_EDGE('',*,*,#11054,.T.);
#17348 = FACE_BOUND('',#17349,.F.);
#17349 = EDGE_LOOP('',(#17350));
#17350 = ORIENTED_EDGE('',*,*,#11108,.T.);
#17351 = FACE_BOUND('',#17352,.F.);
#17352 = EDGE_LOOP('',(#17353));
#17353 = ORIENTED_EDGE('',*,*,#11162,.T.);
#17354 = FACE_BOUND('',#17355,.F.);
#17355 = EDGE_LOOP('',(#17356));
#17356 = ORIENTED_EDGE('',*,*,#11216,.T.);
#17357 = FACE_BOUND('',#17358,.F.);
#17358 = EDGE_LOOP('',(#17359));
#17359 = ORIENTED_EDGE('',*,*,#11270,.T.);
#17360 = FACE_BOUND('',#17361,.F.);
#17361 = EDGE_LOOP('',(#17362));
#17362 = ORIENTED_EDGE('',*,*,#11324,.T.);
#17363 = FACE_BOUND('',#17364,.F.);
#17364 = EDGE_LOOP('',(#17365));
#17365 = ORIENTED_EDGE('',*,*,#11378,.T.);
#17366 = FACE_BOUND('',#17367,.F.);
#17367 = EDGE_LOOP('',(#17368));
#17368 = ORIENTED_EDGE('',*,*,#11432,.T.);
#17369 = FACE_BOUND('',#17370,.F.);
#17370 = EDGE_LOOP('',(#17371));
#17371 = ORIENTED_EDGE('',*,*,#11486,.T.);
#17372 = FACE_BOUND('',#17373,.F.);
#17373 = EDGE_LOOP('',(#17374));
#17374 = ORIENTED_EDGE('',*,*,#11540,.T.);
#17375 = FACE_BOUND('',#17376,.F.);
#17376 = EDGE_LOOP('',(#17377));
#17377 = ORIENTED_EDGE('',*,*,#11594,.T.);
#17378 = FACE_BOUND('',#17379,.F.);
#17379 = EDGE_LOOP('',(#17380));
#17380 = ORIENTED_EDGE('',*,*,#11648,.T.);
#17381 = FACE_BOUND('',#17382,.F.);
#17382 = EDGE_LOOP('',(#17383));
#17383 = ORIENTED_EDGE('',*,*,#11702,.T.);
#17384 = FACE_BOUND('',#17385,.F.);
#17385 = EDGE_LOOP('',(#17386));
#17386 = ORIENTED_EDGE('',*,*,#11756,.T.);
#17387 = FACE_BOUND('',#17388,.F.);
#17388 = EDGE_LOOP('',(#17389));
#17389 = ORIENTED_EDGE('',*,*,#11810,.T.);
#17390 = FACE_BOUND('',#17391,.F.);
#17391 = EDGE_LOOP('',(#17392));
#17392 = ORIENTED_EDGE('',*,*,#11864,.T.);
#17393 = FACE_BOUND('',#17394,.F.);
#17394 = EDGE_LOOP('',(#17395));
#17395 = ORIENTED_EDGE('',*,*,#11918,.T.);
#17396 = FACE_BOUND('',#17397,.F.);
#17397 = EDGE_LOOP('',(#17398));
#17398 = ORIENTED_EDGE('',*,*,#11972,.T.);
#17399 = FACE_BOUND('',#17400,.F.);
#17400 = EDGE_LOOP('',(#17401));
#17401 = ORIENTED_EDGE('',*,*,#12026,.T.);
#17402 = FACE_BOUND('',#17403,.F.);
#17403 = EDGE_LOOP('',(#17404));
#17404 = ORIENTED_EDGE('',*,*,#12080,.T.);
#17405 = FACE_BOUND('',#17406,.F.);
#17406 = EDGE_LOOP('',(#17407));
#17407 = ORIENTED_EDGE('',*,*,#12134,.T.);
#17408 = FACE_BOUND('',#17409,.F.);
#17409 = EDGE_LOOP('',(#17410));
#17410 = ORIENTED_EDGE('',*,*,#12188,.T.);
#17411 = FACE_BOUND('',#17412,.F.);
#17412 = EDGE_LOOP('',(#17413));
#17413 = ORIENTED_EDGE('',*,*,#12242,.T.);
#17414 = FACE_BOUND('',#17415,.F.);
#17415 = EDGE_LOOP('',(#17416));
#17416 = ORIENTED_EDGE('',*,*,#12296,.T.);
#17417 = FACE_BOUND('',#17418,.F.);
#17418 = EDGE_LOOP('',(#17419));
#17419 = ORIENTED_EDGE('',*,*,#12350,.T.);
#17420 = FACE_BOUND('',#17421,.F.);
#17421 = EDGE_LOOP('',(#17422));
#17422 = ORIENTED_EDGE('',*,*,#12404,.T.);
#17423 = FACE_BOUND('',#17424,.F.);
#17424 = EDGE_LOOP('',(#17425));
#17425 = ORIENTED_EDGE('',*,*,#12458,.T.);
#17426 = FACE_BOUND('',#17427,.F.);
#17427 = EDGE_LOOP('',(#17428));
#17428 = ORIENTED_EDGE('',*,*,#12512,.T.);
#17429 = FACE_BOUND('',#17430,.F.);
#17430 = EDGE_LOOP('',(#17431));
#17431 = ORIENTED_EDGE('',*,*,#12566,.T.);
#17432 = FACE_BOUND('',#17433,.F.);
#17433 = EDGE_LOOP('',(#17434));
#17434 = ORIENTED_EDGE('',*,*,#12620,.T.);
#17435 = FACE_BOUND('',#17436,.F.);
#17436 = EDGE_LOOP('',(#17437));
#17437 = ORIENTED_EDGE('',*,*,#12674,.T.);
#17438 = FACE_BOUND('',#17439,.F.);
#17439 = EDGE_LOOP('',(#17440));
#17440 = ORIENTED_EDGE('',*,*,#12728,.T.);
#17441 = FACE_BOUND('',#17442,.F.);
#17442 = EDGE_LOOP('',(#17443));
#17443 = ORIENTED_EDGE('',*,*,#12782,.T.);
#17444 = FACE_BOUND('',#17445,.F.);
#17445 = EDGE_LOOP('',(#17446));
#17446 = ORIENTED_EDGE('',*,*,#12836,.T.);
#17447 = FACE_BOUND('',#17448,.F.);
#17448 = EDGE_LOOP('',(#17449));
#17449 = ORIENTED_EDGE('',*,*,#12890,.T.);
#17450 = FACE_BOUND('',#17451,.F.);
#17451 = EDGE_LOOP('',(#17452));
#17452 = ORIENTED_EDGE('',*,*,#12944,.T.);
#17453 = FACE_BOUND('',#17454,.F.);
#17454 = EDGE_LOOP('',(#17455));
#17455 = ORIENTED_EDGE('',*,*,#12998,.T.);
#17456 = FACE_BOUND('',#17457,.F.);
#17457 = EDGE_LOOP('',(#17458));
#17458 = ORIENTED_EDGE('',*,*,#13052,.T.);
#17459 = FACE_BOUND('',#17460,.F.);
#17460 = EDGE_LOOP('',(#17461));
#17461 = ORIENTED_EDGE('',*,*,#13106,.T.);
#17462 = FACE_BOUND('',#17463,.F.);
#17463 = EDGE_LOOP('',(#17464));
#17464 = ORIENTED_EDGE('',*,*,#13160,.T.);
#17465 = FACE_BOUND('',#17466,.F.);
#17466 = EDGE_LOOP('',(#17467));
#17467 = ORIENTED_EDGE('',*,*,#13214,.T.);
#17468 = FACE_BOUND('',#17469,.F.);
#17469 = EDGE_LOOP('',(#17470));
#17470 = ORIENTED_EDGE('',*,*,#13268,.T.);
#17471 = FACE_BOUND('',#17472,.F.);
#17472 = EDGE_LOOP('',(#17473));
#17473 = ORIENTED_EDGE('',*,*,#13322,.T.);
#17474 = FACE_BOUND('',#17475,.F.);
#17475 = EDGE_LOOP('',(#17476));
#17476 = ORIENTED_EDGE('',*,*,#13376,.T.);
#17477 = FACE_BOUND('',#17478,.F.);
#17478 = EDGE_LOOP('',(#17479));
#17479 = ORIENTED_EDGE('',*,*,#13430,.T.);
#17480 = FACE_BOUND('',#17481,.F.);
#17481 = EDGE_LOOP('',(#17482));
#17482 = ORIENTED_EDGE('',*,*,#13484,.T.);
#17483 = FACE_BOUND('',#17484,.F.);
#17484 = EDGE_LOOP('',(#17485));
#17485 = ORIENTED_EDGE('',*,*,#13538,.T.);
#17486 = FACE_BOUND('',#17487,.F.);
#17487 = EDGE_LOOP('',(#17488));
#17488 = ORIENTED_EDGE('',*,*,#13592,.T.);
#17489 = FACE_BOUND('',#17490,.F.);
#17490 = EDGE_LOOP('',(#17491));
#17491 = ORIENTED_EDGE('',*,*,#13646,.T.);
#17492 = FACE_BOUND('',#17493,.F.);
#17493 = EDGE_LOOP('',(#17494));
#17494 = ORIENTED_EDGE('',*,*,#13700,.T.);
#17495 = FACE_BOUND('',#17496,.F.);
#17496 = EDGE_LOOP('',(#17497));
#17497 = ORIENTED_EDGE('',*,*,#13754,.T.);
#17498 = FACE_BOUND('',#17499,.F.);
#17499 = EDGE_LOOP('',(#17500));
#17500 = ORIENTED_EDGE('',*,*,#13808,.T.);
#17501 = FACE_BOUND('',#17502,.F.);
#17502 = EDGE_LOOP('',(#17503));
#17503 = ORIENTED_EDGE('',*,*,#13862,.T.);
#17504 = FACE_BOUND('',#17505,.F.);
#17505 = EDGE_LOOP('',(#17506));
#17506 = ORIENTED_EDGE('',*,*,#13916,.T.);
#17507 = FACE_BOUND('',#17508,.F.);
#17508 = EDGE_LOOP('',(#17509));
#17509 = ORIENTED_EDGE('',*,*,#13970,.T.);
#17510 = FACE_BOUND('',#17511,.F.);
#17511 = EDGE_LOOP('',(#17512));
#17512 = ORIENTED_EDGE('',*,*,#14024,.T.);
#17513 = FACE_BOUND('',#17514,.F.);
#17514 = EDGE_LOOP('',(#17515));
#17515 = ORIENTED_EDGE('',*,*,#14078,.T.);
#17516 = FACE_BOUND('',#17517,.F.);
#17517 = EDGE_LOOP('',(#17518));
#17518 = ORIENTED_EDGE('',*,*,#14132,.T.);
#17519 = FACE_BOUND('',#17520,.F.);
#17520 = EDGE_LOOP('',(#17521));
#17521 = ORIENTED_EDGE('',*,*,#14186,.T.);
#17522 = FACE_BOUND('',#17523,.F.);
#17523 = EDGE_LOOP('',(#17524));
#17524 = ORIENTED_EDGE('',*,*,#14240,.T.);
#17525 = FACE_BOUND('',#17526,.F.);
#17526 = EDGE_LOOP('',(#17527));
#17527 = ORIENTED_EDGE('',*,*,#14294,.T.);
#17528 = FACE_BOUND('',#17529,.F.);
#17529 = EDGE_LOOP('',(#17530));
#17530 = ORIENTED_EDGE('',*,*,#14348,.T.);
#17531 = FACE_BOUND('',#17532,.F.);
#17532 = EDGE_LOOP('',(#17533));
#17533 = ORIENTED_EDGE('',*,*,#14402,.T.);
#17534 = FACE_BOUND('',#17535,.F.);
#17535 = EDGE_LOOP('',(#17536));
#17536 = ORIENTED_EDGE('',*,*,#14456,.T.);
#17537 = FACE_BOUND('',#17538,.F.);
#17538 = EDGE_LOOP('',(#17539));
#17539 = ORIENTED_EDGE('',*,*,#14510,.T.);
#17540 = FACE_BOUND('',#17541,.F.);
#17541 = EDGE_LOOP('',(#17542));
#17542 = ORIENTED_EDGE('',*,*,#14564,.T.);
#17543 = FACE_BOUND('',#17544,.F.);
#17544 = EDGE_LOOP('',(#17545));
#17545 = ORIENTED_EDGE('',*,*,#14618,.T.);
#17546 = FACE_BOUND('',#17547,.F.);
#17547 = EDGE_LOOP('',(#17548));
#17548 = ORIENTED_EDGE('',*,*,#14672,.T.);
#17549 = FACE_BOUND('',#17550,.F.);
#17550 = EDGE_LOOP('',(#17551));
#17551 = ORIENTED_EDGE('',*,*,#14726,.T.);
#17552 = FACE_BOUND('',#17553,.F.);
#17553 = EDGE_LOOP('',(#17554));
#17554 = ORIENTED_EDGE('',*,*,#14780,.T.);
#17555 = FACE_BOUND('',#17556,.F.);
#17556 = EDGE_LOOP('',(#17557));
#17557 = ORIENTED_EDGE('',*,*,#14834,.T.);
#17558 = FACE_BOUND('',#17559,.F.);
#17559 = EDGE_LOOP('',(#17560));
#17560 = ORIENTED_EDGE('',*,*,#14888,.T.);
#17561 = FACE_BOUND('',#17562,.F.);
#17562 = EDGE_LOOP('',(#17563));
#17563 = ORIENTED_EDGE('',*,*,#14942,.T.);
#17564 = FACE_BOUND('',#17565,.F.);
#17565 = EDGE_LOOP('',(#17566));
#17566 = ORIENTED_EDGE('',*,*,#14996,.T.);
#17567 = FACE_BOUND('',#17568,.F.);
#17568 = EDGE_LOOP('',(#17569));
#17569 = ORIENTED_EDGE('',*,*,#15050,.T.);
#17570 = FACE_BOUND('',#17571,.F.);
#17571 = EDGE_LOOP('',(#17572));
#17572 = ORIENTED_EDGE('',*,*,#15104,.T.);
#17573 = FACE_BOUND('',#17574,.F.);
#17574 = EDGE_LOOP('',(#17575));
#17575 = ORIENTED_EDGE('',*,*,#15158,.T.);
#17576 = FACE_BOUND('',#17577,.F.);
#17577 = EDGE_LOOP('',(#17578));
#17578 = ORIENTED_EDGE('',*,*,#15212,.T.);
#17579 = FACE_BOUND('',#17580,.F.);
#17580 = EDGE_LOOP('',(#17581));
#17581 = ORIENTED_EDGE('',*,*,#15266,.T.);
#17582 = FACE_BOUND('',#17583,.F.);
#17583 = EDGE_LOOP('',(#17584));
#17584 = ORIENTED_EDGE('',*,*,#15320,.T.);
#17585 = FACE_BOUND('',#17586,.F.);
#17586 = EDGE_LOOP('',(#17587));
#17587 = ORIENTED_EDGE('',*,*,#15374,.T.);
#17588 = FACE_BOUND('',#17589,.F.);
#17589 = EDGE_LOOP('',(#17590));
#17590 = ORIENTED_EDGE('',*,*,#15428,.T.);
#17591 = FACE_BOUND('',#17592,.F.);
#17592 = EDGE_LOOP('',(#17593));
#17593 = ORIENTED_EDGE('',*,*,#15482,.T.);
#17594 = FACE_BOUND('',#17595,.F.);
#17595 = EDGE_LOOP('',(#17596));
#17596 = ORIENTED_EDGE('',*,*,#15536,.T.);
#17597 = FACE_BOUND('',#17598,.F.);
#17598 = EDGE_LOOP('',(#17599));
#17599 = ORIENTED_EDGE('',*,*,#15590,.T.);
#17600 = FACE_BOUND('',#17601,.F.);
#17601 = EDGE_LOOP('',(#17602));
#17602 = ORIENTED_EDGE('',*,*,#15644,.T.);
#17603 = FACE_BOUND('',#17604,.F.);
#17604 = EDGE_LOOP('',(#17605));
#17605 = ORIENTED_EDGE('',*,*,#15698,.T.);
#17606 = FACE_BOUND('',#17607,.F.);
#17607 = EDGE_LOOP('',(#17608));
#17608 = ORIENTED_EDGE('',*,*,#15752,.T.);
#17609 = FACE_BOUND('',#17610,.F.);
#17610 = EDGE_LOOP('',(#17611));
#17611 = ORIENTED_EDGE('',*,*,#15806,.T.);
#17612 = FACE_BOUND('',#17613,.F.);
#17613 = EDGE_LOOP('',(#17614));
#17614 = ORIENTED_EDGE('',*,*,#15860,.T.);
#17615 = FACE_BOUND('',#17616,.F.);
#17616 = EDGE_LOOP('',(#17617));
#17617 = ORIENTED_EDGE('',*,*,#15914,.T.);
#17618 = FACE_BOUND('',#17619,.F.);
#17619 = EDGE_LOOP('',(#17620));
#17620 = ORIENTED_EDGE('',*,*,#15968,.T.);
#17621 = FACE_BOUND('',#17622,.F.);
#17622 = EDGE_LOOP('',(#17623));
#17623 = ORIENTED_EDGE('',*,*,#16022,.T.);
#17624 = FACE_BOUND('',#17625,.F.);
#17625 = EDGE_LOOP('',(#17626));
#17626 = ORIENTED_EDGE('',*,*,#16076,.T.);
#17627 = FACE_BOUND('',#17628,.F.);
#17628 = EDGE_LOOP('',(#17629));
#17629 = ORIENTED_EDGE('',*,*,#16130,.T.);
#17630 = FACE_BOUND('',#17631,.F.);
#17631 = EDGE_LOOP('',(#17632));
#17632 = ORIENTED_EDGE('',*,*,#16184,.T.);
#17633 = FACE_BOUND('',#17634,.F.);
#17634 = EDGE_LOOP('',(#17635));
#17635 = ORIENTED_EDGE('',*,*,#16238,.T.);
#17636 = FACE_BOUND('',#17637,.F.);
#17637 = EDGE_LOOP('',(#17638));
#17638 = ORIENTED_EDGE('',*,*,#16292,.T.);
#17639 = FACE_BOUND('',#17640,.F.);
#17640 = EDGE_LOOP('',(#17641));
#17641 = ORIENTED_EDGE('',*,*,#16346,.T.);
#17642 = FACE_BOUND('',#17643,.F.);
#17643 = EDGE_LOOP('',(#17644));
#17644 = ORIENTED_EDGE('',*,*,#16400,.T.);
#17645 = FACE_BOUND('',#17646,.F.);
#17646 = EDGE_LOOP('',(#17647));
#17647 = ORIENTED_EDGE('',*,*,#16454,.T.);
#17648 = FACE_BOUND('',#17649,.F.);
#17649 = EDGE_LOOP('',(#17650));
#17650 = ORIENTED_EDGE('',*,*,#16508,.T.);
#17651 = FACE_BOUND('',#17652,.F.);
#17652 = EDGE_LOOP('',(#17653));
#17653 = ORIENTED_EDGE('',*,*,#16562,.T.);
#17654 = FACE_BOUND('',#17655,.F.);
#17655 = EDGE_LOOP('',(#17656));
#17656 = ORIENTED_EDGE('',*,*,#16616,.T.);
#17657 = FACE_BOUND('',#17658,.F.);
#17658 = EDGE_LOOP('',(#17659));
#17659 = ORIENTED_EDGE('',*,*,#16670,.T.);
#17660 = FACE_BOUND('',#17661,.F.);
#17661 = EDGE_LOOP('',(#17662));
#17662 = ORIENTED_EDGE('',*,*,#16724,.T.);
#17663 = FACE_BOUND('',#17664,.F.);
#17664 = EDGE_LOOP('',(#17665));
#17665 = ORIENTED_EDGE('',*,*,#16778,.T.);
#17666 = FACE_BOUND('',#17667,.F.);
#17667 = EDGE_LOOP('',(#17668));
#17668 = ORIENTED_EDGE('',*,*,#16832,.T.);
#17669 = FACE_BOUND('',#17670,.F.);
#17670 = EDGE_LOOP('',(#17671));
#17671 = ORIENTED_EDGE('',*,*,#16886,.T.);
#17672 = FACE_BOUND('',#17673,.F.);
#17673 = EDGE_LOOP('',(#17674));
#17674 = ORIENTED_EDGE('',*,*,#16940,.T.);
#17675 = FACE_BOUND('',#17676,.F.);
#17676 = EDGE_LOOP('',(#17677));
#17677 = ORIENTED_EDGE('',*,*,#16994,.T.);
#17678 = FACE_BOUND('',#17679,.F.);
#17679 = EDGE_LOOP('',(#17680));
#17680 = ORIENTED_EDGE('',*,*,#17048,.T.);
#17681 = FACE_BOUND('',#17682,.F.);
#17682 = EDGE_LOOP('',(#17683));
#17683 = ORIENTED_EDGE('',*,*,#17102,.T.);
#17684 = FACE_BOUND('',#17685,.F.);
#17685 = EDGE_LOOP('',(#17686));
#17686 = ORIENTED_EDGE('',*,*,#17156,.T.);
#17687 = ( GEOMETRIC_REPRESENTATION_CONTEXT(3) 
GLOBAL_UNCERTAINTY_ASSIGNED_CONTEXT((#17691)) 
GLOBAL_UNIT_ASSIGNED_CONTEXT((#17688,#17689,#17690)) 
REPRESENTATION_CONTEXT('Context #1',
  '3D Context with UNIT and UNCERTAINTY') );
#17688 = ( LENGTH_UNIT() NAMED_UNIT(*) SI_UNIT(.MILLI.,.METRE.) );
#17689 = ( NAMED_UNIT(*) PLANE_ANGLE_UNIT() SI_UNIT($,.RADIAN.) );
#17690 = ( NAMED_UNIT(*) SI_UNIT($,.STERADIAN.) SOLID_ANGLE_UNIT() );
#17691 = UNCERTAINTY_MEASURE_WITH_UNIT(LENGTH_MEASURE(1.E-07),#17688,
  'distance_accuracy_value','confusion accuracy');
#17692 = PRODUCT_RELATED_PRODUCT_CATEGORY('part',$,(#7));
ENDSEC;
END-ISO-10303-21;
